mutant,carp_640M_score,DMS_score
A2D,-5.981935501098633,-7.840211787
A2Y,-9.033918380737305,-7.178780934
A2W,-9.911615371704102,-5.469024305
A2V,-4.057258605957031,-6.26823399
A2T,-3.784871816635132,-9.346828246
A2S,-2.9759294986724854,-8.316191138999999
A2R,-6.956916332244873,-7.49789828
A2Q,-5.92903470993042,-6.1877150610000005
A2P,-4.058362007141113,-8.520877255
A2E,-4.26035213470459,-5.301858456000001
A2M,-4.6776933670043945,-9.040218283
A2L,-6.005783557891846,-5.090276049
A2K,-6.713487148284912,-4.275350308999999
A2I,-7.3700761795043945,-4.757752977
A2H,-8.023506164550781,-7.744501549
A2G,-3.8968911170959473,-8.598135821
A2F,-8.217852592468262,-6.801270462000001
A2N,-5.1726837158203125,-5.512036564
A3W,-9.095329284667969,-8.297184981000001
A3V,-3.489180564880371,-8.532271064
A3T,-2.6143617630004883,-8.635144492
A3S,-2.4889557361602783,-8.716534849
A3R,-5.396730899810791,-8.947620536
A3Q,-5.058394432067871,-7.009818948
A3P,-3.3725404739379883,-6.854808305
A3N,-5.849076271057129,-6.633070973
A3H,-6.498324394226074,-6.953776453
A3K,-5.908637046813965,-7.524814817999999
A3I,-6.389206886291504,-5.857883328
A3G,-3.1468772888183594,-6.515143805
A3F,-8.121288299560547,-7.272521117
A3E,-3.7797889709472656,-7.4196911939999985
A3D,-4.876650333404541,-8.662323908
A3Y,-7.89129638671875,-7.395673565
A3L,-5.324151039123535,-7.883874325
A3C,-7.914984703063965,-8.093433287
A3M,-4.555665969848633,-7.771502569
A4N,-5.3163909912109375,-6.504380007999999
A4Y,-8.775383949279785,-6.394930838
A4W,-9.166440963745117,-7.172130482999999
A4V,-3.3134045600891113,-8.297530101
A4T,-3.615710735321045,-8.48976379
A4S,-3.409954786300659,-8.567433022000001
A4Q,-4.841752052307129,-8.199970501000001
A4P,-3.511462450027466,-6.132757299
A4M,-4.396481037139893,-7.789367436
A4R,-5.000879287719727,-8.543865367
A4K,-5.802515029907227,-6.960449818
A4L,-5.027499198913574,-8.378527847
A4D,-5.748001575469971,-7.825848507999999
A4E,-4.566727161407471,-4.86700485
A4F,-7.925122261047363,-5.973978214
A4C,-7.859369277954102,-5.52921448
A4H,-6.748648166656494,-6.8173826
A4I,-6.101513862609863,-6.4506987
A4G,-3.1994435787200928,-7.658298006
A5K,-4.191287517547607,-7.676824565
A5C,-7.761999607086182,-8.152332129
A5D,-4.937840461730957,-7.979876077
A5E,-3.814518690109253,-7.918898037999999
A5F,-7.059417724609375,-4.486409538
A5G,-2.0541329383850098,-7.3826843160000015
A5H,-6.05028772354126,-7.451489952999999
A5I,-4.331662178039551,-6.847418337000001
A5L,-4.32933235168457,-8.754905335
A5M,-3.214486837387085,-7.764964735
A5N,-4.275442123413086,-6.541264314
A5W,-8.396584510803223,-8.191241429
A5V,-2.189162254333496,-8.431230456
A5T,-2.885497808456421,-8.658199539
A5Y,-7.456542015075684,-6.219917124
A5R,-3.9819724559783936,-8.593816612000001
A5Q,-4.2970805168151855,-8.493884953
A5P,-2.9773783683776855,-6.915495886
A5S,-3.0743536949157715,-8.917563982
A6N,-4.011881351470947,-6.004082634
A6W,-9.323698043823242,-7.7516823010000016
A6V,-3.001793146133423,-8.129633652
A6T,-2.8543219566345215,-8.81429677
A6S,-3.016347646713257,-8.763678569
A6R,-4.819908142089844,-8.422926942
A6Q,-4.544017314910889,-8.204620853
A6P,-3.147848129272461,-7.320974975
A6M,-4.853063583374023,-8.171205211
A6Y,-8.298785209655762,-6.437955937000001
A6C,-6.892866134643555,-7.088121363
A6K,-4.813823223114014,-7.153521204
A6I,-6.1407294273376465,-7.669825062999999
A6H,-6.460497856140137,-7.127526905
A6G,-1.138878345489502,-7.857598477000001
A6F,-7.98151159286499,-5.416916927000001
A6E,-5.33569860458374,-7.467837333999999
A6D,-6.244236946105957,-8.38351093
A6L,-5.159551620483398,-8.659206331
A7R,-2.525369644165039,-8.454087292999999
A7T,-2.5553860664367676,-8.034175216
A7C,-5.759727478027344,-7.968122229
A7W,-7.344921588897705,-7.42512142
A7Y,-6.173407554626465,-7.106352195
A7Q,-3.1185317039489746,-8.892863688
A7V,-2.7732248306274414,-7.309195415
A7P,-1.2239938974380493,-7.19105195
A7S,-2.342243194580078,-8.824187589
A7I,-4.984697341918945,-7.378541137999999
A7N,-2.7074999809265137,-6.674974223
A7F,-6.155052185058594,-7.7952478539999985
A7G,-0.9753415584564209,-7.747670621
A7H,-4.218667984008789,-7.59771346
A7E,-3.670891761779785,-7.062250271
A7K,-3.3502039909362793,-6.522573099
A7L,-3.746382236480713,-8.727212015
A7M,-3.874995231628418,-7.259507556
A7D,-3.913132667541504,-8.418536608
G8N,-2.3581907749176025,-6.826369434
G8V,-1.826237440109253,-11.21056061
G8T,-0.9762048721313477,-7.232029822999999
G8S,-1.8116788864135742,-7.745597182000001
G8R,-1.3674068450927734,-8.159421193
G8Q,-2.3460466861724854,-8.372957321
G8P,-1.0484726428985596,-7.921206432999999
G8M,-3.0613534450531006,-6.387721917
G8W,-7.414119720458984,-7.210766793999999
G8K,-1.280066728591919,-8.11492971
G8I,-4.356895446777344,-7.166287156
G8H,-4.16956901550293,-7.5390842
G8E,-3.119725465774536,-8.692131672999999
G8D,-4.316066741943359,-6.295494832
G8C,-5.263323783874512,-7.268309782
G8A,1.5166125297546387,-7.636806616
G8L,-3.8590052127838135,-8.289554912
G8F,-6.067045211791992,-7.542629276
G8Y,-6.544271469116211,-7.748223511
A9D,-2.4984192848205566,-8.01512596
A9F,-4.510138511657715,-6.3710817
A9G,0.4375607967376709,-8.284906172000001
A9H,-2.625349998474121,-7.04786685
A9I,-4.64554500579834,-7.0035720470000005
A9K,-1.9066673517227173,-7.015105142
A9L,-2.6592001914978027,-7.232227468
A9M,-2.915344715118408,-6.611133303
A9E,-2.2680444717407227,-7.282361831
A9N,-2.608400821685791,-5.89272334
A9Q,-1.640320897102356,-8.275277801
A9R,-1.5139814615249634,-8.295981136
A9S,-0.5458084344863892,-8.549852693
A9T,-1.8505655527114868,-7.885570257999999
A9V,-2.1446423530578613,-7.555587078999999
A9W,-6.1391801834106445,-6.428095645
A9Y,-5.030957221984863,-7.474664187999999
A9P,-0.4925585985183716,-7.37257293
A9C,-4.091916084289551,-5.276525706
G10Y,-4.643574237823486,-8.034808951
G10V,-1.3201463222503662,-10.56190002
G10A,0.2988715171813965,-7.90975747
G10C,-4.842278480529785,-8.083156612
G10D,-3.013782024383545,-7.47173785
G10E,-2.41792893409729,-8.268753946
G10F,-4.611767768859863,-7.93367664
G10H,-2.594592571258545,-7.157042305
G10I,-3.7071194648742676,-7.824742027
G10W,-5.824676990509033,-10.25025287
G10K,-2.396136999130249,-8.031010913
G10M,-3.2154979705810547,-7.962490043
G10N,-2.5925631523132324,-7.288196404
G10P,-0.9691054821014404,-7.334855777
G10Q,-1.4929447174072266,-7.942224713
G10R,-1.6241798400878906,-9.478762257
G10S,-1.4875478744506836,-7.545614682
G10T,-1.6762738227844238,-7.563297075
G10L,-2.340546131134033,-8.660689428
P11W,-4.5478057861328125,-8.541643487
P11V,0.8135795593261719,-8.408056472
P11L,-1.1311676502227783,-9.433131556
P11S,-0.020513057708740234,-8.729164431000001
P11R,0.8318562507629395,-8.667032919
P11Q,-0.6058273315429688,-9.723717321
P11N,-2.8018786907196045,-8.164500374
P11M,-0.958411693572998,-9.199602674
P11K,-0.9824600219726562,-8.579640593999999
P11I,-2.6621997356414795,-6.62311147
P11H,-2.621992826461792,-11.01681809
P11G,0.3269994258880615,-8.068586519
P11F,-4.098508834838867,-6.539335886
P11E,-1.8217103481292725,-8.895819558
P11D,-4.479490280151367,-7.899856106
P11C,-2.8913733959198,-8.952331098
P11A,1.707359790802002,-8.751905342
P11T,1.0207643508911133,-9.911544971
P11Y,-4.914910316467285,-7.227630977
E12T,-5.846731185913086,-6.75422706
E12D,-3.6860580444335938,-11.47903971
E12F,-7.595368385314941,-5.779755302000001
E12G,-3.8332107067108154,-8.127240233
E12H,-5.791929244995117,-7.855161862
E12I,-6.570105075836182,-8.252847771
E12W,-8.261192321777344,-7.082719152999999
E12V,-5.132577419281006,-9.343909952
E12K,-5.354022979736328,-9.670315821
E12M,-6.056735992431641,-7.170348775
E12N,-6.733418941497803,-7.716096075
E12P,-5.642122268676758,-5.462616345
E12Q,-1.9859293699264526,-8.403043785
E12R,-5.207094192504883,-8.394441328
E12S,-5.695523738861084,-8.683910692000001
E12L,-5.483249187469482,-8.688215996
E12Y,-7.674441337585449,-7.746342776
E12A,-4.782037258148193,-7.8337976560000016
E12C,-7.897358417510986,-7.700212445
M13W,-3.48946213722229,-7.587382795
M13F,-2.11791729927063,-5.5301126310000015
M13G,-1.8858463764190674,-9.500067818
M13H,-2.5511982440948486,-8.064111707
M13I,0.36778926849365234,-12.06242364
M13K,-1.475893259048462,-10.51895956
M13N,-1.8275692462921143,-8.225205913
M13Y,-3.7845404148101807,-8.090047092
M13P,-2.268805742263794,-9.32151247
M13R,-0.5369856357574463,-8.957320525
M13S,0.2940826416015625,-8.305088754
M13T,1.161586046218872,-8.13072827
M13V,2.82081937789917,-8.82670499
M13C,-2.868318796157837,-7.8062767000000015
M13A,1.2380669116973877,-8.719434573
M13D,-0.5694172382354736,-8.253921858
M13Q,-0.9876372814178467,-8.448397792
M13E,1.0517842769622803,-8.966197739
M13L,0.41820764541625977,-10.72227116
V14L,-3.85697603225708,-8.966448927
V14T,-7.175020217895508,-7.106671635
V14S,-7.968467712402344,-7.468686196
V14R,-7.364630699157715,-7.839965747000001
V14Q,-8.213550567626953,-7.518937081
V14P,-8.367207527160645,-9.1855881
V14N,-8.969145774841309,-7.1502476370000005
V14M,-4.2804741859436035,-7.99788702
V14K,-9.331921577453613,-7.875543095
V14I,-2.350393295288086,-8.636483903
V14H,-8.130188941955566,-8.102776194
V14G,-7.176197528839111,-11.84879537
V14F,-5.194103717803955,-9.042669185
V14E,-7.486885070800781,-8.210425506
V14D,-8.498026847839355,-10.65219773
V14A,-4.965264320373535,-8.594357192
V14C,-8.209547996520996,-8.042112984
V14W,-7.640237808227539,-7.8839444310000015
V14Y,-7.080356597900391,-8.073663197
R15Y,-6.560917377471924,-7.513252003
R15A,-6.929642200469971,-7.898964414
R15W,-8.871793746948242,-9.834273228
R15E,-6.118057727813721,-7.838023606
R15D,-7.876763820648193,-7.755635641
R15F,-7.521974086761475,-7.747562711
R15G,-5.78952169418335,-8.659540278
R15H,-3.535304069519043,-7.132413519
R15K,2.252138137817383,-9.325107033
R15L,-6.767982006072998,-8.495118472
R15I,-8.181829452514648,-7.80535413
R15C,-7.1786322593688965,-7.3806505310000015
R15N,-2.514493942260742,-7.7855813660000015
R15P,-8.959907531738281,-8.630483382000001
R15Q,-3.696044921875,-8.513536511
R15S,-5.56761360168457,-11.17296193
R15T,-6.735779285430908,-7.581406572000001
R15V,-8.478609085083008,-7.251688571
R15M,-5.398714065551758,-11.09599102
G16H,-5.982002258300781,-7.738578482999999
G16A,-5.644948959350586,-7.754894696
G16C,-6.757266044616699,-7.583281414
G16D,-4.544801712036133,-7.694747747
G16E,-6.212334632873535,-8.830962077
G16F,-8.682123184204102,-7.168967405
G16I,-10.277144432067871,-2.178561379
G16V,-8.404092788696289,-10.35603087
G16L,-7.962546348571777,-8.047255032
G16M,-8.838963508605957,-7.162558375
G16N,-3.3612751960754395,-7.125753705
G16P,-9.902154922485352,-8.141194927999999
G16Q,-5.828670024871826,-8.033617643
G16T,-6.925922870635986,-7.077800645
G16R,-5.655096054077148,-9.553222199
G16S,-3.669517993927002,-7.533685387
G16Y,-7.612671852111816,-7.6543947989999985
G16K,-6.10254430770874,-8.132942881
G16W,-9.851036071777344,-5.415796573
Q17D,-9.117685317993164,-7.5155465810000015
Q17V,-7.514895439147949,-7.2201357810000015
Q17Y,-8.36999797821045,-7.219074005
Q17A,-7.53195858001709,-7.840777377
Q17C,-9.521312713623047,-6.921339651
Q17E,-6.00965690612793,-7.543066892000001
Q17F,-9.731947898864746,-7.278194566
Q17G,-8.568124771118164,-7.388961447000001
Q17H,-2.839824676513672,-10.1480884
Q17W,-10.76686954498291,-6.6315914220000005
Q17I,-9.373022079467773,-7.820568206
Q17L,-5.658234119415283,-9.30856324
Q17M,-7.719244003295898,-7.243532325
Q17N,-7.50184965133667,-7.350947443
Q17P,-9.663074493408203,-8.391963176
Q17R,-5.8103485107421875,-7.527620006
Q17S,-8.291434288024902,-7.214579047999999
Q17T,-7.640883445739746,-7.364559008
Q17K,-7.0494537353515625,-8.373900107
V18C,-5.5528059005737305,-6.657251089
V18D,-6.883872985839844,-10.8704459
V18N,-4.990496635437012,-6.842140468999999
V18T,-1.601951003074646,-6.49018468
V18S,-2.827145576477051,-6.984743769
V18R,-5.101271629333496,-6.769961935
V18Q,-4.375535011291504,-7.823948917999999
V18P,-2.119351863861084,-7.50634098
V18A,-0.6418373584747314,-7.577792445
V18W,-5.344885349273682,-6.552272895
V18M,-2.2782392501831055,-7.3708428439999985
V18K,-5.589752197265625,-7.830635357999999
V18I,-1.9391695261001587,-8.591289231000001
V18H,-5.683272361755371,-7.050291895
V18G,-4.885659694671631,-12.58341081
V18F,-4.239110469818115,-8.30720647
V18E,-5.666579723358154,-7.631158395
V18L,-0.8535864353179932,-8.119636539
V18Y,-5.23532247543335,-6.9673029810000005
F19V,-8.022197723388672,-9.957798249
F19W,-9.198888778686523,-7.1546973560000025
F19A,-12.674338340759277,-8.672657224
F19R,-14.157331466674805,-8.951970879
F19S,-10.534384727478027,-9.596801858
F19T,-13.161421775817871,-8.3247046
F19N,-14.026840209960938,-8.883374276
F19M,-9.819543838500977,-7.939784427999999
F19L,-6.44758939743042,-10.9981688
F19K,-15.823127746582031,-9.077185039
F19I,-8.01094913482666,-11.00563913
F19H,-11.207697868347168,-8.940676622
F19G,-14.521963119506836,-8.931662026
F19E,-15.824803352355957,-8.740806053
F19D,-15.107531547546387,-8.63984092
F19C,-8.992894172668457,-8.846583738
F19Y,-5.685694217681885,-11.50397989
F19P,-13.879884719848633,-9.372319148
F19Q,-14.114152908325195,-8.165060452999999
D20F,-10.576818466186523,-7.939870507
D20Y,-7.733789920806885,-10.95443218
D20W,-10.049760818481445,-6.412605835
D20C,-8.340313911437988,-7.223800149
D20A,-6.500035762786865,-7.904369087
D20V,-7.009185314178467,-9.245460595
D20T,-5.633157253265381,-7.751798746
D20S,-5.625938415527344,-7.739700677999999
D20R,-5.027797222137451,-6.916079308
D20G,-5.25954008102417,-7.361209802
D20Q,-4.701411247253418,-7.344134022
D20N,-4.491004467010498,-9.943953801
D20M,-8.975914001464844,-7.485849695
D20L,-8.551379203796387,-7.826543589
D20K,-6.279672145843506,-7.052260769
D20I,-8.911718368530273,-7.949427152999999
D20H,-5.559700012207031,-8.151870929
D20P,-10.52389907836914,-8.408165702
D20E,0.6170229911804199,-10.53044541
V21Y,-14.572908401489258,-8.644306332000001
V21T,-8.602594375610352,-7.971307942
V21A,-6.303555965423584,-8.172832437
V21W,-14.6157865524292,-8.226276823
V21C,-9.092239379882812,-8.182607973
V21D,-13.13338851928711,-8.032059246000001
V21E,-12.450196266174316,-11.26741602
V21F,-9.980539321899414,-8.646258688
V21G,-11.289387702941895,-7.81767595
V21I,-4.362672805786133,-8.863855151000001
V21K,-15.26582145690918,-7.68081695
V21H,-13.980819702148438,-9.036265183
V21M,-8.091023445129395,-9.248275592
V21N,-13.082097053527832,-8.150829776
V21P,-11.104785919189453,-7.332792405
V21Q,-13.103700637817383,-8.489381031
V21R,-14.11009407043457,-8.257668502000001
V21S,-11.075950622558594,-8.593008875
V21L,-6.385468482971191,-9.687011003
G22Y,-12.089971542358398,-8.312668676
G22K,-10.526503562927246,-7.651458616
G22D,-7.140524864196777,-7.245838482000001
G22E,-7.5719499588012695,-9.026933536
G22F,-11.935219764709473,-7.638038126
G22H,-10.872411727905273,-7.03546325
G22I,-11.48513412475586,-7.407437745
G22L,-10.915828704833984,-7.283892923
G22V,-9.290014266967773,-10.65241185
G22N,-9.368160247802734,-7.227936221
G22P,-10.77512264251709,-8.268034696
G22Q,-10.523752212524414,-7.56047575
G22R,-8.21395206451416,-9.183617471
G22S,-6.660993576049805,-6.3832443670000005
G22T,-8.624225616455078,-7.684745753
G22W,-10.458534240722656,-7.308670913999999
G22A,-6.773019313812256,-7.894292745
G22M,-11.778594017028809,-7.281307967999999
G22C,-9.140048027038574,-7.615107997000001
P23I,-8.972268104553223,-6.539653058
P23E,-9.276225090026855,-6.191201007
P23C,-8.744256973266602,-6.721426304
P23Y,-9.294142723083496,-6.402411012999999
P23V,-8.00552749633789,-7.2904262000000015
P23T,-5.844369411468506,-8.982742078
P23S,-4.503939151763916,-7.700572093
P23R,-7.353878974914551,-6.807309095
P23D,-9.925058364868164,-6.741426699
P23Q,-6.094884872436523,-6.4322839210000025
P23M,-10.427480697631836,-6.972992297
P23L,-5.202862739562988,-7.775146736
P23K,-10.114948272705078,-6.124093377
P23H,-6.357597351074219,-9.936444482
P23G,-9.440900802612305,-6.805455847999999
P23F,-8.935154914855957,-6.077159194
P23N,-9.092655181884766,-6.197961164
P23W,-11.790363311767578,-5.309475203
P23A,-5.693309307098389,-7.3609372089999985
R24W,-9.721151351928711,-6.29504862
R24Y,-11.34736442565918,-7.168938984
R24V,-12.979204177856445,-7.715763527999999
R24T,-11.203980445861816,-6.285633019
R24S,-10.567483901977539,-10.150515
R24Q,-8.852288246154785,-7.250713342
R24N,-11.251861572265625,-7.067351844
R24M,-12.30676555633545,-7.856873693
R24L,-10.853516578674316,-9.793028303
R24P,-12.487798690795898,-7.494476895
R24I,-11.737060546875,-7.191669176
R24K,-8.151382446289062,-7.13333587
R24C,-8.112919807434082,-8.322928068
R24D,-14.506420135498047,-7.106149493999999
R24E,-13.851160049438477,-7.791621155
R24A,-12.348604202270508,-7.042992515
R24G,-10.19537353515625,-7.727086878
R24H,-7.727509498596191,-8.318185777
R24F,-13.417977333068848,-6.95961205
Y25S,-11.30382251739502,-8.533586751
Y25A,-13.777776718139648,-7.679860787999999
Y25C,-9.324193954467773,-8.604439862000001
Y25D,-11.485304832458496,-8.204235501
Y25E,-14.27682876586914,-8.815254201
Y25F,-6.041619777679443,-10.16055576
Y25G,-14.147635459899902,-8.706414576
Y25H,-9.84719181060791,-8.019315582
Y25R,-14.071722984313965,-8.256291189
Y25K,-15.10268497467041,-8.390681857999999
Y25L,-11.167147636413574,-8.281407801
Y25M,-13.377569198608398,-7.373692588
Y25N,-11.280882835388184,-10.06464642
Y25P,-14.911802291870117,-8.99646741
Y25Q,-13.433499336242676,-8.514769614
Y25W,-10.54937744140625,-7.555759996
Y25V,-12.588419914245605,-7.252643892
Y25I,-12.341169357299805,-7.715516964
Y25T,-13.656072616577148,-7.798688297000001
T26I,-3.673452138900757,-10.1225481
T26M,-3.8882462978363037,-7.848780445
T26S,-2.3266053199768066,-10.36682507
T26R,-6.478208541870117,-7.721533752999999
T26Q,-3.276198148727417,-7.948901912999999
T26P,-11.952669143676758,-8.435143395
T26N,-4.525237560272217,-9.228876148
T26Y,-6.908751487731934,-7.548931708
T26L,-3.782439947128296,-8.191973633
T26K,-6.879106044769287,-7.386910272000001
T26H,-4.7421040534973145,-8.043596339
T26G,-5.708230495452881,-7.592954757
T26F,-6.631179332733154,-8.06856775
T26E,-7.815885066986084,-8.066366246
T26D,-8.898252487182617,-7.495295751
T26C,-6.490972518920898,-8.326424334
T26A,-2.043381690979004,-7.850750321
T26V,-2.9535694122314453,-7.995104886
T26W,-9.3198881149292,-8.007175212
N27C,-7.097858428955078,-7.408396641
N27A,-5.139021396636963,-7.558765974
N27Q,-4.866763591766357,-6.97709396
N27P,-8.135339736938477,-7.614065784
N27F,-8.082262992858887,-7.063146872000001
N27Y,-7.047057628631592,-10.20484955
N27W,-10.376707077026367,-7.435834782000001
N27V,-8.534361839294434,-7.285269792999999
N27T,-4.828041076660156,-7.910768047999999
N27S,-2.985694408416748,-7.905856207999999
N27R,-6.500973701477051,-7.962517772000001
N27D,-2.8196399211883545,-8.048143647
N27M,-7.71567964553833,-7.389831602
N27L,-7.401785850524902,-8.322500057000001
N27K,-5.462116241455078,-9.756337035
N27I,-7.883664131164551,-10.27771447
N27H,-4.447432041168213,-8.015895281
N27G,-3.863255739212036,-8.064099484
N27E,-5.990902423858643,-7.122131088
L28Y,-13.216765403747559,-7.631789655
L28A,-12.63387680053711,-7.788703052000001
L28C,-12.091291427612305,-7.680260668
L28T,-12.476272583007812,-7.690652878
L28S,-12.021718978881836,-7.906337653
L28R,-10.860662460327148,-7.961389927000001
L28Q,-9.612658500671387,-10.19912145
L28P,-10.880438804626465,-8.098987263
L28D,-17.05279541015625,-6.749216112
L28N,-14.574875831604004,-6.763829877999999
L28K,-12.98029613494873,-7.596782514
L28I,-7.947650909423828,-8.057489479
L28H,-10.841254234313965,-7.560147142000001
L28G,-15.361339569091797,-7.683751991
L28F,-8.684942245483398,-8.606161679
L28E,-14.726317405700684,-7.2938895289999985
L28W,-14.028501510620117,-8.456299435
L28M,-6.938512802124023,-9.947878045
L28V,-8.578123092651367,-7.236240365
S29Y,-4.2522501945495605,-6.65774618
S29C,-2.0768351554870605,-9.440766251
S29W,-7.130782604217529,-7.379800106
S29V,-2.137385368347168,-7.42118757
S29T,0.6390204429626465,-6.592110721
S29R,-2.5471668243408203,-10.07740254
S29Q,-2.5914998054504395,-6.820998162
S29N,0.49864697456359863,-8.480834495
S29M,-3.633810043334961,-7.236291651
S29L,-4.1341166496276855,-8.637902631000001
S29P,-7.290236949920654,-8.370623401
S29A,-1.1712441444396973,-7.246327074
S29I,-3.460803508758545,-8.882173937000001
S29H,-3.1446938514709473,-6.857149849
S29G,-2.6580862998962402,-7.851386793
S29F,-5.054879665374756,-8.057984218
S29E,-4.473601341247559,-7.863569761
S29D,-5.435494422912598,-7.266898861
S29K,-3.2484993934631348,-6.998324281
Y30I,-8.14159870147705,-7.696095163
Y30C,-6.506933212280273,-8.718122908
Y30D,-11.224995613098145,-7.469835357000001
Y30E,-12.173519134521484,-7.703054727
Y30F,-2.9690585136413574,-9.883390287
Y30G,-11.97629165649414,-7.026848147999999
Y30H,-6.4228105545043945,-7.02244513
Y30K,-11.713685989379883,-7.893868222
Y30T,-8.974356651306152,-7.154746124
Y30M,-8.130751609802246,-7.870300157999999
Y30N,-8.057106971740723,-9.700055688
Y30P,-6.858765125274658,-7.292742999
Y30Q,-8.585257530212402,-7.967867142
Y30R,-11.316656112670898,-8.598556056
Y30S,-7.73350191116333,-8.188036497
Y30V,-8.384649276733398,-6.782014889
Y30W,-11.341869354248047,-6.6405983420000005
Y30L,-6.643342971801758,-8.614605435
Y30A,-9.178741455078125,-7.38672502
I31V,-4.477880477905273,-4.837566467
I31E,-16.17520523071289,-6.310277874
I31Y,-16.30044937133789,-6.9249585000000025
I31A,-12.696083068847656,-6.2681221360000015
I31C,-13.72094440460205,-6.624865422
I31D,-15.342779159545898,-7.649417092999999
I31W,-18.980222702026367,-7.884955477999999
I31F,-12.775045394897461,-9.896889746
I31G,-15.749823570251465,-6.840538197000001
I31K,-15.29112434387207,-6.888985224
I31H,-15.395869255065918,-7.218485861
I31M,-10.045196533203125,-7.523856317999999
I31N,-12.713079452514648,-9.623102597
I31P,-14.968276977539062,-8.125883381
I31Q,-15.569202423095703,-6.775134367000001
I31R,-14.697027206420898,-6.951193797
I31S,-13.312527656555176,-7.373055995
I31T,-9.084562301635742,-6.637169442
I31L,-7.1754608154296875,-7.769065255
G32R,-11.05757999420166,-8.515884488
G32Q,-14.808307647705078,-8.12618914
G32S,-9.709449768066406,-9.636286721
G32P,-16.885744094848633,-8.529575794
G32V,-11.303051948547363,-9.947600628
G32W,-12.634456634521484,-7.956390628999999
G32Y,-15.161796569824219,-8.685628995
G32T,-13.72679615020752,-7.606117615
G32N,-13.659649848937988,-7.151496465
G32A,-10.650670051574707,-7.849304033999997
G32L,-14.066069602966309,-8.588328245
G32K,-14.35659122467041,-7.802078214
G32I,-13.879324913024902,-8.687614948
G32H,-15.448808670043945,-8.448819325
G32F,-14.499743461608887,-8.185050653
G32E,-11.240805625915527,-7.696347376
G32D,-10.58924388885498,-8.746859036
G32C,-11.13545036315918,-11.80885273
G32M,-14.890449523925781,-8.396880061000001
E33W,-19.23021125793457,-6.218479949
E33V,-9.968571662902832,-8.330700879
E33T,-14.169791221618652,-6.824395346
E33S,-14.00399112701416,-5.835721584
E33R,-14.21693229675293,-7.712170435
E33Q,-9.011235237121582,-7.020475702000001
E33P,-16.37491798400879,-8.22996011
E33K,-11.44456672668457,-9.858851362
E33M,-14.08485221862793,-6.281650776
E33L,-15.417434692382812,-6.70221428
E33Y,-14.783143997192383,-6.942593788
E33I,-15.077587127685547,-6.452626557
E33H,-13.243642807006836,-7.310764942
E33G,-11.275166511535645,-7.492089312
E33F,-16.77058219909668,-7.037402382000001
E33N,-13.780538558959961,-6.755954448
E33A,-10.648151397705078,-7.670542851
E33D,-7.619311809539795,-10.22311251
E33C,-15.294244766235352,-7.110693362
G34W,-17.169504165649414,-10.49073064
G34A,-14.26584529876709,-8.915575289
G34C,-13.887913703918457,-8.420892427
G34D,-14.838268280029297,-8.182585568
G34E,-15.392038345336914,-10.08218483
G34F,-19.912437438964844,-8.454836231
G34H,-20.66730499267578,-6.691415967
G34Y,-19.488780975341797,-8.091635248
G34K,-18.828746795654297,-8.243981247
G34M,-20.4124755859375,-8.100137741000001
G34N,-18.680622100830078,-8.179494185
G34P,-21.321590423583984,-8.801782507999999
G34Q,-20.619876861572266,-7.375379042
G34R,-13.767316818237305,-10.05221663
G34T,-19.684720993041992,-8.331013922999999
G34V,-15.585247039794922,-10.948344699999998
G34L,-20.046100616455078,-8.481705995
G34S,-13.705309867858887,-7.654839565
G34I,-19.243244171142578,-8.410731
A35I,-15.073230743408203,-8.946169003
A35C,-13.919498443603516,-7.189257735
A35D,-18.62385368347168,-9.8739239
A35E,-17.529525756835938,-8.960155302999999
A35F,-17.501684188842773,-7.694354185
A35G,-11.814254760742188,-8.481801752
A35H,-19.63343048095703,-8.244071700000001
A35K,-19.991878509521484,-9.378611523
A35L,-17.529495239257812,-8.921968952
A35M,-15.443602561950684,-8.610284601
A35P,-14.355411529541016,-9.40172421
A35Q,-18.25551986694336,-8.440182572000001
A35R,-18.84978675842285,-8.233071602999999
A35S,-9.511093139648438,-10.0079223
A35T,-8.397212028503418,-11.64260569
A35V,-11.176413536071777,-9.068970236
A35W,-20.79667091369629,-8.068413872
A35Y,-19.193645477294922,-8.346470099
A35N,-16.398521423339844,-8.973014661
Y36R,-12.415419578552246,-8.154032784
Y36Q,-12.076286315917969,-6.467654111
Y36S,-11.113142013549805,-7.719776492999999
Y36H,-10.125783920288086,-7.819970847
Y36V,-14.557839393615723,-7.662854942
Y36P,-18.355363845825195,-8.604614957999999
Y36T,-10.826998710632324,-7.406423045
Y36N,-10.877021789550781,-10.46357137
Y36E,-16.154685974121094,-7.450506765
Y36L,-14.494206428527832,-8.519232299
Y36K,-16.424270629882812,-8.943688436
Y36I,-14.153677940368652,-8.422738804
Y36G,-13.649384498596191,-7.083458995
Y36F,-8.087874412536621,-10.00029588
Y36W,-14.2539644241333,-7.292554207
Y36D,-15.03425407409668,-7.639184646
Y36C,-9.44350814819336,-8.580863583
Y36A,-14.071044921875,-7.605817182999999
Y36M,-12.581883430480957,-7.960991175
G37E,-13.816685676574707,-11.03128846
G37D,-13.133940696716309,-8.883196707
G37I,-17.843868255615234,-9.31622643
G37A,-10.77448844909668,-8.910872036
G37F,-18.256433486938477,-9.038819531
G37C,-12.604835510253906,-8.588258544
G37H,-18.79949188232422,-9.391563889
G37V,-13.762353897094727,-11.78180962
G37T,-17.19097900390625,-9.204679763
G37L,-18.96310043334961,-8.260932691
G37M,-18.984325408935547,-8.509372841
G37N,-15.714888572692871,-9.323585762
G37P,-19.101930618286133,-8.942299275
G37Q,-19.744518280029297,-8.752065417999999
G37R,-13.154187202453613,-10.21181817
G37S,-9.490974426269531,-9.610186614
G37W,-16.396255493164062,-8.378026128
G37Y,-18.16313934326172,-9.467297756
G37K,-17.416290283203125,-8.87711241
M38R,-9.907806396484375,-7.67446288
M38S,-7.722193241119385,-8.145105712000001
M38E,-10.746868133544922,-8.017642547000001
M38V,-5.797355651855469,-8.364819097
M38Q,-7.792660713195801,-7.817890677
M38T,-6.022871494293213,-6.77730198
M38P,-13.102649688720703,-9.17944808
M38G,-8.185487747192383,-8.560085946000001
M38L,-6.27169132232666,-10.16302516
M38K,-10.002184867858887,-10.47662991
M38I,-5.107785224914551,-10.96303237
M38H,-10.26308822631836,-8.237385582
M38F,-9.41968822479248,-7.470893511
M38W,-10.665755271911621,-7.830505471
M38N,-8.186859130859375,-8.028654788999999
M38Y,-11.317229270935059,-7.564383442
M38D,-12.348464012145996,-7.846688478
M38C,-7.723215103149414,-7.376894468
M38A,-7.485888957977295,-8.576075372
V39C,-11.663561820983887,-7.352374765
V39D,-14.945042610168457,-8.388760263
V39E,-14.243701934814453,-10.85963503
V39F,-15.732512474060059,-9.267158802
V39G,-13.348814010620117,-8.272316217
V39H,-19.114639282226562,-8.982435761
V39I,-11.980630874633789,-8.430708401
V39W,-18.342445373535156,-8.618350632
V39L,-14.00135326385498,-9.492039612
V39M,-14.595184326171875,-9.119372294
V39N,-17.930389404296875,-8.496535915
V39P,-17.470619201660156,-8.752833782
V39Q,-18.53801918029785,-8.904411318
V39R,-16.180103302001953,-8.500085542
V39S,-15.484380722045898,-8.624470213
V39Y,-18.197124481201172,-8.588820269
V39T,-14.527580261230469,-8.135501442999999
V39K,-18.43181610107422,-8.826376841
V39A,-10.472253799438477,-8.198176121
C40T,-2.65336275100708,-4.903049747
C40Y,-6.433530330657959,-8.175763187000001
C40W,-9.638055801391602,-7.2224950739999985
C40V,0.868250846862793,-7.860248404
C40S,-1.4356684684753418,-9.862249502
C40R,-9.33104133605957,-7.507885737
C40Q,-9.38831901550293,-7.988941795
C40P,-8.289802551269531,-6.35911079
C40M,-5.673781871795654,-6.766223427000001
C40L,-4.702485084533691,-7.433837652
C40N,-6.904792308807373,-5.940305425
C40I,-2.8882198333740234,-6.276573639
C40H,-8.408285140991211,-5.952212771
C40G,-3.9973349571228027,-7.133979304
C40F,-4.876763343811035,-8.574629938
C40E,-8.355321884155273,-7.371338627
C40D,-8.362863540649414,-5.717816328
C40A,2.2012791633605957,-6.110350047000001
C40K,-11.150196075439453,-7.112753243999999
S41L,-7.525140762329102,-7.887477229
S41Q,-8.245600700378418,-7.262300917999999
S41R,-8.163311004638672,-7.121177061
S41P,-8.51638412475586,-6.552879412999999
S41N,-6.1728034019470215,-7.52274026
S41M,-7.894214630126953,-7.986606426
S41Y,-7.837808609008789,-11.18361687
S41V,-7.098172664642334,-7.075310535
S41I,-7.693300724029541,-6.946601858999999
S41H,-8.754632949829102,-7.04634332
S41G,-5.927320957183838,-7.116998812
S41F,-7.105323791503906,-7.844054188999999
S41E,-8.029274940490723,-7.166343867999999
S41T,-4.091811656951904,-8.444439668
S41A,-3.9650919437408447,-7.933142477
S41K,-9.364561080932617,-7.5226799
S41C,-5.108331203460693,-8.266532149
S41D,-8.30856704711914,-7.03439166
S41W,-10.085619926452637,-7.845453448
A42F,-15.800755500793457,-6.071083539
A42I,-14.323759078979492,-8.092354848
A42E,-12.975205421447754,-8.587974078
A42D,-13.926305770874023,-6.869474006
A42C,-9.23868179321289,-7.333364189
A42K,-17.757678985595703,-7.322956059
A42L,-15.060447692871094,-7.033655716
A42M,-14.087891578674316,-7.47309624
A42N,-16.233047485351562,-7.259802767
A42P,-12.472114562988281,-8.082957927
A42Q,-17.122833251953125,-7.447307822999999
A42R,-15.917879104614258,-8.478422693999999
A42S,-7.091885566711426,-9.24231598
A42T,-9.064029693603516,-10.54819151
A42V,-8.711419105529785,-7.64695053
A42W,-20.099510192871094,-6.914987449
A42Y,-16.907573699951172,-6.586338587
A42G,-6.520869255065918,-7.139966793999999
A42H,-18.975460052490234,-8.030068143
Y43W,-6.50679349899292,-7.341584956
Y43V,-4.775586128234863,-7.310217845
Y43A,-7.273375511169434,-7.152467033
Y43T,-5.136712074279785,-6.915356459
Y43D,-6.714186668395996,-7.476080504
Y43E,-6.636165142059326,-7.034419874
Y43F,-1.5488777160644531,-8.799717599
Y43G,-9.929000854492188,-6.921036478
Y43H,-2.7209372520446777,-7.234070197
Y43I,-5.652686595916748,-7.111931995
Y43C,-6.549229621887207,-8.270443432
Y43K,-8.004507064819336,-6.931762178
Y43M,-6.556475639343262,-7.4351959060000015
Y43N,-6.015218257904053,-10.21871742
Y43P,-10.359663009643555,-7.835888794
Y43Q,-5.583544731140137,-6.970453652000001
Y43R,-6.339929580688477,-7.42831718
Y43S,-5.922736167907715,-7.742701746
Y43L,-4.050468444824219,-7.886130005
D44Y,-12.545701026916504,-10.92456219
D44L,-16.365503311157227,-7.849940215
D44R,-15.975013732910156,-7.57456676
D44Q,-15.683192253112793,-7.529529087
D44P,-16.847488403320312,-7.653888988999999
D44N,-9.507299423217773,-9.803877719
D44M,-18.27840805053711,-7.698426846
D44K,-15.928144454956055,-7.105814939
D44I,-16.627071380615234,-7.659910396
D44H,-9.40247917175293,-7.628829237000001
D44G,-10.380322456359863,-7.685094294
D44F,-16.855518341064453,-7.936568437999999
D44E,-10.072580337524414,-11.00691984
D44C,-11.02087688446045,-7.473873366
D44A,-12.082352638244629,-8.085925692
D44W,-18.746749877929688,-6.852116839
D44S,-11.866401672363281,-7.362797369
D44T,-15.137594223022461,-7.030790385
D44V,-12.922686576843262,-8.330866082
N45I,-5.190959453582764,-10.01480067
N45H,-1.1627475023269653,-7.302073322999999
N45A,-3.8619704246520996,-7.229508984
N45K,-2.3387231826782227,-9.229788927
N45C,-5.30999755859375,-7.952768032000001
N45D,-4.060708522796631,-7.939822962999999
N45L,-3.645784378051758,-7.678241537999999
N45P,-5.585963726043701,-6.961111004
N45Q,-2.022768974304199,-7.623735785
N45M,-3.7942261695861816,-6.505914924
N45S,0.1399831771850586,-7.995021749
N45T,-0.6493841409683228,-8.370087265
N45V,-4.970844268798828,-7.395682613
N45E,-4.393475532531738,-7.72554585
N45W,-5.905457973480225,-7.162376782000001
N45Y,-4.35261869430542,-9.356066084
N45F,-6.028502464294434,-7.070549603
N45G,-3.1587133407592773,-7.789050302000001
N45R,-0.3833789825439453,-7.260795053
V46N,-5.8313188552856445,-6.410929649
V46T,-2.417825937271118,-6.540235287000001
V46S,-5.730597496032715,-7.330480647999999
V46R,-5.043882369995117,-7.378184189
V46Q,-4.000972270965576,-7.050061671
V46W,-8.559637069702148,-8.055937055
V46M,-2.976515293121338,-7.584455311
V46P,-7.846325397491455,-7.054395258
V46K,-5.278561115264893,-6.891837893
V46I,1.0671777725219727,-8.507256405
V46H,-6.162787437438965,-6.748579554
V46G,-7.355299472808838,-7.6288846060000015
V46Y,-6.82949686050415,-6.562725091
V46E,-5.216519355773926,-7.26645596
V46D,-7.351797580718994,-10.81031849
V46C,-6.970407962799072,-7.290992557999999
V46A,-4.248317718505859,-7.39594654
V46L,-2.157456874847412,-7.957991167
V46F,-5.348904609680176,-8.249032025
N47F,-3.8451154232025146,-8.05688183
N47A,0.10331177711486816,-8.245744063
N47E,-2.447495222091675,-8.2031369
N47D,-4.051090240478516,-8.884324406000001
N47H,-3.6928021907806396,-8.125392421
N47I,-0.6457617282867432,-10.02079383
N47K,0.9400558471679688,-10.88441676
N47L,0.7342755794525146,-8.174491707
N47M,2.143023729324341,-8.233883817999999
N47P,-4.269950866699219,-7.27113461
N47Q,-0.8396413326263428,-8.414366911
N47R,0.06357359886169434,-8.615572535
N47S,-1.1783196926116943,-8.711381366
N47T,1.1109943389892578,-7.94911781
N47V,-1.4620659351348877,-8.035808322000001
N47W,-7.044869422912598,-8.327414062
N47Y,-5.5200958251953125,-11.30079201
N47G,-2.656141996383667,-8.028250397999999
N47C,-5.214438438415527,-7.74408645
K48D,-3.459009885787964,-8.132276277
K48I,-10.037308692932129,-7.940960352
K48E,-5.0339202880859375,-8.941158949
K48A,-6.2291460037231445,-7.906656081
K48F,-8.045105934143066,-8.288381806
K48G,-2.323641300201416,-8.954794451
K48H,-1.498520851135254,-8.145531708
K48L,-6.712589263916016,-8.271149446
K48M,-6.739575386047363,-9.584352559
K48P,-8.583510398864746,-7.564333262999999
K48N,0.7398505210876465,-10.62288368
K48R,-2.229985237121582,-8.733118488999999
K48S,-2.7681267261505127,-7.672000453
K48T,-7.037335395812988,-8.003709475
K48V,-9.042315483093262,-7.516675165
K48W,-10.974284172058105,-7.60124947
K48Y,-6.593972206115723,-8.048460232
K48C,-6.096315383911133,-8.039148423
K48Q,-2.4195988178253174,-8.249522036
V49R,-1.9927095174789429,-7.9040526789999985
V49Q,-0.6815093755722046,-7.863756266
V49S,-0.6642431020736694,-7.281289289
V49M,-2.377898693084717,-8.617333547000001
V49T,0.6004951000213623,-7.341146872
V49W,-8.271702766418457,-7.664378387
V49P,-8.242085456848145,-7.472956674
V49A,-0.7384761571884155,-7.243980241
V49N,-1.3043650388717651,-6.951591453
V49Y,-5.4826788902282715,-7.215461161
V49L,-2.962947368621826,-8.649222679
V49K,-1.6584151983261108,-7.291827156
V49I,-0.9030274152755737,-7.1896395470000005
V49H,-3.1657767295837402,-7.571710532999999
V49G,-3.9847283363342285,-3.82334995
V49F,-5.239072322845459,-6.950039682999999
V49E,-1.9805458784103394,-11.78341264
V49D,-4.550079822540283,-7.436395142999999
V49C,-2.524799346923828,-7.300158604
R50Q,-6.263470649719238,-7.642305209
R50P,-8.646675109863281,-7.643927018999999
R50N,-6.655436992645264,-6.786924885
R50M,-9.210807800292969,-9.840235489
R50L,-9.738067626953125,-7.806216663
R50K,-2.1158804893493652,-8.771764894
R50I,-10.634672164916992,-6.2123864960000015
R50D,-11.077817916870117,-7.299304635
R50G,-8.948324203491211,-8.24994457
R50F,-12.44140338897705,-7.070553801
R50E,-9.732101440429688,-8.352869819
R50Y,-10.608439445495605,-7.1847092089999975
R50C,-7.848658084869385,-7.405793621
R50A,-9.962616920471191,-7.947984601
R50V,-10.773041725158691,-7.766560732
R50H,-6.136904716491699,-7.279695851
R50W,-10.965917587280273,-8.047997952000001
R50S,-6.839818954467773,-10.25419133
R50T,-7.672998428344727,-6.788977954
V51A,-6.771430492401123,-6.931034863
V51C,-8.343347549438477,-7.779012728
V51D,-13.259183883666992,-10.58405248
V51E,-11.679344177246094,-7.612960177000001
V51F,-7.970887660980225,-8.54862471
V51G,-11.025182723999023,-9.754890854
V51S,-10.24760913848877,-7.088979072000001
V51T,-9.271709442138672,-6.630889112999999
V51K,-12.678168296813965,-7.389019826
V51L,-7.660097599029541,-7.045132036
V51M,-8.53139877319336,-7.268286839
V51N,-13.224442481994629,-6.599185423
V51P,-14.05377197265625,-6.979877519
V51Q,-12.804256439208984,-7.157602682
V51I,-5.410678863525391,-8.272432724
V51H,-13.341543197631836,-7.132672932
V51R,-12.069396018981934,-6.590833583999999
V51W,-13.992026329040527,-7.065692482
V51Y,-10.256093978881836,-7.075048387000001
A52G,-10.74746322631836,-7.093483718
A52C,-14.339788436889648,-8.587925514
A52D,-14.149258613586426,-10.27234446
A52E,-15.088003158569336,-9.097589555
A52F,-18.229970932006836,-8.626783336
A52H,-20.507097244262695,-7.6818873010000015
A52I,-15.792312622070312,-9.255835154
A52K,-19.585872650146484,-9.030333014
A52M,-17.532657623291016,-11.58966698
A52L,-17.112224578857422,-8.791794713
A52P,-13.2539701461792,-8.390458397
A52Q,-18.654333114624023,-8.535286552
A52R,-19.134113311767578,-9.158255791
A52S,-10.408326148986816,-9.507313782
A52T,-11.935860633850098,-9.541673626
A52V,-10.84786605834961,-9.318645064
A52W,-23.190784454345703,-8.903614826
A52Y,-19.781719207763672,-8.070096821
A52N,-17.89003562927246,-8.030575434
I53N,-12.543588638305664,-9.445897038
I53K,-14.993852615356445,-8.049504747
I53L,-4.678750514984131,-7.69835828
I53M,-7.877079486846924,-9.171493881
I53P,-15.402836799621582,-7.285714125
I53T,-11.284378051757812,-5.58797636
I53R,-14.297074317932129,-8.518254089
I53S,-12.678753852844238,-8.307618696
I53V,-5.356069564819336,-8.950260542999999
I53W,-18.964662551879883,-7.934585574
I53Y,-15.852970123291016,-7.673730511
I53Q,-14.219298362731934,-7.411088335
I53G,-17.765640258789062,-7.05191126
I53H,-14.106321334838867,-7.234200562000001
I53E,-17.31101417541504,-8.787302164
I53D,-18.023292541503906,-8.190019593999999
I53C,-12.250530242919922,-7.027333329
I53A,-13.809252738952637,-6.860501478
I53F,-11.509918212890625,-9.252104108
K54L,-14.468904495239258,-8.404446265
K54N,-12.894460678100586,-10.82935545
K54P,-17.894895553588867,-8.944981853
K54R,-13.080022811889648,-8.888454666
K54S,-15.417085647583008,-8.454357095
K54T,-13.9569091796875,-9.007447323
K54W,-19.44790267944336,-8.380862385
K54M,-12.870458602905273,-10.73589394
K54Y,-17.24872589111328,-8.025510108999999
K54D,-16.625770568847656,-8.753244732
K54C,-16.430931091308594,-7.915345075
K54A,-16.03371810913086,-8.84658524
K54V,-15.979605674743652,-9.742672273
K54E,-12.519203186035156,-9.01093464
K54Q,-14.235788345336914,-8.643634257
K54G,-17.018159866333008,-8.916881907
K54I,-13.99023151397705,-9.49627961
K54H,-17.11203956604004,-7.833934022
K54F,-16.739187240600586,-8.18775661
K55T,-10.46978759765625,-7.489864634
K55S,-11.090078353881836,-7.775603489
K55W,-15.584365844726562,-8.673237902999999
K55R,-6.192485809326172,-8.67073594
K55Q,-8.732734680175781,-8.250542628
K55F,-14.571920394897461,-7.529246546
K55N,-8.835559844970703,-10.1580756
K55M,-9.737926483154297,-8.744033636000001
K55L,-12.131719589233398,-7.916031457000001
K55I,-11.657007217407227,-9.794733976
K55H,-11.267335891723633,-7.726046832000001
K55G,-13.837721824645996,-8.254231361
K55Y,-13.642111778259277,-8.14188921
K55V,-12.7606201171875,-8.501591447000001
K55P,-15.01928997039795,-8.783981721
K55E,-10.212616920471191,-9.199416708
K55C,-11.918123245239258,-8.146147385
K55A,-13.78243637084961,-8.193870347
K55D,-15.138803482055664,-8.087348355
I56F,-13.957124710083008,-10.30095493
I56Q,-14.674589157104492,-7.693508096
I56R,-13.773651123046875,-8.87988699
I56S,-12.888797760009766,-6.933834645
I56T,-11.16026496887207,-7.403210039
I56V,-8.977798461914062,-8.511676113
I56A,-16.166000366210938,-7.775043752
I56P,-16.5451602935791,-7.821162976
I56M,-8.941143989562988,-7.551645689
I56Y,-16.291746139526367,-8.400669025
I56L,-10.528887748718262,-7.986684528
I56K,-13.02763843536377,-8.776017653
I56H,-15.888385772705078,-9.225794544
I56G,-16.867481231689453,-8.371546615
I56E,-17.188716888427734,-7.519191115
I56N,-11.875038146972656,-11.08616334
I56W,-19.6466007232666,-9.474368949
I56D,-16.742938995361328,-8.759244642999999
I56C,-14.061723709106445,-7.498008121
S57H,-11.732151985168457,-6.185208707
S57T,-5.76523494720459,-8.893024106
S57R,-11.196359634399414,-7.264059327999999
S57Q,-10.700505256652832,-6.966721717
S57A,-6.819230079650879,-6.694632041
S57C,-9.414310455322266,-7.547004058
S57V,-11.654813766479492,-7.863822511
S57D,-12.409331321716309,-7.582133698
S57F,-9.795832633972168,-9.076023979
S57G,-9.016183853149414,-6.868903737
S57P,-10.586454391479492,-6.218381399
S57I,-11.693825721740723,-7.503966351
S57K,-12.066912651062012,-7.061627592000001
S57L,-8.749956130981445,-7.907621577
S57E,-13.006875038146973,-7.41847532
S57M,-11.077826499938965,-8.18868224
S57W,-13.769912719726562,-8.375431275
S57N,-8.114511489868164,-7.225020491
S57Y,-9.87031364440918,-10.78110764
P58V,-11.69615650177002,-6.873673802000001
P58T,-9.874549865722656,-10.5930879
P58S,-8.370322227478027,-8.691066213
P58R,-10.513097763061523,-6.728955807
P58Q,-9.414631843566895,-6.6813549960000005
P58N,-12.390581130981445,-6.328799555
P58D,-14.791435241699219,-6.700065883
P58K,-12.114998817443848,-6.314141007999999
P58I,-12.889046669006348,-6.871126612
P58H,-9.467494010925293,-9.734222058
P58G,-12.563149452209473,-5.928473314
P58F,-13.455812454223633,-6.278607796
P58E,-14.506047248840332,-7.121013154
P58L,-8.934228897094727,-8.004585139
P58M,-14.306890487670898,-6.564957487999999
P58C,-12.292455673217773,-6.960548628
P58W,-17.171682357788086,-6.423720302
P58A,-7.514871597290039,-7.015636825
P58Y,-13.47544002532959,-6.2660903060000015
F59A,-14.542021751403809,-6.817594036
F59C,-10.388519287109375,-8.018892687000001
F59D,-16.850889205932617,-7.824131613
F59E,-18.128173828125,-8.563213372
F59G,-15.724152565002441,-7.059722057999999
F59H,-14.008773803710938,-6.436718745
F59I,-10.759183883666992,-11.6338777
F59K,-17.48859405517578,-7.409782744
F59L,-8.611024856567383,-10.55734866
F59M,-12.864130020141602,-6.768166784
F59P,-15.116604804992676,-7.080556439
F59Q,-16.892553329467773,-7.712753192
F59R,-16.562108993530273,-7.275885314
F59S,-10.806659698486328,-8.804159394
F59T,-14.654298782348633,-6.522239537999999
F59V,-11.308499336242676,-7.897667103
F59W,-12.711055755615234,-8.155398397999999
F59Y,-8.986581802368164,-9.731169796
F59N,-15.342741012573242,-6.897462489
E60Y,-15.241780281066895,-6.121613507999999
E60W,-20.088014602661133,-7.123647254
E60L,-15.037269592285156,-7.741398777000001
E60M,-15.039641380310059,-7.660385282000001
E60Q,-10.60991096496582,-7.687845506
E60K,-12.40776538848877,-9.780159034
E60I,-15.197186470031738,-6.080517244
E60H,-12.77665901184082,-6.1721282120000005
E60G,-11.838011741638184,-7.52708048
E60F,-17.877058029174805,-6.17445787
E60D,-5.197704792022705,-10.88886904
E60C,-15.167038917541504,-6.430493407999999
E60A,-11.118640899658203,-9.050251195
E60R,-15.698704719543457,-7.9930415739999985
E60S,-12.461332321166992,-6.75692745
E60T,-13.379561424255371,-6.071783797
E60N,-12.26175594329834,-6.746302054
E60V,-12.421762466430664,-9.020876173
E60P,-17.089183807373047,-6.296226097999999
H61A,-12.290191650390625,-7.802472852
H61C,-11.277280807495117,-8.312091243
H61D,-12.04500961303711,-8.228525416
H61E,-14.173044204711914,-8.018976467
H61G,-12.62407398223877,-7.889232314
H61I,-14.715282440185547,-7.630515877000001
H61K,-11.801137924194336,-7.394411108
H61L,-10.389885902404785,-10.65341219
H61M,-14.094660758972168,-7.163283157
H61P,-10.666988372802734,-8.479519414
H61Q,-7.37054967880249,-9.31585302
H61R,-5.957924842834473,-8.156727719
H61S,-10.766291618347168,-7.945268117999999
H61W,-13.599603652954102,-7.0173489610000015
H61N,-8.312569618225098,-8.421825566
H61Y,-7.087834358215332,-8.113278294
H61T,-12.527143478393555,-8.017637814
H61V,-14.651963233947754,-8.600283354
Q62S,-10.87862777709961,-7.605055999
Q62A,-10.79435920715332,-7.876330057
Q62C,-13.314706802368164,-8.754688777
Q62D,-13.091156005859375,-8.573516907
Q62E,-8.857767105102539,-8.291473997
Q62F,-12.611475944519043,-8.248443262999999
Q62G,-12.277542114257812,-7.94580487
Q62H,-6.589524269104004,-11.16338007
Q62T,-10.865198135375977,-7.8226903939999985
Q62I,-11.53853988647461,-8.215837317
Q62L,-7.553796291351318,-9.954737133
Q62M,-9.984527587890625,-7.69171442
Q62N,-11.341670989990234,-7.673492493999999
Q62P,-8.887248992919922,-8.635800368
Q62R,-8.240212440490723,-7.733856668
Q62Y,-11.418878555297852,-7.606929489
Q62W,-12.729249000549316,-7.641712044
Q62V,-11.208794593811035,-8.184548738
Q62K,-8.476459503173828,-10.73635768
T63A,-7.918272018432617,-7.952805902000001
T63C,-13.712387084960938,-8.245279466
T63Y,-14.4929838180542,-8.379101162000001
T63W,-18.73354721069336,-8.501848011
T63V,-7.079626083374023,-6.992023251
T63S,-8.273565292358398,-9.533294825
T63R,-13.490632057189941,-8.468314928
T63P,-11.103825569152832,-8.837074284
T63N,-9.875815391540527,-7.499438179
T63M,-7.22093391418457,-7.622764149
T63Q,-12.322068214416504,-7.622013138
T63K,-12.857547760009766,-8.739745027
T63I,-7.27475118637085,-8.085459695
T63H,-13.057598114013672,-8.3843923
T63G,-14.342829704284668,-7.766964627
T63F,-13.641765594482422,-8.341353547
T63E,-15.791990280151367,-8.60404904
T63D,-15.659141540527344,-8.136703857999999
T63L,-10.677085876464844,-7.896377707
Y64M,-17.499963760375977,-7.651723961
Y64T,-15.342214584350586,-7.855149488999999
Y64S,-12.189842224121094,-7.993949069
Y64R,-17.607481002807617,-8.543336805
Y64Q,-16.372323989868164,-7.866619856
Y64P,-17.829233169555664,-7.727944455
Y64N,-12.023414611816406,-10.25360401
Y64L,-13.209949493408203,-8.262608795
Y64W,-15.524104118347168,-8.070722192
Y64I,-14.084049224853516,-8.657939563
Y64H,-10.96090316772461,-8.324672382000001
Y64G,-17.193138122558594,-8.09308749
Y64F,-6.814876079559326,-9.887367454
Y64E,-18.065208435058594,-7.62162371
Y64D,-13.787772178649902,-7.936831081
Y64C,-10.79588508605957,-8.297425995
Y64A,-17.041637420654297,-8.375875534
Y64K,-18.87157440185547,-7.552455612
Y64V,-15.29915714263916,-7.881056502000001
C65W,-14.677511215209961,-6.974962902000001
C65A,-8.563645362854004,-7.901313254
C65E,-16.25311851501465,-7.429364822
C65F,-12.424102783203125,-9.026908026
C65G,-12.220005989074707,-7.283719277
C65H,-14.345479965209961,-7.421464072000001
C65I,-13.357574462890625,-8.128404412
C65K,-14.995577812194824,-6.54762972
C65L,-12.682546615600586,-8.447393534
C65M,-14.873703956604004,-7.68642928
C65N,-12.851034164428711,-6.839521905
C65P,-13.429100036621094,-8.178700948
C65Q,-15.20308780670166,-6.943829075
C65R,-12.755045890808105,-8.127912871
C65S,-9.362419128417969,-11.18201225
C65T,-10.960939407348633,-7.37030043
C65Y,-11.40239143371582,-8.710887378999999
C65D,-15.354438781738281,-8.315386365
C65V,-12.135459899902344,-7.865955502999999
Q66T,-12.905915260314941,-7.395930848
Q66W,-18.533750534057617,-8.803777634
Q66S,-13.440563201904297,-8.430194754
Q66R,-11.266850471496582,-8.609332728
Q66P,-13.382259368896484,-8.942019335
Q66N,-14.504090309143066,-7.202414364
Q66M,-10.266325950622559,-8.218887641
Q66L,-5.859745979309082,-10.82199527
Q66K,-12.448016166687012,-11.527776199999998
Q66I,-11.555144309997559,-6.320121299999999
Q66H,-9.652679443359375,-10.71230515
Q66G,-14.902490615844727,-7.943770757999999
Q66F,-13.778202056884766,-7.621081354
Q66E,-13.235198020935059,-8.838781513999999
Q66D,-16.85087776184082,-8.715634401
Q66C,-16.198989868164062,-8.708980805
Q66A,-12.361961364746094,-8.301352701
Q66Y,-14.525147438049316,-7.846271695
Q66V,-11.17289924621582,-8.557742964
R67W,-13.745885848999023,-8.503884831
R67D,-21.042869567871094,-6.737504542000001
R67V,-16.452009201049805,-7.723624116
R67T,-14.242035865783691,-6.950020623
R67S,-13.698576927185059,-10.09157014
R67Q,-13.360280990600586,-7.686848292
R67P,-16.54781150817871,-7.385736528
R67N,-16.843366622924805,-5.708832002
R67M,-14.614063262939453,-10.31987542
R67Y,-17.201353073120117,-7.397240764
R67L,-12.637139320373535,-7.5674909810000015
R67I,-13.293957710266113,-6.819445547999999
R67H,-12.78463363647461,-5.670319846
R67G,-14.605706214904785,-7.86033393
R67F,-17.027387619018555,-7.322957574
R67E,-18.8035831451416,-9.219158519
R67A,-16.800460815429688,-6.972926779
R67K,-11.275745391845703,-9.610392379
R67C,-12.821978569030762,-7.056573325
T68S,-10.340970993041992,-10.41682227
T68V,-11.798721313476562,-8.050350787000001
T68W,-19.068878173828125,-7.853945319
T68R,-13.751126289367676,-8.477047687
T68Q,-15.111438751220703,-7.470765779
T68P,-14.391426086425781,-10.58204793
T68N,-10.664240837097168,-8.488919774
T68M,-9.968666076660156,-7.851714647
T68L,-13.460700988769531,-8.170197087
T68K,-12.554535865783691,-8.649904098
T68I,-7.520941734313965,-7.868210206
T68H,-16.472389221191406,-7.41262328
T68G,-15.478837966918945,-6.944225763
T68F,-15.204204559326172,-7.55129409
T68E,-16.202552795410156,-7.732171675
T68D,-16.287389755249023,-7.451704077
T68C,-14.367523193359375,-6.299787805
T68A,-8.917282104492188,-11.48006312
T68Y,-17.016292572021484,-7.634918782000001
L69Y,-11.231742858886719,-6.911110719
L69T,-14.299800872802734,-7.598731097000001
L69V,-10.18805980682373,-8.009248937999999
L69A,-14.448391914367676,-7.472694631
L69C,-12.32573127746582,-7.599118667999999
L69W,-12.847705841064453,-6.203288721
L69E,-16.490182876586914,-7.113454622000001
L69F,-7.143664836883545,-7.131458092999999
L69G,-16.195592880249023,-7.055502685
L69H,-11.497129440307617,-6.576572035
L69D,-17.844266891479492,-7.0248392000000015
L69K,-16.466920852661133,-6.914709157000001
L69M,-8.747678756713867,-10.81969518
L69N,-16.32038688659668,-6.7765541670000005
L69P,-11.795308113098145,-8.243420975
L69Q,-11.680147171020508,-9.886677731
L69R,-12.822511672973633,-6.600784936
L69I,-9.637011528015137,-8.01959353
L69S,-11.815224647521973,-7.486518996
R70L,-12.781338691711426,-9.747517613
R70M,-13.626422882080078,-9.16715182
R70N,-14.030590057373047,-8.005802768999999
R70P,-13.909667015075684,-7.964994357999999
R70T,-13.280862808227539,-7.714004638
R70S,-12.178622245788574,-9.80541847
R70W,-12.014650344848633,-8.035393298999999
R70Y,-15.382070541381836,-7.700645589
R70Q,-11.073044776916504,-8.593072541
R70K,-9.17577838897705,-8.602333527
R70V,-15.736062049865723,-8.45875922
R70G,-11.542463302612305,-8.181240062999999
R70I,-14.34550952911377,-8.010550895
R70A,-14.769209861755371,-8.419675654
R70C,-10.554931640625,-9.811628838
R70H,-10.858180046081543,-9.088455154
R70E,-14.862714767456055,-9.171569871
R70D,-16.92755126953125,-7.884580422000001
R70F,-16.88282012939453,-7.955353003
E71Y,-17.638507843017578,-7.228878992
E71W,-20.107391357421875,-7.651350797999999
E71V,-13.130383491516113,-10.04377659
E71A,-13.080641746520996,-7.63247725
E71C,-17.899660110473633,-7.756863756
E71F,-18.098711013793945,-8.105968272
E71G,-11.837191581726074,-7.634658861
E71H,-16.466806411743164,-7.70267845
E71D,-10.095512390136719,-9.526693272
E71K,-11.156892776489258,-8.700147294
E71L,-17.255390167236328,-8.353481053
E71M,-17.65860366821289,-9.783565807
E71N,-15.585302352905273,-7.6351053910000015
E71P,-17.98953628540039,-6.956301813
E71Q,-14.367223739624023,-8.244826977999999
E71R,-14.978178024291992,-7.56058062
E71S,-15.076422691345215,-8.246301021
E71I,-15.7752685546875,-8.047234801
E71T,-16.34572410583496,-7.368762296
I72A,-14.40588665008545,-7.115218437999999
I72H,-17.40562629699707,-7.712244591
I72G,-17.60462760925293,-7.606576733
I72C,-14.591506004333496,-6.878590448
I72E,-16.28818702697754,-8.314622276
I72D,-18.781253814697266,-8.50872085
I72K,-15.695314407348633,-8.315515893999999
I72F,-11.60421085357666,-8.78102815
I72L,-6.512490749359131,-8.683309456
I72Q,-15.856527328491211,-8.632876491000001
I72N,-14.150052070617676,-9.482004201
I72M,-8.19261360168457,-8.754518827
I72Y,-16.359865188598633,-7.29041162
I72W,-17.717697143554688,-8.252985227
I72T,-11.309772491455078,-7.680513086
I72S,-14.246037483215332,-8.575840363
I72R,-15.929816246032715,-9.076744414
I72P,-17.09855079650879,-7.373680236
I72V,-7.498541831970215,-7.6589985989999985
K73G,-8.4422025680542,-8.660459579
K73H,-7.348522663116455,-8.199986197000001
K73I,-8.007194519042969,-10.33578467
K73L,-7.082322120666504,-9.572698764
K73M,-6.2943115234375,-9.243663177
K73N,-5.580212116241455,-10.337499800000002
K73P,-13.002363204956055,-9.230222263
K73R,-2.37312650680542,-8.26986241
K73S,-6.815710067749023,-8.509641522999999
K73V,-8.378877639770508,-8.341515082
K73W,-9.921958923339844,-8.16488256
K73Y,-8.973018646240234,-8.560663801
K73C,-8.057440757751465,-8.981093052
K73D,-10.990191459655762,-8.640409918
K73Q,-5.885589599609375,-8.8066231
K73T,-6.676804065704346,-7.787666541
K73F,-8.983545303344727,-8.517423668
K73E,-8.897485733032227,-9.043629644
K73A,-7.929481506347656,-8.923962271
I74E,-18.80440902709961,-8.713473196
I74G,-19.432174682617188,-8.91413576
I74H,-16.256258010864258,-8.474216474
I74K,-16.50922393798828,-8.373744871
I74L,-7.503437519073486,-8.13738388
I74M,-10.16934585571289,-7.679719027000001
I74N,-12.624690055847168,-10.87435616
I74P,-17.83892059326172,-8.644167477
I74Q,-17.760440826416016,-7.939802504
I74S,-14.728236198425293,-8.104152856
I74T,-10.955520629882812,-7.950131822
I74V,-10.093537330627441,-9.053029015
I74W,-20.545673370361328,-8.877998227
I74Y,-15.955866813659668,-7.933805912
I74A,-15.469382286071777,-8.512062451
I74R,-16.97365951538086,-9.06914628
I74F,-10.974288940429688,-10.45712725
I74D,-18.37547492980957,-7.878114622999999
I74C,-16.65869903564453,-8.144109011
L75V,-12.46640682220459,-7.140090345
L75W,-16.13533592224121,-7.432953791
L75T,-16.18083953857422,-6.619693762000001
L75S,-13.550721168518066,-7.917264983
L75R,-13.732583999633789,-8.041449835
L75Q,-12.972567558288574,-10.09951392
L75P,-13.07853889465332,-6.945942131
L75N,-16.825090408325195,-6.418978103
L75M,-9.518653869628906,-11.08742388
L75K,-17.45602798461914,-7.687135101
L75Y,-17.27981948852539,-6.632615627000001
L75H,-13.684443473815918,-5.979030184
L75G,-17.429792404174805,-7.038887543
L75F,-11.996720314025879,-7.933037508
L75E,-19.539690017700195,-7.042722519
L75D,-19.57691764831543,-7.425069564
L75C,-14.891141891479492,-7.0946222410000015
L75A,-16.651058197021484,-7.188498683
L75I,-11.478209495544434,-6.534428765
L76C,-10.208165168762207,-7.175786455
L76D,-16.7044677734375,-7.003803965
L76F,-9.763396263122559,-7.085509677999999
L76G,-10.798627853393555,-6.45065596
L76H,-10.573443412780762,-6.855027104
L76I,-7.407323837280273,-6.326194619
L76K,-12.392935752868652,-7.329094500000001
L76Y,-12.815174102783203,-6.617085892
L76Q,-9.22804069519043,-9.614631194
L76N,-10.869361877441406,-6.542533185
L76P,-12.966988563537598,-7.73744981
L76R,-5.1464009284973145,-7.099490192
L76S,-9.020537376403809,-6.722724144
L76T,-8.740347862243652,-6.004254893
L76V,-8.202506065368652,-6.094214567000001
L76W,-12.774627685546875,-6.448596641
L76A,-10.678556442260742,-7.025315003999999
L76M,-6.293684005737305,-8.412118802
L76E,-15.514644622802734,-7.431972955
R77M,-9.638147354125977,-7.082177094
R77D,-12.264256477355957,-7.584499097999999
R77Y,-9.370338439941406,-7.581275251
R77W,-9.90138053894043,-9.048683944
R77V,-11.940807342529297,-6.625166546
R77T,-9.469087600708008,-7.237844167
R77S,-8.32268238067627,-6.8223083760000005
R77Q,-6.859402179718018,-8.964692244
R77C,-8.576850891113281,-7.484578994
R77P,-11.427373886108398,-7.538880015
R77L,-7.843216896057129,-11.08829895
R77K,-2.9756669998168945,-7.314739677
R77I,-10.188837051391602,-7.003795099
R77H,-5.605076789855957,-7.400330826
R77G,-8.40522289276123,-7.161305099999999
R77F,-11.714242935180664,-7.523146838
R77E,-10.594036102294922,-6.959977334
R77N,-8.108415603637695,-7.620647927999999
R77A,-10.633849143981934,-7.710928492000001
F78W,-12.58887004852295,-7.5710893010000015
F78Y,-8.697233200073242,-11.38255992
F78C,-8.67180061340332,-7.542243797999999
F78D,-18.06183624267578,-8.457311445
F78E,-18.2818603515625,-8.523049635
F78G,-15.2060546875,-7.926424713999999
F78V,-10.796916961669922,-8.877964152999999
F78H,-13.678037643432617,-8.313215339
F78I,-10.442151069641113,-11.58027374
F78K,-17.472631454467773,-7.85305794
F78A,-14.086174011230469,-6.98613871
F78L,-7.060924053192139,-10.00371159
F78N,-15.775071144104004,-8.417605782
F78P,-15.18542194366455,-8.094786537000001
F78Q,-16.08684539794922,-8.191138088999999
F78R,-15.867459297180176,-8.072037776
F78S,-10.485869407653809,-8.417312676
F78T,-14.507261276245117,-7.041335404
F78M,-11.438541412353516,-7.108053235
R79D,-2.869588851928711,-7.357944429
R79C,-6.236839294433594,-7.7613582810000015
R79K,1.0581332445144653,-8.749153528999999
R79T,-3.085045337677002,-7.110731434
R79M,-4.9765424728393555,-7.24474533
R79N,-0.27486324310302734,-6.75289665
R79P,-9.919093132019043,-8.697936003999999
R79Q,-2.826315402984619,-7.678094464
R79S,-0.8911633491516113,-9.786970829
R79A,1.6092134714126587,-7.121060815
R79V,-1.5244131088256836,-7.652380282999999
R79W,-10.402196884155273,-7.650956562
R79Y,-6.971449851989746,-7.2075530689999985
R79I,-4.996979236602783,-10.72532022
R79H,-3.204634666442871,-7.317439584
R79G,-4.992258548736572,-8.625395147
R79L,-5.227117538452148,-7.885026007
R79F,-5.683564186096191,-7.837492813
R79E,-4.170135498046875,-7.377770243
H80Q,-8.556397438049316,-10.102491699999998
H80P,-12.720041275024414,-7.780786852
H80R,-12.625692367553711,-7.288443019
H80S,-10.345168113708496,-7.114215995
H80W,-16.64435386657715,-6.310582369
H80V,-15.132912635803223,-7.297923775
H80N,-5.354318618774414,-8.220552972
H80Y,-11.625847816467285,-7.801478736
H80T,-12.860257148742676,-7.134950155
H80M,-15.342360496520996,-7.11372137
H80I,-14.225427627563477,-7.44368437
H80K,-12.4755277633667,-6.749173192000001
H80A,-14.226156234741211,-7.281657176
H80C,-11.947667121887207,-6.466056267000001
H80D,-10.973769187927246,-7.246186071
H80L,-13.092935562133789,-10.48038958
H80F,-14.56623649597168,-7.119786294
H80G,-11.189723014831543,-7.598719616
H80E,-14.003233909606934,-6.733503552
E81V,-10.319185256958008,-8.564924113
E81T,-11.678689956665039,-7.019774761
E81H,-11.494488716125488,-7.80258579
E81R,-12.498991012573242,-7.510195792999999
E81Q,-8.760493278503418,-7.379986722000001
E81P,-9.79824447631836,-7.294580177
E81N,-10.170218467712402,-6.66711607
E81M,-15.48721981048584,-7.519826932000001
E81L,-14.195954322814941,-7.472506932999999
E81K,-9.116631507873535,-9.830052429
E81I,-13.538881301879883,-7.425233134
E81S,-11.270228385925293,-7.6678041110000015
E81W,-19.353496551513672,-7.220348581
E81Y,-14.663222312927246,-7.121827825
E81A,-9.996686935424805,-7.539449062
E81C,-15.325830459594727,-7.523938667999999
E81D,-3.729917526245117,-10.30940649
E81F,-16.87236976623535,-7.42397052
E81G,-10.278678894042969,-8.080077701
N82I,-12.468899726867676,-10.81354603
N82A,-12.221854209899902,-7.594813602999999
N82C,-9.33236312866211,-8.13148451
N82D,-11.380304336547852,-7.987206939
N82E,-15.447568893432617,-8.161767206
N82F,-12.827037811279297,-5.243967588
N82H,-8.392176628112793,-7.836782801
N82V,-14.103109359741211,-7.549134073999999
N82T,-11.795147895812988,-8.357998278
N82S,-6.964167594909668,-8.191447921
N82R,-12.57155990600586,-8.213736752
N82Q,-12.4000883102417,-8.000043035
N82P,-15.222734451293945,-8.276550767
N82M,-13.915172576904297,-7.551443634
N82G,-11.044031143188477,-7.703415651
N82L,-13.906983375549316,-8.114229774
N82K,-11.07412338256836,-8.51701704
N82W,-17.4207763671875,-8.621172131
N82Y,-11.390091896057129,-10.37104966
I83W,-15.174518585205078,-7.663388867
I83T,-7.8880109786987305,-6.684354945
I83S,-10.451542854309082,-7.055035221
I83R,-12.41793155670166,-7.8771002339999985
I83Q,-12.608814239501953,-7.412235927
I83P,-13.243861198425293,-8.013817278
I83N,-10.684222221374512,-8.485857952
I83M,-8.001273155212402,-7.7632939689999985
I83K,-11.659178733825684,-7.601728875
I83V,1.3536405563354492,-7.346492006
I83H,-12.886544227600098,-7.918465618
I83G,-10.32814884185791,-6.962827717000001
I83F,-8.585284233093262,-10.27693459
I83E,-10.033395767211914,-7.796761849
I83D,-10.506896018981934,-7.234497667
I83C,-9.635385513305664,-6.700540286
I83L,-6.243626594543457,-7.918675058
I83A,-7.547551155090332,-6.057888652000001
I83Y,-12.005534172058105,-7.522712234
I84V,-4.395274639129639,-7.605487514
I84A,-8.861952781677246,-7.009631137
I84C,-9.940417289733887,-7.226774792
I84D,-13.191801071166992,-8.225692702
I84W,-16.328441619873047,-8.662169998
I84F,-10.440481185913086,-10.51006155
I84G,-12.915526390075684,-7.267194946
I84H,-14.73984432220459,-8.580531512
I84K,-13.106460571289062,-8.50181396
I84E,-13.328203201293945,-8.463886221000001
I84M,-7.385609149932861,-7.368188875
I84N,-9.818172454833984,-10.16997044
I84P,-14.290155410766602,-6.650180519
I84Q,-13.318328857421875,-8.150651247999999
I84R,-14.170114517211914,-8.321642973
I84S,-9.67432975769043,-6.944025653
I84T,-5.131939888000488,-6.173524846
I84Y,-13.286741256713867,-8.274076055
I84L,-6.535612106323242,-8.164139052000001
G85L,-6.94782018661499,-6.660007244
G85K,-3.684774875640869,-7.100637643
G85I,-7.1972174644470215,-6.912765332
G85H,-5.4146599769592285,-6.671679134
G85C,-6.254029750823975,-10.75160899
G85E,-0.836786150932312,-7.074848772
G85D,0.9232430458068848,-9.012953657
G85A,-2.5611443519592285,-7.811833545
G85F,-7.853222370147705,-7.060468367
G85M,-7.454002857208252,-7.319784306
G85Q,-4.332511901855469,-7.10217314
G85P,-7.849318981170654,-7.125426714
G85R,-4.7047343254089355,-6.489243884
G85S,-2.0147576332092285,-8.792937242999999
G85T,-4.6575117111206055,-7.059953806
G85V,-5.578699588775635,-9.920753652
G85W,-10.608925819396973,-5.780165783999999
G85Y,-6.989522457122803,-6.914265832000001
G85N,-2.6857995986938477,-6.599337202999999
I86W,-17.98399543762207,-8.419473588999999
I86V,-5.332453727722168,-5.4539708970000005
I86T,-9.812461853027344,-5.905849653
I86S,-13.110251426696777,-8.515529982999999
I86R,-17.005218505859375,-7.755695557999999
I86Y,-15.001094818115234,-7.57944908
I86P,-16.402301788330078,-6.291689261
I86N,-13.886178970336914,-9.008402304
I86H,-16.609071731567383,-7.419569172999999
I86L,-7.955199241638184,-7.638208302000001
I86K,-15.530385971069336,-7.709509324
I86G,-15.510690689086914,-5.330473218
I86F,-10.567276954650879,-10.24042716
I86C,-12.705636978149414,-6.25137879
I86D,-17.528663635253906,-7.475934538
I86E,-16.879554748535156,-7.145202119
I86M,-8.070055961608887,-7.483742001
I86A,-11.052885055541992,-6.175516955
I86Q,-16.99457550048828,-8.010613002000001
N87P,-10.718791007995605,-7.33838101
N87W,-9.495588302612305,-6.355796421
N87V,-4.711318492889404,-6.055912352999999
N87T,-4.283059120178223,-6.520722401
N87S,-3.5587148666381836,-7.08310326
N87R,-2.522944450378418,-6.782957162000001
N87Q,-2.985499143600464,-6.966938225
N87M,-5.291057586669922,-7.414890142999999
N87Y,-5.429187297821045,-10.80541999
N87L,-4.094386577606201,-6.809586968
N87I,-4.83501672744751,-9.997264342
N87H,-4.41806697845459,-7.836004798999999
N87G,-6.938647270202637,-7.002482933
N87F,-7.867288112640381,-7.264627925
N87E,-6.161428451538086,-7.042648529
N87D,-7.823437213897705,-7.301663174
N87C,-5.920292854309082,-6.079318923
N87A,-6.475343704223633,-6.807395592000001
N87K,-3.256223678588867,-10.39539178
D88Q,-10.32959270477295,-7.432501347
D88R,-12.827905654907227,-6.787439415
D88W,-17.969615936279297,-6.005859406
D88T,-13.323831558227539,-6.918477922999999
D88P,-16.133548736572266,-7.758782932999999
D88S,-10.495116233825684,-7.024419955
D88N,-8.001798629760742,-9.737965354
D88C,-14.473958969116211,-6.667837052
D88L,-14.044437408447266,-6.290064612999999
D88K,-12.870509147644043,-6.850845285
D88I,-14.030769348144531,-6.649686097999999
D88H,-10.04432487487793,-7.66603857
D88G,-11.109469413757324,-7.034996485
D88F,-13.59095573425293,-6.310550881
D88E,-7.562791347503662,-9.686559186
D88Y,-11.786171913146973,-10.28423517
D88A,-13.30872917175293,-7.530929166
D88M,-16.60936737060547,-6.508262768
D88V,-13.485738754272461,-8.240316097000001
I89C,-13.293830871582031,-6.994294821
I89V,-6.520343780517578,-8.376510366
I89A,-13.380359649658203,-7.481589351
I89F,-10.352295875549316,-8.794782246
I89G,-17.191171646118164,-7.043787397999999
I89H,-15.308963775634766,-6.722622155
I89K,-13.253023147583008,-7.6576209089999985
I89L,-7.427229404449463,-7.305176534
I89M,-8.757614135742188,-7.2360954789999985
I89N,-12.88728141784668,-8.79435114
I89P,-15.994256019592285,-7.406441142999999
I89Q,-16.470922470092773,-7.032309747
I89R,-14.996892929077148,-7.705809584
I89S,-12.802128791809082,-7.184835115
I89T,-10.29569149017334,-7.534978004
I89D,-16.256685256958008,-8.040243384
I89W,-18.2377986907959,-8.276162528
I89E,-16.392305374145508,-7.739376449
I89Y,-14.943663597106934,-7.67790512
I90A,-7.500849723815918,-6.245866753
I90Y,-9.815962791442871,-6.202488582999999
I90W,-12.015278816223145,-6.025121314
I90V,-2.1981711387634277,-7.590168668
I90S,-9.319136619567871,-6.4918903
I90R,-8.882125854492188,-6.221127414
I90Q,-7.880608081817627,-6.0375756570000005
I90P,-13.11628532409668,-5.739804516
I90N,-11.02867317199707,-9.826565942
I90M,-3.7119927406311035,-5.596012997000001
I90K,-9.347278594970703,-6.222507145
I90H,-9.917367935180664,-6.683553156
I90G,-12.273131370544434,-6.6163764060000005
I90F,-6.630283832550049,-9.915980723
I90E,-11.674163818359375,-6.563003225
I90D,-14.072393417358398,-6.745592164
I90C,-8.862122535705566,-6.639443513
I90L,-1.335042953491211,-6.972756418
I90T,-5.146551132202148,-7.395769607999999
R91C,-7.075136661529541,-8.167173255
R91G,-8.713554382324219,-6.812938028
R91E,-10.590456008911133,-7.724647555
R91A,-8.668828010559082,-6.981053211
R91Y,-9.095951080322266,-6.915067341
R91W,-9.435608863830566,-6.790319196
R91V,-9.646533012390137,-7.30983985
R91T,-7.958028316497803,-6.159751363
R91S,-7.180600166320801,-11.50577748
R91Q,-6.786740303039551,-7.369601099
R91P,-8.1815824508667,-6.843104286
R91N,-8.377335548400879,-6.622765034
R91M,-9.568703651428223,-7.345137988999999
R91L,-8.186483383178711,-9.803424997
R91K,-4.471429824829102,-6.695655863
R91I,-9.02015495300293,-6.845602576
R91H,-6.2062578201293945,-8.669178797999999
R91F,-9.83576774597168,-7.311864282999999
R91D,-11.694084167480469,-6.777588627
A92Y,-12.228327751159668,-5.309171733
A92W,-16.518657684326172,-5.589511337999999
A92C,-9.748138427734375,-6.443415602999999
A92D,-9.691535949707031,-8.643821709
A92E,-8.958589553833008,-6.115128285
A92F,-11.591747283935547,-5.987744856
A92G,-7.137866973876953,-6.166642691
A92H,-11.362508773803711,-5.870276415
A92I,-6.050559997558594,-6.443112701
A92K,-12.48139762878418,-5.769115833
A92L,-9.948799133300781,-7.109740959
A92M,-9.155808448791504,-6.339299935
A92N,-10.298914909362793,-5.819945714
A92P,-6.461772918701172,-6.150628959
A92Q,-10.086968421936035,-5.752718748
A92R,-13.630715370178223,-6.667373634
A92S,-6.231742858886719,-9.991168978
A92T,-6.160810470581055,-8.923351855
A92V,-4.342422008514404,-8.092946514
P93A,-5.285482883453369,-6.813099407999999
P93C,-9.937690734863281,-7.2191346539999985
P93I,-8.93057632446289,-5.935251927
P93S,-4.987664222717285,-8.508137259
P93Y,-10.445587158203125,-7.065236288
P93W,-13.745784759521484,-6.858845079
P93V,-8.004408836364746,-7.033087227999999
P93T,-5.507768630981445,-11.01206061
P93R,-8.113901138305664,-7.650156181
P93Q,-5.904210090637207,-10.36597314
P93M,-8.65041732788086,-7.264639691
P93N,-6.389627456665039,-7.104982066
P93K,-7.933972358703613,-7.314378047000001
P93H,-7.468570709228516,-7.179475707999999
P93G,-7.606941223144531,-7.013342444
P93F,-9.803218841552734,-6.598077292
P93E,-5.959733009338379,-7.374487341
P93D,-5.809108734130859,-7.302032127
P93L,-7.089306354522705,-8.128034157
T94M,-6.332240581512451,-7.7116780710000015
T94K,-7.153761386871338,-7.492628272
T94L,-5.818848609924316,-7.976772112999999
T94N,-2.1771132946014404,-8.824316753
T94A,-4.130078315734863,-7.520980594
T94V,-5.462380409240723,-7.815771692999999
T94S,0.5386619567871094,-11.17283505
T94I,-4.735361099243164,-8.009087772
T94P,-5.47869873046875,-9.214489787
T94H,-4.9380388259887695,-7.79201966
T94Q,-6.282186508178711,-7.450779138
T94Y,-7.899905681610107,-7.096479815
T94F,-7.519263744354248,-7.794869175
T94E,-8.377635955810547,-7.759816997000001
T94D,-6.565916538238525,-6.907724807999999
T94C,-5.009511947631836,-8.047330019
T94R,-7.396083354949951,-8.296537228
T94W,-11.315671920776367,-7.492757949
T94G,-6.464587211608887,-7.446002485
I95A,-7.175930023193359,-7.129200095
I95Y,-4.594603538513184,-7.469428085
I95M,-2.9538872241973877,-7.573362697
I95D,-12.192567825317383,-7.072795011
I95E,-10.713934898376465,-8.03774678
I95F,-4.857911586761475,-10.3606313
I95G,-10.01693344116211,-6.9667660960000015
I95H,-7.9541473388671875,-7.673998377
I95V,-3.0561938285827637,-7.8851352
I95L,-0.933223307132721,-8.442687344
I95N,-8.676738739013672,-10.60643541
I95P,-7.570646286010742,-6.971943486
I95Q,-7.518342971801758,-7.551344362999999
I95R,-7.865728378295898,-7.106538111
I95S,-7.7067413330078125,-7.626658756
I95T,-6.2861104011535645,-7.583729995
I95C,-8.977749824523926,-7.107818387999999
I95K,-7.747923851013184,-7.336342074
I95W,-8.685558319091797,-7.702524534
E96L,-13.324983596801758,-6.867301735
E96F,-14.954532623291016,-7.07810771
E96G,-8.403938293457031,-6.854306609
E96A,-8.68567943572998,-7.917502377000001
E96H,-10.65747356414795,-6.636516307999999
E96I,-12.80916976928711,-7.075694031
E96K,-9.566315650939941,-9.119448846
E96M,-13.877352714538574,-6.448898987000001
E96D,-0.9271020889282227,-8.534703172
E96N,-8.918724060058594,-6.667569188
E96Q,-9.470233917236328,-6.715039205
E96R,-13.464364051818848,-6.972273298999999
E96S,-10.898226737976074,-7.037618482999999
E96T,-11.357393264770508,-6.533839256
E96V,-10.08080005645752,-8.657337737
E96W,-17.079221725463867,-6.873001624
E96Y,-12.125814437866211,-6.96342495
E96P,-13.6559419631958,-6.967543214
E96C,-14.884516716003418,-6.844018874
Q97T,-7.666808128356934,-7.410420172
Q97Y,-10.674509048461914,-7.580837972999999
Q97S,-6.2927446365356445,-7.323692333999999
Q97V,-7.73103666305542,-7.3292538710000015
Q97P,-9.199922561645508,-8.119095739
Q97N,-6.917362689971924,-7.123073383
Q97M,-8.437819480895996,-7.110943308
Q97L,-7.015428066253662,-10.30305861
Q97K,-8.122076988220215,-9.11828821
Q97I,-9.92043399810791,-6.421587521
Q97H,-5.062742233276367,-10.20659641
Q97G,-7.291970252990723,-7.365239722999999
Q97R,-8.03480052947998,-8.15250171
Q97E,-3.3851590156555176,-7.75521477
Q97D,-6.075225830078125,-8.022052325
Q97C,-10.10392951965332,-7.535818522
Q97A,-3.8194692134857178,-7.831120889
Q97W,-13.00736141204834,-6.928312774
Q97F,-11.231563568115234,-7.5508958060000015
M98A,-12.75008773803711,-7.19439623
M98C,-13.774855613708496,-7.583925497
M98D,-18.088729858398438,-8.178563234
M98E,-16.126998901367188,-7.687188867000001
M98F,-9.945301055908203,-7.93760126
M98G,-16.399076461791992,-7.103398574
M98H,-16.74559211730957,-8.023878462
M98I,-7.718369007110596,-11.24729101
M98N,-14.296088218688965,-7.058260681
M98L,-7.19213342666626,-9.056020778
M98P,-16.39620018005371,-7.692995026
M98Q,-14.031299591064453,-6.9641855470000005
M98R,-14.075142860412598,-7.402809348
M98S,-13.71306037902832,-6.752378955
M98Y,-15.55809497833252,-7.627262907
M98V,-7.426239967346191,-6.349660875
M98T,-10.160183906555176,-7.266467968
M98K,-12.703863143920898,-10.04548698
M98W,-16.48297691345215,-6.879297099999999
K99W,-14.213329315185547,-7.058850312000001
K99A,-13.125242233276367,-8.699037589
K99Y,-10.987945556640625,-7.846198646
K99V,-12.800975799560547,-7.304429748
K99T,-8.940053939819336,-8.661718602999999
K99S,-9.47372055053711,-8.073777598
K99R,-1.6603431701660156,-8.255917469
K99Q,-7.125881671905518,-8.993431865
K99P,-14.160527229309082,-8.58669777
K99N,-5.715615749359131,-11.16741911
K99M,-9.954968452453613,-10.03122959
K99L,-12.039031982421875,-4.66751277
K99H,-8.552469253540039,-8.05612643
K99G,-12.08236312866211,-8.646824232
K99F,-14.837169647216797,-7.808104723
K99E,-9.922197341918945,-8.981852917000001
K99I,-11.727960586547852,-7.209484193
K99C,-9.843772888183594,-7.767066285
K99D,-12.363670349121094,-8.574365198999999
D100I,-15.463613510131836,-6.429337806
D100A,-11.773784637451172,-8.447368812999999
D100C,-15.38241195678711,-6.960295461
D100E,-3.3217859268188477,-9.353160807
D100F,-16.655466079711914,-7.137758718
D100G,-9.85690689086914,-7.165524112000001
D100H,-12.056304931640625,-6.95076975
D100K,-13.42492961883545,-7.028055375
D100L,-16.418106079101562,-7.402294362999999
D100Y,-11.394865989685059,-10.25759414
D100N,-10.201750755310059,-9.172093963
D100M,-16.895633697509766,-6.787912707
D100V,-12.288262367248535,-9.475047331
D100T,-15.161897659301758,-6.631987474
D100S,-13.91928768157959,-6.627842892
D100W,-18.144323348999023,-6.886272536
D100Q,-12.942261695861816,-6.935133186
D100P,-17.01456069946289,-7.5224124639999985
D100R,-16.28797149658203,-6.999142885
V101P,-16.102943420410156,-7.931068586
V101T,-10.326546669006348,-8.173139231
V101W,-16.0471134185791,-8.29601459
V101I,-4.342172145843506,-7.994166296
V101S,-12.99417781829834,-8.442832933
V101R,-14.696147918701172,-8.691152627000001
V101Q,-15.012924194335938,-8.24725674
V101H,-15.252054214477539,-8.605352231
V101A,-8.01697063446045,-8.901761285
V101M,-7.939349174499512,-14.26669659
V101Y,-12.674336433410645,-9.001281671000001
V101C,-8.621725082397461,-8.018513406
V101D,-13.474618911743164,-8.388842145
V101E,-13.07468318939209,-10.7114035
V101N,-13.820353507995605,-8.62192996
V101G,-11.714359283447266,-8.620901127
V101K,-16.129236221313477,-8.86832575
V101L,-7.21750545501709,-10.81574376
V101F,-9.778913497924805,-8.689933036000001
Y102W,-14.791820526123047,-7.196043682000001
Y102K,-17.124542236328125,-8.023952282
Y102T,-15.410393714904785,-8.485351207999999
Y102S,-11.877494812011719,-8.23267051
Y102R,-16.40644073486328,-8.30586213
Y102Q,-14.96937370300293,-8.038445045
Y102P,-18.683815002441406,-8.668177816
Y102N,-10.185056686401367,-10.37794292
Y102M,-16.274503707885742,-7.890900029
Y102L,-13.944377899169922,-7.756456332999999
Y102V,-14.523364067077637,-8.234638586
Y102E,-15.751222610473633,-8.1050221
Y102A,-15.466506004333496,-7.808298593
Y102C,-9.220131874084473,-8.927344442999999
Y102D,-12.517718315124512,-9.069464841
Y102F,-8.039843559265137,-10.04158183
Y102G,-16.560699462890625,-7.362993697
Y102H,-11.255455017089844,-8.202410474
Y102I,-14.975227355957031,-8.20170978
I103Q,-15.626487731933594,-8.326791832
I103A,-14.659953117370605,-8.191435391
I103C,-12.905808448791504,-8.213794392999999
I103D,-15.82079792022705,-8.32529962
I103E,-14.08360481262207,-8.380083674
I103F,-10.9776611328125,-10.122398
I103G,-16.33633041381836,-8.006073858999999
I103H,-15.680290222167969,-8.279972207
I103K,-15.65337085723877,-8.807034675
I103L,-4.912206172943115,-7.700195223
I103M,-8.525891304016113,-7.8847854060000016
I103Y,-15.582026481628418,-7.953237927000001
I103W,-18.342178344726562,-8.648576682
I103V,-5.35048770904541,-7.86976373
I103T,-12.86756420135498,-7.973311839
I103S,-13.591974258422852,-8.429989033
I103N,-14.088376998901367,-9.079259215
I103P,-16.551898956298828,-7.6990659510000015
I103R,-15.227876663208008,-9.011571065
V104E,-13.64471435546875,-8.501474662
V104C,-10.552472114562988,-6.937525698
V104Y,-14.96243667602539,-8.358525555
V104W,-17.77510643005371,-8.639905092000001
V104T,-12.008155822753906,-7.120689866
V104S,-12.943889617919922,-7.884182559
V104R,-15.844942092895508,-8.300347228
V104P,-16.37251091003418,-8.076291219
V104N,-16.064529418945312,-7.9088897660000015
V104M,-10.572157859802246,-7.869505612
V104Q,-16.177194595336914,-8.266692672000001
V104K,-16.87776756286621,-8.319715416000001
V104I,-6.7342000007629395,-8.834248271
V104H,-16.348796844482422,-7.740028993999997
V104G,-11.859830856323242,-7.987177914
V104F,-11.179665565490723,-9.243278082
V104D,-14.298599243164062,-9.358164344
V104L,-9.415390014648438,-8.254531216
V104A,-8.965232849121094,-7.718881262000001
Q105K,-11.560418128967285,-11.40060381
Q105V,-13.008065223693848,-7.113086562
Q105W,-17.242706298828125,-7.673081392
Q105R,-10.896899223327637,-9.273527526
Q105P,-11.725286483764648,-7.920644789
Q105N,-13.249754905700684,-7.028344614
Q105M,-12.991453170776367,-6.94964466
Q105L,-10.475141525268555,-8.772878346
Q105Y,-13.290670394897461,-8.133422287
Q105H,-10.518072128295898,-9.735419881
Q105G,-13.800559997558594,-7.88786245
Q105F,-14.737152099609375,-6.988906125
Q105E,-8.593695640563965,-7.850251722
Q105D,-15.334199905395508,-7.794747481
Q105C,-14.318463325500488,-7.48700089
Q105A,-13.358068466186523,-7.859452609
Q105T,-11.842644691467285,-7.219727255
Q105I,-13.514556884765625,-7.178868999
Q105S,-11.700130462646484,-7.389714442000001
D106T,-7.04258918762207,-6.768123608
D106L,-9.322568893432617,-6.451901585
D106R,-8.59212875366211,-7.159925541000002
D106Q,-7.96213436126709,-6.7628401060000005
D106P,-12.280298233032227,-6.337228292000001
D106N,-5.502651214599609,-8.911805897
D106M,-9.025947570800781,-6.505263157999999
D106K,-8.88019847869873,-6.695790929
D106I,-6.939022064208984,-6.1991152760000015
D106H,-6.460291862487793,-7.365278844
D106G,-7.172179222106934,-6.270292182
D106F,-8.121599197387695,-6.162808618
D106E,-0.4981818199157715,-10.47599576
D106C,0.04677772521972656,-6.627929267000001
D106A,-7.380327224731445,-7.382499872999999
D106W,-11.456375122070312,-6.729366541
D106S,-6.0994133949279785,-7.016889445
D106Y,-6.487856864929199,-9.842108655
D106V,-4.2254204750061035,-8.480747434
L107Y,-11.66976547241211,-8.293537923999999
L107A,-13.847418785095215,-7.829382002000001
L107C,-11.531569480895996,-7.206605333
L107D,-17.490543365478516,-9.205741701
L107E,-16.02219009399414,-7.672226642999999
L107F,-8.860209465026855,-7.865843082
L107G,-17.113048553466797,-8.28073668
L107H,-11.873329162597656,-7.507155665
L107K,-14.529525756835938,-7.261852211
L107I,-8.733593940734863,-7.839632622000001
L107N,-15.096135139465332,-7.907976549
L107P,-12.585668563842773,-5.023117028
L107Q,-10.551850318908691,-9.920415889
L107R,-12.761714935302734,-7.117092418
L107S,-12.669533729553223,-8.489228687
L107T,-14.61899471282959,-8.673024631
L107V,-10.364799499511719,-7.425836017999999
L107M,-7.8043317794799805,-8.788970314
L107W,-13.810468673706055,-7.573592279
M108W,-16.052223205566406,-7.324328398
M108T,-10.897699356079102,-8.058755584
M108Y,-15.631983757019043,-7.681507237999999
M108V,-9.715110778808594,-7.608881547
M108C,-13.411844253540039,-7.328044735
M108S,-13.827046394348145,-7.33650181
M108R,-13.206525802612305,-7.61572568
M108Q,-12.967305183410645,-7.339709943
M108P,-16.12004280090332,-8.826085645
M108N,-14.950485229492188,-7.3596695410000015
M108L,-7.680120468139648,-8.980456009
M108K,-12.20035457611084,-10.18104883
M108I,-9.636739730834961,-11.16548406
M108H,-16.55712890625,-7.361166662
M108G,-16.81114959716797,-7.628737832
M108F,-12.819195747375488,-6.878638057000001
M108E,-14.065797805786133,-7.653416077999999
M108A,-13.619930267333984,-7.863282152999999
M108D,-18.32341194152832,-9.037222513
E109K,-9.905434608459473,-10.13561765
E109A,-9.243392944335938,-7.532556586
E109C,-14.733172416687012,-8.013182544
E109D,-5.838419437408447,-10.81894827
E109F,-16.316804885864258,-7.529402745
E109G,-8.351279258728027,-7.456220256
E109S,-11.814224243164062,-7.2637100110000015
E109R,-13.869651794433594,-8.021437843
E109Q,-9.759445190429688,-8.063549465
E109P,-11.418428421020508,-6.732333229
E109H,-12.733081817626953,-7.757094211
E109M,-14.185376167297363,-7.724989111
E109L,-13.227168083190918,-8.592522392000001
E109I,-13.620000839233398,-7.404322948
E109N,-12.61375617980957,-7.09649208
E109T,-13.239442825317383,-7.2756546910000015
E109V,-10.08210277557373,-9.159397999
E109W,-17.0922908782959,-7.599618665
E109Y,-14.144242286682129,-7.432201559
T110H,-15.460866928100586,-7.497317709
T110E,-16.384788513183594,-8.573396131
T110D,-15.772997856140137,-8.184423628
T110C,-12.183659553527832,-8.071778343
T110A,-8.675312042236328,-8.61918103
T110F,-15.537652969360352,-2.824802005
T110I,-8.648721694946289,-8.254881764
T110K,-11.952693939208984,-8.424848421
T110M,-9.714879989624023,-7.835080551
T110L,-13.814537048339844,-8.307184314
T110P,-12.951364517211914,-9.433881672
T110Y,-16.047698974609375,-8.011407508
T110W,-19.12879753112793,-8.178356671
T110N,-10.072343826293945,-9.005262607999999
T110S,-8.154027938842773,-10.95024826
T110V,-11.803349494934082,-7.938243357
T110R,-13.40276050567627,-7.735508651
T110Q,-14.635811805725098,-8.342168946000001
T110G,-14.952703475952148,-7.500659402
D111E,-9.895061492919922,-9.217059715
D111C,-15.183788299560547,-8.414742588
D111I,-17.522008895874023,-7.64765127
D111W,-19.635608673095703,-7.879296397
D111F,-17.445573806762695,-8.009439748
D111G,-12.23356819152832,-8.174817567
D111H,-12.387396812438965,-7.900505237999999
D111V,-13.474396705627441,-10.02304716
D111Y,-12.744314193725586,-11.40048644
D111M,-20.592453002929688,-8.766208291
D111A,-13.931123733520508,-10.32492383
D111T,-15.330678939819336,-8.485425423999999
D111S,-13.44701862335205,-8.184649543999999
D111R,-17.6765079498291,-8.743448178
D111K,-16.810993194580078,-8.297219902
D111L,-18.544292449951172,-8.459470417999999
D111N,-9.796798706054688,-9.797236356
D111P,-18.059919357299805,-8.050922267999999
D111Q,-17.54467010498047,-8.518389316
L112M,-1.885661005973816,-9.935483242
L112W,-12.746735572814941,-7.856374251
L112V,-7.6787638664245605,-7.72302946
L112T,-10.890135765075684,-7.542289686
L112S,-11.218710899353027,-7.93735952
L112R,-11.47714614868164,-8.14590836
L112N,-14.577241897583008,-7.524368042000001
L112Q,-11.381593704223633,-10.19064697
L112C,-11.094315528869629,-7.534272497000001
L112D,-16.663402557373047,-8.719369153999999
L112P,-12.035419464111328,-9.187538229
L112F,-8.064584732055664,-7.668085626
L112G,-15.184539794921875,-7.493225027
L112H,-12.1849365234375,-7.702956831
L112I,-7.217296123504639,-7.418984612999999
L112K,-14.197859764099121,-7.821085166
L112A,-11.996646881103516,-7.518929057999999
L112E,-14.90120792388916,-8.1579067
L112Y,-14.065011978149414,-8.362764355
Y113L,-10.77321720123291,-7.694158476
Y113V,-13.035589218139648,-8.136266576
Y113T,-12.534345626831055,-7.163439622
Y113S,-7.369779586791992,-7.586552124
Y113R,-13.729445457458496,-8.406141186000001
Y113Q,-8.845812797546387,-7.29434782
Y113M,-13.92747688293457,-7.818380242000001
Y113P,-14.286828994750977,-8.39123879
Y113N,-9.519725799560547,-10.69986392
Y113W,-13.609565734863281,-7.901219984
Y113G,-12.495034217834473,-7.792130843
Y113C,-8.87232494354248,-8.443804128
Y113D,-11.291754722595215,-7.3186751239999985
Y113K,-14.55107593536377,-8.764838025
Y113I,-13.94844913482666,-8.38413231
Y113H,-6.326298713684082,-7.981580522000001
Y113A,-11.1737060546875,-7.598807838
Y113F,-5.91975212097168,-9.534365874
Y113E,-12.83971118927002,-7.221921742
K114A,-14.777587890625,-8.070883563999999
K114C,-13.691815376281738,-8.243825366
K114D,-17.901611328125,-7.857994812999999
K114F,-18.03069305419922,-8.112344383
K114G,-13.326266288757324,-8.836221313
K114H,-12.162857055664062,-8.333928887
K114E,-13.834732055664062,-8.634989877999999
K114L,-14.515811920166016,-8.582115197
K114I,-13.96660327911377,-11.01574775
K114Y,-17.180871963500977,-8.785825968
K114V,-14.602293014526367,-8.408825293
K114T,-11.91762924194336,-8.5435844
K114S,-12.125327110290527,-8.46347202
K114W,-16.065040588378906,-8.686778304
K114Q,-11.112247467041016,-8.813936301
K114P,-17.130409240722656,-8.601223992000001
K114N,-10.331363677978516,-11.59733604
K114M,-12.587322235107422,-8.476366125
K114R,-1.855260968208313,-9.664243803
L115I,-7.828249454498291,-6.944655614
L115C,-11.604192733764648,-7.29828989
L115D,-16.002763748168945,-7.85656391
L115E,-15.313722610473633,-7.862403117
L115F,-10.283001899719238,-6.953565253
L115G,-15.615687370300293,-6.726094778999999
L115H,-11.159991264343262,-6.892391937
L115K,-14.195812225341797,-7.829084886
L115S,-10.972007751464844,-6.632498332000001
L115N,-14.038762092590332,-7.272063952000001
L115P,-11.864242553710938,-7.657170962
L115Q,-11.006173133850098,-10.17533774
L115R,-11.945640563964844,-7.1045727460000005
L115T,-12.271486282348633,-6.975156438
L115V,-8.51750659942627,-7.861410894
L115W,-13.835731506347656,-7.310969091
L115Y,-13.291729927062988,-6.733504767
L115M,-10.24279499053955,-8.166969313
L115A,-13.139039039611816,-7.591923209
L116A,-15.94588565826416,-8.181148906
L116C,-14.568602561950684,-7.71676104
L116Y,-17.051218032836914,-7.98720676
L116W,-15.32935619354248,-7.60891087
L116V,-10.981979370117188,-7.195165978
L116T,-14.154579162597656,-7.099495417000001
L116R,-12.922883033752441,-7.583835287
L116Q,-13.74365520477295,-9.783421812
L116P,-12.990495681762695,-8.559528145
L116N,-17.255126953125,-7.603755209
L116S,-11.81777286529541,-7.55511731
L116K,-15.733512878417969,-7.329415842
L116I,-9.429384231567383,-7.253363384
L116H,-14.47957992553711,-7.57418168
L116G,-16.743627548217773,-7.567436219
L116F,-10.939891815185547,-7.889038302
L116E,-17.811439514160156,-8.267535286000001
L116D,-18.86635971069336,-7.653474366
L116M,-9.47443962097168,-8.505167224
K117H,-13.750617980957031,-7.570551674
K117G,-15.27352237701416,-8.088981375
K117F,-19.029970169067383,-7.696617129
K117A,-15.129122734069824,-8.095132264
K117D,-18.537931442260742,-7.573707256
K117C,-16.861940383911133,-8.132888031
K117I,-14.6806640625,-7.203806362999999
K117E,-11.966545104980469,-8.143823182
K117L,-15.618623733520508,-7.730760056
K117N,-11.499369621276855,-10.86374623
K117Y,-17.90917205810547,-7.352259667999999
K117P,-16.232887268066406,-7.840168912999999
K117Q,-10.328413963317871,-8.259903951
K117R,-7.685707092285156,-8.712690356
K117S,-14.079203605651855,-7.113180667000001
K117T,-12.015508651733398,-7.388655442
K117V,-15.306528091430664,-7.788296647999999
K117W,-17.55189323425293,-7.700813369
K117M,-12.788235664367676,-9.89478997
T118I,-6.3471999168396,-7.919223865
T118H,-7.819483280181885,-7.526672785
T118C,-4.040706157684326,-7.695834746
T118E,-10.282548904418945,-8.034958842
T118D,-10.17277717590332,-7.566152903
T118K,-8.412382125854492,-8.648388339
T118F,-6.663415431976318,-7.26009509
T118L,-5.852487087249756,-7.845825097
T118R,-7.5723748207092285,-7.99581991
T118N,-5.116611480712891,-6.6642415470000005
T118P,-6.208158016204834,-10.05373453
T118Q,-8.234594345092773,-7.605902012
T118S,1.8725194931030273,-9.65308486
T118V,-6.983666896820068,-7.465044653
T118W,-8.850955963134766,-7.455470191
T118M,-6.016641139984131,-7.635997813999999
T118A,-3.2521772384643555,-8.238389857
T118G,-5.875560760498047,-7.852444178
T118Y,-6.927582263946533,-6.487228321
Q119C,-14.072763442993164,-7.362800081
Q119W,-16.48178482055664,-7.39660164
Q119V,-12.28345775604248,-7.775759107000001
Q119T,-11.002323150634766,-7.014591622
Q119S,-10.984062194824219,-6.925574836
Q119R,-11.465472221374512,-7.911388122000001
Q119P,-10.237906455993652,-7.859195753
Q119D,-14.29139232635498,-7.147954202999999
Q119N,-11.31413745880127,-6.626612794
Q119L,-10.290825843811035,-9.183669608
Q119K,-10.087462425231934,-8.140727994
Q119A,-12.283656120300293,-8.083579598
Q119I,-12.464335441589355,-7.202545746
Q119H,-9.23398494720459,-8.984938038
Q119G,-13.000578880310059,-7.882058038999999
Q119F,-14.639435768127441,-7.881062302
Q119E,-11.711286544799805,-7.524112681
Q119M,-12.502411842346191,-7.507054791
Q119Y,-13.002402305603027,-7.842286056
H120T,-2.935915231704712,-7.377732901
H120V,-4.30085563659668,-7.5770157
H120R,-1.5058395862579346,-8.581610458
H120S,-3.1873581409454346,-7.211977622999999
H120Q,0.8912892937660217,-9.246363347
H120A,-3.69010853767395,-7.853104161
H120C,-6.020186424255371,-7.593334404
H120D,-6.363149642944336,-7.568880275
H120F,-7.278620719909668,-7.3015365339999985
H120G,-6.480040550231934,-7.349793326
H120E,-4.144707679748535,-7.767884939
H120K,-2.1122148036956787,-8.007726491
H120L,-4.576315879821777,-10.27048814
H120M,-5.938187599182129,-8.004865527
H120N,-3.0375545024871826,-8.795515609
H120P,-2.014066696166992,-8.349901422
H120Y,-4.591318130493164,-8.195214477999999
H120W,-8.502943992614746,-7.951866763
H120I,-5.475488662719727,-6.746660914
L121V,-10.232730865478516,-7.82755259
L121D,-18.9437198638916,-8.926266577
L121C,-14.206093788146973,-7.954322403
L121A,-15.519376754760742,-7.7137486210000015
L121E,-18.682838439941406,-8.618274134
L121W,-14.034683227539062,-7.997865578
L121T,-14.854806900024414,-7.612413789
L121I,-9.05894947052002,-8.264217036
L121R,-12.460333824157715,-7.8836380089999984
L121Q,-12.47511100769043,-10.12364125
L121P,-10.822380065917969,-7.9815194310000015
L121N,-17.404653549194336,-7.750853252000001
L121M,-11.042154312133789,-10.46027225
L121K,-17.443899154663086,-8.239123748999999
L121H,-12.859618186950684,-7.866182145
L121G,-17.817935943603516,-8.086529507
L121S,-12.941454887390137,-8.51117557
L121F,-9.796512603759766,-7.987088477
L121Y,-14.981413841247559,-8.348921168
S122W,-15.251686096191406,-7.821112094
S122F,-12.149079322814941,-7.539222475
S122G,-9.826215744018555,-7.41639933
S122H,-14.051399230957031,-7.435236748999999
S122I,-13.383675575256348,-8.557218457000001
S122K,-14.723306655883789,-7.659343832
S122L,-10.982736587524414,-8.000935248
S122E,-15.06247329711914,-7.91152262
S122M,-13.493992805480957,-7.7110454389999985
S122P,-12.771026611328125,-7.55700106
S122Y,-12.780407905578613,-7.846473197000001
S122V,-13.812799453735352,-7.09829314
S122T,-6.346667289733887,-6.97404234
S122R,-11.658879280090332,-10.0020701
S122Q,-12.949787139892578,-7.786325481
S122N,-9.988842010498047,-8.908208885
S122C,-9.532646179199219,-8.948675298
S122D,-14.312856674194336,-7.172867822000001
S122A,-9.57070541381836,-7.285272165
N123I,-10.996346473693848,-9.949161743
N123V,-11.373064041137695,-7.438952022
N123W,-15.252510070800781,-8.080125015
N123H,-8.297585487365723,-7.639977293999999
N123G,-9.58760929107666,-7.961970636
N123F,-13.044451713562012,-7.730491665
N123Y,-10.854639053344727,-10.939668800000002
N123E,-11.072134017944336,-7.70801712
N123D,-8.218154907226562,-8.146389804
N123C,-12.38010025024414,-7.979074245
N123A,-10.150744438171387,-7.676056199
N123S,-6.282882213592529,-8.284426574
N123R,-11.977911949157715,-7.747467549
N123Q,-9.29250431060791,-7.92687311
N123P,-12.129800796508789,-7.41023879
N123M,-11.388285636901855,-7.291901697999999
N123L,-11.289864540100098,-7.8547072610000015
N123K,-9.564595222473145,-10.43166156
N123T,-7.548818588256836,-7.360248134
D124H,-11.25246810913086,-7.898522999
D124G,-9.536307334899902,-7.540021462
D124F,-15.771869659423828,-8.174781015
D124E,-7.355194091796875,-9.54730534
D124C,-16.020658493041992,-7.41298381
D124W,-19.03709602355957,-7.293126162999999
D124Y,-12.141035079956055,-10.17200926
D124T,-13.879528045654297,-7.337369666
D124S,-12.369060516357422,-7.843190426
D124R,-15.616597175598145,-7.745674035
D124Q,-13.769770622253418,-7.6466998560000015
D124I,-15.44910717010498,-7.207921426
D124P,-16.325931549072266,-7.660288262000001
D124N,-8.981060028076172,-10.30129812
D124M,-17.722307205200195,-7.483577852000001
D124L,-16.615922927856445,-7.760390642999999
D124K,-14.170626640319824,-7.578064197000001
D124V,-12.638534545898438,-9.061044797
D124A,-11.999427795410156,-9.865003708
H125Q,-8.037775039672852,-10.06565107
H125D,-14.284571647644043,-9.642777852
H125C,-13.982721328735352,-8.677245767999999
H125A,-15.845070838928223,-9.115996617
H125M,-14.637962341308594,-9.09489296
H125S,-14.021842956542969,-9.311335561
H125E,-14.341771125793457,-9.270055298
H125T,-14.29494857788086,-8.480061942
H125N,-11.077415466308594,-10.48764934
H125V,-15.882905960083008,-8.381742048
H125F,-14.858966827392578,-8.495769303
H125G,-15.984661102294922,-9.042270028
H125I,-15.169198989868164,-9.154035413
H125K,-10.1549654006958,-8.452877359
H125W,-16.889820098876953,-8.640535407
H125Y,-9.760971069335938,-8.663177004
H125L,-11.254804611206055,-10.26206477
H125R,-9.372787475585938,-10.24542889
H125P,-11.948409080505371,-8.545076208
I126M,-7.3408989906311035,-8.517441567
I126W,-16.739622116088867,-8.428702034
I126Y,-12.88876724243164,-7.9503795460000015
I126A,-9.844816207885742,-7.477089135
I126C,-9.92582893371582,-8.07163744
I126D,-14.653878211975098,-9.042719139
I126E,-14.358478546142578,-9.476569418
I126G,-12.428604125976562,-8.097647707
I126H,-13.025591850280762,-7.90899688
I126K,-10.044737815856934,-7.715175864
I126F,-10.003753662109375,-9.965355573
I126N,-10.312030792236328,-8.438342271
I126P,-15.097146987915039,-8.286160837
I126Q,-13.524593353271484,-7.962590617999999
I126R,-12.660194396972656,-8.041965093
I126S,-10.489187240600586,-8.480780967000001
I126T,-7.29627799987793,-7.595015022
I126V,-3.8440279960632324,-9.015546236
I126L,-7.982223987579346,-8.501327001
C127I,-11.353641510009766,-7.9326383310000015
C127A,-10.041427612304688,-7.9048877000000015
C127D,-12.735149383544922,-7.650185734
C127E,-14.476404190063477,-8.115630011
C127F,-9.66345500946045,-9.740318169
C127G,-9.054600715637207,-7.5162053
C127H,-11.423260688781738,-7.241022937999999
C127K,-12.714248657226562,-8.009126534
C127V,-11.397238731384277,-7.913968665
C127M,-13.126568794250488,-8.365392605
C127N,-9.981890678405762,-7.526124188
C127P,-13.503059387207031,-7.579050212
C127Q,-11.980388641357422,-7.768254142999999
C127R,-7.441226005554199,-8.333828894
C127S,-5.760921955108643,-10.40521484
C127T,-10.150498390197754,-7.1951737860000025
C127W,-10.61176586151123,-7.731842621
C127Y,-8.966470718383789,-9.705926174
C127L,-11.69316291809082,-8.733061284
Y128V,-13.917045593261719,-8.073332673
Y128T,-13.951738357543945,-7.504582432
Y128W,-12.170978546142578,-7.222538531
Y128A,-14.535745620727539,-7.294170971000002
Y128C,-10.171971321105957,-8.494359137
Y128D,-14.144111633300781,-8.240663569
Y128E,-16.975767135620117,-8.226605292999999
Y128G,-15.321773529052734,-7.444323312000001
Y128H,-10.855829238891602,-7.13095553
Y128I,-15.168740272521973,-8.269687028
Y128F,-8.405505180358887,-10.34102973
Y128L,-11.758016586303711,-9.191705535
Y128M,-15.737358093261719,-8.588072078
Y128N,-12.73812484741211,-9.451446365
Y128P,-16.372520446777344,-7.727735762000001
Y128Q,-15.000992774963379,-8.249666396
Y128R,-14.607511520385742,-7.60974351
Y128S,-10.193863868713379,-7.950186671
Y128K,-16.07805824279785,-7.801635007000001
F129Q,-13.949286460876465,-8.090828722000001
F129R,-15.581287384033203,-8.382257354
F129S,-9.479096412658691,-8.541106748999999
F129Y,-8.770984649658203,-9.663849948
F129V,-9.066120147705078,-7.392438172999999
F129W,-12.740826606750488,-7.725046242
F129P,-14.520099639892578,-8.049900275
F129T,-11.619359016418457,-7.186092339
F129N,-14.534257888793945,-7.253823134
F129K,-17.145530700683594,-8.371631217000001
F129L,-7.0088300704956055,-10.6058532
F129I,-9.163293838500977,-10.48408809
F129H,-12.808629989624023,-7.948640197
F129G,-13.31871223449707,-7.408329332
F129E,-16.02125358581543,-8.528633037999999
F129D,-15.729888916015625,-8.591823717999999
F129C,-10.22691822052002,-7.134769686
F129A,-11.734891891479492,-7.243058003
F129M,-10.41101360321045,-7.679147021
L130F,-8.212119102478027,-7.688192803
L130G,-14.853060722351074,-8.203654012000001
L130H,-11.59678840637207,-8.46951126
L130I,-5.074045658111572,-7.240982108
L130K,-13.875019073486328,-8.297035297
L130M,-5.564866542816162,-9.901913155
L130R,-12.480609893798828,-9.014735133
L130P,-12.266735076904297,-9.877883577
L130Q,-10.260083198547363,-9.996263368
L130S,-10.531475067138672,-8.11499238
L130T,-9.465837478637695,-7.160857485
L130E,-14.796628952026367,-8.871319962000001
L130N,-13.844980239868164,-8.28410548
L130D,-17.5708065032959,-8.946896544
L130W,-14.125051498413086,-8.161455384
L130A,-12.135919570922852,-8.162405273
L130Y,-13.223190307617188,-8.206252112
L130V,-6.544331073760986,-7.389358165
L130C,-11.927077293395996,-7.736810977999999
Y131A,-14.782049179077148,-6.676351456
Y131C,-9.243030548095703,-7.889093711
Y131D,-11.903889656066895,-7.184217901
Y131E,-16.468141555786133,-7.339645382
Y131F,-4.815311431884766,-9.641866959
Y131G,-14.526839256286621,-6.560167085
Y131N,-10.150909423828125,-10.73920758
Y131M,-15.019807815551758,-6.770517439
Y131L,-10.845602035522461,-7.539173651
Y131H,-8.765623092651367,-7.273945005
Y131R,-13.523585319519043,-6.667456222
Y131W,-12.96287727355957,-6.279714382000001
Y131Q,-13.422036170959473,-6.520059952
Y131S,-10.156176567077637,-7.4989835
Y131T,-13.647939682006836,-6.19534193
Y131V,-13.226932525634766,-8.177860197000001
Y131I,-13.494504928588867,-7.274639577
Y131P,-16.019594192504883,-7.441347414
Y131K,-15.94321346282959,-6.6332443670000005
Q132Y,-18.909666061401367,-7.964507796
Q132D,-18.471214294433594,-8.203534283
Q132C,-17.934005737304688,-7.966175023
Q132A,-18.87200927734375,-8.559609435
Q132W,-20.597026824951172,-7.073949799
Q132M,-17.846643447875977,-7.660399235
Q132E,-14.860615730285645,-7.928727761
Q132F,-20.879444122314453,-8.03144585
Q132G,-17.426240921020508,-7.900282374
Q132H,-13.98068618774414,-10.77626809
Q132K,-13.596768379211426,-11.04480362
Q132L,-14.48360538482666,-10.30210948
Q132I,-19.45547103881836,-8.407653402000001
Q132P,-14.871481895446777,-9.115962789
Q132R,-14.158053398132324,-8.645803602
Q132S,-15.397010803222656,-8.938070025
Q132T,-17.023929595947266,-8.053814834
Q132V,-18.577627182006836,-8.102342718
Q132N,-16.022485733032227,-7.735626037
I133V,-6.200595378875732,-7.800658306
I133C,-13.612785339355469,-7.608346712
I133Y,-15.789255142211914,-8.16178827
I133W,-16.496170043945312,-8.553690895
I133T,-4.977547645568848,-7.082358517
I133D,-15.494536399841309,-8.834456848
I133A,-11.506038665771484,-7.253370679
I133R,-12.262788772583008,-8.783624362000001
I133S,-10.554489135742188,-7.839651994
I133P,-13.023260116577148,-8.271575729
I133N,-10.016096115112305,-10.98264338
I133M,-6.432258605957031,-7.731521907999999
I133Q,-11.735114097595215,-7.580819582
I133K,-11.842147827148438,-8.232867552
I133H,-13.6138916015625,-7.989746467000001
I133G,-15.775508880615234,-7.951238213
I133F,-12.153183937072754,-9.714747921
I133E,-14.202069282531738,-8.36088381
I133L,-5.979024410247803,-8.91541895
L134T,-10.95712661743164,-8.123954367
L134Y,-13.172938346862793,-8.313519394
L134D,-17.127676010131836,-8.984741375
L134V,-9.226790428161621,-8.221964065
L134E,-15.42335033416748,-9.025884103
L134W,-14.686906814575195,-8.963608003
L134S,-10.997604370117188,-9.568555638
L134M,-6.4362945556640625,-10.91857108
L134I,-8.583855628967285,-7.58910912
L134N,-14.469137191772461,-8.74420929
L134P,-12.157918930053711,-9.045202074
L134Q,-11.651628494262695,-10.45418967
L134R,-12.394195556640625,-8.732657733
L134C,-10.470223426818848,-7.664311568
L134A,-9.749136924743652,-8.449217478
L134K,-15.382277488708496,-8.678621839
L134F,-7.393585205078125,-8.012154483
L134G,-13.404157638549805,-9.341894359
L134H,-11.91193675994873,-8.143928131000001
R135P,-13.788447380065918,-8.294541223
R135F,-14.944369316101074,-6.798036512
R135G,-10.208285331726074,-7.289235132000001
R135K,-7.237269401550293,-7.57039263
R135Y,-13.304325103759766,-6.571778987
R135W,-12.06391716003418,-6.846755389
R135D,-14.402420043945312,-7.026877707000001
R135C,-7.943966388702393,-9.242590346
R135A,-13.973814010620117,-7.56853282
R135V,-13.371886253356934,-7.069047434
R135L,-10.916524887084961,-8.910316353999999
R135M,-12.133940696716309,-7.604535535
R135I,-12.153451919555664,-6.8679267410000016
R135T,-11.603240013122559,-6.694243704
R135S,-9.995322227478027,-9.1952053
R135E,-12.922123908996582,-7.659189968
R135N,-10.649012565612793,-6.642827525
R135Q,-9.140548706054688,-7.243860203
R135H,-8.794717788696289,-8.419696191
G136I,-15.086838722229004,-8.065865764
G136H,-19.992481231689453,-7.80411297
G136A,-9.906233787536621,-6.977986842000001
G136Y,-21.172229766845703,-8.198979489
G136W,-20.5335693359375,-11.11346053
G136V,-10.781909942626953,-10.39035722
G136T,-13.611947059631348,-7.48047561
G136S,-11.402645111083984,-7.352081579
G136R,-14.1758451461792,-9.722116601
G136Q,-18.350330352783203,-8.385236507
G136P,-19.180782318115234,-7.373454191
G136F,-17.974971771240234,-8.174479421000001
G136M,-17.21463394165039,-8.156741084
G136L,-17.111597061157227,-8.64727127
G136K,-17.256967544555664,-8.59219037
G136C,-12.577810287475586,-8.074587405
G136N,-17.281837463378906,-8.264472895
G136E,-14.161823272705078,-9.47531783
G136D,-16.385269165039062,-8.19459536
L137W,-12.140216827392578,-8.003146476
L137A,-11.755844116210938,-8.378417361
L137C,-11.12172794342041,-7.347533352
L137D,-15.329329490661621,-9.216982361
L137E,-14.012828826904297,-8.837402697
L137F,-7.421487331390381,-7.374687024
L137G,-13.668611526489258,-8.684131822000001
L137H,-10.485424041748047,-9.439946378
L137I,-4.696274280548096,-7.246826706
L137M,-5.660272598266602,-8.287330377
L137N,-12.70271110534668,-9.204434241
L137P,-9.715022087097168,-9.505054223
L137Q,-9.98550796508789,-10.44291012
L137R,-10.005260467529297,-8.738069945
L137S,-10.583778381347656,-8.630605581000001
L137T,-10.622525215148926,-7.589456627000001
L137K,-12.63606071472168,-8.426895207000001
L137V,-6.656304836273193,-6.30516475
L137Y,-12.433470726013184,-8.200961604
K138Y,-16.68314552307129,-7.828526597000001
K138R,-9.001846313476562,-8.96141628
K138Q,-10.48721981048584,-8.501918972999999
K138P,-16.94974136352539,-9.215203059
K138N,-10.764066696166992,-10.49775578
K138M,-12.523240089416504,-7.679227044
K138L,-15.239853858947754,-8.102881092999999
K138S,-13.324951171875,-7.463314392999999
K138I,-14.527016639709473,-10.27065389
K138G,-15.30284309387207,-8.000187035
K138F,-17.83911895751953,-7.379399534
K138E,-11.477760314941406,-8.820367604
K138D,-15.658917427062988,-7.8083897260000015
K138C,-14.536827087402344,-7.525160999
K138A,-14.893172264099121,-7.567176902000001
K138H,-14.569401741027832,-7.254070652999999
K138W,-16.749704360961914,-7.79030715
K138T,-12.27884578704834,-7.687038629
K138V,-15.643749237060547,-7.92740706
Y139V,-14.840288162231445,-8.18094646
Y139T,-15.732473373413086,-7.517578562000001
Y139S,-11.81883716583252,-8.467229846
Y139Q,-12.69122314453125,-8.2480334
Y139P,-15.4955472946167,-8.069558465
Y139N,-12.121611595153809,-10.20276173
Y139M,-17.603923797607422,-8.063746572000001
Y139C,-11.954845428466797,-8.948043627
Y139K,-18.23208236694336,-8.260453619
Y139I,-15.871025085449219,-8.199092988
Y139H,-7.346166133880615,-7.550617805
Y139G,-16.051156997680664,-7.882762856
Y139F,-7.973111629486084,-9.914056786
Y139E,-17.904205322265625,-7.7420005189999985
Y139D,-15.81010627746582,-7.782724068999999
Y139A,-11.537395477294922,-7.668377096
Y139L,-15.01207160949707,-8.397357614
I140C,-10.897150039672852,-8.224883077000001
I140A,-12.557280540466309,-8.333234487999999
I140Y,-14.880195617675781,-7.997468037999999
I140W,-18.072978973388672,-9.092074585
I140V,-4.821864604949951,-8.004574532000001
I140T,-8.968544960021973,-6.526814008
I140R,-13.9131441116333,-9.375125789
I140Q,-14.460416793823242,-8.774271234
I140P,-19.244640350341797,-8.382363836
I140N,-11.739209175109863,-9.081588878
I140S,-12.378511428833008,-8.855531748999999
I140L,-7.551551818847656,-9.297882583
I140K,-9.823193550109863,-9.231575008
I140H,-15.671207427978516,-8.55590424
I140G,-15.749744415283203,-8.074636117999999
I140F,-12.150032043457031,-10.31622048
I140E,-16.417095184326172,-8.601361306
I140D,-16.5346622467041,-8.529324251
I140M,-6.069427967071533,-8.081377072999999
H141I,-16.123329162597656,-7.695778436
H141G,-15.714027404785156,-7.878740371
H141F,-15.931482315063477,-7.588487715
H141A,-15.760766983032227,-7.539634437999999
H141D,-13.965523719787598,-7.642352389
H141C,-16.15849494934082,-7.756403211
H141K,-15.673691749572754,-7.993844544
H141E,-16.32569694519043,-7.701338907
H141L,-12.476998329162598,-11.04429228
H141M,-17.237398147583008,-7.742591855
H141N,-11.38493537902832,-10.71236846
H141W,-18.81922721862793,-7.31657318
H141V,-17.072418212890625,-8.189861122
H141T,-14.514585494995117,-7.71430046
H141Y,-11.265604019165039,-7.954159162000001
H141R,-11.277904510498047,-7.976241937999999
H141Q,-9.611656188964844,-8.234214807
H141P,-12.577878952026367,-9.483411978
H141S,-13.506990432739258,-7.722791609
S142K,-15.444042205810547,-6.760553057999999
S142D,-14.209295272827148,-6.654155157999999
S142E,-16.51063346862793,-7.33651642
S142F,-11.059576988220215,-7.103643197999999
S142G,-8.6504487991333,-7.1635020910000025
S142H,-13.814990997314453,-6.923709842999999
S142I,-12.950660705566406,-6.733697191
S142L,-10.092357635498047,-8.384392816
S142R,-12.250452041625977,-7.214050737999999
S142N,-11.3049898147583,-6.328310313999999
S142P,-10.396875381469727,-8.085255035
S142Q,-14.719198226928711,-7.472669547000001
S142A,-8.936027526855469,-7.355246235
S142T,-8.774657249450684,-8.911980908
S142V,-13.628463745117188,-7.367963725
S142W,-14.122681617736816,-7.184949208
S142Y,-12.436165809631348,-6.327586975
S142M,-13.87543773651123,-7.110935982999999
S142C,-8.846808433532715,-7.420573779
A143C,-11.125656127929688,-7.831272181
A143R,-13.588544845581055,-7.874670556
A143Y,-15.2398681640625,-7.163510698
A143W,-16.89068603515625,-7.179368695
A143V,-9.056266784667969,-8.570530374
A143T,-9.044869422912598,-8.30137099
A143S,-7.530359745025635,-9.010221204
A143Q,-14.600302696228027,-8.044323545
A143P,-11.831690788269043,-8.280432227999999
A143M,-13.520730972290039,-7.310860389
A143N,-13.691980361938477,-7.353514637999999
A143K,-14.615494728088379,-7.282707361
A143I,-13.387624740600586,-7.843251972999999
A143H,-14.957735061645508,-7.363146222
A143G,-8.441326141357422,-7.543863767
A143F,-15.039799690246582,-7.166667127999999
A143E,-13.28128433227539,-8.010289119
A143D,-13.743885040283203,-9.504276293
A143L,-13.574718475341797,-7.989695152999999
N144E,-10.058398246765137,-8.642049371
N144G,-9.232468605041504,-8.240658232000001
N144F,-11.706082344055176,-7.806155005
N144D,-6.34881591796875,-8.664941466
N144Y,-9.473824501037598,-10.26509348
N144A,-9.719364166259766,-7.644462513
N144W,-15.357858657836914,-7.781902815
N144H,-7.88971471786499,-7.603901594
N144C,-10.256304740905762,-8.087325454
N144I,-9.869197845458984,-10.50241483
N144K,-7.823295593261719,-9.056835286
N144L,-12.20498275756836,-8.201242642
N144M,-12.236990928649902,-7.7909133210000014
N144P,-13.587066650390625,-7.742822122000001
N144Q,-9.735489845275879,-8.775687832000001
N144R,-10.92055606842041,-8.538529877
N144S,-5.540689468383789,-8.611686931
N144T,-8.290070533752441,-9.267191925
N144V,-11.128250122070312,-8.385473589
V145T,-12.158646583557129,-7.276762913
V145S,-14.098743438720703,-7.332816127999999
V145R,-16.348140716552734,-8.544554848999999
V145Q,-15.751679420471191,-8.270681359
V145P,-16.67673683166504,-8.447285377
V145N,-15.149879455566406,-7.81011958
V145M,-9.251863479614258,-9.329900259
V145L,-9.577943801879883,-9.507192099
V145H,-16.961984634399414,-8.280028784
V145I,-6.496087074279785,-7.706293406
V145Y,-14.609313011169434,-8.075976861000001
V145G,-13.109222412109375,-7.854029399
V145F,-11.1509428024292,-8.72645393
V145E,-13.2843599319458,-11.03040006
V145D,-13.827557563781738,-8.124760622
V145C,-11.745210647583008,-6.931108179
V145A,-10.052778244018555,-7.256497405
V145K,-16.186973571777344,-8.431936409
V145W,-16.929996490478516,-8.451245349
L146N,-16.572633743286133,-7.640020581
L146W,-16.615997314453125,-6.578883295
L146Y,-16.50669288635254,-7.500202082
L146A,-14.934591293334961,-8.404206619
L146C,-14.878422737121582,-8.202401803999999
L146D,-17.473751068115234,-8.678493951
L146E,-16.89187240600586,-8.357226176000001
L146F,-9.931142807006836,-6.767200133999999
L146G,-17.426862716674805,-8.38395303
L146H,-14.005997657775879,-7.965134381
L146P,-13.055135726928711,-8.499719145
L146K,-16.0405216217041,-7.93029559
L146M,-8.590970039367676,-8.062859074
L146Q,-13.0929594039917,-9.504998559
L146R,-12.924577713012695,-8.371663867999999
L146S,-12.889030456542969,-8.256895451
L146T,-13.786484718322754,-7.9144909860000014
L146V,-9.592679977416992,-8.09114335
L146I,-6.148710250854492,-7.085695993
H147V,-16.151643753051758,-8.715354782999999
H147T,-16.27781867980957,-8.023540647
H147S,-15.34865951538086,-8.588781848
H147R,-13.091486930847168,-9.413886482
H147Q,-12.293630599975586,-10.29297275
H147P,-14.151132583618164,-8.598006557
H147N,-13.835932731628418,-9.531201122
H147M,-18.249271392822266,-8.202113427
H147G,-17.764266967773438,-9.088437271
H147K,-16.208646774291992,-8.976885076
H147I,-15.528520584106445,-8.299470946
H147F,-16.46534538269043,-7.670636647999999
H147E,-17.691219329833984,-8.667331397
H147D,-16.725927352905273,-8.090019912999999
H147C,-15.712671279907227,-8.370049432
H147W,-18.71109962463379,-8.995549214
H147L,-15.07130241394043,-10.33309597
H147A,-16.88796043395996,-8.461865063
H147Y,-12.871931076049805,-8.523865903999999
R148W,-14.986265182495117,-8.839257189
R148A,-18.602920532226562,-9.186035008
R148C,-12.18701171875,-9.170627592
R148D,-18.474451065063477,-8.916312626
R148E,-18.953449249267578,-9.214203034
R148F,-15.748839378356934,-9.155835056
R148G,-14.714851379394531,-9.485049834
R148H,-11.878108978271484,-8.2919909
R148I,-18.14255142211914,-9.405026037
R148K,-14.84011173248291,-9.129648734
R148L,-9.735380172729492,-11.64974901
R148M,-16.83108139038086,-9.346963963
R148N,-17.918638229370117,-8.751037478999999
R148P,-16.154666900634766,-9.05443902
R148Q,-14.429335594177246,-10.31469044
R148S,-14.906768798828125,-9.236772486
R148Y,-16.289958953857422,-9.064644611
R148T,-18.580490112304688,-8.600005058999999
R148V,-18.216167449951172,-9.281864447
D149F,-20.28396224975586,-8.458088565
D149Y,-15.202357292175293,-11.66877495
D149W,-21.27766990661621,-8.659954982
D149V,-16.15543556213379,-10.49742377
D149T,-20.505741119384766,-8.119724362000001
D149S,-17.55698013305664,-7.878263941
D149R,-19.386703491210938,-9.114983677
D149Q,-20.209091186523438,-9.131501588
D149P,-22.424623489379883,-8.639489604
D149N,-12.936620712280273,-9.263452565
D149M,-22.411653518676758,-8.882506551
D149L,-20.730857849121094,-9.344988878
D149K,-19.19353485107422,-8.782257717
D149I,-19.862672805786133,-8.370403936
D149H,-14.923781394958496,-8.592317138
D149G,-12.533573150634766,-9.007434726
D149E,-13.753374099731445,-9.760749594
D149A,-17.08295440673828,-10.97682559
D149C,-18.96274185180664,-8.806978438
L150D,-21.30685043334961,-8.913999033
L150A,-18.668363571166992,-7.383629399
L150Y,-20.23668670654297,-7.582202962
L150W,-18.363500595092773,-8.896684821000001
L150V,-12.774089813232422,-7.280494497999999
L150T,-18.510360717773438,-7.208084819
L150S,-16.279817581176758,-8.752345542
L150R,-15.488932609558105,-8.53276516
L150Q,-12.968302726745605,-10.03695231
L150C,-16.556209564208984,-7.606738781000002
L150N,-19.90274429321289,-8.15509339
L150M,-10.582623481750488,-9.913048118
L150K,-18.047985076904297,-8.413372648
L150I,-10.571601867675781,-7.345054445
L150H,-17.015626907348633,-7.922146352
L150G,-19.844112396240234,-8.4276181
L150F,-13.185708045959473,-7.672195941
L150E,-19.318904876708984,-8.973940134
L150P,-15.376204490661621,-9.165930477
K151H,-15.793424606323242,-8.344498421
K151G,-17.060523986816406,-8.807735554
K151C,-17.642562866210938,-9.236114502
K151E,-13.560203552246094,-9.146086609
K151D,-16.779552459716797,-8.012017731
K151I,-14.366037368774414,-8.209261586
K151F,-17.17565155029297,-9.247091193
K151L,-15.503510475158691,-8.958675147000001
K151R,-11.993802070617676,-9.573050418
K151N,-11.421173095703125,-9.407720806
K151P,-17.576440811157227,-8.23811251
K151Q,-12.297529220581055,-10.06225761
K151S,-14.218720436096191,-7.961960042999999
K151T,-11.424906730651855,-9.073980291
K151V,-15.549712181091309,-9.164272258
K151W,-19.173812866210938,-9.133687908
K151A,-15.447815895080566,-8.79736481
K151M,-14.797181129455566,-10.06339957
K151Y,-17.496580123901367,-8.459357557
P152W,-21.400558471679688,-9.231790572
P152S,-12.893969535827637,-8.853699341
P152Y,-19.603458404541016,-8.490655185
P152T,-12.173482894897461,-9.030975541
P152V,-13.630678176879883,-7.479524807000001
P152N,-17.14417266845703,-7.9234526
P152M,-17.77411460876465,-8.695510902999999
P152L,-12.1790771484375,-8.975447181
P152K,-17.411067962646484,-8.861999887
P152I,-15.22789192199707,-7.641760913
P152H,-15.10325813293457,-10.69092772
P152G,-17.234647750854492,-7.45904062
P152F,-19.105323791503906,-8.208617971
P152E,-19.849220275878906,-9.873840632
P152D,-19.269512176513672,-8.731090766
P152C,-14.398014068603516,-7.804042203
P152A,-12.74605941772461,-8.44000637
P152R,-16.08595848083496,-9.091352047
P152Q,-15.06589412689209,-9.019507168
S153W,-14.881621360778809,-8.886129699
S153T,-10.4334077835083,-7.3344152189999985
S153A,-10.19397258758545,-7.560288641
S153Q,-13.85210132598877,-7.872621473
S153P,-12.736032485961914,-5.767602966
S153N,-10.223844528198242,-8.585381609
S153M,-15.480280876159668,-7.758742597
S153L,-12.166512489318848,-8.64409635
S153K,-14.196636199951172,-8.886360213
S153I,-14.04066276550293,-9.389700755
S153H,-14.160676956176758,-7.561296302000001
S153G,-8.35755443572998,-7.065621362000001
S153F,-13.8605318069458,-8.360021419
S153E,-13.270606994628906,-7.539555091
S153D,-13.566437721252441,-6.931520972
S153C,-12.575080871582031,-9.784057738
S153R,-10.81340503692627,-10.14343575
S153V,-14.893131256103516,-8.630237756
S153Y,-14.075828552246094,-8.692904306
N154P,-15.033737182617188,-8.325114948
N154K,-11.484098434448242,-9.829206419
N154L,-13.533430099487305,-9.689638914
N154M,-14.325687408447266,-9.298882777
N154G,-10.991275787353516,-8.955420614
N154Q,-13.454302787780762,-9.315286466
N154R,-14.642098426818848,-9.069971801
N154S,-9.597160339355469,-9.564496471
N154T,-11.826828956604004,-10.07441152
N154V,-12.53831958770752,-9.311083676
N154W,-18.297636032104492,-8.495335725
N154Y,-14.765201568603516,-10.30871417
N154F,-14.951892852783203,-8.781423546000001
N154E,-14.34126091003418,-9.448354481
N154D,-9.963112831115723,-8.712717082000001
N154I,-12.532000541687012,-11.38040608
N154C,-14.908610343933105,-8.811079962
N154A,-12.406562805175781,-8.884689169
N154H,-12.704354286193848,-9.130212976
L155T,-14.565242767333984,-6.768524502000001
L155A,-16.473941802978516,-7.945382607999999
L155S,-14.60517406463623,-7.921083471
L155R,-14.993474960327148,-8.108005439
L155Q,-12.764460563659668,-10.56426014
L155P,-16.384519577026367,-8.854365093
L155N,-15.250808715820312,-7.644853757999999
L155M,-8.32611083984375,-9.884133763
L155K,-16.94510269165039,-8.003012037000001
L155I,-5.751276969909668,-6.536864122000001
L155H,-14.210853576660156,-8.227459393
L155G,-18.44316291809082,-8.576685517
L155F,-11.781246185302734,-8.51712715
L155E,-19.53628921508789,-8.26883588
L155C,-13.799493789672852,-7.555495671
L155V,-8.633508682250977,-6.711888367
L155W,-18.040077209472656,-7.888657608
L155Y,-16.65559959411621,-8.210887408
L155D,-18.907018661499023,-8.477082257000001
L156H,-14.097834587097168,-8.514110724
L156I,-11.570011138916016,-7.045824587
L156K,-16.340007781982422,-8.765265582
L156M,-12.208593368530273,-9.273523778
L156N,-16.85818862915039,-8.550744262
L156P,-12.342212677001953,-8.445675127000001
L156Q,-12.800026893615723,-10.36673031
L156E,-17.349409103393555,-9.258936475
L156S,-13.31173324584961,-8.728660212000001
L156T,-16.79911231994629,-7.773986946
L156V,-11.928359031677246,-7.436038289
L156W,-16.974502563476562,-8.773569486
L156Y,-15.665437698364258,-8.97608076
L156D,-16.941396713256836,-9.151261653
L156A,-15.596794128417969,-9.081557777
L156R,-13.00350570678711,-8.783799489
L156C,-15.555341720581055,-8.056357528
L156F,-11.639920234680176,-8.60940355
L156G,-16.7678165435791,-9.475544049
L157E,-14.874481201171875,-9.194273592
L157C,-11.93171215057373,-7.635651439
L157A,-10.275766372680664,-8.221147375
L157H,-11.942817687988281,-7.877053254
L157F,-9.473194122314453,-8.403320347000001
L157I,-4.606104850769043,-7.758704271
L157K,-13.333541870117188,-8.53538268
L157M,-7.624777317047119,-8.546211795
L157N,-12.463744163513184,-8.689230754
L157P,-11.711113929748535,-8.936288802
L157Q,-11.706146240234375,-10.04750396
L157R,-11.543253898620605,-8.593997475
L157S,-11.205597877502441,-8.106837902999999
L157T,-11.430742263793945,-7.824513051
L157V,-7.1898932456970215,-7.554832217
L157W,-14.584295272827148,-7.638406022000001
L157Y,-12.906126022338867,-8.286286127999999
L157D,-14.245718955993652,-9.468245428
L157G,-15.233369827270508,-8.102950596
N158W,-19.35609245300293,-8.89287014
N158E,-14.937837600708008,-8.551615946
N158V,-14.885019302368164,-8.060353306
N158T,-9.685620307922363,-8.826143429
N158S,-8.296403884887695,-11.89725485
N158R,-15.598342895507812,-8.305006391000001
N158Q,-14.705085754394531,-7.992984632000001
N158P,-15.661654472351074,-8.811309447000001
N158Y,-13.422595024108887,-9.336756577
N158L,-15.257823944091797,-8.775305616
N158I,-13.371045112609863,-11.04527491
N158H,-11.996105194091797,-8.338544406
N158G,-12.749640464782715,-8.35820299
N158F,-15.988288879394531,-8.016592716
N158A,-13.215598106384277,-8.346476015
N158C,-14.944538116455078,-7.992681527
N158D,-9.968232154846191,-8.396165767000001
N158K,-11.411221504211426,-10.41411121
N158M,-16.001760482788086,-7.564818703999999
T159V,-9.079157829284668,-8.33789906
T159W,-13.703559875488281,-8.397228254
T159P,-10.442922592163086,-8.885520424
T159S,-5.078532695770264,-10.36336764
T159R,-8.940946578979492,-8.339864638
T159Q,-9.580098152160645,-8.609636444
T159N,-7.0451788902282715,-9.095876634
T159M,-7.894474029541016,-8.088026217000001
T159Y,-11.100603103637695,-8.453823117999999
T159K,-6.649147033691406,-8.388327056
T159L,-10.030583381652832,-8.467953554
T159H,-11.303908348083496,-7.971540566
T159G,-10.601966857910156,-7.765376451
T159F,-12.146306991577148,-8.121111858999999
T159E,-10.902154922485352,-8.660049376
T159D,-12.141519546508789,-7.907990223
T159C,-11.29585075378418,-8.657624053
T159A,-6.090795516967773,-8.321724377
T159I,-8.511165618896484,-8.548774291
T160H,-11.152074813842773,-7.888529827999999
T160G,-13.627447128295898,-7.74496613
T160F,-12.217986106872559,-8.155329521
T160E,-13.261980056762695,-8.347607686
T160W,-16.542518615722656,-7.983759068999999
T160C,-12.48855972290039,-8.286785284
T160A,-8.997243881225586,-8.228824333
T160I,-7.5168914794921875,-8.423921611
T160D,-11.264561653137207,-7.293333106
T160K,-11.457382202148438,-8.895664989
T160L,-7.1358561515808105,-7.727816569
T160M,-5.3745808601379395,-7.541206942
T160N,-6.623493194580078,-7.342219452999999
T160P,-13.413618087768555,-8.224955141
T160Q,-10.861943244934082,-7.657909247
T160R,-12.741593360900879,-8.488828889
T160S,-8.117243766784668,-10.74468128
T160V,-8.853666305541992,-7.834330344
T160Y,-12.368134498596191,-7.556166167000001
C161A,-13.642500877380371,-7.721375637
C161W,-11.624227523803711,-7.8171287839999986
C161D,-15.257567405700684,-8.067648984
C161E,-16.25539207458496,-9.059684957
C161F,-10.221834182739258,-9.682928531
C161G,-8.981209754943848,-6.995009487999999
C161H,-14.702108383178711,-7.554544011
C161I,-14.331363677978516,-7.897306395
C161N,-12.808984756469727,-6.9417984420000005
C161L,-12.391448974609375,-7.616154385
C161M,-13.257553100585938,-8.256045332000001
C161P,-15.99277114868164,-6.708960146
C161Q,-15.495353698730469,-8.381963693
C161R,-11.627671241760254,-8.88503524
C161S,-9.927175521850586,-11.15095655
C161T,-14.14423942565918,-6.848651996
C161V,-13.975017547607422,-7.608545937000001
C161K,-15.560794830322266,-8.518141613
C161Y,-9.624174118041992,-9.690469808
D162N,-5.972105503082275,-9.811687023
D162A,-9.746255874633789,-7.834064181
D162G,-9.023069381713867,-7.625416784
D162H,-8.53201675415039,-6.778661529
D162I,-12.094282150268555,-6.837813099
D162K,-10.302618026733398,-6.61976771
D162L,-12.60708236694336,-7.216939358999999
D162M,-13.17226505279541,-6.753180327000001
D162F,-13.597431182861328,-7.429149012000001
D162P,-16.767242431640625,-7.08354499
D162R,-12.156791687011719,-7.135459469
D162S,-9.364144325256348,-6.82222859
D162T,-10.928271293640137,-6.695182151
D162V,-9.032297134399414,-8.696561074
D162W,-15.791641235351562,-6.560404449
D162Y,-10.064765930175781,-9.660072863
D162Q,-11.44715690612793,-6.489583306
D162E,-7.543778419494629,-10.43222292
D162C,-12.38991928100586,-6.919421551
L163A,-14.748658180236816,-7.418287843
L163D,-17.227750778198242,-8.350400113
L163E,-15.704184532165527,-7.883413282
L163F,-10.154488563537598,-7.459577897999999
L163G,-16.11245346069336,-7.257006321
L163H,-12.378403663635254,-8.188922168
L163I,-8.9052095413208,-6.983791999
L163K,-15.361080169677734,-7.814501747
L163Y,-14.528709411621094,-8.318361402999999
L163M,-8.106325149536133,-8.307348937
L163P,-11.808748245239258,-8.950018771
L163Q,-11.850442886352539,-10.70873086
L163R,-12.838626861572266,-8.410454322
L163S,-12.050172805786133,-8.261787827000001
L163T,-13.92509651184082,-7.700221137000001
L163V,-9.00390625,-7.216597577999999
L163W,-14.393516540527344,-7.952413034
L163N,-15.946352005004883,-7.804857067
L163C,-13.328901290893555,-7.19333543
K164E,-10.505941390991211,-8.449003147
K164D,-16.114173889160156,-7.701234665
K164A,-13.659059524536133,-7.87586786
K164C,-15.904592514038086,-7.994895887
K164Y,-16.06985855102539,-8.223896767000001
K164W,-16.239479064941406,-7.700030115
K164T,-9.824395179748535,-7.703969587
K164S,-12.123318672180176,-7.802851423
K164R,-6.043575763702393,-8.595548904
K164Q,-8.028690338134766,-8.426204492
K164V,-12.993213653564453,-7.981402417999999
K164N,-10.146217346191406,-10.88809503
K164M,-8.973411560058594,-8.135582234
K164L,-12.869802474975586,-8.089173034
K164I,-11.740288734436035,-10.19807786
K164H,-12.932746887207031,-8.448326572000001
K164G,-14.242395401000977,-8.572162116
K164F,-16.99520492553711,-8.189766035
K164P,-16.67367172241211,-9.24047848
I165P,-17.441417694091797,-8.591682496
I165Q,-16.719005584716797,-8.532119709
I165R,-16.444177627563477,-8.643211178
I165W,-19.955068588256836,-8.076154926000001
I165T,-11.060004234313965,-7.958932507999999
I165V,-4.598944664001465,-8.662192675
I165N,-12.754450798034668,-11.14774255
I165S,-13.32282543182373,-7.833699011
I165M,-11.051396369934082,-7.820980769
I165D,-14.822566986083984,-8.87812965
I165K,-15.395715713500977,-8.645560237
I165H,-17.5257625579834,-7.965292977000001
I165G,-15.11599349975586,-8.781347288
I165F,-13.375114440917969,-11.01179854
I165E,-15.630126953125,-8.702879067000001
I165C,-16.333404541015625,-7.720227314
I165Y,-17.509492874145508,-8.227160182
I165L,-8.470165252685547,-8.582254612
I165A,-14.515286445617676,-8.201277357999999
C166Y,-13.9891996383667,-10.24358603
C166D,-17.151960372924805,-8.333276123
C166W,-14.915465354919434,-7.974609996
C166V,-15.342217445373535,-8.125877865
C166A,-14.021577835083008,-6.803834072000001
C166K,-17.74087905883789,-9.113861535
C166P,-18.14044189453125,-9.115082862
C166R,-12.395883560180664,-9.517590653
C166S,-12.479126930236816,-11.01712888
C166T,-15.56099796295166,-8.772609763
C166N,-16.698619842529297,-8.124302718
C166M,-16.175127029418945,-8.00436188
C166L,-12.74533462524414,-8.784873222
C166I,-14.598584175109863,-7.975667275
C166H,-16.77753257751465,-8.40307129
C166G,-11.795580863952637,-7.165386785
C166F,-13.632044792175293,-9.976405742
C166E,-18.761119842529297,-8.786402204
C166Q,-17.790538787841797,-8.811866718
D167Y,-16.105043411254883,-12.11798081
D167T,-18.098426818847656,-8.611868031
D167S,-15.379201889038086,-8.321302085
D167R,-19.363418579101562,-8.186643028999999
D167Q,-20.505489349365234,-8.223347517
D167P,-20.55895233154297,-8.46847354
D167N,-12.624364852905273,-12.91592102
D167V,-16.917198181152344,-10.69410744
D167M,-20.765811920166016,-8.116937668
D167K,-17.44911003112793,-8.202788614
D167I,-19.028549194335938,-8.055131373
D167H,-16.403507232666016,-8.750922382999999
D167G,-13.011052131652832,-8.620768893
D167F,-19.317161560058594,-8.23372931
D167A,-16.832033157348633,-10.24011376
D167L,-19.767139434814453,-7.729057372000001
D167W,-22.468395233154297,-7.856042948
D167E,-13.917350769042969,-8.969266913
D167C,-19.64622688293457,-8.132972814
F168Q,-17.279706954956055,-8.862564687999999
F168S,-15.19874095916748,-9.448774026
F168A,-16.81072425842285,-7.779263357
F168T,-17.9974422454834,-7.602948151
F168V,-15.770779609680176,-7.904849676
F168W,-17.85462760925293,-8.937350497999999
F168Y,-14.533361434936523,-9.293285845
F168P,-17.72347068786621,-7.925897245
F168N,-18.581449508666992,-8.103081004
F168M,-16.681955337524414,-8.139797572
F168L,-12.403597831726074,-10.64456573
F168K,-19.64434051513672,-8.470432243
F168I,-16.631027221679688,-10.33405003
F168H,-16.56174659729004,-7.68031604
F168G,-17.63176727294922,-7.94105597
F168E,-17.408308029174805,-8.665522662999999
F168D,-17.249759674072266,-7.897537491
F168C,-17.078706741333008,-7.937592419
F168R,-18.127105712890625,-8.676205867
G169L,-16.93728256225586,-8.312625913
G169C,-13.578335762023926,-11.27287263
G169Y,-16.73235511779785,-7.792320927
G169W,-13.480697631835938,-7.925557092000001
G169V,-12.942813873291016,-9.876873438
G169T,-15.722267150878906,-7.481373531
G169S,-9.88125991821289,-8.746593472
G169A,-11.949115753173828,-9.092361054
G169Q,-16.822887420654297,-8.443372864
G169P,-19.605907440185547,-8.146998593
G169R,-12.520831108093262,-8.251386147
G169M,-17.44305419921875,-8.354790728
G169K,-16.473697662353516,-8.476063374
G169I,-17.468223571777344,-7.430760364
G169H,-16.4328556060791,-8.144054857999999
G169F,-17.510021209716797,-8.124583316
G169E,-12.57554817199707,-8.424311961
G169D,-11.738597869873047,-9.086198973
G169N,-14.365652084350586,-6.239005043
L170Q,-14.561031341552734,-9.360934151
L170Y,-18.597267150878906,-8.608962789
L170W,-19.085159301757812,-8.317179663
L170V,-14.532499313354492,-7.761464417000001
L170T,-17.163230895996094,-8.048743577
L170S,-14.680587768554688,-7.628537685
L170R,-15.599303245544434,-8.238807217
L170P,-15.573575019836426,-8.749235551
L170E,-21.893814086914062,-8.309959205
L170M,-12.335522651672363,-9.432857857
L170K,-20.414836883544922,-8.657958667
L170I,-12.57592487335205,-7.813194506
L170H,-15.083385467529297,-8.771052374
L170G,-20.7568416595459,-7.909392116
L170F,-13.56964111328125,-7.8103281560000015
L170D,-22.8951473236084,-8.4907234
L170N,-18.818994522094727,-8.2558221
L170A,-18.672367095947266,-8.471440347
L170C,-19.532649993896484,-7.946930534
A171Q,-16.272964477539062,-8.985460421
A171R,-16.606266021728516,-9.015907972
A171V,-13.582115173339844,-8.788932088
A171T,-11.00172233581543,-9.953942735
A171P,-16.968257904052734,-8.996042776
A171W,-21.823150634765625,-8.32773384
A171Y,-19.807096481323242,-8.304542856
A171S,-8.353872299194336,-9.893658429
A171N,-15.438985824584961,-7.981546187999999
A171H,-17.62177085876465,-8.787669747999999
A171L,-16.325157165527344,-9.138372824
A171K,-15.904783248901367,-9.038245256
A171I,-15.252442359924316,-7.93159712
A171G,-12.08505630493164,-8.096909526000001
A171F,-18.636104583740234,-8.457801408
A171E,-18.693742752075195,-8.775671245
A171D,-17.88825225830078,-8.938571345
A171C,-11.237115859985352,-7.281378953
A171M,-15.756965637207031,-8.214229174
R172C,-10.975805282592773,-8.6824419
R172A,-17.25811767578125,-9.175231301
R172E,-18.99748992919922,-9.373438228
R172Y,-16.42877197265625,-8.320837297
R172W,-13.11342716217041,-8.393790179
R172V,-17.8220272064209,-8.616727424
R172T,-16.577178955078125,-8.575246177
R172S,-13.954593658447266,-8.787629186
R172Q,-13.293457984924316,-10.05681833
R172P,-15.011139869689941,-8.761163398999999
R172N,-18.496618270874023,-8.794943507000001
R172M,-17.631853103637695,-8.732181283
R172L,-14.69011116027832,-11.84377049
R172D,-18.497909545898438,-8.651454526
R172I,-17.166715621948242,-8.849951306
R172H,-10.901374816894531,-7.674803154
R172K,-13.522417068481445,-8.590367576
R172F,-17.863304138183594,-8.13031615
R172G,-13.588946342468262,-9.338688424
V173L,-4.7251691818237305,-9.612757412
V173N,-10.46468448638916,-8.621908035
V173T,-6.652604103088379,-8.55483791
V173W,-12.26632308959961,-7.672373518
V173Y,-10.9605712890625,-7.830399832
V173R,-8.85159683227539,-8.704387114
V173S,-2.7022433280944824,-8.914246901
V173Q,-10.30929183959961,-9.248804042
V173P,-8.494224548339844,-8.36274968
V173C,-8.70201587677002,-8.081235228999999
V173D,-9.817703247070312,-8.301012008999999
V173E,-8.734350204467773,-10.69406365
V173F,-7.68604850769043,-8.21801319
V173G,-8.45585823059082,-8.784935452000001
V173I,-3.2325329780578613,-7.775614653
V173K,-10.752030372619629,-9.071471456
V173A,-6.419789791107178,-8.969909514
V173M,-6.710285186767578,-9.14428298
V173H,-11.06252670288086,-8.274183271
A174P,-7.693546772003174,-8.479389575
A174Q,-9.129188537597656,-8.1245829
A174W,-12.304349899291992,-7.322622208999999
A174T,-6.151055335998535,-9.616308656
A174N,-9.892524719238281,-7.793345668
A174M,-8.969531059265137,-6.97291569
A174L,-9.013700485229492,-7.519311212000001
A174K,-11.609148025512695,-7.466496792999999
A174I,-8.899846076965332,-7.264584571
A174V,-5.706195831298828,-10.34736439
A174G,-7.411596298217773,-8.008614693
A174F,-10.134597778320312,-6.7954723470000005
A174E,-9.298002243041992,-9.214968165
A174D,-9.36316204071045,-8.111272974
A174C,-8.862722396850586,-7.573986337000001
A174H,-11.268407821655273,-7.525640792999999
A174S,-5.008601188659668,-10.02790793
A174Y,-11.035684585571289,-6.947768062000001
A174R,-11.28185749053955,-8.015476252000001
D175P,-13.672627449035645,-7.428054431
D175N,-7.2266340255737305,-8.953160537
D175K,-11.83426570892334,-8.156423777999999
D175L,-10.92332649230957,-8.328552201
D175F,-11.475509643554688,-7.787148027000001
D175G,-10.41481876373291,-8.959915141
D175M,-13.481332778930664,-8.211445811
D175Q,-12.583013534545898,-8.594286701
D175V,-8.200935363769531,-10.09061015
D175S,-10.37828540802002,-7.870544674
D175T,-10.82630729675293,-7.808989666
D175W,-16.94437599182129,-7.66218322
D175Y,-10.64377212524414,-10.35072501
D175A,-9.984272003173828,-11.00937212
D175H,-10.683154106140137,-7.449906894
D175C,-12.760354042053223,-7.680694474
D175E,-8.522748947143555,-9.456905637
D175R,-13.838841438293457,-8.286297402999999
D175I,-9.993942260742188,-7.304831017000001
P176V,-9.008745193481445,-8.328226957
P176R,-10.500224113464355,-8.849045097000001
P176T,-7.643894195556641,-11.16549728
P176A,-7.154477596282959,-8.60175018
P176C,-11.676129341125488,-8.66347705
P176Y,-11.128646850585938,-8.382527001
P176W,-14.252098083496094,-8.376008978
P176D,-12.703680038452148,-8.610557364
P176E,-11.698212623596191,-9.023919578
P176F,-10.174463272094727,-8.065015818
P176G,-11.389411926269531,-8.255744567
P176H,-8.763846397399902,-8.41458245
P176I,-9.614013671875,-8.229158632
P176K,-11.091018676757812,-8.429613379
P176M,-10.946651458740234,-8.019555471
P176N,-10.940286636352539,-7.971746325
P176Q,-8.271445274353027,-11.01983016
P176S,-5.880784511566162,-9.110809284
P176L,-7.436429500579834,-8.895169233999999
D177W,-12.051475524902344,-7.843165125
D177K,-5.795528411865234,-7.160321809
D177E,1.3339881896972656,-9.765920005
D177Y,-7.649222373962402,-9.843673519
D177V,-6.218468189239502,-9.784388828
D177F,-9.14274787902832,-7.796467819
D177G,-4.502715587615967,-7.431466474
D177H,-5.200374603271484,-8.087626132999999
D177I,-7.298483848571777,-8.396593636
D177A,-4.0629167556762695,-10.3826584
D177C,-8.181503295898438,-7.242963241
D177M,-7.761597633361816,-7.854117477000001
D177N,-3.675745964050293,-9.290827782
D177P,-10.007932662963867,-8.188227536
D177Q,-5.0636982917785645,-7.924402602000001
D177R,-5.146896839141846,-8.059996912999999
D177S,-4.57080078125,-7.898771557000001
D177T,-3.955857753753662,-7.50739162
D177L,-6.943429946899414,-8.231119043
H178S,-9.113962173461914,-8.516118152999999
H178R,-8.752538681030273,-9.025923799
H178T,-8.771873474121094,-8.426496076
H178W,-14.77469539642334,-7.96360155
H178C,-10.51611328125,-8.568496395
H178D,-11.45399284362793,-8.735036791
H178E,-12.970159530639648,-8.707900893
H178F,-10.781320571899414,-7.942079662
H178G,-12.212324142456055,-8.165707682999999
H178I,-10.626992225646973,-8.018679774
H178K,-9.789632797241211,-8.44175796
H178L,-8.142766952514648,-11.14532474
H178M,-11.600504875183105,-8.258794142000001
H178V,-12.493617057800293,-8.067751152
H178N,-7.423632621765137,-9.780980145
H178P,-11.986347198486328,-8.646060467
H178Q,-7.974255084991455,-9.206347618
H178Y,-8.465245246887207,-8.351136927
H178A,-9.629233360290527,-8.075100042
D179W,-15.236411094665527,-7.723667996
D179Y,-9.772797584533691,-11.58317551
D179V,-9.731706619262695,-10.32844365
D179S,-8.743837356567383,-7.320662246
D179R,-11.226140975952148,-8.479779735
D179Q,-9.765425682067871,-8.197926421
D179P,-11.694599151611328,-7.9051110210000015
D179N,-6.621089935302734,-9.32425607
D179M,-12.713293075561523,-8.238170699
D179L,-11.32941722869873,-8.131422672000001
D179K,-10.423707008361816,-7.693342479
D179H,-8.71889591217041,-8.230545
D179G,-7.209089279174805,-7.65702188
D179F,-11.970425605773926,-7.496535066
D179E,-5.326260566711426,-9.18140236
D179C,-10.822969436645508,-7.602018065
D179T,-10.244729995727539,-8.505050986
D179I,-11.156617164611816,-7.463576011000002
D179A,-9.381233215332031,-10.18878095
H180D,-9.630667686462402,-8.819027242
H180C,-9.844584465026855,-8.208506947
H180A,-7.785807132720947,-8.317814165
H180F,-11.97402286529541,-8.634323021
H180G,-11.076045036315918,-8.349748715
H180I,-11.34078311920166,-8.891530046
H180K,-10.787849426269531,-8.031916126
H180L,-10.699195861816406,-10.71320304
H180Y,-8.096808433532715,-8.424129939
H180M,-11.995935440063477,-8.159538000000001
H180P,-6.574985027313232,-8.614787145
H180Q,-6.114521026611328,-9.812513828
H180R,-10.352986335754395,-7.785763247
H180S,-6.686456203460693,-8.469445822
H180T,-6.781862258911133,-7.979486225
H180V,-11.025981903076172,-8.729460451
H180W,-16.60639190673828,-8.111738493999999
H180N,-4.323873043060303,-11.15161216
H180E,-9.44403076171875,-8.898395366
T181E,-8.722688674926758,-8.416308098
T181V,-7.291750907897949,-7.707754352999999
T181S,-3.4073662757873535,-11.36113051
T181R,-6.248815536499023,-8.118988648
T181Q,-3.297872543334961,-8.061563629
T181P,-8.815597534179688,-8.745222819
T181N,-6.041947364807129,-8.131489962
T181M,-6.327055931091309,-7.953060876
T181L,-7.2056474685668945,-8.725063469
T181K,-6.493513107299805,-7.502181424
T181I,-6.925521373748779,-8.633581134
T181H,-6.537415504455566,-8.017852292
T181G,-6.784368991851807,-8.411235104
T181F,-9.98620891571045,-7.811636227
T181D,-8.099550247192383,-7.72969596
T181W,-11.876026153564453,-8.333234375
T181Y,-9.976377487182617,-8.099814542999999
T181C,-8.531578063964844,-8.095774413
T181A,-4.491509437561035,-8.54052256
G182M,-7.874451160430908,-7.743730827999999
G182V,-4.482147216796875,-11.35020858
G182T,-9.173126220703125,-8.721160408
G182S,-6.687068462371826,-8.535508371
G182R,-10.289216995239258,-10.41555921
G182Q,-9.273224830627441,-8.170403392999999
G182P,-9.746879577636719,-8.972253174
G182N,-4.857799530029297,-8.190223272
G182A,-6.018434524536133,-8.520836711
G182L,-8.488933563232422,-8.772104134
G182K,-11.154492378234863,-8.131590843
G182I,-5.177455425262451,-8.979260774
G182H,-8.635775566101074,-8.735516071000001
G182F,-11.704183578491211,-8.430815922
G182E,-6.345674991607666,-9.236105386
G182D,-1.6976099014282227,-7.772660779
G182C,-10.357479095458984,-8.202229788
G182W,-12.244535446166992,-11.36140897
G182Y,-10.526933670043945,-8.235504456000001
F183W,-10.437414169311523,-7.4775990389999984
F183Y,-6.575465202331543,-11.0219582
F183L,-6.011229515075684,-10.13682237
F183D,-13.42375373840332,-8.284816544
F183C,-8.939950942993164,-8.315754468
F183A,-10.740524291992188,-7.397402365
F183G,-12.528030395507812,-8.607933811
F183H,-10.422669410705566,-7.65921668
F183I,-7.109926223754883,-11.54260736
F183K,-13.512276649475098,-8.004038062000001
F183E,-13.557479858398438,-8.359135506
F183M,-9.191635131835938,-7.789168967999999
F183P,-10.77924919128418,-8.54033265
F183Q,-12.30925464630127,-7.968159914
F183R,-12.77033519744873,-7.921628895
F183S,-8.810914993286133,-9.162471098
F183T,-10.558059692382812,-7.66284403
F183V,-6.951423168182373,-9.986937685
F183N,-12.043025970458984,-8.224641289
L184C,-13.94405746459961,-9.048278034
L184P,-14.368987083435059,-9.05560634
L184A,-15.066402435302734,-9.604105227
L184T,-15.648150444030762,-8.895709021
L184Y,-12.31412410736084,-8.688647377
L184W,-12.665763854980469,-8.967678297
L184V,-12.425676345825195,-8.695450267
L184S,-13.190614700317383,-9.79600744
L184F,-10.551044464111328,-8.510101108999999
L184G,-16.9490966796875,-9.675095503
L184H,-13.330774307250977,-8.873394248
L184R,-15.091581344604492,-8.543775284
L184K,-17.357177734375,-8.527890188999999
L184M,-7.683470726013184,-10.17341746
L184N,-14.480740547180176,-9.045158652
L184Q,-11.885965347290039,-10.17794511
L184I,-11.66358470916748,-8.940828254
L184E,-19.22088623046875,-9.630393776
L184D,-19.037799835205078,-9.781605581
T185W,-23.371917724609375,-9.008140781
T185Y,-20.639392852783203,-8.757270815
T185A,-13.573431968688965,-9.145978472
T185C,-17.125940322875977,-9.242310713
T185D,-18.281455993652344,-9.028919771
T185F,-20.491182327270508,-8.766695666
T185G,-20.627944946289062,-8.930929145
T185H,-18.369665145874023,-8.727793432
T185I,-13.34625244140625,-9.011977606
T185E,-19.98703956604004,-9.379629425
T185L,-17.26494598388672,-8.70922217
T185M,-13.335470199584961,-9.009939195
T185N,-12.774299621582031,-9.256023749
T185P,-13.221358299255371,-11.13918563
T185Q,-17.19382095336914,-9.350920538
T185R,-17.643308639526367,-9.355869674
T185S,-11.599903106689453,-10.4284431
T185K,-15.066279411315918,-9.127087601
T185V,-17.37295150756836,-8.757116223999999
E186Q,-11.857864379882812,-7.576670861
E186R,-17.26043701171875,-8.635895504
E186S,-15.756584167480469,-8.057209178999999
E186Y,-18.202640533447266,-7.933528599999999
E186V,-14.6449613571167,-8.896306139
E186W,-19.589309692382812,-8.121343264
E186P,-15.390562057495117,-8.021744013
E186T,-16.705902099609375,-7.8558760360000015
E186A,-12.941169738769531,-8.316865864
E186C,-18.24501609802246,-8.12429642
E186L,-17.84104347229004,-8.006669293
E186M,-18.337024688720703,-6.489060901
E186D,-9.300132751464844,-9.101784193
E186F,-20.42328643798828,-7.686297734
E186N,-16.64563751220703,-7.888729596
E186H,-16.105953216552734,-8.277628736
E186I,-19.033658981323242,-7.041156359
E186K,-13.105323791503906,-10.06438139
E186G,-12.930037498474121,-8.288013981
Y187A,-16.509174346923828,-8.007865312
Y187C,-11.278535842895508,-9.199077572
Y187D,-14.88388442993164,-9.050959259
Y187E,-17.42961311340332,-8.752757905
Y187F,-13.692920684814453,-10.31198958
Y187G,-14.261123657226562,-8.111510222
Y187H,-11.728748321533203,-8.558581031000001
Y187I,-17.388490676879883,-7.739852145
Y187K,-17.492643356323242,-8.593459549
Y187M,-17.43065071105957,-8.446909646
Y187N,-13.343135833740234,-10.25786104
Y187Q,-15.26290512084961,-8.668011717
Y187R,-13.61210823059082,-8.433207942000001
Y187S,-13.95488166809082,-9.229441128
Y187T,-16.757984161376953,-8.130273336
Y187V,-15.5166015625,-8.737222182
Y187W,-12.691854476928711,-8.511977772
Y187L,-15.524358749389648,-8.573831208
Y187P,-17.112472534179688,-7.895286559
V188T,-16.982145309448242,-8.046053086
V188S,-18.89664077758789,-8.949346747
V188M,-12.728568077087402,-8.981925312000001
V188A,-13.686355590820312,-9.051806843
V188C,-16.828704833984375,-8.764404138
V188D,-18.048988342285156,-9.860413171
V188E,-17.356000900268555,-8.886597406
V188F,-17.79784393310547,-9.983229975
V188G,-16.215347290039062,-9.451949981
V188I,-11.011438369750977,-9.92617192
V188K,-19.925424575805664,-9.13669785
V188H,-20.63134765625,-8.548041758
V188N,-20.496074676513672,-8.46702157
V188P,-19.919675827026367,-8.166789821
V188Q,-19.32442855834961,-9.540254057
V188R,-20.00186538696289,-9.483888076
V188Y,-20.254993438720703,-7.464489389
V188W,-20.352275848388672,-8.954568435
V188L,-14.296917915344238,-9.272639334
A189C,-12.557188034057617,-7.859010286
A189T,-11.390874862670898,-9.809342597
A189Y,-20.167200088500977,-8.288651227
A189W,-19.91954231262207,-8.950346652999999
A189V,-11.068817138671875,-7.680730389
A189R,-17.038551330566406,-9.305183634
A189D,-15.995752334594727,-8.483631525
A189G,-13.392437934875488,-7.816411737
A189E,-16.264217376708984,-9.560226275
A189F,-18.14434242248535,-8.862187359
A189H,-17.561880111694336,-8.456092267
A189I,-14.972403526306152,-7.803538919
A189K,-17.703460693359375,-8.906388698999999
A189L,-15.662117958068848,-9.152676749
A189M,-16.00897789001465,-7.981746576
A189N,-16.776073455810547,-8.756908007
A189P,-13.13565731048584,-8.85877255
A189Q,-12.458497047424316,-8.481658475
A189S,-9.635902404785156,-10.06384383
T190W,-19.62173080444336,-8.69024341
T190S,-11.703737258911133,-11.71566245
T190R,-14.37709903717041,-9.491400896
T190Y,-19.240554809570312,-8.486040138
T190V,-17.033554077148438,-8.691477401
T190Q,-17.5470027923584,-9.014552006
T190N,-13.67503547668457,-9.160195164
T190M,-13.505069732666016,-8.427734606
T190L,-16.644805908203125,-9.205370984
T190P,-12.897967338562012,-9.35948448
T190I,-12.429414749145508,-8.613871023
T190A,-12.724424362182617,-9.133755951
T190C,-16.514877319335938,-8.136037914
T190D,-18.562889099121094,-8.83446128
T190K,-14.827919006347656,-8.924173997
T190E,-19.114774703979492,-9.289786671
T190F,-18.593727111816406,-8.578073852000001
T190G,-17.449871063232422,-9.423430029
T190H,-18.06219482421875,-8.36593557
R191N,-16.56557273864746,-8.761028948
R191M,-16.616971969604492,-8.756130928
R191L,-14.119697570800781,-11.10713062
R191H,-12.205849647521973,-8.650419722
R191K,-11.212030410766602,-9.206054587
R191I,-15.360529899597168,-8.701965754
R191P,-13.96165657043457,-9.535134953
R191G,-14.320135116577148,-8.978431737000001
R191Q,-12.404572486877441,-11.20252078
R191E,-17.659996032714844,-8.883523822
R191D,-19.8552188873291,-8.913446699
R191C,-11.840614318847656,-8.780096197
R191A,-18.13656234741211,-8.968405359
R191S,-14.1127347946167,-8.929289137
R191V,-19.496742248535156,-9.010281126
R191W,-14.676912307739258,-8.070224283
R191Y,-16.571630477905273,-8.430846633
R191F,-18.813156127929688,-7.966091473
R191T,-16.71147918701172,-8.971822867
W192G,-12.69347858428955,-9.749331133
W192H,-16.7791805267334,-8.873522171
W192V,-17.71350860595703,-9.114277845
W192E,-17.891254425048828,-9.388228754
W192D,-17.823139190673828,-8.948771506
W192C,-12.810356140136719,-10.26127061
W192A,-17.352445602416992,-9.279366606
W192Y,-13.021203994750977,-9.574692396
W192T,-18.1835994720459,-9.350164166
W192S,-14.102153778076172,-9.221718863
W192F,-13.880502700805664,-9.365936098
W192R,-11.842544555664062,-10.50634508
W192Q,-16.41956901550293,-9.295531837
W192P,-15.844273567199707,-10.0460436
W192N,-18.029590606689453,-8.981230491
W192M,-17.966054916381836,-9.499533823
W192L,-13.27271842956543,-12.84951739
W192K,-17.584638595581055,-8.984157833
W192I,-17.201108932495117,-9.543704484
Y193N,-13.559749603271484,-10.79533745
Y193P,-17.88425064086914,-8.742841242
Y193D,-14.72929573059082,-9.374311788
Y193E,-16.522794723510742,-9.431597119
Y193K,-15.944099426269531,-9.228129307
Y193G,-16.34507942199707,-9.565847817
Y193A,-16.742233276367188,-9.370063539
Y193L,-14.980941772460938,-9.883266881
Y193F,-10.091042518615723,-10.14134293
Y193M,-16.487354278564453,-8.879989259
Y193H,-14.200154304504395,-9.490308062
Y193V,-16.691633224487305,-9.739966704
Y193S,-13.642823219299316,-9.287112847
Y193R,-16.01776695251465,-9.728935109
Y193T,-15.498388290405273,-8.680318392
Y193W,-15.955799102783203,-8.185113041000001
Y193C,-12.602548599243164,-8.924856558
Y193I,-15.251220703125,-9.059981883
Y193Q,-15.367823600769043,-9.093667105
R194Y,-17.769689559936523,-9.331427227
R194M,-15.838728904724121,-9.073468137
R194W,-14.336735725402832,-8.671981967999999
R194V,-17.447912216186523,-8.85148576
R194T,-16.39710807800293,-8.703892946
R194S,-15.01004409790039,-11.54825724
R194Q,-13.747018814086914,-9.327013881
R194N,-17.497392654418945,-8.392806229
R194L,-16.451358795166016,-9.349472362
R194P,-17.28644371032715,-9.113079623
R194I,-17.682329177856445,-11.38550742
R194H,-14.000396728515625,-8.985084687999999
R194G,-14.223161697387695,-9.435058243
R194F,-20.30254364013672,-8.910762406
R194E,-17.78758430480957,-9.898152216
R194D,-19.47380828857422,-8.527433469
R194C,-14.217777252197266,-9.161829617
R194A,-16.36326026916504,-8.627008202
R194K,-12.478767395019531,-10.48456494
A195W,-21.316238403320312,-8.584932632000001
A195V,-11.780477523803711,-9.265520193
A195T,-11.143998146057129,-9.430984806
A195S,-8.913970947265625,-10.11317174
A195R,-18.101627349853516,-9.020871552
A195Q,-17.19703483581543,-8.939490567
A195P,-10.96367359161377,-8.799647915
A195I,-16.824623107910156,-8.309988616
A195D,-14.552207946777344,-10.90452978
A195L,-16.937820434570312,-8.482363213
A195K,-17.969396591186523,-8.388974191
A195H,-19.072370529174805,-7.901732283999999
A195G,-11.940855979919434,-8.196151461
A195C,-13.048770904541016,-8.611605551
A195F,-18.69668197631836,-8.661320043
A195N,-16.71455192565918,-7.718289937000001
A195E,-14.189522743225098,-9.597982474
A195M,-16.86385726928711,-8.031479575
A195Y,-19.239917755126953,-8.181717523
P196F,-18.356908798217773,-8.608157187
P196E,-20.407987594604492,-9.935005563
P196D,-19.59191131591797,-9.207579877
P196C,-18.298856735229492,-9.578682902
P196I,-18.10358428955078,-8.747779668
P196K,-18.691396713256836,-9.761723733
P196L,-12.573775291442871,-9.768129834
P196M,-18.42972183227539,-9.716682419
P196H,-14.60781478881836,-10.53805446
P196Q,-15.146139144897461,-9.384120249
P196R,-14.310298919677734,-9.732058802
P196S,-12.45389461517334,-9.358300753
P196T,-14.909314155578613,-11.45320339
P196V,-18.289226531982422,-9.272663057
P196W,-20.02326774597168,-9.23576268
P196Y,-18.453689575195312,-8.821303152999999
P196A,-14.459229469299316,-9.122086786
P196G,-17.946372985839844,-9.144236234
P196N,-17.928363800048828,-8.738993368
E197V,-15.358078956604004,-9.806817528
E197W,-19.248483657836914,-8.786869622000001
E197T,-17.82550811767578,-8.633957868
E197S,-17.30406951904297,-9.033734012
E197R,-15.25903606414795,-10.09558302
E197Q,-13.019364356994629,-9.141018267
E197P,-18.18867301940918,-8.979322397999999
E197N,-16.541948318481445,-8.977634379
E197M,-18.68271255493164,-8.919405952
E197L,-18.26165008544922,-9.244754037
E197K,-12.914052963256836,-10.71891185
E197I,-19.201738357543945,-9.116766775
E197H,-17.73478889465332,-8.702870593
E197G,-13.164976119995117,-9.283040287
E197F,-21.273082733154297,-9.219270055
E197D,-11.264150619506836,-11.072435
E197C,-18.39715576171875,-8.191703492
E197A,-14.382387161254883,-9.240202695
E197Y,-19.82038688659668,-9.07354694
I198T,-13.191374778747559,-7.797423721
I198V,-9.159303665161133,-8.986469535
I198P,-20.063968658447266,-8.035588882
I198Y,-20.324951171875,-8.214738366
I198A,-18.04759979248047,-7.9195025060000015
I198C,-15.027320861816406,-8.576997698
I198D,-19.965076446533203,-8.047791687
I198E,-19.362829208374023,-8.573539482000001
I198F,-16.77053451538086,-10.40725366
I198G,-21.500844955444336,-7.995447128999999
I198W,-22.1951847076416,-8.861183682
I198K,-17.719268798828125,-8.758091005
I198L,-12.053478240966797,-8.568087837
I198H,-19.383275985717773,-8.292037166
I198N,-14.206132888793945,-10.3804054
I198Q,-18.820228576660156,-8.236863134
I198R,-18.682226181030273,-8.938084312
I198S,-16.503257751464844,-8.462583295
I198M,-12.405302047729492,-8.637031935
M199N,-16.88405418395996,-7.05171958
M199D,-20.999557495117188,-8.778126234
M199E,-18.462100982666016,-8.389087046
M199F,-16.450511932373047,-8.904341583999999
M199G,-18.615007400512695,-8.959853567
M199H,-18.2492618560791,-9.797132692
M199I,-9.618715286254883,-11.04835237
M199K,-13.461016654968262,-10.22335404
M199L,-9.56875991821289,-10.76710624
M199Q,-16.257160186767578,-7.411708006
M199A,-16.562721252441406,-8.561949712
M199R,-14.451597213745117,-8.472579849
M199S,-16.439453125,-8.398205726
M199T,-12.902105331420898,-7.553925164
M199V,-11.758088111877441,-7.702259499
M199W,-19.711063385009766,-8.293659446
M199Y,-19.618175506591797,-7.819357333999997
M199C,-16.937532424926758,-8.358134392
M199P,-19.687650680541992,-8.527484011
L200W,-17.47987174987793,-7.00854843
L200Y,-17.511947631835938,-7.679240595
L200V,-10.608530044555664,-9.477727024
L200P,-13.672893524169922,-8.969467531
L200S,-15.16357707977295,-9.11292174
L200A,-16.225414276123047,-8.365555973
L200C,-16.70425796508789,-7.785007002
L200D,-19.707374572753906,-9.407443468
L200T,-16.907869338989258,-7.867516498
L200F,-12.226415634155273,-7.677672936
L200G,-18.53129768371582,-8.360205627000001
L200H,-15.355828285217285,-7.984273872999999
L200E,-18.467670440673828,-9.480863042
L200K,-18.4695987701416,-9.22649313
L200M,-10.880459785461426,-10.2453989
L200N,-18.92937660217285,-9.447387727
L200Q,-14.560064315795898,-10.29023935
L200R,-14.571677207946777,-8.885442072
L200I,-11.973960876464844,-8.606501645
N201L,-14.54586410522461,-7.652685235
N201I,-12.267107009887695,-10.42968936
N201H,-11.159101486206055,-8.319649255
N201G,-12.353551864624023,-8.727793497999999
N201F,-14.864883422851562,-7.7776192339999985
N201C,-12.230257034301758,-7.356844559
N201A,-12.359760284423828,-7.722125285
N201K,-11.118106842041016,-10.70849139
N201M,-15.082230567932129,-7.896581887000001
N201D,-11.073726654052734,-7.947910991
N201Q,-13.244767189025879,-7.601384962999999
N201R,-13.763127326965332,-8.14559942
N201S,-7.126773834228516,-8.357732326
N201T,-8.825994491577148,-7.932688306
N201V,-14.893985748291016,-7.760115701
N201W,-18.32895278930664,-8.08206166
N201Y,-12.838932991027832,-9.822524069
N201E,-16.03896713256836,-8.256269566
N201P,-14.59012508392334,-8.612988023
S202H,-12.600275993347168,-8.041684205
S202G,-10.937699317932129,-8.457742058
S202F,-8.91532039642334,-8.759255448
S202A,-8.794903755187988,-8.427899601
S202D,-13.746360778808594,-8.576113957
S202C,-6.619836807250977,-9.700988872
S202I,-12.432758331298828,-9.269037762
S202E,-12.919147491455078,-8.886900191
S202K,-14.716497421264648,-8.25807443
S202P,-10.63185977935791,-7.462433236
S202M,-14.358074188232422,-9.147307649
S202N,-10.403412818908691,-8.822141654
S202Q,-13.622129440307617,-9.333128487
S202R,-12.448083877563477,-9.664097686
S202T,-9.345914840698242,-9.106925223
S202V,-14.374675750732422,-8.290365361000001
S202W,-13.082019805908203,-8.494982022
S202Y,-9.240680694580078,-8.706245485
S202L,-10.644318580627441,-9.114869176
K203E,-13.506298065185547,-9.88244213
K203M,-11.006134033203125,-8.650355568
K203Y,-15.79281997680664,-8.515110149
K203T,-10.586139678955078,-8.357356579
K203S,-13.370404243469238,-8.454054075
K203R,-6.160555839538574,-9.009993268
K203Q,-8.03412914276123,-9.29926097
K203P,-15.267141342163086,-9.327218221
K203N,-10.409690856933594,-9.948939695
K203V,-13.345115661621094,-9.101795466
K203L,-12.343299865722656,-9.045313775
K203H,-11.500224113464355,-8.070642205
K203G,-14.942840576171875,-8.1468935
K203F,-16.47594451904297,-8.361667546
K203D,-16.900951385498047,-8.540091575
K203C,-14.498506546020508,-8.806597736
K203A,-14.114124298095703,-8.74664888
K203I,-12.361499786376953,-10.38513514
K203W,-17.24277114868164,-8.685430619
G204D,-8.539566040039062,-7.222144284
G204Y,-12.055727005004883,-7.790435215
G204E,-4.895960330963135,-9.238750368
G204F,-12.323424339294434,-7.331311182999999
G204H,-11.82483196258545,-7.618120562
G204I,-13.13752555847168,-8.193284457999999
G204K,-11.325714111328125,-8.245195373
G204L,-11.455375671386719,-8.343682754
G204M,-12.213363647460938,-7.877124801
G204N,-10.621505737304688,-7.156160087000001
G204P,-13.643640518188477,-9.321389632
G204Q,-9.510260581970215,-8.161919994
G204R,-10.158793449401855,-10.13660821
G204S,-8.413301467895508,-7.388065816
G204T,-11.406033515930176,-7.355107958
G204V,-10.260622024536133,-11.09120823
G204W,-11.8197021484375,-10.05802143
G204A,-8.100995063781738,-7.944440538999999
G204C,-11.164148330688477,-7.6482837639999985
Y205S,-12.961949348449707,-9.675851136
Y205T,-14.193750381469727,-9.264576501
Y205R,-14.059165000915527,-9.504265559
Y205P,-15.429900169372559,-8.575812496000001
Y205N,-13.149341583251953,-10.30078009
Y205M,-17.882423400878906,-9.453231715
Y205L,-15.276572227478027,-9.330964907
Y205K,-15.233272552490234,-9.456882462
Y205I,-16.768951416015625,-8.338579422999999
Y205H,-12.031135559082031,-8.664287168
Y205Q,-12.872828483581543,-8.98927662
Y205F,-12.825096130371094,-10.1716274
Y205E,-15.212905883789062,-9.456062146
Y205D,-11.84267807006836,-9.11097418
Y205C,-12.092297554016113,-9.018315843
Y205A,-13.991386413574219,-8.542338804
Y205W,-15.724693298339844,-8.827358007
Y205V,-15.973628997802734,-9.609142302
Y205G,-15.97711181640625,-8.82783968
T206V,-11.923128128051758,-9.225344016
T206S,-7.681831359863281,-10.67701199
T206Q,-14.086472511291504,-8.766147245
T206P,-13.732274055480957,-10.01717775
T206N,-6.188404560089111,-8.703076599
T206M,-9.915783882141113,-9.10793313
T206L,-13.134668350219727,-9.62623912
T206K,-12.14216136932373,-8.853660999
T206F,-15.097261428833008,-8.585794655
T206H,-14.409744262695312,-9.025013316
T206G,-13.215635299682617,-7.623336713
T206E,-14.39993667602539,-8.998575341
T206D,-12.115765571594238,-7.595723092999999
T206C,-12.347892761230469,-9.232991395
T206A,-8.384117126464844,-8.51053689
T206Y,-14.950764656066895,-8.630618874
T206I,-10.808677673339844,-9.230208211
T206W,-18.341625213623047,-8.294119043
T206R,-13.511817932128906,-8.881919128
K207Q,-8.352239608764648,-8.79617728
K207P,-11.587821006774902,-8.983137719
K207R,-7.900327682495117,-8.764639582000001
K207L,-11.745301246643066,-8.606024065
K207I,-12.845877647399902,-7.654710251
K207H,-13.351507186889648,-8.14774287
K207G,-14.586141586303711,-8.459078321
K207F,-15.227628707885742,-8.199546319
K207E,-10.134607315063477,-7.964450557
K207D,-13.862497329711914,-7.786476172
K207C,-14.664560317993164,-8.121466559
K207A,-12.042607307434082,-8.126237966
K207N,-10.091397285461426,-8.454832683
K207S,-12.192678451538086,-8.770622937999999
K207V,-12.762628555297852,-8.413559329
K207W,-16.933425903320312,-8.247821351
K207Y,-15.302189826965332,-8.630200253
K207T,-8.994311332702637,-8.935598208
K207M,-9.635369300842285,-10.51022539
S208A,-3.102539539337158,-9.258438349
S208D,-11.802191734313965,-7.377441135
S208E,-12.912339210510254,-7.691932732000001
S208F,-10.843036651611328,-8.156091344
S208G,-7.351821422576904,-7.22459121
S208H,-10.829850196838379,-7.729257857
S208I,-11.039861679077148,-7.1313776560000015
S208L,-10.457101821899414,-8.619573863
S208K,-11.97341537475586,-7.38210059
S208C,-6.874878406524658,-8.123352905
S208M,-10.667719841003418,-7.640918377
S208T,-5.990965366363525,-9.437346743
S208R,-11.142073631286621,-6.741674942
S208P,-9.018098831176758,-8.766145577
S208N,-8.254772186279297,-7.510471057
S208V,-10.575309753417969,-8.412696177
S208Q,-11.270586013793945,-7.130857077999999
S208Y,-10.54835319519043,-11.05657801
S208W,-12.260041236877441,-8.306055444
I209R,-13.852699279785156,-9.734733261
I209N,-11.592945098876953,-9.832477711
I209M,-8.987554550170898,-8.693927107
I209L,-8.266496658325195,-9.118444194
I209K,-13.538704872131348,-8.981905376
I209S,-11.724627494812012,-9.234519644
I209T,-9.854347229003906,-8.520457912000001
I209V,-6.989699363708496,-8.483272168
I209W,-17.621400833129883,-9.312633815
I209Y,-15.50367546081543,-9.267922509
I209C,-12.49658203125,-9.429504984
I209Q,-15.560318946838379,-9.725508458
I209D,-15.916912078857422,-8.89029359
I209H,-15.168343544006348,-9.078789932
I209G,-15.795924186706543,-8.992260276
I209F,-11.57750129699707,-10.22242344
I209E,-16.402973175048828,-9.426363571
I209A,-13.37647533416748,-8.725792625
I209P,-15.454973220825195,-8.888427008999999
D210A,-16.370134353637695,-9.34121757
D210C,-18.029415130615234,-8.755128719
D210Q,-20.99274444580078,-9.386061932
D210F,-21.082414627075195,-8.330432501
D210P,-22.09558868408203,-8.384179692
D210N,-13.812125205993652,-9.395987303
D210M,-23.068403244018555,-9.463718685
D210L,-21.401840209960938,-9.269013637
D210E,-13.195575714111328,-8.903164879
D210I,-21.392059326171875,-8.605579257
D210K,-20.550086975097656,-9.172490784
D210T,-18.580326080322266,-8.881620212
D210V,-16.733112335205078,-10.31691596
D210W,-21.402517318725586,-8.795392195
D210Y,-15.836747169494629,-11.96494317
D210H,-16.860210418701172,-8.228954342
D210R,-20.093454360961914,-9.154392169
D210S,-16.73776626586914,-8.494104972
D210G,-12.45964241027832,-8.261079523
I211S,-11.681539535522461,-8.607519129
I211V,-0.978115975856781,-8.501738635
I211W,-17.02652931213379,-9.662092291
I211A,-10.41678524017334,-8.571565977999999
I211D,-12.999406814575195,-9.452088463
I211E,-12.082714080810547,-9.150334872
I211F,-10.509406089782715,-10.73727828
I211G,-13.434547424316406,-9.350840684
I211H,-14.815933227539062,-9.90248562
I211K,-14.091521263122559,-9.595475158
I211L,-4.616515159606934,-8.707205291000001
I211M,-5.246646404266357,-8.196573266
I211N,-12.504642486572266,-11.1660473
I211P,-15.44271183013916,-8.705525137999999
I211Q,-12.88912296295166,-8.459332826
I211R,-13.77933406829834,-9.782693199
I211C,-12.772187232971191,-7.995470162
I211Y,-14.998607635498047,-8.857017611
I211T,-8.080364227294922,-8.412615794
W212Y,-14.0142183303833,-9.213087398
W212T,-18.01238250732422,-8.897890896
W212S,-13.954031944274902,-9.678323689
W212R,-10.928383827209473,-10.47319769
W212Q,-15.771639823913574,-9.331750211
W212P,-18.99369239807129,-9.446518678
W212N,-19.547527313232422,-9.03603907
W212V,-17.1928768157959,-9.515908516
W212M,-16.93653678894043,-9.253483981
W212K,-16.808198928833008,-8.937016873
W212D,-20.142139434814453,-9.09689888
W212C,-12.687969207763672,-11.93827743
W212I,-18.358423233032227,-9.830490304
W212H,-17.663158416748047,-9.597362314
W212G,-13.943411827087402,-9.927999673
W212L,-13.352158546447754,-11.78923679
W212F,-13.116530418395996,-8.419754864
W212E,-18.303932189941406,-10.0967603
W212A,-17.39327621459961,-8.919322907
S213G,-11.046951293945312,-7.978735982999999
S213H,-20.778594970703125,-8.613792432
S213I,-18.050687789916992,-9.37115768
S213K,-20.012550354003906,-8.749621366
S213L,-16.87604522705078,-8.701272963
S213M,-20.561279296875,-7.5990772789999985
S213N,-16.66134262084961,-9.770881582
S213Y,-17.707368850708008,-8.980483649
S213E,-18.58331871032715,-8.500389631000001
S213R,-15.706228256225586,-11.59293715
S213T,-14.772150993347168,-7.790712306
S213V,-17.07860565185547,-8.641260886
S213W,-19.04945945739746,-8.628460111
S213D,-17.09362030029297,-9.273368828
S213C,-12.183462142944336,-9.996716355
S213A,-9.161239624023438,-7.56848477
S213Q,-21.493526458740234,-8.64367774
S213P,-14.558886528015137,-8.519455573
S213F,-16.106000900268555,-8.657784721
V214Y,-17.838043212890625,-9.506133305
V214S,-12.951897621154785,-8.219804755
V214W,-19.375045776367188,-8.79657554
V214T,-9.480242729187012,-7.769319982000001
V214Q,-18.33161163330078,-9.466793123
V214P,-17.05270004272461,-9.534372847
V214N,-14.900774955749512,-9.44211729
V214M,-10.590226173400879,-9.318860135
V214L,-10.756768226623535,-8.719647942
V214K,-17.61004638671875,-9.070323015
V214I,-5.935461044311523,-8.160107187000001
V214H,-17.424888610839844,-9.490885142
V214G,-12.928213119506836,-8.569475236
V214F,-13.252842903137207,-9.010140221
V214E,-14.67044448852539,-11.13045092
V214D,-14.733708381652832,-8.842213734
V214C,-9.795709609985352,-7.862570964
V214A,-8.64917278289795,-7.854826029
V214R,-15.182136535644531,-8.764054877000001
G215R,-11.3516845703125,-10.15464947
G215Q,-16.49821662902832,-9.603405723
G215C,-12.723116874694824,-8.949783369
G215Y,-18.186050415039062,-9.347474504
G215T,-16.489341735839844,-9.058263101
G215A,-11.890719413757324,-9.460163857
G215S,-11.55809211730957,-9.100509071
G215D,-13.300657272338867,-9.362968506
G215E,-12.655091285705566,-10.42242797
G215V,-12.580241203308105,-11.17990856
G215F,-17.94837760925293,-8.949969796
G215I,-16.440673828125,-8.860938694
G215K,-16.118471145629883,-9.575469969
G215L,-16.08847999572754,-9.287211325
G215M,-17.270483016967773,-8.88061221
G215N,-17.270343780517578,-9.097947877
G215P,-17.571964263916016,-9.88858382
G215H,-17.2227783203125,-9.83873879
G215W,-13.764240264892578,-8.473832255
C216P,-16.389122009277344,-9.075330682
C216M,-14.961908340454102,-9.126172486
C216W,-13.686883926391602,-8.408547136000001
C216Y,-11.464361190795898,-9.983698075
C216V,-12.595105171203613,-8.073290612000001
C216N,-13.788557052612305,-8.589648193
C216S,-10.541303634643555,-10.23034193
C216L,-12.55496597290039,-8.962574639
C216K,-15.987131118774414,-9.223647638
C216I,-14.07337760925293,-8.492802955
C216H,-14.694260597229004,-9.082423894
C216T,-12.050451278686523,-7.748602462000001
C216R,-12.349650382995605,-9.302819595
C216Q,-15.434704780578613,-9.521954443
C216G,-11.94852352142334,-8.70079972
C216F,-12.15782642364502,-9.949991338
C216E,-15.029762268066406,-9.465732668
C216A,-12.093120574951172,-8.356651964
C216D,-13.676170349121094,-8.746307745
I217L,-11.211748123168945,-8.65121928
I217Y,-18.627330780029297,-8.870791549
I217W,-21.163249969482422,-8.943198342
I217V,-9.790067672729492,-7.593310113999999
I217R,-17.302898406982422,-9.082953633
I217S,-15.420093536376953,-8.998380737
I217T,-12.698753356933594,-7.786313311000002
I217E,-18.67212677001953,-9.335416626
I217C,-14.704943656921387,-7.289773567
I217Q,-18.801620483398438,-9.084435123
I217P,-20.533323287963867,-9.215255092
I217G,-19.425762176513672,-8.97897204
I217H,-17.720266342163086,-9.495610599
I217N,-14.384090423583984,-10.35459223
I217M,-11.540287017822266,-7.820750915
I217K,-16.16720962524414,-8.89753056
I217A,-17.963279724121094,-8.162519847
I217F,-14.178150177001953,-10.33986443
I217D,-19.081388473510742,-8.937259131
L218I,-8.882461547851562,-8.339743233
L218K,-14.75598430633545,-8.813553805
L218M,-8.646924018859863,-10.70813005
L218N,-16.21586799621582,-9.011311153
L218P,-11.925975799560547,-9.755895138
L218H,-11.81530475616455,-7.775395678
L218Q,-11.443928718566895,-9.868636883
L218S,-13.119479179382324,-9.992296955
L218V,-9.128286361694336,-7.8035117660000015
L218W,-13.10988712310791,-8.473534493999999
L218Y,-12.415664672851562,-7.818584227
L218C,-13.554512977600098,-8.23092337
L218A,-13.056307792663574,-8.740293858
L218R,-12.939031600952148,-8.73041945
L218G,-15.653051376342773,-9.761531597
L218T,-12.90938949584961,-8.465842653
L218E,-16.052349090576172,-9.184293991
L218D,-18.419963836669922,-9.273523777
L218F,-7.197201251983643,-8.402023397
A219F,-12.677868843078613,-9.36825436
A219E,-11.524323463439941,-10.16422474
A219D,-11.479131698608398,-8.902272941
A219Y,-13.334458351135254,-9.286065936
A219W,-15.024847030639648,-9.802872617
A219C,-10.706673622131348,-8.093459549
A219G,-5.788264751434326,-8.326729737
A219H,-13.871330261230469,-8.987790046
A219T,-9.59566593170166,-9.571622827
A219V,-8.916281700134277,-8.782144622999999
A219I,-11.88099479675293,-8.494618767
A219R,-13.124109268188477,-9.995720814
A219S,-7.594602108001709,-9.856856653
A219P,-10.926989555358887,-9.465515975
A219N,-13.529443740844727,-8.976698671
A219Q,-13.383146286010742,-9.572907969
A219L,-12.892850875854492,-9.677682096
A219K,-15.014266967773438,-9.626578783
A219M,-12.943951606750488,-9.682674499
E220S,-16.88374900817871,-8.723223244
E220T,-16.75830078125,-8.818801335
E220R,-15.974211692810059,-9.30857593
E220Q,-12.504226684570312,-8.358742819
E220P,-18.966543197631836,-8.955532576
E220N,-17.726001739501953,-8.404254451
E220M,-18.16253089904785,-8.828241322
E220L,-17.11989402770996,-9.061504413
E220F,-18.763259887695312,-8.559100434
E220H,-16.574264526367188,-8.655428749
E220G,-12.12108039855957,-9.125481155
E220V,-14.702975273132324,-9.422765041
E220W,-19.633121490478516,-8.843858955
E220Y,-18.285457611083984,-8.237336719
E220C,-18.600238800048828,-8.850055654
E220A,-14.127674102783203,-9.424232969
E220K,-11.65489673614502,-9.807952466
E220D,-12.117429733276367,-10.08515142
E220I,-17.40399169921875,-8.845126737000001
M221Y,-17.64181137084961,-8.659213358999999
M221Q,-14.83106803894043,-8.316700022000001
M221R,-12.623086929321289,-9.286894364
M221P,-17.474233627319336,-9.053912634
M221N,-13.934626579284668,-8.151174542
M221W,-18.416662216186523,-7.907899632999999
M221L,-7.178596019744873,-10.96682559
M221S,-13.92355728149414,-7.932699189
M221V,-8.511974334716797,-8.116865108999999
M221T,-9.453401565551758,-7.607190042
M221I,-6.895446300506592,-10.50981006
M221H,-16.82717514038086,-8.845545864
M221G,-16.563127517700195,-8.201204365
M221F,-13.500524520874023,-7.589459282000001
M221E,-16.82366180419922,-8.778620223999999
M221D,-18.917415618896484,-9.117039212
M221C,-13.979156494140625,-7.548509035
M221A,-13.161733627319336,-8.248568867000001
M221K,-11.231303215026855,-9.9191453
L222F,-6.749186992645264,-7.904895223
L222D,-15.003789901733398,-9.182629072
L222E,-13.226764678955078,-8.500075126
L222G,-13.669166564941406,-9.654468928
L222M,-5.668763160705566,-8.637853077
L222I,-6.523791313171387,-7.175082835
L222K,-11.72554874420166,-8.166865821
L222N,-12.253531455993652,-8.031387376
L222Q,-8.486228942871094,-9.552997914
L222R,-9.41771125793457,-8.870146724
L222S,-10.291553497314453,-8.253375328999999
L222T,-10.927689552307129,-7.521073885
L222V,-7.382321834564209,-7.865353073
L222H,-9.266676902770996,-7.582856828
L222P,-9.15097713470459,-9.219803143
L222A,-10.910112380981445,-8.924421557999999
L222C,-11.185552597045898,-8.216969178
L222W,-11.874359130859375,-7.36199882
L222Y,-10.632725715637207,-8.149291461
S223R,-8.089229583740234,-8.351756651
S223D,-10.254981994628906,-8.184845863
S223Y,-9.294150352478027,-11.05275202
S223C,-6.849970817565918,-8.99422652
S223E,-10.546762466430664,-8.452585512999999
S223F,-8.51650333404541,-7.842056272000001
S223G,-2.5965776443481445,-8.090154699
S223H,-9.075223922729492,-7.499060214
S223I,-8.241304397583008,-7.384643073999999
S223K,-9.805830001831055,-8.403266033
S223M,-8.102742195129395,-8.156174476
S223N,-4.962523460388184,-7.878861529
S223P,-9.677701950073242,-9.430395316
S223W,-11.245275497436523,-8.227346594
S223V,-9.091087341308594,-8.832443374
S223T,-5.684063911437988,-9.442076773
S223Q,-7.816364765167236,-8.775454352
S223A,-5.616388320922852,-9.769174753
S223L,-3.226388454437256,-8.581785607
N224L,-12.504585266113281,-8.298380492
N224F,-14.271673202514648,-8.191974358
N224E,-13.704032897949219,-7.994580166
N224I,-11.675535202026367,-10.87972016
N224H,-9.26639461517334,-8.017386477999999
N224M,-12.823579788208008,-7.886096342
N224G,-9.06113052368164,-7.899101765
N224A,-12.099180221557617,-7.193018089
N224P,-15.00223159790039,-7.357837991
N224Q,-11.693279266357422,-8.382899006
N224K,-10.64351749420166,-9.31787527
N224S,-7.05642032623291,-9.328608569
N224C,-11.294024467468262,-7.861726922000001
N224D,-10.144311904907227,-7.880338786
N224Y,-12.249250411987305,-10.4417926
N224W,-16.576549530029297,-7.935105279
N224V,-12.005509376525879,-8.084678421
N224T,-9.849385261535645,-8.861621288
N224R,-11.948051452636719,-8.26951156
R225M,-11.951330184936523,-7.328194051
R225L,-10.91496467590332,-9.608305095
R225K,-4.686156749725342,-7.235891264
R225H,-9.045594215393066,-8.625850625
R225G,-10.716203689575195,-7.764654585
R225F,-14.610130310058594,-7.132572302000001
R225N,-11.568687438964844,-6.854616943
R225D,-13.044987678527832,-7.107614414
R225A,-12.702665328979492,-8.274205513
R225I,-12.80167007446289,-7.249365772999999
R225E,-8.088668823242188,-7.35338044
R225Y,-12.201498985290527,-6.452454419
R225P,-13.305865287780762,-8.141079326
R225W,-11.180370330810547,-6.70538083
R225C,-8.73067855834961,-8.770868627
R225V,-12.276384353637695,-7.508483911
R225T,-11.388781547546387,-6.769595578
R225S,-10.559833526611328,-11.03330313
R225Q,-6.730616569519043,-7.26433538
P226C,-18.251657485961914,-8.355961856
P226D,-23.262662887573242,-8.569964488
P226F,-20.86962890625,-8.176096202
P226E,-21.84893798828125,-9.03174074
P226Y,-22.134273529052734,-8.389242731
P226W,-24.463590621948242,-8.904522607
P226V,-17.682212829589844,-7.5841672939999984
P226T,-13.95816421508789,-10.12551445
P226S,-13.799360275268555,-8.581466039
P226Q,-14.423958778381348,-8.517363274
P226N,-20.086673736572266,-7.135362006
P226G,-20.730016708374023,-8.57940106
P226R,-18.563581466674805,-9.055363413
P226L,-15.014875411987305,-9.315938355
P226K,-19.375938415527344,-6.832376031
P226I,-18.81806182861328,-8.053197241
P226H,-16.41870880126953,-11.10283385
P226M,-17.898948669433594,-8.619753917999999
P226A,-11.368739128112793,-8.210463196000001
I227Q,-15.705693244934082,-7.361427615
I227P,-14.038827896118164,-7.692417871
I227N,-11.679960250854492,-9.340780679
I227M,-7.526592254638672,-7.36026162
I227S,-11.55465030670166,-8.795499196
I227K,-14.17961311340332,-8.114449517
I227H,-14.508807182312012,-8.926623666000001
I227G,-16.710514068603516,-8.508760874
I227W,-16.656951904296875,-8.791730876
I227Y,-13.908856391906738,-8.294806051
I227F,-8.475682258605957,-10.70510269
I227T,-9.635457992553711,-7.51066177
I227V,-7.504721164703369,-7.894446861
I227R,-13.596938133239746,-8.418972623
I227L,-3.5305824279785156,-8.461108571
I227E,-17.498462677001953,-8.538365336
I227D,-17.048450469970703,-7.951316902
I227A,-14.06640625,-6.859135285
I227C,-12.963313102722168,-7.804298597000001
F228V,-14.088802337646484,-8.429392626
F228T,-19.357276916503906,-7.455432362000001
F228W,-17.651493072509766,-7.41369389
F228Y,-14.518342971801758,-11.03556218
F228A,-16.70941162109375,-7.229503864
F228D,-21.549840927124023,-7.737343898
F228E,-22.26534652709961,-8.117693127999999
F228G,-18.7906494140625,-7.983121884
F228C,-13.223810195922852,-7.604554648
F228I,-15.473812103271484,-10.73312437
F228K,-21.362319946289062,-7.778812927000001
F228L,-11.453887939453125,-10.50360174
F228S,-14.386550903320312,-9.127281234
F228M,-14.993731498718262,-7.447647432999999
F228N,-19.988534927368164,-7.801821819
F228P,-18.32985496520996,-7.775454112999999
F228Q,-20.93437957763672,-7.960612156
F228R,-19.28506088256836,-8.494100699
F228H,-18.35695457458496,-7.834723021
P229H,-13.717309951782227,-10.84034143
P229G,-16.22333335876465,-8.604319294
P229F,-18.70310401916504,-8.474156623999999
P229A,-13.481830596923828,-7.856714563
P229D,-20.49159049987793,-8.00990836
P229C,-16.553434371948242,-7.880783575
P229I,-18.166969299316406,-8.681505277000001
P229E,-19.67559242248535,-8.589204797
P229K,-14.171525955200195,-8.468274196
P229T,-13.882306098937988,-11.17625822
P229M,-16.338512420654297,-7.707618191
P229L,-14.097567558288574,-9.257494061
P229W,-21.423765182495117,-8.454512575
P229V,-17.306644439697266,-8.640627392999999
P229Y,-18.005918502807617,-7.486680852999999
P229R,-15.102612495422363,-8.402484899
P229Q,-10.472578048706055,-7.853890112999999
P229N,-15.981203079223633,-7.749646232000001
P229S,-12.87794303894043,-9.571913246
G230Q,-17.582746505737305,-7.415201274
G230V,-13.544970512390137,-9.78940925
G230T,-15.19972038269043,-6.966837691
G230Y,-17.494800567626953,-6.82738255
G230W,-15.507412910461426,-8.236081794
G230S,-11.260823249816895,-9.249407991
G230R,-11.825323104858398,-7.836332102
G230P,-16.81301498413086,-7.821168095
G230M,-16.980897903442383,-7.663541375
G230N,-16.25678825378418,-7.273854784
G230L,-17.11672019958496,-7.847881254
G230K,-17.330265045166016,-7.524666255
G230I,-17.76283073425293,-7.2359653439999985
G230H,-17.854631423950195,-7.016836545
G230F,-17.48362922668457,-7.632359107
G230E,-14.298690795898438,-7.030895023999999
G230D,-13.952933311462402,-10.27720605
G230C,-12.850961685180664,-11.30372273
G230A,-8.503927230834961,-7.711531539
K231R,-4.1033782958984375,-7.8443192439999985
K231Q,-11.956975936889648,-8.361233432
K231P,-18.487098693847656,-7.880432982999999
K231N,-11.184785842895508,-9.752221732
K231M,-13.889937400817871,-9.826450671
K231L,-17.078262329101562,-7.435495812999999
K231A,-16.780275344848633,-7.525677899
K231H,-14.377680778503418,-6.953565895
K231G,-15.818009376525879,-8.701632152
K231F,-20.372140884399414,-8.153857412
K231S,-13.275690078735352,-7.454842238999999
K231D,-18.742507934570312,-7.352216421
K231I,-16.176769256591797,-7.237993245
K231E,-16.286575317382812,-7.902992626
K231T,-12.810712814331055,-8.223116155
K231W,-17.802099227905273,-6.899061688
K231V,-17.46778106689453,-6.753750762
K231C,-15.591917037963867,-7.650831214
K231Y,-19.274940490722656,-7.78579601
H232N,-10.836973190307617,-8.515393393
H232Y,-11.914182662963867,-8.01457882
H232W,-17.517152786254883,-8.064727792000001
H232A,-17.240690231323242,-8.615438777
H232C,-17.457286834716797,-7.54921965
H232D,-12.411714553833008,-7.579443819
H232E,-15.892183303833008,-8.663795124
H232F,-16.91290855407715,-7.005351415
H232G,-17.511362075805664,-7.450149545
H232I,-20.303590774536133,-7.5509538
H232L,-15.612603187561035,-11.17440846
H232V,-19.680267333984375,-8.021876046000001
H232T,-16.991470336914062,-7.8040886239999985
H232S,-15.155685424804688,-7.589819067
H232R,-15.041090965270996,-8.701008922
H232Q,-11.969022750854492,-9.42131016
H232P,-14.93905258178711,-9.060723334
H232M,-19.69325828552246,-8.00993996
H232K,-18.3929443359375,-7.56721783
Y233W,-15.312268257141113,-7.9944976410000015
Y233A,-13.640231132507324,-8.881590524
Y233R,-15.522783279418945,-8.986730425
Y233S,-12.16064453125,-10.22202118
Y233T,-13.222911834716797,-9.708389996
Y233V,-14.351278305053711,-8.796359552
Y233Q,-14.224846839904785,-8.780520837000001
Y233N,-12.593539237976074,-13.32439843
Y233M,-15.599554061889648,-10.07940401
Y233L,-13.900398254394531,-9.640381673
Y233P,-14.500299453735352,-8.771881892
Y233I,-14.643891334533691,-9.860843473
Y233H,-9.581148147583008,-12.59367245
Y233G,-14.476025581359863,-8.792189445
Y233F,-8.911876678466797,-10.64883156
Y233E,-16.223316192626953,-8.948544095
Y233D,-13.817923545837402,-10.35183205
Y233C,-11.180041313171387,-8.859676583999999
Y233K,-16.07328987121582,-9.272409592
L234E,-15.593099594116211,-8.242055924
L234F,-10.186820983886719,-8.234011911
L234G,-13.753788948059082,-8.537074984
L234H,-10.01434326171875,-8.081676644
L234I,-8.537348747253418,-8.705152169
L234K,-12.02244758605957,-7.433368857
L234M,-8.605155944824219,-10.13054261
L234R,-10.744528770446777,-7.808962859
L234P,-10.859972953796387,-9.053611253
L234Q,-9.923208236694336,-9.984192227
L234D,-15.903886795043945,-8.112139336
L234S,-11.23336410522461,-8.348817975
L234T,-11.955201148986816,-8.118835128999999
L234V,-8.759977340698242,-8.271936562
L234Y,-12.683631896972656,-8.192464781
L234N,-12.554800033569336,-7.662694575
L234A,-12.686119079589844,-7.994521456
L234W,-14.553747177124023,-8.742907735
L234C,-13.917682647705078,-8.140563224
D235Y,-13.92538833618164,-10.63862599
D235W,-20.492650985717773,-8.203881869
D235V,-15.108796119689941,-9.591897654
D235T,-14.996258735656738,-8.285347255
D235S,-12.6275634765625,-8.073323418
D235P,-17.914321899414062,-9.088729495
D235Q,-14.30201530456543,-8.870418062999999
D235E,-7.773817539215088,-10.26403978
D235C,-14.67624568939209,-7.477470814
D235N,-6.075826644897461,-9.937561001
D235F,-17.517257690429688,-8.817805705
D235A,-14.093928337097168,-8.413941479
D235M,-18.89704132080078,-8.386147694
D235L,-17.513124465942383,-9.712627185
D235K,-15.620437622070312,-8.739077885
D235I,-16.85396957397461,-8.659090922999999
D235H,-10.869552612304688,-8.091731738
D235R,-17.960506439208984,-9.100928879
D235G,-11.503460884094238,-7.878699544
Q236R,-12.930166244506836,-8.464114904
Q236C,-17.61919403076172,-8.403708369
Q236D,-17.993486404418945,-8.657264148
Q236E,-11.963640213012695,-8.260675699
Q236F,-18.25382423400879,-8.89619309
Q236G,-17.075389862060547,-8.823604532000001
Q236H,-11.3872709274292,-9.162626811
Q236I,-15.079878807067871,-8.969260765
Q236K,-13.51855754852295,-9.888142799
Q236L,-10.899791717529297,-10.06502708
Q236N,-15.319477081298828,-8.293538982000001
Q236P,-13.865313529968262,-4.7747958530000005
Q236Y,-17.226232528686523,-8.233451598
Q236W,-18.156667709350586,-8.494708563
Q236V,-14.419543266296387,-8.671233842000001
Q236T,-14.777461051940918,-8.448415691000001
Q236S,-14.725967407226562,-8.35442515
Q236M,-13.601863861083984,-8.481392315
Q236A,-16.426889419555664,-8.271331996
L237D,-17.664091110229492,-8.293135057
L237W,-16.141342163085938,-7.474399956
L237Y,-14.081317901611328,-8.496051162999999
L237A,-12.971446990966797,-8.538073402
L237C,-14.264974594116211,-7.950280733
L237E,-16.158538818359375,-9.148342355
L237F,-9.702105522155762,-8.049181844
L237H,-12.872349739074707,-8.802755054
L237I,-5.826437950134277,-7.603686307
L237K,-16.863115310668945,-8.567928823999999
L237G,-16.296823501586914,-9.307500122
L237N,-15.985827445983887,-8.642871808999999
L237P,-12.16701602935791,-9.281735312
L237Q,-12.65762710571289,-9.96540392
L237R,-13.030441284179688,-8.415794066
L237S,-13.169519424438477,-8.93240367
L237T,-14.220842361450195,-7.995734736
L237V,-8.04958438873291,-6.814101704
L237M,-9.81167221069336,-8.252084372
N238M,-10.411396980285645,-7.798178987999999
N238V,-10.996108055114746,-7.710382658999999
N238T,-5.377632141113281,-9.280970935
N238S,-5.77461576461792,-8.493583228
N238R,-10.740389823913574,-7.884821404
N238Q,-8.870841026306152,-8.052356198
N238P,-13.578502655029297,-9.228632758
N238L,-11.157618522644043,-8.574121127
N238A,-10.468362808227539,-7.692017099
N238I,-9.620681762695312,-11.54324132
N238H,-5.908676624298096,-9.78614201
N238G,-10.087447166442871,-7.426814974
N238F,-12.194865226745605,-8.79208681
N238E,-12.179950714111328,-7.878822832999999
N238D,-9.733724594116211,-6.410479419
N238C,-10.13827896118164,-8.122367952000001
N238Y,-8.962276458740234,-9.922510929
N238K,-8.487316131591797,-9.089649771
N238W,-15.284711837768555,-8.797463598
H239S,-8.150800704956055,-8.033360146
H239V,-10.775192260742188,-7.289800941
H239C,-8.831920623779297,-7.767149633
H239D,-9.600074768066406,-9.141169764
H239E,-10.860861778259277,-7.890577078
H239F,-10.539264678955078,-8.04685306
H239G,-10.475841522216797,-8.606887034
H239I,-9.660371780395508,-8.534928968
H239K,-8.727949142456055,-7.458545002999999
H239L,-5.780783653259277,-10.00651447
H239M,-9.908011436462402,-7.638013102
H239N,-5.964425086975098,-11.68282795
H239P,-9.510273933410645,-9.320069415
H239Q,-4.310374736785889,-10.18009595
H239R,-6.062316417694092,-6.467769786
H239A,-9.747238159179688,-7.992116739
H239Y,-6.966512680053711,-8.552496322
I240F,-11.219071388244629,-10.39975846
I240Y,-14.019309997558594,-8.006728949
I240W,-18.461589813232422,-7.7342134210000015
I240T,-9.472400665283203,-7.862788219
I240S,-12.42202091217041,-8.548124136
I240R,-14.301897048950195,-8.758248965
I240Q,-13.928460121154785,-7.854468475
I240E,-15.765690803527832,-8.193894044
I240P,-15.40580940246582,-8.662334125
I240M,-9.064573287963867,-8.490003344
I240L,-9.588804244995117,-9.169062964
I240K,-12.997452735900879,-8.629324697000001
I240H,-13.449126243591309,-7.493058329
I240G,-15.78746223449707,-8.296502152
I240C,-13.50524616241455,-7.834757009
I240N,-11.020998001098633,-9.190277201
I240D,-15.208608627319336,-8.383645247
I240A,-13.986856460571289,-8.05281518
L241A,-14.950141906738281,-8.088639525
L241V,-8.957558631896973,-7.715825367000001
L241T,-11.560930252075195,-7.604469879
L241S,-13.054012298583984,-8.98976842
L241R,-12.664453506469727,-7.324328398
L241Q,-11.236242294311523,-2.884061804
L241P,-11.896489143371582,-9.008132417
L241W,-17.001983642578125,-8.473579978
L241N,-14.5321683883667,-7.274336319
L241K,-15.55428409576416,-8.18210971
L241I,-6.833498477935791,-8.185614918999999
L241H,-11.419960975646973,-7.372392421
L241G,-16.837982177734375,-8.756751173
L241F,-10.316803932189941,-7.930030263
L241E,-16.825376510620117,-8.447570431
L241M,-7.327613353729248,-10.4413621
L241D,-18.220191955566406,-8.341762973
L241Y,-16.382461547851562,-8.095027994
L241C,-12.652139663696289,-7.578956152000001
G242A,-4.006635665893555,-8.354996577
G242C,-5.622951984405518,-10.5267004
G242W,-11.413993835449219,-4.265427176
G242D,-4.911884307861328,-9.214894074
G242E,-8.162091255187988,-7.4929878689999985
G242F,-10.583551406860352,-7.448352363
G242H,-8.079727172851562,-8.153599839
G242T,-8.769067764282227,-6.653326892000001
G242K,-10.635427474975586,-7.286327624
G242L,-10.335803985595703,-7.859213874
G242M,-10.792442321777344,-7.739219566
G242N,-4.575361728668213,-6.7796721510000015
G242P,-13.847471237182617,-8.800127685
G242Q,-9.498953819274902,-7.65644918
G242R,-8.845337867736816,-5.137325842
G242S,-4.596891403198242,-8.330435634
G242I,-10.846850395202637,-6.971289426
G242V,-8.761774063110352,-8.461088197999999
G242Y,-9.108577728271484,-7.431505467000001
I243Y,-10.296086311340332,-6.937844538999999
I243A,-9.58702278137207,-7.145352403
I243C,-10.540336608886719,-6.963573918
I243D,-14.900537490844727,-8.146209902999999
I243E,-14.206846237182617,-8.398102226
I243F,-7.966919898986816,-10.10932702
I243G,-13.949764251708984,-8.045537252999999
I243H,-13.253442764282227,-8.023044071000001
I243K,-13.764676094055176,-6.646504608
I243M,-7.991031646728516,-7.303584907999999
I243N,-11.735322952270508,-8.449703836
I243P,-14.914010047912598,-8.757690221
I243Q,-14.017597198486328,-7.64196149
I243R,-14.679569244384766,-7.574137102999999
I243V,-3.566122531890869,-7.865490702000001
I243S,-11.393808364868164,-8.997077235
I243T,-8.500228881835938,-7.523629747999999
I243W,-14.674161911010742,-7.447204466
L244P,-12.691546440124512,-9.098108736
L244Y,-15.713526725769043,-8.194494433
L244A,-14.156929016113281,-7.694149182
L244C,-12.72693920135498,-7.129528798
L244D,-16.726850509643555,-8.592474321000001
L244E,-16.076889038085938,-8.434672577
L244F,-10.050640106201172,-8.108646542999999
L244G,-15.894508361816406,-8.723781481
L244H,-13.80244255065918,-7.792641083999999
L244I,-4.73888635635376,-7.1563085960000015
L244K,-13.740111351013184,-7.998524427
L244M,-6.57649040222168,-10.10332779
L244N,-14.389716148376465,-7.256536219
L244T,-10.653852462768555,-6.80435539
L244S,-12.398017883300781,-8.556507351
L244Q,-11.88361930847168,-9.325213928
L244R,-11.376974105834961,-4.590091755
L244W,-15.266427040100098,-8.603529588999999
L244V,-5.9781107902526855,-6.890561982
G245W,-17.530006408691406,-8.930284478999999
G245C,-12.225824356079102,-11.05036741
G245D,-12.142406463623047,-9.395152416
G245E,-13.811952590942383,-9.015867029
G245F,-18.000608444213867,-8.625749849
G245H,-15.642050743103027,-8.935171708
G245I,-17.325641632080078,-8.105925407
G245K,-16.096357345581055,-8.785908334
G245L,-16.51761817932129,-9.385805405
G245M,-18.578317642211914,-8.62011034
G245N,-14.038686752319336,-8.218569111
G245P,-12.775344848632812,-9.071446026
G245Q,-15.843254089355469,-9.510370485
G245R,-13.006348609924316,-9.273690407
G245S,-11.057334899902344,-9.05026911
G245T,-16.003829956054688,-8.013117666
G245V,-14.06295108795166,-10.00175672
G245Y,-16.36867904663086,-8.558724547999999
G245A,-12.295005798339844,-8.89052108
S246Y,-11.35573959350586,-6.38658216
S246T,-5.903641700744629,-6.960045899
S246A,-9.205103874206543,-7.59363737
S246C,-10.1735200881958,-9.503174365
S246D,-12.408774375915527,-6.343475422999999
S246E,-13.17658519744873,-7.00695265
S246F,-10.986409187316895,-7.08219558
S246G,-10.81852912902832,-7.875365909
S246V,-11.513814926147461,-7.266310676
S246H,-12.967382431030273,-6.899503808
S246L,-10.060637474060059,-7.330542402000001
S246M,-11.68321418762207,-7.035438697999999
S246N,-9.379266738891602,-8.262983762000001
S246P,-10.44628620147705,-5.062623183
S246Q,-12.80418586730957,-7.302535868
S246R,-11.75770378112793,-9.604119115
S246K,-11.946674346923828,-7.055112605
S246W,-14.792097091674805,-7.1846897310000015
S246I,-11.731744766235352,-9.00027976
P247V,-12.220109939575195,-7.169482824
P247T,-12.06385612487793,-10.03583974
P247Y,-15.152750015258789,-8.195832288
P247W,-16.77703094482422,-8.892742167
P247A,-11.69308853149414,-8.825040533
P247C,-14.053288459777832,-7.048211962999999
P247E,-16.46969223022461,-8.214360927000001
P247F,-13.105525016784668,-7.522908009
P247G,-14.54746150970459,-7.206061425
P247D,-15.630168914794922,-7.9364045989999985
P247I,-12.921565055847168,-6.851736366
P247K,-16.746763229370117,-8.630343983
P247L,-10.219825744628906,-8.783880688
P247M,-13.359240531921387,-7.8518299539999985
P247N,-15.735208511352539,-7.798713488
P247Q,-12.87865924835205,-8.49639149
P247R,-14.418734550476074,-8.613613353
P247H,-13.056504249572754,-10.88908772
P247S,-10.861250877380371,-8.415652069
S248N,-5.8412933349609375,-7.020968269
S248P,-7.033360004425049,-8.670829116
S248Q,-7.064301013946533,-7.836955651
S248Y,-10.030853271484375,-9.87055299
S248T,-2.3227415084838867,-9.14127584
S248W,-13.624778747558594,-8.020525832
S248M,-8.328393936157227,-7.656852202
S248R,-6.591585636138916,-7.70645032
S248L,-6.425793170928955,-8.096486832
S248V,-8.768635749816895,-7.761481941
S248I,-9.726338386535645,-7.356746782999999
S248H,-8.440492630004883,-7.003184434
S248G,-7.107578277587891,-7.557170274
S248F,-10.46031379699707,-8.681309499
S248E,-10.667144775390625,-7.577722827
S248D,-9.609746932983398,-7.402596652000001
S248C,-4.7139973640441895,-7.748894092
S248A,-4.7765398025512695,-8.955796394
S248K,-8.06697940826416,-7.45602662
Q249T,-6.188348293304443,-7.00180405
Q249S,-6.001861095428467,-6.945459884
Q249R,-8.67520523071289,-8.331281072000001
Q249P,-4.128849506378174,-8.016675165
Q249N,-7.291075229644775,-6.899199512999999
Q249M,-4.906247138977051,-7.609072125
Q249L,-4.169242858886719,-9.565862199999998
Q249G,-9.233321189880371,-7.574764776
Q249I,-6.105010032653809,-7.457042281
Q249H,-6.349152088165283,-9.587787363
Q249V,-5.686850070953369,-7.980532786
Q249F,-8.10223388671875,-7.494072382000001
Q249E,-4.5574631690979,-7.883913592000001
Q249D,-6.365054130554199,-6.906630224
Q249C,-11.300734519958496,-7.316127294
Q249K,-7.5342302322387695,-10.76182398
Q249W,-10.652755737304688,-7.311096657
Q249A,-5.249754905700684,-7.982625755
Q249Y,-8.324806213378906,-7.071062772
E250T,-9.202832221984863,-6.495738061
E250A,-7.544684886932373,-7.3455096489999985
E250C,-12.657724380493164,-7.506910179
E250D,-0.14580917358398438,-8.619726382
E250F,-12.612873077392578,-6.662116017000001
E250G,-8.149556159973145,-8.52836312
E250H,-7.968960285186768,-6.706391881
E250I,-11.222671508789062,-6.836150508999999
E250K,-9.065568923950195,-8.376756797
E250L,-12.346458435058594,-6.890711002000001
E250M,-12.980730056762695,-7.1210034910000015
E250N,-6.959646224975586,-6.27119705
E250P,-11.773003578186035,-7.408682366
E250Q,-7.629902362823486,-6.890289001
E250S,-8.004348754882812,-6.768139063
E250V,-10.240337371826172,-8.396981149
E250R,-12.177656173706055,-7.715232218
E250Y,-9.483508110046387,-6.847502562000001
E250W,-15.840753555297852,-6.556750655
D251Y,-9.042808532714844,-11.12092093
D251A,-7.786874771118164,-9.20811344
D251C,-12.097370147705078,-7.570840052999999
D251E,-4.850507736206055,-9.00791286
D251F,-13.089984893798828,-7.95144171
D251G,-8.22644329071045,-8.984678344
D251H,-8.22745132446289,-7.498794841
D251V,-9.102255821228027,-9.132709924
D251W,-16.300045013427734,-8.476129267000001
D251L,-13.18919849395752,-8.872904279
D251M,-12.853473663330078,-8.048387337000001
D251N,-6.264158725738525,-8.941008737
D251P,-12.954492568969727,-8.36393842
D251Q,-8.691961288452148,-7.772785932000001
D251R,-13.161130905151367,-8.945428052
D251S,-8.360815048217773,-7.312007945
D251T,-7.204282760620117,-7.421444906
D251K,-10.98901653289795,-8.613653307
D251I,-11.865816116333008,-7.692259567000001
L252C,-10.216197967529297,-7.803786496
L252A,-12.805895805358887,-8.102333359
L252K,-12.613821983337402,-7.9260303689999985
L252W,-9.038548469543457,-7.391597087999999
L252S,-10.817510604858398,-7.314237846
L252R,-10.794445037841797,-8.136340567000001
L252Q,-10.975851058959961,-9.479118922
L252P,-12.211045265197754,-9.68558582
L252N,-13.922264099121094,-7.421547227
L252M,-6.345989227294922,-9.641879166
L252T,-12.039475440979004,-7.611810834
L252I,-7.731925010681152,-7.103076604
L252Y,-7.602020263671875,-7.567452417999999
L252H,-10.956432342529297,-7.648494928
L252G,-14.8067045211792,-7.941899917000001
L252F,-5.758785247802734,-7.1620692020000005
L252E,-14.606056213378906,-7.685248167
L252D,-15.997369766235352,-7.393411453
L252V,-9.428523063659668,-7.0598761020000005
N253G,-5.122694492340088,-8.032640056
N253C,-6.922672271728516,-7.713688352999999
N253E,-8.137894630432129,-8.648697705
N253Y,-5.590126991271973,-9.201915774
N253W,-12.617141723632812,-7.811558548
N253V,-6.92210578918457,-8.406244904
N253T,-5.669435977935791,-8.267665816000001
N253S,-3.4008662700653076,-8.121982867
N253R,-9.387667655944824,-8.090776664
N253Q,-6.323103904724121,-8.040790936
N253P,-10.150538444519043,-7.684768854
N253L,-6.191112518310547,-8.235147832000001
N253K,-7.869050979614258,-8.97527953
N253I,-6.543240070343018,-10.89601923
N253D,-5.723794937133789,-3.269203899
N253H,-5.686525821685791,-8.101929035
N253A,-5.777499675750732,-7.251634986
N253M,-4.649665832519531,-8.417038915
N253F,-7.49550199508667,-7.336245919
C254H,-9.758298873901367,-8.807049532999999
C254F,-7.904650688171387,-9.500511813
C254G,-5.563210487365723,-7.4879432339999985
C254I,-10.638437271118164,-8.187577705
C254K,-11.156940460205078,-7.5166516360000015
C254L,-9.592771530151367,-8.399439382
C254M,-10.39437484741211,-5.893039624
C254N,-7.9716949462890625,-7.669524636
C254P,-11.309535026550293,-8.23757223
C254Q,-11.277864456176758,-7.549898262
C254R,-7.765626907348633,-8.359623639
C254S,-6.223724365234375,-10.61467354
C254T,-8.919405937194824,-7.721690695
C254V,-9.545238494873047,-7.872435206
C254W,-9.249679565429688,-7.869047665
C254Y,-7.135437488555908,-9.465757872
C254E,-11.938420295715332,-7.216679942000001
C254D,-11.332847595214844,-7.380056082
C254A,-8.517213821411133,-7.613075536
I255M,-8.034839630126953,-7.777814928
I255P,-15.722908020019531,-7.147558747000001
I255N,-13.154507637023926,-9.579235736
I255W,-19.162689208984375,-7.941529662000001
I255V,-1.8980436325073242,-7.505401981
I255T,-10.567390441894531,-7.595276331
I255Q,-15.621450424194336,-8.138149869
I255S,-12.77519702911377,-8.17780439
I255A,-10.961504936218262,-7.213132187
I255C,-13.314811706542969,-8.322885337999999
I255Y,-15.81901741027832,-8.463692319
I255D,-14.612028121948242,-7.560936915
I255R,-15.689535140991211,-8.329853102000001
I255K,-15.116181373596191,-7.661258759
I255H,-16.35500717163086,-7.731890932000001
I255L,-7.556953430175781,-8.558823418
I255G,-13.160061836242676,-7.237976006
I255F,-10.241558074951172,-9.72362227
I255E,-14.175889015197754,-7.768205107000001
I256Y,-8.975201606750488,-7.508424836
I256W,-9.96312141418457,-8.15426933
I256V,-2.5760996341705322,-8.151666056
I256T,-5.176260948181152,-7.594060186
I256S,-5.700964450836182,-7.955475829
I256R,-5.649799823760986,-8.027670178
I256Q,-8.03389835357666,-8.555239699
I256P,-10.47510814666748,-6.8961287260000015
I256F,-8.54843807220459,-10.11688084
I256N,-6.5764265060424805,-9.325238022
I256L,-6.772959232330322,-8.369250863
I256K,-7.182044982910156,-7.89236841
I256H,-8.494736671447754,-8.256918282
I256E,-6.365743160247803,-8.030351438
I256D,-7.817914009094238,-7.42348825
I256C,-5.813557147979736,-8.641525431
I256A,-7.684606552124023,-7.826480965
I256M,-5.603362083435059,-8.131878567000001
I256G,-6.97428560256958,-7.3189226189999985
N257V,-12.458186149597168,-7.837101267
N257T,-9.96074104309082,-10.01826985
N257S,-5.831149578094482,-8.96715721
N257R,-13.81298828125,-8.057227236000001
N257Q,-11.86624813079834,-8.282053271
N257P,-15.237113952636719,-7.563680672
N257G,-11.642143249511719,-7.950237278999999
N257L,-14.842761993408203,-8.111190385
N257M,-15.46189022064209,-8.286471562000001
N257A,-12.667522430419922,-7.719134272000001
N257C,-11.99549674987793,-7.93962285
N257D,-10.027565956115723,-8.953048551
N257W,-17.612506866455078,-9.049545421
N257Y,-12.690314292907715,-10.45444597
N257F,-15.664511680603027,-9.042226171
N257H,-9.561064720153809,-7.892240415
N257I,-11.95063591003418,-11.60073132
N257K,-10.406943321228027,-9.083843512
N257E,-14.203588485717773,-8.556279232
L258G,-8.20655632019043,-7.711183911
L258H,-7.356242656707764,-7.550005795
L258N,-7.887294292449951,-7.805205831
L258F,-7.787242412567139,-7.512707118
L258I,-4.142794132232666,-7.570790419
L258K,-5.411137104034424,-7.332058995
L258M,-1.56441068649292,-9.913876601
L258Q,-4.299124240875244,-10.54178701
L258Y,-9.670534133911133,-7.635622856
L258S,-6.490762233734131,-7.541986296
L258T,-5.999951362609863,-7.628518661
L258V,-2.072171688079834,-7.624749648
L258W,-10.932029724121094,-7.536579344
L258A,-5.553529739379883,-7.731775412
L258C,-10.517481803894043,-7.378638883
L258E,-3.183305263519287,-7.832417062
L258R,-7.015201568603516,-7.28910405
L258D,-6.5074543952941895,-7.802001914
L258P,-5.155143737792969,-8.760500537
K259W,-17.83231544494629,-8.239028471000001
K259V,-16.747285842895508,-8.241636466000001
K259A,-15.513418197631836,-8.691746484
K259C,-17.003034591674805,-8.56019429
K259D,-14.687051773071289,-8.23075767
K259E,-12.959906578063965,-8.785289874
K259G,-14.79294204711914,-7.941471655
K259H,-14.580089569091797,-7.786316966
K259I,-15.532362937927246,-8.58303949
K259F,-18.523000717163086,-8.870719033
K259M,-13.701327323913574,-10.38543641
K259N,-8.851831436157227,-10.03775482
K259P,-14.721611022949219,-8.385997766000001
K259Q,-12.400383949279785,-9.023702203
K259R,-6.515523910522461,-8.475388048
K259S,-12.723353385925293,-7.313656024
K259T,-12.015327453613281,-8.360009408
K259L,-16.798446655273438,-8.950076117
K259Y,-17.46923828125,-8.739824895
A260T,-7.841113567352295,-8.672335445
A260S,-7.096207618713379,-9.514798567
A260R,-13.649479866027832,-7.565658674
A260K,-15.19110107421875,-8.476593221
A260P,-7.802319049835205,-7.382452547000001
A260N,-14.260683059692383,-7.662613662
A260V,-8.030467987060547,-8.003148557000001
A260Q,-13.614447593688965,-7.402535302
A260W,-15.380008697509766,-8.249764581
A260E,-11.848686218261719,-8.109548861
A260I,-12.790063858032227,-6.730619969
A260H,-14.50437068939209,-7.788352727
A260G,-9.566362380981445,-8.340671403
A260F,-13.463098526000977,-8.300924477999999
A260L,-12.575397491455078,-7.509162969
A260D,-12.4019775390625,-9.395129834
A260C,-10.198485374450684,-6.81348694
A260Y,-14.495084762573242,-7.931375429
A260M,-13.375929832458496,-7.324077542
R261S,-10.080971717834473,-8.874840683
R261W,-12.439995765686035,-8.893815412999999
R261T,-11.683095932006836,-8.436888157
R261Y,-10.78955078125,-8.101629082
R261P,-13.488479614257812,-8.947933686
R261N,-11.427671432495117,-8.306890171000001
R261A,-12.340234756469727,-8.176493131
R261C,-9.878761291503906,-8.307481988
R261Q,-6.381270885467529,-9.987852607
R261D,-16.31696319580078,-9.095144563
R261E,-14.318235397338867,-8.631450797000001
R261F,-13.346540451049805,-8.266360464
R261V,-12.915075302124023,-8.237647716
R261M,-11.725103378295898,-7.934936089
R261H,-7.04872989654541,-7.990539927
R261I,-12.4835844039917,-8.301370314
R261K,-5.707302093505859,-7.931612822000001
R261G,-12.477745056152344,-8.437237084
R261L,-8.055883407592773,-11.06844611
N262A,-5.235276699066162,-7.786916481
N262Y,-8.224109649658203,-9.745039786
N262W,-14.023216247558594,-7.606828535
N262V,-8.260478973388672,-7.434202389
N262T,-3.379065990447998,-7.328342298
N262S,-1.8458948135375977,-8.082145214
N262R,-8.03610610961914,-7.552516831
N262Q,-6.262119770050049,-8.121031412
N262M,-7.531373500823975,-7.364635547000001
N262L,-7.741786956787109,-8.235397208
N262K,-8.465158462524414,-11.15359727
N262I,-6.913772106170654,-10.56274105
N262G,-6.029999256134033,-7.646520247000001
N262F,-11.07625961303711,-7.14083096
N262E,-6.83235502243042,-8.885388932
N262D,-6.598646640777588,-8.277017508
N262C,-7.813473224639893,-7.07356413
N262P,-11.127532958984375,-7.890761006
N262H,-5.440669059753418,-7.637602594
Y263F,-7.0477752685546875,-10.5734275
Y263P,-17.213672637939453,-7.860146022
Y263A,-15.755867004394531,-7.511587222999999
Y263G,-15.657292366027832,-7.708536751
Y263H,-11.01266860961914,-7.08049374
Y263I,-13.505754470825195,-8.011804719
Y263K,-17.296302795410156,-8.238239968
Y263L,-12.173519134521484,-9.374901374
Y263C,-10.124868392944336,-8.942093205
Y263M,-15.568270683288574,-8.094249371
Y263Q,-14.97612476348877,-7.894322474
Y263R,-16.22728157043457,-8.36347436
Y263S,-11.79110050201416,-7.631594721
Y263T,-14.987651824951172,-8.176975623999999
Y263V,-13.875529289245605,-8.112267529
Y263W,-14.311870574951172,-7.396521525
Y263N,-12.335631370544434,-10.6572674
Y263D,-12.289844512939453,-8.152301549
Y263E,-16.61397361755371,-8.960973462
L264W,-16.920467376708984,-7.66161008
L264R,-15.000783920288086,-8.079634664
L264Q,-14.070263862609863,-10.22336167
L264P,-15.509547233581543,-9.753308473
L264N,-17.782550811767578,-8.251592865
L264M,-8.952625274658203,-10.1882426
L264K,-18.86602020263672,-7.659123965
L264S,-14.431074142456055,-8.182939946
L264I,-7.547159671783447,-7.705444468
L264G,-17.239961624145508,-8.605512568
L264F,-11.741317749023438,-7.589989765
L264E,-18.310075759887695,-8.072325992
L264D,-19.65035629272461,-8.538078042999999
L264V,-7.357432842254639,-7.222573912
L264C,-13.062724113464355,-7.496261627000001
L264H,-15.907567024230957,-7.979242789
L264T,-13.727052688598633,-7.74680566
L264A,-14.774811744689941,-7.373838309
L264Y,-17.713409423828125,-8.030347966
L265T,-2.2751951217651367,-7.434077375
L265A,-3.8599929809570312,-7.8562028060000015
L265C,-5.188235282897949,-7.955741649
L265D,-6.385654449462891,-7.823221732
L265E,-3.221144199371338,-7.823385317
L265F,-5.082308769226074,-7.638950273
L265G,-4.719418525695801,-7.341520948999999
L265H,-0.9071798324584961,-7.034848492
L265I,0.31965208053588867,-7.189993853
L265V,-3.333981513977051,-7.622122779
L265M,-1.237997055053711,-8.564441937
L265W,-7.331066131591797,-6.950968518
L265K,-2.548643112182617,-7.241692761
L265S,-2.946417808532715,-7.399391202999999
L265R,-2.2887964248657227,-7.303210433999999
L265Y,-4.650790214538574,-7.513451814
L265N,-3.6465249061584473,-7.528070679
L265P,-6.197979927062988,-8.642584989
L265Q,3.6089799404144287,-9.865139948
S266D,-9.77507495880127,-7.218859269
S266W,-12.44741153717041,-7.270603437999999
S266V,-11.520421028137207,-7.084709827
S266T,-6.760732650756836,-5.635992063
S266R,-9.624351501464844,-11.59442746
S266Q,-4.623564720153809,-6.745023073
S266P,-10.199801445007324,-6.815073403
S266N,-5.315708160400391,-8.274899814
S266L,-7.5790886878967285,-6.852086226
S266K,-10.359153747558594,-6.127294788
S266I,-10.447454452514648,-8.193396768
S266A,-7.5757975578308105,-7.042434396
S266G,-6.54897403717041,-11.13840209
S266F,-8.60586929321289,-6.897635655
S266E,-9.448423385620117,-7.361926446
S266Y,-9.946650505065918,-7.1055603010000015
S266C,-7.930360794067383,-12.52544177
S266M,-10.444912910461426,-7.3019911839999985
S266H,-9.007492065429688,-7.373531161
L267Q,-6.269821643829346,-10.14151312
L267G,-17.149776458740234,-7.842994039
L267A,-13.855300903320312,-7.570611003
L267C,-14.598367691040039,-7.76921417
L267D,-20.51753044128418,-6.871911444
L267F,-8.998605728149414,-7.060656987000001
L267Y,-14.257538795471191,-7.148467062999999
L267H,-11.999813079833984,-7.082000525
L267I,-9.23121166229248,-6.655800071
L267K,-15.182950019836426,-6.988214894
L267E,-16.07978057861328,-7.730131949
L267N,-16.41063117980957,-6.981872701
L267P,-12.373239517211914,-8.217742991
L267R,-13.243524551391602,-7.044116214
L267S,-12.830965995788574,-7.999680696
L267T,-13.324077606201172,-7.625468979
L267V,-10.369073867797852,-7.563549116
L267W,-13.487403869628906,-7.244900328
L267M,-6.531830310821533,-11.0804535
P268M,-11.409518241882324,-7.436839956
P268Y,-12.634075164794922,-7.866603805
P268W,-14.397492408752441,-8.328371467
P268S,-6.0753068923950195,-9.527602515
P268R,-9.847550392150879,-7.4801397010000015
P268Q,-8.30486011505127,-7.371060208999999
P268N,-9.984034538269043,-7.247067891
P268V,-9.613472938537598,-7.28823725
P268T,-7.847047328948975,-9.343057482
P268K,-12.218229293823242,-7.591569547000001
P268I,-11.45550537109375,-7.617325975
P268H,-9.218271255493164,-9.938395038
P268G,-7.789063453674316,-6.925349937000001
P268F,-13.074939727783203,-7.343132786
P268E,-12.289413452148438,-7.940366462999999
P268L,-8.860037803649902,-9.211540635
P268A,-7.0898003578186035,-7.699524067
P268C,-10.447396278381348,-7.753675076
P268D,-12.393865585327148,-7.168298662000001
H269P,-3.4575774669647217,-7.654284457
H269Q,-1.4016728401184082,-8.659921413
H269T,-4.255607604980469,-8.666720733
H269I,-3.064445734024048,-7.1006225910000005
H269N,-2.106119155883789,-9.864130374
H269V,-3.241316080093384,-7.594518998
H269W,-6.86651611328125,-8.117588329
H269S,-3.1459314823150635,-7.218597302
H269M,-5.604426383972168,-7.8679114760000015
H269R,-3.4763247966766357,-8.156626888
H269K,-4.202645301818848,-8.167337153
H269L,-3.8471601009368896,-10.08494075
H269A,-4.509544372558594,-6.862071565
H269D,-5.765616416931152,-8.147272552
H269E,-5.509260177612305,-8.360056405
H269C,-2.6919214725494385,-7.6545328910000014
H269Y,1.2942123413085938,-7.882468671
H269G,-6.512960433959961,-7.733105954
H269F,-1.4080562591552734,-6.6605765
K270N,-8.919255256652832,-10.90523334
K270G,-12.160490989685059,-7.831372272999999
K270M,-9.694643020629883,-9.482233577
K270L,-12.554391860961914,-7.421156122
K270I,-9.75727367401123,-7.518338822
K270P,-12.559684753417969,-7.798600329
K270H,-11.200526237487793,-7.027307495
K270F,-14.01607894897461,-7.500390311
K270S,-11.042953491210938,-7.359650705
K270D,-14.515729904174805,-7.72032978
K270C,-12.348176956176758,-7.462182741
K270A,-12.96688461303711,-7.179505164
K270T,-8.825484275817871,-7.342978219
K270V,-10.801206588745117,-6.93855377
K270W,-12.437064170837402,-7.523805737000001
K270Q,-9.528924942016602,-7.506755028
K270Y,-12.920188903808594,-7.061157462000001
K270E,-11.69454288482666,-8.238031843
K270R,-3.16831111907959,-8.898548293
N271T,1.7693243026733398,-8.675569193
N271S,1.9427673816680908,-7.711903938
N271R,-2.605909824371338,-8.061011452
N271Q,1.1261310577392578,-7.995557400000001
N271P,3.1982250213623047,-6.816474772
N271M,-1.1032509803771973,-7.2255398789999985
N271L,0.4025592803955078,-6.95784532
N271I,-0.715578556060791,-10.773596
N271H,-1.2300524711608887,-8.53598716
N271G,-1.1885762214660645,-7.151596894
N271F,-2.6648473739624023,-6.993413132000001
N271E,-2.053377151489258,-8.246223443
N271D,-3.317431926727295,-7.669363574
N271C,-4.306398868560791,-7.862009712000001
N271A,4.135974407196045,-7.159627505
N271V,1.4803671836853027,-7.536372267999999
N271K,-1.915144443511963,-8.710649077000001
N271W,-6.740250110626221,-7.669548669
N271Y,-3.7848782539367676,-9.343080926
K272W,-11.791242599487305,-8.139314601
K272Y,-10.565021514892578,-7.593792462000001
K272A,-6.591489315032959,-7.156722931
K272C,-10.58026123046875,-8.049435837999999
K272D,-9.951417922973633,-7.47504018
K272E,-7.267828941345215,-8.048975127
K272F,-10.262174606323242,-7.430137613999999
K272G,-7.7126688957214355,-7.749767587999999
K272H,-8.03714370727539,-7.318795507999999
K272I,-8.128647804260254,-10.92946941
K272M,-7.492832183837891,-8.141956938
K272L,-7.70708703994751,-7.8880086139999985
K272T,-6.263054847717285,-7.380399766
K272S,-6.7803192138671875,-7.448513265
K272V,-8.24831485748291,-7.6061524889999985
K272Q,-6.063620567321777,-8.347605845
K272P,-4.443753719329834,-6.999952717999999
K272N,-6.294229507446289,-10.28497918
K272R,-3.4570326805114746,-8.601147025
V273Y,-9.198915481567383,-7.23549004
V273P,-10.055910110473633,-4.862450385
V273W,-12.04681396484375,-6.724419567000001
V273T,-5.325055122375488,-6.496613419
V273S,-8.010854721069336,-7.586501932999999
V273R,-9.632356643676758,-6.906713973
V273Q,-6.826010704040527,-6.875521233
V273N,-8.402873039245605,-6.567174332
V273H,-8.682497024536133,-7.031657176
V273L,-4.948762893676758,-8.607455059
V273K,-9.9450044631958,-6.777620827000001
V273I,-1.9202593564987183,-6.792811392000001
V273G,-10.208051681518555,-6.733515203
V273F,-7.643285751342773,-7.361142236
V273E,-8.99163818359375,-11.00005021
V273D,-9.894928932189941,-6.82038531
V273A,-5.917633056640625,-8.008847427000001
V273M,-4.8119401931762695,-8.209860388
V273C,-8.23292350769043,-8.139140132
P274A,-3.5884127616882324,-8.113391225
P274H,-6.085175514221191,-9.089459416
P274R,-8.043280601501465,-7.651306742999999
P274Q,-5.362910270690918,-11.1975636
P274N,-5.202756404876709,-7.150548734
P274M,-8.345080375671387,-8.163949537999999
P274L,-4.9898247718811035,-8.354162671000001
P274K,-9.53985595703125,-7.421147984
P274I,-8.075441360473633,-7.09941701
P274T,-4.83657693862915,-9.55059053
P274G,-6.402050971984863,-7.043538982
P274F,-8.20633602142334,-6.609859762999999
P274E,-8.254388809204102,-8.064868909
P274D,-7.3335065841674805,-7.769867307
P274C,-7.060479640960693,-7.686164852999999
P274V,-7.037365913391113,-7.205373622000001
P274S,-1.8923468589782715,-8.769672287999999
P274Y,-8.712634086608887,-7.359957531
P274W,-11.780717849731445,-7.527795622999999
W275Q,-11.192852973937988,-8.539845795
W275P,-11.862164497375488,-8.784354602999999
W275N,-12.103128433227539,-8.802324097
W275M,-8.053593635559082,-9.239755029
W275L,-5.361130714416504,-11.52981502
W275R,-10.200345993041992,-10.45128319
W275I,-8.285517692565918,-8.234806071
W275H,-10.226014137268066,-8.076877117
W275K,-13.035195350646973,-8.533045466
W275F,-3.4340481758117676,-7.315710342999999
W275G,-10.98066234588623,-8.951722105
W275S,-9.404927253723145,-8.261075471
W275T,-10.424324035644531,-8.507932589
W275V,-9.035877227783203,-7.768550707999999
W275A,-10.998979568481445,-8.11517002
W275C,-8.912826538085938,-11.66160677
W275D,-14.237853050231934,-9.44345505
W275E,-13.637922286987305,-8.504449467999999
W275Y,-7.749598503112793,-7.918652128
N276W,-6.51877498626709,-7.154626195
N276V,-1.8838512897491455,-7.223535182000001
N276T,1.2856287956237793,-7.203101871
N276S,1.0365405082702637,-8.382065795
N276R,-0.9095458984375,-7.568565838
N276Q,-2.979052782058716,-7.888066921
N276Y,-5.114469528198242,-9.503095577
N276D,-3.726175546646118,-8.904405584
N276L,-2.94720196723938,-7.561760722000001
N276K,0.19710469245910645,-10.12089541
N276I,-0.8623142242431641,-10.67099251
N276H,-3.699712038040161,-7.234826371
N276G,-1.2186965942382812,-7.754978968
N276F,-4.792369842529297,-7.22918587
N276E,-1.7173283100128174,-8.359953495
N276C,-4.442595481872559,-7.315095783999999
N276M,-1.7829411029815674,-6.720660016
N276P,-2.275461435317993,-7.470205142
N276A,0.9383518695831299,-7.831009581
R277C,-6.390525817871094,-7.822599221
R277A,-4.18705940246582,-7.629079232
R277Y,-6.935529708862305,-7.408726432000001
R277W,-8.507364273071289,-7.342379335
R277V,-2.7980523109436035,-6.986496365
R277T,-1.793665885925293,-7.794440851
R277S,-2.6129579544067383,-11.21119739
R277Q,-1.7926034927368164,-7.622139579
R277P,-11.031347274780273,-7.515346156
R277K,2.6196346282958984,-9.777728906
R277M,-3.089585781097412,-7.504248838
R277L,-1.4278020858764648,-8.224165519
R277I,-2.185847759246826,-11.24607988
R277H,-4.355020046234131,-7.359799561
R277G,-7.116308212280273,-8.393787049
R277F,-5.31682014465332,-7.375516892
R277E,-5.591053009033203,-7.84350413
R277D,-6.224350929260254,-8.984974063
R277N,-2.308048725128174,-7.035908297000001
L278I,-3.5925817489624023,-6.969918912000001
L278K,-10.093822479248047,-7.146659149
L278M,-3.657625198364258,-8.409058355
L278N,-10.857074737548828,-7.883971532
L278P,-10.87154769897461,-7.372782302999999
L278Q,-8.365104675292969,-10.20186483
L278R,-10.5103178024292,-7.123242724
L278Y,-9.133991241455078,-7.53597293
L278T,-8.120150566101074,-8.429566136
L278V,-4.570770263671875,-7.307614202000001
L278W,-10.524428367614746,-7.347719991
L278F,-6.16612434387207,-7.629126456
L278E,-9.515610694885254,-7.757807311
L278D,-10.855786323547363,-8.16298837
L278C,-8.6929349899292,-7.840782602000001
L278S,-8.78453540802002,-7.658227775
L278A,-8.13191032409668,-7.611154095
L278G,-12.497878074645996,-7.892616131
L278H,-8.943814277648926,-7.121028103
F279W,-12.078069686889648,-7.337711847
F279G,-15.18757152557373,-8.275800095
F279H,-13.391176223754883,-6.527472166
F279I,-6.666595935821533,-11.09248194
F279K,-16.55609893798828,-8.044955498
F279L,-7.297730445861816,-11.82707823
F279E,-16.093502044677734,-8.544748985
F279M,-9.707967758178711,-7.967624207999999
F279P,-15.83458423614502,-7.815233841
F279Q,-15.187459945678711,-7.864247781
F279R,-15.01807975769043,-8.415595143
F279S,-10.964593887329102,-9.711970448
F279T,-13.298378944396973,-6.613638333
F279V,-9.196436882019043,-8.966827582
F279N,-12.295878410339355,-7.117588756
F279D,-15.505472183227539,-7.746132711
F279C,-9.439542770385742,-7.775754694
F279A,-13.030250549316406,-6.630467324
F279Y,-5.575380325317383,-9.320290153
P280A,-4.309058666229248,-7.782919702
P280C,-5.752169609069824,-8.270516081
P280D,-9.253341674804688,-7.527739747999999
P280E,-7.690834045410156,-8.055584457
P280F,-6.264568328857422,-8.088766133
P280G,-7.552075386047363,-7.965180637
P280H,-4.534853935241699,-10.88111258
P280I,-4.046999931335449,-7.720255145
P280K,-3.953219175338745,-8.262480671
P280L,-2.4984893798828125,-8.377392955
P280M,-7.0966033935546875,-8.737794479
P280N,-6.005072116851807,-7.683558435
P280Q,-4.303596019744873,-8.126509032000001
P280S,-3.7291603088378906,-8.939945942
P280R,-3.2922167778015137,-7.945896346
P280V,-3.9591314792633057,-7.941050502
P280W,-8.77099895477295,-7.837132808
P280Y,-5.885106086730957,-8.004629755
P280T,-3.431227684020996,-10.7559443
N281A,-4.762819766998291,-7.005150242999999
N281C,-5.545149803161621,-7.363284229
N281Y,-4.978203773498535,-10.46178418
N281W,-8.916585922241211,-7.492379869
N281V,-6.76186466217041,-7.561803089
N281T,-3.813965320587158,-10.55237158
N281S,-2.986325263977051,-8.059475847
N281R,-2.3274126052856445,-7.672889039
N281P,-8.711854934692383,-6.284125391
N281M,-5.307416915893555,-7.5783017789999985
N281L,-5.284506320953369,-7.54922069
N281K,-0.5079669952392578,-8.504607381
N281I,-6.329361438751221,-11.37969598
N281H,-2.1950714588165283,-8.152168643
N281G,-3.139118194580078,-6.778622809
N281F,-7.770584583282471,-7.551381361000002
N281E,-4.2455644607543945,-7.779995573
N281D,-3.5342965126037598,-7.830541385
N281Q,-2.7292227745056152,-7.943772159
A282W,-10.631550788879395,-6.879903245
A282Y,-7.1116862297058105,-6.866622236
A282E,-9.553117752075195,-6.997041716
A282Q,-8.176700592041016,-6.779185634
A282T,-4.2761430740356445,-8.422167723
A282S,-3.403481960296631,-9.412300448
A282R,-8.27220630645752,-8.303753329
A282C,-4.168996810913086,-6.81026737
A282V,-3.379734992980957,-7.72427877
A282D,-9.330499649047852,-9.495925877
A282P,-7.688626766204834,-8.652570319
A282N,-7.305932998657227,-6.476559658999999
A282M,-5.663891792297363,-6.841445568999999
A282L,-6.510716915130615,-7.353539686
A282K,-9.465314865112305,-6.8173353
A282I,-5.7446064949035645,-6.461449553
A282H,-6.352953910827637,-6.408470642999999
A282G,-4.07009220123291,-6.464355928
A282F,-7.780415058135986,-6.537405153
D283I,-11.68787956237793,-8.217838064
D283K,-9.826916694641113,-6.584628585
D283S,-4.990914344787598,-6.756127052
D283M,-13.091361045837402,-6.98951795
D283N,-4.134979248046875,-9.579653022
D283P,-9.780778884887695,-6.6562956610000015
D283L,-12.63001823425293,-7.012950927
D283H,-7.3367767333984375,-7.178993387
D283W,-15.438679695129395,-6.38360042
D283F,-12.580488204956055,-7.839955012000001
D283A,-8.412445068359375,-8.255330987
D283C,-7.173975467681885,-6.474571728
D283E,-3.3948678970336914,-10.95192466
D283V,-10.053668975830078,-9.060611718
D283Q,-9.457039833068848,-6.734778484
D283Y,-9.011812210083008,-11.13660533
D283G,-5.292513847351074,-7.103175828
D283R,-10.878555297851562,-7.798181907000001
D283T,-7.3743085861206055,-6.6532020260000015
S284I,-3.6592531204223633,-7.208268266
S284L,-4.8916144371032715,-8.217303569
S284M,-5.143569469451904,-7.78617356
S284N,-3.510512351989746,-7.308639274
S284P,-0.5274693965911865,-7.201316071
S284Q,-5.122501850128174,-8.408641417
S284R,-1.9093748331069946,-7.602514287999999
S284T,-2.466186046600342,-9.684499915
S284V,-3.4681525230407715,-7.515529223
S284H,-4.755630970001221,-7.394196775
S284G,-1.7693716287612915,-7.302597915
S284F,-6.476095199584961,-8.077172166
S284E,-7.1068291664123535,-7.637117411
S284W,-9.364333152770996,-7.4791852689999985
S284Y,-4.586650848388672,-7.099381319
S284K,-7.669633388519287,-7.4402102339999985
S284D,-6.06207799911499,-7.261783316
S284A,-0.8784339427947998,-7.828476817999999
S284C,-3.5501232147216797,-7.683391112000001
K285S,-6.257569313049316,-7.000166226
K285C,-8.715307235717773,-7.571925232999999
K285D,-7.793539047241211,-7.056376003
K285E,-6.090263843536377,-8.820218694
K285F,-10.040620803833008,-7.619499149
K285G,-6.632828712463379,-8.433980507000001
K285H,-7.23645544052124,-7.605274317999999
K285I,-7.8535566329956055,-11.20197932
K285M,-6.616975784301758,-7.398103741
K285R,-2.8192732334136963,-8.662768097999999
K285N,-4.995631694793701,-10.30006875
K285P,-8.779815673828125,-7.81778771
K285Y,-9.2676420211792,-7.746698305
K285W,-10.207305908203125,-7.544794832999999
K285A,-6.2993011474609375,-7.417424619
K285T,-6.435422420501709,-7.96698192
K285L,-5.925220489501953,-8.253024347
K285V,-7.687707901000977,-7.396705207999999
K285Q,-5.436356067657471,-8.27982198
A286H,-15.096065521240234,-7.621168062000001
A286Y,-14.072574615478516,-6.477558204
A286C,-8.567595481872559,-6.297112123
A286D,-11.74438190460205,-9.084111842
A286E,-11.281505584716797,-7.354122829
A286F,-12.533266067504883,-6.839322843
A286G,-6.39888334274292,-6.788854923
A286I,-10.075834274291992,-6.022637955
A286K,-14.620415687561035,-7.346789312999999
A286W,-15.234086990356445,-7.334431265
A286L,-10.626161575317383,-7.975524855
A286M,-10.246803283691406,-6.661968196
A286N,-12.281720161437988,-6.583601298
A286P,-9.56818675994873,-6.954942425
A286Q,-12.986480712890625,-6.887858539
A286R,-13.869648933410645,-8.216752987000001
A286S,-5.06513786315918,-9.344224006
A286T,-5.751794338226318,-9.202085604
A286V,-6.310477256774902,-7.357457632000001
L287R,-10.792023658752441,-7.901623112
L287Q,-11.154129981994629,-10.00958264
L287S,-11.365034103393555,-8.585319427
L287C,-11.40697956085205,-7.289332544
L287P,-11.645651817321777,-9.025809864
L287V,-7.732458114624023,-6.955036026
L287T,-11.697504997253418,-7.404803263
L287N,-13.974160194396973,-7.863778539
L287Y,-13.78271484375,-7.908002585
L287K,-13.713290214538574,-7.340798217000001
L287I,-6.000760555267334,-7.404053931
L287H,-12.013275146484375,-7.678333402000001
L287G,-15.027726173400879,-8.221153075
L287F,-10.266037940979004,-7.752283093
L287E,-16.01416778564453,-8.363388267000001
L287D,-18.625776290893555,-8.637288543
L287W,-14.370552062988281,-8.163994848
L287A,-13.003026008605957,-7.6962413660000015
L287M,-8.360624313354492,-10.571815699999998
D288R,-12.730453491210938,-7.636695817
D288G,-8.228805541992188,-8.1142311
D288F,-13.448738098144531,-8.046072144
D288Y,-10.90359115600586,-10.29254799
D288T,-10.083558082580566,-6.864527525
D288A,-9.410863876342773,-8.180964783
D288C,-10.312644004821777,-6.841104711
D288E,-4.032063007354736,-10.57167754
D288S,-8.257286071777344,-7.158610958
D288W,-15.256141662597656,-7.636312403
D288H,-8.1801176071167,-7.0222455870000005
D288K,-11.234929084777832,-7.75714597
D288L,-11.8753080368042,-8.220662626000001
D288M,-12.253942489624023,-7.29336975
D288N,-5.797488689422607,-9.85990741
D288P,-13.965824127197266,-8.377737637000001
D288Q,-8.906638145446777,-7.484273326
D288I,-12.360405921936035,-8.16151045
D288V,-10.736699104309082,-9.41750292
L289C,-11.209770202636719,-8.276967653
L289Y,-12.435365676879883,-9.062378309
L289W,-13.725452423095703,-8.711956665
L289T,-12.082033157348633,-8.865921481
L289S,-12.14555835723877,-9.056747908
L289R,-12.17388916015625,-8.267322811
L289Q,-11.917997360229492,-10.07904929
L289P,-11.87484073638916,-5.587536246
L289N,-15.198078155517578,-8.551490038999999
L289M,-6.297577857971191,-8.925379949
L289K,-14.667878150939941,-8.567231849
L289I,-7.292985916137695,-7.401299217999999
L289H,-11.60272216796875,-8.320977798
L289G,-15.532824516296387,-8.515530037000001
L289F,-6.474630355834961,-7.740376088
L289E,-15.871788024902344,-8.458430448
L289D,-16.44807243347168,-8.483198988
L289V,-7.874356269836426,-7.221145346
L289A,-12.776042938232422,-8.309105465
L290Y,-13.475111961364746,-9.040447995
L290W,-13.915212631225586,-8.690030423
L290P,-13.55366325378418,-10.55428207
L290V,-6.417276382446289,-7.518562486
L290T,-11.571788787841797,-8.510090005
L290S,-12.72671890258789,-8.662282131
L290R,-12.406022071838379,-9.456990701
L290Q,-11.353148460388184,-10.19735546
L290N,-14.706533432006836,-8.920971751
L290M,-5.869620323181152,-8.12570024
L290I,-5.739876747131348,-7.334244849
L290K,-14.06568717956543,-8.575056461
L290G,-15.260168075561523,-9.144222194
L290F,-8.0233793258667,-8.058626365
L290E,-15.6444091796875,-9.357861317
L290D,-17.602890014648438,-9.413460496
L290C,-10.173699378967285,-7.573282437
L290A,-11.952664375305176,-8.598805995
L290H,-13.015948295593262,-8.867685802
D291P,-16.0653133392334,-7.792320927
D291N,-5.66451358795166,-8.917388735
D291M,-10.725311279296875,-8.012788481
D291Q,-7.511061191558838,-7.894765681
D291S,-6.927473068237305,-6.908976377
D291T,-8.137853622436523,-7.486721416
D291W,-13.342342376708984,-8.424316678
D291V,-7.907219409942627,-9.942676477
D291R,-10.428634643554688,-8.245655952
D291K,-7.844902515411377,-8.165740005
D291L,-10.90285873413086,-9.304226372
D291H,-7.98013162612915,-7.65435909
D291I,-10.517501831054688,-8.058374773999999
D291A,-6.693303108215332,-8.287973425
D291C,-9.715560913085938,-7.811324927
D291Y,-8.556259155273438,-11.2237961
D291F,-11.933393478393555,-8.068855126
D291G,-5.451542854309082,-7.813114035
D291E,0.23183059692382812,-8.58577397
K292A,-8.030447959899902,-7.271398023
K292C,-7.520241737365723,-7.6889695489999985
K292D,-10.689085960388184,-7.744038144
K292E,-8.15130615234375,-7.869369566
K292F,-10.76177978515625,-8.052535182
K292G,-6.1543779373168945,-8.007833145
K292H,-5.030581474304199,-7.380627659
K292I,-8.61005973815918,-8.089390475
K292L,-7.942364692687988,-7.5272320760000015
K292M,-6.574414253234863,-10.44392389
K292P,-11.956598281860352,-8.699281727
K292R,-0.7314739227294922,-9.03319177
K292S,-6.0747480392456055,-7.486011516
K292T,-7.237585067749023,-7.91393077
K292V,-10.564593315124512,-7.089376289
K292W,-8.821001052856445,-7.504121649
K292Y,-10.171950340270996,-7.824222301
K292N,-5.6947221755981445,-10.10390471
K292Q,-4.7105512619018555,-7.781555308
M293F,-11.968107223510742,-7.061511199
M293D,-15.542978286743164,-9.370958264
M293A,-11.131447792053223,-7.664446491
M293E,-14.985466003417969,-8.359968047
M293C,-11.286994934082031,-7.291783995
M293W,-17.100921630859375,-7.947604847999999
M293V,-8.2586669921875,-7.615233831
M293T,-7.035285949707031,-7.557099431
M293S,-11.105581283569336,-7.809409705
M293R,-13.491363525390625,-8.806632741
M293Q,-15.358684539794922,-8.794004617999999
M293Y,-17.033998489379883,-8.525882052
M293N,-14.22562313079834,-8.324621342999999
M293L,-6.528863906860352,-10.13609145
M293K,-12.379300117492676,-10.30558133
M293I,-6.873849868774414,-10.49218539
M293H,-16.672086715698242,-8.967184903
M293G,-15.30565071105957,-8.387344922
M293P,-16.294960021972656,-8.40880368
L294E,-17.16266632080078,-8.702825093
L294F,-9.230585098266602,-7.348621512
L294G,-15.318899154663086,-8.612704717
L294H,-12.42822551727295,-8.345799658999999
L294I,-8.254484176635742,-7.63247899
L294K,-16.122661590576172,-8.388788606
L294M,-8.79291820526123,-8.897919828
L294N,-16.93465805053711,-8.693135401000001
L294S,-12.32013988494873,-8.869572222999999
L294R,-12.334816932678223,-8.077498757
L294T,-13.557388305664062,-8.070236618
L294V,-9.005146026611328,-8.119681058
L294W,-13.862653732299805,-8.128710031
L294D,-18.242094039916992,-8.924369719
L294Y,-14.720525741577148,-8.846979424
L294A,-13.876556396484375,-9.312090528
L294Q,-12.846968650817871,-9.747016885
L294C,-10.732772827148438,-8.440701889
L294P,-11.757867813110352,-8.583339522000001
T295Y,-13.444581031799316,-7.558278266
T295Q,-9.403454780578613,-7.595730809
T295P,-11.151694297790527,-11.70715309
T295N,-8.346792221069336,-8.618126016
T295M,-6.116825103759766,-7.699037115
T295L,-9.459012985229492,-7.8362985310000015
T295K,-8.308012962341309,-7.841075
T295I,-6.178083896636963,-7.667086312
T295H,-10.884834289550781,-7.5008023439999985
T295G,-11.301746368408203,-7.0825809510000015
T295V,-6.144249439239502,-7.468445019
T295W,-14.65452766418457,-7.8398965989999985
T295F,-12.71131706237793,-7.175570202
T295R,-9.110852241516113,-7.749345057
T295S,-6.101604461669922,-10.29897019
T295A,-3.3788909912109375,-8.322370852
T295C,-8.430257797241211,-7.623907777999999
T295D,-11.076603889465332,-8.273996095
T295E,-10.234977722167969,-7.889760612000001
F296D,-21.38514518737793,-8.630713412999999
F296Q,-22.059310913085938,-9.164085936
F296P,-19.453712463378906,-8.265904414
F296N,-21.16543197631836,-8.732738673
F296M,-13.57531452178955,-7.682472122999999
F296L,-10.418197631835938,-10.90132197
F296K,-24.11146354675293,-8.609603664
F296I,-13.13813304901123,-10.22611458
F296H,-20.72341537475586,-8.531412129
F296V,-13.90877914428711,-8.351930037999999
F296T,-19.169118881225586,-8.480955684
F296S,-16.067228317260742,-10.08259451
F296Y,-13.912775039672852,-9.81959299
F296W,-16.484750747680664,-7.20537073
F296G,-20.056365966796875,-8.243723607
F296A,-18.55016326904297,-8.450575131
F296C,-14.51436996459961,-8.589138775
F296E,-22.93491554260254,-8.527443782
F296R,-21.608301162719727,-9.035863018
N297V,-9.638635635375977,-7.884504747
N297Q,-10.55223560333252,-8.485211215
N297C,-9.603853225708008,-8.114835479
N297D,-5.746260643005371,-7.980046234
N297E,-11.06287956237793,-7.669205718
N297T,-5.13570499420166,-11.16350558
N297Y,-11.330632209777832,-11.05979405
N297W,-15.273197174072266,-7.97392663
N297A,-7.795625686645508,-7.298583837000001
N297F,-10.433052062988281,-8.099585267
N297G,-10.330476760864258,-7.823433456
N297H,-8.479347229003906,-8.711725469
N297I,-8.67912769317627,-12.04924623
N297K,-11.470072746276855,-9.063509177
N297L,-9.672758102416992,-8.160598258
N297M,-8.640995025634766,-7.824764901
N297P,-11.728202819824219,-7.81430726
N297R,-13.321013450622559,-8.626773877
N297S,-5.092888355255127,-8.624567731
P298W,-16.102434158325195,-7.318395582000001
P298Y,-14.1421480178833,-5.966266229
P298E,-16.274513244628906,-6.650422319
P298F,-12.600725173950195,-6.839561653
P298G,-11.881854057312012,-7.409236803
P298H,-10.648066520690918,-10.64971585
P298I,-11.353755950927734,-7.160636082000001
P298K,-16.299434661865234,-8.443083847
P298D,-16.716670989990234,-6.818000486
P298L,-10.077597618103027,-8.460371019
P298N,-13.244267463684082,-7.129523999
P298Q,-9.546319961547852,-6.79553075
P298R,-14.69326114654541,-8.715926576000001
P298S,-6.769493103027344,-8.187289323
P298T,-8.682855606079102,-10.30665206
P298V,-10.495495796203613,-7.599835231
P298M,-11.922560691833496,-7.415548201
P298C,-11.763229370117188,-7.518380231
P298A,-6.056919097900391,-7.374234482999999
H299A,-3.308699607849121,-7.303249663
H299D,-4.539453506469727,-8.006332897
H299E,-5.973060607910156,-8.176788058
H299F,-5.020085334777832,-7.557719265
H299G,-5.290893077850342,-7.404045904
H299I,-5.909599304199219,-7.674581884
H299K,-4.3488664627075195,-8.077433189
H299L,-4.22426176071167,-11.17746908
H299Y,-4.006114959716797,-10.70147048
H299M,-4.51859188079834,-8.013403068999999
H299P,-10.100530624389648,-8.637301993
H299Q,-1.9823658466339111,-8.736460862000001
H299R,-4.349038600921631,-8.049917466
H299S,-2.3812429904937744,-7.167202802
H299T,-4.506671905517578,-9.548814525
H299V,-5.884548187255859,-8.120056449
H299W,-7.574191093444824,-7.654135835
H299N,-0.7178539633750916,-10.18568896
H299C,-6.231405735015869,-7.561041607000001
K300F,-12.419408798217773,-7.494885385
K300A,-8.524972915649414,-7.592230406
K300C,-10.707136154174805,-7.925973247999999
K300D,-8.625535011291504,-7.80866393
K300Y,-11.866227149963379,-7.660376205
K300W,-12.145170211791992,-7.733074231
K300V,-10.592543601989746,-7.463113512
K300S,-6.1143598556518555,-7.829238825
K300E,-8.106422424316406,-8.30037726
K300R,-4.6451096534729,-10.12365718
K300T,-6.479046821594238,-7.983149377
K300P,-13.88167667388916,-8.006316287999999
K300N,-5.8619794845581055,-10.89140917
K300M,-8.189875602722168,-10.35897148
K300L,-9.395552635192871,-7.69046346
K300I,-10.594108581542969,-7.70440836
K300H,-8.860565185546875,-7.675266412999999
K300G,-8.969222068786621,-8.241896317
K300Q,-6.423290252685547,-7.868501492
R301Y,-14.537826538085938,-9.013443613
R301T,-13.635316848754883,-9.008220639
R301S,-10.838521957397461,-9.959182138
R301Q,-10.151082992553711,-8.788264855
R301P,-12.37578296661377,-8.927785992999999
R301N,-14.485193252563477,-8.561887597
R301M,-12.140386581420898,-8.358046386
R301K,-10.892386436462402,-10.66496644
R301L,-12.114564895629883,-9.154258097
R301H,-10.620927810668945,-9.070653384
R301G,-10.876131057739258,-8.702447948
R301F,-15.281497955322266,-8.121424904
R301E,-14.260039329528809,-9.394810029
R301D,-15.147802352905273,-8.667359298
R301C,-8.138605117797852,-8.842572871
R301A,-14.57084846496582,-8.979981879
R301V,-15.00063419342041,-8.706344452
R301I,-13.304337501525879,-11.49056397
R301W,-11.640132904052734,-8.315805245
I302Y,-11.310073852539062,-7.762985653999999
I302A,-9.691795349121094,-8.53755906
I302W,-13.138625144958496,-7.570596009
I302V,-4.51776647567749,-8.310190218999999
I302T,-7.090958595275879,-7.483779489
I302S,-9.300735473632812,-7.978324943
I302R,-13.043680191040039,-9.297053666
I302Q,-12.80787467956543,-9.058195985
I302P,-9.307122230529785,-7.845877452000001
I302N,-9.674229621887207,-10.82720729
I302K,-12.715858459472656,-8.571499053
I302H,-12.473243713378906,-8.350419278
I302G,-12.525908470153809,-8.883588197
I302F,-8.767423629760742,-11.02365943
I302E,-13.95473575592041,-8.690479902
I302D,-13.123266220092773,-8.787043284
I302C,-9.763293266296387,-7.363280475
I302M,-6.491395950317383,-7.446952054
I302L,-5.875478744506836,-9.160701537
E303T,1.5124807357788086,-6.974408195
E303S,1.064770221710205,-7.44087399
E303Y,-6.133764743804932,-6.9898529210000016
E303W,-7.494340419769287,-7.213926915
E303V,-4.988797664642334,-8.974174311
E303A,-2.3866758346557617,-7.555171345
E303C,-3.2304515838623047,-7.624991701
E303F,-5.073340892791748,-6.405703681
E303G,-1.0763251781463623,-8.692224476
E303I,-4.668877601623535,-6.63570212
E303D,1.769857406616211,-10.04510791
E303L,-3.375870704650879,-3.916445007
E303M,-4.4444427490234375,-7.012157782999999
E303N,-0.7458581924438477,-6.358800563
E303P,-4.701502799987793,-2.098079356
E303Q,-2.2176027297973633,-5.6863143560000005
E303R,-4.3533525466918945,-7.565829899
E303K,-3.679950714111328,-9.081525965
V304G,-11.408283233642578,-10.78944908
V304T,-9.032334327697754,-7.011245201
V304A,-7.375571250915527,-8.45326417
V304C,-9.632253646850586,-7.4523777939999984
V304D,-12.619853019714355,-9.784762674
V304E,-12.20193862915039,-7.641965913
V304F,-11.099675178527832,-8.997438142
V304H,-16.48443603515625,-7.7751701560000015
V304Y,-14.960493087768555,-7.067901687999999
V304K,-14.903895378112793,-8.034250477
V304L,-7.302827835083008,-7.983627252000001
V304M,-8.573227882385254,-7.761860747999999
V304N,-14.08749008178711,-7.076211248
V304P,-11.726347923278809,-7.342092667
V304Q,-14.781723976135254,-9.019019157
V304W,-16.438488006591797,-7.516789732
V304I,-5.610551834106445,-7.938937031
V304R,-15.09443473815918,-8.542872508
V304S,-11.704612731933594,-7.53595793
E305V,-7.56596040725708,-9.599138582
E305Y,-11.65241813659668,-6.9549207210000015
E305W,-14.006145477294922,-6.878222225
E305T,-7.1820268630981445,-6.270101677
E305S,-6.684492111206055,-6.715360598999999
E305R,-11.356391906738281,-7.693137477
E305Q,-7.090156078338623,-7.104324357
E305N,-7.961139678955078,-7.542733492999999
E305M,-10.859304428100586,-6.780621153999999
E305P,-8.867216110229492,-6.578001781
E305K,-8.835105895996094,-9.175831853
E305I,-9.567262649536133,-6.829556623999999
E305H,-8.910479545593262,-6.251641788
E305G,-7.007254123687744,-7.109598654
E305F,-11.95954704284668,-6.9561317360000015
E305D,-3.352440357208252,-11.48484075
E305C,-11.92753791809082,-6.481254487999999
E305A,-5.041317462921143,-8.720930336
E305L,-10.165077209472656,-7.094563207
Q306G,-2.5059943199157715,-6.807927788
Q306A,-0.7027736902236938,-7.282982405
Q306C,-7.5560832023620605,-6.835146003999999
Q306D,-0.04307889938354492,-7.130704872000001
Q306E,1.0535473823547363,-7.284170107
Q306H,-4.101962089538574,-9.342309233
Q306S,-3.1947760581970215,-6.839837175
Q306K,-3.890620708465576,-7.495184961
Q306L,-5.980978965759277,-9.698643003
Q306M,-4.798250198364258,-6.771659757999999
Q306N,-3.1169848442077637,-6.4493584870000005
Q306T,-4.085933208465576,-7.033962542
Q306P,-8.781888961791992,-7.098790797
Q306R,-5.841579914093018,-8.478759247000001
Q306W,-10.141378402709961,-6.613639945
Q306I,-8.249916076660156,-6.532464227999999
Q306V,-5.4055891036987305,-6.616016463999999
Q306Y,-7.574021816253662,-6.513192007000001
A307W,-16.70192527770996,-7.849817381
A307C,-8.749410629272461,-5.818419203
A307D,-14.410649299621582,-9.148169608
A307E,-12.356986045837402,-8.181315547
A307G,-8.646599769592285,-7.984399302999999
A307H,-16.485448837280273,-7.303006793
A307I,-11.836167335510254,-6.368146931
A307K,-16.34840202331543,-7.959156088999999
A307L,-11.095760345458984,-7.4795699089999985
A307M,-11.437562942504883,-7.725634481
A307F,-13.48025131225586,-7.451707159
A307P,-10.778176307678223,-8.817415139
A307Q,-14.152278900146484,-8.34357842
A307R,-15.499987602233887,-8.519867547
A307S,-6.455904960632324,-9.680486483
A307T,-8.15982437133789,-8.465478052
A307V,-7.734102725982666,-7.905457235
A307Y,-15.422577857971191,-7.3019862510000015
A307N,-15.992168426513672,-7.603253186
L308S,-10.248035430908203,-7.340721475
L308R,-9.958813667297363,-6.910299919
L308Q,-9.985764503479004,-8.659891531
L308P,-10.141548156738281,-8.789086762
L308N,-13.621740341186523,-7.620102319
L308M,-5.693856239318848,-9.894335643
L308K,-11.930268287658691,-7.416564102000001
L308F,-7.833425045013428,-6.92489269
L308H,-11.053775787353516,-7.585573769
L308G,-14.79041862487793,-8.424312421
L308E,-15.678518295288086,-7.343905703
L308D,-17.27948760986328,-8.426992418
L308A,-11.250195503234863,-7.161813017
L308T,-10.522602081298828,-7.152661545
L308C,-10.147616386413574,-7.2637900439999985
L308I,-6.08886194229126,-6.9980617160000005
L308Y,-13.054120063781738,-7.379107125
L308W,-14.027122497558594,-8.371350336
L308V,-8.151872634887695,-6.900517259
A309E,-3.8660972118377686,-6.60126379
A309H,-7.357628345489502,-6.861529015
A309I,-6.339777946472168,-6.4987948410000005
A309K,-6.500784873962402,-6.790001007000001
A309L,-6.610686302185059,-8.108760815
A309M,-5.879481792449951,-6.638153087
A309N,-4.524299621582031,-6.677739054
A309P,-10.500192642211914,-7.792420492000001
A309Q,-5.799108028411865,-6.974438726
A309R,-7.1114678382873535,-7.492702388
A309S,-2.6138837337493896,-10.01177797
A309T,-4.230976104736328,-9.987544652
A309V,-4.240142822265625,-7.08634143
A309W,-10.74278450012207,-6.851055414
A309C,-4.496869087219238,-6.541363007
A309D,-6.597470283508301,-7.972568177
A309Y,-8.431056022644043,-6.77889814
A309G,-4.246099472045898,-8.035154700000001
A309F,-8.134943962097168,-6.766380618
H310S,-11.378599166870117,-7.993162632000001
H310A,-13.898682594299316,-7.239471246
H310W,-17.326541900634766,-8.15346358
H310Y,-12.320550918579102,-8.285680458
H310R,-13.185246467590332,-8.597632763
H310Q,-10.589834213256836,-8.841934567000001
H310P,-15.972887992858887,-8.641131165
H310N,-11.236137390136719,-11.02788168
H310M,-15.408056259155273,-7.658098643
H310L,-12.292072296142578,-10.58146975
H310K,-15.130472183227539,-8.345199784
H310I,-16.047378540039062,-8.883085784
H310G,-14.618071556091309,-8.452470874
H310F,-13.87915325164795,-7.248374957
H310E,-13.35667610168457,-7.282907082
H310D,-10.84221076965332,-7.107930882000001
H310C,-12.477453231811523,-6.785831322000001
H310T,-15.19206714630127,-7.663831198
H310V,-15.515649795532227,-8.177972813
P311C,-10.838412284851074,-6.70695761
P311A,-6.073922634124756,-6.96593697
P311L,-9.024924278259277,-9.070812148
P311S,-5.852466583251953,-9.052784574
P311E,-7.985577583312988,-7.42883845
P311F,-13.107746124267578,-7.549409019
P311G,-9.652678489685059,-7.021232114
P311H,-9.138010025024414,-10.62056623
P311I,-10.858925819396973,-7.148024108
P311K,-7.095377445220947,-7.428239091
P311D,-9.436665534973145,-7.106168327000001
P311M,-11.558804512023926,-6.70918927
P311Q,-7.749457836151123,-6.839100164
P311R,-7.45367431640625,-7.41835938
P311T,-7.74910306930542,-10.0449705
P311V,-9.002699851989746,-7.149741996
P311W,-13.773210525512695,-6.774244522
P311N,-9.665767669677734,-6.686280626
P311Y,-13.596963882446289,-7.764087489
Y312C,-11.121053695678711,-8.135675501
Y312D,-15.570906639099121,-8.930029747999999
Y312F,-3.873485565185547,-10.803273
Y312H,-7.985152244567871,-7.872327144
Y312I,-11.77505874633789,-8.032563856
Y312K,-18.941360473632812,-9.018459207
Y312L,-9.375701904296875,-8.581448559
Y312M,-11.984384536743164,-7.783858797000001
Y312N,-12.609471321105957,-10.691784
Y312P,-18.16905403137207,-8.679104976
Y312Q,-11.649625778198242,-9.173400046
Y312R,-18.02899932861328,-9.31718331
Y312S,-11.67959213256836,-7.7771028860000015
Y312T,-15.196470260620117,-8.746267571
Y312V,-12.548187255859375,-7.877118539
Y312W,-9.26805305480957,-7.271215292999999
Y312E,-15.472135543823242,-9.277028694
Y312A,-14.054533958435059,-7.302708517
Y312G,-16.22654151916504,-8.692965946000001
L313D,-16.618724822998047,-8.746099101
L313C,-11.210948944091797,-6.440051942
L313A,-12.504341125488281,-8.526769677999999
L313F,-8.94571590423584,-7.243130711
L313T,-13.404197692871094,-7.89392399
L313S,-12.495500564575195,-8.669624161
L313H,-14.351364135742188,-7.519347511
L313V,-7.190327167510986,-6.4645182110000015
L313Q,-12.276007652282715,-9.814302907
L313R,-13.62391471862793,-8.149025394
L313N,-15.77655029296875,-7.782329177
L313M,-6.051260948181152,-10.3918045
L313K,-15.96406078338623,-8.515699501
L313G,-14.735373497009277,-8.876946381
L313I,-9.372631072998047,-7.155292441
L313Y,-14.468122482299805,-7.803103732999999
L313W,-13.171675682067871,-8.095001497
L313P,-12.588232040405273,-8.732951956
L313E,-15.712696075439453,-8.848150653
E314S,-4.680366516113281,-7.346585406
E314Y,-8.691911697387695,-6.428963692999999
E314W,-11.534671783447266,-5.893739861
E314T,-7.067455768585205,-5.934126237999999
E314V,-6.862135410308838,-8.789205076
E314H,-6.871893405914307,-5.925326615
E314R,-8.637909889221191,-6.396502803
E314Q,-3.782909870147705,-7.193011506
E314P,-10.12938117980957,-6.493605201
E314N,-7.838929653167725,-5.9731108760000025
E314M,-8.079538345336914,-6.055246597999999
E314L,-7.51384162902832,-6.710864162999999
E314K,-7.0269293785095215,-9.271931581
E314I,-9.480155944824219,-5.77515548
E314A,-3.4907946586608887,-7.250970877999999
E314G,-6.885868549346924,-7.223921987000001
E314C,-8.491474151611328,-6.001951742999999
E314D,-4.4867353439331055,-8.89851783
E314F,-10.362415313720703,-5.962263209
Q315P,-4.323531150817871,-7.124483659
Q315N,-8.311583518981934,-7.610175558
Q315S,-7.069061279296875,-7.317061913
Q315T,-7.032050609588623,-7.5999878060000015
Q315V,-7.796845436096191,-6.63896304
Q315R,-6.606586456298828,-8.019302011
Q315M,-7.586551666259766,-6.465969716
Q315Y,-9.702898025512695,-7.743076897999999
Q315K,-6.601398468017578,-9.228205081
Q315L,-6.368749141693115,-9.794858145
Q315W,-11.81405258178711,-5.948863874
Q315A,-7.724285125732422,-7.536213106
Q315D,-9.713373184204102,-7.432475084
Q315C,-8.492729187011719,-6.38970141
Q315F,-10.355722427368164,-6.936388075
Q315G,-9.176288604736328,-6.725380063999999
Q315H,-6.259968280792236,-8.82086902
Q315I,-6.7970967292785645,-7.018777543
Q315E,-6.827254295349121,-7.1530298320000005
Y316H,-10.165102005004883,-7.105863487000001
Y316A,-15.200528144836426,-6.408635635
Y316C,-10.121365547180176,-8.567019702
Y316E,-17.589069366455078,-7.689854032
Y316F,-5.443469524383545,-10.18448565
Y316G,-16.809648513793945,-6.836792561
Y316I,-11.820591926574707,-6.384963241
Y316P,-16.448822021484375,-6.17842361
Y316L,-7.640657424926758,-7.624004433
Y316M,-12.065380096435547,-7.437450846
Y316N,-13.607833862304688,-10.57286256
Y316Q,-14.87359619140625,-7.430572089
Y316R,-16.297739028930664,-6.590144426
Y316S,-13.760215759277344,-6.486425276
Y316T,-16.480693817138672,-6.872488825
Y316V,-12.856842994689941,-7.984048857999999
Y316W,-10.291159629821777,-6.618038464
Y316K,-18.269140243530273,-7.495371211
Y316D,-15.237096786499023,-7.872463921
Y317F,-4.509262561798096,-10.54110553
Y317W,-9.780035018920898,-4.72868971
Y317D,-10.96682071685791,-7.393250449
Y317E,-13.754958152770996,-5.565640717000001
Y317G,-11.379776000976562,-6.527139369
Y317H,-1.7513542175292969,-7.333599776000002
Y317I,-11.79643440246582,-7.403847129
Y317K,-12.342253684997559,-6.079145481
Y317L,-9.88175106048584,-7.641733377
Y317C,-7.408120632171631,-9.22461034
Y317N,-7.052370548248291,-9.705298019
Y317M,-10.916263580322266,-7.557617753
Y317V,-11.863933563232422,-5.160738556
Y317T,-11.323431015014648,-7.249345905
Y317A,-10.108450889587402,-7.11585729
Y317R,-8.986767768859863,-4.39149864
Y317Q,-8.718709945678711,-4.937678382
Y317P,-13.279582023620605,-6.895284511
Y317S,-7.593902587890625,-7.668413224
D318F,-11.13451862335205,-6.944123782999999
D318G,-9.894173622131348,-7.469006911
D318H,-8.275161743164062,-7.623794465
D318I,-9.9131441116333,-7.502777598
D318K,-9.842400550842285,-6.878693007000001
D318L,-10.148805618286133,-7.599430174
D318M,-11.682737350463867,-8.048726978
D318P,-15.572729110717773,-6.139929517000001
D318Q,-9.479866981506348,-7.04413943
D318S,-8.598167419433594,-6.947893621
D318T,-11.00145435333252,-6.402970643
D318V,-8.411970138549805,-9.397583019
D318W,-14.380905151367188,-6.842824386
D318Y,-8.605339050292969,-9.565578474
D318N,-6.016246795654297,-10.64746388
D318R,-12.108985900878906,-6.970110732999999
D318C,-7.1617431640625,-6.975070589
D318E,-3.647188186645508,-9.311476037
D318A,-8.862154006958008,-9.21770907
P319Y,-11.19647216796875,-7.346669565
P319A,-5.9460296630859375,-7.455629045
P319C,-10.714317321777344,-7.575032682000001
P319D,-11.417694091796875,-7.607626702
P319E,-10.214102745056152,-8.031042518
P319F,-10.84650707244873,-7.6575090339999985
P319G,-10.331685066223145,-7.907507888
P319H,-8.077794075012207,-7.908557429
P319I,-8.312596321105957,-7.700710011
P319K,-12.241397857666016,-7.510264741
P319M,-9.067045211791992,-8.208354484
P319Q,-8.07450008392334,-11.03659959
P319R,-10.700064659118652,-7.732487808999997
P319S,-6.1031622886657715,-8.445468854
P319T,-8.548566818237305,-9.743986371
P319V,-8.797905921936035,-8.041983481
P319W,-14.030949592590332,-7.7217356760000015
P319L,-6.531377792358398,-8.335384621000001
P319N,-10.980204582214355,-7.312266786
S320D,-2.356874942779541,-7.80411639
S320N,0.48784899711608887,-7.166695257000001
S320F,-7.371356010437012,-7.969754635
S320G,-3.4148197174072266,-7.672793294
S320H,-5.037313461303711,-6.716485199
S320I,-4.554933071136475,-7.662033431
S320K,-4.864731788635254,-7.632275842999999
S320L,-3.818608283996582,-8.09932815
S320M,-2.194033145904541,-7.657998465
S320E,-3.0662994384765625,-7.7714577710000015
S320A,-1.0670033693313599,-7.300523567000001
S320Q,-5.0595197677612305,-7.231173077
S320R,-6.258382797241211,-7.162228138
S320T,0.4276998043060303,-8.889822432999999
S320V,-4.960733890533447,-7.709959566
S320W,-9.539087295532227,-7.316987986
S320Y,-6.541017532348633,-9.769655719
S320C,-7.28762149810791,-7.3889135160000015
S320P,-9.355998992919922,-7.535197095
D321C,-11.863568305969238,-7.236218873999999
D321E,-2.6653642654418945,-8.552947427000001
D321W,-13.8731689453125,-7.106908022000001
D321A,-7.584610462188721,-10.07348887
D321Y,-9.660128593444824,-11.00687773
D321V,-8.847187042236328,-9.900128189
D321T,-8.65462875366211,-6.8948554
D321S,-7.319770812988281,-6.92122428
D321Q,-8.129362106323242,-7.389361789
D321P,-13.478958129882812,-6.067243812999999
D321R,-10.036953926086426,-7.7514462439999985
D321M,-10.225997924804688,-7.267078046
D321L,-10.178834915161133,-7.502655625
D321K,-8.105428695678711,-6.891434747000001
D321I,-10.289257049560547,-6.883472212999999
D321H,-8.70738697052002,-6.996324778
D321G,-8.070269584655762,-8.190732782000001
D321F,-11.54371452331543,-7.0426986860000005
D321N,-6.242408752441406,-9.136465248
E322N,-9.992517471313477,-6.060965497000001
E322I,-12.822110176086426,-6.105617582000001
E322K,-10.080263137817383,-8.944601727
E322L,-11.773283958435059,-6.673369825
E322M,-11.377439498901367,-6.54255552
E322P,-10.244012832641602,-5.367049608
E322G,-9.354485511779785,-7.38862503
E322R,-11.659666061401367,-6.926307004
E322S,-10.696818351745605,-6.660767342000001
E322T,-11.078774452209473,-5.831185777999999
E322W,-15.388993263244629,-6.632587295
E322Y,-13.276067733764648,-6.421215373
E322H,-11.273523330688477,-6.04413331
E322Q,-8.324759483337402,-6.709814982
E322F,-14.35738468170166,-6.594169367
E322V,-9.666180610656738,-8.653419508999999
E322C,-13.060188293457031,-6.470132978
E322A,-8.923717498779297,-10.43829436
E322D,-7.051108360290527,-8.130663575
P323C,-12.159393310546875,-6.921032624
P323Y,-13.80876636505127,-6.88948674
P323E,-13.989313125610352,-7.712060751
P323F,-13.242612838745117,-5.736505962000001
P323G,-13.452709197998047,-7.131312527
P323H,-10.69866943359375,-9.837865239
P323I,-12.318182945251465,-6.647267489
P323L,-8.976739883422852,-7.874962452
P323M,-12.941120147705078,-7.175594965
P323N,-13.595149993896484,-6.400033127
P323Q,-10.142468452453613,-6.768303192
P323R,-12.29865550994873,-7.2272698260000015
P323S,-8.7291259765625,-8.412967667
P323T,-10.361075401306152,-8.843886318
P323K,-14.571764945983887,-6.843137166
P323A,-8.942256927490234,-7.572377418999999
P323V,-11.247676849365234,-6.641979273
P323D,-15.376093864440918,-6.729394351
P323W,-15.124887466430664,-6.030942262000001
I324E,-1.3081958293914795,-7.024948242000001
I324C,-5.414440155029297,-7.155607591
I324F,-5.9170074462890625,-9.693092861
I324G,-5.534880638122559,-7.087130465
I324H,-6.847431182861328,-6.602318678
I324K,-4.1022748947143555,-7.088090801
I324L,-3.1789004802703857,-8.599752252
I324M,-2.7256033420562744,-7.715418849
I324N,-5.815683364868164,-8.42918216
I324P,-6.393256187438965,-5.985037707999999
I324Q,-4.617056846618652,-7.219504049
I324R,-4.247953414916992,-7.215635835
I324S,-3.809166669845581,-8.069288969
I324T,-1.9746325016021729,-6.956231142
I324V,3.2757339477539062,-7.373366862999999
I324W,-8.469072341918945,-7.598934728
I324Y,-6.897581100463867,-6.962129184
I324A,-1.6171824932098389,-6.652828258
I324D,-4.452086448669434,-7.217083659
A325C,0.5689339637756348,-6.824347027999999
A325D,-10.774552345275879,-6.37848297
A325W,-9.9046049118042,-7.332467711
A325V,-6.93671989440918,-7.763559054
A325T,-5.565911293029785,-9.03978325
A325S,-3.4218199253082275,-9.044520005
A325R,-8.860258102416992,-7.646887055
A325Q,-12.012938499450684,-7.30648322
A325P,-8.377583503723145,-6.757914139
A325N,-9.400650024414062,-6.6975981870000005
A325M,-7.966530799865723,-6.142833891
A325L,-10.096711158752441,-7.515222483
A325K,-10.621538162231445,-6.505620738999999
A325I,-9.084212303161621,-6.66426636
A325H,-11.666732788085938,-5.538986194
A325G,-6.069001197814941,-6.961278163999999
A325F,-10.888386726379395,-6.519930539
A325Y,-9.41622257232666,-6.286484746
A325E,-11.16086483001709,-8.986769056
E326V,-6.185136795043945,-9.624866187
E326N,-8.766818046569824,-6.874346085
E326Y,-11.093331336975098,-6.819325154
E326W,-13.272178649902344,-7.437711685
E326T,-7.515810489654541,-6.946741759
E326S,-7.618345260620117,-6.795207395
E326R,-9.490592956542969,-7.594659435
E326Q,-3.815577268600464,-8.040666085
E326P,-7.100444316864014,-6.665551737
E326C,-10.877473831176758,-7.308857246
E326A,-5.367105484008789,-9.353613801
E326L,-7.294219970703125,-7.131074045
E326K,-7.785686016082764,-9.022434073
E326I,-8.297525405883789,-6.219704648
E326H,-8.426356315612793,-6.587490909
E326G,-7.292808532714844,-7.790158849
E326F,-12.282909393310547,-6.4309376270000005
E326D,-3.535738706588745,-10.44121881
E326M,-8.389656066894531,-7.242974985
A327Y,-7.211099624633789,-6.641879716
A327W,-8.596973419189453,-7.3967808160000015
A327H,-5.144674301147461,-6.515215782
A327C,-6.564970016479492,-6.80455607
A327F,-7.186460494995117,-2.160964047
A327G,-5.200063705444336,-7.431396568999999
A327I,-5.064055442810059,-6.125326157000001
A327K,-4.241133213043213,-7.090121319
A327L,-3.9199633598327637,-6.789746358
A327M,-3.6830220222473145,-7.539235346
A327N,-6.336265563964844,-6.007518717999999
A327P,-7.732813835144043,-7.866227566
A327Q,-2.001023530960083,-7.647309867000001
A327R,-4.876140594482422,-7.406861895
A327S,-4.494348526000977,-8.556701294
A327T,-3.697115898132324,-7.819025551
A327V,-2.8980016708374023,-7.937834631
A327D,-7.032739162445068,-9.364877948
A327E,-3.11666202545166,-7.864099257999999
P328C,-8.70937442779541,-7.487973936
P328A,-5.798804759979248,-8.09686296
P328D,-12.493215560913086,-8.337288706
P328E,-10.777204513549805,-8.179180065
P328Y,-10.711919784545898,-8.295619143
P328F,-10.56302261352539,-8.612820542
P328G,-10.955877304077148,-7.625079167000001
P328H,-7.451231956481934,-10.16592668
P328I,-7.974275588989258,-7.620085484
P328L,-6.881136894226074,-9.352116974
P328M,-9.836044311523438,-7.90054661
P328N,-10.775642395019531,-7.421931159
P328K,-9.31959056854248,-7.724593422000001
P328R,-8.370895385742188,-7.932814457999999
P328S,-7.188155174255371,-8.434351976
P328T,-7.317012310028076,-11.16257224
P328V,-6.9633073806762695,-7.949715659
P328W,-13.389065742492676,-7.865956343
P328Q,-7.591552734375,-7.6749137
F329A,-12.18803882598877,-7.191460891
F329C,-9.529367446899414,-7.272129692999999
F329K,-14.818613052368164,-7.184836226
F329D,-14.45456600189209,-7.284542107
F329E,-14.999939918518066,-7.82579435
F329G,-14.031097412109375,-6.871523336
F329H,-12.195530891418457,-6.645820686
F329I,-7.292490482330322,-11.71635419
F329L,-6.860839366912842,-11.13397151
F329W,-9.120942115783691,-6.825154052999999
F329N,-13.491272926330566,-7.193032215
F329P,-13.580289840698242,-6.82477999
F329Q,-14.351101875305176,-7.758111487000001
F329R,-14.90849781036377,-7.517697707000001
F329S,-10.948478698730469,-8.809501702
F329T,-12.826435089111328,-7.02376753
F329V,-8.152746200561523,-8.112717114
F329Y,-5.462543487548828,-9.415681975
F329M,-10.238333702087402,-7.645081439
K330P,-4.592813491821289,-7.366620077
K330Q,-2.6522703170776367,-7.995961768
K330V,0.5184590816497803,-7.558476105
K330S,-0.10504531860351562,-7.902568442000001
K330T,3.425168514251709,-7.398721162999999
K330N,-1.158491611480713,-8.569471285
K330R,-0.5926928520202637,-8.673239962
K330M,-1.4718022346496582,-10.69461445
K330F,-4.652494430541992,-6.699002969
K330I,-0.19859004020690918,-7.438325856
K330H,-2.031403064727783,-6.757694742000001
K330G,-4.930259704589844,-8.070366985
K330E,-4.2816643714904785,-8.448556938
K330D,-4.40183162689209,-6.938452374
K330C,-4.041837215423584,-7.094408217000001
K330A,-1.3859343528747559,-7.026298258
K330Y,-3.876603126525879,-6.216924647999999
K330L,-1.8987431526184082,-7.104903472999999
K330W,-7.046372413635254,-6.552134988
F331M,-5.559715270996094,-6.279206747999999
F331K,-12.090425491333008,-6.41707269
F331G,-11.247424125671387,-6.978585835
F331H,-10.061918258666992,-7.952834602
F331I,-3.4780750274658203,-11.91428782
F331L,-2.6829681396484375,-10.82887574
F331N,-11.785746574401855,-7.565445059
F331P,-9.267562866210938,-6.373483662000001
F331Q,-9.965603828430176,-6.854492672
F331R,-11.123533248901367,-6.617770164
F331S,-8.729737281799316,-7.741739588
F331T,-9.40719223022461,-6.790223029
F331V,-5.020075798034668,-8.902585717000001
F331W,-6.443512916564941,-6.568289611
F331E,-10.46829605102539,-8.03711653
F331Y,-6.076779365539551,-11.15763219
F331D,-12.159616470336914,-7.770299811
F331C,-7.593264102935791,-7.126446377000001
F331A,-8.445730209350586,-6.548953526
D332G,-7.524527072906494,-9.034432897
D332Y,-8.952227592468262,-11.252239
D332F,-11.841704368591309,-6.710064055
D332E,-1.7376489639282227,-9.285374596
D332C,-11.701884269714355,-6.7223829770000005
D332A,-7.733133792877197,-8.295168324
D332S,-7.200531482696533,-7.363932532000001
D332L,-11.15780258178711,-7.774567543
D332M,-12.021003723144531,-7.85936329
D332W,-15.282920837402344,-6.727457069
D332V,-8.316569328308105,-10.134052
D332N,-5.683772087097168,-9.688734157
D332P,-9.70435905456543,-6.660575295
D332Q,-8.866279602050781,-7.729794042999999
D332T,-7.921481132507324,-7.930010891
D332R,-12.626431465148926,-7.8890649
D332K,-9.170960426330566,-7.435557655
D332I,-10.088488578796387,-6.865414269
D332H,-9.195782661437988,-7.673951801
M333T,-6.939711570739746,-7.500811361
M333A,-8.445271492004395,-7.5443538860000015
M333C,-10.932806015014648,-7.0756192570000005
M333D,-9.15817928314209,-7.795440555
M333W,-9.134078025817871,-7.783233404
M333Y,-8.778339385986328,-8.034267178
M333E,-7.913382530212402,-7.325507397999999
M333F,-4.1107378005981445,-7.14597447
M333S,-9.04550838470459,-7.508316846
M333G,-10.232429504394531,-7.8218793510000015
M333I,-4.681739330291748,-11.713884599999998
M333K,-8.203411102294922,-10.31325307
M333L,-4.70847225189209,-10.44019655
M333N,-8.47585678100586,-7.659942903999997
M333P,-9.826991081237793,-8.310522932000001
M333Q,-7.86676025390625,-7.027666882999999
M333R,-9.899262428283691,-8.3071716
M333V,-6.485548973083496,-7.636345194
M333H,-8.940174102783203,-8.107111018
E334A,-7.834100723266602,-6.529224591
E334C,-12.610852241516113,-6.321063344
E334I,-10.972249031066895,-5.820270262999999
E334F,-13.46495246887207,-5.785894382
E334H,-9.995271682739258,-6.73220804
E334G,-7.2848801612854,-7.652750088999999
E334Y,-10.957686424255371,-7.708497227
E334W,-15.134138107299805,-5.582641154
E334T,-10.237456321716309,-6.9087620670000005
E334S,-10.152190208435059,-7.21314183
E334R,-12.003076553344727,-7.3875656
E334V,-7.4877190589904785,-9.537844086
E334P,-10.85049819946289,-7.41948858
E334N,-8.338912963867188,-9.154739314
E334M,-11.709190368652344,-6.752049017
E334L,-11.070327758789062,-6.896669714
E334K,-8.089118957519531,-10.04751708
E334D,-3.0438103675842285,-11.6277835
E334Q,-6.827749252319336,-7.723968694
L335M,-5.549361228942871,-8.770667678999999
L335D,-8.837120056152344,-7.252996265
L335E,-8.63511848449707,-7.112178398999999
L335G,-10.098135948181152,-8.539045051
L335H,-7.784703731536865,-7.380778457000001
L335A,-9.319369316101074,-7.914889187000001
L335I,-6.106590270996094,-8.103484102000001
L335K,-9.418180465698242,-7.104931229
L335N,-9.866601943969727,-7.174962112999999
L335W,-10.177119255065918,-8.493489491
L335Q,-6.627078056335449,-10.05891167
L335R,-7.627821922302246,-7.500054337000001
L335S,-9.93894100189209,-7.691718391
L335T,-9.571945190429688,-7.778585471
L335V,-6.660671710968018,-6.857417807999999
L335Y,-9.040166854858398,-8.01748451
L335P,-9.906478881835938,-7.638559254
L335C,-10.296196937561035,-6.873378545
D336Y,-8.438440322875977,-10.1696222
D336W,-12.641809463500977,-7.01147011
D336P,-8.559650421142578,-6.457633444
D336T,-8.75029468536377,-8.737912945
D336A,-7.773349761962891,-8.548861352000001
D336C,-10.189119338989258,-7.116196258
D336E,-2.5717544555664062,-9.587317342
D336F,-10.763524055480957,-6.621423154
D336G,-6.287807464599609,-8.124954608
D336H,-7.312747001647949,-7.24214779
D336I,-10.312288284301758,-6.805378417000001
D336V,-8.654273986816406,-9.965527077
D336L,-10.228597640991211,-7.376458163
D336M,-11.521114349365234,-7.536395845
D336N,-5.945502281188965,-9.023515175
D336Q,-8.588390350341797,-7.3435476139999984
D336R,-10.867243766784668,-8.390702777000001
D336S,-7.866635322570801,-7.114872007000001
D336K,-8.848037719726562,-8.059011166
D337C,-10.108378410339355,-6.23773031
D337E,-5.865920543670654,-10.92837804
D337F,-12.24880599975586,-6.982688642
D337G,-7.6356306076049805,-6.18008951
D337H,-7.35557746887207,-7.9160777310000014
D337I,-12.662890434265137,-8.165932505
D337K,-11.266633033752441,-7.15623487
D337P,-12.953679084777832,-7.451626786
D337M,-13.94626522064209,-7.361159389
D337N,-5.913246154785156,-10.09738454
D337Q,-10.922266006469727,-7.518976122000001
D337R,-13.131091117858887,-7.214974877
D337S,-8.928018569946289,-7.271488527000001
D337A,-9.521328926086426,-8.797135244
D337V,-10.78037166595459,-9.215132837
D337L,-12.811338424682617,-7.6259828889999985
D337T,-10.894554138183594,-7.48773122
D337Y,-8.763312339782715,-10.17077252
D337W,-14.445039749145508,-6.617152034
L338V,-5.910315036773682,-7.207837751
L338D,-15.22350025177002,-7.268820656
L338C,-10.402676582336426,-7.578522342
L338A,-11.056791305541992,-7.89834009
L338Y,-10.667542457580566,-7.247057188999999
L338W,-10.63893985748291,-6.4728695410000014
L338E,-13.743412017822266,-7.344500686
L338G,-13.851062774658203,-6.8707680710000005
L338H,-10.626974105834961,-6.762617031
L338F,-6.677536964416504,-6.778837208
L338K,-12.980696678161621,-7.840508267000001
L338M,-4.777869701385498,-10.05124777
L338N,-13.554608345031738,-7.79563324
L338P,-9.644150733947754,-7.524112779
L338Q,-8.205583572387695,-10.67967711
L338R,-11.546534538269043,-6.764081968999999
L338S,-11.008329391479492,-7.91600543
L338T,-10.769355773925781,-7.973244427999999
L338I,-5.90025520324707,-7.889688978
P339D,-9.040604591369629,-8.396584011
P339W,-13.814949989318848,-7.955799109
P339A,-5.935563087463379,-8.007318855
P339C,-10.43971061706543,-7.467843086
P339E,-8.632055282592773,-8.598287718
P339R,-8.837564468383789,-8.304812646
P339G,-8.71286392211914,-7.754024263
P339H,-8.361649513244629,-7.694634799
P339I,-10.43235969543457,-7.129177342
P339K,-9.176703453063965,-8.534558649
P339L,-7.056735992431641,-8.870517211000001
P339M,-9.948088645935059,-8.687875057000001
P339S,-4.9001569747924805,-8.820078548
P339Q,-7.638474464416504,-11.7039453
P339F,-11.23560905456543,-7.19515586
P339N,-8.471112251281738,-8.230076257
P339V,-9.625904083251953,-7.881084127
P339T,-5.877363204956055,-9.509815105
P339Y,-11.370726585388184,-7.8012877
K340F,-14.687609672546387,-8.062603433
K340E,-9.057104110717773,-9.644838443
K340A,-11.858705520629883,-7.812695856
K340C,-13.73403549194336,-7.467178209
K340D,-13.758588790893555,-9.027017547
K340Y,-14.213278770446777,-7.950793867000001
K340V,-11.440984725952148,-7.217283085
K340T,-10.396824836730957,-6.638610795
K340W,-13.361565589904785,-7.421740546
K340R,-4.879842281341553,-10.18113031
K340Q,-9.445581436157227,-8.081653586
K340P,-12.191208839416504,-7.919056171
K340N,-9.774495124816895,-10.23985765
K340M,-10.253260612487793,-10.24977633
K340L,-11.629568099975586,-7.903989352000001
K340I,-10.652670860290527,-7.419916178999999
K340H,-11.240808486938477,-7.600486116
K340G,-11.889232635498047,-9.533319696
K340S,-11.426432609558105,-7.037718595
E341H,-10.449392318725586,-6.972412545
E341A,-6.967109680175781,-7.213296092
E341D,-2.614398956298828,-10.1733822
E341F,-13.065516471862793,-6.730506287000001
E341G,-7.844840049743652,-8.567506525
E341I,-11.010534286499023,-6.271230191
E341C,-12.944539070129395,-6.819051861
E341L,-11.689447402954102,-6.805393794
E341K,-9.323460578918457,-9.33784395
E341V,-8.774532318115234,-8.887674476
E341W,-13.670984268188477,-5.634573761
E341S,-9.275811195373535,-7.291966167000001
E341Y,-11.773845672607422,-6.490670682999999
E341Q,-9.008707046508789,-7.027369598
E341P,-10.392056465148926,-7.605844834
E341N,-9.065021514892578,-6.763521923
E341M,-12.388057708740234,-6.761263252000001
E341R,-11.827546119689941,-8.523502427999999
E341T,-9.520735740661621,-7.158871014
K342A,-6.9724202156066895,-7.352478648
K342S,-5.845759391784668,-6.8431029410000015
K342Y,-7.885843753814697,-7.60296321
K342W,-7.901012897491455,-6.711593958
K342V,-7.450638294219971,-7.148159757
K342T,-4.837820529937744,-8.224465803
K342R,1.1433124542236328,-9.090258845
K342P,-8.972660064697266,-6.793106953
K342N,-5.418911457061768,-11.78294406
K342M,-6.394101142883301,-6.82074639
K342L,-6.381730556488037,-6.884122637000001
K342I,-7.272171497344971,-11.09507245
K342H,-4.355844497680664,-6.706638892000001
K342F,-9.272241592407227,-6.453306308999999
K342E,-6.7295756340026855,-8.596509613
K342D,-8.265325546264648,-7.0807962710000005
K342C,-6.344460487365723,-7.086885235
K342Q,-4.125511169433594,-7.9934957189999984
K342G,-7.415070056915283,-7.397944201
L343P,-10.189529418945312,-8.138454215
L343N,-11.883551597595215,-7.796116204
L343M,-5.236944198608398,-9.096493991
L343H,-11.655378341674805,-8.075436426
L343I,-3.3853001594543457,-7.283272814
L343G,-12.483979225158691,-7.826862963
L343F,-7.515999794006348,-7.207750641
L343E,-12.417201042175293,-8.719628226000001
L343D,-14.350483894348145,-8.433508176
L343C,-11.893755912780762,-7.148508725
L343A,-10.143745422363281,-8.284509261
L343K,-12.042022705078125,-8.307025827
L343Q,-9.640174865722656,-10.37562932
L343T,-8.468522071838379,-7.729932052
L343S,-11.257370948791504,-7.788596542
L343V,-6.01121711730957,-6.929180379
L343W,-8.726292610168457,-6.9905369020000006
L343Y,-11.893190383911133,-7.834280804
L343R,-9.795442581176758,-8.126247654
K344E,-10.085583686828613,-9.172830596
K344F,-13.513408660888672,-7.769155231
K344G,-11.523733139038086,-8.543678007999999
K344A,-10.275782585144043,-7.695939992
K344Y,-12.400836944580078,-7.857304861
K344W,-14.046363830566406,-7.317478232999999
K344V,-9.683452606201172,-7.644572396
K344R,-3.4662303924560547,-9.59607038
K344S,-10.4981050491333,-7.709345827000001
K344Q,-6.616645812988281,-6.965285739
K344N,-10.124876976013184,-10.1595718
K344M,-8.368806838989258,-10.32431886
K344L,-9.961043357849121,-7.129765087999999
K344I,-8.326924324035645,-7.796971533
K344H,-9.693018913269043,-7.842181192000001
K344T,-7.820169925689697,-7.715358477
K344P,-15.035648345947266,-8.124661951
K344C,-11.058737754821777,-6.739065311
K344D,-14.788166999816895,-8.712597668999999
E345W,-12.374531745910645,-6.157691204
E345Y,-9.249834060668945,-6.5964067360000005
E345A,-7.822762489318848,-6.2615392860000005
E345C,-10.088367462158203,-6.6035915670000005
E345D,-6.387661457061768,-11.59975456
E345F,-10.754611015319824,-6.334972284
E345G,-8.76865291595459,-6.757102628999999
E345H,-6.467584609985352,-6.732189362000001
E345I,-8.24564266204834,-6.047325842999999
E345P,-13.560728073120117,-6.8147006260000005
E345L,-8.06152057647705,-7.256418639
E345M,-9.249174118041992,-7.437168657000001
E345N,-8.992042541503906,-8.186604615
E345Q,-4.865597724914551,-7.205365776
E345R,-8.867277145385742,-7.081759225
E345S,-8.488191604614258,-6.79469098
E345T,-8.62250804901123,-6.743815757999999
E345V,-7.324754238128662,-9.519280898
E345K,-8.386656761169434,-9.860839827
L346I,-6.219296455383301,-7.543322027
L346K,-10.000560760498047,-7.702422256
L346V,-7.99407434463501,-7.694779874
L346Q,-9.073246955871582,-10.04553544
L346S,-9.625282287597656,-7.934484639
L346R,-9.449447631835938,-6.918971139
L346P,-10.805891036987305,-8.778904133
L346T,-10.09583568572998,-8.070332497
L346H,-9.938263893127441,-7.741479056
L346E,-13.172555923461914,-8.146488705
L346F,-7.427150726318359,-3.519203899
L346N,-12.57642936706543,-7.799366085
L346D,-14.862120628356934,-8.255059828
L346C,-10.737787246704102,-7.635977737
L346A,-7.666367053985596,-7.855133518
L346W,-10.396768569946289,-6.67274436
L346Y,-9.810440063476562,-7.934314776
L346G,-12.963645935058594,-8.198221344
L346M,-2.9927725791931152,-9.572459377
I347S,-11.480606079101562,-9.622192104
I347T,-8.338661193847656,-7.614513587
I347V,-4.139393329620361,-7.628875047999999
I347R,-14.071029663085938,-9.085635007
I347P,-14.13802719116211,-8.642639943999999
I347N,-11.805540084838867,-9.346472394
I347M,-5.725131988525391,-8.269772426
I347L,-4.548477649688721,-8.160035141
I347H,-14.132655143737793,-7.900140495
I347G,-13.493138313293457,-8.450055242000001
I347F,-8.501900672912598,-10.10728409
I347E,-14.089722633361816,-9.474318028
I347D,-15.075530052185059,-9.031872464
I347C,-10.345255851745605,-7.064164815
I347A,-10.088614463806152,-7.403964959
I347Q,-13.528058052062988,-8.859307747999999
I347K,-14.044330596923828,-9.642279391
I347W,-13.797210693359375,-9.031042822
I347Y,-12.143462181091309,-8.429141902000001
F348K,-13.333822250366211,-7.928371306
F348W,-6.650475025177002,-7.430409723999999
F348Y,-5.335451602935791,-9.048546774
F348S,-10.220791816711426,-8.190522139
F348R,-12.256741523742676,-7.646352886
F348Q,-13.375354766845703,-7.830556177
F348P,-15.96149730682373,-8.068864734
F348N,-11.531373023986816,-7.599709485
F348M,-10.574058532714844,-8.415868245
F348L,-7.886568069458008,-10.70207218
F348I,-8.280763626098633,-9.752530183
F348H,-10.096733093261719,-7.4430263289999985
F348G,-13.79033088684082,-7.890728029
F348E,-14.667820930480957,-8.310565075
F348D,-14.862390518188477,-8.231341287000001
F348C,-10.261260986328125,-7.623818012999999
F348A,-12.293208122253418,-7.387820405
F348V,-9.116403579711914,-8.025153537000001
F348T,-12.865488052368164,-7.35156564
E349W,-9.79237174987793,-5.818642455
E349C,-6.564300537109375,-6.544614693
E349V,-2.5802931785583496,-8.821088807999999
E349D,-3.1793389320373535,-10.21611893
E349A,1.4835505485534668,-6.019740962
E349F,-6.802976608276367,-5.302299079
E349G,-3.5971899032592773,-7.532713036
E349H,-4.227248668670654,-6.772948747
E349I,-4.254785060882568,-6.465856392999999
E349K,-3.091353416442871,-9.093497673
E349Y,-7.074134826660156,-5.957832997000001
E349M,-2.8839669227600098,-6.73499504
E349N,-0.23725652694702148,-6.234863239
E349P,-8.751171112060547,-7.025146818
E349Q,-0.3513829708099365,-7.15346618
E349R,-4.922708511352539,-7.699877081
E349T,-1.0742266178131104,-6.904941552
E349S,-1.2023463249206543,-6.567748206
E349L,-3.1343159675598145,-6.6909161070000005
E350A,-12.366847038269043,-6.477591352999999
E350C,-16.180620193481445,-6.374075455
E350D,-7.576198577880859,-11.28465176
E350F,-16.14777183532715,-5.532591107999999
E350G,-11.745851516723633,-6.822829532
E350H,-14.700319290161133,-6.154541085
E350I,-15.49873161315918,-5.436400527999999
E350N,-13.97962474822998,-6.72639298
E350L,-15.012198448181152,-6.470525016
E350M,-15.680866241455078,-6.803978384
E350P,-17.881633758544922,-6.30598157
E350Q,-10.35313606262207,-7.119576251
E350R,-15.736766815185547,-6.407464767
E350T,-14.604060173034668,-6.088396557
E350V,-12.141779899597168,-9.193938257
E350W,-17.288375854492188,-5.295025851
E350K,-11.72512435913086,-10.1246024
E350S,-13.807256698608398,-6.626633223
E350Y,-15.07459831237793,-6.22069173
T351V,-7.5911149978637695,-7.705474706
T351Y,-13.533462524414062,-6.239577995
T351W,-14.660152435302734,-6.912412565
T351S,-4.86201286315918,-11.87016831
T351R,-12.17281723022461,-6.861254616
T351Q,-11.725801467895508,-6.822827951
T351P,-13.037829399108887,-8.229352759
T351M,-7.959107875823975,-6.985567874
T351L,-11.316154479980469,-7.798499257
T351N,-9.490463256835938,-8.304155313999999
T351K,-11.347256660461426,-7.666140547999999
T351I,-6.7224016189575195,-7.782363305
T351H,-13.208518981933594,-6.90108609
T351G,-10.104931831359863,-7.447169926
T351E,-11.851137161254883,-8.114106833
T351D,-13.112167358398438,-7.1437118910000015
T351C,-9.457450866699219,-7.298652336
T351A,-4.596705436706543,-9.041037026
A352N,-11.14310073852539,-7.392548787999999
A352H,-11.2454833984375,-6.2774245120000005
A352I,-5.065065383911133,-7.010685191
A352K,-9.889698028564453,-7.759795215
A352L,-6.306723594665527,-7.207718123999999
A352C,-8.54491901397705,-7.196714131
A352G,-6.723583221435547,-7.249344172000001
A352P,-12.773622512817383,-7.347459406
A352D,-11.661362648010254,-8.311395088
A352R,-9.31277847290039,-8.298476688
A352S,-6.228979110717773,-8.851810967999999
A352T,-6.144486427307129,-8.692955089
A352V,-2.519434928894043,-9.224507459
A352W,-13.688172340393066,-7.194466106
A352F,-10.362281799316406,-6.017040727
A352Y,-11.248712539672852,-6.405614084
A352Q,-9.935335159301758,-8.107129509
A352E,-8.26050853729248,-8.393536648
A352M,-5.602996349334717,-8.848958926
R353Y,-8.058233261108398,-8.033735147
R353D,-7.778132438659668,-7.943284912
R353E,-8.777771949768066,-7.846546428
R353F,-10.748887062072754,-7.155727176
R353G,-9.203258514404297,-8.710855228
R353H,-5.823510646820068,-7.469383567
R353I,-10.90231990814209,-10.34109348
R353K,-2.1991376876831055,-8.787856843
R353A,-8.179192543029785,-7.031987249
R353L,-9.193500518798828,-8.00024199
R353N,-6.16481876373291,-7.355449678999999
R353P,-11.375574111938477,-7.30318081
R353Q,-6.639368057250977,-7.219322274
R353S,-7.546077251434326,-9.961314832
R353T,-8.740561485290527,-7.561155879
R353V,-11.252284049987793,-8.407776897
R353C,-9.045211791992188,-7.315089929
R353M,-9.926942825317383,-8.448576305
R353W,-11.001768112182617,-6.953620192000001
F354A,-12.501350402832031,-7.69084692
F354V,-10.706487655639648,-8.499990354
F354C,-8.656982421875,-7.523338875
F354D,-13.285731315612793,-8.846930431
F354E,-14.59361743927002,-8.756575925
F354G,-13.177938461303711,-8.36475623
F354H,-6.685869216918945,-8.502831488
F354I,-9.644023895263672,-9.429076607
F354K,-13.306967735290527,-8.125215867
F354L,-6.7465925216674805,-9.187744543
F354M,-10.035585403442383,-8.832219016
F354N,-10.207338333129883,-7.952566217
F354P,-12.772004127502441,-7.082638652999999
F354Q,-11.402151107788086,-8.329492775
F354R,-12.167479515075684,-8.244669583
F354S,-9.502748489379883,-8.583100826
F354T,-11.79975414276123,-7.591345136
F354Y,-2.8412742614746094,-9.35035254
F354W,-6.3478264808654785,-8.350624631
Q355W,-12.64168930053711,-7.639328302999999
Q355C,-11.130414962768555,-6.95442429
Q355Y,-8.743643760681152,-6.344340369
Q355T,-8.233987808227539,-6.581048777
Q355S,-8.873187065124512,-8.369424918
Q355R,-6.641560077667236,-8.144255916
Q355P,-11.354560852050781,-6.4588781210000015
Q355N,-3.6490373611450195,-7.126101678
Q355M,-10.387892723083496,-8.224116836
Q355L,-10.18430233001709,-10.28517496
Q355V,-8.639698028564453,-7.340360982000001
Q355I,-9.312618255615234,-6.822879244
Q355H,-3.6953558921813965,-8.642884842
Q355G,-12.428544998168945,-7.505896684
Q355F,-10.425847053527832,-6.515460018
Q355E,-10.85909652709961,-7.901593414
Q355D,-10.969408988952637,-7.644385278
Q355A,-8.888761520385742,-6.865617572000001
Q355K,-3.6637649536132812,-11.01118486
P356Y,-10.710670471191406,-6.2344224310000005
P356H,-7.726276397705078,-9.374478214
P356A,-6.775815486907959,-6.328848234
P356D,-11.06749153137207,-7.66446366
P356E,-9.77076244354248,-7.459731916
P356F,-11.013818740844727,-6.0074801870000005
P356G,-10.666279792785645,-7.468781345
P356I,-9.855896949768066,-6.488497967000001
P356K,-10.147468566894531,-7.105420242
P356L,-7.817340850830078,-7.711267955
P356C,-11.573784828186035,-6.200372329
P356N,-9.756410598754883,-6.771769751
P356Q,-8.0628023147583,-6.992510319
P356R,-9.039185523986816,-7.224658515
P356S,-6.870245456695557,-9.287832213
P356T,-7.811997890472412,-8.065097209
P356V,-9.866898536682129,-4.632186969
P356W,-12.615152359008789,-5.628351966
P356M,-10.517474174499512,-6.301986157999999
G357L,-6.828235626220703,-7.881864156000002
G357E,-3.802105665206909,-8.038544203999999
G357F,-7.587921619415283,-6.350798835
G357H,-5.610571384429932,-6.998600617999999
G357I,-6.590299606323242,-6.247495079
G357K,-5.037530899047852,-7.998582488999999
G357N,-3.5040483474731445,-6.532431199
G357W,-9.254890441894531,-6.701691877000001
G357P,-6.92739725112915,-6.713590578
G357Q,-6.056696891784668,-7.917538001
G357R,-5.808044910430908,-7.289348912
G357S,-4.0263471603393555,-8.396143528
G357T,-5.471970081329346,-6.352633476
G357V,-5.199923992156982,-10.58978563
G357D,-3.1962997913360596,-10.5931025
G357M,-7.911439418792725,-8.322392295
G357C,-6.680665493011475,-10.22352297
G357Y,-6.4089274406433105,-6.122468848
G357A,-4.351139545440674,-8.466577097
Y358W,-6.883572578430176,-8.297061957999999
Y358A,-4.3363823890686035,-7.727991225
Y358C,-4.393820285797119,-9.763229694
Y358D,-6.826241493225098,-8.007852759
Y358E,-7.073992729187012,-8.236772372999999
Y358F,-4.124439716339111,-9.692175328
Y358G,-4.539047718048096,-7.491280507999999
Y358H,-4.8443803787231445,-8.256397666
Y358I,-4.483654975891113,-9.219173751
Y358K,-6.835150241851807,-8.483407132
Y358M,-6.0231170654296875,-7.961557132999999
Y358N,-5.3979902267456055,-8.290383635
Y358P,-4.6659626960754395,-7.484365019
Y358Q,-6.050210952758789,-8.286330669
Y358R,-6.288293838500977,-7.93764623
Y358S,-4.010146141052246,-8.042895107
Y358T,-5.102787017822266,-7.603011629
Y358V,-4.024559497833252,-7.713905976
Y358L,-4.226428031921387,-8.22719178
R359C,-2.084982395172119,-6.489243884
R359A,-3.44722843170166,-8.157923693999999
R359V,-3.0893914699554443,-7.997458385
R359T,-2.9068312644958496,-7.736233674
R359S,-2.39713716506958,-10.82933809
R359Q,-1.2082087993621826,-7.413329691
R359P,-4.061524868011475,-7.641337032999999
R359N,-3.884932518005371,-6.627228237000001
R359W,-5.86240291595459,-10.69910837
R359M,-4.083917140960693,-10.01655526
R359I,-3.362231731414795,-6.788098814
R359H,-1.3773407936096191,-7.595274859
R359G,-3.2866320610046387,-10.63380197
R359F,-3.7390427589416504,-7.150092474
R359E,-3.244922637939453,-8.24483928
R359D,-2.914217472076416,-8.048183756
R359L,-1.7335481643676758,-7.742684211
R359Y,-3.725003719329834,-6.9958634360000005
R359K,-3.045773506164551,-9.766546903
S360V,-0.21570539474487305,-7.978402759
S360R,-0.7638735771179199,-8.542232328999999
S360Q,-1.6217727661132812,-9.297954937
S360P,3.1310853958129883,-9.739739382
S360N,-2.506042957305908,-7.827858056
S360M,-2.473764419555664,-8.949692166
S360L,0.08023262023925781,-9.485334998
S360K,-3.6594114303588867,-8.701995455
S360Y,-2.266841411590576,-9.938886311
S360I,-1.0580053329467773,-8.155732894
S360G,-2.0763635635375977,-8.193144194
S360F,-1.43815279006958,-7.831689536
S360E,-4.006193161010742,-9.121215767
S360D,-4.289546012878418,-7.93156312
S360C,-2.570071220397949,-7.836966466
S360A,-0.44367027282714844,-9.465172551
S360W,-5.348332405090332,-7.744854647
S360H,-0.6443557739257812,-8.199658433
S360T,-1.6490912437438965,-8.167141007
