mutant,carp_76M_score,DMS_score
K2C,-2.2757577896118164,0.224238318
K2Y,-0.39763355255126953,0.020592388
K2W,-0.48879146575927734,-1.293939454
K2V,-0.008537530899047852,-0.144815083
K2T,-0.9081649780273438,0.5854970970000001
K2S,-0.6575126647949219,-0.147164557
K2R,-0.7428567409515381,-0.779948317
K2Q,-1.5762414932250977,-0.164746319
K2P,-1.9279966354370117,-0.744239688
K2M,-0.6225333213806152,-0.215980606
K2L,1.511824131011963,0.367245324
K2I,0.8233003616333008,0.225177571
K2H,-1.4577994346618652,-0.306168352
K2G,-1.7917656898498535,-1.005611204
K2F,0.8338855504989624,0.275227823
K2E,-1.6873531341552734,-1.005736089
K2N,-0.7490215301513672,0.07276814
K2D,-1.8080744743347168,-1.858329509
A3T,0.34084534645080566,-0.878024613
A3C,-1.1085481643676758,-1.016082701
A3D,-2.4332995414733887,-0.571985778
A3E,-1.7880654335021973,-1.095286368
A3F,0.8445138931274414,-0.483739724
A3G,-0.9362125396728516,-2.090809945
A3H,-1.296821117401123,-1.230308177
A3I,1.095326542854309,-0.34801493
A3K,-0.45792675018310547,-1.481383163
A3V,0.24670839309692383,-0.186639877
A3L,1.7833951711654663,0.437673315
A3Y,-0.08119583129882812,-0.173281799
A3S,0.4203455448150635,-0.7082328509999999
A3R,-0.7570619583129883,-0.7132013490000001
A3W,-0.6527271270751953,-0.845873038
A3P,-0.9059081077575684,-1.188825393
A3N,-0.5642490386962891,-0.143236067
A3M,-1.1319003105163574,-0.286024473
A3Q,-1.1167716979980469,-0.958126529
K4P,0.26915454864501953,-0.445344958
K4W,-0.0446324348449707,-0.6663295570000001
K4V,2.189732074737549,-0.286757464
K4T,1.5675048828125,-0.110218193
K4S,1.6501479148864746,-0.228465656
K4R,-0.3510727882385254,-0.130027221
K4Q,-0.10133028030395508,-0.281620008
K4N,-0.4051699638366699,-0.30702819
K4G,0.028048992156982422,-0.902150908
K4L,3.296457290649414,-0.317671939
K4I,2.694990634918213,-0.610505839
K4H,-0.3524503707885742,-0.6908806759999999
K4Y,0.9413962364196777,-0.801767828
K4F,2.3240749835968018,-0.831190357
K4E,-1.3437232971191406,-0.832860405
K4D,-2.061429023742676,-1.575218795
K4C,0.29572200775146484,-0.380492667
K4M,-0.16998004913330078,-0.208073646
K4A,1.748314380645752,0.258156216
L5Q,-4.3262224197387695,-1.841858717
L5D,-5.2893476486206055,-2.029726862
L5A,-2.0866217613220215,-0.128172931
L5Y,-2.3248229026794434,-1.204846004
L5W,-2.7777838706970215,-1.109656258
L5V,-1.4524930715560913,-1.475810389
L5T,-2.5425872802734375,-1.841069239
L5S,-2.4817256927490234,-2.397973973
L5R,-4.793013572692871,-2.262436684
L5P,-4.099327087402344,-2.381751789
L5C,-2.996983051300049,-0.342155526
L5M,-3.6315078735351562,-1.383909118
L5K,-4.45033073425293,-0.98647652
L5I,-0.7858428955078125,-0.8093621609999999
L5H,-4.083337783813477,-0.902685104
L5G,-3.7835755348205566,-1.9563633
L5F,-1.2212892770767212,0.043352826
L5N,-4.265766143798828,-2.164015511
L5E,-4.893154144287109,-1.631024684
L6Y,-3.077019691467285,-1.021144471
L6W,-3.3153114318847656,-0.267739916
L6T,-2.861394166946411,-2.039598663
L6S,-2.6265628337860107,-1.187558614
L6R,-4.937860012054443,-2.036059417
L6Q,-4.842118740081787,-0.814609679
L6N,-4.712024211883545,-2.594665509
L6V,-1.5247905254364014,-1.0419923290000002
L6K,-4.5294413566589355,-2.398874474
L6M,-3.6859493255615234,-0.7965698729999999
L6A,-1.6840572357177734,-1.208363988
L6C,-3.0504677295684814,-1.353921058
L6D,-5.760390281677246,-1.7984424769999998
L6P,-3.819596767425537,-2.119871554
L6F,-0.9674674868583679,-0.022768564
L6G,-3.557612895965576,-2.727418222
L6H,-4.961740016937256,-0.7697689129999999
L6I,-0.9677357077598572,-0.545308673
L6E,-5.611932754516602,-2.329218855
V7Y,-1.5410668849945068,-1.087660122
V7W,-2.3754303455352783,-0.194406065
V7T,-0.8272750377655029,-0.965387478
V7S,-0.6804707050323486,-2.171250622
V7R,-4.02964973449707,-0.568014481
V7Q,-3.0169475078582764,-1.598904205
V7P,-1.3335273265838623,-3.392222865
V7N,-3.1746294498443604,-1.4051253869999998
V7L,1.4151684045791626,0.244861064
V7K,-3.345238447189331,-0.896535038
V7I,0.3835122585296631,-0.284359507
V7G,-1.957078218460083,-2.210526495
V7F,0.3744204044342041,-0.046532717
V7E,-4.110259056091309,-1.184605056
V7D,-4.717613220214844,-2.205862666
V7C,-1.2775819301605225,-0.055073974
V7M,-1.9347493648529053,-0.066519555
V7H,-3.277834177017212,-2.394235999
V7A,-0.44498324394226074,-1.02701726
L8Y,-3.3906288146972656,-2.309645036
L8D,-6.4620842933654785,-3.270167166
L8C,-3.0221235752105713,-1.916443715
L8A,-1.8476030826568604,-1.754838633
L8E,-6.23777961730957,-2.9697349
L8F,-1.1459674835205078,-0.445806288
L8H,-5.78553581237793,-2.422921396
L8I,-1.470442295074463,-0.929110755
L8K,-5.562997817993164,-2.715357275
L8G,-3.3623361587524414,-2.600948103
L8N,-5.373980522155762,-2.689487401
L8M,-3.485358715057373,-1.4325444859999998
L8T,-3.07794189453125,-2.210601541
L8S,-2.7155275344848633,-1.700080632
L8R,-6.29481315612793,-2.394040839
L8V,-1.7991011142730713,-1.375924355
L8Q,-5.522209167480469,-1.956400488
L8P,-4.098055839538574,-2.671769822
L8W,-3.7344017028808594,-1.621959329
L9M,-3.652189254760742,-0.560096975
L9D,-7.35178279876709,-2.684399661
L9E,-6.805995941162109,-2.543837966
L9F,-1.3574557304382324,-0.983415455
L9G,-3.2316155433654785,-0.597957184
L9H,-6.160564422607422,-2.53531663
L9I,-1.752915382385254,-1.039299626
L9K,-6.091362476348877,-2.7397782530000003
L9N,-5.621816635131836,-1.905716517
L9R,-6.837038993835449,-1.995001174
L9Q,-5.730175971984863,-2.442884029
L9S,-2.2806785106658936,-2.4444751630000003
L9T,-2.998581886291504,-2.131551502
L9V,-2.1694538593292236,-0.464704824
L9W,-4.578248500823975,-0.995890151
L9Y,-4.161689281463623,-0.77960677
L9C,-2.7380871772766113,-0.483103856
L9A,-1.4520049095153809,-2.701224602
L9P,-5.042783737182617,-2.081130979
Y10G,1.378349781036377,-1.830176485
Y10H,-1.8470501899719238,-1.198456577
Y10I,1.777472972869873,-0.013136245
Y10K,-2.370692253112793,-0.239544308
Y10L,3.3574976921081543,-0.315498298
Y10M,0.7267823219299316,-0.476675093
Y10T,1.9298145771026611,-0.6572441520000001
Y10Q,-1.2409367561340332,-1.841367474
Y10R,-2.864072322845459,-1.786311973
Y10S,2.40916109085083,-0.003387633
Y10V,2.010742664337158,-1.079731891
Y10W,-0.4526958465576172,-1.702459846
Y10F,2.4637343883514404,0.4415991520000001
Y10P,-0.6426424980163574,-2.569649889
Y10E,-2.844419002532959,-2.412730359
Y10N,-1.122392177581787,-2.059484045
Y10A,2.7245736122131348,-0.524130701
Y10C,1.5424854755401611,-0.28667263
Y10D,-3.6272125244140625,-2.097052268
A11D,-5.339672565460205,-2.052987093
A11E,-5.134313106536865,-1.0201452359999998
A11F,0.19483232498168945,0.418691774
A11G,-0.9376082420349121,-1.200734958
A11H,-3.3160862922668457,-0.60514846
A11I,-0.0060863494873046875,-0.167704632
A11K,-4.011704921722412,-2.116259155
A11L,1.1764893531799316,0.301658344
A11M,-2.0459327697753906,-0.635461475
A11C,-0.43757200241088867,-0.395324568
A11N,-3.0389857292175293,-1.001927387
A11P,-2.638307571411133,-1.617772348
A11Q,-3.279468536376953,-0.6871437890000001
A11R,-4.119388103485107,-1.758038288
A11S,-0.3129901885986328,-0.129601891
A11T,-0.7519412040710449,-0.419764045
A11V,-0.20917940139770508,0.244837398
A11W,-2.388425827026367,-0.30845268
A11Y,-1.6572117805480957,-0.846753085
F12W,-2.9393720626831055,-0.684859263
F12R,-4.587762832641602,-1.2882625
F12S,-0.8523967266082764,-0.035463745
F12I,0.6948431730270386,-0.269781991
F12D,-5.660045623779297,-2.120370995
F12Y,-2.3556265830993652,-1.980238003
F12E,-5.3534650802612305,-2.466964592
F12G,-2.1033191680908203,-0.213299235
F12H,-4.109370231628418,-1.620561024
F12C,-1.2637958526611328,-0.0684075359999999
F12K,-4.186140537261963,-2.321027191
F12M,-2.210376739501953,-1.174985706
F12N,-3.7502474784851074,-1.992125046
F12P,-3.2236599922180176,-2.03861741
F12Q,-3.9583239555358887,-1.960294482
F12V,0.5292617082595825,0.039486357
F12T,-0.8379366397857666,-1.5147559
F12L,0.68378746509552,-0.282479572
F12A,0.28982579708099365,-0.5264774489999999
V13H,-2.0595784187316895,-1.390454102
V13I,-0.003021717071533203,-1.00037156
V13F,-0.6020016670227051,-1.79384644
V13E,-3.51585054397583,-0.641946385
V13K,-1.5382194519042969,-2.198001375
V13L,0.2897348403930664,-2.20879515
V13M,-2.056326389312744,-1.517384745
V13N,-1.6725537776947021,-2.026057809
V13P,-2.382880210876465,-2.36671225
V13Q,-1.4847772121429443,-1.437589086
V13R,-2.1852035522460938,-1.442781483
V13A,0.15501117706298828,-0.873311883
V13T,-0.04706907272338867,-1.315959147
V13W,-2.420628070831299,-2.029196958
V13Y,-1.1442975997924805,-2.126261087
V13C,-1.1779122352600098,-1.613592739
V13G,-0.9550457000732422,-2.090318137
V13D,-4.150113105773926,-2.289044989
V13S,0.0752553939819336,-0.465042681
A14T,-0.444500207901001,-1.474787741
A14S,-0.1453404426574707,-1.192082088
A14R,-2.1163852214813232,-1.459436909
A14Q,-1.7387430667877197,-0.513165997
A14P,-2.3061635494232178,-1.954401334
A14N,-1.7992498874664307,-0.872372982
A14M,-1.7755582332611084,-1.245815275
A14H,-2.0981132984161377,-1.456159419
A14K,-1.6508042812347412,-1.666141296
A14I,0.3024277687072754,-1.900892096
A14G,-1.045884132385254,-1.465577305
A14F,0.2552781105041504,-1.262300091
A14E,-3.1715967655181885,-0.819584656
A14D,-3.7916738986968994,-1.657521747
A14V,0.09085345268249512,-1.54770002
A14L,0.9811365604400635,-0.817844699
A14C,-0.9115860462188721,-1.007098984
A14W,-1.8660571575164795,-1.362670188
A14Y,-0.8208596706390381,-1.572351653
T15V,1.7868249416351318,-0.612955931
T15E,-3.123889446258545,-2.1028853780000003
T15F,-1.060575246810913,-2.708042476
T15G,-1.3769950866699219,-2.05954915
T15H,-2.9217286109924316,-2.60064626
T15I,0.7694250345230103,-0.144558913
T15K,-2.273984432220459,-2.068148108
T15M,-2.3311238288879395,-1.091665657
T15L,0.1674356460571289,-3.388879962
T15P,-3.0950465202331543,-1.134083463
T15Q,-2.5255208015441895,-2.846309264
T15R,-2.8503336906433105,-2.94216688
T15S,-0.039412736892700195,-1.132755734
T15W,-3.565403461456299,-1.920635523
T15Y,-1.9592490196228027,-2.431614643
T15C,-0.5037143230438232,-0.956532251
T15A,0.8270879983901978,-1.29877431
T15D,-3.514282703399658,-2.200361105
T15N,-2.075915813446045,-2.308369606
D16Q,2.088658094406128,-1.963992743
D16P,-0.676605224609375,-3.39371365
D16N,2.196291208267212,-1.829978723
D16M,0.01649951934814453,-0.732612404
D16L,1.718900203704834,-1.791228232
D16K,1.9496302604675293,-0.7145069829999999
D16I,1.0899953842163086,-1.938562887
D16H,1.7870516777038574,-0.919787633
D16G,0.34592342376708984,-1.775479169
D16F,1.6870317459106445,-2.502276532
D16E,0.8490862846374512,-1.244251419
D16C,0.5473442077636719,-1.973005854
D16A,1.7301383018493652,-0.46604586
D16R,1.4050283432006836,-0.8165063490000001
D16T,1.6992881298065186,-1.753360614
D16S,2.437189817428589,-1.385772401
D16W,-0.1198887825012207,-1.61214778
D16V,1.1694893836975098,-1.668746739
D16Y,1.8728392124176025,-1.477501635
A17D,-2.319319725036621,-1.942281605
A17E,-2.288145065307617,-2.377422129
A17F,-2.5969386100769043,-2.9242993160000004
A17G,-1.5095936059951782,-1.5371081359999998
A17H,-3.678487777709961,-2.364271585
A17I,-2.0543227195739746,-2.364950339
A17K,-2.462535858154297,-2.503663139
A17L,-2.064281940460205,-3.383928545
A17C,-2.192282199859619,-2.511940321
A17N,-2.2505927085876465,-2.537655985
A17P,-2.999115467071533,-3.048573938
A17Q,-2.9123849868774414,-2.536517965
A17R,-3.2307753562927246,-3.379975043
A17S,-1.3498317003250122,-1.840977653
A17T,-2.0395431518554688,-2.826219517
A17V,-1.9042021036148071,-2.271561258
A17Y,-2.8128910064697266,-3.150683393
A17W,-4.149302959442139,-2.220350907
A17M,-3.904409408569336,-2.289258776
D18V,0.21006298065185547,-1.990660573
D18T,0.8161325454711914,-2.77409384
D18S,1.3490040302276611,-3.505372565
D18R,0.8960540294647217,-2.717510874
D18Q,0.9408166408538818,-2.765642033
D18P,-1.9441094398498535,-3.050558175
D18K,1.3945612907409668,-2.526310168
D18M,-1.2490506172180176,-2.608349387
D18L,0.6145024299621582,-3.874635819
D18I,0.040537357330322266,-3.3956227930000003
D18H,0.11409235000610352,-2.986372265
D18G,0.18938565254211426,-1.371039857
D18F,0.2251753807067871,-3.330397485
D18E,0.5169234275817871,-1.96956657
D18A,1.3249304294586182,-2.384953005
D18N,0.6609067916870117,-1.980477176
D18C,-0.3291134834289551,-3.064725914
D18Y,0.3742084503173828,-1.409568613
D18W,-1.050513744354248,-2.556294323
T19A,0.3802337646484375,-2.702136055
T19C,-0.5277338027954102,-2.583947528
T19D,-0.009002447128295898,-1.830656456
T19E,-0.2532687187194824,-0.6718561340000001
T19F,-0.20983600616455078,-1.58910226
T19G,-0.19769501686096191,-3.0709353210000003
T19I,-0.1348860263824463,-0.606735438
T19K,-0.2566518783569336,-0.160709779
T19L,0.04297661781311035,0.529160245
T19H,-1.2759275436401367,-0.416867618
T19N,-0.06487131118774414,-0.291566323
T19P,-0.37442851066589355,-3.239728354
T19Q,-0.8846299648284912,0.466590933
T19R,-0.5667119026184082,-0.037908683
T19S,0.27983665466308594,0.060901078
T19V,0.02585005760192871,-0.321372391
T19W,-1.3573408126831055,-1.945706282
T19Y,-0.3169584274291992,-0.554087972
T19M,-1.9830880165100098,-0.6116770570000001
I20L,0.0907602310180664,-1.584914326
I20K,-0.46698689460754395,-1.074162804
I20H,-1.341961145401001,-3.36254168
I20C,-1.9519832134246826,-3.26957477
I20F,-0.29683804512023926,-3.05136652
I20E,-1.0751028060913086,-2.627726515
I20D,-1.1683299541473389,-2.453268917
I20G,-1.072486400604248,-3.61938193
I20M,-1.93233323097229,-1.935123841
I20P,-1.082650899887085,-2.683445902
I20Q,-1.0323131084442139,-2.253161655
I20Y,-0.3368198871612549,-2.756886337
I20N,-0.6789901256561279,-2.885446759
I20W,-1.5337402820587158,-3.1261800930000003
I20A,-0.9090895652770996,-3.393554074
I20T,-0.33130717277526855,-2.337816
I20R,-0.810945987701416,-3.332948451
I20S,-0.33267807960510254,-2.975412084
I20V,-0.10507392883300781,-1.815771097
C21Y,0.9271564483642578,-3.052727972
C21E,0.17450714111328125,-3.656465267
C21F,0.6777276992797852,-2.675317918
C21G,0.2919294834136963,-3.816313095
C21H,0.10753798484802246,-3.595009128
C21I,0.9135305881500244,-3.767752042
C21K,0.5749063491821289,-2.711920914
C21L,1.0192999839782715,-3.226809082
C21N,0.49697065353393555,-3.368983719
C21Q,0.10914754867553711,-3.252660128
C21R,0.5462517738342285,-3.074682616
C21S,0.910097599029541,-3.186861703
C21T,0.9512550830841064,-3.597690942
C21V,1.0162787437438965,-2.681920451
C21W,-0.22762250900268555,-1.992541898
C21M,-0.9011745452880859,-2.902901452
C21P,0.6095321178436279,-2.9761670760000003
C21A,0.5536956787109375,-3.39159611
C21D,0.33975863456726074,-1.345210259
I22T,-0.2918522357940674,-2.782922967
I22S,-0.010092496871948242,-2.960453055
I22R,-0.3998863697052002,-3.609408158
I22Q,-0.8740723133087158,-3.15657287
I22P,-0.6564059257507324,-3.983610838
I22N,-0.5611841678619385,-2.616723625
I22M,-1.616530179977417,-2.658913413
I22L,0.2317218780517578,-1.614587641
I22K,-0.3939063549041748,-2.5481107000000005
I22H,-0.9001545906066895,-2.776584675
I22G,-0.4704768657684326,-3.818852699
I22F,-0.07191777229309082,-3.203119609
I22E,-0.9088380336761475,-2.9553293330000003
I22D,-0.860835075378418,-1.803581263
I22C,-1.3243870735168457,-2.8760345110000003
I22V,0.02995014190673828,-1.555733816
I22A,-0.5301554203033447,-2.6851148960000004
I22W,-1.079681396484375,-2.9651933
I22Y,-0.07032465934753418,-1.808738419
G23W,-1.4370818138122559,-2.857214694
G23D,0.20561766624450684,-2.708832375
G23E,0.0073206424713134766,-3.1935528310000003
G23F,-0.817702054977417,-3.5966430560000004
G23H,-0.4117395877838135,-3.1965599460000003
G23I,-0.6980164051055908,-3.56955727
G23K,0.5198638439178467,-3.192091494
G23M,-2.088308334350586,-3.008071185
G23N,0.28380775451660156,-3.234799938
G23P,0.2545948028564453,-2.739962802
G23Q,-0.28479480743408203,-3.235659577
G23R,0.1919701099395752,-3.174699662
G23S,0.34487056732177734,-1.145348728
G23T,0.26184844970703125,-3.926621805
G23V,-0.3527963161468506,-2.672130807
G23Y,-0.280972957611084,-3.27874187
G23L,-0.4551053047180176,-3.320879769
G23A,-0.37027430534362793,-3.136468462
G23C,-0.9684486389160156,-2.714122495
Y24C,-0.6620681285858154,-2.2694363180000003
Y24W,-1.1539723873138428,-1.6911881380000002
Y24V,0.1655423641204834,-1.92512432
Y24T,0.3167564868927002,-0.936208221
Y24S,0.6004343032836914,-2.433318676
Y24R,-0.019497156143188477,-3.4069971810000004
Y24Q,-0.24804925918579102,-1.654041382
Y24P,-0.1446361541748047,-4.274512873
Y24N,0.3059539794921875,-3.33877497
Y24A,-0.09508419036865234,-3.031261528
Y24L,0.42568540573120117,-3.63427823
Y24K,0.49984288215637207,-2.281269991
Y24I,0.2296736240386963,-2.635237567
Y24H,-0.45928382873535156,-2.42151618
Y24G,0.2589602470397949,-4.391937042
Y24F,-0.17912054061889648,-1.190340266
Y24E,0.1721806526184082,-2.762085433
Y24D,0.10967135429382324,-3.047893592
Y24M,-1.3378331661224365,-1.936430894
H25D,0.8751561641693115,-2.687210295
H25E,0.6402089595794678,-2.951856078
H25F,0.374544620513916,-3.3956865210000005
H25G,0.8325283527374268,-2.962305212
H25I,0.6410512924194336,-1.736929643
H25K,0.9719915390014648,-1.342017599
H25L,0.8574283123016357,-0.674322903
H25R,0.5985958576202393,-3.06213158
H25N,0.8615484237670898,-2.188511656
H25P,0.7288727760314941,-2.935685623
H25Q,0.249833345413208,-1.086129951
H25S,1.1372520923614502,-2.070819709
H25T,0.9046323299407959,-1.5171866319999998
H25V,0.724560022354126,-1.2786740559999998
H25W,-0.4723775386810303,-2.820110655
H25M,-0.8611500263214111,-1.859337743
H25Y,0.620720624923706,-1.757660001
H25A,0.6211106777191162,-1.224462512
H25C,0.4814431667327881,-2.182161265
A26R,0.0966651439666748,-3.889604142
A26Y,0.39423108100891113,-1.041723527
A26W,-0.6213347911834717,-2.87792998
A26V,0.2846403121948242,-1.023313908
A26T,0.2299649715423584,-2.555767435
A26S,0.5835516452789307,-1.268894334
A26C,-0.11540341377258301,-1.707427108
A26Q,-0.13933300971984863,-2.955972318
A26P,0.22649502754211426,-3.839640752
A26N,0.2415006160736084,-1.487574714
A26L,0.5675764083862305,-3.87554427
A26K,0.5081543922424316,-3.378906381
A26I,0.33043885231018066,-3.115633935
A26H,-0.24903368949890137,-3.288875267
A26G,0.29571962356567383,-3.136662253
A26F,0.12028217315673828,-3.138589651
A26E,0.16933178901672363,-2.472989365
A26D,0.08954262733459473,-3.590138807
A26M,-1.5412085056304932,-2.562665301
N27R,-0.6228148937225342,-2.554117546
N27P,-0.08580255508422852,-4.098851378
N27Q,-0.5869324207305908,-3.610618087
N27S,0.2551240921020508,-2.425213508
N27K,0.13771700859069824,-2.341787802
N27V,0.844714879989624,-4.236636946
N27W,-1.3509376049041748,-3.185774775
N27Y,0.1414628028869629,-3.153897169
N27T,0.12514424324035645,-3.338277971
N27M,-1.3381836414337158,-3.240073062
N27E,-0.07874941825866699,-3.562999378
N27I,0.8494682312011719,-2.828605301
N27H,-0.9381263256072998,-2.435908941
N27G,-0.025410175323486328,-3.500944775
N27F,0.13573384284973145,-2.284847835
N27D,-0.06814098358154297,-2.4634244030000003
N27C,-0.5051901340484619,-3.604205546
N27A,-0.15638184547424316,-2.871148067
N27L,0.867131233215332,-3.959689238
N28L,-0.21908283233642578,-3.855074046
N28T,-0.4298672676086426,-3.4123664280000003
N28S,-0.031729936599731445,-2.866529893
N28R,-1.1819658279418945,-3.808885245
N28Q,-1.1909444332122803,-3.255781106
N28P,-0.92384934425354,-4.098306678
N28M,-2.2446653842926025,-2.976246092
N28K,-0.7268726825714111,-2.812148719
N28W,-1.9020798206329346,-1.65388117
N28H,-1.568866491317749,-3.68215046
N28G,-0.07376265525817871,-3.15639536
N28F,-0.8825607299804688,-3.157660597
N28E,-0.7335412502288818,-2.851378175
N28D,-0.7200074195861816,-1.822239231
N28C,-0.8586609363555908,-3.696222681
N28A,-0.6157848834991455,-1.400317994
N28I,-0.3069911003112793,-3.618646151
N28V,-0.5040023326873779,-3.486436607
N28Y,-0.9047389030456543,-3.234787781
S29C,-0.7796661853790283,-2.030677081
S29E,-0.6502273082733154,-1.988391234
S29F,-0.8599777221679688,-3.323869148
S29G,-0.5277423858642578,-2.499008249
S29H,-1.5503950119018555,-2.496252341
S29I,-0.28738903999328613,-3.5841434760000004
S29K,-0.5268282890319824,-2.155934068
S29L,-0.31676530838012695,-3.65349364
S29M,-2.185818910598755,-2.74958767
S29P,-1.1367299556732178,-3.243366569
S29Q,-1.140488862991333,-2.6931047660000003
S29R,-1.254016637802124,-3.353077573
S29T,-0.09084725379943848,-1.54353796
S29V,-0.39537954330444336,-2.8148715510000004
S29W,-1.9464962482452393,-2.505554734
S29Y,-0.8427667617797852,-3.020190229
S29D,-0.7826223373413086,-3.95216062
S29A,-0.5750367641448975,-1.272092025
S29N,-0.58109450340271,-1.448012667
T30W,-1.7907590866088867,-1.096293783
T30A,-0.995499849319458,-3.1849881210000004
T30C,-0.9080705642700195,-3.3201153430000003
T30D,-0.9216070175170898,-3.261417663
T30E,-0.9658768177032471,-2.834078363
T30F,-0.7865085601806641,-3.188186898
T30G,-0.8783993721008301,-3.0128624530000003
T30H,-1.8146429061889648,-2.027271642
T30I,-0.3851165771484375,-3.015619312
T30Y,-0.9687519073486328,-3.444295351
T30L,-0.3539266586303711,-3.628120007
T30M,-2.2828564643859863,-2.563242889
T30N,-0.13683199882507324,-1.244933289
T30P,-1.2493901252746582,-2.392720812
T30Q,-1.233609676361084,-3.133679528
T30R,-1.3521449565887451,-3.683154607
T30S,-0.06909728050231934,-1.6045279959999998
T30V,-0.6015324592590332,-3.613043008
T30K,-0.665280818939209,-3.07195977
D31W,-0.4757683277130127,-2.563007206
D31V,1.2185609340667725,-1.584838345
D31T,0.8300154209136963,-1.09038109
D31S,0.8766214847564697,-3.737568088
D31R,-0.08642220497131348,-3.550158574
D31Q,0.047914743423461914,-1.058117538
D31P,-0.34070539474487305,-3.852646911
D31I,1.3463637828826904,-2.787837917
D31M,-0.7574026584625244,-2.9250340510000004
D31L,1.2583973407745361,-3.276971885
D31K,0.4948539733886719,-2.369325442
D31H,-0.3015406131744385,-1.89284
D31G,0.2255113124847412,-2.897821962
D31F,0.794630765914917,-2.794033813
D31E,0.42580413818359375,-1.34683839
D31N,0.31990718841552734,-2.2818523280000003
D31C,0.6444885730743408,-3.20725127
D31A,0.6016280651092529,-2.380881979
D31Y,0.9881742000579834,-2.158171583
T32A,-0.3473484516143799,-2.334196308
T32W,-1.3408863544464111,-2.548337152
T32V,0.25119686126708984,-1.836875488
T32S,0.22113871574401855,-1.873223023
T32R,-0.8650612831115723,-1.286311234
T32Q,-1.1555523872375488,-2.235773093
T32P,-0.6972553730010986,-2.849605064
T32N,-0.2173779010772705,-2.206417339
T32E,-0.5436289310455322,-0.438353579
T32M,-1.7717463970184326,-1.507695826
T32K,-0.31142735481262207,-2.872789118
T32I,0.39680981636047363,-2.151537337
T32H,-1.1624109745025635,-2.8382021
T32G,-0.5214340686798096,-2.588156661
T32D,-0.34009289741516113,-3.058214162
T32C,0.1891040802001953,-2.415265887
T32F,-0.05756735801696777,-3.176857576
T32L,0.3222227096557617,-1.359513103
T32Y,-0.19332456588745117,-3.3918432860000003
V33Y,-0.49749016761779785,-3.197314131
V33T,-0.28536176681518555,-3.555455399
V33C,0.1869974136352539,-2.751171684
V33A,-0.6590712070465088,-2.6633636330000003
V33E,-0.915168046951294,-3.108875032
V33F,-0.18539953231811523,-2.779618834
V33G,-0.9649155139923096,-3.027620748
V33H,-1.5380773544311523,-3.4067769180000003
V33W,-1.2175848484039307,-3.182358341
V33I,0.30851125717163086,-1.355487113
V33L,0.45540666580200195,-1.750617829
V33M,-1.7758736610412598,-2.915834584
V33N,0.00971674919128418,-3.59083733
V33P,-0.875230073928833,-4.073160852
V33Q,-1.2579560279846191,-2.964704935
V33R,-0.9133896827697754,-3.682014078
V33K,-0.566309928894043,-1.961485912
V33S,-0.13076138496398926,-2.613289506
V33D,-0.9926869869232178,-1.5432524440000002
D34F,0.1731700897216797,-2.632894932
D34E,0.5845804214477539,-2.162522781
D34C,0.2038130760192871,-3.3244283510000003
D34G,0.09511804580688477,-2.363070539
D34H,-0.2703423500061035,-2.993986082
D34I,0.38936829566955566,-3.414250488
D34K,1.073369026184082,-3.5120889180000003
D34L,0.6595754623413086,-3.2689204060000003
D34M,-1.0223584175109863,-2.468218032
D34N,0.33759284019470215,-2.120484865
D34A,0.5929157733917236,-3.230476692
D34Q,0.3317844867706299,-3.190887797
D34R,0.612598180770874,-3.315144961
D34S,0.8769946098327637,-3.560666889
D34T,0.7599101066589355,-2.691124872
D34V,0.6206502914428711,-2.492966231
D34W,-1.0069689750671387,-2.878811133
D34Y,0.2696709632873535,-2.255500551
D34P,-0.27899765968322754,-2.675624526
T35Y,0.09666562080383301,-3.079438994
T35E,0.2542238235473633,-3.356558055
T35F,0.2514166831970215,-3.2732377
T35G,-0.15314221382141113,-3.645637065
T35A,0.14710068702697754,-2.867025734
T35I,0.5788078308105469,-2.740202675
T35K,0.14699053764343262,-2.5159680140000003
T35L,0.5670619010925293,-3.549855979
T35Q,-0.4196891784667969,-2.689323475
T35N,-0.11971235275268555,-2.515895441
T35P,-0.8623664379119873,-3.517642927
T35R,-0.253309965133667,-3.468837188
T35S,0.344099760055542,-1.746881195
T35V,0.6887078285217285,-3.494898751
T35D,-0.06760907173156738,-3.248230403
T35C,-0.2173161506652832,-3.2239856380000003
T35W,-1.0474398136138916,-3.3788698310000003
T35M,-1.3891398906707764,-2.8310966110000004
T35H,-0.9816715717315674,-2.812096109
I36W,-1.4360980987548828,-2.874312306
I36A,-0.834190845489502,-2.037562801
I36T,-0.4863114356994629,-1.367686254
I36C,-0.33487892150878906,-2.102340603
I36D,-1.221686840057373,-3.285711951
I36E,-1.1335515975952148,-3.173737569
I36F,-0.4481823444366455,-2.0475259930000003
I36G,-1.2591617107391357,-3.026461158
I36H,-1.8124823570251465,-3.2682025930000003
I36K,-0.976900577545166,-2.5341242530000003
I36L,0.28718721866607666,-1.481940146
I36M,-1.9827189445495605,-0.891586097
I36N,-1.0532469749450684,-3.102833931
I36P,-1.1972718238830566,-2.171023315
I36Q,-1.5952730178833008,-2.545435051
I36R,-1.2086765766143799,-3.170771052
I36S,-0.31145334243774414,-2.962791868
I36V,-0.09721684455871582,-2.276888577
I36Y,-0.7167792320251465,-2.034520576
L37G,-1.1747820377349854,-2.269817234
L37C,-0.6646790504455566,-0.572429482
L37I,-0.08212566375732422,-0.924006966
L37K,-0.7821140289306641,-1.437024342
L37M,-2.199890375137329,-1.308413049
L37N,-0.7228736877441406,-1.605302514
L37A,-0.8667800426483154,-1.373749998
L37Q,-1.4177067279815674,-0.270535668
L37R,-1.237760066986084,0.441165083
L37S,-0.3869173526763916,1.01909427
L37P,-1.163177728652954,-1.998688385
L37V,-0.22311997413635254,-2.626674397
L37W,-1.912247896194458,-1.4665064630000002
L37Y,-0.7874953746795654,-0.844841953
L37F,-0.6209657192230225,-0.823208444
L37E,-0.8372409343719482,-1.406811442
L37D,-0.8520653247833252,-0.183533314
L37H,-1.654388427734375,-2.555683711
L37T,-0.45586085319519043,0.6622696020000001
E38L,0.5604770183563232,-3.734475506
E38K,0.09674572944641113,-2.4456407280000003
E38I,0.03295707702636719,-2.896015875
E38D,-0.08422994613647461,-2.062059348
E38G,0.33489251136779785,-2.350915144
E38F,-0.18084454536437988,-2.627130504
E38M,-1.4345812797546387,-2.6900582889999995
E38H,-0.7497859001159668,-2.432513619
E38N,0.18547511100769043,-1.993911976
E38C,-0.08265542984008789,-3.238105833
E38Q,-0.3095264434814453,-0.7605389640000001
E38P,-0.02868795394897461,-3.968202161
E38Y,-0.16143369674682617,-2.822112717
E38W,-1.1835861206054688,-1.867947562
E38A,0.22267603874206543,-0.940679151
E38T,0.05245065689086914,-2.694220172
E38S,0.5842375755310059,-1.649504644
E38R,-0.2564373016357422,-2.167010372
E38V,0.2774968147277832,-2.749412127
K39Y,-0.8364980220794678,-2.621988898
K39Q,-0.7052309513092041,-2.930577513
K39W,-2.001746654510498,-2.493467055
K39V,-0.7787647247314453,-2.913979621
K39T,-0.19438672065734863,-1.590592987
K39S,0.22368454933166504,-3.141402963
K39R,-0.28206944465637207,-0.105743534
K39P,-0.6209046840667725,-2.602479984
K39I,-0.973844051361084,-2.993505525
K39M,-1.9581894874572754,-1.810590053
K39L,-0.4920380115509033,-3.332472934
K39H,-1.011474370956421,-2.301024384
K39G,0.12404179573059082,-1.386002551
K39F,-1.1446609497070312,-2.941401871
K39A,-0.35447120666503906,-2.282889591
K39C,-0.9223651885986328,-2.307941497
K39D,-0.15590882301330566,-2.7904670310000004
K39N,0.30703306198120117,-2.032030232
K39E,-0.1856229305267334,-1.991406759
N40V,-0.09862637519836426,-3.02995028
N40T,0.02439737319946289,-2.83243901
N40Y,-0.40929102897644043,-2.561338621
N40C,-0.2927367687225342,-3.01473968
N40W,-1.7951831817626953,-2.8136916810000003
N40A,0.21252107620239258,-2.418524502
N40D,-0.17260980606079102,-2.399488845
N40F,-0.6022520065307617,-3.009131824
N40G,0.30658650398254395,-2.0262349090000003
N40H,-0.8107671737670898,-2.404732244
N40E,-0.2900412082672119,-1.906093347
N40K,-0.2961101531982422,-1.680782369
N40L,0.23248767852783203,-3.70547741
N40M,-1.4243969917297363,-2.560960429
N40P,-0.2510528564453125,-3.2696140760000003
N40Q,-0.6146707534790039,-2.314249309
N40S,0.34421443939208984,-2.080434919
N40I,-0.2081751823425293,-3.373130256
N40R,-0.28460240364074707,-2.474658556
V41M,-1.7002508640289307,-2.088829992
V41N,0.27660298347473145,-2.071998754
V41P,-0.3116919994354248,-3.2317782860000004
V41R,-0.538069486618042,-3.313994967
V41S,0.26935791969299316,-3.685498374
V41T,-0.048445940017700195,-2.891180978
V41L,0.18767619132995605,-2.338193685
V41Q,-0.6294078826904297,-2.345936505
V41K,0.12133431434631348,-2.866664313
V41Y,-0.4135868549346924,-2.965790989
V41H,-0.8670628070831299,-2.8768337230000003
V41G,0.7347702980041504,-2.353855869
V41F,-0.4433863162994385,-2.766009566
V41E,-0.09642553329467773,-2.397417209
V41W,-1.7563550472259521,-2.140418064
V41D,-0.04185175895690918,-2.990067798
V41C,-0.6168515682220459,-2.233939411
V41A,-0.1579420566558838,-2.409552786
V41I,0.12517952919006348,-1.1583311509999998
A42W,-1.291123628616333,-0.8627830059999999
A42V,0.17754721641540527,0.074156743
A42C,-0.4660351276397705,0.074584504
A42T,1.5478283166885376,-0.877135453
A42P,0.013877153396606445,0.231321464
A42Q,-0.28095316886901855,-1.3743633519999998
A42Y,-0.08690571784973145,-1.205601198
A42S,1.093109369277954,-1.337926525
A42R,-0.1784975528717041,-0.723410335
A42N,1.2828941345214844,-2.108020059
A42M,-1.4196679592132568,-1.166064505
A42L,0.4273393154144287,-1.774126312
A42I,0.18622350692749023,-0.636013319
A42H,-0.5964267253875732,-1.174380393
A42G,-0.013502359390258789,-0.987131489
A42F,-0.023103713989257812,-0.342407374
A42E,0.0639657974243164,-1.242464692
A42D,0.0810854434967041,-1.3488378769999998
A42K,0.3103816509246826,-0.165116942
V43S,0.18802165985107422,-2.1529815
V43D,-0.463839054107666,-1.826114951
V43T,-0.035552024841308594,-2.044499289
V43R,-0.7178013324737549,-2.408707335
V43Y,-0.2834033966064453,-1.691847649
V43Q,-0.7539768218994141,-1.664252575
V43W,-1.4564123153686523,-1.704569808
V43P,-0.7471456527709961,-1.865919442
V43H,-0.9426016807556152,-1.244511577
V43M,-1.6546988487243652,-1.43439327
V43L,0.3400084972381592,-2.958527112
V43K,-0.1680467128753662,-1.624128244
V43I,0.14505672454833984,-1.186899219
V43A,-0.2427539825439453,-1.1946971000000002
V43G,0.1389906406402588,-2.046667866
V43F,-0.14367198944091797,-1.948027183
V43E,-0.34120917320251465,-1.632946472
V43N,-0.1659841537475586,-1.61191281
V43C,-0.5639712810516357,-1.752811909
T44D,-0.32824063301086426,-2.415741771
T44I,0.3757162094116211,-2.625454666
T44E,-0.19024157524108887,-2.8449139110000004
T44F,0.09785747528076172,-2.282619292
T44Y,-0.10523176193237305,-2.974355178
T44W,-1.144197702407837,-2.561359972
T44V,0.3436148166656494,-2.39929066
T44S,0.3495638370513916,-2.695744729
T44R,-0.33348822593688965,-3.445189141
T44Q,-0.43709635734558105,-2.930271388
T44G,0.12990522384643555,-3.300013585
T44N,0.20934176445007324,-2.769832858
T44M,-1.3095672130584717,-2.765421924
T44L,0.7010626792907715,-2.865985161
T44K,0.018479347229003906,-2.239828856
T44H,-0.7893640995025635,-2.9955103060000003
T44P,-0.35541629791259766,-4.218198809
T44C,-0.24867653846740723,-3.4926163530000003
T44A,-0.040015220642089844,-2.786663225
H45T,0.8814764022827148,-3.321242235
H45Y,0.6061713695526123,-2.386179956
H45W,-0.8189764022827148,-2.491446877
H45V,0.9929330348968506,-3.572671569
H45S,1.250112771987915,-1.037650475
H45R,0.40269947052001953,-2.998881646
H45Q,0.2517125606536865,-1.818782505
H45P,0.347745418548584,-2.991976246
H45M,-0.7908902168273926,-1.826618278
H45N,0.7618997097015381,-2.351079629
H45K,0.8202295303344727,-3.381440158
H45I,0.6653842926025391,-3.4104601710000004
H45G,1.0566823482513428,-2.589727724
H45F,0.5945618152618408,-1.5892759
H45E,0.7248644828796387,-2.544470106
H45D,0.6574995517730713,-1.799241493
H45C,0.3275301456451416,-2.870879575
H45A,0.8224544525146484,-1.7232747590000002
H45L,1.0238208770751953,-2.713061671
S46V,0.013093709945678711,-2.876580246
S46F,-0.14442777633666992,-1.703613656
S46Y,-0.26621389389038086,-2.522625654
S46G,-0.30696868896484375,-3.146656105
S46W,-1.3117172718048096,-1.156847364
S46T,-0.10407066345214844,-2.26849978
S46A,-0.1493062973022461,-2.039740326
S46Q,-0.8467340469360352,-2.58114471
S46P,-0.8166589736938477,-2.6648959430000003
S46N,-0.4409501552581787,-2.16057166
S46M,-1.602637767791748,-2.186270476
S46L,0.5088465213775635,-1.807299639
S46K,-0.29170989990234375,-2.244836213
S46R,-0.6202774047851562,-3.140957309
S46C,-0.2709317207336426,-2.501154398
S46H,-1.0806589126586914,-1.58537961
S46I,0.13555622100830078,-2.598813334
S46D,-0.5990571975708008,-2.575548265
S46E,-0.597428560256958,-2.921253492
V47Y,-0.19907879829406738,-0.477227239
V47W,-0.9547176361083984,-2.300510745
V47T,-0.3596334457397461,-1.609605001
V47S,-0.0044727325439453125,-2.630298122
V47R,-0.6960604190826416,-1.74246548
V47G,-0.0944509506225586,-2.711564942
V47F,0.04710531234741211,-0.832618264
V47N,-0.40729641914367676,-3.199829251
V47M,-1.5337953567504883,-1.466360937
V47L,0.4710872173309326,-1.39969532
V47K,-0.37009358406066895,-0.973550659
V47I,0.22892332077026367,-0.926732336
V47H,-1.1918299198150635,-2.275962447
V47E,-0.5666570663452148,-2.628544113
V47P,-0.8672637939453125,-3.725154637
V47Q,-0.8938899040222168,-1.187858889
V47D,-0.6785907745361328,-2.631100033
V47C,-0.17737102508544922,-2.359444502
V47A,-0.5944998264312744,-1.949988875
N48Y,0.631894588470459,-3.177009804
N48A,0.44732165336608887,-3.74303105
N48C,-0.05581855773925781,-3.24404744
N48D,-0.12572336196899414,-1.789854404
N48E,0.35047459602355957,-1.833424304
N48F,0.35771822929382324,-2.724130966
N48G,0.041901588439941406,-3.175604813
N48H,-0.4280674457550049,-3.5066340730000003
N48I,0.42276954650878906,-3.426426879
N48K,0.4842514991760254,-2.442203465
N48L,0.808650016784668,-3.679118623
N48M,-0.9138274192810059,-2.687881139
N48P,-0.24625515937805176,-2.354804623
N48Q,0.041214942932128906,-2.809045391
N48R,0.2256908416748047,-2.8144556510000003
N48S,0.7103302478790283,-1.168313185
N48T,0.5209026336669922,-1.297828781
N48W,-0.6927523612976074,-2.05315595
N48V,0.7466354370117188,-3.11441464
L49A,-0.9008607864379883,-4.025175757
L49C,-0.6728613376617432,-2.877052174
L49F,-0.6298787593841553,-1.691544496
L49K,-0.8968708515167236,-3.227004758
L49M,-2.021486520767212,-2.705733486
L49N,-0.772270679473877,-3.426463642
L49P,-1.1937596797943115,-2.487332539
L49Q,-1.291844367980957,-2.57047353
L49R,-1.204089641571045,-3.252278044
L49S,-0.35731053352355957,-3.5005143
L49T,-0.6334033012390137,-3.348448788
L49V,-0.18908143043518066,-3.307445247
L49W,-1.5547943115234375,-3.0476605310000005
L49Y,-0.5924131870269775,-2.899639145
L49G,-0.6697947978973389,-3.89462626
L49I,-0.13575172424316406,-2.086429952
L49E,-0.7933218479156494,-2.844270844
L49H,-1.5507266521453857,-3.1382309260000003
L49D,-0.8638594150543213,-3.182083207
L50F,-0.46189355850219727,-2.83803452
L50Y,-0.4176011085510254,-2.9569362810000004
L50E,-0.7777280807495117,-3.561083162
L50W,-1.592336654663086,-2.959804538
L50V,-0.18985462188720703,-2.336324644
L50T,0.0368802547454834,-3.966008295
L50S,0.03726625442504883,-2.818110232
L50R,-0.881648063659668,-3.887323954
L50Q,-1.2153682708740234,-3.244386702
L50P,-0.5142290592193604,-3.1185449380000003
L50N,-0.419588565826416,-3.784233701
L50M,-1.998237133026123,-2.583617851
L50A,-0.8053498268127441,-2.983396679
L50C,-0.44466590881347656,-2.994183216
L50D,-0.5902845859527588,-1.82471505
L50K,-0.511784553527832,-3.121813554
L50I,-0.07675886154174805,-3.072006356
L50H,-1.3552842140197754,-3.448865082
L50G,-0.6947498321533203,-3.418217587
E51F,-0.045775413513183594,-1.897341296
E51P,-0.06901955604553223,-4.183433629
E51A,0.013217926025390625,0.016194379
E51G,0.03614044189453125,-2.319458231
E51Y,0.07368898391723633,-1.992671846
E51W,-1.2548720836639404,-2.63266715
E51V,0.4026026725769043,-0.069781252
E51T,0.22150111198425293,-0.804891804
E51S,0.5876288414001465,-2.938812277
E51R,-0.06157565116882324,-2.541185259
E51C,-0.09076809883117676,-0.807994752
E51Q,-0.42847752571105957,-1.574225659
E51N,0.22075366973876953,-3.1076043510000004
E51M,-1.2401316165924072,-2.565286631
E51L,0.5668175220489502,-1.69712085
E51K,0.26569223403930664,-1.821028002
E51I,0.33472132682800293,-0.936528869
E51H,-0.7252142429351807,-2.404259738
E51D,0.06142878532409668,-1.296734003
D52C,0.2329094409942627,-2.528823199
D52E,0.1891791820526123,-0.991144477
D52A,0.33647823333740234,-0.435035083
D52H,-0.505622386932373,-0.925783853
D52I,1.00345778465271,-2.080230223
D52K,0.500389575958252,-1.460985766
D52L,0.9836313724517822,-1.692367419
D52M,-0.9169063568115234,-1.501802124
D52N,0.32785534858703613,-0.8937645940000001
D52G,0.3654508590698242,-0.994768464
D52P,-0.2712411880493164,-3.331827971
D52R,0.13728094100952148,-2.177899103
D52S,0.7051446437835693,-0.429483973
D52T,0.5042762756347656,-0.6856805859999999
D52V,0.9733076095581055,-1.118450494
D52W,-0.8302178382873535,-2.128779698
D52Y,0.4552040100097656,-1.022271451
D52Q,-0.20224952697753906,-2.527942107
D52F,0.4914059638977051,-2.978696014
S53Y,-0.36272311210632324,-0.915485181
S53D,-0.44975805282592773,-1.252426585
S53W,-1.6693196296691895,-1.145845903
S53V,-0.18585515022277832,-0.359259918
S53T,-0.30536413192749023,-0.1027126
S53R,-0.7155728340148926,-0.38284283
S53Q,-0.8694338798522949,-0.025899098
S53P,-0.8350174427032471,-3.639312985
S53N,-0.318004846572876,-0.446217193
S53M,-1.730269432067871,-0.156253725
S53L,0.07650613784790039,-0.544741702
S53K,-0.18599319458007812,-0.5413043329999999
S53I,0.032876014709472656,-0.923244229
S53H,-1.1491119861602783,-0.317816459
S53G,-0.2852621078491211,0.022925143
S53F,-0.45744967460632324,-0.46222652
S53E,-0.20041251182556152,0.836385562
S53C,-0.5199596881866455,-2.050160995
S53A,-0.5724146366119385,0.197523285
H54I,1.293114185333252,-2.4053233830000003
H54C,1.237379550933838,-2.868284435
H54V,1.1982536315917969,-2.432245426
H54T,1.327392578125,-0.796770792
H54S,1.8307502269744873,-1.85544623
H54R,0.8572549819946289,-2.048317395
H54Q,0.5352439880371094,-1.997745677
H54P,0.9275112152099609,-1.932181497
H54N,1.3096623420715332,-2.499181234
H54M,-0.5985336303710938,-1.827218919
H54L,1.4553601741790771,-3.867842555
H54K,1.415337085723877,-2.862883754
H54Y,0.839724063873291,-1.194855116
H54G,1.15669846534729,-3.056993636
H54F,0.8800890445709229,-3.331744448
H54E,1.3213839530944824,-2.802638076
H54D,1.1630148887634277,-2.819936352
H54A,0.8968257904052734,-1.475211222
H54W,-0.3374485969543457,-2.569015554
N55A,-0.23836135864257812,-3.384731635
N55R,-0.6495571136474609,-3.600095545
N55Y,-0.12568211555480957,-3.365640298
N55W,-1.394056797027588,-2.864164059
N55V,-0.004490852355957031,-3.33625818
N55T,-0.10914230346679688,-1.797796056
N55S,0.23730134963989258,-1.726246196
N55Q,-0.867210865020752,-2.581094189
N55P,-0.6298298835754395,-3.682268662
N55L,0.4408292770385742,-3.716398177
N55M,-1.7787766456604004,-2.5330459
N55I,0.2432091236114502,-2.743478872
N55H,-1.0389280319213867,-2.862855269
N55G,-0.0673820972442627,-2.763606406
N55F,0.021781444549560547,-1.237738931
N55E,-0.3387010097503662,-2.770790662
N55D,-0.07323741912841797,-2.26440075
N55C,0.07786321640014648,-3.3038767
N55K,-0.24709391593933105,-2.070473325
G56S,0.3161313533782959,-1.536092904
G56Q,-0.23186397552490234,-1.925314703
G56R,-0.01839590072631836,-2.096613292
G56T,-0.13441014289855957,-2.135332231
G56A,-0.0149993896484375,-1.806688169
G56V,0.08076000213623047,-2.902786252
G56W,-1.3058013916015625,-2.13746201
G56P,-0.20479869842529297,-3.288499673
G56Y,-0.14055156707763672,-2.230454187
G56N,-0.0671086311340332,-2.043099063
G56F,-0.3596057891845703,-2.031490559
G56L,0.5015413761138916,-3.907390388
G56K,0.17028522491455078,-2.297133788
G56I,0.24861955642700195,-1.587687791
G56H,-1.0317034721374512,-1.332826537
G56E,0.48297643661499023,-1.426180974
G56D,-0.1539466381072998,-2.044309727
G56C,-0.9819259643554688,-2.753791291
G56M,-1.4111547470092773,-0.7008176009999999
K57M,-1.6049954891204834,-0.773775147
K57E,-0.028052568435668945,-3.167634094
K57F,-0.42997264862060547,-0.037811181
K57G,-0.31995320320129395,-1.99217318
K57H,-0.9690020084381104,-0.826726695
K57I,-0.05872797966003418,-2.824525991
K57L,0.09178018569946289,-1.415557865
K57N,-0.19980597496032715,-1.936512994
K57P,-0.7523820400238037,-3.034403348
K57Q,-0.6467297077178955,-0.6714616520000001
K57R,-0.43291544914245605,-0.90962386
K57S,0.2934737205505371,-3.328905484
K57T,0.35124659538269043,-2.835237101
K57V,-0.11790108680725098,-0.990923893
K57W,-1.7399847507476807,-1.007137205
K57Y,-0.2283155918121338,-1.20308285
K57D,-0.12899279594421387,-2.3797859
K57C,-1.0366051197052002,-2.089640746
K57A,-0.4441378116607666,-0.244462953
L58Q,-0.856583833694458,-2.810858205
L58A,-0.8026173114776611,-3.715471576
L58R,-0.7927420139312744,-2.706251979
L58T,-0.0990598201751709,-3.362715395
L58P,-0.8229565620422363,-2.704632976
L58Y,-0.36716413497924805,-2.573260135
L58S,-0.055860280990600586,-3.153970935
L58N,-0.5773880481719971,-2.620949399
L58G,-0.7204551696777344,-3.666982913
L58K,-0.26554298400878906,-3.005744341
L58I,0.052102088928222656,-1.605521939
L58H,-1.2288110256195068,-2.7412406810000003
L58W,-1.5411336421966553,-2.300322107
L58F,-0.5647451877593994,-2.851871586
L58E,-0.4772031307220459,-2.4403770280000003
L58D,-0.7272007465362549,-3.519230739
L58C,-1.1805295944213867,-2.90593989
L58M,-1.910954236984253,-2.432614224
L58V,-0.03676104545593262,-3.042167872
C59R,0.5000438690185547,-3.3625054910000003
C59T,0.8108489513397217,-3.786181214
C59S,0.9518887996673584,-3.388676016
C59Q,0.3310363292694092,-1.846617779
C59P,0.3748939037322998,-3.668200791
C59N,0.37839460372924805,-2.8619097630000003
C59M,-0.34874391555786133,-2.3529920840000003
C59L,1.712916612625122,-3.1736350110000004
C59K,0.8516941070556641,-3.581022716
C59I,1.5514535903930664,-3.0298917710000004
C59H,0.10114288330078125,-3.450666202
C59G,0.4016246795654297,-2.904688304
C59F,0.9813392162322998,-2.583233073
C59E,0.8306245803833008,-2.542118705
C59D,0.3128037452697754,-2.884313327
C59V,1.5136010646820068,-3.1078542560000004
C59A,0.635200023651123,-3.5907680460000004
C59Y,1.4132728576660156,-2.00494308
C59W,0.1362302303314209,-2.78599264
K60D,-0.3503572940826416,-1.67246857
K60C,-1.3712480068206787,-2.63251728
K60A,-0.31123805046081543,-0.80647787
K60G,-0.2923154830932617,-3.02287514
K60H,-0.8139195442199707,-0.543300796
K60I,-0.11936831474304199,-3.071634924
K60L,0.24753355979919434,-0.824196458
K60M,-1.6366231441497803,-1.306862208
K60N,-0.22377920150756836,-0.178966185
K60P,-0.4925682544708252,-3.913498293
K60Q,-0.4067690372467041,-1.161184917
K60R,-0.19354820251464844,0.127169636
K60S,0.44919753074645996,-0.417403603
K60T,0.13806843757629395,-0.86690653
K60V,0.06544113159179688,-3.812754039
K60W,-1.6764085292816162,-1.758876427
K60Y,-0.23943161964416504,-0.00961796
K60F,-0.3970935344696045,-0.607959543
K60E,-0.09538722038269043,-1.909479655
L61W,-1.4683194160461426,-3.191183783
L61D,-0.5441925525665283,-3.42915342
L61E,0.03743243217468262,-2.658028729
L61F,-0.6756925582885742,-2.643782826
L61G,-0.4208056926727295,-3.249662582
L61H,-1.6134295463562012,-3.749354119
L61I,-0.05736899375915527,-0.4155521820000001
L61K,-0.4514796733856201,-3.476771308
L61M,-1.7362546920776367,-1.828848246
L61N,-0.6461095809936523,-2.995402234
L61Q,-0.8579626083374023,-3.675766827
L61R,-0.5994970798492432,-3.792147561
L61S,-0.09790372848510742,-3.232138657
L61T,-0.5280106067657471,-3.14215666
L61V,-0.10172271728515625,-0.805152283
L61Y,-0.59661865234375,-1.842933052
L61P,-0.5992684364318848,-3.2409581000000003
L61C,-0.9698176383972168,-3.55753673
L61A,-0.44089293479919434,-3.97508899
K62E,0.019176244735717773,-0.658101499
K62F,-0.7659575939178467,-0.840231298
K62G,-0.5175337791442871,-0.927131805
K62H,-0.7952666282653809,0.451358735
K62I,-0.39757633209228516,-3.3394341730000003
K62L,-0.06199002265930176,-2.166157515
K62D,-0.03446602821350098,-0.285424051
K62M,-1.7827956676483154,-1.4282424530000002
K62P,-0.38669705390930176,-3.637681926
K62Q,-0.6260204315185547,-0.451528154
K62R,-0.5201866626739502,-0.8962325640000001
K62S,0.19193124771118164,-1.521106329
K62T,-0.021269559860229492,-2.50078588
K62Y,-0.37243151664733887,-0.275873024
K62N,-0.00980067253112793,0.206714922
K62W,-2.0446794033050537,-0.930340207
K62V,-0.3257319927215576,-3.245929973
K62A,-0.4529263973236084,-0.8550321820000001
K62C,-1.2958996295928955,-2.852620354
G63T,-0.12175369262695312,-2.802253097
G63A,-0.2598228454589844,-3.341788633
G63C,-0.7479901313781738,-3.008653535
G63D,-0.07564711570739746,-2.024794165
G63E,-0.05859255790710449,-2.322451941
G63F,-0.5170979499816895,-2.5956920930000003
G63H,-0.949514627456665,-1.110868512
G63I,-0.21276426315307617,-3.309536925
G63K,-0.11456084251403809,-2.490586735
G63L,-0.0005438327789306641,-3.743217845
G63M,-1.7199046611785889,-2.5952089330000003
G63N,0.08544731140136719,-1.6076775019999998
G63P,-0.5724866390228271,-3.522832773
G63Q,-0.7888939380645752,-2.406040923
G63Y,-0.45329833030700684,-3.037225184
G63W,-1.6182219982147217,-2.716135279
G63R,-0.4911317825317383,-2.442604865
G63S,0.22133421897888184,-1.580930194
G63V,-0.03506731986999512,-2.649819257
I64V,-0.10291028022766113,-0.235803729
I64H,-1.1003901958465576,-0.522123008
I64S,0.4273414611816406,-1.973237099
I64R,-0.5449600219726562,-0.1172424
I64Q,-0.7886290550231934,-0.79905144
I64N,0.10542011260986328,-0.777424098
I64M,-1.6047723293304443,-1.093810445
I64L,0.03502631187438965,-1.533612597
I64K,0.09578514099121094,-0.48884026
I64W,-1.8925740718841553,-2.281560805
I64G,0.04912877082824707,-1.755269573
I64F,-0.396442174911499,-1.940830119
I64E,-0.04573464393615723,-1.264381079
I64D,0.09031152725219727,-1.77735298
I64C,-0.8257009983062744,-2.266839422
I64A,-0.40749430656433105,-1.611824039
I64T,0.07268595695495605,-1.483127366
I64Y,-0.32266831398010254,-2.568230524
I64P,-0.5172457695007324,-3.6003397980000003
A65H,-0.4459969997406006,-0.491039622
A65W,-1.7407937049865723,-1.718076865
A65V,0.24851036071777344,-1.711906389
A65T,0.5709900856018066,-0.773153603
A65S,0.6741964817047119,-0.989403603
A65R,-0.06205558776855469,-0.730628754
A65Q,0.024028301239013672,-0.45845535
A65P,0.396223783493042,-0.50023125
A65Y,-0.12455010414123535,-0.621868074
A65N,0.3854255676269531,-0.378220054
A65L,0.3577995300292969,-0.7232007090000001
A65K,0.7510643005371094,-0.06402685
A65I,0.11448311805725098,-2.297971154
A65C,-0.4002809524536133,-2.6390849
A65D,0.46211743354797363,-0.856278007
A65E,0.5889167785644531,0.5844533439999999
A65F,-0.42201685905456543,-1.5693770180000002
A65M,-1.4612045288085938,-0.372293672
A65G,0.004945278167724609,-0.729981531
P66C,-0.9087347984313965,-3.056169015
P66Y,-0.09119701385498047,-3.0969855710000003
P66D,0.35325098037719727,-3.061705787
P66E,0.22419404983520508,-3.149778514
P66F,-0.212294340133667,-3.123424534
P66G,0.3008003234863281,-2.752042169
P66H,-0.5579180717468262,-2.700873432
P66I,-0.018832683563232422,-3.193333281
P66K,0.24298715591430664,-3.076746515
P66L,0.385650634765625,-3.3440048360000003
P66N,0.3407895565032959,-3.387102946
P66Q,-0.3029301166534424,-3.538477954
P66R,-0.2088148593902588,-3.780031564
P66S,0.6140625476837158,-3.200706734
P66T,0.2801961898803711,-3.415881867
P66V,0.40552735328674316,-3.506517622
P66W,-1.4961941242218018,-2.757365747
P66M,-1.385554552078247,-2.549634008
P66A,0.21565842628479004,-1.436377197
L67C,-0.9173555374145508,-2.893018974
L67R,-0.8174729347229004,-2.669235861
L67W,-1.9426655769348145,-2.323867204
L67V,-0.18527460098266602,-1.749428599
L67T,-0.21990060806274414,-2.717098865
L67S,0.3071470260620117,-3.256677193
L67A,-0.4598350524902344,-3.734673262
L67Q,-0.6638755798339844,-2.931542098
L67P,-0.38861870765686035,-2.835316221
L67N,-0.142655611038208,-2.722072227
L67M,-1.9257893562316895,-2.242926623
L67K,-0.12206888198852539,-2.84143952
L67I,-0.23090744018554688,-1.666480598
L67H,-1.1669511795043945,-2.459849996
L67G,-0.10059547424316406,-3.895188936
L67F,-0.6903252601623535,-2.243793653
L67Y,-0.5800337791442871,-2.705094902
L67E,0.08548402786254883,-3.271987183
L67D,-0.15359163284301758,-3.339392733
Q68V,0.12221693992614746,0.029205066
Q68W,-1.4687049388885498,-0.8530807090000001
Q68Y,-0.23064732551574707,-0.420814719
Q68T,0.38532304763793945,-0.411512806
Q68R,-0.12704730033874512,-0.195356914
Q68P,0.5320067405700684,-0.998466438
Q68N,0.3769505023956299,-1.608098932
Q68M,-1.610450029373169,0.346755379
Q68L,0.22460675239562988,0.022464466
Q68K,0.522101879119873,-1.297338968
Q68S,0.7626783847808838,-0.7103273859999999
Q68H,-0.46843934059143066,-0.994136039
Q68G,0.35797905921936035,-1.081848921
Q68F,-0.4047355651855469,-0.696524037
Q68E,0.5271947383880615,0.329560783
Q68D,0.626772403717041,0.611863144
Q68A,-0.008278369903564453,-0.363430941
Q68C,-0.5770902633666992,-1.838638471
Q68I,-0.19918131828308105,0.132186169
L69W,-1.6972546577453613,-2.9150970810000003
L69Y,-0.2670931816101074,-3.614843877
L69V,-0.35497426986694336,-3.077073501
L69T,0.10839414596557617,-3.463444048
L69S,0.5964245796203613,-2.481003758
L69R,-0.48558783531188965,-2.330743763
L69Q,-0.33560609817504883,-3.811411361
L69P,0.12971925735473633,-3.93427968
L69K,0.21982908248901367,-3.796375897
L69M,-1.8123536109924316,-2.6946528560000003
L69I,-0.2615528106689453,-2.361885838
L69H,-0.7139203548431396,-3.608735707
L69G,0.20995688438415527,-2.555498267
L69F,-0.5682375431060791,-2.409922229
L69D,0.6124923229217529,-2.937683525
L69C,-0.7408928871154785,-3.516838962
L69A,-0.2795424461364746,-4.029580513
L69N,0.7971446514129639,-3.018531634
L69E,0.2739527225494385,-2.551017052
G70S,0.2984926700592041,-1.513446591
G70I,-0.8291473388671875,-3.032834952
G70T,-0.21238327026367188,-1.935087449
G70D,0.12498784065246582,-0.8979623259999999
G70E,0.22589874267578125,-0.748121157
G70F,-1.0788671970367432,-1.5222852930000002
G70Y,-0.7057857513427734,-1.943475354
G70H,-1.0343377590179443,-0.6003622789999999
G70K,-0.02115011215209961,-0.7824735359999999
G70C,-1.713536262512207,-2.631226826
G70L,-0.4599921703338623,-0.984381352
G70N,-0.14602231979370117,-1.172834439
G70P,-0.21160459518432617,-2.4417474830000003
G70Q,-0.4964735507965088,-0.574839816
G70R,-0.5794012546539307,-0.767934439
G70W,-2.1022653579711914,-2.824222638
G70V,-0.5534265041351318,-2.819344456
G70M,-2.060275077819824,-1.206849243
G70A,-0.487612247467041,-1.532543191
K71S,0.20095396041870117,-0.377130117
K71R,-0.6769895553588867,-0.332229383
K71T,-0.20031332969665527,1.101813382
K71Q,-0.5064351558685303,-0.428409734
K71P,-0.9130673408508301,0.748577924
K71N,-0.15990614891052246,-0.687270032
K71M,-1.8895797729492188,-0.311181295
K71L,-0.5393104553222656,-0.730683689
K71I,-0.7537438869476318,-0.405143705
K71H,-1.0308341979980469,-1.212595891
K71G,-0.19284391403198242,0.405228014
K71F,-1.018303394317627,-0.967251406
K71E,-0.12910127639770508,-0.224572799
K71D,-0.06377482414245605,-1.434414524
K71C,-1.935441493988037,-1.827916274
K71W,-1.9789576530456543,-0.525061615
K71V,-0.6374146938323975,-1.104966598
K71Y,-0.6108741760253906,-0.360249213
K71A,-0.7107682228088379,0.093587861
C72Y,1.060347318649292,-2.890781216
C72W,-0.23851370811462402,-3.226942423
C72V,0.9045939445495605,-2.936474554
C72T,1.0430359840393066,-4.051049307
C72E,1.1881208419799805,-3.490641137
C72S,1.2937700748443604,-3.711721072
C72R,0.6242198944091797,-2.954044653
C72Q,0.5183150768280029,-3.340526328
C72A,0.6920313835144043,-3.428374092
C72N,1.0816049575805664,-3.540551122
C72M,-0.5949451923370361,-1.680485987
C72L,0.9886739253997803,-3.551682939
C72K,1.1415212154388428,-3.206840607
C72I,0.8311254978179932,-3.399663405
C72H,0.32340431213378906,-3.600258611
C72G,1.1922156810760498,-3.851010454
C72F,0.5269415378570557,-2.7344217310000003
C72D,1.0159990787506104,-3.636644462
C72P,0.34107279777526855,-4.1130746380000005
N73L,-1.4969098567962646,-3.452991172
N73R,-1.1333448886871338,-2.071049361
N73Y,-1.5414137840270996,-3.022684392
N73W,-2.9664533138275146,-2.753248543
N73V,-1.3697731494903564,-3.66105034
N73T,-0.8315103054046631,-0.376997788
N73S,-0.5476057529449463,-0.133800332
N73P,-1.1320555210113525,-3.478252066
N73M,-3.0495965480804443,-1.515327256
N73K,-0.5987672805786133,-1.804938398
N73Q,-1.3519232273101807,-1.045050087
N73H,-1.6771533489227295,-1.976608754
N73G,-0.9766733646392822,-0.816424692
N73F,-1.9035565853118896,-3.179059442
N73E,-0.7105417251586914,-1.418668004
N73D,-0.7490909099578857,-0.943989663
N73C,-2.669576406478882,-1.951509128
N73A,-1.4867393970489502,-1.367024914
N73I,-1.5588805675506592,-3.544874304
I74P,-0.7561211585998535,-1.547839114
I74W,-1.5932681560516357,-2.88638084
I74V,0.14327263832092285,-0.357135968
I74T,0.10140609741210938,-2.561668242
I74S,0.6632652282714844,-4.24154693
I74R,-0.3626058101654053,-3.687095005
I74Q,-0.3166077136993408,-2.91237142
I74M,-1.5851061344146729,-1.219081894
I74N,0.029765844345092773,-3.335885106
I74K,0.2435314655303955,-3.5327122460000004
I74L,0.03763628005981445,-0.236881511
I74Y,-0.35428738594055176,-3.832964224
I74C,-0.9242281913757324,-2.385828129
I74D,0.10260200500488281,-3.845940617
I74A,0.12829375267028809,-3.727811727
I74F,-0.40532493591308594,-1.007269848
I74G,0.3347475528717041,-3.692178416
I74H,-0.9622476100921631,-3.323510085
I74E,0.4156949520111084,-3.589153833
T75Q,-1.4175183773040771,-1.818181252
T75Y,-1.4741873741149902,-1.960897966
T75W,-2.961684465408325,-2.583785127
T75V,-1.7313053607940674,-0.189821976
T75S,-0.02093791961669922,-1.4597219380000002
T75A,-1.529386281967163,-1.236169539
T75R,-1.274444341659546,-2.092131886
T75P,-1.3228332996368408,-0.965302266
T75E,-1.0041296482086182,-2.293704675
T75M,-2.9461724758148193,-1.181636538
T75L,-1.4192960262298584,-0.460340555
T75K,-0.7873914241790771,-1.84269575
T75I,-1.7679164409637451,-0.128546605
T75H,-1.672762155532837,-1.6754553680000002
T75F,-1.970775842666626,-2.333795641
T75G,-0.9558069705963135,-1.745776479
T75C,-2.192537546157837,-1.222273143
T75N,-0.8093931674957275,-1.5477648030000002
T75D,-0.8034517765045166,-3.71968324
G76W,-2.0056402683258057,-3.043665824
G76V,-0.3845651149749756,-2.611951827
G76Y,-0.5536701679229736,-3.640590383
G76T,-0.19901013374328613,-3.868786725
G76S,0.25610971450805664,-3.439219908
G76R,-0.526801347732544,-3.1430094110000004
G76Q,-0.5066699981689453,-3.378142057
G76N,-0.15544342994689941,-3.480718642
G76M,-1.8260986804962158,-2.809392019
G76L,-0.22626519203186035,-3.627724679
G76P,-0.8885138034820557,-4.13059924
G76I,-0.7627120018005371,-3.962931454
G76H,-0.9037489891052246,-3.631486528
G76F,-0.84786057472229,-3.543977738
G76E,0.0027277469635009766,-2.585393974
G76D,-0.005412101745605469,-3.2829711460000004
G76C,-1.6791584491729736,-3.374096652
G76A,-0.236738920211792,-1.617015829
G76K,-0.0739130973815918,-2.897303637
W77P,1.256969690322876,-4.222073918
W77Q,1.098625659942627,-3.10353073
W77R,1.2761857509613037,-3.558532856
W77Y,1.2827460765838623,-3.096549149
W77T,1.7309660911560059,-3.692295134
W77V,1.4306437969207764,-2.669850745
W77N,1.5915818214416504,-2.9898413180000003
W77S,1.8668220043182373,-3.744585876
W77M,0.019628524780273438,-3.18839881
W77G,1.456282615661621,-2.675684719
W77K,1.8126049041748047,-2.983914468
W77C,0.5587291717529297,-2.569901777
W77D,1.4715900421142578,-3.3933728110000003
W77E,1.6430671215057373,-3.138198721
W77L,1.4866559505462646,-2.64888205
W77A,1.299741506576538,-3.880288975
W77H,0.7345080375671387,-3.349217969
W77I,1.2796568870544434,-3.063221339
W77F,0.9506802558898926,-3.280652415
L78Y,-0.1585068702697754,-3.51378918
L78W,-1.4524569511413574,-3.089176487
L78V,-0.05738091468811035,-1.483374275
L78T,0.0817418098449707,-3.706826313
L78S,0.35854506492614746,-1.33950459
L78R,-0.2765369415283203,-3.149719986
L78P,-0.36069536209106445,-2.169092926
L78N,0.15996980667114258,-3.135995933
L78Q,-0.4784367084503174,-3.540993745
L78K,0.22546148300170898,-3.4523150360000003
L78C,-0.4700939655303955,-3.527174786
L78D,0.037672996520996094,-2.734659214
L78E,-0.09616732597351074,-3.327946902
L78A,-0.31429290771484375,-3.315424329
L78G,-0.1404709815979004,-3.127973165
L78H,-0.8140349388122559,-2.904848494
L78I,-0.17717933654785156,-2.685894924
L78F,-0.6283385753631592,-2.461704815
L78M,-1.4164800643920898,-1.807540168
L79I,-0.24979233741760254,-1.195853724
L79A,-0.28650784492492676,-2.817854852
L79C,-0.7543737888336182,-3.455804614
L79D,0.1328442096710205,-3.740582068
L79E,0.11130094528198242,-3.425270302
L79F,-0.49033427238464355,-2.986824265
L79G,-0.015809297561645508,-4.291815714
L79H,-0.8703219890594482,-3.869076418
L79K,0.13954663276672363,-3.790945786
L79N,0.16896414756774902,-2.668706994
L79W,-1.4655330181121826,-2.486457297
L79V,-0.21874499320983887,-2.639315839
L79T,-0.05958151817321777,-2.569805325
L79Y,-0.13077569007873535,-2.545534626
L79R,-0.5074822902679443,-2.368453289
L79Q,-0.50069260597229,-3.466369347
L79P,0.19035911560058594,-1.88289248
L79S,0.39198756217956543,-3.425140094
L79M,-1.5917479991912842,-2.225832801
G80P,-0.04490852355957031,-3.768941802
G80Y,-0.4297492504119873,-3.763347313
G80W,-1.7849514484405518,-3.240831636
G80V,-0.28494763374328613,-2.554658068
G80T,0.042870521545410156,-4.00923766
G80S,0.483410120010376,-4.088723599
G80R,-0.29065632820129395,-3.199760558
G80Q,-0.31830668449401855,-3.290183678
G80N,0.25316429138183594,-3.661808316
G80L,-0.16820025444030762,-4.503180233
G80K,0.21637201309204102,-3.354055093
G80I,-0.5364272594451904,-4.261490247
G80H,-0.806957483291626,-3.879086207
G80F,-0.7800188064575195,-4.005277152
G80E,0.3423502445220947,-3.203041583
G80D,0.31676554679870605,-4.05552278
G80C,-1.1092784404754639,-3.736493851
G80A,-0.2812080383300781,-2.16666595
G80M,-1.7500836849212646,-3.229304227
N81Q,-0.6584703922271729,-3.164229106
N81R,-0.5964069366455078,-3.253991339
N81S,0.17965126037597656,-1.537841095
N81P,-0.8056020736694336,-4.920218557
N81V,-0.5203428268432617,-3.345771854
N81W,-2.2089452743530273,-3.363028675
N81Y,-0.6298856735229492,-3.59522079
N81T,-0.1941843032836914,-2.564758624
N81M,-1.818718433380127,-3.4415141460000003
N81A,-0.6889569759368896,-2.298304182
N81K,0.02301192283630371,-2.618570528
N81I,-0.4665651321411133,-2.682173535
N81H,-0.8241643905639648,-0.8691939129999999
N81G,-0.2659602165222168,-3.637590038
N81F,-0.9179532527923584,-3.839822807
N81E,-0.2653181552886963,-3.150468871
N81D,-0.03710746765136719,-2.314331577
N81C,-1.141791820526123,-3.356526765
N81L,-0.22936534881591797,-3.536105389
P82C,-1.197439193725586,-3.13658253
P82D,0.3945884704589844,-2.995985042
P82E,0.40086889266967773,-2.848064289
P82F,-0.5531563758850098,-3.789595154
P82G,0.7421305179595947,-3.719724591
P82H,-0.8416233062744141,-1.301005114
P82I,-0.17369508743286133,-3.757817075
P82Q,-0.3782162666320801,-3.580015879
P82L,-0.14427423477172852,-2.872743852
P82M,-1.5264253616333008,-3.229610376
P82N,0.2821929454803467,-3.745438419
P82A,-0.14134955406188965,-3.464338407
P82R,-0.2669355869293213,-3.687654817
P82S,0.5210864543914795,-3.0971597230000003
P82T,0.00015735626220703125,-3.020466818
P82K,0.47808122634887695,-3.395690672
P82Y,-0.4375729560852051,-3.691379302
P82W,-1.6320033073425293,-3.488226165
P82V,-0.042357444763183594,-3.382925181
E83W,-1.8439767360687256,-1.58356034
E83C,-1.576348066329956,-2.017330493
E83A,-0.3832707405090332,-0.56474877
E83D,0.13347434997558594,-1.131547069
E83F,-0.669945478439331,-1.849051881
E83G,-0.12485504150390625,-1.132928948
E83H,-0.9541928768157959,-2.215103657
E83I,-0.24334311485290527,-2.091578133
E83K,0.10703253746032715,-1.961867656
E83L,-0.13560080528259277,-1.400713452
E83M,-1.7771832942962646,-1.312636148
E83N,0.1858837604522705,-0.702569035
E83P,-0.524608850479126,-4.458071003
E83Q,-0.5016891956329346,-1.409391346
E83S,0.4443931579589844,-1.588989494
E83V,-0.12438511848449707,-1.996001536
E83Y,-0.43091845512390137,-0.559658615
E83R,-0.5374596118927002,-3.408962737
E83T,0.17475628852844238,-1.457615594
C84A,0.4518401622772217,-3.750002871
C84Y,0.3772311210632324,-3.005497198
C84W,-0.6816248893737793,-2.281897309
C84T,0.7651090621948242,-3.532088941
C84S,1.0047307014465332,-3.380029089
C84R,0.27504730224609375,-2.771210108
C84Q,0.03065204620361328,-3.453601382
C84P,0.4451484680175781,-3.749579635
C84N,1.2211463451385498,-3.03915797
C84M,-0.6458196640014648,-3.02087797
C84V,0.49610424041748047,-3.075653803
C84K,1.0032649040222168,-3.41251819
C84I,0.6969692707061768,-3.5970235
C84H,-0.208115816116333,-3.731384654
C84G,0.6445431709289551,-2.982234352
C84F,0.39427661895751953,-2.715390013
C84E,0.6741454601287842,-3.388350389
C84L,0.9602656364440918,-4.681401177
C84D,1.0522890090942383,-3.363108667
D85T,0.1191873550415039,-2.138093887
D85S,0.7411551475524902,-3.134266303
D85R,0.1311335563659668,-4.061337487
D85Q,-0.12288665771484375,-2.337764003
D85P,0.14037013053894043,-3.687546011
D85N,0.20561909675598145,-2.470505204
D85M,-1.521411418914795,-2.869897925
D85I,-0.12113189697265625,-3.623739067
D85K,0.5142679214477539,-3.870769498
D85H,-0.6919760704040527,-2.962062557
D85G,0.20548415184020996,-2.674732191
D85F,-0.44370388984680176,-3.409929445
D85V,-0.030043840408325195,-3.159730311
D85E,0.07201242446899414,-0.8108995
D85L,0.18939971923828125,-2.7647467430000003
D85W,-1.6525325775146484,-3.2505052310000004
D85A,0.0006866455078125,-2.68817747
D85C,-1.093390941619873,-2.722050114
D85Y,-0.4332456588745117,-2.38290347
S86W,-1.9590778350830078,-0.854056603
S86E,-0.4213728904724121,0.152291149
S86F,-0.8008723258972168,-0.368977391
S86G,-0.16401219367980957,-0.698371918
S86H,-1.0120272636413574,0.336747719
S86I,-0.38908839225769043,0.143042159
S86K,-0.043494224548339844,-1.4445864
S86D,-0.4322221279144287,0.530116285
S86N,-0.3062744140625,-0.49398619
S86P,-0.5748870372772217,-0.485733264
S86Q,-0.7705342769622803,-0.1726208739999999
S86R,-0.4717063903808594,-0.871541272
S86T,-0.35817980766296387,-0.528505223
S86V,-0.2955327033996582,-0.193233789
S86M,-1.7369933128356934,-0.317320609
S86L,-0.15109586715698242,0.362620245
S86A,-0.4536247253417969,-0.076340705
S86C,-1.484239101409912,-1.586207499
S86Y,-0.6582551002502441,0.5278101479999999
L87D,-0.2283000946044922,-2.404261733
L87E,-0.23395752906799316,-3.337387511
L87Y,-0.48560023307800293,-3.135273963
L87W,-1.791391372680664,-2.919005837
L87V,-0.37119626998901367,-2.638982314
L87S,0.43764829635620117,-3.353760037
L87R,-0.49051332473754883,-2.698992359
L87Q,-0.6458337306976318,-2.631518499
L87T,-0.06774473190307617,-2.685002368
L87N,0.04258155822753906,-3.64130769
L87C,-1.1625604629516602,-2.96551932
L87P,-0.3886549472808838,-2.910005479
L87F,-0.6275801658630371,-3.344649178
L87G,-0.3471033573150635,-3.631559389
L87A,-0.6949377059936523,-2.565034892
L87I,-0.2082228660583496,-0.980709008
L87K,0.22370195388793945,-3.488930318
L87M,-1.702061653137207,-2.10246383
L87H,-1.1067705154418945,-2.9315952060000003
L88P,-0.3751249313354492,-2.7793848480000003
L88Y,-0.6393249034881592,-1.735520199
L88W,-2.03753924369812,-0.3530363829999999
L88V,-0.3574528694152832,-1.252621073
L88T,-0.44862937927246094,-1.750305562
L88R,-0.8738377094268799,-3.4252307180000003
L88Q,-1.0420572757720947,-0.817303413
L88N,-0.2646775245666504,-2.10446079
L88A,-0.7133221626281738,-1.266115205
L88K,-0.29434847831726074,-1.28683557
L88I,-0.16590285301208496,-0.121020282
L88H,-1.1563448905944824,-1.568844059
L88G,-0.7751884460449219,-1.936176199
L88F,-0.7137134075164795,-1.4247014409999998
L88E,-0.6279070377349854,-0.613143422
L88D,-0.3427393436431885,-2.0895766730000003
L88C,-1.089221477508545,-3.018317182
L88M,-1.7958757877349854,-0.335179269
L88S,-0.11844515800476074,-1.614172621
P89A,-0.137742280960083,-0.280651957
P89Y,-0.6279914379119873,0.106678076
P89W,-1.6875419616699219,-1.098237302
P89V,-0.4003603458404541,-0.3369255329999999
P89T,-0.03398251533508301,-0.238161217
P89S,0.395815372467041,-0.402079708
P89R,-0.10369014739990234,-1.023146031
P89N,0.2845027446746826,-0.227422871
P89M,-1.488440990447998,-0.188173905
P89L,-0.006912708282470703,0.532671916
P89Q,-0.310239315032959,-1.191810839
P89I,-0.5227911472320557,0.181350742
P89H,-0.7456574440002441,-0.235549305
P89G,0.04845428466796875,0.257639669
P89F,-0.7166800498962402,0.457187947
P89E,0.02642226219177246,0.059796437
P89D,0.11438727378845215,0.4419804570000001
P89C,-1.171912431716919,-3.405289694
P89K,0.42153048515319824,-0.7200961490000001
A90R,0.05267143249511719,-1.044781652
A90C,-0.4699845314025879,-1.714058166
A90W,-1.2249736785888672,-1.435938861
A90V,0.0803227424621582,-0.5004039920000001
A90T,0.3355402946472168,0.3932522470000001
A90S,0.9126801490783691,-0.228938257
A90Q,-0.09493398666381836,-0.28064398
A90F,-0.18032574653625488,0.3426597079999999
A90N,0.8897628784179688,-0.670675038
A90M,-1.343553066253662,0.137008643
A90L,0.42259907722473145,-0.095223984
A90K,0.6119194030761719,-0.204153994
A90I,0.08855152130126953,0.563825403
A90H,-0.4309709072113037,-0.152909821
A90G,0.6430034637451172,-0.893292932
A90P,0.3572959899902344,-0.8810266179999999
A90E,0.5670900344848633,0.046919341
A90Y,-0.03653359413146973,-0.463982357
A90D,0.6965165138244629,-0.306419152
R91F,-0.21833038330078125,-1.093490216
R91G,1.4085049629211426,-0.8094661329999999
R91H,-0.21771740913391113,0.060388348
R91I,0.01425623893737793,-0.611122791
R91K,0.6151604652404785,-0.6627213989999999
R91L,0.2603263854980469,-0.511211833
R91M,-1.2598767280578613,-0.317693467
R91N,0.9931948184967041,0.104649701
R91P,0.07657194137573242,-2.263363515
R91Q,-0.07167387008666992,-0.658171553
R91S,1.0896024703979492,-0.7795780929999999
R91T,0.5368375778198242,-0.657980434
R91V,-0.07489585876464844,-0.266629975
R91W,-1.306358814239502,-1.501232114
R91Y,-0.019348621368408203,-0.555020025
R91E,0.5689587593078613,-0.016697041
R91D,0.8526923656463623,-1.315240009
R91C,-0.45760273933410645,-2.085645269
R91A,0.10080718994140625,-0.991818518
S92C,-1.1902847290039062,-2.450337568
S92W,-1.8143587112426758,-1.040374272
S92V,-0.6312675476074219,-0.652156512
S92T,-0.3956325054168701,-0.222055932
S92R,-0.6374869346618652,-1.180162129
S92Q,-0.775263786315918,0.33071345
S92P,-0.7451343536376953,-0.51515164
S92N,0.17273569107055664,-0.460357391
S92M,-1.8422794342041016,0.388678198
S92K,-0.1814117431640625,-0.89139894
S92I,-0.6809544563293457,-0.285074311
S92H,-1.077636957168579,-0.216049451
S92G,-0.0767672061920166,-0.523034187
S92F,-0.8532917499542236,-0.466621218
S92E,-0.32660937309265137,-0.251156705
S92D,-0.2673988342285156,-0.104459787
S92L,-0.4086174964904785,-0.934304921
S92A,-0.642786979675293,-1.156229527
S92Y,-0.5490856170654297,-0.190421619
W93Y,1.0110082626342773,-2.777150847
W93C,0.862579345703125,-1.382089815
W93D,0.7085342407226562,-1.6871182059999998
W93E,0.5998470783233643,-2.686192159
W93F,1.048935890197754,-0.616093354
W93G,1.2505791187286377,-2.989540845
W93H,0.27213168144226074,-3.084396786
W93I,1.1226909160614014,-2.813670259
W93K,1.0867531299591064,-2.234538215
W93A,0.7818331718444824,-3.42877271
W93M,-0.3914823532104492,-2.7578624080000003
W93N,0.9878668785095215,-2.834839323
W93P,0.6151003837585449,-3.355927218
W93Q,0.30576491355895996,-2.758037771
W93R,0.7520978450775146,-2.810610782
W93S,1.5041885375976562,-3.432507348
W93T,1.0749058723449707,-3.479385498
W93V,1.005824089050293,-3.238895058
W93L,1.364037275314331,-1.953376667
S94I,-0.745368242263794,-3.83514273
S94H,-1.1021709442138672,-3.3111851010000004
S94A,-0.5552890300750732,-1.405656074
S94F,-0.9784815311431885,-2.63967909
S94E,-0.387439489364624,-3.053021603
S94K,0.052396535873413086,-3.804011863
S94G,-0.37157654762268066,-0.8930978759999999
S94L,-0.4457662105560303,-4.05871401
S94R,-0.30109238624572754,-3.966973836
S94N,-0.2727017402648926,-3.700000295
S94P,-0.9240450859069824,-2.742118034
S94Q,-0.7343957424163818,-2.815686402
S94T,-0.43047547340393066,-3.334818309
S94V,-0.5545623302459717,-3.809285161
S94W,-2.094486951828003,-2.233840491
S94Y,-0.7023448944091797,-2.804463519
S94C,-0.9577610492706299,-2.857928266
S94M,-1.8038275241851807,-3.0466242510000003
S94D,-0.4371013641357422,-2.898732307
Y95W,-0.9622664451599121,-3.45975696
Y95S,0.49593544006347656,-3.078647055
Y95R,-0.11924934387207031,-3.639388633
Y95Q,-0.3376810550689697,-3.214193862
Y95P,-0.3690657615661621,-3.923727775
Y95N,-0.032294273376464844,-3.2685134010000003
Y95M,-1.1267271041870117,-3.458279529
Y95L,0.5151329040527344,-3.971724551
Y95T,0.1708519458770752,-3.516965422
Y95K,0.20358562469482422,-3.455604977
Y95H,-0.7630994319915771,-2.967199491
Y95G,0.06792116165161133,-3.636282934
Y95F,0.05644631385803223,-2.663718849
Y95E,0.2438664436340332,-4.090667109
Y95D,0.1075747013092041,-3.154864175
Y95C,-0.4114527702331543,-2.809046699
Y95A,0.022455453872680664,-4.034397381000002
Y95I,0.1922130584716797,-4.376270792
Y95V,0.37201380729675293,-3.902470873
I96A,-0.4007587432861328,-4.002018569
I96C,-0.0699760913848877,-2.448552823
I96K,-0.19668245315551758,-3.749411125
I96D,-0.537562370300293,-3.48754435
I96E,-0.5558481216430664,-3.613956158
I96F,-0.09459376335144043,-2.661388612
I96G,-0.4585256576538086,-3.831908884
I96H,-0.9757466316223145,-3.316344542
I96L,0.33373045921325684,-1.763747141
I96M,-1.4491229057312012,-2.901666067
I96N,-0.48242807388305664,-2.768707899
I96P,-0.5033740997314453,-4.049855688
I96Q,-0.8216054439544678,-3.071925062
I96R,-0.42122721672058105,-3.865186174
I96S,0.12704133987426758,-2.954693598
I96T,-0.1318960189819336,-2.943819168
I96W,-1.1243846416473389,-2.743878384
I96V,0.05208587646484375,-0.922945121
I96Y,-0.14403820037841797,-3.59985058
V97Q,-0.6097421646118164,-3.2593716130000003
V97W,-1.2605390548706055,-2.871525648
V97Y,-0.18405556678771973,-3.502326431
V97A,-0.31154298782348633,-1.738620506
V97C,-0.04569411277770996,-2.909104956
V97D,-0.23535943031311035,-2.817474513
V97E,-0.2224569320678711,-2.619702879
V97F,-0.2952718734741211,-3.673671815
V97R,-0.34557509422302246,-4.278452345
V97G,-0.08324599266052246,-3.591133225
V97I,-0.020586729049682617,-0.7685065320000001
V97K,0.04146552085876465,-3.499835515
V97L,0.2545619010925293,-2.75388544
V97M,-1.3347039222717285,-2.805300202
V97N,-0.0483701229095459,-3.375971367
V97P,0.03578758239746094,-3.864148753
V97S,0.21824407577514648,-3.857306787
V97H,-0.9025568962097168,-2.619250566
V97T,-0.04743051528930664,-3.031862654
E98S,0.5318424701690674,-3.101214137
E98T,0.17139506340026855,-3.061572625
E98R,-0.03269028663635254,-3.885662996
E98Q,-0.4196031093597412,-1.620099455
E98P,0.028371810913085938,-3.451354274
E98N,0.18573236465454102,-3.509744204
E98M,-1.5492761135101318,-2.723544001
E98L,0.01946115493774414,-2.702925895
E98Y,-0.2748899459838867,-3.3113624930000003
E98K,0.2623617649078369,-2.888139789
E98H,-0.6646273136138916,-3.548818219
E98G,0.1764085292816162,-2.591160209
E98F,-0.5525491237640381,-2.483015841
E98D,0.013800859451293945,-2.247558214
E98C,-0.527022123336792,-3.279840662
E98A,0.004389762878417969,-3.594454542
E98I,-0.40738821029663086,-1.632753779
E98V,-0.14884328842163086,-1.718400283
E98W,-1.604607343673706,-3.106928862
T99I,0.20427894592285156,-1.391489685
T99E,-0.17037034034729004,0.187216521
T99F,-0.3815150260925293,-2.003775111
T99G,0.07783317565917969,-1.079867808
T99H,-0.36147093772888184,-0.448039946
T99K,0.27101802825927734,-0.973342112
T99L,0.33855247497558594,-0.338546857
T99D,0.4400298595428467,0.040761373
T99A,-0.17473578453063965,0.326256028
T99N,0.6278471946716309,-1.007577972
T99P,-0.19527220726013184,-0.921739531
T99Q,-0.4318990707397461,0.6924480009999999
T99R,-0.23131704330444336,-0.121793211
T99S,0.3444387912750244,0.135402199
T99V,0.07940435409545898,-0.477933628
T99M,-1.175154685974121,-2.20529167
T99W,-1.619145393371582,-0.7255931379999999
T99Y,-0.14739418029785156,-1.169584085
T99C,-0.1011052131652832,-2.150364284
P100S,0.5237557888031006,-1.042155963
P100A,-0.01284646987915039,-0.163778117
P100C,0.09794211387634277,-3.184134428
P100D,0.04237818717956543,-0.622769911
P100E,0.1621990203857422,-0.477009665
P100F,0.004532814025878906,-1.00421391
P100G,0.36899518966674805,-0.374537921
P100H,-0.72198486328125,-0.176094697
P100I,0.3231468200683594,-0.563600282
P100K,0.3511793613433838,-1.23148241
P100L,0.5782260894775391,-0.8043188490000001
P100M,-1.0154533386230469,-0.582150753
P100N,0.3634641170501709,-1.102904774
P100Q,-0.5030984878540039,-0.389034236
P100R,-0.01290273666381836,-0.988475899
P100Y,0.17869305610656738,-0.791916053
P100W,-0.6663496494293213,-0.212056622
P100T,0.20154666900634766,-1.09531014
P100V,0.23964858055114746,-0.4413162370000001
N101K,0.0656585693359375,-1.401176589
N101W,-1.6735706329345703,-1.67486231
N101A,-0.38631486892700195,-0.919437274
N101C,-0.38073158264160156,-1.364471931
N101D,-0.09822964668273926,0.57201925
N101E,-0.08884811401367188,-0.884938515
N101F,-0.3816373348236084,-0.098526208
N101G,-0.10879659652709961,0.069673037
N101H,-1.092759132385254,-1.474716131
N101Y,-0.3947000503540039,-1.537039188
N101I,-0.023711442947387695,-1.05241948
N101M,-1.75136137008667,-1.244554593
N101P,-0.4347672462463379,-2.594741987
N101Q,-0.7363510131835938,-1.135726391
N101R,-0.5940914154052734,-0.6077276189999999
N101S,0.2918283939361572,-0.81290564
N101T,-0.06994342803955078,-1.5664277569999998
N101V,-0.08239865303039551,-1.47343608
N101L,0.18149852752685547,-0.653690601
S102Y,-0.5507388114929199,-1.520507097
S102I,-0.36949777603149414,-2.654512412
S102T,-0.4436757564544678,-0.341934674
S102V,-0.4693436622619629,-0.40943379
S102Q,-0.9842805862426758,0.270489166
S102P,-0.37176990509033203,-0.181060808
S102N,-0.23161578178405762,-0.220058091
S102M,-1.647028923034668,-2.086566827
S102L,-0.17540550231933594,-3.768990305
S102K,-0.285811185836792,-3.395795949
S102H,-1.388289213180542,-2.814337816
S102G,0.09530949592590332,-0.245888922
S102F,-0.6526877880096436,-1.73864361
S102E,-0.43645668029785156,-2.042743056
S102D,-0.25717830657958984,-2.510407422
S102C,-0.5463473796844482,-1.323157764
S102A,-0.5268528461456299,-0.783856882
S102W,-1.6958446502685547,-1.89912381
S102R,-0.8165431022644043,-2.788992143
E103D,-0.2467026710510254,-0.7603343029999999
E103Y,-0.4720039367675781,-1.7106591130000002
E103W,-1.4154939651489258,-1.6276978219999998
E103V,-0.043012142181396484,-0.625203476
E103T,0.49599194526672363,-0.899383294
E103S,0.5289208889007568,-1.45894411
E103R,-0.5437612533569336,-1.644855484
E103Q,-0.628779411315918,-0.590014122
E103F,-0.4127216339111328,-1.661809535
E103P,-0.1833043098449707,-0.7714179959999999
E103M,-1.5440587997436523,-1.282967394
E103L,0.02732372283935547,-1.231263897
E103K,0.054902076721191406,-1.451072463
E103I,-0.023583650588989258,-0.384262585
E103H,-1.122143268585205,-0.846823379
E103A,-0.3094749450683594,-1.194039295
E103G,0.011201620101928711,-1.304287744
E103N,-0.021795034408569336,-0.917953443
E103C,-0.8551609516143799,-1.551878864
N104T,-0.2743382453918457,-1.095527669
N104V,-0.49341845512390137,-0.205005245
N104Y,-0.39623212814331055,-0.00483819
N104A,-0.7082457542419434,-0.602449225
N104W,-1.7786922454833984,0.247446185
N104S,-0.016269207000732422,-0.712921475
N104R,-0.6332614421844482,-1.423833696
N104Q,-0.9426302909851074,-0.256537057
N104M,-1.8357582092285156,-1.108959586
N104L,-0.19234228134155273,-0.453245331
N104K,-0.19263958930969238,-0.959674517
N104P,-0.7165040969848633,-3.151091183
N104H,-1.082324504852295,0.76713973
N104G,-0.24550509452819824,-1.806998443
N104F,-0.6383175849914551,0.411976541
N104E,-0.4336543083190918,0.520027345
N104D,-0.1988363265991211,-1.403237763
N104C,-1.3086135387420654,-0.572934296
N104I,-0.3208003044128418,-0.238872251
G105K,-0.02573394775390625,-2.240506685
G105C,-1.0584607124328613,-3.161188525
G105D,-0.4460775852203369,-2.659316686
G105E,-0.2746899127960205,-2.560061983
G105F,-0.2611236572265625,-3.052192633
G105H,-1.0453033447265625,-2.726206442
G105I,0.2076122760772705,-4.070512092
G105L,0.19885683059692383,-4.205017603
G105T,-0.12020635604858398,-3.719416336
G105N,-0.25134897232055664,-2.691254412
G105P,-0.20173168182373047,-3.1698725810000004
G105Q,-0.7372803688049316,-3.5820702630000003
G105R,-0.3927457332611084,-2.670099418
G105S,0.11798596382141113,-1.860961473
G105Y,-0.1847832202911377,-2.67011578
G105V,0.11312270164489746,-2.78215887
G105W,-1.360672950744629,-2.528548
G105M,-1.4046826362609863,-2.845261386
G105A,-0.2812778949737549,-1.775289937
A106C,-0.811687707901001,-1.311510121
A106R,0.24971270561218262,-3.747768413
A106Y,0.6257493495941162,-1.699335245
A106W,-0.7144262790679932,-2.223012819
A106V,0.6282799243927002,-0.1756304719999999
A106T,1.2559185028076172,-1.913627189
A106S,0.982372522354126,-0.657064458
A106Q,-0.017435312271118164,-1.242711128
A106P,-0.11863350868225098,0.126149543
A106M,-0.9295895099639893,-1.846043958
A106N,0.30542826652526855,-1.5870642030000002
A106K,0.7635054588317871,-2.765948362
A106I,0.8340616226196289,-2.215736102
A106H,-0.3134791851043701,-2.390756457
A106G,0.14705204963684082,-2.534588002
A106F,0.4510948657989502,-1.201166009
A106E,0.24774980545043945,-0.676200073
A106D,0.11018490791320801,-2.319094574
A106L,0.7211904525756836,-0.520960753
C107R,0.030827760696411133,-3.589337238
C107Q,-0.3848590850830078,-3.796342577
C107S,0.5424926280975342,-3.1408190639999995
C107A,0.1666126251220703,-3.493104122
C107V,0.8534915447235107,-4.0644274010000006
C107W,-0.4899420738220215,-2.449043512
C107P,0.16282200813293457,-4.028278366
C107T,0.3020057678222656,-3.612761033
C107D,-0.02982616424560547,-3.694689634
C107E,-0.003657817840576172,-3.7638536
C107M,-0.8690090179443359,-2.310598292
C107L,1.0837392807006836,-4.272006204
C107K,0.3966100215911865,-3.28396328
C107I,1.0687520503997803,-3.561664117
C107H,-0.4989042282104492,-3.627790504
C107G,0.177809476852417,-4.01467616
C107F,0.667637825012207,-3.346219379
C107N,0.16200876235961914,-3.569889525
C107Y,0.6491661071777344,-2.596496916
Y108V,0.2911865711212158,-2.9243797330000003
Y108C,-0.9656004905700684,-3.090656571
Y108T,-0.0484774112701416,-3.030788587
Y108S,0.3266899585723877,-3.45165692
Y108R,-0.15062952041625977,-3.792506114
Y108Q,-0.4020099639892578,-3.252736249
Y108P,-0.016675949096679688,-3.757780982
Y108N,-0.09626483917236328,-3.003751507
Y108A,-0.3279109001159668,-3.226086764
Y108M,-1.384798288345337,-2.7317279180000003
Y108K,0.3490438461303711,-3.685015871
Y108H,-0.7066218852996826,-2.901734889
Y108G,-0.21230077743530273,-3.560712408
Y108F,-0.033788442611694336,-1.933338879
Y108E,-0.38437557220458984,-3.662530471
Y108D,-0.48110246658325195,-3.385445405
Y108L,0.5852200984954834,-3.266630797
Y108I,0.5284829139709473,-3.022998945
Y108W,-1.4685962200164795,-2.333669876
P109C,-0.6966068744659424,-3.570835749
P109A,0.1846611499786377,-3.373181784
P109Y,0.4815700054168701,-3.170758043
P109W,-0.9773726463317871,-2.479332585
P109V,0.586881160736084,-2.2594904
P109T,0.34960460662841797,-3.1706691780000003
P109S,0.8884336948394775,-3.410652122
P109R,0.2348017692565918,-3.629832381
P109Q,-0.16843914985656738,-3.178161472
P109N,0.4872145652770996,-3.617207555
P109I,0.5551834106445312,-3.850805003
P109L,0.6648988723754883,-2.544936119
P109K,0.41406846046447754,-3.713228258
P109H,-0.32340264320373535,-3.252956725
P109G,0.2729458808898926,-3.862306867
P109F,0.42061591148376465,-3.742944899
P109E,0.2704629898071289,-3.182391055
P109D,0.4301283359527588,-3.535687608
P109M,-1.0077238082885742,-3.340288507
G110D,0.153944730758667,-3.509209901
G110E,0.11564898490905762,-2.094237082
G110F,-0.1899242401123047,-2.940879723
G110H,-0.881932258605957,-3.913401119
G110I,0.30385732650756836,-3.694533705
G110K,0.3199737071990967,-3.335446944
G110L,0.4929313659667969,-4.55888223
G110M,-1.074160099029541,-2.3186971990000003
G110R,-0.2167372703552246,-2.8183258330000003
G110P,-0.3852071762084961,-3.619155744
G110Q,-0.4996795654296875,-3.604917012
G110S,0.5498223304748535,-3.485089176
G110T,0.14668536186218262,-3.54044241
G110V,0.3603963851928711,-2.647498634
G110W,-1.7296929359436035,-2.5674471530000003
G110C,-1.3953018188476562,-2.77577461
G110N,0.12616491317749023,-3.654154698
G110Y,-0.15383148193359375,-3.020581309
G110A,-0.010204792022705078,-3.660168462
D111M,-1.118039846420288,-1.432326854
D111Y,0.1290132999420166,-1.110720047
D111W,-1.3940718173980713,-1.989322766
D111V,0.039932966232299805,-0.955062591
D111T,0.2804720401763916,-1.137448768
D111S,0.5148749351501465,-1.101830968
D111Q,-0.12512803077697754,-1.4073288380000002
D111P,-0.30923986434936523,-0.826055164
D111N,0.16219735145568848,-0.8708026320000001
D111R,-0.029835939407348633,-1.870007411
D111K,0.45673394203186035,-1.549717969
D111L,0.1290438175201416,-0.992368083
D111C,-0.9452307224273682,-1.906901541
D111E,0.292797327041626,-0.397411134
D111F,-0.21403121948242188,-1.777976959
D111A,-0.17563843727111816,-0.575671659
D111H,-0.5397260189056396,-1.670079777
D111I,0.0012996196746826172,-1.267608577
D111G,0.13049912452697754,-0.962700667
L112I,-0.000362396240234375,-0.391496492
L112A,-0.46837830543518066,-4.0577077610000005
L112C,-0.963681697845459,-3.031713033
L112D,-0.28328895568847656,-3.033790944
L112E,-0.18098735809326172,-3.3389292530000003
L112F,-0.3610215187072754,-1.23386234
L112G,-0.21575689315795898,-4.13749585
L112H,-1.0838871002197266,-2.237752444
L112K,-0.05991411209106445,-3.482601683
L112M,-1.512282371520996,-1.335141835
L112N,-0.3130757808685303,-3.093105346
L112W,-1.389758586883545,-0.994223517
L112V,-0.008328676223754883,-0.908116999
L112T,-0.14248251914978027,-1.723176323
L112Y,-0.2693018913269043,-3.535681341
L112R,-0.41644287109375,-3.624749253
L112Q,-0.893195629119873,-3.158740729
L112P,-0.35460996627807617,-3.417445354
L112S,0.09880805015563965,-3.399871951
I113M,-1.5458447933197021,-0.093514399
I113V,-0.12248539924621582,-0.8832330759999999
I113T,-0.5381643772125244,0.193842592
I113S,-0.20039892196655273,0.354564837
I113Q,-1.2429349422454834,0.034848168
I113P,-0.25166940689086914,-3.307998903
I113N,-0.6041271686553955,-0.113789443
I113L,-0.044526100158691406,-0.345833311
I113F,-0.4909017086029053,0.005592522
I113H,-1.4219841957092285,0.398190539
I113G,-1.0029113292694092,-0.0850793369999999
I113W,-2.0895144939422607,-0.766595403
I113E,-0.6735069751739502,-0.8115627459999999
I113D,-0.7675759792327881,-0.346252325
I113C,-1.1749191284179688,-0.287610997
I113A,-0.8888373374938965,0.718261053
I113K,-0.258120059967041,-0.497231685
I113Y,-0.4335339069366455,-0.131238986
I113R,-0.9342765808105469,-0.954968976
D114T,1.5299569368362427,-3.412672896
D114V,-0.2705402374267578,-3.918617146
D114A,-0.3019747734069824,-0.682184262
D114C,-1.0117177963256836,-2.824597523
D114E,-0.34604501724243164,-0.920399186
D114F,-0.45540332794189453,-2.234772665
D114G,-0.10060739517211914,-2.559603056
D114H,-0.8543701171875,-1.177482354
D114I,-0.30712890625,-3.968614428
D114K,0.1965169906616211,-3.3149961789999995
D114W,-1.7763705253601074,-2.28556077
D114L,0.11245560646057129,-1.161717833
D114M,-1.672220230102539,-1.440107148
D114N,0.5447268486022949,-1.313233958
D114P,0.3289961814880371,-3.23576422
D114Q,-0.7165417671203613,-1.18318339
D114R,-0.18532347679138184,-3.731915031
D114S,1.5209128856658936,-1.237377547
D114Y,-0.4698762893676758,-2.01260648
Y115D,-0.018189191818237305,-2.575859983
Y115E,0.30690526962280273,-2.953438212
Y115F,0.11402106285095215,-1.413042365
Y115G,-0.22533869743347168,-1.6858761780000002
Y115H,-1.0793285369873047,-2.238159814
Y115I,0.5133395195007324,-0.361271426
Y115K,-0.13718056678771973,-2.975131474
Y115L,0.8306705951690674,-0.869449343
Y115Q,-0.7212870121002197,-1.394531108
Y115N,-0.1411449909210205,-1.908780215
Y115P,-0.003915309906005859,-1.662226234
Y115R,-0.457749605178833,-2.664432007
Y115S,0.3825037479400635,-0.584017188
Y115T,0.1293025016784668,-1.31525622
Y115V,0.47879958152770996,-1.892666452
Y115C,-0.6335458755493164,-2.167786789
Y115M,-0.7929511070251465,-1.214902905
Y115W,-1.2036762237548828,-2.384834199
Y115A,0.051619529724121094,-1.426908562
E116Y,-0.9175262451171875,-2.493324578
E116D,0.25049757957458496,-2.623108369
E116F,-0.9778811931610107,-2.073732847
E116G,-0.448488712310791,-1.79502008
E116H,-1.1263132095336914,-1.879129904
E116I,-0.6559004783630371,-3.801632598
E116K,0.046546220779418945,-2.591235379
E116L,-0.5113787651062012,-3.39032036
E116N,0.2609846591949463,-3.689832326
E116P,-0.09645795822143555,-1.123770447
E116Q,-0.5078654289245605,-0.7390743390000001
E116R,-0.6905145645141602,-3.900903987
E116S,0.5892069339752197,-2.748663465
E116T,0.04657936096191406,-3.737500562
E116V,-0.4624767303466797,-2.619021487
E116W,-2.3645782470703125,-2.723464564
E116C,-1.697911262512207,-2.645133132
E116A,-0.316112756729126,-1.118426798
E116M,-2.002711296081543,-2.506824779
E117A,-0.015540599822998047,-3.234964836
E117F,-0.443727970123291,-3.036014102
E117G,-0.24503612518310547,-3.035272322
E117H,-0.7549779415130615,-3.117835635
E117I,-0.09879112243652344,-2.698200974
E117K,0.7716844081878662,-2.266797823
E117L,0.2413630485534668,-4.1986293
E117D,-0.43114566802978516,-2.760227217
E117M,-1.326035976409912,-2.505144477
E117P,-0.26328420639038086,-3.204995064
E117Q,-0.12970972061157227,-3.147796736
E117R,-0.20718145370483398,-3.902686667
E117S,0.4531979560852051,-3.445424799
E117T,0.34186458587646484,-2.332499274
E117V,-0.06494879722595215,-3.646183992
E117N,-0.07318449020385742,-3.015084035
E117C,-1.3725180625915527,-3.611839804
E117Y,-0.20615363121032715,-3.65034326
E117W,-1.0355043411254883,-2.32726668
L118V,-0.8811984062194824,-3.144088883
L118T,-1.7177064418792725,-3.831361649
L118S,-1.780012845993042,-4.511149492
L118R,-2.38666033744812,-4.141836328
L118Q,-2.634377956390381,-2.6580648680000003
L118P,-2.7880539894104004,-3.208744528
L118N,-2.0651683807373047,-3.748415127
L118C,-1.4656777381896973,-3.613935572
L118Y,-1.4819927215576172,-3.204423493
L118K,-2.145934581756592,-3.795193451
L118I,-0.5209159851074219,-2.355106915
L118H,-2.769996166229248,-4.232962308
L118G,-2.08423113822937,-4.166814723
L118F,-0.9319891929626465,-2.869585275
L118E,-2.2938578128814697,-3.801008423
L118D,-2.446251153945923,-3.132835117
L118M,-1.8749113082885742,-2.3642900730000003
L118W,-2.3922386169433594,-3.27579235
L118A,-0.9579222202301025,-3.812880751
R119A,-0.25687503814697266,-2.863474784
R119W,-2.1545820236206055,-1.520489134
R119V,-0.17246270179748535,-1.76822758
R119T,-0.28302860260009766,-1.83111209
R119S,0.17361140251159668,-3.053199217
R119Q,-0.24201059341430664,-3.121301211
R119P,-0.15103483200073242,-3.703861365
R119N,-0.029514074325561523,-2.403122735
R119Y,-0.5178360939025879,-0.454072458
R119M,-1.2477045059204102,-2.157140633
R119K,0.6488983631134033,-1.3914860690000002
R119I,-0.13245153427124023,-1.394604109
R119H,-0.9960496425628662,-0.691937715
R119G,-0.6962556838989258,-3.0459118760000004
R119F,-0.7176399230957031,-0.943522149
R119E,0.010847091674804688,-3.0126304860000004
R119D,-0.47890424728393555,-3.554022928
R119L,0.10410952568054199,-1.977640909
R119C,-1.1324341297149658,-2.089101086
E120Y,-0.828010082244873,-2.715349689
E120D,-0.18738818168640137,-2.50998303
E120W,-2.268184185028076,-2.482217395
E120V,-0.43959498405456543,-3.51357358
E120T,0.06772089004516602,-3.593736594
E120S,0.7923121452331543,-2.790966672
E120R,0.1111445426940918,-3.083868278
E120Q,0.014006614685058594,-2.986656097
E120P,-0.7538723945617676,-4.227864933
E120N,0.45279717445373535,-2.735201944
E120M,-1.6164541244506836,-2.587161156
E120L,0.07841730117797852,-3.549831676
E120K,0.8969630002975464,-1.76051866
E120I,-0.1980113983154297,-3.415933464
E120H,-0.9075074195861816,-2.775026535
E120G,-0.4553709030151367,-3.025552977
E120F,-0.765906810760498,-2.874888996
E120C,-1.4434747695922852,-3.013021761
E120A,-0.21234369277954102,-2.855547794
Q121A,0.4012589454650879,-2.620214467
Q121K,1.1263736486434937,-2.391066602
Q121V,0.13012051582336426,-2.897408005
Q121T,0.21967339515686035,-2.153727947
Q121S,0.5641260147094727,-2.09239835
Q121R,0.4628176689147949,-1.360316232
Q121P,-0.9888515472412109,-4.0373475060000015
Q121N,0.26738929748535156,-2.626842624
Q121M,-1.0062456130981445,-2.492880924
Q121Y,0.18880414962768555,-1.983814021
Q121L,0.41532158851623535,-2.75998516
Q121I,0.23456478118896484,-2.82212861
Q121H,-0.14645814895629883,-1.077773128
Q121G,-0.28707146644592285,-3.301606598
Q121F,-0.13085269927978516,-2.58820231
Q121E,0.17652344703674316,-2.723068472
Q121D,-0.23171663284301758,-2.771004707
Q121C,-0.8692154884338379,-2.782918942
Q121W,-1.344271183013916,-2.262989221
L122W,-2.3364639282226562,-2.7675697230000003
L122V,-1.037298321723938,-2.198613762
L122C,-1.0211836099624634,-3.443310265
L122A,-1.3116837739944458,-3.337119579
L122T,-1.6347166299819946,-3.548184133
L122S,-1.1945959329605103,-2.018760666
L122R,-2.098507881164551,-4.053339124
L122Q,-2.431804656982422,-3.082821804
L122P,-2.0395421981811523,-3.793116434
L122N,-1.065935730934143,-3.634412068
L122M,-2.0822181701660156,-2.40164488
L122K,-1.8723064661026,-3.188262484
L122I,-0.5520564317703247,-0.966443708
L122H,-2.2414283752441406,-3.120010005
L122G,-1.5183135271072388,-4.479447732
L122F,-0.6000474691390991,-2.534815587
L122E,-2.2942776679992676,-3.329277755
L122D,-1.970971703529358,-2.9643275260000004
L122Y,-0.9101842641830444,-3.479015893
S123A,-0.820253849029541,-0.738969778
S123C,-2.02860689163208,-0.637295817
S123D,-0.7828428745269775,-2.062536276
S123E,-0.49828481674194336,-1.036546352
S123F,-1.5118038654327393,-0.550831142
S123G,-0.5156168937683105,0.24197709
S123H,-1.5222575664520264,-1.042560345
S123I,-0.9878392219543457,-0.8448144890000001
S123N,-0.3577122688293457,-0.512092275
S123L,-0.49180126190185547,-1.299534987
S123M,-2.2431836128234863,-0.8591723920000001
S123P,-0.10579609870910645,-2.890651512
S123Q,-0.7963125705718994,-0.799081113
S123R,-0.7929472923278809,-1.280760566
S123V,-1.1265687942504883,-1.227895867
S123Y,-1.5182898044586182,-1.038281257
S123K,0.026538372039794922,-1.4515550819999998
S123T,-0.8638789653778076,-0.280029446
S123W,-2.962665557861328,-1.882156163
S124A,-1.1545689105987549,-0.483795498
S124Y,-1.5750517845153809,-0.953155344
S124W,-2.8746023178100586,-2.195030724
S124V,-1.3567309379577637,-0.8659031309999999
S124T,-0.7224225997924805,-1.195506469
S124C,-2.2309608459472656,-2.283156085
S124Q,-1.0679247379302979,-0.443841318
S124P,-1.3908257484436035,-2.744667577
S124N,0.2575557231903076,-2.034563027
S124R,-0.9240503311157227,-1.336985349
S124L,-0.8302958011627197,-0.8600653359999999
S124K,-0.10460925102233887,-2.640462774
S124I,-1.3085932731628418,-0.973635445
S124H,-1.6484193801879883,-1.989265754
S124G,-0.6648054122924805,-0.504429873
S124F,-1.5682406425476074,-1.085822395
S124E,-0.9584493637084961,-0.593686421
S124D,-0.7460007667541504,-1.1666271540000002
S124M,-2.4586992263793945,-1.087017653
V125K,0.07022643089294434,-2.910819951
V125I,0.27760791778564453,0.026537886
V125H,-0.8304777145385742,-3.157521389
V125D,0.055008888244628906,-3.121433498
V125F,-0.22940564155578613,-1.469603861
V125E,-0.36859869956970215,-2.860379794
V125G,0.11950111389160156,-3.16425322
V125L,0.5132691860198975,-1.264636502
V125Y,-0.26864147186279297,-2.425007395
V125P,-0.3082413673400879,-3.899641301
V125Q,-0.7470765113830566,-3.168529554
V125R,-0.4855000972747803,-3.662352408
V125S,0.7665035724639893,-1.376550917
V125T,0.015426158905029297,0.004664239
V125W,-1.721390724182129,-2.248000694
V125C,-0.570059061050415,-1.33261681
V125M,-1.4003949165344238,-1.483511587
V125A,-0.22937655448913574,-0.351708439
V125N,1.030138611793518,-2.946503845
S126E,-0.5644116401672363,-0.336660116
S126A,-1.0166206359863281,-0.953709012
S126Y,-1.1743640899658203,-0.5324025720000001
S126W,-2.7958717346191406,-1.226166155
S126C,-1.6644439697265625,-2.128250029
S126D,-0.5770852565765381,-0.203172013
S126V,-0.9360260963439941,-0.518292369
S126F,-1.2631075382232666,-0.369044121
S126G,-0.6209156513214111,-0.595688015
S126H,-1.6212096214294434,-1.74507256
S126K,-0.21479129791259766,-0.600091845
S126L,-0.836540937423706,0.114661487
S126M,-2.556065082550049,-1.013437051
S126N,-0.5346074104309082,-0.914998342
S126P,-0.5133521556854248,-2.053352604
S126Q,-1.1664483547210693,-0.27205304
S126R,-1.1736011505126953,-0.398522417
S126T,-0.428802490234375,0.152308307
S126I,-1.0124645233154297,0.091038571
S127R,-0.998037576675415,-0.457693393
S127Q,-1.138016939163208,0.344647895
S127T,-0.6497750282287598,-0.43646186
S127Y,-1.257244348526001,-0.877086811
S127W,-2.3790459632873535,-1.812948312
S127A,-1.1428589820861816,-0.543209241
S127V,-0.8393633365631104,-0.628229356
S127N,-0.2553408145904541,-1.129311405
S127P,-0.9089577198028564,-2.3951597980000003
S127L,-0.6564536094665527,-0.60405227
S127M,-2.335259437561035,-1.163544772
S127C,-1.706120491027832,-2.156625999
S127E,-0.6466517448425293,-0.272905023
S127F,-1.1772212982177734,-0.8524087020000001
S127D,-0.5474276542663574,-0.135845999
S127H,-1.349219799041748,-1.279806108
S127I,-0.9063811302185059,-2.225457706
S127K,-0.3479492664337158,-0.152949452
S127G,-0.13907980918884277,-0.7068682690000001
L128C,-0.9544353485107422,-2.553778568
L128D,-0.38729429244995117,-2.827220188
L128K,-0.23963308334350586,-2.43939888
L128E,-0.5119428634643555,-3.199268178
L128F,-0.44965696334838867,-1.092500003
L128G,-0.2088944911956787,-1.779040838
L128H,-1.567512035369873,-1.796498027
L128I,0.03267669677734375,-0.5558800420000001
L128M,-1.6682133674621582,-0.251431137
L128S,0.12351012229919434,-1.455777158
L128P,-0.6097450256347656,-3.361141645
L128Q,-1.1982252597808838,-2.304447235
L128R,-0.955425500869751,-3.807853981
L128T,-0.4252898693084717,-0.8026325470000001
L128A,-0.6766142845153809,-0.335615146
L128V,-0.05792737007141113,-0.990611096
L128W,-1.8571209907531738,-0.618939463
L128Y,-0.7771737575531006,-1.679240356
L128N,-0.24848628044128418,-3.603917222
E129Y,-0.17034196853637695,-2.211368114
E129K,0.26465678215026855,-1.887239286
E129V,0.07104110717773438,-1.672465914
E129W,-1.553112268447876,-2.8034311460000003
E129A,-0.27051424980163574,-2.2806450380000003
E129C,-0.9710979461669922,-3.253031034
E129D,-0.12089085578918457,-1.075288994
E129F,-0.5061078071594238,-3.252826179
E129H,-0.730053186416626,-1.411842375
E129I,-0.16825413703918457,-2.139286877
E129G,-0.027356863021850586,-3.0725416780000003
E129M,-1.5923631191253662,-1.332151569
E129N,-0.13998889923095703,-2.3997195380000003
E129P,-0.16076016426086426,-3.2161300280000003
E129Q,-0.3977522850036621,-2.666677549
E129R,-0.38286519050598145,-3.386396758
E129S,0.36709165573120117,-1.6375152309999998
E129T,0.03758525848388672,-1.455524857
E129L,0.09251856803894043,-2.529472615
R130D,0.6438906192779541,-2.889572242
R130K,0.6723356246948242,-1.718339706
R130E,0.5506815910339355,-2.927592122
R130F,-0.13216900825500488,-3.096001354
R130G,0.4447660446166992,-2.736635742
R130H,-0.3308401107788086,-2.94292711
R130I,0.17989444732666016,-2.588311299
R130L,0.44003963470458984,-3.619674725
R130W,-1.276789665222168,-2.841973503
R130N,0.6808996200561523,-3.173450769
R130P,-0.2895231246948242,-2.7165541930000003
R130Q,-0.04517865180969238,-3.215272903
R130S,0.9096603393554688,-3.58661984
R130T,0.4117012023925781,-3.065010397
R130V,0.3091874122619629,-3.343039845
R130Y,-0.012281656265258789,-3.33031679
R130A,-0.05854296684265137,-3.419025134
R130M,-1.071535587310791,-2.534953208
R130C,-0.7246429920196533,-2.879750617
F131V,0.4549732208251953,-2.370035871
F131W,-1.6268126964569092,-2.297708338
F131K,-0.8549196720123291,-2.8881845210000003
F131T,-0.8150680065155029,-3.082605247
F131S,-0.6970760822296143,-2.830167705
F131R,-1.1430959701538086,-3.641886371000001
F131Q,-1.6162831783294678,-2.947226875
F131P,-1.244507074356079,-3.172594681
F131M,-1.303997278213501,-2.562523549
F131L,0.48411834239959717,-2.607523566
F131I,0.5063862800598145,-1.93079015
F131N,-1.1437478065490723,-3.086619638
F131Y,-0.5347843170166016,-1.554032419
F131G,-1.0230176448822021,-2.806814371
F131E,-1.2176673412322998,-2.887641989
F131D,-1.3350117206573486,-2.7380946
F131C,-0.8512189388275146,-2.95463017
F131A,-0.763530969619751,-3.096502138
F131H,-1.7167022228240967,-2.910447149
E132H,-0.7367544174194336,-2.932187841
E132G,-0.2415485382080078,-2.906282656
E132F,-0.33823227882385254,-2.804709223
E132D,-0.22855567932128906,-1.997565934
E132W,-1.5148096084594727,-2.297321733
E132A,-0.19750261306762695,-1.6151674619999998
E132Y,-0.13629961013793945,-2.749957883
E132I,-0.1661672592163086,-2.6394350980000003
E132C,-0.7876513004302979,-2.296840751
E132K,0.06621789932250977,-1.779460882
E132V,0.02989029884338379,-1.702201551
E132M,-1.3985328674316406,-2.334240931
E132N,-0.21738529205322266,-2.049833582
E132P,-0.5323894023895264,-1.000007624
E132Q,-0.5235342979431152,-1.86051854
E132R,-0.31061887741088867,-3.169762505
E132S,0.2765336036682129,-2.400956077
E132T,0.08796358108520508,-2.100848392
E132L,0.006747245788574219,-2.34873027
I133Y,-0.44686245918273926,-2.388599715
I133W,-1.6212458610534668,-2.143014256
I133V,-0.05660295486450195,-1.988430188
I133T,-0.644439697265625,-2.7416389260000003
I133S,-0.257718563079834,-3.445058791
I133R,-0.8550243377685547,-3.166728313
I133Q,-1.072127342224121,-2.996607905
I133P,-0.9391946792602539,-3.298170664
I133N,-0.5214886665344238,-2.268468534
I133L,0.16878676414489746,-0.915615074
I133K,-0.363908052444458,-2.46927117
I133H,-1.3295087814331055,-2.838657266
I133G,-0.7474102973937988,-3.13719916
I133F,-0.382035493850708,-1.91224264
I133E,-0.6092171669006348,-2.619760402
I133A,-0.7665364742279053,-1.704124267
I133C,-0.663034200668335,-2.219116093
I133M,-1.5594327449798584,-0.934186651
I133D,-0.7074496746063232,-2.578814305
F134K,0.23615074157714844,-2.841924439
F134I,0.5758109092712402,-2.71312386
F134H,-0.6708626747131348,-3.250553962
F134A,-0.2678830623626709,-3.04304337
F134E,-0.22420859336853027,-3.195457895
F134D,-0.10888314247131348,-2.616228417
F134C,0.05427956581115723,-2.5409962000000004
F134G,-0.47360873222351074,-4.01911258
F134L,0.728236198425293,-2.985526599
F134R,-0.285874605178833,-3.871401386
F134N,-0.04515361785888672,-3.360262104
F134M,-1.0964648723602295,-1.4395894530000002
F134W,-1.1672050952911377,-2.63836044
F134V,0.46376800537109375,-3.252252714
F134Y,0.0898427963256836,-1.778708963
F134S,0.2907242774963379,-3.16774022
F134Q,-0.48914456367492676,-3.416401777
F134P,-0.3343844413757324,-4.080215727
F134T,0.21375632286071777,-3.5808900830000003
P135C,-0.008311271667480469,-2.834652992
P135I,0.21264076232910156,-2.694220296
P135D,-0.01574540138244629,0.5469217679999999
P135E,0.12305212020874023,-0.468033698
P135F,-0.026334762573242188,-1.969125411
P135G,0.17464923858642578,-1.6731055730000002
P135H,-0.6688065528869629,-1.97302785
P135K,0.2203388214111328,-0.578026254
P135R,-0.26662206649780273,-1.703989066
P135M,-0.8278112411499023,-2.666586055
P135N,-0.015157222747802734,-0.477038886
P135Q,-0.40267324447631836,-0.992472083
P135S,0.6362354755401611,-0.6958612259999999
P135T,0.305417537689209,-1.7702957519999998
P135V,0.4295470714569092,-2.1110723730000003
P135Y,0.057688236236572266,-1.987733013
P135W,-0.9445490837097168,-2.423856322
P135L,0.6594653129577637,-3.030424904
P135A,0.24036002159118652,-1.2311681490000002
K136C,-0.36039137840270996,-1.621039311
K136A,-0.37232136726379395,-0.451989483
K136D,0.00756072998046875,-0.655644664
K136Y,-0.4246490001678467,-0.28646389
K136W,-1.6175258159637451,-0.791131272
K136V,-0.12804961204528809,-0.252833914
K136T,-0.0928795337677002,-0.603222174
K136R,-0.475017786026001,-1.204531737
K136Q,-0.8453218936920166,-0.823197737
K136P,-0.3037374019622803,-0.87595776
K136S,0.3329813480377197,-0.556599163
K136M,-1.4331157207489014,-1.123226349
K136L,0.04813694953918457,-0.283205412
K136I,-0.1949141025543213,-1.658398302
K136H,-0.9679362773895264,-1.554493727
K136G,-0.05483698844909668,-0.935096004
K136F,-0.4457230567932129,0.293266315
K136E,-0.2313077449798584,-0.542115745
K136N,-0.005198001861572266,-2.133912814
E137S,0.5767478942871094,-0.741254179
E137A,-0.32136988639831543,-0.32322241
E137C,-0.43869733810424805,-4.038250679
E137Y,-0.27024364471435547,-2.083603825
E137W,-1.505505084991455,-1.882744566
E137V,-0.22303342819213867,-1.362247924
E137T,0.11297106742858887,-0.928475337
E137R,-0.4671010971069336,-3.971465703
E137G,0.28717708587646484,-1.170077182
E137P,0.021111488342285156,-2.120108165
E137N,0.463437557220459,-0.544717023
E137M,-1.6182656288146973,-1.387467782
E137L,0.13651108741760254,-1.558304563
E137K,-0.08780479431152344,-2.83658597
E137I,-0.11113476753234863,-1.652575313
E137H,-0.794076681137085,-1.4428238880000002
E137Q,-0.5579442977905273,-2.001387511
E137F,-0.43431615829467773,-1.917843803
E137D,0.3004288673400879,-0.315036296
S138I,-0.22451305389404297,0.130954761
S138T,-0.3630847930908203,-0.610035089
S138R,-1.0176162719726562,-0.94953307
S138Q,-1.0778932571411133,-0.413638121
S138P,-0.9451489448547363,-1.118705058
S138N,-0.31401753425598145,0.783055559
S138M,-1.80322265625,-0.220260786
S138L,-0.2721550464630127,-0.173623706
S138K,-0.26633358001708984,-1.47044502
S138V,-0.5168733596801758,-0.67004654
S138W,-1.8050012588500977,-0.551935839
S138H,-1.2353689670562744,-0.806632728
S138G,-0.2880516052246094,0.464358389
S138F,-0.5252246856689453,-0.7095711570000001
S138E,-0.542952299118042,-0.167806192
S138D,-0.6166591644287109,-0.953808526
S138C,-0.834439754486084,-2.433939444
S138A,-0.8148670196533203,-0.062673004
S138Y,-0.5079104900360107,-0.09997259
S139A,-0.7770059108734131,0.95935628
S139K,-0.2060682773590088,-1.3515886469999998
S139T,-0.33008742332458496,0.106296777
S139V,-0.4195582866668701,-0.269025568
S139W,-1.6867308616638184,0.544496095
S139P,-0.6843690872192383,-3.492465772
S139N,-0.262967586517334,-0.904735074
S139M,-1.841867446899414,-0.6095336579999999
S139L,-0.03746986389160156,-2.005732241
S139I,-0.2534787654876709,-1.313799895
S139H,-1.164543628692627,-0.96556573
S139G,-0.41620635986328125,-0.795566808
S139F,-0.47507143020629883,-0.8447203120000001
S139Y,-0.5410163402557373,-1.105061692
S139E,-0.5189275741577148,-2.815150965
S139D,-0.43604040145874023,-2.758116816
S139C,-0.7619924545288086,-1.888003167
S139Q,-0.8594527244567871,-0.271265357
S139R,-0.7496120929718018,-1.669215406
W140G,1.2061305046081543,-3.167560947
W140I,1.8015289306640625,-3.96299517
W140C,1.1872358322143555,-2.5824424980000003
W140D,1.7380728721618652,-3.828953168
W140Y,1.4426369667053223,-1.336767787
W140V,1.4454312324523926,-3.50920316
W140T,1.5753440856933594,-3.794662139
W140S,2.057870864868164,-4.44282252
W140R,1.0446867942810059,-3.872998561
W140Q,1.0567693710327148,-3.801811123
W140N,1.9562397003173828,-3.972827485
W140M,0.056647300720214844,-2.288713029
W140L,2.0437092781066895,-3.277091513
W140K,1.6465802192687988,-3.838544397
W140H,0.9355781078338623,-2.847337743
W140P,1.0561060905456543,-4.657411598
W140E,1.2254962921142578,-3.657861042
W140A,1.1037745475769043,-3.698070853
W140F,1.5613088607788086,-1.022391741
P141F,0.45354652404785156,-2.019228456
P141Y,0.5308010578155518,-2.519458193
P141W,-0.47179627418518066,-2.898914607
P141V,0.7081284523010254,-1.5550640880000002
P141T,0.7057194709777832,-1.160307307
P141S,0.9761457443237305,-1.178570288
P141R,0.4866795539855957,-1.635290141
P141E,0.5769624710083008,-0.818673122
P141Q,0.26874828338623047,-0.556832984
P141M,-0.6892428398132324,-0.8429874909999999
P141L,0.8323812484741211,-1.713111575
P141K,1.0646047592163086,-2.317201029
P141I,0.7714171409606934,-1.574805439
P141A,0.29462528228759766,-1.858362236
P141C,-0.07543087005615234,-1.775574328
P141H,-0.07276773452758789,-2.97484023
P141G,0.7160599231719971,-1.519311445
P141N,0.7009487152099609,-1.815595057
P141D,0.31047916412353516,-2.063805693
N142W,-1.9442706108093262,-3.06530686
N142G,-0.4685475826263428,-3.470126054
N142Y,-0.8344793319702148,-2.906920813
N142C,-1.614332914352417,-3.356766977
N142D,-0.5961854457855225,-3.097718044
N142E,-0.49082374572753906,-3.089144192
N142F,-1.0245890617370605,-4.139800495
N142H,-1.4268500804901123,-2.567317659
N142I,-0.6019701957702637,-3.292538104
N142L,-0.3476572036743164,-3.143626503
N142K,-0.38335657119750977,-3.122544147
N142P,-0.8989765644073486,-3.32461847
N142Q,-1.023285150527954,-2.648038711
N142R,-0.9279930591583252,-3.678458163
N142S,-0.1169440746307373,-2.953744165
N142T,-0.5014710426330566,-3.926800186
N142V,-0.5700216293334961,-3.8253001
N142A,-0.8778681755065918,-4.217108576
N142M,-1.9835200309753418,-3.629800989
H143K,1.035294532775879,-3.460328034
H143M,-0.22868990898132324,-1.451004723
H143L,1.1995534896850586,-2.043006508
H143I,1.2389581203460693,-2.307007061
H143C,0.8131041526794434,-3.492083457
H143F,0.8406627178192139,-0.619501864
H143E,0.8791320323944092,-2.715556855
H143N,0.8008496761322021,-0.8970453759999999
H143G,1.2555944919586182,-4.123710056
H143P,0.23306941986083984,-3.892433366
H143D,0.6740918159484863,-2.693007022
H143R,0.5521073341369629,-2.684522672
H143Q,0.441683292388916,-1.554632821
H143Y,0.9202754497528076,0.269474447
H143W,-0.5004465579986572,-2.239942981
H143A,1.0849931240081787,-2.32925544
H143T,1.0916478633880615,-0.842088217
H143V,1.3436355590820312,-1.433944773
H143S,1.3974416255950928,-0.8066983320000001
T144A,-0.7346000671386719,-2.647002305
T144C,-1.3492262363433838,-3.409349407
T144E,-0.5582573413848877,-2.6887860439999995
T144F,-0.6955585479736328,-3.0387761060000003
T144G,-0.4548344612121582,-0.459016379
T144H,-1.0587868690490723,-3.304320203
T144I,-0.41287946701049805,-2.304946167
T144K,-0.33649325370788574,-1.129600171
T144D,-0.4533390998840332,-2.250676813
T144M,-1.8391976356506348,-3.000202803
T144L,-0.19968461990356445,-3.522412433
T144W,-1.6670169830322266,-3.1844109360000004
T144V,-0.3572263717651367,-4.012772729
T144S,0.06018495559692383,-2.143253363
T144Y,-0.42131686210632324,-3.486671196
T144Q,-0.858710765838623,-3.049050976
T144P,-0.49750232696533203,-3.179216297
T144N,-0.39774560928344727,-3.493527022
T144R,-0.6587295532226562,-3.817273138
F145I,0.4748842716217041,-1.364258944
F145A,-0.2855229377746582,-0.110947041
F145C,-0.6745114326477051,-1.276050408
F145D,-0.2560083866119385,0.660638662
F145E,-0.10401725769042969,1.1163939859999998
F145G,-0.1837022304534912,-1.3485668569999998
F145H,-0.8979601860046387,-1.575132495
F145K,0.06273126602172852,-2.497457945
F145Q,-0.6595468521118164,-1.191016833
F145M,-1.3249707221984863,-0.976814072
F145N,-0.17365312576293945,-0.7760400159999999
F145P,-0.5844013690948486,-3.055133909
F145R,-0.3951101303100586,-2.482656737
F145S,0.3251461982727051,-1.027340366
F145T,-0.1030881404876709,-1.736386212
F145V,0.34861278533935547,-1.453483383
F145W,-1.0717120170593262,-0.5423195120000001
F145L,0.4601435661315918,-1.689938415
F145Y,-0.04854154586791992,-1.24309684
N146A,-0.39884448051452637,-0.119595873
N146E,-0.2229294776916504,0.063324152
N146L,-0.3932991027832031,-1.2870475140000002
N146M,-1.7904384136199951,-0.614906482
N146P,-0.7041566371917725,-0.938378794
N146Q,-0.6848390102386475,0.659776437
N146R,-0.4926159381866455,-0.748103115
N146S,0.2925550937652588,-1.406689489
N146T,0.013101816177368164,-1.320456133
N146V,-0.35749220848083496,-0.13528792
N146W,-1.8329169750213623,-1.591203089
N146Y,-0.21796870231628418,0.562219814
N146H,-0.6728489398956299,-0.129894524
N146G,-0.25949835777282715,-0.427135045
N146F,-0.7659382820129395,-0.019254265
N146D,0.013289451599121094,-0.03483439
N146K,0.016380786895751953,-1.3657348180000002
N146C,-1.550433874130249,-1.925100426
N146I,-0.6453661918640137,-1.4139977519999998
G147T,-0.0580291748046875,-2.151361283
G147S,0.3327820301055908,-2.2020716730000003
G147R,-0.51460862159729,-2.240550681
G147Q,-0.6764485836029053,-1.839931472
G147P,-0.7960324287414551,-2.510407148
G147N,0.5642988681793213,-1.765819544
G147A,-0.2686655521392822,-1.544552362
G147C,-1.613781213760376,-2.871486965
G147I,-0.47718119621276855,-1.909259508
G147H,-0.9753718376159668,-1.807172517
G147F,-0.6904904842376709,-2.2321936730000003
G147E,-0.2212376594543457,-1.902329864
G147D,-0.16451048851013184,-1.783913857
G147V,-0.3147876262664795,-2.12310497
G147L,-0.19979643821716309,-2.141211631
G147M,-1.523822546005249,-2.588543578
G147K,-0.2252635955810547,-1.5759797480000002
G147Y,-0.423633337020874,-2.387171558
G147W,-1.70542311668396,-1.858286886
V148F,-0.21635031700134277,-1.926530548
V148C,-1.8301756381988525,-3.314367463
V148D,-0.9183390140533447,-1.519803912
V148E,-0.6272087097167969,-1.440750884
V148Y,-0.2697107791900635,-1.72192661
V148G,-0.6787383556365967,-1.704823091
V148H,-1.2941277027130127,-1.018097014
V148I,-0.15233135223388672,0.55345757
V148K,-0.28716516494750977,-0.631596625
V148L,-0.12664031982421875,-1.414326619
V148M,-1.3689398765563965,-1.139690754
V148A,-0.41313672065734863,-0.7191771140000001
V148P,-1.3784732818603516,-1.815446191
V148Q,-0.9474484920501709,-1.743905637
V148R,-0.821845293045044,-0.695470395
V148S,0.010455846786499023,0.024555947
V148T,0.20051240921020508,0.49022569
V148W,-1.2622220516204834,-2.419583399
V148N,-0.6793062686920166,-0.883181467
T149V,-0.2931079864501953,-2.644402785
T149S,0.17812633514404297,0.871029127
T149A,-0.368527889251709,-2.745502376
T149C,-1.5319080352783203,-2.326231158
T149D,-0.5467624664306641,-2.84798462
T149E,-0.24486207962036133,-2.4662039890000003
T149F,-0.7385358810424805,-3.233620853
T149G,-0.6098361015319824,-2.908469548
T149R,-0.35213279724121094,-3.392105999
T149K,0.0787649154663086,-2.522099892
T149I,-0.551027774810791,-2.017853836
T149L,-0.27844953536987305,-3.488041245
T149M,-1.5663032531738281,-2.125788184
T149N,-0.024732112884521484,-2.275449815
T149P,-0.7038540840148926,-2.686184065
T149Q,-0.6592257022857666,-2.702239447
T149Y,-0.5452523231506348,-2.292446101
T149H,-1.113774299621582,-1.972365765
T149W,-1.6973533630371094,-2.30025288
V150D,-1.76741361618042,-1.040787968
V150C,-2.3140902519226074,-1.462910356
V150E,-1.4691200256347656,-0.6119433639999999
V150A,-0.76241135597229,1.835260321
V150Y,-0.6342957019805908,0.253250802
V150W,-1.880025863647461,0.801840785
V150T,-1.0194604396820068,0.367809767
V150S,-0.8717203140258789,1.6185427959999998
V150Q,-1.9048709869384766,1.289493088
V150P,-1.8372869491577148,-1.435789781
V150N,-1.6386313438415527,-0.273019967
V150R,-1.5960066318511963,-1.99694761
V150L,-0.037273406982421875,0.7634014840000001
V150K,-1.3006024360656738,-1.338381163
V150I,-0.10348987579345703,-0.398061088
V150H,-2.072338581085205,-0.4152356
V150G,-1.100154161453247,0.049148175
V150F,-0.36567020416259766,1.20841127
V150M,-1.6684989929199219,-0.329079979
S151I,-1.1191656589508057,-3.088171815
S151C,-2.230282783508301,-1.841596691
S151D,-0.6609761714935303,-2.368749545
S151E,-0.4479255676269531,-2.524411353
S151F,-1.329193115234375,-2.091658886
S151G,-0.852900505065918,-2.117120711
S151A,-0.9257524013519287,-0.207336835
S151K,-0.30150604248046875,-1.961993559
S151H,-1.2907495498657227,-1.982417393
S151M,-2.1416196823120117,-1.5925956019999998
S151L,-0.8646721839904785,-0.6918173120000001
S151Y,-0.926124095916748,-2.615170538
S151W,-2.5503792762756348,-3.048840954
S151V,-0.8778986930847168,-2.385041389
S151P,-1.0569448471069336,-3.201529012
S151R,-0.7456145286560059,-2.325811385
S151Q,-0.9302253723144531,-2.3846448540000003
S151N,-0.5934011936187744,-2.250348752
S151T,-0.1376781463623047,-1.458514067
C152A,0.4520444869995117,-2.768419897
C152D,0.1095590591430664,-2.896124957
C152E,0.23717260360717773,-2.820775302
C152F,0.779263973236084,-2.535810052
C152G,0.469271183013916,-2.505571726
C152H,-0.34979820251464844,-3.2558930110000004
C152I,0.9327702522277832,-3.780851057
C152K,0.32927799224853516,-2.755923896
C152M,-0.5882272720336914,-3.126543849
C152N,0.24362993240356445,-3.53841602
C152P,0.0647895336151123,-2.729560304
C152R,-0.003375530242919922,-3.154466592
C152S,0.9420406818389893,-2.466549477
C152T,0.6322207450866699,-2.843269092
C152V,1.015268325805664,-2.978746714
C152W,-0.6090583801269531,-2.439419372
C152Y,0.6195271015167236,-2.136113447
C152L,1.1082980632781982,-3.159925548
C152Q,-0.30007219314575195,-3.01969254
S153Y,-0.7702453136444092,0.469448366
S153W,-2.1024222373962402,-0.927226241
S153V,-0.45629143714904785,0.336468507
S153T,-0.25132036209106445,0.942379203
S153R,-0.7630569934844971,0.167873067
S153Q,-0.9351654052734375,0.811231837
S153P,-0.5180954933166504,1.010386126
S153M,-1.854827880859375,-0.451240766
S153L,-0.5298523902893066,0.175030398
S153K,-0.2527179718017578,0.155877966
S153N,-0.4390902519226074,1.063674173
S153H,-1.1889002323150635,0.082948044
S153G,-0.5177488327026367,0.7380149090000001
S153F,-0.9352750778198242,-0.246093676
S153E,-0.3209066390991211,0.820049363
S153D,-0.3307511806488037,-0.7362921379999999
S153C,-1.81589937210083,-1.2804906109999998
S153A,-0.94325852394104,-0.26814596
S153I,-0.5905218124389648,0.7971799190000001
H154N,0.8495991230010986,0.120802851
H154P,0.680530309677124,-1.7092722969999998
H154Q,0.3481717109680176,0.107858915
H154Y,0.7751283645629883,-0.363549666
H154S,1.3414885997772217,0.439217351
H154T,0.8751416206359863,1.05436951
H154M,-0.5422921180725098,0.354592801
H154R,0.5242433547973633,0.14048141
H154L,0.9752740859985352,-0.686070438
H154V,0.846259593963623,0.571966834
H154I,0.7450835704803467,0.079253987
H154G,1.152620792388916,-1.709540066
H154F,0.6003823280334473,-0.8101936040000001
H154E,1.0347208976745605,0.40429843
H154D,0.8502585887908936,0.699457489
H154C,-0.3766918182373047,-0.34440954
H154A,0.6721446514129639,1.058320354
H154W,-0.3834218978881836,-0.154118531
H154K,1.0317778587341309,-0.7646457870000001
R155A,0.22238445281982422,0.009136032
R155Y,0.27551960945129395,0.6866283879999999
R155G,0.7569894790649414,0.006998767
R155D,1.2014572620391846,-1.586170747
R155W,-1.2291860580444336,-0.964829204
R155V,0.33568334579467773,0.046095458
R155T,0.7407257556915283,-0.104135369
R155S,1.1711339950561523,-0.019830678
R155C,-0.38359975814819336,-2.566607742
R155P,0.32086968421936035,-3.140387918
R155N,1.1093578338623047,0.347919691
R155Q,0.037222862243652344,0.260451049
R155L,0.48298168182373047,0.187298775
R155K,0.7135019302368164,-0.30742247
R155I,0.336428165435791,0.158414326
R155H,-0.12906789779663086,0.112673352
R155F,0.06145834922790527,-0.629430552
R155E,0.7680766582489014,-0.01663463
R155M,-1.027693748474121,-0.326828106
G156I,-0.5330080986022949,-2.498796931
G156A,-0.6825053691864014,0.116277655
G156C,-1.6281557083129883,-1.735824377
G156D,0.12450170516967773,0.386527811
G156E,-0.05449104309082031,-0.259299244
G156F,-0.8166642189025879,-1.919960793
G156H,-1.127614974975586,-0.571547527
G156K,-0.26559877395629883,-0.476851077
G156V,-0.47611546516418457,-1.50411508
G156M,-1.678060531616211,-0.435581334
G156Y,-0.6677179336547852,-1.317448078
G156L,-0.34765076637268066,-2.428534152
G156T,-0.24045968055725098,-0.982100328
G156S,0.24828195571899414,0.168633635
G156W,-1.8848743438720703,-1.3825386780000002
G156Q,-0.8389225006103516,-0.005099513
G156P,-0.4182889461517334,-2.665306631
G156N,0.02504706382751465,-0.4581174320000001
G156R,-0.7503361701965332,-1.452662298
K157G,0.2729451656341553,0.577843531
K157A,-0.3892822265625,-0.411462353
K157C,-0.7239463329315186,-2.035079477
K157D,0.08944106101989746,0.323367216
K157E,-0.045119285583496094,0.621998191
K157F,-0.7483053207397461,-0.808167427
K157H,-0.956953763961792,0.219617593
K157P,-0.5280468463897705,-1.898949429
K157L,-0.329470157623291,-0.287234057
K157M,-1.5914485454559326,0.263624463
K157N,0.37737441062927246,0.022883409
K157V,-0.3312356472015381,-0.093905711
K157Q,-0.6350085735321045,0.07662052
K157R,-0.5327789783477783,-0.859431616
K157S,0.49521827697753906,0.222054443
K157T,-0.013757705688476562,1.000146743
K157I,-0.43692946434020996,0.248338405
K157Y,-0.5808990001678467,-0.295805514
K157W,-1.7292940616607666,-1.485935376
S158V,-0.3854951858520508,-1.28870801
S158W,-1.5853967666625977,-1.410490167
S158A,-0.6092517375946045,0.9002790420000001
S158C,-1.1884028911590576,-2.420430357
S158D,-0.2522280216217041,-0.653668733
S158E,-0.3484971523284912,-1.084681385
S158F,-0.8088603019714355,-1.49565198
S158G,-0.2077789306640625,-1.7302124980000002
S158H,-1.0464751720428467,0.289089198
S158Q,-0.900202751159668,-0.019454854
S158K,-0.46648645401000977,0.091004052
S158L,-0.3180098533630371,0.6267693520000001
S158M,-1.7482399940490723,0.149625741
S158N,-0.2688179016113281,-1.1697251709999998
S158P,-0.6384720802307129,0.565980825
S158Y,-0.49414682388305664,-0.05398455
S158R,-0.7212667465209961,-1.120489645
S158T,-0.3103048801422119,0.628431566
S158I,-0.4953751564025879,-0.514005753
S159V,-0.13700294494628906,-2.7486241110000003
S159T,-0.2707226276397705,-0.431265429
S159R,-0.7848992347717285,-2.269087639
S159Q,-0.9962952136993408,-0.149281089
S159P,-0.743049144744873,-2.629608397
S159N,-0.4132685661315918,-1.201320382
S159M,-1.7057032585144043,-1.237286558
S159G,-0.19602537155151367,0.324640935
S159K,-0.47776031494140625,-0.8760174490000001
S159I,-0.28247594833374023,-2.609554135
S159H,-1.0428752899169922,-0.275851828
S159F,-0.5635461807250977,-2.117679676
S159E,-0.4942755699157715,0.182916623
S159D,-0.4118938446044922,-0.295425458
S159C,-0.75679612159729,-2.523212572
S159L,-0.18825006484985352,-1.824653348
S159A,-0.6201469898223877,-0.161779766
S159W,-1.7053074836730957,-1.892863923
S159Y,-0.3234562873840332,-2.386356814
F160I,0.25771141052246094,-3.710220512
F160T,0.5701980590820312,-3.570207557
F160S,0.9251658916473389,-3.2891928810000004
F160R,-0.12029790878295898,-3.825976288
F160Q,-0.1428060531616211,-3.834985239
F160P,0.10128307342529297,-3.649694384
F160N,0.4880657196044922,-3.504569897
F160M,-1.0500454902648926,-1.6928658909999998
F160L,0.39357924461364746,-3.597756179
F160H,-0.3792836666107178,-2.585273439
F160G,0.5143909454345703,-3.299470029
F160K,0.4247255325317383,-3.585084063
F160D,0.5352301597595215,-3.092618317
F160V,0.3481028079986572,-2.7219996610000003
F160W,-1.2240443229675293,-2.682721934
F160E,0.49736785888671875,-3.5752398210000003
F160Y,0.08294248580932617,-2.572341571
F160A,0.15283775329589844,-3.18323838
F160C,-0.10975193977355957,-3.024226399
Y161W,-1.0985441207885742,-2.614692628
Y161V,0.2335965633392334,-3.937984947
Y161T,0.2752103805541992,-3.10769015
Y161L,0.24051165580749512,-3.759345783
Y161Q,-0.2531094551086426,-3.106573866
Y161P,-0.1701061725616455,-3.682583027
Y161N,0.09575200080871582,-3.391590476
Y161M,-1.223985195159912,-3.208833503
Y161R,-0.17137956619262695,-4.129239262
Y161K,0.1457686424255371,-3.979015162
Y161S,0.6895999908447266,-3.765369658
Y161H,-0.5727667808532715,-2.302369368
Y161A,0.098236083984375,-4.099710728
Y161D,0.2670714855194092,-2.689130417
Y161C,-0.4638204574584961,-2.999850234
Y161F,-0.3162398338317871,-1.041341555
Y161G,0.3913731575012207,-3.995316979
Y161E,0.2932713031768799,-2.805112559
Y161I,-0.0007166862487792969,-3.652724058
R162Y,-0.10495114326477051,-2.754898142
R162W,-1.2142891883850098,-2.920846765
R162A,0.18145060539245605,-2.749100857
R162N,0.34371042251586914,-0.787254171
R162V,0.12811517715454102,-3.634750965
R162T,0.28092265129089355,-2.30339589
R162S,0.7746012210845947,-1.119352094
R162Q,-0.19365525245666504,-2.553251883
R162P,0.03067803382873535,-3.758182878
R162E,0.276686429977417,-2.598791206
R162L,0.26432323455810547,-3.794633001
R162K,0.25792694091796875,-0.577741067
R162I,-0.17577838897705078,-3.455486524
R162H,-0.49880027770996094,-0.7468616240000001
R162G,0.6899244785308838,-2.256258838
R162F,-0.16217947006225586,-3.368532227
R162C,-1.0829672813415527,-2.591127123
R162D,0.3196578025817871,-2.954154913
R162M,-1.0494122505187988,-2.753121896
N163Y,-0.5602340698242188,-3.41462869
N163W,-1.9254765510559082,-3.243812525
N163V,-0.44991445541381836,-4.105040466
N163T,-0.18694448471069336,-2.3503994180000003
N163S,0.2342228889465332,-2.81993902
N163R,-0.47858333587646484,-4.55495557
N163Q,-0.6700906753540039,-3.490314943
N163L,-0.32993459701538086,-4.826908851000001
N163M,-1.4904756546020508,-3.397374277
N163K,-0.40790510177612305,-2.473933177
N163I,-0.7962527275085449,-3.032196875
N163H,-0.8031024932861328,-2.674803119
N163G,0.0880579948425293,-4.27499585
N163F,-0.8092951774597168,-3.824933239
N163E,-0.30847835540771484,-3.549841104
N163D,0.019476890563964844,-2.612365412
N163C,-1.3057246208190918,-3.33832241
N163A,-0.2865867614746094,-3.969297296
N163P,0.09934473037719727,-4.339804383
L164E,0.02001023292541504,-3.459047203
L164D,-0.021385669708251953,-3.353408662
L164Y,-0.2225050926208496,-3.622992523
L164A,-0.15646791458129883,-4.246025295
L164F,-0.40132856369018555,-1.959928395
L164C,-0.8416283130645752,-2.731578814
L164G,0.407745361328125,-3.633784448
L164M,-1.1392340660095215,-1.276482094
L164I,-0.15527009963989258,-0.5771384279999999
L164K,-0.07187986373901367,-3.23926195
L164V,0.011380195617675781,-1.36838516
L164T,0.10594892501831055,-3.919669728
L164S,0.36898231506347656,-2.919553547
L164R,-0.2078089714050293,-4.215844552
L164Q,-0.4924747943878174,-3.315060476
L164P,-0.42525148391723633,-3.737857145
L164N,0.044853925704956055,-3.267146808
L164H,-0.6476912498474121,-3.41301121
L164W,-1.3929729461669922,-2.485850751
L165Y,-0.23114538192749023,-1.654081539
L165V,0.00399017333984375,-0.549983061
L165A,-0.47418665885925293,-1.681720495
L165C,-1.2839326858520508,-2.7067979330000003
L165D,-0.3062565326690674,-2.579934895
L165F,-0.3325314521789551,-1.115010179
L165G,-0.24266386032104492,-1.810138622
L165H,-0.9472815990447998,-1.645243105
L165W,-1.6378779411315918,-2.460579845
L165I,-0.1212160587310791,-1.893152362
L165N,-0.24919414520263672,-1.844022148
L165P,-0.5042538642883301,-3.513571771
L165Q,-0.6063759326934814,-2.448973166
L165R,-0.5654263496398926,-2.911271521
L165S,0.05853676795959473,-2.301595146
L165T,0.03920316696166992,-3.248706847
L165K,-0.11563324928283691,-2.6944588210000004
L165E,-0.18683624267578125,-2.44276881
L165M,-1.3729557991027832,-2.187702956
W166A,1.2836039066314697,-3.725850364
W166Y,1.3829617500305176,-3.987917764
W166V,1.8648810386657715,-3.819399249
W166T,1.6058509349822998,-3.718390126
W166S,1.793400526046753,-3.2968094210000003
W166R,1.1949782371520996,-2.33599052
W166P,1.3609886169433594,-3.544876476
W166N,1.5765330791473389,-3.865633661
W166M,0.3715837001800537,-2.8520110080000003
W166L,1.9854178428649902,-3.527072122
W166Q,1.0054268836975098,-3.664290517
W166I,1.6525828838348389,-4.074410828
W166K,1.542844533920288,-3.928330625
W166D,1.2559051513671875,-3.610362402
W166E,1.4757885932922363,-3.312874877
W166C,0.3213210105895996,-2.751004684
W166G,1.225407600402832,-3.614150238
W166H,0.6674008369445801,-3.196317222
W166F,1.4223649501800537,-3.1530413530000003
L167M,-1.2915582656860352,-2.233463911
L167C,-1.2302460670471191,-2.6292340430000003
L167D,-0.345076322555542,-3.469907623
L167E,-0.1452045440673828,-3.104477234
L167F,-0.3761434555053711,-3.87890167
L167G,-0.30843472480773926,-3.826362865
L167H,-0.996068000793457,-3.885228445
L167I,-0.12547898292541504,-0.177700996
L167K,0.013194084167480469,-3.329725197
L167A,-0.364581823348999,-2.975902206
L167N,-0.1704387664794922,-3.0674960380000003
L167Q,-0.7503352165222168,-2.799228088
L167R,-0.49420619010925293,-3.914362142
L167S,0.0795586109161377,-4.498778813
L167T,-0.010703325271606445,-2.365071307
L167V,-0.06801176071166992,0.230547871
L167W,-1.5379829406738281,-2.890599936
L167Y,-0.340742826461792,-3.308065249
L167P,-0.5741922855377197,-2.364007781
T168Y,-0.2759072780609131,-0.741931255
T168W,-1.420337200164795,-2.93923622
T168V,-0.15987062454223633,-2.038362836
T168S,0.31522274017333984,-1.441561212
T168R,-0.3160593509674072,-1.964394907
T168Q,-0.4143643379211426,-1.051329544
T168P,0.14484667778015137,-4.228499791
T168D,0.04971933364868164,-2.652057859
T168K,0.03234529495239258,-1.847187228
T168M,-1.2717375755310059,-1.743664277
T168L,0.04323291778564453,-0.8542378270000001
T168I,-0.39788198471069336,-1.893166564
T168H,-0.7806715965270996,-2.196859693
T168G,0.05734729766845703,-1.27481482
T168F,-0.4912869930267334,-1.977193384
T168C,-0.9235835075378418,-2.009003599
T168A,-0.2007143497467041,-2.24659892
T168N,0.007866621017456055,-2.284672931
T168E,0.12758731842041016,-2.306594966
K169V,-0.26970863342285156,-0.028053381
K169T,-0.327484130859375,-0.05996558
K169A,-0.47504734992980957,0.590369438
K169C,-1.0214033126831055,-0.928007169
K169D,-0.27962207794189453,-3.293436682
K169E,-0.061652421951293945,-0.282768716
K169F,-0.6133849620819092,-2.120327131
K169G,-0.06701207160949707,-0.020141911
K169H,-1.0114092826843262,-0.7129251999999999
K169I,-0.44631147384643555,-1.344091511
K169L,-0.1919689178466797,-0.809791785
K169M,-1.7396302223205566,-0.458907781
K169N,-0.21614885330200195,-1.032843862
K169P,-0.12701654434204102,-2.549210398
K169Q,-0.8388304710388184,-0.062597818
K169R,-0.4657721519470215,-0.25170867
K169S,0.20741629600524902,0.266003892
K169W,-1.572591781616211,-2.288138564
K169Y,-0.5694267749786377,-3.2562801360000004
K170Y,-0.15761899948120117,-0.031840954
K170A,-0.2712819576263428,0.304391324
K170W,-1.7744216918945312,-1.037854652
K170V,-0.19632244110107422,-1.162106668
K170T,0.10571122169494629,-0.8032236309999999
K170S,0.538386344909668,-0.202943275
K170R,-0.44491052627563477,0.064850601
K170Q,-0.5548322200775146,-0.739929026
K170P,-0.0029163360595703125,-2.719841005
K170N,0.5414876937866211,-0.359749614
K170I,-0.28312206268310547,-0.957441115
K170H,-0.6317927837371826,-0.6509654739999999
K170G,0.0421442985534668,-1.190165172
K170F,-0.4924449920654297,-0.569619798
K170E,0.19169116020202637,-0.418759404
K170D,0.508843183517456,-0.717499019
K170C,-0.9485807418823242,-1.7822999430000002
K170L,-0.07693719863891602,-0.412645939
K170M,-1.5434799194335938,0.141102973
G171V,-0.4021000862121582,-1.5747351630000002
G171R,-0.8939855098724365,-2.61686683
G171A,-0.5765702724456787,-0.28869288
G171Y,-0.3315455913543701,-0.713544427
G171T,-0.25833868980407715,-0.375295727
G171S,0.19029617309570312,0.102269618
G171Q,-1.0557811260223389,0.176889025
G171W,-1.8155639171600342,-2.031921007
G171N,-0.013801813125610352,0.597771304
G171M,-1.4469811916351318,-0.63274049
G171P,-0.4819810390472412,-2.801583163
G171K,-0.513615608215332,-1.507413619
G171I,-0.23670172691345215,-1.778814362
G171H,-1.0051782131195068,-0.954602336
G171F,-0.45261359214782715,-0.257372839
G171E,-0.38005852699279785,-0.056701243
G171D,-0.1211998462677002,0.213129396
G171C,-0.8644897937774658,-2.807202415
G171L,0.06292390823364258,-0.0870735369999999
D172H,-0.7785582542419434,-1.954164261
D172A,-0.3365645408630371,-1.13065271
D172C,-0.8681418895721436,-3.166946769
D172E,0.180450439453125,0.618528304
D172F,-0.10839152336120605,-3.1631912910000004
D172G,-0.03856039047241211,-2.215087648
D172I,0.22893810272216797,-0.90851094
D172T,0.11726236343383789,-0.80767014
D172L,0.13166284561157227,-2.149336432
D172K,0.257490873336792,-3.081955007
D172W,-1.4837145805358887,-3.083257288
D172Y,-0.023270606994628906,-1.995981699
D172S,0.4903268814086914,-1.043499558
D172V,0.09385895729064941,-1.214412686
D172Q,-0.4453458786010742,-1.3961220840000002
D172P,-0.8268098831176758,-1.079624548
D172N,0.13674426078796387,-1.274159481
D172M,-1.3109912872314453,-1.603329056
D172R,-0.5317206382751465,-3.817430421
S173M,-1.575066328048706,-0.885414763
S173V,-0.035691261291503906,0.7861039040000001
S173R,-0.5657904148101807,-1.601508231
S173Q,-0.851212739944458,-0.72485316
S173P,-0.5071046352386475,-1.490412071
S173N,-0.26564955711364746,0.417571671
S173L,0.10151052474975586,-0.484774095
S173F,-0.21354079246520996,0.177069191
S173I,-0.016014814376831055,-0.511305615
S173H,-1.0518670082092285,0.048906122
S173G,-0.3264501094818115,-0.909615615
S173W,-1.5850613117218018,-0.036873703
S173E,-0.2585875988006592,0.731556378
S173D,-0.3901946544647217,0.932327958
S173C,-0.9209954738616943,-3.346011031
S173A,-0.6599619388580322,-0.76303861
S173K,0.09227108955383301,-2.420233833
S173Y,-0.28087425231933594,0.46994981
S173T,-0.3418419361114502,0.437543947
Y174A,-0.21753430366516113,-3.923450971
Y174V,0.3128225803375244,-4.048186079
Y174T,0.03216242790222168,-3.639494776
Y174S,0.35348987579345703,-3.266561594
Y174R,-0.5388271808624268,-3.744379746
Y174Q,-0.7673859596252441,-3.438603464
Y174P,-0.1260523796081543,-4.007546799
Y174N,-0.016797780990600586,-2.610974342
Y174C,0.03033280372619629,-2.818144592
Y174M,-1.137765645980835,-2.515337897
Y174K,0.051818132400512695,-3.664551289
Y174I,0.6019864082336426,-3.4712323730000003
Y174H,-0.9320480823516846,-2.796355981
Y174G,-0.43859219551086426,-3.692487367
Y174F,0.11280107498168945,-1.548097194
Y174E,-0.41785478591918945,-3.110224532
Y174D,-0.5087940692901611,-2.1262764830000003
Y174L,0.7295746803283691,-3.973971834
Y174W,-1.3006532192230225,-0.856165343
P175A,0.5518403053283691,0.892691369
P175W,-0.4800374507904053,-0.232566051
P175V,1.0829720497131348,0.41163527
P175T,0.3411834239959717,0.255317843
P175S,0.5334296226501465,0.983343356
P175R,-0.12589526176452637,0.538426086
P175Q,-0.33723998069763184,0.517660604
P175N,-0.05869793891906738,0.354150066
P175M,-0.6166977882385254,0.764657127
P175Y,0.553837776184082,0.7565049970000001
P175L,1.100724220275879,0.3515062879999999
P175I,0.9158401489257812,0.075008052
P175H,-0.5590379238128662,0.554464069
P175G,0.3296017646789551,0.816077798
P175F,0.6989219188690186,-0.42986807
P175E,0.18881511688232422,0.5249098729999999
P175D,-0.17746305465698242,0.65665887
P175C,-0.005580425262451172,-0.436608349
P175K,0.20984554290771484,1.160910035
K176A,-0.08903336524963379,-0.473738904
K176C,-0.8821861743927002,-1.334044655
K176W,-1.1526482105255127,-0.982888587
K176D,-0.2859005928039551,-1.185563885
K176E,-0.033143043518066406,-0.55692262
K176F,0.05202794075012207,0.062133349
K176G,-0.35952186584472656,-1.052515954
K176H,-0.7080743312835693,0.838224162
K176I,0.5689401626586914,-0.238550074
K176L,0.6582603454589844,0.466866736
K176M,-0.9206783771514893,0.397679588
K176N,-0.06246757507324219,-0.674094009
K176P,-0.4255940914154053,0.120341023
K176Q,-0.4654355049133301,-0.07963047
K176R,-0.18166184425354004,-0.773577669
K176S,0.3874936103820801,-0.32433825
K176T,0.23665499687194824,0.139157056
K176V,0.6971020698547363,-0.228885481
K176Y,0.2855956554412842,0.146343052
L177C,-1.2063851356506348,-1.917366823
L177E,-1.448669672012329,-2.985425522
L177F,-0.6596062183380127,-0.916413091
L177G,-1.0933592319488525,-2.820893283
L177H,-2.1024210453033447,-1.634128966
L177I,0.017665505409240723,0.038516252
L177K,-1.671647310256958,-3.081684792
L177A,-1.1502611637115479,0.330710291
L177N,-1.4173152446746826,-2.737747544
L177P,-1.297236680984497,-3.718323761
L177Q,-1.976762056350708,-2.896702209
L177R,-1.9122774600982666,-3.313534875
L177S,-0.9745957851409912,-0.970128737
L177T,-1.0734679698944092,-0.012777042
L177V,-0.18848800659179688,1.000692701
L177W,-1.6915271282196045,-1.577271417
L177Y,-0.8299839496612549,-1.557475987
L177D,-1.5657970905303955,-3.269892383
L177M,-1.8481113910675049,-0.607611667
T178I,0.3114354610443115,-0.986883612
T178W,-1.2856502532958984,-0.6425554179999999
T178V,0.46410083770751953,-0.339880372
T178S,0.07710695266723633,-0.151270927
T178R,-0.6511414051055908,-1.605496181
T178Q,-0.7245759963989258,-1.4832706759999998
T178P,-0.5795717239379883,-3.5331422910000003
T178N,-0.48128199577331543,-1.263230174
T178M,-1.1048107147216797,-1.480039458
T178L,0.4155712127685547,0.028053168
T178K,-0.2518162727355957,-1.401533132
T178H,-1.1261134147644043,-0.567000938
T178G,-0.6575620174407959,-1.414824359
T178F,-0.25015950202941895,-0.466399605
T178E,-0.1698164939880371,-0.571653075
T178D,-0.6895062923431396,-1.443801205
T178Y,-0.15800189971923828,-0.776315675
T178C,-1.0447368621826172,-2.272546229
T178A,-0.48604536056518555,0.343649384
N179W,-0.4255084991455078,-2.43371433
N179V,1.4744019508361816,-0.356927137
N179T,0.6971859931945801,-0.34257522
N179S,0.8343558311462402,0.422289267
N179R,0.15323734283447266,-1.7188685380000002
N179Q,-0.0719294548034668,-0.290136976
N179P,0.05382704734802246,-1.774015727
N179Y,0.7584056854248047,-1.889832082
N179L,1.6383264064788818,-1.3471478469999998
N179K,0.38732433319091797,-0.844992346
N179I,1.2146620750427246,-1.43245976
N179H,-0.14027953147888184,-1.972048658
N179G,0.8094611167907715,-0.327414181
N179F,1.0513920783996582,-0.329520043
N179E,0.12452220916748047,-1.001934257
N179D,-0.24137544631958008,-1.4067520180000002
N179M,-0.0393831729888916,-0.832924363
N179A,1.1567344665527344,-0.442058054
N179C,0.17245864868164062,-1.729671501
S180R,-0.5643582344055176,-1.015800004
S180Y,-0.3031609058380127,-0.665018938
S180Q,-0.7805836200714111,-0.648812003
S180V,0.2615180015563965,-0.274786912
S180A,-0.24417710304260254,-0.52779708
S180C,-0.9086682796478271,-2.23412099
S180D,-0.9911496639251709,-1.080487719
S180E,-0.3434731960296631,0.157816135
S180W,-1.9080531597137451,-0.432596823
S180G,-0.5262258052825928,-1.169716966
S180F,-0.503978967666626,-0.368237759
S180P,-1.0102407932281494,-2.439927298
S180N,-0.7829582691192627,-0.288134507
S180M,-1.5552136898040771,-0.797323977
S180T,-0.03240489959716797,-0.388895135
S180K,-0.2196805477142334,-0.984615839
S180I,-0.13346219062805176,-1.290712225
S180H,-1.0563991069793701,-1.365583155
S180L,-0.2116866111755371,-1.102890653
Y181C,-0.6652975082397461,-2.510137839
Y181T,0.10553550720214844,-3.97631203
Y181S,0.07193756103515625,-3.652989133
Y181R,-0.8966212272644043,-4.194671811
Y181Q,-1.0073304176330566,-3.382684754
Y181P,-0.9183292388916016,-2.802063404
Y181V,0.3725109100341797,-3.890241534
Y181N,-0.5785436630249023,-3.041524298
Y181K,-0.3757486343383789,-3.203351014
Y181L,0.5150723457336426,-3.826757026
Y181I,0.5841414928436279,-3.74604506
Y181H,-1.3584365844726562,-2.773243141
Y181F,0.2192554473876953,-0.895716752
Y181E,-0.6461830139160156,-3.5284744439999995
Y181D,-0.9234287738800049,-2.759625481
Y181A,-0.5183641910552979,-3.92412635
Y181M,-1.1567413806915283,-2.644581283
Y181G,-0.6852562427520752,-4.207282088
Y181W,-0.9991741180419922,-0.474520319
V182L,0.005259275436401367,-0.544365315
V182S,-0.4955873489379883,-0.7822101859999999
V182R,-0.573584794998169,-0.5920055120000001
V182Q,-1.0214323997497559,0.091002486
V182P,-1.2478699684143066,-2.064775988
V182N,-1.024885892868042,-0.702460049
V182M,-1.7406268119812012,0.054890954
V182T,-0.056877851486206055,0.371480755
V182K,0.07289648056030273,-0.7636989390000001
V182H,-1.5598831176757812,-0.88560035
V182G,-1.4090187549591064,-2.131709214
V182F,-0.5348634719848633,-0.285885759
V182E,-0.7276017665863037,-1.211022751
V182D,-1.446977138519287,-1.267112915
V182C,-0.6831135749816895,-0.4216566470000001
V182I,0.025275468826293945,-0.418796985
V182W,-2.0067367553710938,0.504267886
V182Y,-0.5347323417663574,-0.313028437
V182A,-1.1929030418395996,-0.413391976
N183D,0.2602043151855469,-2.834033224
N183Y,-0.663093090057373,-3.227352438
N183T,-0.2863173484802246,-3.019864697
N183S,-0.1175377368927002,-2.573256566
N183R,-1.2589499950408936,-4.1120974630000005
N183Q,-1.3645758628845215,-3.539656292
N183P,-0.6891698837280273,-3.663074156
N183M,-1.5487828254699707,-3.0430654839999995
N183L,0.41315388679504395,-4.222770958
N183K,-0.7234196662902832,-2.341470348
N183I,-0.1445465087890625,-3.30992563
N183H,-1.4148294925689697,-2.642250158
N183G,-0.7921948432922363,-4.02113989
N183F,-0.3388478755950928,-3.044701025
N183E,-0.6179804801940918,-2.959027665
N183C,-0.8961238861083984,-1.968601827
N183V,-0.10403847694396973,-3.865568417
N183W,-1.729438304901123,-2.985560562
N183A,-0.651376485824585,-3.355124945
N184T,-0.44460344314575195,0.314436818
N184V,-0.17390656471252441,0.119372846
N184Y,-0.5635528564453125,-0.508834159
N184Q,-0.7034554481506348,-0.002140155
N184P,-0.3244781494140625,-3.391912294
N184M,-1.7004203796386719,-0.235906941
N184R,-0.6338858604431152,-0.816812798
N184K,0.228179931640625,-0.009830656
N184I,-0.28447723388671875,-0.784897903
N184L,-0.2897024154663086,-0.00185723
N184H,-1.049375057220459,-1.042268418
N184G,-0.30560731887817383,-0.332465686
N184F,-0.8062949180603027,-1.59608033
N184E,0.7235174179077148,-0.08092491
N184D,0.36240601539611816,0.123790124
N184C,-0.978179931640625,-1.375848023
N184A,-0.12291860580444336,-0.913074916
N184W,-2.068958282470703,-1.240887999
N184S,0.7750356197357178,0.623201345
K185V,-0.8899390697479248,-0.639403547
K185T,-0.22090840339660645,-2.630340983
K185S,0.1583843231201172,-2.833273934
K185R,-0.8911328315734863,-0.7791729540000001
K185Q,-0.5242757797241211,-0.269630264
K185N,0.2626638412475586,-1.101182674
K185P,-1.1523103713989258,-3.098472943
K185L,-0.3906872272491455,-0.55468978
K185I,-0.9867868423461914,-0.694917068
K185H,-1.1698358058929443,-1.930390899
K185G,-0.5944371223449707,-1.3577857130000002
K185F,-0.8994235992431641,-0.581710708
K185E,0.17379999160766602,-1.155365535
K185C,-1.4493935108184814,-2.178411962
K185A,-0.4595475196838379,-0.842241525
K185Y,-0.8613357543945312,-1.6907307719999998
K185W,-2.252376079559326,-1.4037206919999998
K185M,-1.949613094329834,-0.375103255
K185D,0.38291501998901367,-2.38031884
G186D,-0.6087291240692139,-0.412396641
G186C,-1.441577434539795,-3.042244415
G186E,-0.7722325325012207,-0.209573471
G186F,-1.5795822143554688,-2.345973138
G186H,-1.9039976596832275,-1.321881151
G186I,-1.1039681434631348,-2.88246291
G186K,-0.7749588489532471,-0.894040499
G186L,-0.9173617362976074,-0.950660678
G186A,-1.3402767181396484,-0.70001793
G186M,-2.2809438705444336,-1.667788408
G186P,-1.2078940868377686,-1.340385298
G186Q,-1.5420327186584473,-2.189415041
G186R,-1.4757356643676758,-0.394275576
G186S,-0.48288679122924805,-0.253783285
G186T,-0.5681490898132324,-0.5025660670000001
G186V,-1.1887965202331543,-1.978839272
G186N,-0.30591869354248047,-2.240734128
G186W,-2.1472043991088867,-1.796171062
G186Y,-1.3569273948669434,-2.849912153
K187R,-0.8490157127380371,-0.387781551
K187Y,-1.1910696029663086,-2.581475027
K187W,-2.7220816612243652,-2.641397423
K187V,-0.944852352142334,-0.654140453
K187T,-0.7883250713348389,-0.475227136
K187S,-0.6927449703216553,-1.19909154
K187Q,-0.6742346286773682,-0.469351941
K187P,-2.257861614227295,-3.724375497
K187M,-2.0662522315979004,-1.372075389
K187N,-0.10959124565124512,-0.392362593
K187I,-1.1405465602874756,-0.76173908
K187H,-1.3178410530090332,-1.7617556319999998
K187G,-0.9525244235992432,-1.835391856
K187F,-1.4927120208740234,-2.386981918
K187E,0.4321444034576416,-1.099697409
K187D,0.05263638496398926,-2.715299109
K187C,-1.8061437606811523,-0.6070455339999999
K187A,-1.2542939186096191,-1.266898143
K187L,-1.120781421661377,-0.8561816520000001
E188R,-0.5101687908172607,-1.390977701
E188P,0.21526217460632324,-0.1819518
E188Q,-0.840674638748169,-0.496643796
E188S,-0.19884085655212402,-0.760729192
E188V,-0.6975834369659424,-0.827516371
E188W,-1.8179633617401123,-1.098233093
E188Y,-0.8268337249755859,-1.802871679
E188N,-0.2724306583404541,-2.07231442
E188T,-0.3437337875366211,-1.168801626
E188M,-1.9010593891143799,-1.568890098
E188D,-0.12775182723999023,-0.190521141
E188K,-0.03812146186828613,-1.728019933
E188L,-0.5462310314178467,-0.627332298
E188C,-1.9137747287750244,-2.644822419
E188F,-1.3416225910186768,-0.754583879
E188A,-0.7820370197296143,-1.4597903419999998
E188H,-1.167494535446167,-0.736716473
E188I,-0.8396790027618408,-1.534829003
E188G,-0.8425252437591553,-2.086959085
V189L,-0.08634352684020996,-1.711855783
V189T,-0.3682856559753418,-2.6901288460000004
V189W,-1.765087604522705,-3.2284884
V189S,-0.45986461639404297,-3.83234844
V189R,-0.8047034740447998,-3.913913898
V189Q,-1.1101431846618652,-3.609969358
V189P,-1.3682894706726074,-3.993904382
V189N,-0.743934154510498,-3.725696509
V189K,-0.4463534355163574,-3.673578362
V189M,-1.3980920314788818,-2.299000513
V189H,-0.9624886512756348,-3.595317849
V189I,-0.1280498504638672,-0.89193549
V189A,-0.717252254486084,-2.739924541
V189C,-1.189758062362671,-2.66363844
V189Y,-0.21421289443969727,-3.436166329
V189E,-0.7537744045257568,-3.429148211
V189F,-0.6314845085144043,-3.4067442210000003
V189G,-0.7941854000091553,-2.909142943
V189D,-1.1025915145874023,-3.378839287
L190C,-1.024834394454956,-3.631717715
L190D,-0.31728363037109375,-3.633337103
L190E,-0.07467389106750488,-3.125381898
L190F,-0.2917780876159668,-2.503684612
L190G,-0.2077021598815918,-4.163849647
L190H,-0.7315998077392578,-3.152516165
L190I,-0.34523439407348633,-2.782061638
L190K,0.24696588516235352,-3.998209717
L190N,-0.22731494903564453,-3.442514213
L190P,-0.2582271099090576,-3.073865904
L190Q,-0.6541361808776855,-3.089043152
L190S,0.14696335792541504,-4.157999759
L190T,0.11179518699645996,-3.808427811
L190V,-0.08534765243530273,-2.538312351
L190W,-1.3010787963867188,-3.318654951
L190Y,-0.02921772003173828,-3.78836103
L190A,-0.20467019081115723,-2.772030758
L190M,-1.370875358581543,-1.753158474
L190R,-0.11277127265930176,-4.015519664
V191C,-1.0021700859069824,-2.151945862
V191A,-0.2689328193664551,-2.37725516
V191Y,-0.25489377975463867,-2.7155740510000004
V191W,-1.6373662948608398,-2.757345061
V191T,-0.20476436614990234,-3.406205147
V191S,-0.03442096710205078,-3.937226708
V191R,-0.23227357864379883,-3.474969409
V191Q,-0.9077053070068359,-3.302470195
V191P,-1.1475882530212402,-3.958767223
V191N,-0.7883939743041992,-3.533586617
V191M,-1.3721983432769775,-1.571407239
V191L,0.08870410919189453,-0.381880909
V191K,-0.29555583000183105,-3.85849211
V191I,-0.4088897705078125,-0.295318287
V191H,-0.8879528045654297,-3.0659680380000003
V191G,-0.3641698360443115,-3.484677607
V191F,-0.39109182357788086,-2.3762315330000003
V191E,-0.4540417194366455,-2.655462953
V191D,-0.8673477172851562,-3.585945732
L192Y,-0.1442549228668213,-2.618906891
L192W,-1.58482027053833,-2.590586245
L192A,0.23621249198913574,-2.736489379
L192V,0.05503487586975098,-0.949185193
L192T,0.09379053115844727,-2.387404098
L192S,0.40532922744750977,-3.848042908
L192R,-0.30756187438964844,-3.355363732
L192P,-0.8633537292480469,-2.624373017
L192N,-0.5150303840637207,-3.4999794910000004
L192M,-1.2397222518920898,-1.35350841
L192K,-0.19168567657470703,-3.393114913
L192Q,-0.6646323204040527,-2.381019591
L192H,-0.6439385414123535,-3.330721667
L192G,0.8849064111709595,-3.563583266
L192F,-0.31908607482910156,-1.510891866
L192E,-0.1755390167236328,-3.325709469
L192D,-0.5242500305175781,-3.445974007
L192C,-1.282987117767334,-3.275504877
L192I,-0.33275413513183594,-0.793774523
W193I,1.2611188888549805,-3.981315942
W193A,1.4455406665802002,-3.710142164
W193C,1.1554622650146484,-3.022397733
W193D,1.6249029636383057,-3.477966055
W193E,1.7141528129577637,-3.378529914
W193F,1.1709284782409668,-1.138282789
W193G,1.7174735069274902,-3.209400496
W193H,1.2293205261230469,-3.299578542
W193Y,1.4507322311401367,-1.803678577
W193K,1.629136323928833,-2.8334815410000003
W193M,0.14983081817626953,-2.925537398
W193N,1.5799429416656494,-3.777463646
W193P,1.029648780822754,-3.665214498
W193Q,1.0653107166290283,-3.354324192
W193R,1.478957176208496,-3.273276199
W193S,2.0169856548309326,-3.568638839
W193T,1.729067087173462,-3.82180753
W193V,1.6086626052856445,-2.904405749
W193L,1.4899768829345703,-3.054441451
G194A,-0.4869863986968994,-0.598594857
G194Q,-1.199106216430664,-3.17835137
G194R,-0.8069653511047363,-4.354465632
G194V,-0.8991756439208984,-3.332790377
G194T,-0.6342141628265381,-4.365874954
G194P,-1.4797205924987793,-3.77377173
G194S,-0.2897050380706787,-3.137287347
G194N,-0.5263416767120361,-3.521124134
G194I,-1.1754748821258545,-3.994308071
G194L,-0.8664171695709229,-4.371554366
G194K,-0.6809594631195068,-3.5201384260000004
G194Y,-1.084684133529663,-3.840056784
G194H,-1.0712862014770508,-3.676206652
G194F,-1.3079829216003418,-3.745819642
G194E,-0.6374659538269043,-3.293303546
G194D,-0.4647533893585205,-2.636897326
G194C,-1.3801085948944092,-2.992816506
G194M,-1.8866198062896729,-3.32001501
G194W,-2.3200981616973877,-3.2598632110000003
V195L,0.006447553634643555,-1.188780226
V195H,-0.22445940971374512,-3.841500176
V195A,-0.3352787494659424,-2.061047765
V195E,-0.16426706314086914,-3.546642572
V195Y,0.12930750846862793,-3.022279477
V195C,-0.4841310977935791,-2.456395369
V195D,-0.14849233627319336,-2.609932966
V195W,-1.0790612697601318,-2.601290296
V195G,0.16967344284057617,-3.330185482
V195T,-0.1413893699645996,-3.3034232789999995
V195R,-0.37608981132507324,-4.406830317
V195Q,-0.7421073913574219,-3.599075942
V195P,-0.5875051021575928,-3.868902837
V195N,-0.12445235252380371,-3.688740024
V195M,-1.1332542896270752,-1.78824114
V195I,0.0015952587127685547,-0.788673326
V195S,0.14110302925109863,-4.222566931999999
V195F,-0.21267032623291016,-2.042307929
V195K,-0.04308819770812988,-3.7116129
H196A,0.6442313194274902,-3.677605462
H196W,-0.5332033634185791,-2.924027242
H196V,0.6502361297607422,-4.062212262
H196T,0.505610466003418,-3.791743174
H196S,0.8902087211608887,-4.090638711
H196R,0.32033753395080566,-2.169301526
H196Q,-0.0038013458251953125,-2.697900787
H196P,0.3542318344116211,-3.959243752
H196Y,0.8138260841369629,-3.046199432
H196N,0.4572920799255371,-2.79995441
H196L,0.7452530860900879,-3.786006904
H196K,0.41700196266174316,-3.748200901
H196I,0.4214761257171631,-3.894070012
H196G,0.7632133960723877,-3.794753095
H196F,0.36373257637023926,-3.28998382
H196E,0.3061978816986084,-3.38890491
H196D,0.3106851577758789,-3.1282544110000003
H196M,-0.5417671203613281,-3.47384224
H196C,-0.3459441661834717,-3.427689043
H197K,0.34630918502807617,-2.494515215
H197D,0.5762081146240234,0.449861208
H197Y,0.48766326904296875,-0.5521699520000001
H197W,-1.063666820526123,-0.655935053
H197V,0.9107840061187744,-1.416844288
H197T,0.531346321105957,-1.697952333
H197S,0.8456954956054688,-0.460138019
H197R,0.1147007942199707,-2.050356621
H197Q,-0.09136414527893066,-0.365028282
H197P,0.36705851554870605,-3.633860739
H197N,0.5944311618804932,0.59303092
H197M,-0.4553709030151367,-0.202408883
H197L,1.0414507389068604,-1.287307851
H197I,0.8610644340515137,-0.8718569690000001
H197G,0.40615153312683105,-1.967734424
H197F,0.5267167091369629,-0.383135657
H197E,0.23982620239257812,-0.765349223
H197C,0.2796339988708496,-1.174895168
H197A,0.4625284671783447,-0.382286181
P198L,0.10740256309509277,-2.414399685
P198C,-0.48854684829711914,-2.130632562
P198A,-0.3280208110809326,-1.866930233
P198Y,-0.1376938819885254,-2.412763681
P198V,-0.18422579765319824,-1.7106070969999998
P198T,-0.11537694931030273,-2.700870747
P198S,0.41834568977355957,-1.628040142
P198R,-0.4671351909637451,-2.977098094
P198Q,-0.7324047088623047,-2.398080746
P198N,0.03175210952758789,-2.6160448080000003
P198W,-1.4023942947387695,-2.020352868
P198K,-0.21803712844848633,-2.920942119
P198I,-0.1299600601196289,-2.538049679
P198H,-0.5563087463378906,-1.932638944
P198G,0.14674735069274902,-2.625142727
P198F,-0.2373030185699463,-2.50850425
P198E,-0.2888498306274414,-2.484436464
P198D,-0.09219217300415039,-2.450029725
P198M,-1.3846464157104492,-2.18404678
S199Y,-0.48412251472473145,-1.457677445
S199D,-0.44106197357177734,-1.703266882
S199E,-0.4948246479034424,-0.841440352
S199F,-0.429898738861084,0.244224866
S199G,-0.4812037944793701,-1.137102027
S199I,-0.06865262985229492,-1.454473215
S199K,-0.30962109565734863,-1.770065125
S199L,0.4756584167480469,-2.6962084510000004
S199Q,-1.0287623405456543,-1.57606053
S199N,-0.09836816787719727,-1.676570558
S199P,-0.7090773582458496,-1.292703577
S199R,-0.8100426197052002,-1.7101236169999998
S199T,-0.38767361640930176,-1.649553459
S199V,-0.2748987674713135,-1.259175718
S199C,-0.9073836803436279,-1.547754885
S199W,-1.6386287212371826,-1.251557782
S199M,-1.2978565692901611,-1.322324768
S199A,-0.7859945297241211,-1.894603115
S199H,-1.1101596355438232,-1.447644103
S200G,-0.5952663421630859,-0.691586569
S200D,-0.676950216293335,-2.189793091
S200E,-0.9144279956817627,-1.827496443
S200F,-0.4816122055053711,-2.080815753
S200H,-1.250199317932129,-1.7107143809999998
S200I,-0.396120548248291,-1.806459628
S200K,-0.8006539344787598,-1.132442746
S200C,-0.8628137111663818,-1.31345625
S200L,0.07939910888671875,-1.555834185
S200N,-0.44428038597106934,-1.427362406
S200P,-0.8935816287994385,-2.321189543
S200Q,-1.3532195091247559,-1.89618396
S200R,-1.1983387470245361,-1.829609835
S200T,-0.4705822467803955,-1.235085279
S200V,-0.6083364486694336,-1.94172673
S200M,-1.601891040802002,-1.757447069
S200A,-0.9366991519927979,-1.780084636
S200W,-1.5374727249145508,-1.721074397
S200Y,-0.5827047824859619,-2.178310257
S201T,-0.5314323902130127,-0.144818425
S201P,-0.505974531173706,-0.922111821
S201N,-0.49651169776916504,-0.410620745
S201M,-1.7300090789794922,-0.560905993
S201L,-0.1620171070098877,0.628515551
S201K,-0.3436417579650879,-0.979514208
S201I,-0.3347165584564209,0.026304832
S201H,-1.3047723770141602,0.546391913
S201G,-0.6610281467437744,-0.222343295
S201V,-0.45310020446777344,-0.897189334
S201F,-0.44693565368652344,-0.72995804
S201E,-0.33676719665527344,-0.304962261
S201D,-0.5030226707458496,0.152286268
S201C,-1.1519546508789062,-0.688388863
S201A,-0.7821662425994873,0.6862115409999999
S201Y,-0.6648879051208496,-0.103396586
S201W,-1.527273416519165,-0.313622821
S201Q,-1.1500654220581055,0.140411088
S201R,-0.9811732769012451,-0.853267782
D202C,-0.32093024253845215,-3.165387425
D202W,-1.1234569549560547,-2.595258473
D202A,-0.3218669891357422,-1.3315429
D202F,-0.17983365058898926,-1.829323379
D202G,-0.12520861625671387,-1.7442292069999998
D202H,-0.9742116928100586,-1.7919004019999998
D202I,-0.06373786926269531,-0.903215179
D202K,0.014277458190917969,-1.81900842
D202V,-0.1705949306488037,-1.384028799
D202L,0.11626791954040527,-1.530035076
D202N,0.028325319290161133,-1.466558399
D202P,-0.21536731719970703,-2.713235859
D202Q,-0.5916805267333984,-1.42037292
D202R,-0.721625804901123,-3.029466483
D202S,0.511725664138794,-0.8803485390000001
D202E,0.1756124496459961,0.528058397
D202M,-1.3687167167663574,-1.953046083
D202T,-0.06737565994262695,-1.978997453
D202Y,-0.3661956787109375,-1.717319724
E203C,-0.15903234481811523,-2.7613507580000003
E203A,-0.07717657089233398,-2.7930993560000004
E203D,-0.06382179260253906,-2.658699572
E203F,0.38945937156677246,-3.945596165
E203G,0.25506114959716797,-3.249919292
E203H,-0.5460186004638672,-2.831274937
E203I,0.5955657958984375,-3.042732642
E203L,0.7371196746826172,-3.3885229110000004
E203M,-0.870060920715332,-2.860686026
E203N,0.09317898750305176,-3.525798258
E203K,-0.07369613647460938,-2.590297404
E203Q,-0.477236270904541,-2.6481072080000003
E203R,-0.4866161346435547,-2.461494757
E203S,0.41480469703674316,-3.867457214
E203T,-0.017721176147460938,-2.50325053
E203V,0.355518102645874,-3.230279814
E203W,-0.5532772541046143,-2.58319161
E203Y,0.3121190071105957,-3.508360648
E203P,0.07366943359375,-4.302213134
Q204M,0.1964879035949707,-2.383678939
Q204N,0.6953599452972412,-3.2532351060000004
Q204P,0.36928677558898926,-4.031045305
Q204V,1.208662509918213,-3.586830773
Q204T,0.6642875671386719,-3.698315045
Q204W,0.2748422622680664,-3.13313979
Q204L,1.8535901308059692,-3.875764117
Q204R,0.35421085357666016,-3.715183837
Q204K,0.6608502864837646,-2.758596406
Q204S,0.9283633232116699,-2.822240054
Q204H,-0.0452113151550293,-2.154122014
Q204G,0.36840009689331055,-4.008739653
Q204F,1.1873517036437988,-3.590114062
Q204E,0.5187430381774902,-2.196856513
Q204D,0.3766765594482422,-3.431975179
Q204C,0.4329960346221924,-3.3741446230000003
Q204Y,1.0434331893920898,-3.688525051
Q204A,0.5446619987487793,-1.076885941
Q204I,1.619600534439087,-4.03955141
Q205A,0.4652833938598633,0.344501941
Q205I,1.5172290802001953,0.7734308529999999
Q205D,0.18735194206237793,0.5041024470000001
Q205Y,0.9759156703948975,-0.348779622
Q205W,0.14697742462158203,-0.879544897
Q205V,1.2810823917388916,-0.223767786
Q205T,0.5890421867370605,-0.761189439
Q205C,0.18203473091125488,-2.481653217
Q205R,0.3502812385559082,-1.801756918
Q205P,0.2601141929626465,-2.96512303
Q205N,0.5309286117553711,0.537476424
Q205S,0.8384213447570801,-0.702584165
Q205L,1.4950213432312012,-0.764813566
Q205M,-0.06004023551940918,-0.448345198
Q205F,1.209864616394043,-1.103386261
Q205G,0.5123701095581055,-1.30661843
Q205E,0.24252986907958984,0.589718205
Q205K,0.5709280967712402,-1.02358275
Q205H,0.06767034530639648,-0.8667201379999999
S206C,-0.662468433380127,-1.091374825
S206A,-0.2786123752593994,-0.7460574409999999
S206K,0.04709291458129883,-2.074285262
S206D,-0.7475934028625488,0.125166385
S206E,-0.41715097427368164,0.80739775
S206F,0.007336854934692383,-1.153189923
S206G,-0.5181663036346436,-0.284371866
S206H,-0.7077264785766602,-0.943767544
S206I,0.47413039207458496,-0.7570137459999999
S206L,0.6014654636383057,-0.969420019
S206P,-0.4499838352203369,-3.940966001
S206N,-0.31877589225769043,-1.06150803
S206Q,-0.46431756019592285,-1.216346708
S206R,-0.19223952293395996,-3.144766036
S206T,-0.12123513221740723,-0.463923342
S206V,0.29057860374450684,-0.558780767
S206W,-0.8141665458679199,-2.741976274
S206Y,0.03747725486755371,-0.609796433
S206M,-0.9911375045776367,-0.759882701
L207Q,-1.188432216644287,-2.8264756
L207P,-1.090810775756836,-4.070680288999999
L207N,-0.6475276947021484,-3.280121682
L207M,-1.6542530059814453,-0.963185971
L207K,-0.6598820686340332,-2.146243342
L207I,-0.05634737014770508,-1.70264043
L207H,-1.3190135955810547,-1.676004028
L207D,-0.8923892974853516,-3.644011199
L207F,-0.1997213363647461,-3.066825863
L207E,-0.9912593364715576,-2.94547709
L207C,-1.0350613594055176,-1.903311293
L207R,-0.9550790786743164,-2.657095481
L207W,-1.2121047973632812,-2.474276875
L207A,-0.8994503021240234,-3.244722284
L207G,-0.5870730876922607,-4.222730158
L207S,-0.16558122634887695,-3.541562271
L207V,-0.38002490997314453,-2.286765701
L207T,-0.6630153656005859,-3.080345017
L207Y,-0.2325887680053711,-2.356270482
Y208A,-0.34107184410095215,-4.254633972
Y208R,-0.6955084800720215,-4.101234108
Y208Q,-0.8028054237365723,-3.659556271
Y208P,-0.4118795394897461,-4.123781546
Y208N,-0.23587584495544434,-3.021773306
Y208M,-1.0476958751678467,-3.2616006260000003
Y208L,0.7086281776428223,-4.202615087
Y208K,-0.48654627799987793,-3.547785858
Y208I,0.36846208572387695,-3.852197654
Y208H,-1.1271617412567139,-2.581677093
Y208G,-0.45125246047973633,-3.92132506
Y208F,0.09195470809936523,-3.109263696
Y208E,-0.5681939125061035,-3.644877175
Y208D,0.38893604278564453,-3.2601680460000004
Y208S,0.21275925636291504,-3.462370825
Y208T,-0.19997286796569824,-4.145704894
Y208V,0.07547950744628906,-4.168299686
Y208W,-1.1360938549041748,-3.173550869
Y208C,-0.8916423320770264,-3.205009243
S209Y,-0.28461146354675293,-0.63601559
S209W,-1.196744680404663,-1.490941696
S209V,0.1217653751373291,-1.086887528
S209T,-0.4920220375061035,0.139981696
S209R,-0.5176877975463867,-1.023702391
S209Q,-0.8657894134521484,-0.38864246
S209P,-0.44864916801452637,-0.225353274
S209N,-0.26069188117980957,-0.0073146209999999
S209L,0.2427692413330078,-0.314161734
S209K,-0.31181931495666504,-1.540337099
S209I,0.1390526294708252,-0.97920645
S209H,-1.0249736309051514,-0.7439585459999999
S209G,-0.2575817108154297,0.684362005
S209F,-0.16349458694458008,-0.7302994429999999
S209M,-1.3228728771209717,-0.081657705
S209D,-0.3753323554992676,-0.044181551
S209E,-0.2880539894104004,-0.408456291
S209A,-0.39222145080566406,0.494102881
S209C,-1.2391939163208008,-1.570317245
N210Q,-0.9972524642944336,0.052343101
N210R,-0.7408056259155273,0.222303967
N210S,0.15216827392578125,0.406020048
N210T,-0.3458852767944336,0.694339409
N210L,-0.052483558654785156,-0.419770174
N210K,-0.358797550201416,0.15475497
N210I,-0.2486128807067871,0.799034824
N210H,-1.0057501792907715,0.251377894
N210M,-1.4529094696044922,0.184005194
N210G,-0.32241344451904297,0.368508781
N210E,-0.6609072685241699,-0.239094675
N210D,-0.26514577865600586,-0.351489816
N210V,-0.41106557846069336,0.347559713
N210W,-1.3540372848510742,-1.038880541
N210Y,-0.3336982727050781,-0.561423307
N210C,-1.4488461017608643,-2.072382692
N210A,-0.6154537200927734,0.591486056
N210F,-0.40845584869384766,-0.54564137
N210P,-0.8767545223236084,-0.175199882
G211A,-0.46374082565307617,0.129214564
G211W,-1.43806791305542,-1.021149392
G211T,-0.45000767707824707,-0.038823222
G211C,-1.0958352088928223,-2.6958429660000003
G211Y,-0.4450829029083252,-1.026587361
G211S,-0.02565145492553711,-0.241862365
G211R,-0.7689361572265625,-2.182328232
G211Q,-1.0588252544403076,-1.360549786
G211P,-0.4226672649383545,0.558312144
G211N,-0.4471404552459717,-0.356034879
G211V,-0.3062553405761719,-1.031681772
G211M,-1.3409395217895508,-0.635136293
G211K,-0.6060867309570312,-0.821879185
G211I,-0.22636985778808594,-0.877639174
G211H,-1.2037959098815918,-0.53838689
G211F,-0.5124375820159912,-0.707717079
G211E,-0.52178955078125,-0.994692527
G211D,-0.6075172424316406,-0.395453318
G211L,-0.06416082382202148,-0.455772445
N212F,0.05339765548706055,0.096135089
N212E,0.006297588348388672,0.5678310999999999
N212I,0.4170241355895996,-0.774446002
N212K,0.23566174507141113,-0.498256629
N212H,-0.36962318420410156,-0.290612162
N212Y,0.2814624309539795,-0.858706313
N212W,-0.9595737457275391,-0.992285086
N212V,0.4601454734802246,0.046759521
N212T,0.5740251541137695,-1.7002503480000002
N212S,0.41486692428588867,-1.617378804
N212D,-0.08908462524414062,-0.58519854
N212R,-0.12308073043823242,-1.166570345
N212Q,-0.503570556640625,0.112168126
N212P,-0.6458141803741455,0.091649922
N212M,-0.696408748626709,-0.695087503
N212L,0.41585779190063477,-0.754563267
N212A,-0.09954333305358887,0.083346614
N212C,-1.2301697731018066,-2.979883951
N212G,-0.05432629585266113,-0.382753018
A213V,0.6266624927520752,0.361659954
A213H,-0.7040154933929443,-0.425036495
A213P,-0.49309849739074707,0.009711009
A213N,-0.25933122634887695,-0.378941041
A213M,-0.7628896236419678,-1.030054054
A213L,0.7313718795776367,-2.102646577
A213K,-0.2654883861541748,0.016577047
A213I,0.6006996631622314,-1.4728120619999998
A213G,0.2746732234954834,-0.738931065
A213F,0.2294013500213623,-1.4864848119999998
A213E,-0.293257474899292,-2.8808585589999995
A213D,-0.515819787979126,-1.2298545790000002
A213C,-0.8082377910614014,-0.802499945
A213R,-0.35536885261535645,-0.860029006
A213Q,-0.6982591152191162,-2.034329993
A213W,-0.9889564514160156,-2.455420904
A213S,0.18570446968078613,0.381090687
A213T,-0.11787247657775879,-0.263643271
A213Y,0.23444199562072754,-1.484027224
Y214W,-1.2097015380859375,-1.603537087
Y214C,-1.44551420211792,-1.414580931
Y214V,0.3939211368560791,-0.46078452
Y214T,0.303682804107666,-2.335560135
Y214S,0.12825465202331543,-1.351205807
Y214R,-0.7843818664550781,-1.705658562
Y214Q,-1.1724226474761963,-0.973036797
Y214P,-1.2859859466552734,-2.948671498
Y214D,-1.1745820045471191,-2.109158332
Y214M,-1.108309030532837,-0.79534766
Y214N,-0.6727936267852783,-1.905911955
Y214G,-0.8766860961914062,-2.319702945
Y214E,-0.7295782566070557,-0.082211857
Y214H,-1.2620248794555664,-0.931597511
Y214F,0.0382084846496582,-1.139491285
Y214I,0.45223402976989746,-0.996368341
Y214A,-0.5543229579925537,-1.953343631
Y214K,-0.7257070541381836,-1.322179587
Y214L,0.262789249420166,-1.644675005
V215C,-1.3528449535369873,-3.248514854
V215D,-1.5000944137573242,-3.126658265
V215E,-1.415313720703125,-3.180468334
V215F,-0.11389541625976562,-2.421613297
V215G,-0.8291916847229004,-3.955425556
V215H,-1.846625804901123,-3.465546831
V215I,0.19582390785217285,-0.913728964
V215K,-1.453855037689209,-3.301503223
V215M,-1.5481526851654053,-2.442743224
V215Y,-0.4894905090332031,-3.308604025
V215N,-1.269083023071289,-3.528895487
V215P,-1.5977394580841064,-4.191790987
V215R,-1.4002628326416016,-3.983720645
V215S,-0.6056103706359863,-4.109275728
V215T,-0.9614815711975098,-2.888713244
V215W,-1.5258662700653076,-2.7992658560000003
V215A,-0.873711347579956,-2.04562867
V215L,0.11700773239135742,-2.015694506
V215Q,-1.7687296867370605,-3.092737779
S216F,-0.3044865131378174,-0.356778834
S216Y,-0.057019710540771484,-0.062487569
S216G,-0.4265890121459961,-2.176296905
S216H,-0.7597751617431641,-1.993638158
S216I,-0.20326519012451172,-0.05008052
S216K,-0.4396228790283203,-1.7708941969999998
S216D,-0.7566521167755127,-0.791903032
S216N,-0.6913650035858154,-2.071087047
S216E,-0.34611964225769043,-3.117187325
S216P,-1.1130802631378174,-2.602331717
S216R,-0.38631534576416016,-0.400582923
S216T,-0.11544108390808105,-0.778516212
S216V,0.0958867073059082,-0.355965632
S216W,-1.4093804359436035,-0.947328675
S216C,-1.2045693397521973,-1.81462657
S216A,-0.07991766929626465,-0.356810624
S216Q,-0.7475361824035645,0.154587072
S216M,-1.1291744709014893,-0.307270834
S216L,0.045084238052368164,-0.859354905
V217L,0.1268312931060791,-3.021789615
V217C,-1.1930830478668213,-3.042846506
V217D,-0.8478176593780518,-3.1021053760000004
V217E,-0.9786646366119385,-2.9285657689999995
V217T,-0.5275120735168457,-3.233276893
V217S,-0.1488044261932373,-4.0354074560000015
V217R,-1.0362045764923096,-3.734452103
V217A,-0.6466467380523682,-3.207863184
V217Q,-1.4098660945892334,-3.219610126
V217N,-0.7622265815734863,-3.429519419
V217M,-1.285388469696045,-2.574309488
V217K,-1.0460002422332764,-3.4744778430000003
V217I,0.08278465270996094,-2.149932727
V217H,-1.3077867031097412,-2.8327871030000003
V217G,-0.5959274768829346,-3.484387845
V217P,-1.0227253437042236,-3.845777256
V217F,-0.04633283615112305,-3.288261542
V217W,-1.2241065502166748,-2.903149953
V217Y,-0.21050143241882324,-3.264146842
A218V,0.4280691146850586,-0.242073909
A218S,0.8357024192810059,0.394491361
A218R,0.0565791130065918,-1.839830675
A218Q,-0.3349311351776123,-0.580993698
A218W,-0.5736017227172852,1.21119109
A218P,-0.15948987007141113,-3.198492205
A218N,0.384753942489624,-1.873200382
A218D,0.32549047470092773,-1.69577972
A218L,0.5530133247375488,-0.374898445
A218K,0.27824902534484863,-2.183033832
A218I,0.436307430267334,-0.567510811
A218H,-0.25396180152893066,0.40954544
A218G,0.552790641784668,-1.903566321
A218F,0.35417723655700684,-0.160785655
A218E,0.12042713165283203,-0.99341008
A218C,-0.8421502113342285,-0.492776209
A218M,-0.7588708400726318,-0.459470547
A218T,0.5649590492248535,-0.315319239
A218Y,0.7381086349487305,-0.560629763
S219D,-0.09284663200378418,-1.915265311
S219E,-0.6829187870025635,-2.834691515
S219F,-0.5849771499633789,-2.164830744
S219G,-0.2307894229888916,-0.943499006
S219H,-1.1618707180023193,-1.7955951140000002
S219I,-0.34345221519470215,-2.5294999380000003
S219K,-0.7780382633209229,-1.261283191
S219C,-1.3305866718292236,-1.236848318
S219L,-0.13717269897460938,-2.6361018240000003
S219P,-0.8235516548156738,-3.131943194
S219Q,-1.308650016784668,-1.373671206
S219R,-0.8800063133239746,-3.398276568
S219T,-0.33636045455932617,-0.930316985
S219V,-0.23225831985473633,-1.706310278
S219W,-1.7205393314361572,-1.107122416
S219Y,-0.4441382884979248,-2.281900247
S219M,-1.4770159721374512,-2.03452047
S219A,-0.6232621669769287,-0.457293877
S219N,-0.2859325408935547,-2.768743043
S220E,-0.5147538185119629,-0.394352781
S220A,-0.6794474124908447,-0.094471387
S220Y,-0.4037027359008789,-0.476241698
S220C,-1.7163269519805908,-1.226070953
S220D,-0.5161190032958984,-0.050531909
S220W,-1.3932466506958008,-1.024811086
S220V,-0.4613945484161377,-0.477347182
S220F,-0.7149498462677002,0.38343746
S220R,-0.6422736644744873,1.266632145
S220T,-0.4669003486633301,-0.072972498
S220P,-0.8147158622741699,0.47835975
S220N,-0.4988274574279785,0.6006246679999999
S220M,-1.5657408237457275,1.194224569
S220L,-0.34337687492370605,0.506305336
S220K,-0.5853042602539062,0.3660094270000001
S220I,-0.5634870529174805,-1.246640803
S220H,-0.8389780521392822,0.301237238
S220G,-0.21678876876831055,0.182987403
S220Q,-1.0989158153533936,0.1628551869999999
N221S,0.30148863792419434,-0.631973364
N221Y,-0.10103631019592285,-0.354676551
N221R,-0.38693904876708984,-0.266977562
N221Q,-0.7189972400665283,-0.726804789
N221P,-0.39769625663757324,-2.436981515
N221E,-0.11304211616516113,-0.692674453
N221L,0.07694578170776367,0.278498477
N221K,-0.06942248344421387,-0.914862686
N221I,-0.1013190746307373,-2.324576989
N221H,-0.890329122543335,-0.560540485
N221G,0.03198099136352539,-0.054303048
N221F,-0.1965944766998291,-1.7905030780000002
N221D,-0.01996898651123047,0.407526017
N221C,-1.3357248306274414,-1.012712888
N221A,-0.33692455291748047,-0.106791363
N221M,-1.3297228813171387,-1.201577558
N221T,-0.1464705467224121,-0.047507372
N221V,-0.13299036026000977,-1.473700356
N221W,-1.1926980018615723,-0.531318263
Y222E,0.32468652725219727,-2.38847943
Y222F,-0.04252481460571289,0.02431022
Y222G,1.2233389616012573,-3.458506182
Y222H,-0.6690816879272461,-0.8046967190000001
Y222I,0.1707618236541748,-0.884835863
Y222K,0.24431967735290527,-1.969864742
Y222L,0.386106014251709,-0.936337747
Y222M,-0.9331765174865723,-0.345560881
Y222N,0.45012784004211426,-2.784789683
Y222P,0.4246513843536377,-4.3132759080000005
Y222Q,-0.2605462074279785,-1.912038938
Y222R,-0.0676882266998291,-1.95927905
Y222S,0.7577834129333496,-1.402376331
Y222T,0.2604331970214844,-1.184273569
Y222D,0.25512170791625977,-2.125386805
Y222C,-0.720125675201416,-1.687112551
Y222W,-0.891059398651123,-0.566737295
Y222A,0.05676841735839844,-1.996267326
Y222V,0.06790947914123535,-1.106347035
N223H,-0.8569064140319824,0.271302663
N223W,-1.048985481262207,-1.294597445
N223A,-0.14827561378479004,-0.29577571
N223V,0.06148219108581543,0.086104208
N223T,0.2701876163482666,-2.515673874
N223G,0.3674952983856201,-0.426828704
N223S,0.46392393112182617,-2.015696332
N223Q,-0.4905111789703369,-0.762491149
N223P,-0.27060723304748535,-4.508576164
N223M,-1.1302978992462158,-1.489490393
N223L,0.24384808540344238,0.092846582
N223K,-0.12915468215942383,-2.020124582
N223E,0.032755136489868164,0.606572994
N223I,0.11035609245300293,0.338940347
N223R,-0.33820223808288574,-1.820076376
N223F,-0.2525022029876709,1.062255937
N223C,-0.8066501617431641,-0.855778437
N223D,-0.01169133186340332,-0.00623293
N223Y,-0.20785140991210938,0.9001375690000001
R224A,0.3558170795440674,-0.400520015
R224C,-0.3157007694244385,-1.334125889
R224D,0.3865225315093994,-2.4631415530000003
R224E,0.41530704498291016,-1.342647519
R224F,0.3496890068054199,-1.184874325
R224G,0.9371001720428467,-0.146061367
R224H,-0.2419428825378418,0.081949278
R224K,0.3707096576690674,-0.474826804
R224I,0.7350747585296631,-1.798828235
R224N,0.5513906478881836,-0.293526654
R224P,0.33072805404663086,-3.682037939
R224Q,-0.07522249221801758,-0.34822725
R224S,0.8622415065765381,-0.6499576260000001
R224T,0.5010712146759033,-1.209871962
R224V,0.7768526077270508,-1.36061584
R224W,-0.8072521686553955,-1.015947233
R224Y,0.45677852630615234,-1.724194271
R224M,-0.5522720813751221,-1.42139258
R224L,0.8422751426696777,-1.252877451
R225D,0.2534816265106201,-2.715527853
R225E,0.27033472061157227,-2.824210544
R225Y,0.5676329135894775,-1.585981383
R225F,0.2708621025085449,-1.351034201
R225A,-0.06108856201171875,-2.003365478
R225W,-0.711106538772583,-2.03846758
R225G,0.16279149055480957,-2.176715448
R225C,-0.42990922927856445,-2.0947108080000003
R225I,0.6709375381469727,-1.6158516019999998
R225V,0.5289890766143799,-1.815772425
R225T,1.652599811553955,-3.135317203
R225S,1.2571799755096436,-2.628432267
R225Q,-0.17947936058044434,-1.11739004
R225P,0.20719456672668457,-3.801288735
R225N,0.4997279644012451,-2.47436302
R225M,-0.7246019840240479,-1.16323174
R225L,0.6243274211883545,-0.75906287
R225K,0.40088415145874023,-0.951635402
R225H,-0.35626935958862305,-2.1367992680000003
F226D,-0.5209331512451172,-0.820907783
F226W,-0.8800127506256104,-0.8603780670000001
F226Y,-0.0782470703125,-0.370856945
F226A,-0.6031272411346436,-2.3409558880000003
F226C,-0.8394749164581299,-0.88505131
F226V,-0.08841967582702637,0.225250264
F226E,-0.6784462928771973,-1.039344513
F226G,-0.221268892288208,-2.953203534
F226R,-0.7581136226654053,-3.070980344
F226S,-0.10868358612060547,-1.075090992
F226T,-0.3279721736907959,-1.013595532
F226P,-0.57631516456604,-4.090688282
F226N,-0.3291161060333252,-2.647063341
F226Q,-1.1289269924163818,-1.345476524
F226L,0.2162027359008789,-0.908927004
F226K,-0.5771484375,-3.038352095
F226I,0.20093512535095215,-0.033019798
F226H,-1.1016767024993896,-0.724494593
F226M,-1.2132303714752197,-0.415555069
T227F,-0.10776948928833008,-0.044337659
T227A,-0.3601055145263672,-0.248352537
T227C,-0.7985713481903076,-1.080491448
T227D,-0.3596987724304199,-2.137928093
T227E,-0.36817502975463867,-0.570957012
T227G,-0.20865154266357422,-1.625989335
T227M,-1.237837314605713,-0.252687775
T227I,0.20216035842895508,0.802230395
T227H,-0.7050442695617676,-0.8880088079999999
T227W,-1.2006962299346924,-0.1631937319999999
T227S,0.2051692008972168,-0.311917039
T227R,-0.4612741470336914,-0.7071237579999999
T227Q,-0.7397446632385254,-0.666932417
T227V,0.11065816879272461,0.098460766
T227Y,-0.014440059661865234,-0.174221682
T227N,-0.2134077548980713,-0.8987864179999999
T227L,0.25971341133117676,-0.101073346
T227K,-0.29003477096557617,-0.143710661
T227P,-0.13969802856445312,-3.310666594
P228F,1.1397805213928223,-3.005405169
P228W,0.04650735855102539,-2.923535302
P228A,0.9957866668701172,-0.29066131
P228C,-0.23206138610839844,-1.967915786
P228D,-0.1568593978881836,-2.917190179
P228E,0.008116722106933594,-2.311964787
P228G,0.6433756351470947,-1.5855716009999998
P228Q,-0.4665098190307617,-3.306404924
P228I,1.205495834350586,-0.072060829
P228K,0.09232544898986816,-2.354516436
P228M,0.10951423645019531,-2.294156139
P228N,-0.0608677864074707,-0.875175697
P228R,-0.08044624328613281,-2.561205701
P228Y,0.7871856689453125,-1.928582011
P228S,0.6105842590332031,-0.660303686
P228H,-0.49645042419433594,-2.6991563810000003
P228L,1.4283323287963867,-1.871237225
P228V,1.5315532684326172,-0.295771888
P228T,0.6055200099945068,-0.873290288
E229D,-0.3911142349243164,-0.852998556
E229F,0.36842894554138184,0.319025723
E229G,-0.04790830612182617,-0.327618695
E229H,-0.6201632022857666,-0.6099331170000001
E229I,0.7663745880126953,-1.901847172
E229K,-0.07017254829406738,-2.469757327
E229L,0.6570279598236084,-1.330341561
E229M,-0.7505395412445068,-1.867919917
E229C,-0.9840707778930664,-0.8642887109999999
E229N,-0.07130289077758789,-1.7482713019999998
E229Q,-0.37148332595825195,-0.7143789070000001
E229R,-0.09217548370361328,-1.363511371
E229S,0.43129611015319824,-0.14117193
E229T,0.35739660263061523,0.0731858109999999
E229V,0.699854850769043,-0.8784809109999999
E229W,-0.7133445739746094,0.581133814
E229Y,0.3925812244415283,0.105099025
E229P,-0.337740421295166,-2.21828284
E229A,0.010235786437988281,-0.8176018840000001
I230A,-0.5879111289978027,-1.427246866
I230C,-1.1553595066070557,-0.947039644
I230H,-1.2726361751556396,-1.094794222
I230E,0.22162675857543945,-2.283982077
I230F,-0.259967565536499,-1.015335746
I230G,-0.4268229007720947,-2.751915514
I230Y,-0.36865949630737305,-0.8250545690000001
I230W,-1.230900764465332,-1.769741727
I230V,-0.28464555740356445,0.471519095
I230D,-0.0048291683197021484,-2.551236912
I230T,-0.43845319747924805,-1.036853812
I230R,-0.965390682220459,-1.886656182
I230Q,-0.6046991348266602,-0.866929851
I230P,-0.9010529518127441,-1.213984004
I230N,-0.13271164894104004,-1.258950014
I230M,-1.0388288497924805,-1.352664494
I230L,0.11071252822875977,-0.491120089
I230S,-0.22207427024841309,-1.361948723
I230K,-0.5971412658691406,-1.667865336
A231R,0.05465388298034668,-0.965148536
A231W,-0.4165821075439453,0.707247362
A231Y,0.6919188499450684,0.535996905
A231C,-0.2743568420410156,-0.6674781
A231D,-0.13209819793701172,-0.7749280609999999
A231E,0.21951007843017578,-3.189400655
A231F,0.6220498085021973,0.012637558
A231G,-0.044046878814697266,-1.568837336
A231H,-0.38020920753479004,-0.12105188
A231I,1.2202885150909424,-0.954195001
A231K,0.20100975036621094,-1.55477652
A231L,0.9889810085296631,0.392636204
A231M,-0.5184249877929688,-0.282669162
A231N,0.039055824279785156,-1.112438795
A231P,-0.13936710357666016,-3.5274993880000003
A231Q,-0.27664828300476074,0.626604965
A231T,0.5048818588256836,0.6146804060000001
A231V,1.0423901081085205,1.036198437
A231S,0.5617008209228516,0.081079669
A232M,-0.552086353302002,0.8494292179999999
A232T,0.2189180850982666,-0.470028815
A232S,0.46161675453186035,-0.103761585
A232R,-0.20390796661376953,-0.277131474
A232Q,-0.4304637908935547,-0.016711303
A232P,-0.046361446380615234,0.272729033
A232N,0.0584864616394043,0.081762887
A232L,0.9405605792999268,0.983204514
A232K,0.030307769775390625,0.028673716
A232V,0.8605899810791016,0.689007942
A232I,1.0159237384796143,1.120066176
A232G,0.11267566680908203,-0.435371094
A232F,0.7824850082397461,1.303732876
A232E,-0.0010576248168945312,0.954749485
A232D,-0.21589112281799316,-0.133505829
A232C,-0.7321720123291016,-0.211226251
A232Y,0.6676321029663086,0.966388213
A232H,-0.6711544990539551,0.338578084
A232W,-0.36480283737182617,1.004457966
R233W,-0.6625263690948486,-2.280773325
R233P,0.18755674362182617,-4.011261149
R233N,0.7100009918212891,-2.500181032
R233M,-0.4467294216156006,-2.931593336
R233L,1.0847210884094238,-3.124455635
R233Q,-0.24713659286499023,-3.295952621
R233T,0.5559303760528564,-3.337245949
R233Y,0.5685431957244873,-2.46447271
R233K,0.18293547630310059,-0.95371834
R233S,0.6829299926757812,-2.885689629
R233H,-0.19014859199523926,-2.097112491
R233G,0.23146581649780273,-3.302055724
R233F,0.628568172454834,-2.50910083
R233E,-0.02387714385986328,-2.951652923
R233D,0.4752476215362549,-2.740935292
R233C,-0.28789758682250977,-3.3790427810000003
R233A,0.2841010093688965,-2.55842438
R233I,0.9352152347564697,-2.742129633
R233V,0.6203567981719971,-3.3266070360000004
P234A,0.7774004936218262,-0.5997935000000001
P234Q,-0.09321856498718262,-0.911847966
P234R,0.20257139205932617,-0.265504097
P234S,0.6258821487426758,-0.885232639
P234W,-0.01573038101196289,-1.2088601490000002
P234V,1.360610008239746,0.015452973
P234N,0.31392908096313477,-0.3677749320000001
P234Y,0.9171082973480225,-0.862980773
P234T,0.5876786708831787,-0.368856198
P234M,0.2584092617034912,-0.433813514
P234G,0.6481068134307861,-1.7757366680000002
P234K,0.21590018272399902,0.120327713
P234I,1.4607200622558594,-0.462140818
P234H,-0.26924729347229004,-0.77658629
P234F,1.2719600200653076,-0.431156398
P234E,0.3450934886932373,-1.6807099980000002
P234D,0.07441186904907227,-3.178611413
P234C,0.0554957389831543,-1.56425404
P234L,1.5402958393096924,-0.092161277
K235G,0.5822954177856445,-1.464265388
K235E,0.42992329597473145,-0.8393219940000001
K235F,0.8725697994232178,-0.150423452
K235T,0.6155261993408203,0.024720095
K235H,-0.3435986042022705,-1.7563302769999998
K235C,-0.24360895156860352,-0.189913618
K235A,0.4652118682861328,0.253769055
K235D,0.3700563907623291,-1.6992886530000002
K235I,1.1544759273529053,0.075485587
K235S,0.7856729030609131,-0.101957141
K235M,-0.24530673027038574,-0.207309475
K235N,0.37627267837524414,-0.708365375
K235P,0.429126501083374,-0.362083466
K235Q,-0.0575871467590332,-0.536755416
K235R,0.11493921279907227,0.658978063
K235V,1.0722665786743164,0.79460149
K235Y,0.7728321552276611,-0.502565751
K235L,1.1381525993347168,0.996895125
K235W,-0.16936683654785156,-0.859082803
V236W,-0.9241783618927002,-0.665243646
V236T,-0.21718502044677734,-0.838357253
V236A,-0.4374518394470215,-0.002267326
V236C,-0.3334665298461914,-1.301931385
V236D,-0.16212749481201172,-0.709783768
V236E,-0.32109665870666504,-0.837262318
V236F,-0.05786442756652832,-0.420996207
V236G,0.07135748863220215,-2.677439689
V236H,-0.9029214382171631,-0.599557204
V236I,0.12322354316711426,0.508687219
V236K,-0.6267354488372803,-0.690776388
V236L,0.23166179656982422,-0.15494694
V236N,-0.16971516609191895,-0.432721489
V236P,-0.4468059539794922,-3.032716953
V236Q,-0.8824939727783203,-0.14758703
V236R,-0.7112793922424316,-0.6796635540000001
V236S,0.09952139854431152,-0.380692704
V236Y,0.10608410835266113,-1.576856588
V236M,-1.1517839431762695,-0.023724591
R237T,0.6233196258544922,-1.170257066
R237Y,0.4865303039550781,0.264872515
R237C,-0.4223322868347168,-1.439063678
R237D,0.0894472599029541,-0.934182594
R237E,0.16469025611877441,-2.118333085
R237F,0.44638729095458984,0.289740522
R237G,0.093505859375,-0.6415329989999999
R237H,-0.5602157115936279,0.518723716
R237I,0.8854341506958008,-0.878913079
R237V,0.8640496730804443,-0.891957193
R237K,0.38160014152526855,-0.633924858
R237L,0.7708709239959717,1.021341932
R237M,-0.6220202445983887,0.6577027529999999
R237N,0.16935491561889648,0.674675015
R237P,-0.05776405334472656,-3.2081601280000003
R237Q,-0.3593254089355469,0.25707671
R237S,0.4433016777038574,-0.240508789
R237A,-0.04692506790161133,-0.7962709259999999
R237W,-0.8301177024841309,-0.312278591
D238C,-1.159646987915039,-3.132821042
D238W,-1.6035666465759277,-2.078992118
D238E,-0.7941746711730957,-0.51479465
D238F,-0.35507655143737793,-2.805301303
D238G,-0.4758298397064209,-1.792750992
D238H,-1.3616712093353271,-2.34571734
D238I,-0.1305994987487793,-2.861152724
D238K,-0.9682061672210693,-2.461894608
D238A,-0.9231905937194824,-2.829455088
D238L,-0.04202866554260254,-3.468623257
D238P,-1.0020501613616943,-3.680387988
D238Q,-1.3091731071472168,-2.289277304
D238R,-1.0654470920562744,-3.333863787
D238S,-0.3218872547149658,-2.301076688
D238T,-0.381864070892334,-0.321768066
D238V,-0.26796507835388184,-2.941920807
D238N,-0.3657646179199219,-2.007041356
D238M,-1.3933732509613037,-1.951128139
D238Y,-0.4368712902069092,-2.648716691
Q239L,0.7204973697662354,-1.380127761
Q239V,0.680837869644165,-1.056609921
Q239T,0.3234679698944092,-1.421395234
Q239S,1.0456583499908447,-1.520756423
Q239R,0.19907021522521973,-1.766332826
Q239P,0.20414948463439941,-2.865719582
Q239N,0.42815494537353516,-0.741361924
Q239M,-0.5656213760375977,0.24272516
Q239K,0.6654524803161621,-1.547551224
Q239I,0.7784709930419922,-1.016757751
Q239H,-0.2903728485107422,0.103064034
Q239G,0.5502338409423828,-3.09901449
Q239F,0.37728452682495117,-2.116605051
Q239E,0.9807741641998291,-1.864743253
Q239D,0.5672812461853027,-1.67072821
Q239C,-0.2304697036743164,-1.951861312
Q239W,-0.6675848960876465,-2.077868503
Q239A,0.5714364051818848,-0.928481796
Q239Y,0.4535942077636719,-2.608984271
H240T,0.4360034465789795,0.860610112
H240A,0.16373872756958008,0.117703337
H240C,-0.32024407386779785,-1.311590288
H240D,1.232593297958374,-0.460771504
H240E,0.6719293594360352,0.688845888
H240F,0.4710397720336914,-0.6259293570000001
H240G,0.2349700927734375,-0.077069818
H240I,0.12632083892822266,1.43858132
H240V,-0.05375266075134277,0.096968277
H240W,-0.6735882759094238,-0.887116798
H240L,0.5023369789123535,0.570046896
H240M,-0.7361512184143066,1.13765077
H240N,1.7168104648590088,0.517330077
H240P,-0.43008875846862793,0.67100426
H240Q,0.3410069942474365,0.962892971
H240R,0.22975683212280273,-0.131212751
H240S,1.0077488422393799,0.107094557
H240K,0.6226701736450195,-0.940188982
H240Y,0.7527291774749756,-0.33652236
G241A,-1.219426155090332,-3.5668388460000005
G241C,-1.7043542861938477,-3.036211928
G241K,-1.032376766204834,-3.102408731
G241D,-0.7246103286743164,-2.515167588
G241E,-0.9075412750244141,-2.267908165
G241F,-0.7986440658569336,-3.002127049
G241H,-1.4781315326690674,-2.340847976
G241I,-0.7726917266845703,-3.32248807
G241L,-0.5947318077087402,-3.092827932
G241M,-1.949904441833496,-2.527505147
G241P,-1.0400285720825195,-3.529187759
G241N,-0.5413899421691895,-2.138375654
G241R,-1.199711561203003,-3.084563674
G241S,-0.5697822570800781,-2.74269229
G241T,-0.9673833847045898,-3.178178424
G241V,-0.8828673362731934,-2.7683685380000003
G241W,-1.5528182983398438,-2.896951194
G241Y,-0.7237534523010254,-2.954970355
G241Q,-1.2712597846984863,-2.966112497
R242E,-0.06244182586669922,-3.2680511180000003
R242F,-0.2553563117980957,-2.510399006
R242G,0.04033970832824707,-3.305589784
R242D,-0.027934551239013672,-2.945060939
R242V,0.017055988311767578,-2.526840065
R242A,-0.4497089385986328,-3.172822275
R242H,-0.6117672920227051,-2.988535055
R242Y,0.046911001205444336,-2.863012724
R242C,-1.012279748916626,-3.473911338
R242I,-0.0888819694519043,-2.250938155
R242K,0.2789759635925293,-2.3641131680000003
R242L,-0.04704022407531738,-2.271064289
R242M,-1.0541961193084717,-2.545934152
R242N,0.8017597198486328,-3.265699176
R242P,-0.9247446060180664,-4.376704706
R242Q,-0.32252979278564453,-2.883919438
R242S,0.10954570770263672,-2.695674037
R242T,-0.13475990295410156,-2.7349509760000004
R242W,-1.0161707401275635,-1.283368508
M243S,1.3547544479370117,-2.947522283
M243R,0.738595724105835,-3.278612641
M243Q,0.6045348644256592,-2.529312115
M243P,1.175344467163086,-3.896677425
M243N,1.1522016525268555,-3.052171679
M243L,1.191805124282837,-2.7275726760000003
M243K,0.9353265762329102,-2.727938819
M243I,1.1324126720428467,-1.88964387
M243E,1.315387487411499,-2.706433316
M243G,0.9407048225402832,-3.965477169
M243F,0.7630705833435059,-1.3622913769999998
M243T,1.2469122409820557,-2.859703404
M243D,1.153186321258545,-3.261006832
M243C,-0.05013465881347656,-3.1995801910000004
M243Y,1.1077749729156494,-3.433054241
M243A,0.727410078048706,-4.086156335
M243H,0.14734697341918945,-3.11049963
M243V,1.1668493747711182,-3.317390325
M243W,0.12028956413269043,-3.5498777980000003
N244W,-1.265777587890625,-1.037532345
N244Y,0.24148321151733398,-0.179369124
N244C,-0.9628405570983887,-2.23043292
N244D,0.03507351875305176,-1.547849116
N244E,0.2697126865386963,-0.931386602
N244F,-0.18007302284240723,-0.065072367
N244G,0.10752296447753906,-1.295780591
N244H,-0.16492962837219238,0.008212423
N244I,0.35552096366882324,-0.5817573629999999
N244A,-0.05335736274719238,-0.514434951
N244L,0.4167287349700928,-0.327986647
N244M,-0.7980988025665283,-0.530470786
N244P,-0.5493638515472412,-2.528915673
N244Q,-0.1840963363647461,0.188149355
N244R,-0.07349228858947754,-0.995413229
N244S,0.28568363189697266,-1.224581763
N244T,0.29997754096984863,-1.851329696
N244V,0.5751104354858398,-1.23738249
N244K,0.045346736907958984,-1.204477972
Y245F,-0.2549288272857666,-1.936632604
Y245H,-0.5584108829498291,-1.869089482
Y245I,0.03463435173034668,-3.422045508
Y245K,0.15915513038635254,-3.296006532
Y245L,0.08111166954040527,-3.857953289
Y245M,-0.9864399433135986,-2.302702598
Y245N,0.2595407962799072,-3.009537334
Y245S,0.5564234256744385,-2.940021535
Y245Q,-0.28159451484680176,-3.665750334
Y245R,-0.018503904342651367,-3.054953826
Y245T,0.28113365173339844,-2.511629241
Y245V,0.057029008865356445,-3.175067239
Y245W,-1.4193365573883057,-2.884169389
Y245A,0.04155302047729492,-2.8738278910000004
Y245E,0.20760416984558105,-3.766416609
Y245P,0.36406373977661133,-3.47305702
Y245D,0.1830432415008545,-3.0155159360000003
Y245G,0.7865869998931885,-3.769978143
Y245C,-1.0139009952545166,-3.332121646
Y246W,-1.5202369689941406,-2.644687272
Y246M,-1.2628893852233887,-2.262676697
Y246Q,-0.20729398727416992,-2.708488169
Y246R,-0.2002701759338379,-4.316848223
Y246S,0.5486149787902832,-4.1054328380000005
Y246T,0.3400146961212158,-3.719636364
Y246L,0.029605865478515625,-1.568996505
Y246K,0.15517902374267578,-3.803495443
Y246I,-0.2563505172729492,-2.80889957
Y246H,-0.5508441925048828,-0.032510871
Y246G,0.36846184730529785,-2.18237387
Y246F,-0.25733351707458496,-1.6439344969999998
Y246E,0.340958833694458,-3.065818274
Y246D,0.6727936267852783,-3.309504893
Y246C,-1.6202383041381836,-2.101070004
Y246A,-0.19009947776794434,-1.907646245
Y246V,-0.19432830810546875,-3.700528259
Y246P,0.12772607803344727,-3.883994568
Y246N,0.6273560523986816,-2.492199855
W247V,1.5305519104003906,-4.744001074
W247Y,1.4990019798278809,-2.988618569
W247C,0.5019598007202148,-3.064879688
W247A,1.6754481792449951,-4.580565611
W247T,2.0471749305725098,-4.530131042
W247F,1.2405099868774414,-3.044220784
W247G,2.109323263168335,-3.98651358
W247D,1.6387429237365723,-3.718499615
W247H,1.0571620464324951,-4.293818707
W247I,1.2231080532073975,-4.68014213
W247E,1.8989601135253906,-4.354738413
W247K,1.8199148178100586,-4.2307779660000016
W247M,0.4450693130493164,-3.717718396
W247N,1.908539056777954,-4.0574497460000005
W247P,1.6595313549041748,-4.6577819730000005
W247Q,1.3464395999908447,-4.038413399
W247R,1.7076754570007324,-4.223160047
W247S,2.360276699066162,-4.814606239
W247L,1.4656481742858887,-4.167426428
T248I,-0.632220983505249,-0.453270912
T248Y,-0.26589536666870117,-0.705098949
T248G,0.6455364227294922,-3.272084102
T248C,-1.5065622329711914,-1.083222957
T248E,0.12156939506530762,-1.466854605
T248D,0.17140650749206543,-1.527482286
T248F,-0.6833014488220215,-1.430150781
T248K,0.3582150936126709,-1.702207719
T248H,-0.06869387626647949,0.026072863
T248M,-1.1502056121826172,-0.595282699
T248L,-0.3504152297973633,-0.7099465090000001
T248W,-2.001145362854004,-1.313837756
T248V,-0.3726472854614258,-0.536343934
T248S,0.2756197452545166,-0.581392386
T248R,0.4048466682434082,-1.597901466
T248P,-0.052227020263671875,-3.758446144
T248N,0.252124547958374,-1.837609525
T248A,-0.29808664321899414,-0.522789088
T248Q,-0.261763334274292,-1.477924407
L249A,-0.038153648376464844,-2.848120825
L249C,-1.1131739616394043,-2.341070226
L249D,0.7611861228942871,-3.81233266
L249E,0.7084875106811523,-3.205302569
L249F,-0.19401073455810547,-1.898144661
L249G,0.600921630859375,-3.38135705
L249H,0.12714362144470215,-3.674353079
L249I,-0.049602508544921875,-0.125670932
L249M,-0.8951292037963867,-0.6546646939999999
L249N,0.9606666564941406,-3.19989802
L249P,0.22140836715698242,-3.926025678
L249R,0.3499126434326172,-2.338812363
L249S,0.7593834400177002,-2.675976056
L249T,0.6053197383880615,-1.113918891
L249V,0.24819231033325195,-0.45986356
L249W,-0.975776195526123,-2.605673429
L249Y,0.6244018077850342,-3.726141426
L249K,0.7204504013061523,-2.1347076
L249Q,0.14832758903503418,-3.122494027
L250I,-0.44721174240112305,-0.591448909
L250P,-0.5363082885742188,-2.532231166
L250D,-2.14172101020813,-3.343379914
L250E,-2.408416748046875,-3.432145901
L250F,-1.1324050426483154,-3.555413251
L250G,-1.6918249130249023,-4.108781158
L250H,-2.830063819885254,-3.918167198
L250K,-2.095371723175049,-3.615014133
L250M,-1.7613067626953125,-2.105265145
L250A,-0.6699638366699219,-3.362980293
L250N,-1.9772050380706787,-4.051251857
L250Q,-2.7644739151000977,-2.961768127
L250R,-2.5117034912109375,-4.489981426
L250S,-1.5593667030334473,-4.185776494
L250T,-1.6431713104248047,-3.232543878
L250V,0.10186219215393066,-0.048547844
L250W,-2.968982696533203,-2.72358031
L250Y,-1.7068533897399902,-3.742105432
L250C,-2.307803153991699,-3.073314862
E251H,-0.7491159439086914,-0.359771914
E251I,-1.7146062850952148,-0.999187593
E251K,0.7609057426452637,-0.318823965
E251L,-1.0885741710662842,-0.013007666
E251M,-1.7953033447265625,-0.325687211
E251N,0.3729395866394043,-0.580473598
E251P,-2.870481014251709,-0.098951463
E251Q,0.18104767799377441,0.172912709
E251R,0.012905120849609375,-0.0746797
E251S,-0.16274166107177734,-0.182923675
E251T,-0.9134745597839355,-0.165913884
E251V,-1.3289518356323242,-0.676186698
E251W,-3.216294288635254,-1.068263803
E251G,-1.203118085861206,-0.297012434
E251F,-1.7905607223510742,-0.633266471
E251Y,-0.7309472560882568,-0.300375657
E251C,-2.0054616928100586,-1.756538283
E251A,-0.7936081886291504,-0.047668847
E251D,-0.8877027034759521,-0.7625532270000001
P252A,-1.6720070838928223,-0.999528569
P252E,-1.4856033325195312,-1.137711868
P252F,-3.913442611694336,-2.548691187
P252G,-2.4902544021606445,-2.293263526
P252H,-2.7325923442840576,-1.1438860240000002
P252I,-2.7388551235198975,-1.795152137
P252K,-1.4427285194396973,-2.097124176
P252L,-3.0224409103393555,-3.113915983
P252N,-1.4210915565490723,-2.652385601
P252Q,-2.3591198921203613,-1.35359329
P252R,-2.2704243659973145,-2.13643656
P252S,-1.454361915588379,-1.883259846
P252T,-2.2577502727508545,-2.80861758
P252V,-2.0143940448760986,-2.32829802
P252W,-5.224526882171631,-2.918702662
P252Y,-3.0458574295043945,-3.290877736
P252C,-4.210887908935547,-3.392440994
P252M,-4.207589149475098,-2.549828327
P252D,-1.6616079807281494,-1.433360654
G253W,-4.648624897003174,-1.140480647
G253Y,-3.1077098846435547,-1.203458619
G253C,-3.825374126434326,-2.758655214
G253D,-2.2994699478149414,-1.41066294
G253E,-2.492349147796631,-0.127642032
G253F,-3.395488739013672,-1.458382676
G253H,-3.4013848304748535,-1.268464772
G253I,-3.3887081146240234,-3.80522565
G253K,-2.330288887023926,-1.243644711
G253L,-3.075562000274658,-1.196373445
G253M,-4.111173629760742,-0.543822636
G253N,-1.1621733903884888,-1.008427767
G253P,-4.1306915283203125,-3.753175655
G253Q,-3.2345528602600098,-1.509185826
G253R,-2.8737964630126953,-1.331929725
G253A,-3.288668155670166,-1.064826864
G253T,-2.567610263824463,-0.966149563
G253S,-2.19785737991333,-0.8792799029999999
G253V,-3.3939871788024902,-2.101014545
D254G,-1.652915358543396,-0.272036312
D254C,-3.54378080368042,-1.798190549
D254E,0.15509796142578125,0.159363565
D254F,-3.733724594116211,-2.306833772
D254Y,-2.9382271766662598,-1.388630199
D254W,-4.253486156463623,-1.950759078
D254V,-3.0149641036987305,-2.99631097
D254T,-1.4875019788742065,-2.604605889
D254S,-0.9104810953140259,-0.535869445
D254R,-2.2038073539733887,-3.44281355
D254P,-3.975612163543701,-4.0757957760000005
D254N,-1.6305040121078491,-1.397204094
D254M,-3.1942920684814453,-2.010984053
D254L,-3.3378405570983887,-3.986361486
D254K,-1.1134470701217651,-0.883140542
D254I,-3.598466396331787,-2.832870171
D254H,-2.4682998657226562,-0.5320225270000001
D254Q,-0.6260465383529663,0.553775237
D254A,-1.6840742826461792,0.082622498
T255H,-1.7102913856506348,0.134555665
T255M,-2.3008861541748047,-0.822689705
T255C,-2.0790348052978516,-1.030796736
T255A,-1.0471575260162354,-0.499925434
T255F,-1.6084203720092773,-0.177889937
T255G,-1.5570969581604004,-0.920233085
T255I,-0.9776673316955566,-0.94122626
T255K,-0.3225839138031006,-0.786268924
T255L,-1.269395351409912,-1.928877441
T255D,-1.0195322036743164,-1.320432679
T255N,-1.1123299598693848,-0.322896963
T255Q,-0.9929604530334473,-0.40261656
T255R,-0.7038259506225586,-1.217028951
T255S,0.29511940479278564,-0.183649622
T255V,-0.7085888385772705,0.188728337
T255W,-2.5900497436523438,-0.6704159789999999
T255Y,-0.9418861865997314,-0.375187252
T255P,-2.122565269470215,-3.02020446
T255E,0.3003348112106323,0.082997637
I256Y,-0.9413248300552368,-2.950696815
I256E,-1.8954321146011353,-3.863291708
I256W,-2.886582851409912,-3.5849426460000005
I256F,-0.9252554178237915,-3.102752718
I256A,-0.4048839807510376,-3.460548454
I256H,-2.553253650665283,-4.181748959
I256G,-1.6360079050064087,-3.3786312310000004
I256K,-1.6015609502792358,-2.974168734
I256D,-2.756246566772461,-3.55910445
I256M,-1.5468789339065552,-1.246547967
I256N,-2.4577584266662598,-3.47577745
I256L,-0.02752518653869629,-0.575975377
I256Q,-2.1113481521606445,-3.3874161330000003
I256R,-1.7942091226577759,-3.244723086
I256S,-1.815956711769104,-4.139626278
I256T,-1.3431512117385864,-3.0152238510000005
I256V,0.3297407627105713,-0.817420714
I256C,-2.1564407348632812,-3.422890799
I256P,-2.4105944633483887,-4.070873618999999
I257F,-0.8903143405914307,0.165731686
I257A,-0.2873852252960205,-0.031253677
I257C,-1.1516945362091064,-0.619181866
I257D,0.15396761894226074,-0.789280337
I257E,1.0889019966125488,-0.812959897
I257G,-0.8167421817779541,-0.781900975
I257T,1.378963828086853,-0.399666972
I257K,0.45029759407043457,-0.205219662
I257L,-0.378920316696167,0.081745855
I257M,-1.368457555770874,0.279546917
I257V,0.3289320468902588,-0.2157258
I257Q,0.10161948204040527,0.107595901
I257S,0.9338510036468506,-0.220757228
I257R,0.3230865001678467,-2.09106224
I257H,-0.1383206844329834,-1.00192843
I257Y,-0.003881692886352539,-0.160142853
I257N,0.2933363914489746,-0.8281099259999999
I257P,-1.3566930294036865,-4.179523028999999
I257W,-2.0121428966522217,0.884869976
F258Y,-1.1161799430847168,-1.867085178
F258W,-2.234266757965088,-1.857204151
F258V,0.5567492246627808,-2.036912163
F258T,-1.0432262420654297,-3.744394658
F258S,-0.9880952835083008,-2.926922283
F258Q,-1.9750947952270508,-3.305582915
F258P,-1.718411922454834,-3.860979864
F258N,-1.3983774185180664,-3.631966887
F258M,-1.1141037940979004,-2.729531122
F258L,0.16563940048217773,-0.644816423
F258I,0.3484492301940918,-1.123237419
F258H,-1.7184576988220215,-2.90207538
F258G,-1.0128850936889648,-4.109090431
F258E,-1.680837631225586,-3.5460741060000003
F258D,-1.6926684379577637,-3.930591543
F258C,-1.780346393585205,-3.532536108
F258A,-0.39314794540405273,-4.1305916960000015
F258K,-1.6372065544128418,-3.537374842
F258R,-1.910961627960205,-4.426724519
E259F,-2.5883266925811768,-2.893044339
E259D,-0.5824916362762451,-1.612641618
E259W,-2.9991562366485596,-2.739865446
E259H,-1.352545976638794,-1.465117584
E259G,-1.436053991317749,-2.289431204
E259Y,-1.401686668395996,-3.1502349730000003
E259C,-2.768998384475708,-2.392194197
E259V,-1.7868561744689941,-1.6747695219999998
E259T,-0.256028413772583,-1.894231372
E259S,-0.31217503547668457,-1.221661034
E259R,-0.5667846202850342,-1.869958055
E259A,-1.552013635635376,-2.552622395
E259P,-1.3751931190490723,-4.055842312
E259N,-0.6001498699188232,-2.513143395
E259M,-2.7998979091644287,-1.904942455
E259L,-2.1029999256134033,-3.956159596
E259K,-0.2621285915374756,-2.159299163
E259I,-2.175213098526001,-2.281722617
E259Q,-0.9251844882965088,-2.083223104
A260W,-1.5150954723358154,-2.291930875
A260V,-0.24803638458251953,-2.634556437
A260T,-0.09830832481384277,-2.125862557
A260S,0.07252788543701172,-1.074850939
A260R,-0.693035364151001,-4.096550661
A260Q,-1.0202958583831787,-3.0255790030000003
A260P,-0.6987760066986084,-4.056889142
A260N,-0.4116644859313965,-2.584931941
A260I,-0.6367902755737305,-2.953485505
A260L,-0.533116340637207,-2.349680546
A260K,-0.6735193729400635,-2.538752589
A260H,-0.30326080322265625,-1.911778047
A260G,-0.408841609954834,-1.546713443
A260F,-0.7446291446685791,-3.054946782
A260D,-1.0623281002044678,-2.675101584
A260C,-0.2308180332183838,-2.38495323
A260Y,-0.08626580238342285,-2.960305475
A260M,-1.4111790657043457,-2.316726654
A260E,-0.895047664642334,-2.515500404
T261I,-1.0604143142700195,-2.191150686
T261C,-2.1739296913146973,-3.248232
T261D,-0.2971005439758301,-2.38226059
T261E,-0.1283721923828125,-1.219522776
T261F,-1.5405526161193848,-1.232948341
T261G,-0.950347900390625,-2.302967361
T261H,-1.0631368160247803,-2.7783653860000004
T261K,0.15572047233581543,-2.377441732
T261V,-0.7888789176940918,-1.342822734
T261L,-1.3311402797698975,-1.653735424
T261N,-0.2630307674407959,-1.008480619
T261P,-0.9698386192321777,-3.957064177
T261Q,-0.772242546081543,-1.157359993
T261R,-0.33568596839904785,-2.71030721
T261S,0.057546377182006836,-0.164643318
T261Y,-0.8873922824859619,-1.863951161
T261M,-2.0854344367980957,-1.58002252
T261A,-1.0692014694213867,-1.511973229
T261W,-2.4106974601745605,-2.240808291
G262V,-0.4661402702331543,-3.69173099
G262Q,-0.7289142608642578,-3.797999414
G262W,-2.1670942306518555,-2.63093718
G262P,-0.2797274589538574,-3.670110742
G262N,-0.06795144081115723,-3.805887191
G262M,-1.4732170104980469,-3.091117767
G262L,-0.7040567398071289,-3.905150423
G262K,-0.5245280265808105,-3.628757258
G262Y,-0.21398162841796875,-3.895393766
G262S,0.429257869720459,-3.283200544
G262H,-0.22069573402404785,-3.67112507
G262F,-0.7715606689453125,-3.256918255
G262E,-0.35279226303100586,-2.582139965
G262D,-0.3428471088409424,-2.96316343
G262C,-1.3401472568511963,-2.667267462
G262A,-0.051605939865112305,-3.163360441
G262T,0.16773366928100586,-4.419631449
G262I,-0.9443180561065674,-3.692185584
G262R,-0.6828434467315674,-4.687459461
N263G,-0.3266487121582031,-3.348459827
N263A,-1.0340511798858643,-2.83108688
N263W,-2.7487220764160156,-3.0752229630000003
N263V,-1.4413948059082031,-4.096158653
N263T,-0.4207601547241211,-3.666807267
N263S,0.005343437194824219,-3.161004298
N263R,-0.7782497406005859,-4.561776065
N263P,-0.5290429592132568,-3.997363164
N263M,-2.2032737731933594,-3.4406998960000004
N263L,-1.3302130699157715,-4.591972913999999
N263K,-0.15865612030029297,-3.561255107
N263I,-1.7586069107055664,-3.625236535
N263H,-1.2528505325317383,-3.48645752
N263F,-1.7038931846618652,-3.069753835
N263E,-0.29215335845947266,-2.795989161
N263D,0.040834665298461914,-2.855185175
N263C,-2.3119735717773438,-3.678386587
N263Y,-1.1201434135437012,-3.088334638
N263Q,-0.9619474411010742,-4.168265203
L264W,-1.504119873046875,-0.623473956
L264R,0.29733991622924805,-4.254940559
L264Y,0.11861848831176758,-1.32355621
L264V,0.10630607604980469,-2.542923159
L264T,0.7444157600402832,-4.515222264
L264S,1.0353388786315918,-4.093101206
L264Q,0.1451578140258789,-3.481786667
L264P,0.3028998374938965,-2.988714108
L264A,0.3468513488769531,-3.482786205
L264M,-0.8053379058837891,-1.704651393
L264N,1.1403889656066895,-3.588466361
L264I,-0.12215328216552734,-1.5414704419999998
L264H,0.2579801082611084,-3.411331511
L264G,0.8429272174835205,-4.010968595
L264F,-0.3008613586425781,-1.27313916
L264E,0.6593465805053711,-3.390212337
L264D,0.7938728332519531,-3.825073442
L264C,-1.082120418548584,-2.90872236
L264K,0.795985221862793,-3.620574973
I265R,0.45053791999816895,-4.153200273
I265S,1.2885446548461914,-4.239760373
I265T,1.0210838317871094,-2.771759004
I265A,0.46803903579711914,-1.012604165
I265W,-1.4143567085266113,-3.443169012
I265Y,0.15862751007080078,-2.809945402
I265Q,0.35927581787109375,-3.383136462
I265V,0.20264029502868652,-0.789083195
I265P,0.8678245544433594,-3.987887161
I265G,0.8041050434112549,-4.004352208
I265M,-0.7966504096984863,-1.359045595
I265L,0.1670217514038086,0.016919266
I265K,1.0067849159240723,-3.241952222
I265H,-0.01952648162841797,-2.912842712
I265F,-0.18185758590698242,-3.696118627
I265E,0.8673429489135742,-3.595013717
I265D,1.220226764678955,-2.479713533
I265C,-0.9843130111694336,-3.363660609
I265N,1.3597509860992432,-3.637923552
A266I,-0.6124758720397949,-2.62301241
A266H,-0.20323991775512695,-2.669842116
A266G,0.5824673175811768,-3.279972519
A266C,-1.483344554901123,-2.233781262
A266E,0.45789480209350586,-2.676380179
A266D,0.21352171897888184,-2.8057944810000004
A266F,-0.8189296722412109,-3.42778833
A266L,-0.30631494522094727,-3.103724135
A266K,0.6995410919189453,-3.061708862
A266N,0.5196833610534668,-3.341478363
A266M,-1.1408510208129883,-1.790723197
A266W,-1.896601676940918,-2.538852719
A266V,-0.35015058517456055,-1.30999543
A266T,0.2468397617340088,-2.226587559
A266Y,-0.18635320663452148,-3.159759242
A266R,0.2185225486755371,-3.872798616
A266P,-0.6593976020812988,-3.102629432
A266S,0.5322351455688477,-2.236357225
A266Q,0.03731107711791992,-2.675730936
P267T,-0.1929335594177246,-3.758009884
P267C,-1.8782997131347656,-3.390867487
P267D,0.2414417266845703,-3.474673679
P267E,-0.17134523391723633,-3.631091581
P267F,-1.5384483337402344,-2.882219487
P267G,0.4887855052947998,-4.287790015
P267H,-0.5085980892181396,-3.67574213
P267I,-1.6671953201293945,-3.4382521610000003
P267A,-0.687570333480835,-3.242269798
P267L,-1.385772705078125,-2.536558667
P267M,-2.099008560180664,-2.492736612
P267N,0.12202167510986328,-2.491622154
P267Q,-0.6416177749633789,-3.3953504010000004
P267R,-0.1771228313446045,-3.0636603410000003
P267S,0.22292757034301758,-3.1811639210000004
P267V,-1.2398781776428223,-3.527602689
P267K,-0.12400007247924805,-3.2562283780000003
P267Y,-0.8192777633666992,-3.912451225
P267W,-2.1203794479370117,-3.1834374810000003
W268T,2.164874315261841,-1.141323117
W268C,1.0080137252807617,-0.852894933
W268A,2.442824602127075,-1.087152631
W268D,1.5327131748199463,-2.504229794
W268E,1.538193702697754,-1.049390677
W268F,1.8718171119689941,-1.681286031
W268G,2.473069190979004,-0.987535489
W268H,1.667646884918213,-0.404450804
W268I,2.541430950164795,-1.3918523930000002
W268K,1.483187198638916,-1.916431893
W268L,2.305885076522827,-0.579826278
W268N,1.6771798133850098,-0.633210052
W268P,1.3546929359436035,-3.622026364
W268Q,1.3812806606292725,-1.436861001
W268R,1.3644335269927979,-1.379058695
W268S,2.2406039237976074,-1.002228128
W268Y,1.569500207901001,-1.278564512
W268V,2.9973034858703613,-0.602322891
W268M,1.2297325134277344,-0.548352826
Y269N,-0.023316144943237305,-2.149636611
Y269A,0.019102096557617188,-3.518649313
Y269C,-1.2563917636871338,-1.905287098
Y269E,-0.2613658905029297,-3.5831215910000003
Y269F,-0.5005652904510498,-0.827854632
Y269G,0.2555088996887207,-3.445094062
Y269H,-0.47377872467041016,-0.548545811
Y269I,-0.12394070625305176,-2.698727502
Y269K,-0.0033397674560546875,-2.273763356
Y269L,-0.1605689525604248,-3.495096093
Y269D,-0.31075525283813477,-3.4988219010000003
Y269P,-0.5937135219573975,-4.2870261030000005
Y269Q,-0.3616042137145996,-1.804711175
Y269R,-0.02054619789123535,-3.292973794
Y269S,0.2689049243927002,-3.4744849610000004
Y269T,0.25321412086486816,-2.83144147
Y269V,0.19215846061706543,-2.978419187
Y269W,-1.4166724681854248,-1.089647946
Y269M,-0.9559581279754639,-1.5058663230000002
A270W,-2.1468684673309326,-2.843585959
A270V,-0.13027071952819824,-2.945493066
A270T,-0.6015808582305908,-3.038242977
A270S,-0.17418146133422852,-1.553772283
A270R,-1.228724718093872,-4.626007373
A270Q,-1.2945103645324707,-3.587287261
A270P,-1.2632529735565186,-4.162266474
A270N,-0.8068008422851562,-3.4469224260000004
A270I,-0.4513213634490967,-4.209281818
A270L,-0.354323148727417,-4.343526338
A270K,-1.2747139930725098,-3.958868178
A270H,-1.60854172706604,-3.652641492
A270G,0.7586829662322998,-0.427423253
A270E,-0.9940125942230225,-3.608277194
A270F,-0.7750837802886963,-3.948571458
A270Y,-0.83164381980896,-3.3889055910000003
A270M,-1.5555846691131592,-2.891174057
A270D,-0.8350040912628174,-2.668048772
A270C,-1.5712354183197021,-3.539340746
F271D,-0.6692368984222412,-3.368872098
F271G,-0.412830114364624,-4.184653915
F271H,-1.0515201091766357,-1.199289922
F271I,0.523698091506958,-3.234669854
F271K,-0.40827226638793945,-2.358139856
F271L,0.3811666965484619,-2.202460674
F271M,-0.6740143299102783,-2.398568411
F271N,-0.6641275882720947,-3.481032548
F271P,-1.0717411041259766,-4.772691597
F271Q,-0.6194016933441162,-3.655745911
F271R,-0.3027513027191162,-4.2596309230000005
F271S,-0.004171848297119141,-3.198182709
F271T,0.07068228721618652,-3.4831753560000003
F271V,0.8455150127410889,-3.621108187
F271Y,0.17016243934631348,-1.105076425
F271W,-1.077939510345459,-0.946310089
F271E,-0.2708580493927002,-2.567134622
F271C,-1.1692745685577393,-3.396951714
F271A,-0.05257439613342285,-3.553251496
A272D,-1.013826847076416,-2.7309072389999995
A272V,-0.45239925384521484,-0.028302665
A272T,-0.9787890911102295,0.1257693869999999
A272S,-0.6147818565368652,0.203545071
A272R,-1.5365638732910156,-1.475292204
A272Q,-1.5519301891326904,-0.429235588
A272P,-1.658357858657837,-4.359921968
A272N,-1.1164395809173584,-3.718869262
A272M,-1.940547227859497,-0.380581673
A272L,-1.0560171604156494,-0.380809311
A272K,-1.3980579376220703,-0.257832077
A272I,-1.0661842823028564,-0.41729142
A272H,-2.172739267349243,-2.07768563
A272G,-0.3410656452178955,-0.590602553
A272F,-1.6252472400665283,-2.235311912
A272E,-1.2660362720489502,0.109999844
A272C,-1.7253730297088623,-2.054035865
A272W,-2.5553109645843506,-2.704264972
A272Y,-1.1992075443267822,-1.199291627
L273I,0.27911806106567383,-0.20806897
L273D,-0.3233187198638916,-3.217781074
L273E,0.14119553565979004,-2.951545215
L273F,-0.312237024307251,-1.512144635
L273G,-0.265733003616333,-3.797743088
L273H,-0.782789945602417,-3.711713316
L273K,0.13533926010131836,-3.5724413110000004
L273M,-1.091827392578125,-1.476653764
L273N,-0.2865309715270996,-3.4368855010000003
L273P,-0.9179427623748779,-3.0643311410000003
L273Q,-0.28365397453308105,-2.566353151
L273R,-0.09887290000915527,-3.495317736
L273S,0.4395172595977783,-3.881014492
L273T,0.4161107540130615,-1.867555262
L273V,0.5238711833953857,0.297467244
L273C,-1.1524522304534912,-1.258013978
L273W,-1.0832972526550293,-2.800505383
L273A,-0.14760041236877441,-1.459935351
L273Y,0.10525894165039062,-3.244342907
S274V,0.5565130710601807,0.309538873
S274T,-0.29166579246520996,-0.317068699
S274R,-0.4618642330169678,-0.685432685
S274Q,-0.6500122547149658,-0.93615188
S274P,-0.36197781562805176,-4.1334431480000005
S274C,-1.3057284355163574,-1.871059757
S274N,-0.5995328426361084,-0.5354861360000001
S274D,-0.694939374923706,-0.3848800120000001
S274K,-0.1195375919342041,-0.791653163
S274I,0.09099459648132324,-0.8632676979999999
S274H,-1.2370436191558838,-0.440426088
S274G,0.10524964332580566,-0.542756056
S274F,-0.6582808494567871,-1.205576283
S274E,-0.42917346954345703,-0.480790395
S274L,-0.10715651512145996,-0.851833917
S274M,-1.322099208831787,-0.362268742
S274A,0.15753531455993652,-0.382298445
S274Y,-0.39750099182128906,-0.642696986
S274W,-1.5528805255889893,0.026355981
R275S,0.8899173736572266,-2.255271055
R275Q,-0.0026977062225341797,-2.42937323
R275P,0.21262025833129883,-2.560294809
R275N,0.5237150192260742,-2.496120576
R275M,-1.1671910285949707,-2.486944882
R275L,-0.13175058364868164,-3.615411289
R275K,0.5628771781921387,-1.167409787
R275Y,0.10204458236694336,-1.734113103
R275H,-0.44652390480041504,-1.748071936
R275G,0.6910476684570312,-2.787590207
R275F,-0.4700789451599121,-2.627894055
R275E,0.5589759349822998,-3.2288498110000003
R275D,0.6347842216491699,-3.416964869
R275C,-0.6976108551025391,-3.3737624060000004
R275A,0.21224284172058105,-2.919350899
R275W,-1.337153434753418,-3.3421000160000003
R275I,-0.1224064826965332,-2.947712648
R275T,0.396747350692749,-2.356209712
R275V,0.27252840995788574,-3.184276768
G276E,-0.44449710845947266,-0.685145743
G276A,-0.900418758392334,-0.3031229
G276C,-1.541287899017334,-0.721485047
G276F,-1.4519047737121582,-1.909523705
G276D,0.3361623287200928,-0.33126456
G276H,-1.2587738037109375,-0.927890785
G276I,-0.9855260848999023,-2.048454267
G276K,-0.4854755401611328,-0.950375374
G276L,-1.0252432823181152,-1.504774316
G276M,-2.1528401374816895,-0.639554116
G276N,-0.02213287353515625,0.6152037570000001
G276Y,-0.98099684715271,-1.4309936319999998
G276Q,-1.0086016654968262,-0.489858064
G276R,-0.8612120151519775,-0.6570218179999999
G276S,0.04238271713256836,0.233574027
G276T,-0.40823817253112793,-0.5573044420000001
G276V,-0.6818346977233887,-1.704087086
G276W,-2.6655120849609375,-1.549041824
G276P,-0.7988054752349854,-3.291300564
F277S,0.8870949745178223,0.116967288
F277R,-0.07219171524047852,0.0083299569999999
F277Q,-0.2015976905822754,0.081475313
F277P,0.0020208358764648438,-0.029379292
F277N,0.81654953956604,-0.4979438570000001
F277M,-0.8595514297485352,-0.729647151
F277K,0.5194551944732666,-0.031667293
F277I,0.3031880855560303,-0.079011652
F277E,0.43186521530151367,-0.708812575
F277G,0.6668820381164551,-0.464144911
F277D,0.6430313587188721,0.02860914
F277W,-1.1670236587524414,-0.641947869
F277A,0.09647250175476074,0.013689315
F277C,-0.9372916221618652,-1.662598616
F277Y,0.1679229736328125,-0.479098429
F277T,0.6540117263793945,0.778916919
F277H,-0.6463823318481445,-0.183356907
F277V,0.3435373306274414,-0.046234117
F277L,0.31009626388549805,-0.038295862
E278C,-0.9024162292480469,-1.534300908
E278Y,-0.22282075881958008,0.256496136
E278W,-1.5211107730865479,-0.54095395
E278V,0.06901431083679199,-0.92765388
E278T,0.26825666427612305,-0.535997811
E278S,0.6307501792907715,-0.449587574
E278Q,-0.4618690013885498,-0.183427907
E278P,-0.28913354873657227,0.195483941
E278N,0.12449908256530762,0.168722043
E278R,-0.26259303092956543,-0.387810363
E278F,-0.5944411754608154,-0.60493695
E278D,0.11398434638977051,0.443791456
E278M,-1.4351565837860107,-1.481692573
E278G,0.46985816955566406,-0.278408335
E278H,-0.7195436954498291,-0.232441105
E278A,-0.0901651382446289,0.008776881
E278I,-0.16210722923278809,-0.534067585
E278K,0.18218088150024414,-0.197450288
E278L,-0.22143816947937012,-0.088002404
S279M,-1.3753430843353271,-1.670924189
S279F,-0.6371281147003174,-1.710920622
S279G,-0.06358027458190918,-0.282102888
S279H,-0.9824707508087158,-0.556934665
S279I,-0.25667285919189453,-2.308518749
S279K,-0.14950799942016602,-1.94285738
S279L,-0.20902514457702637,-1.019518911
S279E,-0.3186357021331787,-1.883620295
S279D,-0.06628036499023438,-1.5180961469999998
S279P,-0.7124865055084229,-2.186743541
S279Q,-0.7917449474334717,-1.163134718
S279N,0.1958448886871338,0.370807916
S279C,-1.33624267578125,-1.589642709
S279Y,-0.38309311866760254,-2.269923269
S279A,-0.4963343143463135,-0.137961918
S279V,-0.06616497039794922,-1.03521351
S279T,-0.19996070861816406,-1.027161349
S279R,-0.6032419204711914,-1.385636709
S279W,-1.861008644104004,-1.599169218
G280D,-0.22337818145751953,-2.852421213
G280E,-0.16723370552062988,-3.20821275
G280F,-0.6732006072998047,-3.237396432
G280H,-1.0014855861663818,-2.626227407
G280I,-0.5512394905090332,-2.698474507
G280K,-0.16428518295288086,-3.046344792
G280L,-0.47826194763183594,-3.034377475
G280M,-1.5958070755004883,-2.671407932
G280P,-0.572113037109375,-2.46460634
G280Q,-0.7100825309753418,-2.487501388
G280S,0.17251157760620117,-1.667490729
G280T,-0.13725757598876953,-1.445891421
G280V,-0.26410555839538574,-2.374300983
G280W,-1.937028408050537,-2.7036954630000003
G280Y,-0.6321117877960205,-2.405520042
G280C,-1.4904255867004395,-2.589942411
G280N,-0.2057180404663086,-1.943214045
G280R,-0.5142865180969238,-2.678164237
G280A,-0.3375277519226074,-0.96412096
I281M,-1.258380651473999,-2.62258014
I281G,-0.37261033058166504,-3.605895032
I281H,-1.0793566703796387,-3.634494212
I281K,-0.01123356819152832,-3.486859018
I281L,-0.07870268821716309,-1.3571156780000002
I281N,0.4033639430999756,-3.082844149
I281P,-0.715961217880249,-3.898872483
I281Q,-0.6188585758209229,-3.672896122
I281R,-0.4099421501159668,-3.682123776
I281S,0.2137129306793213,-3.628850815
I281V,0.07212138175964355,-1.114056189
I281W,-1.0021388530731201,-2.970016802
I281T,0.2273392677307129,-2.720541482
I281A,-0.4575214385986328,-3.428980112
I281F,-0.27649617195129395,-0.8906242329999999
I281E,-0.1799938678741455,-3.817032388
I281D,-0.3299705982208252,-2.9078432860000003
I281C,-0.8651111125946045,-3.472349036
I281Y,-0.1473534107208252,-2.392956861
I282N,-0.5288012027740479,-2.825661839
I282P,-0.8404731750488281,-3.4569416910000004
I282Q,-1.0769131183624268,-2.652809666
I282S,-0.020785808563232422,-3.1762178810000004
I282Y,-0.307218074798584,-2.930397425
I282W,-1.2417340278625488,-2.788804789
I282V,-0.034209489822387695,-1.558515142
I282T,-0.32670164108276367,-2.433350277
I282L,0.09447598457336426,-0.779879785
I282R,-0.9306521415710449,-3.658959554
I282K,-0.7377786636352539,-2.792852994
I282M,-1.3961331844329834,-1.17049881
I282G,-0.43242835998535156,-3.91953901
I282C,-0.7894034385681152,-2.915687144
I282A,-0.48815155029296875,-3.15494747
I282D,-0.43838977813720703,-2.465643908
I282H,-1.3132505416870117,-3.48440767
I282F,-0.21221470832824707,-1.099790631
I282E,-0.7640120983123779,-2.190721782
T283E,-0.4076042175292969,-0.744610125
T283A,-0.25786566734313965,-0.638004592
T283P,-0.3796515464782715,-3.05208287
T283G,-0.2521376609802246,-2.781922445
T283H,-0.9799644947052002,-1.185357705
T283I,0.11655759811401367,-0.904416001
T283K,-0.41075682640075684,-1.14909309
T283L,0.17029047012329102,0.099237988
T283M,-1.2863836288452148,-0.455458594
T283N,-0.2950592041015625,-0.657448966
T283F,-0.2714576721191406,-0.738582968
T283Q,-0.7734448909759521,-0.001104034
T283S,0.25672483444213867,-0.168637125
T283V,0.1897573471069336,0.347167349
T283W,-1.3571314811706543,-2.296310454
T283Y,-0.15021896362304688,-0.829036452
T283C,-1.0641746520996094,-0.977076406
T283R,-0.5114402770996094,-0.497141404
T283D,-0.3573439121246338,-2.204127258
S284N,-0.7133545875549316,-2.773501446
S284M,-0.9800729751586914,-3.295736475
S284Y,-0.008069276809692383,-3.868535172
S284L,0.3197975158691406,-3.783202782
S284K,-0.6473507881164551,-3.697210089
S284P,-0.7019078731536865,-3.087211289
S284Q,-0.8967363834381104,-3.2529141
S284R,-0.6962921619415283,-4.05324656
S284T,-0.1881725788116455,-0.898711576
S284W,-0.4915177822113037,-2.99236157
S284A,0.05124664306640625,-1.954589906
S284V,0.39813995361328125,-2.627226664
S284C,-1.430332899093628,-4.034762591000002
S284D,-0.8494153022766113,-4.112702346
S284E,-0.5772817134857178,-4.148360983
S284F,0.25823259353637695,-3.468367149
S284G,-0.09979939460754395,-3.04411518
S284H,-1.1060967445373535,-3.3388334160000004
S284I,0.23683810234069824,-3.623254428
N285Y,0.05045795440673828,-1.17428473
N285W,-1.1274042129516602,-1.7230325969999998
N285V,0.12200808525085449,-0.123281533
N285A,-0.26727294921875,-0.423219806
N285T,0.3651394844055176,-0.216896416
N285C,-1.1885454654693604,-2.506167334
N285R,-0.3210182189941406,-1.0023155190000002
N285S,0.4793999195098877,-0.79745312
N285D,-0.16051602363586426,-0.704234252
N285F,-0.22115373611450195,-1.378034873
N285G,-0.12024450302124023,-0.847515984
N285H,-0.8135857582092285,-0.860513835
N285E,-0.22946453094482422,-0.161107304
N285K,-0.08206796646118164,-1.535821417
N285L,-0.13978052139282227,-1.158201012
N285M,-1.2573528289794922,-1.628126375
N285P,-0.5064761638641357,-1.748971981
N285Q,-0.6096343994140625,-0.952991148
N285I,-0.019536256790161133,-0.975696469
A286R,-0.6923844814300537,-0.111415501
A286S,0.25151515007019043,-1.042277448
A286T,0.0697629451751709,-0.533559462
A286N,-0.1670851707458496,-1.025499683
A286M,-0.5709786415100098,-0.089425517
A286L,0.5417289733886719,0.561203851
A286K,-0.4672665596008301,-0.050272814
A286H,-1.1414580345153809,-0.84632802
A286Y,-0.11105799674987793,-1.6749922659999998
A286G,0.39290904998779297,-1.6624369819999998
A286F,0.11724233627319336,-1.128882659
A286E,-0.25359392166137695,-1.056864582
A286W,-1.1794281005859375,-1.624598375
A286V,0.6567835807800293,-0.720272921
A286C,-0.8330953121185303,-0.914553243
A286I,0.7489862442016602,-0.184167246
A286D,-0.3591442108154297,-2.156879506
A286P,-0.4718589782714844,-3.326970989
A286Q,-0.6133699417114258,-0.807261294
S287D,-0.569061279296875,-0.811839027
S287I,-0.08852148056030273,-0.6226059620000001
S287H,-1.230088710784912,-1.08189181
S287G,-0.4583315849304199,-0.5257710529999999
S287F,-0.46257638931274414,-1.520027508
S287E,-0.38033390045166016,0.284345309
S287C,-1.3696436882019043,-2.979669622
S287A,-0.45987963676452637,-0.667660983
S287K,-0.27080631256103516,-0.653272355
S287L,-0.11767458915710449,-0.631588436
S287Y,-0.3295018672943115,-1.68024114
S287M,-1.2685823440551758,-1.324160637
S287W,-1.2337729930877686,-2.073312267
S287V,-0.005270957946777344,-1.184544317
S287T,0.22093486785888672,-0.310956705
S287N,-0.34478020668029785,-1.335226286
S287P,-0.8356809616088867,0.049852587
S287R,-0.572789192199707,-0.850801549
S287Q,-0.7763767242431641,-0.911975638
M288I,1.4698684215545654,-0.582033999
M288C,0.4409334659576416,-1.546348514
M288D,0.8026456832885742,-3.034186736
M288P,0.7654597759246826,-0.459959331
M288F,1.220200538635254,-0.319336476
M288H,0.11265039443969727,-0.733730465
M288K,0.8529939651489258,-1.921481727
M288G,0.9876577854156494,-1.442044752
M288E,0.9573848247528076,-1.514329532
M288L,1.6294491291046143,0.347429914
M288Q,0.566723108291626,-1.416232638
M288R,0.5880026817321777,-1.057066478
M288S,1.4289307594299316,-1.178578009
M288T,1.077723741531372,-0.282585661
M288V,1.3081369400024414,-0.157546397
M288W,0.34450769424438477,-1.159014637
M288Y,1.107079029083252,0.154833957
M288A,0.9968540668487549,-1.233910385
M288N,0.9137635231018066,-1.737864639
H289M,0.024259567260742188,-0.74663697
H289A,1.5146205425262451,-0.318768566
H289N,1.2969300746917725,-0.988754584
H289K,1.2603950500488281,-1.56778896
H289Q,0.9780998229980469,-0.344433744
H289R,0.617131233215332,-1.5315066469999998
H289L,1.2579259872436523,-1.078386377
H289T,1.3432259559631348,-0.356394704
H289V,1.263979434967041,-0.625422258
H289S,1.7277600765228271,-0.171732071
H289Y,0.8288679122924805,-0.605412979
H289I,1.1798863410949707,-1.2904627
H289G,0.9556500911712646,0.052571186
H289F,0.799872875213623,-0.554649479
H289E,2.0956664085388184,-0.365160781
H289D,1.6777408123016357,0.025456801
H289C,-0.42378664016723633,-1.930863447
H289W,-0.40584754943847656,-2.133029524
H289P,0.930511474609375,-3.911483745
E290A,0.20555782318115234,-1.276970521
E290C,-0.8200154304504395,-3.594300597
E290K,-0.05301785469055176,-2.41066446
E290F,0.31735730171203613,-1.6199403730000002
E290G,0.44435930252075195,-1.160321198
E290D,0.26392483711242676,-0.422321791
E290H,-0.5181870460510254,-2.418082449
E290Y,0.3337411880493164,-1.517588523
E290W,-1.0192680358886719,-2.106587275
E290V,0.5931377410888672,-1.882392143
E290T,0.3309152126312256,-0.891955088
E290S,0.682135820388794,-0.83716849
E290R,-0.21313214302062988,-3.69280609
E290Q,-0.22847604751586914,-0.984884235
E290P,0.008003711700439453,-0.6558601479999999
E290N,0.29633092880249023,-0.868748878
E290M,-0.69950270652771,-1.520744875
E290L,0.6533792018890381,-1.3917598269999998
E290I,0.5868289470672607,-1.6079978119999998
C291S,0.7217931747436523,-4.091498876
C291R,0.1507866382598877,-4.013288607
C291Y,0.7642388343811035,-2.9622290060000003
C291E,0.22195076942443848,-3.349841838
C291A,0.6483612060546875,-3.771104114
C291F,1.1233313083648682,-3.848924223
C291G,0.6646838188171387,-3.856841944
C291H,-0.29483699798583984,-3.4650235680000003
C291I,1.3910493850708008,-3.24801421
C291D,0.40870141983032227,-3.469027583
C291L,1.6094145774841309,-4.055622695
C291M,0.10442137718200684,-2.929843575
C291N,0.6813924312591553,-3.621368807
C291P,0.14798688888549805,-4.234120569
C291Q,-0.15822482109069824,-3.611976596
C291W,0.14662408828735352,-3.131572382
C291K,0.24959897994995117,-3.7623976
C291V,1.0314052104949951,-3.742279466
C291T,0.5000152587890625,-3.952056855
N292G,0.008121728897094727,-3.349951842
N292H,-0.8663303852081299,-1.094233767
N292I,0.40686583518981934,-1.347232644
N292M,-0.6466495990753174,-1.590954293
N292L,0.7488555908203125,-2.340542165
N292F,-0.017815589904785156,-1.657724288
N292P,-0.0171053409576416,-4.205902859
N292K,-0.047866106033325195,-2.933480372
N292E,-0.08073234558105469,-0.982834235
N292Q,-0.31240224838256836,-1.465388427
N292C,-1.200423002243042,-2.479398082
N292A,0.055957794189453125,-2.7295346510000003
N292V,0.33152318000793457,-1.225961219
N292T,-0.01649332046508789,-0.784645533
N292S,0.3506031036376953,-0.49553288
N292R,-0.18020224571228027,-3.271203049
N292Y,-0.1317431926727295,-0.946479151
N292W,-1.0339491367340088,-1.717767042
N292D,-0.11046767234802246,-0.631915887
T293Q,-0.28386759757995605,-4.161932151
T293Y,-0.29765844345092773,-3.636088798
T293W,-1.158341407775879,-3.434098032
T293R,-0.2597849369049072,-3.4551842460000004
T293E,0.3036482334136963,-3.603049352
T293N,0.07441306114196777,-3.123439204
T293A,0.16369009017944336,-0.6862190429999999
T293C,-0.9406492710113525,-2.225588337
T293D,-0.048064470291137695,-2.920705482
T293P,-0.1924760341644287,-3.765946122
T293F,-0.19282007217407227,-3.79131315
T293V,0.30137157440185547,-2.1435569290000003
T293H,-1.1193509101867676,-3.228971193
T293I,0.2556777000427246,-3.637162151
T293K,0.07963061332702637,-3.1178958860000003
T293L,0.38971900939941406,-4.107648397
T293M,-0.9492204189300537,-2.1220970880000003
T293G,0.7743315696716309,-3.2148109810000003
T293S,0.5161738395690918,-1.458885195
K294Y,0.2355344295501709,-1.164960971
K294W,-0.8880858421325684,-1.275871468
K294V,0.32181310653686523,-0.668115408
K294S,0.3591742515563965,0.046197911
K294L,0.7021269798278809,-0.40691475
K294Q,-0.3857274055480957,-0.340010666
K294P,-0.43529748916625977,-1.347780577
K294N,0.10318136215209961,-0.195184159
K294M,-0.6860649585723877,-1.320154275
K294I,0.4771246910095215,-0.526724505
K294H,-0.7119340896606445,-0.422658288
K294G,0.04554247856140137,-1.006058341
K294E,-0.34314870834350586,-1.152327717
K294R,-0.2553384304046631,0.307630845
K294D,-0.32544469833374023,-1.059251513
K294C,-1.1453237533569336,-2.549992748
K294A,0.13949322700500488,0.293725872
K294T,0.2604637145996094,-1.037119869
K294F,0.23530960083007812,-0.627336853
C295Q,-0.09308433532714844,-2.803723809
C295P,0.2569618225097656,-3.331246048
C295R,0.02213144302368164,-3.628580848
C295Y,0.840595006942749,-2.663262323
C295T,0.5338616371154785,-3.80845406
C295V,0.684307336807251,-3.493878632
C295N,0.491466760635376,-2.821432218
C295S,0.6528770923614502,-3.700370888
C295M,-0.30168914794921875,-3.537352492
C295G,0.4990968704223633,-3.655090082
C295K,0.22825145721435547,-3.819247073
C295L,1.2154943943023682,-4.077570295
C295A,0.23289823532104492,-4.269328379
C295D,0.020678997039794922,-3.687230264
C295E,0.11466622352600098,-3.692864732
C295W,-0.25271153450012207,-3.315925804
C295H,-0.3558518886566162,-3.874576389
C295I,1.0331108570098877,-3.803453077
C295F,0.780510425567627,-3.3259883130000003
Q296P,0.4957287311553955,-3.235894306
Q296Y,0.41751980781555176,-2.88364552
Q296W,-0.6224415302276611,-2.839130698
Q296V,0.5716958045959473,-3.00203193
Q296T,0.6194865703582764,-3.387803805
Q296S,0.8417136669158936,-3.1762495310000003
Q296R,0.1459054946899414,-3.079049205
Q296N,0.4194319248199463,-2.7676790330000003
Q296A,0.20216155052185059,-3.2559930880000003
Q296L,0.7976486682891846,-3.777925901
Q296K,0.43248581886291504,-2.669816085
Q296I,0.6510801315307617,-2.388420606
Q296H,-0.4058558940887451,-2.301248671
Q296G,0.5459215641021729,-3.426159372
Q296F,0.4195375442504883,-2.389608728
Q296E,0.20075154304504395,-2.111675756
Q296D,0.1282646656036377,-2.734692939
Q296M,-0.5912353992462158,-1.86094672
Q296C,-0.4650862216949463,-3.368236371
T297I,0.4753437042236328,-2.318980812
T297L,0.6981613636016846,-2.157045417
T297M,-0.9529087543487549,-3.129511191
T297N,0.09052538871765137,-2.653824183
T297P,-0.03454709053039551,-2.785098793
T297Q,-0.6415338516235352,-2.738044134
T297Y,-0.014400959014892578,-2.973482738
T297S,0.11923694610595703,-0.267705535
T297V,0.14122843742370605,-3.2606604
T297W,-1.2954027652740479,-2.903257898
T297H,-0.9539408683776855,-2.814854514
T297A,-0.32828354835510254,-2.069560054
T297R,-0.5655858516693115,-3.243512134
T297G,-0.2940104007720947,-3.347903076
T297K,-0.44257259368896484,-2.475696691
T297E,-0.712836503982544,-3.305500885
T297D,-0.3806021213531494,-3.357616497
T297C,-0.1148836612701416,-2.7024326210000003
T297F,-0.05952906608581543,-3.2088290980000003
P298F,0.8210864067077637,-3.14618341
P298E,0.13493013381958008,-2.7188277160000003
P298D,-0.17689776420593262,-3.269314172
P298C,-0.37294578552246094,-2.275126837
P298A,0.4002804756164551,-1.906352248
P298H,-0.6783232688903809,-2.407611395
P298W,-0.3512394428253174,-2.732986217
P298I,1.486072063446045,-3.676924283
P298Y,0.6391170024871826,-2.914520625
P298L,1.5712896585464478,-3.580222577
P298K,0.11514520645141602,-3.10337189
P298G,0.07859086990356445,-2.896886519
P298T,0.46011853218078613,-2.266831984
P298S,0.5293130874633789,-2.118723159
P298V,1.1139676570892334,-2.519852458
P298Q,-0.15788555145263672,-2.519661191
P298N,0.17947149276733398,-3.516459032
P298M,-0.07536125183105469,-2.734819034
P298R,-0.0682673454284668,-3.758028532
Q299N,0.6770286560058594,-0.064896208
Q299Y,0.4915499687194824,0.676399978
Q299W,-0.6761264801025391,-0.034231167
Q299V,0.5680680274963379,0.542325311
Q299T,0.6605541706085205,0.256132129
Q299S,0.9578456878662109,-0.040584675
Q299P,0.2907116413116455,-0.399374938
Q299M,-0.5974934101104736,0.73857452
Q299R,-0.09185218811035156,-0.734828452
Q299K,0.2475905418395996,-0.921551957
Q299I,0.7316615581512451,0.482083409
Q299L,0.8321533203125,0.066644896
Q299H,-0.5530004501342773,0.31332188
Q299G,0.5627422332763672,-1.223376683
Q299F,0.4790492057800293,-0.11592322
Q299E,0.533846378326416,-0.470459358
Q299D,0.5172514915466309,0.09508369
Q299C,-0.3136458396911621,-0.20020562
Q299A,0.37696361541748047,-0.488922209
G300R,-0.4396529197692871,-3.420519639
G300S,0.5788977146148682,-3.837848834
G300T,0.3075745105743408,-2.989544292
G300Y,-0.04781651496887207,-3.923439387
G300W,-1.0725328922271729,-3.684552316
G300Q,0.39514875411987305,-3.213402167
G300V,0.1309664249420166,-2.9428391510000003
G300P,-0.41792988777160645,-3.590520588
G300L,0.39038920402526855,-3.669187872
G300M,-0.7293033599853516,-2.880009833
G300K,0.027999162673950195,-3.748926041
G300I,0.27856969833374023,-3.026824758
G300H,-0.8182275295257568,-2.833771465
G300F,-0.06296944618225098,-3.971744595
G300E,0.9479866027832031,-2.2092356090000003
G300D,0.7467360496520996,-3.496652973
G300C,-0.29583239555358887,-4.151194876
G300A,0.15307235717773438,-3.995714466
G300N,0.4603080749511719,-3.682934877
A301Y,0.524587869644165,-2.687086976
A301V,0.5568716526031494,-2.764385149
A301K,0.2232067584991455,-3.984906398
A301S,0.5571999549865723,-0.84637248
A301Q,-0.16661787033081055,-2.177013927
A301T,0.46016502380371094,-2.624769368
A301P,-0.2552216053009033,-3.798814924
A301M,-0.6210877895355225,-3.247191264
A301L,0.7620792388916016,-3.987609877
A301N,0.2844092845916748,-2.7146814910000003
A301I,0.8393571376800537,-3.269453032
A301G,-0.06279420852661133,-2.8075465630000003
A301F,0.5401134490966797,-3.920472705
A301E,0.022609233856201172,-2.42235348
A301D,-0.08332204818725586,-2.6757754
A301C,0.48148584365844727,-3.834340657
A301W,-0.23000240325927734,-3.275685172
A301H,-0.639380693435669,-3.970073685
A301R,-0.15778493881225586,-3.210978177
I302C,-0.40042972564697266,-2.139352185
I302A,-0.6849548816680908,-2.664877424
I302V,-0.31123924255371094,-0.923710619
I302R,-0.9597015380859375,-3.657218946
I302S,-0.09954690933227539,-3.608111198
I302T,-0.3809647560119629,-2.590670265
I302D,-0.7156276702880859,-3.1637207860000003
I302W,-1.1779439449310303,-1.912131515
I302Y,-0.45534348487854004,-2.262090395
I302Q,-0.9907748699188232,-3.912891817
I302E,-0.718618631362915,-3.648788561
I302N,-0.4736354351043701,-3.810225265
I302G,-0.542461633682251,-3.82047735
I302H,-1.5760977268218994,-2.835472595
I302K,-0.5817279815673828,-1.593516191
I302L,0.058725595474243164,-0.8502614690000001
I302M,-1.5137526988983154,-1.954819714
I302P,-0.5421078205108643,-4.097805253
I302F,-0.3204004764556885,-2.081238942
N303P,0.044365644454956055,-0.79110438
N303M,-1.0892844200134277,-0.549065806
N303L,0.5487668514251709,-0.231217277
N303K,-0.3244161605834961,-0.88729003
N303I,0.4639596939086914,-1.012045965
N303E,-0.4135136604309082,0.340235637
N303G,-0.2550485134124756,-0.6954004090000001
N303F,0.09731888771057129,-0.257450466
N303D,-0.11925292015075684,-0.180696562
N303C,-0.10561966896057129,-1.867160384
N303A,-0.13366103172302246,0.413906554
N303H,-0.9697973728179932,-0.392289334
N303R,-0.565185546875,-0.602613817
N303Q,-0.5353684425354004,-0.340192286
N303T,0.016551971435546875,0.38786869
N303V,0.3458108901977539,-0.224167182
N303W,-1.029423475265503,-1.657138244
N303Y,0.19611835479736328,-0.339528802
N303S,0.4002513885498047,-0.671956442
S304M,-1.080672025680542,-2.800077415
S304Y,-0.1970202922821045,-2.295813309
S304W,-1.3234167098999023,-2.784954687
S304V,0.05208015441894531,-3.643737552
S304T,-0.2681453227996826,-1.304630869
S304R,-0.7888121604919434,-2.7392471960000004
S304Q,-0.8016049861907959,-2.8004139660000003
S304L,0.34867238998413086,-2.747542375
S304H,-1.3915133476257324,-2.63036736
S304N,-0.2679104804992676,-1.81273291
S304G,-0.22708940505981445,-1.030391723
S304F,-0.09939813613891602,-2.868951193
S304E,-0.42056941986083984,-2.411634641
S304D,-0.6498889923095703,-2.914991188
S304C,-0.5827951431274414,-3.24214122
S304P,-0.01419210433959961,-3.052890328
S304A,-0.2834193706512451,-1.292182554
S304K,-0.39883995056152344,-2.598462517
S304I,0.24892354011535645,-2.15784772
N305C,-0.3591578006744385,-2.350368286
N305A,-0.20356154441833496,-0.055072234
N305E,-0.39772987365722656,-1.86011579
N305F,-0.14719581604003906,-0.7996397759999999
N305G,0.08819222450256348,0.084595805
N305H,-0.9447970390319824,-0.941830157
N305I,0.24125051498413086,-1.094122251
N305K,-0.1999979019165039,-1.081361429
N305L,0.48552417755126953,-0.108296768
N305M,-0.9950368404388428,-1.112865849
N305P,-0.2545633316040039,-1.239432935
N305Q,-0.49345922470092773,-1.807112897
N305R,-0.49609875679016113,-0.38892612
N305S,0.6271233558654785,-0.252263011
N305T,0.5399401187896729,-1.026696871
N305V,0.053360939025878906,-1.010490526
N305W,-1.3224592208862305,-2.241959691
N305D,-0.31982421875,0.237333633
N305Y,-0.19314980506896973,-1.745824336
L306Y,-0.5108366012573242,-1.214563317
L306V,-0.23140406608581543,-2.144449213
L306D,-0.3673686981201172,-2.987714927
L306E,-0.6747918128967285,-2.111585035
L306F,-0.5310325622558594,-1.487289558
L306G,-0.5018095970153809,-3.954879101
L306H,-1.1437664031982422,-1.106492756
L306I,0.07936406135559082,-1.564593793
L306W,-1.8130240440368652,-2.5189883980000003
L306K,-0.5234775543212891,-0.8359880670000001
L306N,-0.04096627235412598,-2.937082153
L306P,-0.8260753154754639,-2.870545136
L306Q,-0.7641644477844238,-1.969950565
L306R,-0.9089584350585938,0.232589676
L306S,0.02019810676574707,-0.6057493279999999
L306T,-0.24492931365966797,-2.015257583
L306M,-1.4407775402069092,-1.903422597
L306A,-0.5392262935638428,-0.804619196
L306C,-0.457486629486084,-0.217956082
P307C,-0.4741997718811035,-3.2249722339999995
P307W,-1.1680898666381836,-3.484311763
P307V,0.3832690715789795,-3.226069999
P307T,0.5637345314025879,-3.83029541
P307S,0.6209499835968018,-2.581035885
P307R,-0.05880880355834961,-3.513881473
P307Q,-0.16361737251281738,-3.535970318
P307N,0.36516237258911133,-3.533057954
P307M,-0.8473243713378906,-3.079583627
P307L,0.4632596969604492,-2.33653183
P307K,0.1291346549987793,-2.817293222
P307I,0.4458165168762207,-3.187880492
P307H,-0.5687785148620605,-3.562267902
P307G,0.15720868110656738,-3.262911542
P307A,0.011945962905883789,-3.120776535
P307Y,0.2321321964263916,-3.4822351680000003
P307D,0.033132314682006836,-3.929619576
P307E,0.0029172897338867188,-3.605163378
P307F,-0.009864330291748047,-3.725012385
F308Q,-0.41666388511657715,-3.286998213
F308A,-0.13744878768920898,-2.967501332
F308C,0.03409600257873535,-3.661369633
F308D,-0.14908671379089355,-4.078060028
F308E,-0.2565159797668457,-3.197460567
F308G,0.17640066146850586,-3.839203785
F308H,-1.0158443450927734,-3.690229432
F308I,0.42543673515319824,-3.184159342
F308K,-0.2323470115661621,-3.2557157
F308L,0.5850567817687988,-2.488678329
F308M,-0.9283032417297363,-2.122197125
F308V,0.23043155670166016,-3.0541830410000004
F308T,0.049379825592041016,-3.118857395
F308S,0.425673246383667,-3.183456512
F308N,0.2443244457244873,-3.999246338
F308P,0.36533164978027344,-3.885609075
F308R,-0.5250635147094727,-3.612624433
F308Y,-0.015094757080078125,-1.771986187
F308W,-0.9650683403015137,-2.646211757
Q309S,0.955125093460083,-3.58705628
Q309R,0.04601573944091797,-3.181697523
Q309P,0.5452108383178711,-3.2305375080000003
Q309N,0.5479683876037598,-3.236326333
Q309M,-0.6972298622131348,-3.032690765
Q309L,0.6792078018188477,-4.015868796
Q309T,0.6220042705535889,-3.739019942
Q309K,0.3078460693359375,-3.807910429
Q309G,0.6579251289367676,-4.265065324
Q309F,0.25335192680358887,-3.877512777
Q309E,0.5669095516204834,-3.070149432
Q309D,0.5325541496276855,-3.73882449
Q309C,-0.11363601684570312,-3.746409944
Q309A,0.3439521789550781,-3.856555411
Q309I,0.6260149478912354,-3.708217285
Q309V,0.6135098934173584,-4.557140633
Q309H,-0.5021438598632812,-2.903557371
Q309Y,0.4190340042114258,-3.49718141
Q309W,-0.7747821807861328,-3.951381303
N310A,-0.3477659225463867,-3.466224545
N310W,-1.3662223815917969,-2.944058965
N310V,0.17416954040527344,-1.472886207
N310C,-0.1427628993988037,-2.659773248
N310D,-0.15172505378723145,-2.93260504
N310E,-0.21401691436767578,-3.45263026
N310F,-0.16487932205200195,-2.961644593
N310G,-0.22900629043579102,-3.62071033
N310H,-0.8781423568725586,-2.35347662
N310Y,-0.10594725608825684,-2.726270946
N310I,0.2604992389678955,-3.564200131
N310S,0.09958529472351074,-2.29763864
N310R,-0.5254709720611572,-3.447838597
N310Q,-0.5059347152709961,-2.883438075
N310T,0.033988237380981445,-3.525164204
N310M,-1.129148006439209,-2.244451766
N310L,0.2380378246307373,-3.186176077
N310K,-0.327545166015625,-2.372497827
N310P,-0.10969972610473633,-3.410680897
I311M,-1.4284672737121582,-2.317716772
I311E,-0.8067715167999268,-3.215228914
I311F,-0.4592602252960205,-3.520663179
I311G,-0.016515254974365234,-4.21022531
I311H,-1.3992855548858643,-2.899381988
I311K,-0.9064409732818604,-3.157270744
I311L,0.02399754524230957,-2.100753828
I311D,-0.715712308883667,-3.3719126760000004
I311R,-0.9583775997161865,-3.0781019310000004
I311Q,-1.0080630779266357,-3.3431351960000004
I311C,-0.7331860065460205,-1.974671741
I311S,-0.19067740440368652,-3.62628845
I311T,-0.5090413093566895,-2.9026299360000003
I311V,-0.2628047466278076,-0.246481417
I311W,-1.3868558406829834,-3.020404159
I311Y,-0.46458959579467773,-3.123676952
I311P,-0.32054972648620605,-3.661505906
I311A,-0.6534178256988525,-3.903734663
I311N,-0.3540778160095215,-2.258972155
H312C,0.17519235610961914,-1.679227681
H312E,0.9939389228820801,-2.650032836
H312A,0.797785758972168,-0.204618429
H312F,0.4938695430755615,-2.147366155
H312G,0.8916065692901611,-0.967212252
H312K,1.0732810497283936,-3.388192193
H312L,1.0549366474151611,-3.89745509
H312M,-0.30559444427490234,-2.7781218460000003
H312N,0.8840217590332031,-0.6806523790000001
H312I,1.0761208534240723,-3.1505845480000003
H312Q,0.7052910327911377,-2.9473573710000003
H312P,1.1370503902435303,-2.932361575
H312Y,0.6594297885894775,-2.113904438
H312W,-1.0048437118530273,-2.272516252
H312V,1.0444793701171875,-2.813011946
H312D,0.8009498119354248,-0.299064538
H312S,1.1801328659057617,0.538722534
H312R,0.5873658657073975,-2.8906210480000003
H312T,1.2028043270111084,-0.532131791
P313I,0.05072951316833496,-2.930264218
P313C,-0.8094613552093506,-3.4723321960000004
P313D,0.4303297996520996,-3.051362547
P313E,0.3135190010070801,-2.093761736
P313F,-0.07509040832519531,-2.325435429
P313G,0.26505184173583984,-2.371362733
P313H,-0.521916389465332,-0.586428346
P313A,0.004424095153808594,-0.016266696
P313K,0.14403343200683594,-0.685228258
P313M,-0.9746007919311523,-2.515466832
P313N,1.0971882343292236,-3.4006842660000003
P313Q,-0.11332297325134277,-1.892290436
P313R,0.018057584762573242,-0.694581743
P313S,0.7591116428375244,-1.963155245
P313T,0.581416130065918,-2.120582732
P313V,0.21745824813842773,-2.664559746
P313W,-0.9382209777832031,-0.834410909
P313Y,0.07597208023071289,-1.822766394
P313L,0.2656078338623047,-2.9605706689999995
V314I,0.11680054664611816,-0.544921114
V314H,-1.227135181427002,-0.163144863
V314E,-0.08087706565856934,-1.826867053
V314F,-0.3836400508880615,-0.4944552720000001
V314K,-0.3820357322692871,-1.199658497
V314G,-0.23024773597717285,-2.380495972
V314L,0.07404565811157227,-0.823366023
V314R,-0.7196857929229736,-0.773445611
V314N,-0.1912519931793213,0.154529514
V314P,-0.2783076763153076,-3.731967088
V314Q,-0.7098467350006104,-0.511693205
V314S,0.18521952629089355,-0.989284075
V314T,-0.05773663520812988,-0.927337374
V314A,-0.2879807949066162,-1.629310768
V314Y,-0.4922161102294922,0.651149889
V314M,-1.2146213054656982,0.153099078
V314D,-0.2080214023590088,-0.551338887
V314W,-1.678948163986206,-1.395968562
V314C,-0.7661430835723877,-2.147331477
T315Y,-0.14082956314086914,0.107415262
T315A,-0.3288130760192871,-0.601636725
T315W,-1.473470687866211,-2.157278527
T315V,0.027860403060913086,-0.222557997
T315S,0.18953371047973633,-0.665261145
T315R,-0.4633200168609619,-2.2265168
T315Q,-0.5446391105651855,-1.887166307
T315P,0.027446985244750977,-3.714116748
T315N,-0.10270428657531738,-1.804931125
T315C,-0.7394099235534668,-0.91400639
T315L,-0.01031351089477539,-2.4135836630000003
T315M,-1.258387565612793,-2.419234038
T315E,-0.08818340301513672,-3.529609494
T315F,-0.33293724060058594,-1.095168214
T315D,-0.06755232810974121,-3.473022729
T315H,-1.0086793899536133,-1.340617256
T315I,-0.06154966354370117,-1.525110777
T315K,-0.13692331314086914,-2.83945237
T315G,-0.3782072067260742,-0.059808436
I316Y,-0.37069272994995117,-3.06331866
I316N,-0.15321683883666992,-3.498102887
I316V,-0.11899137496948242,-0.5836367720000001
I316T,-0.2366640567779541,-3.058245031
I316R,-0.7606923580169678,-3.132902409
I316Q,-0.7871301174163818,-2.99180911
I316P,-0.2340373992919922,-3.056437634
I316W,-1.4529037475585938,-3.395933044
I316S,0.05853772163391113,-3.571400876
I316K,-0.417694091796875,-2.366575472
I316L,0.1987299919128418,-1.306155346
I316A,-0.39887189865112305,-3.529348209
I316C,-0.6734840869903564,-3.087883693
I316D,-0.2480010986328125,-2.875630465
I316M,-1.3035097122192383,-1.995395194
I316F,-0.2032184600830078,-3.111681263
I316G,-0.11332368850708008,-3.360499383
I316H,-1.1916592121124268,-3.579720234
I316E,-0.2767343521118164,-3.741946591
G317D,0.28888964653015137,-3.597058132
G317E,0.6045258045196533,-2.893875025
G317F,-0.47319459915161133,-3.588274036
G317H,-0.8850979804992676,-4.104210062
G317I,-0.15983033180236816,-3.522238529
G317K,0.18562793731689453,-2.8592866710000004
G317L,-0.08941888809204102,-3.5913849
G317N,0.14014458656311035,-3.176516573
G317P,0.3233315944671631,-3.866690523
G317Q,-0.28089451789855957,-3.3731646680000003
G317S,0.5161697864532471,-3.885174863
G317T,0.21920108795166016,-3.486226812
G317V,-0.044721126556396484,-4.13150697
G317A,-0.05532407760620117,-4.232567088
G317M,-1.2702186107635498,-3.484989005
G317R,-0.5048489570617676,-3.642635404
G317C,-1.223125696182251,-3.760322691
G317W,-1.8739759922027588,-3.013203604
G317Y,-0.19479131698608398,-4.033081838999999
E318T,-0.010426759719848633,-0.115902008
E318S,0.32994508743286133,-0.329521976
E318R,-0.6689283847808838,-0.6367092289999999
E318Q,-0.4472322463989258,-0.285826919
E318P,-0.2979416847229004,-3.751742203
E318N,0.11662912368774414,-0.540496235
E318M,-1.3905401229858398,-0.977642726
E318L,-0.2505152225494385,-1.38866035
E318K,-0.21494245529174805,-1.123844033
E318I,-0.3422818183898926,-1.3810494430000002
E318H,-0.950016975402832,-0.114380299
E318G,0.22457361221313477,-2.390861008
E318F,-0.6345181465148926,-1.834615724
E318D,0.20830678939819336,-0.29427117
E318C,-1.0206799507141113,-2.365402712
E318V,-0.31648993492126465,-1.439466697
E318W,-1.843276023864746,-2.375690756
E318Y,-0.2677130699157715,-2.976747029
E318A,-0.4026515483856201,-0.879312148
C319V,0.7057833671569824,-3.158939279
C319A,0.47780370712280273,-2.967528803
C319D,0.384305477142334,-2.976696782
C319E,0.16158342361450195,-3.706638864
C319F,0.36728858947753906,-2.6974322660000003
C319G,0.14132165908813477,-4.033232013
C319H,-0.46468067169189453,-3.276545493
C319I,1.0386531352996826,-3.280827633
C319K,0.28269433975219727,-3.341876835
C319M,-0.17837095260620117,-3.0794030460000004
C319N,0.5430617332458496,-3.107496413
C319P,0.3357393741607666,-3.443085318
C319Q,-0.20445466041564941,-3.266797588
C319R,-0.0845634937286377,-3.4140562410000004
C319S,0.5029139518737793,-3.664973363
C319T,0.46308088302612305,-3.799225744
C319L,1.3115382194519043,-3.3500790510000003
C319W,-0.8523430824279785,-2.714213557
C319Y,0.32193660736083984,-2.832247
P320Y,-0.2407827377319336,-3.232671641
P320C,-1.1625750064849854,-3.26749007
P320D,0.31821727752685547,-3.686709438
P320E,0.6830658912658691,-3.65516416
P320F,-0.388777494430542,-3.3184013
P320G,0.14868712425231934,-2.027176025
P320H,-0.887251615524292,-3.82290102
P320I,0.26480984687805176,-4.10442343
P320K,0.2961301803588867,-3.658962885
P320L,0.5934333801269531,-3.302097285
P320M,-0.5064697265625,-2.963606175
P320N,0.2134549617767334,-3.920268827
P320Q,0.06315755844116211,-2.870297949
P320R,0.023819684982299805,-3.538609847
P320S,0.44267725944519043,-3.269280069
P320T,0.03622269630432129,-3.541822336
P320A,0.12654948234558105,-1.450838965
P320W,-1.3393023014068604,-3.533823682
P320V,0.2208094596862793,-2.877530209
K321D,0.5605018138885498,-2.967919312
K321W,-1.867607831954956,-2.589951375
K321V,0.10819792747497559,-0.813585433
K321T,0.13315081596374512,-0.654905772
K321S,0.6261913776397705,-1.659788605
K321R,-0.3444809913635254,0.409627151
K321Q,-0.26026463508605957,-1.474377078
K321P,0.04770517349243164,-4.066297701
K321N,0.3018758296966553,-2.154622826
K321M,-1.343524694442749,-1.343152029
K321L,-0.020868539810180664,-1.000676682
K321I,-0.14861273765563965,-0.527509214
K321H,-0.8975355625152588,-1.482807402
K321G,0.40117931365966797,-2.444565237
K321F,-0.4236116409301758,-2.8272029560000003
K321E,0.44945359230041504,-2.85691513
K321C,-1.38816237449646,-2.559980551
K321Y,-0.2868013381958008,-3.4619394260000003
K321A,0.09654831886291504,-1.781188715
Y322D,0.8285782337188721,-3.124922882
Y322A,0.055936574935913086,-3.105143634
Y322C,-0.574908971786499,-2.770933984
Y322E,0.5318489074707031,-3.393337391
Y322F,-0.13943958282470703,-0.130108208
Y322G,0.9760541915893555,-3.941823375
Y322H,-0.5787887573242188,-1.973948847
Y322K,-0.14040803909301758,-3.42765957
Y322L,0.2468709945678711,-3.680056541
Y322I,0.14667630195617676,-2.95805225
Y322N,0.5411057472229004,-3.612082218
Y322P,0.2737612724304199,-3.708068403
Y322Q,-0.39937925338745117,-3.133032968
Y322R,-0.446199893951416,-4.471361761
Y322S,0.6356456279754639,-3.645764152
Y322T,0.2539558410644531,-3.439464863
Y322V,0.11073446273803711,-3.882871053
Y322W,-1.179624080657959,-2.441230512
Y322M,-1.0702428817749023,-2.483031987
V323M,-1.152090311050415,-3.059604821
V323S,0.3320786952972412,-3.368830625
V323R,-0.5142543315887451,-4.27323839
V323Q,-0.49628567695617676,-3.442701759
V323P,-0.11490345001220703,-2.854076657
V323N,-0.10882091522216797,-2.592482672
V323L,0.2194523811340332,-0.676469337
V323Y,-0.10481882095336914,-3.63787899
V323H,-0.8950445652008057,-3.306327463
V323G,0.06092524528503418,-2.85678766
V323F,-0.26217031478881836,-3.44246047
V323E,0.08207535743713379,-3.50575722
V323D,0.2809593677520752,-2.965302957
V323W,-1.2447645664215088,-3.1337293460000004
V323A,-0.22869539260864258,-3.136101987
V323I,-0.00942683219909668,0.023790269
V323C,-0.6556692123413086,-3.355976204
V323K,-0.2161555290222168,-3.490371184
V323T,0.02752399444580078,-2.556505925
R324Y,0.10645651817321777,-2.601549948
R324E,0.7556309700012207,-3.012417959
R324F,-0.02429652214050293,-3.162833915
R324G,0.6156554222106934,-3.0346958510000004
R324H,-0.35372018814086914,-1.131797798
R324I,0.10979223251342773,-4.223842389
R324K,0.3793449401855469,-0.427651482
R324L,0.40048694610595703,-1.7416785069999998
R324C,-0.5902054309844971,-3.683700232
R324M,-0.942965030670166,-2.577098677
R324N,0.947697639465332,-2.989665725
R324P,0.8788864612579346,-3.320176684
R324Q,0.08700680732727051,-2.007058485
R324S,0.9745287895202637,-2.875375237
R324T,0.6869103908538818,-1.085862455
R324V,0.23222994804382324,-3.754971692
R324A,0.3076610565185547,-1.7783021330000002
R324W,-1.162315845489502,-2.939877054
R324D,1.1889564990997314,-3.3332870960000003
S325A,-0.5162110328674316,-1.930941171
S325C,-1.2837960720062256,-2.099662475
S325Y,-0.7857608795166016,-3.105305619
S325W,-1.840545654296875,-3.735514196000001
S325V,-0.44917917251586914,-3.624120412
S325T,-0.2142343521118164,-1.973436654
S325R,-0.6372635364532471,-4.194963456
S325Q,-0.6122527122497559,-3.200134683
S325P,0.011353731155395508,-3.727684997
S325N,0.07560944557189941,-3.121852259
S325M,-1.540041446685791,-3.490053235
S325L,-0.362764835357666,-1.768535206
S325K,-0.2991209030151367,-2.793152902
S325I,-0.5810806751251221,-2.665440353
S325H,-1.2228455543518066,-3.6341088
S325G,-0.0785360336303711,-3.1136966630000003
S325F,-0.9010710716247559,-3.505853853
S325E,0.19466829299926758,-4.145199786
S325D,0.3149681091308594,-2.264763609
T326W,-1.5681533813476562,-2.004585224
T326A,-0.09478139877319336,-0.050738848
T326C,-1.14473295211792,-1.709807797
T326V,0.04340028762817383,-0.7105298290000001
T326S,0.35277724266052246,-0.633874638
T326R,-0.4241816997528076,-0.343735255
T326E,0.30068063735961914,-0.9014477
T326P,-0.18552637100219727,-0.962196065
T326N,0.012796163558959961,-1.3803385469999998
T326Y,-0.3993539810180664,-1.422945835
T326M,-0.9555127620697021,0.181321005
T326K,-0.2236037254333496,-1.038171959
T326I,-0.1300029754638672,-0.334792195
T326H,-0.9512104988098145,-1.228489079
T326G,0.5179691314697266,-0.294788852
T326F,-0.3604893684387207,-0.902601471
T326D,0.20855045318603516,-1.243490335
T326L,0.11635065078735352,-0.521746657
T326Q,-0.5290892124176025,-0.201848982
K327M,-0.3308241367340088,-2.094978511
K327Y,0.1295337677001953,-2.903875835
K327A,0.6015172004699707,-0.424083661
K327C,-0.2438516616821289,-2.80536317
K327D,0.5516197681427002,-2.969290382
K327F,0.32547831535339355,-3.892069416
K327G,0.5546624660491943,-2.136851342
K327H,-0.44075536727905273,-1.342518279
K327I,0.6217911243438721,-2.654383668
K327L,0.9752602577209473,-3.909937111
K327E,0.4475982189178467,-2.549715556
K327P,0.5378224849700928,-3.907919358
K327Q,0.028156518936157227,-1.168300663
K327R,-0.02502608299255371,-1.332621377
K327S,0.7564208507537842,-1.248316647
K327T,0.5688302516937256,-1.380029393
K327W,-1.0009620189666748,-3.152001963
K327V,0.6618740558624268,-3.058165322
K327N,0.3294713497161865,-1.31405341
L328A,-0.26416826248168945,-4.460619696
L328C,-0.7041089534759521,-3.830549267
L328E,0.2881481647491455,-3.471948948
L328F,-0.5389213562011719,-3.0796745389999995
L328G,0.04061722755432129,-3.554875197
L328H,-1.008737564086914,-3.87465661
L328K,-0.23098182678222656,-3.949414663
L328D,0.02654099464416504,-3.563610125
L328N,-0.08147120475769043,-3.830842673
L328M,-0.9962694644927979,-2.966163189
L328Y,-0.16428518295288086,-3.158563172
L328W,-1.3046879768371582,-3.727869275
L328V,0.058342695236206055,-3.450422514
L328T,0.08374404907226562,-3.941716902
L328I,-0.09846234321594238,-1.264030899
L328R,-0.21276354789733887,-4.662546937
L328Q,-0.4002971649169922,-3.63175385
L328P,-0.09791088104248047,-4.0036771810000005
L328S,0.16826510429382324,-3.400366702
R329C,-0.7054493427276611,-2.8615619480000003
R329Y,-0.26809072494506836,-2.56878455
R329W,-1.3517982959747314,-1.987076172
R329V,0.036064863204956055,-1.999822912
R329T,0.34526944160461426,-2.285308342
R329S,0.7521233558654785,-1.961704203
R329Q,0.04809451103210449,-3.59726344
R329P,0.8746685981750488,-3.93246649
R329M,-0.9183480739593506,-2.752915551
R329L,0.046837568283081055,-3.068058226
R329K,0.2287154197692871,-1.772884624
R329I,-0.2955491542816162,-3.523092143
R329A,0.19580912590026855,-2.178745593
R329G,0.609072208404541,-2.693935348
R329F,-0.3848538398742676,-3.922949618
R329E,0.6464555263519287,-3.118989083
R329D,0.6974818706512451,-3.861824599
R329N,0.5212743282318115,-2.862277244
R329H,-0.610095739364624,-2.565760422
M330Y,0.7778654098510742,-3.683766841
M330W,-0.503262996673584,-3.3618182360000004
M330A,1.0410451889038086,-3.744456212
M330C,0.032444000244140625,-3.00690323
M330D,1.4762110710144043,-2.963169135
M330E,1.4489507675170898,-3.626279153
M330G,1.0695931911468506,-3.088927059
M330H,0.193342924118042,-3.983679596
M330I,1.1517887115478516,-2.757977509
M330K,1.070864200592041,-3.251099212
M330F,0.7353823184967041,-2.28514416
M330N,1.4698278903961182,-2.8487094930000003
M330P,1.302938461303711,-4.253735265
M330Q,0.7118330001831055,-3.5842261680000003
M330R,0.8466160297393799,-3.32112591
M330S,1.5231947898864746,-3.882465066
M330T,1.3125958442687988,-3.090792914
M330V,1.2942047119140625,-2.625798538
M330L,1.1724119186401367,-1.1638166909999998
V331N,-0.20484685897827148,-3.1462667
V331P,0.07082319259643555,-3.860994365
V331Q,-0.5588819980621338,-2.664998382
V331R,-0.3729555606842041,-4.314003078
V331Y,-0.35033679008483887,-3.282740065
V331T,0.04721522331237793,-3.542473823
V331W,-1.397477388381958,-3.020751587
V331M,-0.9046900272369385,-3.099374231
V331S,0.18879914283752441,-2.745617425
V331L,0.27761054039001465,-3.88358585
V331F,-0.2466411590576172,-3.303715232
V331I,0.10106348991394043,-2.828080496
V331H,-1.088634729385376,-3.331394952
V331G,-0.06619954109191895,-2.768532275
V331K,-0.16843676567077637,-3.244146882
V331E,0.10639667510986328,-2.998297739
V331D,-0.13945460319519043,-3.0590415460000004
V331C,-0.9960353374481201,-1.388119342
V331A,-0.09276556968688965,-0.887784081
T332Y,-0.14604949951171875,-3.450364974
T332A,-0.015314579010009766,-3.182044098
T332C,-0.5591166019439697,-3.443021176
T332D,0.14131999015808105,-3.55608799
T332E,0.15328431129455566,-3.578874111
T332F,-0.16687583923339844,-3.409912851
T332G,0.28769946098327637,-4.002191907
T332I,-0.11373257637023926,-2.272902424
T332H,-0.8007431030273438,-3.164441553
T332L,0.204240083694458,-2.60345079
T332M,-1.0899779796600342,-3.009848664
T332N,0.06211113929748535,-3.871413398
T332P,0.09992694854736328,-3.916070693
T332Q,-0.4033224582672119,-2.721046797
T332R,-0.15097522735595703,-3.356818642
T332S,0.37281346321105957,-3.365687612
T332V,0.014755725860595703,-2.36079422
T332K,-0.10063362121582031,-2.6131688630000003
T332W,-1.4343712329864502,-2.510912879
G333P,-0.05443882942199707,-3.824019554
G333Q,-0.49366021156311035,-3.184657547
G333R,-0.37250185012817383,-2.232840979
G333S,0.36543822288513184,-4.243233405
G333W,-1.5121779441833496,-3.250015258
G333V,-0.10472989082336426,-3.180784717
G333Y,-0.4950122833251953,-3.481423618
G333N,0.02085256576538086,-3.755914287
G333T,0.18431925773620605,-3.152356138
G333M,-1.1094365119934082,-3.08751233
G333D,0.20072484016418457,-2.9152618660000003
G333K,-0.24298691749572754,-2.909361063
G333I,-0.243621826171875,-3.730268166
G333H,-0.9696545600891113,-3.389491689
G333F,-0.4944000244140625,-3.791953057
G333E,0.2278001308441162,-2.742816652
G333C,-0.7055625915527344,-3.010564628
G333A,-0.06587958335876465,-3.708894209
G333L,0.003859996795654297,-4.346045814
L334D,-0.1419074535369873,-2.909169651
L334E,0.06552886962890625,-3.882080576
L334F,-0.4526350498199463,-3.640104545
L334G,0.11409807205200195,-4.368898484
L334H,-1.1262249946594238,-3.945445492
L334I,0.016624927520751953,-3.271542809
L334K,-0.048142433166503906,-2.964665992
L334M,-1.210789680480957,-1.561854564
L334Q,-0.6110692024230957,-2.662634502
L334N,-0.14931750297546387,-2.975842726
L334P,-0.18643808364868164,-1.201437382
L334W,-1.323878288269043,-2.01596537
L334R,-0.41881442070007324,-4.005129118
L334S,0.2815241813659668,-4.389567578
L334T,-0.039237260818481445,-3.007200998
L334C,-0.9778053760528564,-3.5730030760000004
L334Y,-0.36014747619628906,-3.555587056
L334A,-0.3381938934326172,-4.012021827
L334V,-0.053924560546875,-0.818154297
R335N,0.5706186294555664,-3.373996092
R335D,0.7170498371124268,-3.072866341
R335E,0.8197526931762695,-2.795170387
R335F,0.16477274894714355,-2.998428792
R335G,0.725252628326416,-3.133737998
R335H,-0.6697235107421875,-2.549475017
R335I,0.3258781433105469,-2.778180228
R335L,0.6604635715484619,-3.471790654
R335M,-0.7162456512451172,-3.18400799
R335P,0.837996244430542,-3.50517895
R335Q,0.13747572898864746,-3.207283571
R335S,0.8421897888183594,-3.260350344
R335T,0.42751407623291016,-3.27007962
R335V,0.3480408191680908,-3.555551658
R335W,-0.8292064666748047,-2.8801926680000003
R335Y,0.025920391082763672,-3.365282171
R335C,-0.6769146919250488,-3.291347641
R335A,0.28252625465393066,-3.600111607
R335K,0.4431593418121338,-2.160574117
N336E,-0.03200197219848633,-3.040961767
N336I,-0.3122100830078125,-2.624389381
N336K,-0.37445926666259766,-2.7591805810000003
N336L,-0.2405698299407959,-4.024548233
N336A,-0.2607460021972656,-3.91653112
N336M,-1.4246387481689453,-3.153514742
N336P,0.1434781551361084,-3.239165212
N336F,-0.6393697261810303,-3.383208025
N336H,-1.125720739364624,-3.213051731
N336Q,-0.5854427814483643,-2.975229213
N336S,0.11334514617919922,-3.302132544
N336D,0.006405353546142578,-2.717742742
N336T,-0.22741246223449707,-3.0671505260000003
N336V,-0.18528461456298828,-4.091385026
N336W,-1.8496851921081543,-3.129240522
N336Y,-0.48769044876098633,-3.416149111
N336C,-1.3195457458496094,-3.476060482
N336R,-0.49698805809020996,-3.670406004
N336G,-0.1217505931854248,-4.236333526
I337V,-0.026582002639770508,-0.589648624
I337Y,-0.7952399253845215,-0.1581918
I337W,-2.1603593826293945,-1.99128996
I337E,-0.26360249519348145,-0.377297325
I337C,-1.2106459140777588,-0.674521464
I337D,-0.09637188911437988,0.034270619
I337F,-0.8810434341430664,-0.690002255
I337G,-0.48448610305786133,-1.134726475
I337H,-1.4236297607421875,-0.155394154
I337K,-0.4421515464782715,1.2422509659999998
I337L,-0.01378631591796875,0.6593466370000001
I337M,-1.1793975830078125,-0.392395656
I337N,-0.23502755165100098,0.940250922
I337P,-0.11276793479919434,-2.935287396
I337Q,-0.7738268375396729,0.040732894
I337R,-0.6380493640899658,0.590424828
I337S,-0.11481690406799316,0.5100666660000001
I337T,-0.22226953506469727,0.513791105
I337A,-0.2850937843322754,0.161932656
P338Y,-0.8402221202850342,-0.88267399
P338C,-1.746793508529663,-2.047642611
P338W,-2.135366201400757,-2.492395923
P338A,-0.4176337718963623,-0.818724916
P338D,-0.26908278465270996,-2.393783468
P338E,-0.15052008628845215,-1.733875146
P338F,-0.5835907459259033,-2.92715829
P338G,0.07473039627075195,-1.87274356
P338H,-1.1070549488067627,-0.212674484
P338I,-0.6682641506195068,-3.113121571
P338K,-0.4006226062774658,-1.647559403
P338L,-0.24184799194335938,-2.481780969
P338V,-0.5321438312530518,-1.964893485
P338N,-0.2607612609863281,-2.000291797
P338Q,-0.6094868183135986,-1.413864549
P338R,-0.7360765933990479,-1.868561881
P338S,0.17178797721862793,-2.799579059
P338T,-0.2538578510284424,-3.390341255
P338M,-1.0755829811096191,-2.326328145
S339D,-0.38547563552856445,-1.971687048
S339Y,-0.8345322608947754,-1.362761268
S339W,-1.9041590690612793,-2.872331625
S339V,-0.1330735683441162,-0.5710083020000001
S339T,-0.2201378345489502,-0.5190797770000001
S339R,-0.6718864440917969,-0.167651668
S339Q,-0.6614375114440918,0.746698084
S339P,-0.23358893394470215,-0.205814134
S339L,-0.4136185646057129,-0.932386645
S339M,-1.5266199111938477,-1.117836032
S339K,-0.30203676223754883,-1.710336636
S339I,-0.38655948638916016,-0.248742354
S339H,-1.3944690227508545,-1.204639809
S339G,-0.09940099716186523,-0.329539754
S339F,-0.7778069972991943,-1.900426616
S339C,-1.970482349395752,-2.08099212
S339A,-0.34020042419433594,0.405356452
S339N,-0.29212260246276855,-1.848184043
S339E,-0.15220880508422852,-1.901577106
I340N,0.2667510509490967,-2.22489101
I340P,0.6448507308959961,-1.964718361
I340Q,-0.17737936973571777,-0.432059436
I340R,0.0661470890045166,0.461579795
I340V,0.016433000564575195,-0.306873034
I340T,0.2173912525177002,-1.689842433
I340M,-0.9742717742919922,0.057237744
I340W,-1.0343379974365234,-2.77916512
I340Y,-0.2182004451751709,-1.80191733
I340S,0.7035222053527832,-2.672518764
I340L,0.17995357513427734,-0.542548417
I340G,0.4774789810180664,-3.361462947
I340H,-0.7297582626342773,-1.264975306
I340K,0.2682309150695801,0.283756114
I340F,-0.3071448802947998,-1.279970623
I340E,0.42566370964050293,-2.260763117
I340D,0.16439557075500488,-2.557489495
I340C,-1.2169160842895508,-1.749784589
I340A,-0.06657910346984863,-1.955568096
Q341A,0.9977216720581055,-1.4111105819999998
Q341C,-0.9361987113952637,-3.018547939
Q341D,1.0745038986206055,-2.613866627
Q341E,0.6142747402191162,-1.10382721
Q341F,1.221257209777832,-2.865039013
Q341G,1.175997018814087,-2.461375645
Q341H,-0.6530880928039551,-1.345160116
Q341K,0.37242841720581055,-2.482473546
Q341I,1.7373402118682861,-2.599544788
Q341M,0.022452354431152344,-2.538971732
Q341L,1.6468462944030762,-3.336522499
Q341P,0.9892408847808838,-3.541620797
Q341S,0.9986472129821777,-1.722917291
Q341T,0.7107677459716797,-1.491032577
Q341R,0.007408857345581055,-1.927755081
Q341W,-0.3547224998474121,-2.9592798310000004
Q341Y,0.023876667022705078,-2.934075729
Q341N,0.660700798034668,-2.1659348730000003
Q341V,1.4326057434082031,-3.265325557
Y342P,1.7384848594665527,-3.297531767
Y342F,-0.33783626556396484,-1.34203818
Y342G,1.4002752304077148,-4.234094229
Y342H,0.3549473285675049,-1.644032318
Y342I,-0.1452789306640625,-2.798885167
Y342K,3.2258174419403076,-2.484732921
Y342L,0.13496971130371094,-2.43289193
Y342M,-0.8727598190307617,-3.008138269
Y342N,1.0033149719238281,-2.202554951
Y342Q,1.1858680248260498,-2.905107762
Y342C,-1.3325271606445312,-2.119467975
Y342S,1.5174894332885742,-3.481856072
Y342T,0.810788631439209,-1.844042101
Y342V,0.17356204986572266,-2.724845888
Y342W,-0.5578432083129883,-1.7920341519999998
Y342E,1.6253857612609863,-3.663975507
Y342D,0.88527512550354,-3.661080805
Y342R,2.3621206283569336,-2.331577391
Y342A,0.6754906177520752,-2.889964999
R343I,0.29680752754211426,-2.581354501
R343H,-0.664992094039917,-3.733550299
R343F,0.43306422233581543,-3.751019866
R343K,0.2543375492095947,0.462910995
R343D,0.018355607986450195,-3.498125457
R343A,0.805537223815918,-3.3538977560000003
R343C,-0.5210859775543213,-3.4121303810000003
R343E,0.017200231552124023,-2.738119788
R343L,0.8261699676513672,-3.74482192
R343G,1.743082880973816,-2.651778193
R343N,0.23385214805603027,-3.774983857
R343Y,0.061582088470458984,-3.754501333
R343W,-0.6444103717803955,-3.046428984
R343V,0.3319251537322998,-4.348129905
R343M,-0.4558718204498291,-2.119632881
R343S,0.8584167957305908,-4.07504005
R343Q,-0.1413118839263916,-2.865517516
R343P,0.4966700077056885,-3.1263330430000003
R343T,0.34612202644348145,-2.716962881
G344V,-0.8290271759033203,-3.0266780310000003
G344T,-0.7176921367645264,-3.805834994
G344S,-0.38698840141296387,-3.19980789
G344R,-1.2103755474090576,-3.378185719
G344Q,-1.3281171321868896,-3.545849395
G344P,-0.6461622714996338,-3.802724192
G344N,-0.8110954761505127,-3.08172761
G344M,-1.7858107089996338,-3.40629579
G344K,-1.2209446430206299,-3.521709065
G344I,-0.8317654132843018,-4.139786127
G344W,-2.295646905899048,-2.865294285
G344F,-1.2877881526947021,-2.668922586
G344E,-0.9604871273040771,-2.459376111
G344D,-0.6680610179901123,-2.820368134
G344C,-1.980419397354126,-2.88548385
G344A,-0.3640275001525879,-1.67572681
G344L,-0.6125788688659668,-3.833935307
G344H,-2.030752420425415,-3.034883812
G344Y,-1.5278055667877197,-3.333552865
L345F,-0.13876914978027344,-2.631120651
L345C,-2.0535240173339844,-3.448942113
L345A,-0.7110517024993896,-2.816438374
L345G,-0.47446441650390625,-4.0589238010000015
L345K,-1.7945923805236816,-3.941120383
L345M,-1.5915284156799316,-0.593471063
L345N,-1.9265775680541992,-3.916366988
L345P,-0.4386425018310547,-2.534179134
L345Q,-2.5142598152160645,-2.560351638
L345R,-1.9366374015808105,-3.842533894
L345S,-1.150477409362793,-3.0586088160000005
L345T,-1.284090518951416,-3.4683035230000003
L345V,-0.27840709686279297,-0.559831706
L345W,-1.215712308883667,-3.178170537
L345Y,-1.4955332279205322,-2.514550666
L345I,0.05279040336608887,-0.699995846
L345H,-2.877683162689209,-3.060072758
L345D,-1.850306749343872,-3.559616699
L345E,-2.1063780784606934,-3.226061945
F346A,0.1339588165283203,-3.30431531
F346V,-0.004291534423828125,-2.235131226
F346C,-1.8096818923950195,-3.521135972
F346D,-1.1112451553344727,-3.927565886000001
F346G,0.5428460836410522,-3.683537036
F346H,-2.116529941558838,-2.094081555
F346I,0.036303043365478516,-2.066671354
F346K,-0.519690990447998,-4.215455774
F346L,0.2840909957885742,-1.171601416
F346M,-1.1669034957885742,-2.294313906
F346N,-1.3815340995788574,-3.412349779
F346P,-1.0178344249725342,-3.85588625
F346Q,-1.5393309593200684,-3.715700859
F346R,-1.1512904167175293,-3.680292277
F346S,-0.3785104751586914,-3.547008995
F346W,-0.4823594093322754,-2.7619158460000004
F346T,-0.574617862701416,-3.965177225
F346Y,-1.034447431564331,-2.161714097
F346E,-0.9472427368164062,-3.862115573
G347Q,-1.8212769031524658,-1.180355641
G347V,-2.2818703651428223,-1.68017125
G347T,-1.5820245742797852,-1.000545134
G347S,-0.7817826271057129,-1.0290704
G347R,-2.0655860900878906,-1.095262811
G347P,-1.9108128547668457,-3.628991027
G347N,-1.298598289489746,-1.3372815059999998
G347W,-2.930069923400879,-2.433019523
G347M,-2.6233739852905273,-1.504761864
G347K,-1.7239975929260254,-1.515370765
G347I,-2.552786350250244,-3.3365441060000003
G347H,-2.681546688079834,-1.4257653
G347A,-1.5332865715026855,-0.8773391229999999
G347C,-3.072068214416504,-2.028782546
G347F,-2.4287233352661133,-2.709362612
G347L,-2.0558276176452637,-0.936977017
G347E,-1.1774895191192627,-2.299210459
G347Y,-2.2841744422912598,-1.912559782
G347D,-0.8327279090881348,-3.038770272
A348C,-2.194735288619995,-3.433321515
A348F,-0.938361406326294,-3.28243803
A348G,0.6449368000030518,-2.989682394
A348H,-1.3652784824371338,-3.36843158
A348I,-1.0149824619293213,-3.771088021
A348K,0.6096153259277344,-3.020672943
A348L,-0.805225133895874,-3.372564919
A348Y,-1.1422204971313477,-3.709340689
A348W,-1.1044337749481201,-3.059241185
A348P,-0.5908405780792236,-3.881669386
A348D,0.34819936752319336,-2.851741969
A348Q,-0.2832314968109131,-3.334930399
A348R,0.26349759101867676,-4.21224708
A348S,0.6169090270996094,-2.969938902
A348T,0.17215704917907715,-2.906655527
A348V,-0.912480354309082,-2.774581586
A348N,0.36153554916381836,-2.956337884
A348M,-1.3615601062774658,-1.915922634
A348E,-0.14738774299621582,-3.73378396
I349V,-0.30686092376708984,-0.305803649
I349Y,-3.0872669219970703,-3.834933846
I349R,-3.180163860321045,-4.894259616
I349Q,-3.2380971908569336,-4.04642078
I349P,-1.9742138385772705,-4.389956778
I349M,-1.942516565322876,-1.534734784
I349L,-0.4488335847854614,-1.995754713
I349K,-2.6445164680480957,-3.693261378
I349H,-3.868953227996826,-3.553296267
I349N,-2.4200921058654785,-3.546664238
I349F,-1.2938997745513916,-3.451260169
I349T,-1.563995361328125,-2.82871602
I349G,-1.1945672035217285,-3.940222873
I349S,-1.7524075508117676,-3.895915066
I349A,-0.8507957458496094,-2.683151674
I349W,-3.403995990753174,-3.580728391
I349D,-2.318525791168213,-3.256674443
I349E,-2.6836867332458496,-3.595594517
I349C,-3.2629261016845703,-2.712013129
A350M,-1.1890101432800293,-3.0934768160000004
A350D,-1.4463934898376465,-2.75408157
A350F,-0.2694244384765625,-2.797522636
A350G,1.256637692451477,-2.542791728
A350H,-2.388064384460449,-2.968073163
A350I,-0.5275764465332031,-3.236231482
A350K,0.20510101318359375,-2.9816543510000004
A350L,0.014214038848876953,-3.847139802
A350E,-1.0428547859191895,-3.435632726
A350N,-1.2802367210388184,-3.768992019
A350Q,-1.5279836654663086,-3.661854244
A350W,-0.4272153377532959,-2.136109931
A350Y,-1.254720687866211,-2.8337007
A350P,-1.9380321502685547,-4.2283651010000005
A350C,-1.862217903137207,-2.806919392
A350R,-1.0828518867492676,-3.847434444
A350S,-0.057025909423828125,-0.903550091
A350T,-0.517796516418457,-2.7736927330000003
A350V,-0.30777525901794434,-3.106486634
G351L,-2.3727073669433594,-3.936093286
G351W,-3.4507296085357666,-2.711968043
G351V,-2.6153900623321533,-3.346377798
G351T,-1.6483500003814697,-2.859652645
G351Y,-2.6727640628814697,-3.690689361
G351F,-2.817065954208374,-3.425614395
G351H,-2.772242784500122,-3.302998147
G351I,-2.9308817386627197,-3.911850488
G351K,-1.525301218032837,-3.387179965
G351P,-2.061523675918579,-3.66021267
G351N,-1.133439302444458,-3.108187664
G351Q,-2.1448512077331543,-3.575752709
G351R,-1.9828951358795166,-3.66639635
G351S,-0.5983655452728271,-3.4891681000000005
G351E,-1.464731216430664,-3.133313565
G351D,-0.6945252418518066,-3.342611067
G351C,-3.4080774784088135,-3.1370096660000004
G351A,-1.5961365699768066,-3.954859489
G351M,-3.340564012527466,-3.311029009
F352E,-0.9043669700622559,-4.069187342
F352Y,-0.9340004920959473,-2.83159245
F352D,-0.9738926887512207,-3.974957062
F352T,-0.07397699356079102,-4.225729087
F352R,-1.111872673034668,-4.540684093
F352Q,-1.3194880485534668,-4.186107775
F352P,-0.8116230964660645,-2.914644806
F352N,-0.9235062599182129,-4.197369215
F352M,-0.8877396583557129,-3.630037174
F352L,0.1383974552154541,-2.921700312
F352K,-0.6235508918762207,-4.4858578410000005
F352I,-0.1352832317352295,-3.140986884
F352H,-1.936943531036377,-4.007099939
F352G,1.003363013267517,-3.3541400080000003
F352A,1.0409154891967773,-3.109005422
F352C,-1.860044002532959,-3.753209755
F352S,0.1359877586364746,-4.117832149
F352V,0.015472412109375,-3.4120408610000004
F352W,-1.0224997997283936,-2.431586603
I353K,-2.1008827686309814,-4.255820008
I353Y,-2.37355899810791,-3.952050267
I353W,-2.259765148162842,-3.530732808
I353V,-0.023435354232788086,-0.492649308
I353T,-1.5194053649902344,-2.790107525
I353S,-1.4274733066558838,-3.70610077
I353R,-2.456181049346924,-3.857685314
I353Q,-2.755540370941162,-3.727925466
I353P,-2.2659053802490234,-4.333250737
I353N,-2.2011752128601074,-3.244096421
I353M,-1.882664680480957,-2.103603752
I353D,-1.95845365524292,-3.265236339
I353E,-2.0818724632263184,-3.98749121
I353F,-0.23746132850646973,-2.734108134
I353A,-0.7461776733398438,-3.537183159
I353H,-3.348165512084961,-3.18574056
I353L,-0.2579076290130615,-1.036785751
I353G,-0.9307289123535156,-3.509665434
I353C,-2.791348934173584,-3.607458918
E354R,-0.14968395233154297,-3.1423526
E354W,-0.13296127319335938,-3.336760075
E354T,1.4054169654846191,-3.235744388
E354S,1.5526187419891357,-3.376757487
E354Y,0.062015533447265625,-3.0851638830000003
E354Q,-0.23288345336914062,-2.90425194
E354P,0.4902024269104004,-3.978684874
E354N,0.16173100471496582,-3.49279659
E354M,0.08885073661804199,-2.727422176
E354L,1.6934399604797363,-2.731980357
E354K,0.4047694206237793,-2.954025478
E354V,1.926912546157837,-2.316978898
E354H,-0.8222036361694336,-3.567984845
E354G,2.2215917110443115,-3.558287438
E354F,1.6279575824737549,-3.682902102
E354D,-0.10618019104003906,-3.447894069
E354C,-0.1630697250366211,-2.962209622
E354A,1.6030941009521484,-3.359638857
E354I,1.8808255195617676,-2.864510651
G355C,-2.8085811138153076,-3.564619172
G355D,-0.6587717533111572,-3.732993446
G355E,-1.1367952823638916,-3.052093565
G355F,-1.8001716136932373,-3.3462056810000003
G355V,-1.9898216724395752,-3.693564206
G355H,-2.0399386882781982,-3.736218324
G355I,-1.9293978214263916,-3.813323397
G355N,-0.3847925662994385,-2.985120868
G355L,-1.617737054824829,-4.5088391560000005
G355M,-2.2313339710235596,-3.473008526
G355S,-0.3706669807434082,-3.833769975
G355T,-0.993398904800415,-3.924599826
G355P,-2.4620420932769775,-4.343783882
G355Q,-1.4384772777557373,-3.576170828
G355R,-1.137763500213623,-3.021449896
G355K,-0.592038631439209,-3.390888084
G355A,-1.0048730373382568,-3.703691857
G355W,-2.296902894973755,-3.609321791
G355Y,-1.7865540981292725,-3.34867286
G356M,-0.69455885887146,-3.218117065
G356S,-0.3603997230529785,-3.266133458
G356R,-1.9282848834991455,-3.412558184
G356Q,-1.8927333354949951,-4.012064893
G356P,-0.865558385848999,-3.569828899
G356N,-1.3735482692718506,-2.83202439
G356W,-0.9776997566223145,-3.5933661160000003
G356L,0.7715599536895752,-4.122689414
G356K,-1.1353189945220947,-3.942173164
G356I,0.7806640863418579,-4.151006722
G356H,-2.4519612789154053,-4.0704435110000015
G356Y,-1.329991102218628,-3.762836975
G356F,0.9608321189880371,-4.336361104
G356E,-1.9487888813018799,-2.9789191
G356D,-1.9540631771087646,-2.098701279
G356C,-1.9960219860076904,-3.774741125
G356A,0.27507495880126953,-3.511656058
G356V,0.4182617664337158,-3.4005196580000003
G356T,-0.03893685340881348,-4.2857788480000005
W357A,1.9839892387390137,-4.506103748999999
W357D,-0.8188982009887695,-2.830082455
W357V,2.9413247108459473,-4.285489835
W357C,-0.847358226776123,-3.054840093
W357Y,0.07417011260986328,-3.11802409
W357T,1.3052616119384766,-4.496929511
W357Q,-0.964388370513916,-4.163541213
W357H,-1.6875319480895996,-4.100839218
W357F,1.9255104064941406,-3.6023671160000004
W357E,-0.5950798988342285,-3.7339365
W357S,0.8129668235778809,-4.530707129
W357P,-0.2769813537597656,-4.386097725
W357N,-0.526918888092041,-4.109538893
W357R,-0.4996190071105957,-3.058914029
W357L,2.732086181640625,-3.578747169
W357K,0.011947154998779297,-4.39849927
W357I,3.4175968170166016,-3.340081907
W357G,1.011669397354126,-3.5556610660000003
W357M,1.0615606307983398,-1.963178565
T358P,-1.430680751800537,-0.6426312820000001
T358W,-1.3415579795837402,-4.100547574
T358V,-0.751408576965332,-1.550478759
T358S,0.7824451923370361,-1.136117719
T358R,0.009828805923461914,-3.318360848
T358C,-2.114816665649414,-1.484149156
T358Q,0.08509325981140137,-2.341018866
T358N,0.7068977355957031,-2.014300687
T358H,-0.86503005027771,-0.658470793
T358L,-0.35149264335632324,-0.349174931
T358K,0.8906517028808594,-3.5964696430000003
T358I,-0.6491727828979492,-0.326920573
T358G,0.7879395484924316,-4.750166415
T358F,-0.821758508682251,-2.211848453
T358E,0.09769868850708008,-1.788859526
T358D,0.46707963943481445,-1.09397149
T358M,-1.1407475471496582,-3.666628
T358Y,-0.8317875862121582,-1.39892033
T358A,-0.3371543884277344,-2.854615247
G359F,-1.767332911491394,-3.346776657
G359A,-0.9138482809066772,-1.263242257
G359W,-1.7019597291946411,-2.32220672
G359C,-2.743129253387451,-3.009662978
G359D,-1.1953004598617554,-3.371974055
G359E,-1.275060772895813,-2.186494752
G359H,-2.507437229156494,-3.538796129
G359I,-2.2850422859191895,-3.3891276560000003
G359L,-1.6586138010025024,-3.65352251
G359K,-0.6657391786575317,-3.0007827610000004
G359N,-0.9557763338088989,-3.748878775
G359P,-2.2720279693603516,-4.367279377
G359Q,-1.7938817739486694,-2.010828432
G359R,-1.4161676168441772,-2.848027966
G359S,-0.3724154233932495,-2.624575949
G359T,-1.1901084184646606,-3.039248864
G359V,-2.0654783248901367,-3.413526279
G359Y,-1.8575514554977417,-2.975523351
G359M,-2.3487510681152344,-2.669360975
M360N,-0.3662395477294922,-3.750846818
M360K,-0.13056540489196777,-2.76405597
M360L,1.8101887702941895,0.480746131
M360P,-0.39490675926208496,-3.555923842
M360Q,-1.019773006439209,-4.456352508
M360S,0.19898605346679688,-4.809872223999999
M360T,0.0539240837097168,-3.026758007
M360I,1.4927821159362793,-2.8465959730000003
M360R,-0.6370806694030762,-4.015002435
M360H,-1.3669037818908691,-3.282090345
M360V,1.036106824874878,-2.637999273
M360F,1.4443259239196777,-3.537706369
M360E,-0.5321283340454102,-4.089274663
M360D,-0.43059873580932617,-3.4186886480000003
M360C,-0.8622336387634277,-3.203026379
M360A,0.9223842620849609,-3.33549123
M360W,0.0013952255249023438,-3.148748447
M360Y,0.08385324478149414,-3.977126796
M360G,0.8708686828613281,-4.303254995
I361D,-1.2532777786254883,-2.587638338
I361E,-0.6841473579406738,-2.051233287
I361F,-0.08697748184204102,-1.661038834
I361G,-0.49530792236328125,-3.278623886
I361H,-1.5613059997558594,-1.236902848
I361T,-0.40863633155822754,-1.376266807
I361P,-1.6017608642578125,-4.262326638
I361M,-0.7096338272094727,-1.380725611
I361N,-0.760836124420166,-3.297453061
I361Q,-0.9820327758789062,-1.589680999
I361R,-0.25170087814331055,-1.5796944819999998
I361S,-0.27110958099365234,-1.854664252
I361C,-1.9770231246948242,-2.037635858
I361L,-0.019509315490722656,-0.723533077
I361A,-0.5030810832977295,-2.04622607
I361K,0.6047170162200928,1.1595465740000002
I361W,-0.37692785263061523,-1.791657771
I361Y,-0.5128641128540039,-2.036478065
I361V,0.13120317459106445,-0.287852635
D362A,0.7813382148742676,-3.186096889
D362C,-1.3720817565917969,-3.61963428
D362E,-0.10652875900268555,-2.633678831
D362F,-0.031453609466552734,-3.3106473210000003
D362R,-0.530163049697876,-3.966470768
D362Q,-0.21592092514038086,-2.988686824
D362I,0.1522998809814453,-3.4933623760000003
D362K,0.10866403579711914,-3.018894992
D362L,0.5498738288879395,-3.427180621
D362M,-0.6976571083068848,-3.046726698
D362N,0.2768566608428955,-2.151855024
D362P,-0.25884413719177246,-4.064068044
D362H,-1.3219327926635742,-3.692237525
D362G,1.611346960067749,-3.246151592
D362Y,-0.5834078788757324,-2.655838345
D362S,1.0443451404571533,-2.937969311
D362T,0.4095754623413086,-3.057771215
D362V,0.04841876029968262,-3.356149145
D362W,-1.3480463027954102,-2.861111652
G363T,-0.8577327728271484,-3.757737225
G363W,-0.9848787784576416,-2.664572038
G363V,-1.4382078647613525,-2.870035097
G363S,-0.14320850372314453,-3.2401632310000004
G363R,-0.8222353458404541,-1.762062398
G363Q,-1.279825210571289,-2.042696519
G363P,-1.6160271167755127,-3.285736047
G363N,-0.701610803604126,-4.005813594
G363M,-1.661797285079956,-2.404812647
G363L,-0.6280949115753174,-3.45213597
G363K,-0.36318325996398926,-3.19032606
G363I,-1.282850980758667,-3.2217834830000003
G363H,-1.5635035037994385,-3.645733247
G363F,-0.713580846786499,-2.918172364
G363E,-1.0920591354370117,-2.965815428
G363D,-0.8460652828216553,-3.478334368
G363A,-0.40906739234924316,-3.969637082
G363Y,-0.5792157649993896,-2.890702832
G363C,-2.3192665576934814,-4.016906297
W364H,-0.44942808151245117,-3.907700938
W364A,0.7714757919311523,-3.976593868
W364C,-0.6142697334289551,-2.339809264
W364D,0.19648504257202148,-3.527364763
W364E,0.09118461608886719,-3.4433810910000004
W364F,1.3058509826660156,-2.099979819
W364G,0.9878425598144531,-3.099549642
W364I,1.6335041522979736,-2.8370717
W364K,0.2835383415222168,-3.334327426
W364M,0.18872404098510742,-2.815424447
W364L,1.619389533996582,-2.875967092
W364P,-0.3626980781555176,-4.259239818
W364Q,-0.25592851638793945,-3.92373807
W364R,-0.1630086898803711,-3.5033673660000004
W364S,0.8187315464019775,-4.255498299
W364T,0.21816706657409668,-3.56801506
W364V,1.1502864360809326,-3.5840419260000003
W364Y,0.7040712833404541,-1.742848308
W364N,0.4129962921142578,-3.185141608
Y365K,1.2339019775390625,-3.593169105
Y365L,1.0732338428497314,-3.653046599
Y365M,-0.24762630462646484,-2.843518455
Y365I,0.37020444869995117,-3.686544275
Y365G,0.931983470916748,-3.017953687
Y365C,-1.0808682441711426,-2.8376440360000004
Y365N,0.889340877532959,-2.99085143
Y365D,0.025487899780273438,-3.000794949
Y365H,0.10407829284667969,-2.660835558
Y365P,-0.8895421028137207,-4.229058165
Y365E,0.026574134826660156,-3.739213829
Y365R,0.6452775001525879,-4.18151612
Y365S,0.912501335144043,-2.972519956
Y365F,1.2996294498443604,-2.499823609
Y365T,0.74912428855896,-3.4734330410000003
Y365V,-0.0591130256652832,-2.481874589
Y365W,-0.4684624671936035,-2.787285488
Y365Q,-0.04439544677734375,-3.182577519
Y365A,-0.14753484725952148,-2.9617887030000003
G366I,-1.4341340065002441,-3.3106569930000003
G366K,-0.19907259941101074,-2.475421962
G366L,-1.0292208194732666,-4.232936411
G366M,-2.162855386734009,-3.1334491360000003
G366N,-0.07712221145629883,-2.729912669
G366P,-1.5694546699523926,-3.568185306
G366Q,-0.7530858516693115,-2.947354369
G366D,-0.40039634704589844,-2.548326084
G366C,-2.2080185413360596,-3.1260213789999995
G366H,-1.1262767314910889,-2.889090479
G366E,-0.6687846183776855,-3.255780277
G366R,-0.6311774253845215,-3.650283651
G366S,-0.24537253379821777,-3.125939611
G366T,-0.8969719409942627,-3.770631094
G366V,-1.4786713123321533,-3.897770719
G366W,-1.9734599590301514,-2.448747166
G366Y,-0.8770358562469482,-1.606453463
G366A,-1.0038084983825684,-4.222753349
G366F,-1.4069700241088867,-3.2653166560000004
Y367H,0.1711890697479248,-2.780887802
Y367P,-0.452333927154541,-3.670868689
Y367K,0.5279562473297119,-3.022326864
Y367A,-0.20499396324157715,-3.70887523
Y367F,-0.24020791053771973,-1.100128316
Y367C,-1.1719720363616943,-2.557512896
Y367D,0.14510679244995117,-2.904286024
Y367E,-0.11976790428161621,-3.421786118
Y367W,-0.8763515949249268,-3.696076177
Y367I,-0.09552979469299316,-3.319127314
Y367V,-0.4407384395599365,-3.496383059
Y367S,0.7236268520355225,-3.289871269
Y367R,0.26964306831359863,-3.971163752
Y367Q,-0.10725259780883789,-3.714830184
Y367N,0.6477410793304443,-2.425531332
Y367M,-0.9548804759979248,-1.185667686
Y367L,0.0805666446685791,-3.594734987
Y367T,-0.2018887996673584,-3.40049207
Y367G,1.3284647464752197,-3.874043335
H368F,0.8979792594909668,-1.013992498
H368V,0.18720555305480957,-3.2821520860000004
H368D,0.33259129524230957,-2.8619438710000003
H368E,0.16567230224609375,-2.954675422
H368Y,0.508342981338501,-0.652949907
H368W,-0.1947340965270996,-1.283214912
H368T,0.20555830001831055,-3.249482206
H368S,0.8630087375640869,-3.109641691
H368C,-0.4175436496734619,-1.440020394
H368R,0.48926734924316406,-1.000506345
H368P,-0.26845622062683105,-3.855953925
H368N,0.8227870464324951,-2.231494646
H368M,-0.5490312576293945,-1.246035605
H368L,0.6430344581604004,-1.029624204
H368K,0.8600499629974365,-2.645584437
H368I,0.2979416847229004,-3.799866896
H368G,1.138594627380371,-3.556503207
H368Q,0.3699359893798828,-1.309702867
H368A,0.013775348663330078,-1.303991888
H369V,-0.12428045272827148,-0.238920734
H369W,-1.0054659843444824,-1.911038991
H369R,0.19158720970153809,-2.719428932
H369A,-0.13918256759643555,-3.260442074
H369T,0.033190250396728516,-0.131467224
H369Y,0.14859557151794434,-1.14319145
H369S,0.6296737194061279,-1.7326749259999998
H369G,0.7387378215789795,-3.431491585
H369P,0.007688999176025391,-3.139624046
H369N,0.5788352489471436,-1.420740271
H369M,-1.0486254692077637,0.266668097
H369L,0.05448603630065918,-2.715099703
H369K,0.7537033557891846,-2.211897838
H369I,-0.20967698097229004,-0.474758903
H369C,-1.0108003616333008,0.281583763
H369F,-0.462665319442749,-0.004907651
H369E,0.26334357261657715,-3.47209663
H369Q,0.4516301155090332,0.109706576
H369D,0.22765040397644043,-2.801617447
Q370R,-0.04002547264099121,-0.904612988
Q370E,0.21903514862060547,-0.142743541
Q370V,-0.14861106872558594,0.160356601
Q370W,-0.7847847938537598,-0.438371676
Q370Y,0.11603450775146484,-0.383309863
Q370A,0.16051912307739258,-1.048165024
Q370C,-0.8682401180267334,-0.468958737
Q370D,0.2627830505371094,-1.123606718
Q370S,0.6619787216186523,-0.000405045
Q370F,-0.2447209358215332,-1.523653395
Q370G,1.0154712200164795,-3.670727963
Q370H,0.022894859313964844,-0.967023891
Q370I,-0.12529563903808594,-0.153381395
Q370K,0.1896686553955078,-0.257032875
Q370L,0.26152586936950684,-0.79314759
Q370M,-1.06660795211792,-0.979119237
Q370N,0.4970588684082031,-0.62982089
Q370P,-0.01661372184753418,-2.994801744
Q370T,-0.10593175888061523,-0.556746705
N371G,0.03876614570617676,-4.383273273
N371H,-0.4932138919830322,-2.8859739230000003
N371I,-0.531404972076416,-3.460173026
N371F,-0.9473967552185059,-3.909821162
N371K,-0.19497084617614746,-2.8978001260000004
N371D,-0.49744224548339844,-2.56266032
N371C,-1.5124554634094238,-3.749031178
N371A,-0.538144588470459,-4.071709836
N371E,-0.3953852653503418,-2.8736068930000003
N371L,-0.39566802978515625,-3.278767179
N371M,-1.2773869037628174,-3.382227279
N371P,-0.3672621250152588,-3.472566791
N371Q,0.03156018257141113,-3.454943375
N371R,-0.7382602691650391,-4.188552706
N371S,-0.04108762741088867,-2.902176217
N371T,-0.3936591148376465,-3.410628953
N371V,-0.5863237380981445,-3.05226832
N371W,-1.9288358688354492,-3.433236949
N371Y,-0.5149357318878174,-3.47645612
E372S,0.8608100414276123,-0.444651731
E372T,0.25287508964538574,-2.051728141
E372V,0.041356801986694336,-3.699845707
E372W,-0.7457108497619629,-3.3330557310000004
E372F,-0.19130325317382812,-2.895306838
E372G,1.0277953147888184,-1.370728335
E372C,-0.6613483428955078,-2.520247906
E372R,-0.33377695083618164,-3.310500612
E372A,0.014729022979736328,-0.740506214
E372Y,0.46570491790771484,-2.462129661
E372Q,0.568561315536499,-2.61324296
E372D,0.26700639724731445,-0.196079222
E372H,0.0663151741027832,-2.9454639780000003
E372N,0.9428372383117676,-2.7208209080000003
E372M,-0.9329423904418945,-1.448762824
E372L,0.03263282775878906,-1.933381603
E372K,-0.02675008773803711,-2.085841658
E372I,0.07576465606689453,-3.220727038
E372P,0.055571556091308594,-4.040488186
Q373R,-0.27147483825683594,-2.687465379
Q373P,-0.3334970474243164,-3.506283395
Q373N,0.8948049545288086,-2.773890752
Q373M,-0.6441302299499512,-1.641861095
Q373L,0.4264383316040039,-1.519752194
Q373K,0.12645196914672852,-2.99571151
Q373I,0.47454142570495605,-3.499956166
Q373H,-0.2121443748474121,-2.78399317
Q373V,0.13770484924316406,-3.4018814280000003
Q373F,-0.0582275390625,-1.09778797
Q373S,0.9102010726928711,-2.609723794
Q373E,0.0868828296661377,-0.942136819
Q373D,0.8120405673980713,-1.751339316
Q373C,-1.245171070098877,-3.0792288410000004
Q373A,0.009027957916259766,-1.3819242
Q373Y,0.1043400764465332,-1.287148404
Q373T,0.7953007221221924,-3.251804946
Q373G,0.8187747001647949,-2.9926432810000003
Q373W,-1.3035569190979004,-2.526743112
G374E,-0.4021894931793213,-3.1995440630000003
G374C,-1.4108145236968994,-3.429425658
G374Y,0.19123244285583496,-4.011269582
G374W,-0.7424736022949219,-3.470645537
G374V,0.3789193630218506,-3.737363147
G374T,0.04091191291809082,-3.259083491
G374S,0.5537574291229248,-3.13065407
G374Q,0.01572871208190918,-3.548532035
G374P,-0.4176599979400635,-3.321161904
G374N,0.363250732421875,-2.962104353
G374M,0.10907959938049316,-3.447587907
G374L,1.5182161331176758,-3.333757105
G374K,-0.05466866493225098,-3.963887055
G374I,1.132800817489624,-3.547585471
G374H,-0.7951767444610596,-3.209642581
G374F,0.3499319553375244,-4.204920223999999
G374D,-0.32933902740478516,-3.301728377
G374A,0.1676468849182129,-4.26886069
G374R,-0.2315516471862793,-3.617691854
S375R,-0.7514908313751221,-1.980274245
S375W,-2.2505617141723633,-2.130125231
S375Q,-0.5496220588684082,-1.066295327
S375P,-1.0941336154937744,-3.344582557
S375N,-0.0855398178100586,-1.648089664
S375M,-1.8108396530151367,-0.7994931670000001
S375L,-0.7354223728179932,-2.8310382560000003
S375K,-0.1767418384552002,-2.2519646680000003
S375I,-0.6841192245483398,-2.18213894
S375H,-1.2712311744689941,-1.366003273
S375G,-0.1567831039428711,-2.5808804640000003
S375F,-1.2157316207885742,-1.666218252
S375E,-0.7506036758422852,-0.795016252
S375D,-0.7250428199768066,-1.337698333
S375C,-1.8760204315185547,-1.279304587
S375A,-0.5736343860626221,-0.827315672
S375Y,-0.7221558094024658,-1.367055958
S375V,-0.9148492813110352,-1.518227935
S375T,-0.6280391216278076,-1.220727635
G376T,-0.10595703125,-2.254468808
G376A,0.11486482620239258,-0.7952145079999999
G376C,-1.6544098854064941,-2.477805382
G376D,-0.2747659683227539,-2.282113186
G376E,-0.07670736312866211,-1.999623775
G376F,-0.8989582061767578,-2.220135396
G376H,-1.0532662868499756,-2.734946339
G376I,0.011330604553222656,-2.556327216
G376K,0.8866453170776367,-2.600661871
G376L,-0.0696711540222168,-2.218082112
G376M,-1.1487441062927246,-2.0343057680000003
G376N,0.13731074333190918,-2.083287903
G376P,-1.1645379066467285,-3.818579026
G376Q,0.6080026626586914,-2.076625905
G376Y,-0.6292405128479004,-1.590372072
G376W,-1.6980385780334473,-3.088006344
G376R,0.11548280715942383,-2.325741749
G376S,0.5167651176452637,-1.492708099
G376V,-0.23795437812805176,-1.659358121
Y377N,1.0733389854431152,-3.787405021
Y377L,1.2658944129943848,-3.827650972
Y377E,0.3169097900390625,-4.274251391
Y377F,0.4340195655822754,-0.895218548
Y377G,0.9107511043548584,-3.54529526
Y377H,-0.053351402282714844,-3.052383687
Y377I,0.8459582328796387,-3.074441823
Y377K,0.09210205078125,-3.381208893
Y377A,0.610020637512207,-3.549895903
Y377M,-0.039412736892700195,-3.3846382160000004
Y377P,0.0941317081451416,-4.340150232
Y377Q,0.4695897102355957,-3.55131731
Y377R,-0.4950141906738281,-4.584162385
Y377S,1.4828910827636719,-4.003104836
Y377W,-0.8860926628112793,-2.863262655
Y377V,0.5534276962280273,-3.9992823
Y377T,0.834949254989624,-3.966757581
Y377D,0.5240011215209961,-3.367030345
Y377C,-1.0641732215881348,-3.015173642
A378V,0.05650472640991211,-0.558871386
A378Y,0.0574338436126709,-1.7469862630000002
A378W,-1.2092392444610596,-3.365324457
A378F,-0.45168614387512207,-1.963280314
A378I,-0.06196928024291992,-1.894494114
A378E,0.2894937992095947,-2.499480006
A378D,-0.03872799873352051,-4.385687398
A378C,-1.7679131031036377,-1.027759615
A378K,-0.025233030319213867,-3.743555578
A378L,0.09630012512207031,-3.254994598
A378M,-1.0145671367645264,-2.451504108
A378H,-0.8562345504760742,-3.163475337
A378N,0.22308611869812012,-3.644774456
A378Q,0.12259960174560547,-3.830418928
A378R,-0.6912298202514648,-4.132951145
A378S,0.8646490573883057,-0.8514572429999999
A378T,0.16933369636535645,-2.779282341
A378P,-0.9220743179321289,-3.607839881
A378G,0.15328764915466309,-3.788395473
A379W,-2.189784049987793,-3.975789617
A379T,-0.23525738716125488,-3.126868885
A379S,0.36381959915161133,-2.01059335
A379V,-0.2665824890136719,-3.325762978
A379Q,-0.23685812950134277,-4.028409714
A379P,-0.9109811782836914,-4.106030742
A379N,0.29366254806518555,-4.350469943999999
A379M,-1.3884038925170898,-3.5318872260000003
A379L,-0.5395750999450684,-3.717574246
A379K,-0.1498732566833496,-3.669237354
A379I,-0.18103623390197754,-3.836433475
A379H,-1.2417302131652832,-4.284690993
A379G,-0.20742487907409668,-3.353314886
A379F,-0.7823348045349121,-4.065709883999999
A379E,0.11791467666625977,-3.097308319
A379D,0.04615974426269531,-4.312490965
A379C,-2.0578765869140625,-3.325740815
A379R,-0.942847728729248,-3.554317743
A379Y,-0.48709750175476074,-3.729655776
D380H,-1.047184705734253,-2.889160212
D380C,-2.1933791637420654,-3.645197456
D380Y,0.030156373977661133,-3.36619544
D380W,-0.6907906532287598,-3.5169842310000003
D380V,-0.10231947898864746,-3.779414396
D380T,-0.18497824668884277,-4.060220682
D380S,0.29422688484191895,-4.327444955
D380R,-1.2971251010894775,-4.111044843999999
D380Q,0.10165190696716309,-3.501250705
D380A,0.2455759048461914,-3.159959301
D380P,-2.20930552482605,-4.197740987
D380M,-0.3636467456817627,-3.254832985
D380L,0.6385152339935303,-3.996871739
D380K,-1.2362725734710693,-3.119954132
D380I,0.36502528190612793,-1.67215208
D380G,-0.004350423812866211,-2.856653878
D380F,0.3500206470489502,-3.779406536
D380E,0.20656466484069824,-2.824871405
D380N,-0.10235738754272461,-2.763140594
Q381V,1.0668745040893555,-0.287781593
Q381C,-1.7855801582336426,-2.001961096
Q381A,-0.14604496955871582,-0.23719866
Q381E,-1.094555377960205,-0.91625251
Q381F,0.13446259498596191,-1.10248539
Q381G,-0.8556151390075684,-3.025078459
Q381H,-1.5513482093811035,0.213353245
Q381I,1.8061144351959229,0.16315043
Q381K,-0.9608044624328613,-0.236956419
Q381D,-1.3486523628234863,-3.3487100460000003
Q381L,1.8716728687286377,-0.442315755
Q381M,0.48155641555786133,-0.105109979
Q381N,-0.28777098655700684,-3.410195172
Q381P,-1.2626538276672363,-3.637888058
Q381R,-1.3007187843322754,-0.168598911
Q381S,-0.1433579921722412,-2.543362654
Q381T,-0.19851088523864746,-1.475709488
Q381W,-1.5216403007507324,-1.040176141
Q381Y,-0.5986382961273193,-0.636532864
K382C,-2.786695718765259,-1.7268634859999998
K382Y,-1.7775661945343018,-1.687633884
K382D,-1.4701905250549316,-1.080626511
K382E,-0.5975687503814697,-0.553776985
K382G,-1.1869299411773682,-1.314654702
K382H,-1.8024256229400635,-1.120335012
K382I,-0.6625502109527588,-1.646471825
K382L,-0.7106058597564697,-1.108051779
K382A,-0.2051236629486084,-0.5309461120000001
K382N,-0.06587648391723633,-2.467195242
K382Q,0.1745462417602539,0.058487914
K382R,-0.8551795482635498,0.015910069
K382S,0.07742667198181152,-1.025038157
K382T,-0.12408781051635742,-1.016084746
K382V,-0.7947056293487549,-0.7688511240000001
K382W,-3.1281940937042236,-1.58700681
K382P,-1.947185754776001,-1.37877044
K382M,-1.82210373878479,-1.06466536
K382F,-2.0201618671417236,-1.353453131
S383I,-0.671687126159668,-2.159862161
S383W,-2.630338430404663,-3.089435652
S383V,-0.7169239521026611,-3.62522714
S383T,-0.33402466773986816,0.027963431
S383R,-0.702502965927124,-3.1292911510000003
S383Q,-0.2733747959136963,-2.538964786
S383P,-2.0891950130462646,-3.82504002
S383N,-0.20597195625305176,-2.164864889
S383M,-1.6799232959747314,-3.059223864
S383Y,-1.3158073425292969,-3.605486815
S383L,-0.8177998065948486,-3.403416783
S383H,-1.8424351215362549,-3.561152931
S383G,-1.293954610824585,-2.720995979
S383F,-1.8031632900238037,-3.473580353
S383E,0.08488345146179199,-2.007719121
S383D,-0.6066854000091553,-3.610468493
S383C,-3.3633177280426025,-1.041709297
S383A,0.6729868650436401,-0.638512221
S383K,-0.1817314624786377,-1.35394321
T384V,0.5107684135437012,-3.284475859
T384Y,-1.6322851181030273,-3.94388649
T384W,-2.573823928833008,-3.623257269
T384F,-0.6990618705749512,-4.189661648
T384R,-3.161085605621338,-3.285824402
T384S,-1.6351938247680664,-1.733142126
T384Q,-1.334620475769043,-4.06398381
T384P,-4.172554969787598,-4.142011189
T384N,-1.272564172744751,-2.2542415
T384M,0.12090015411376953,-3.313607217
T384L,1.3187904357910156,-4.0447686460000005
T384K,-3.0844507217407227,-3.551955157
T384I,1.3475451469421387,-3.600433447
T384H,-2.2461023330688477,-2.05146565
T384G,-2.8423681259155273,-3.861766175
T384A,-1.30448317527771,-3.723018143
T384C,-2.7877039909362793,-2.433007109
T384D,-2.807173728942871,-3.650774978
T384E,-3.162964344024658,-3.558700734
Q385R,-1.2072396278381348,-3.194072649
Q385Y,-1.4577789306640625,-3.442761339
Q385S,0.0043926239013671875,-2.432176983
Q385V,-0.46366310119628906,-2.672001654
Q385P,-3.8238515853881836,-3.476833957
Q385N,0.15255260467529297,-2.389270741
Q385M,-0.8752572536468506,-2.668183898
Q385L,-0.06430816650390625,-3.037908825
Q385K,-0.706998348236084,-3.349828453
Q385I,-0.07990837097167969,-3.746908055
Q385H,-1.8664350509643555,-3.193702601
Q385G,-1.1684927940368652,-3.998509798
Q385F,-1.4607181549072266,-3.728915602
Q385E,0.06173396110534668,-1.420734914
Q385D,-0.7397568225860596,-2.191653239
Q385C,-3.240750312805176,-3.485352905
Q385A,-0.16329503059387207,-1.102799459
Q385T,0.036553382873535156,-2.615170312
Q385W,-1.9854240417480469,-3.060028001
N386V,-1.4508740901947021,-0.7421765309999999
N386W,-3.9293456077575684,-2.730432361
N386Y,-2.3084568977355957,-1.370517311
N386E,0.7198879718780518,-0.526594205
N386F,-2.75341796875,-0.825719874
N386A,-0.2160639762878418,-0.496232852
N386T,-0.4402453899383545,-0.411526447
N386D,0.8588409423828125,0.032644472
N386R,-1.8216447830200195,0.614053104
N386Q,-0.29096078872680664,0.239753813
N386P,-3.623208999633789,-3.4607389060000004
N386M,-2.2219200134277344,-0.212740794
N386S,-0.1415693759918213,-0.241721283
N386K,-0.849431037902832,0.214582128
N386I,-1.5438876152038574,0.1731654339999999
N386H,-2.2219467163085938,0.016774961
N386G,-1.365799903869629,-0.948040119
N386C,-4.210339546203613,-1.373855911
N386L,-1.370323657989502,0.257844986
A387I,-0.6175582408905029,-3.728891797
A387C,-3.5007073879241943,-3.308106265
A387Y,-1.3966166973114014,-3.25458563
A387D,-0.7454049587249756,-2.974738632
A387E,-0.16112589836120605,-3.255098044
A387F,-1.5947911739349365,-3.67217155
A387G,-1.277235984802246,-3.668167786
A387H,-1.7159929275512695,-3.280953329
A387K,-0.4240086078643799,-3.37590416
A387S,-0.22738361358642578,-2.825505483
A387M,-1.2271950244903564,-3.299472765
A387N,-0.76711106300354,-3.207635944
A387P,-4.419371604919434,-3.336343786
A387Q,0.019262313842773438,-3.2266248560000004
A387R,-1.2060987949371338,-3.86299484
A387T,-0.3251841068267822,-2.828303622
A387V,-0.812239408493042,-2.580194768
A387L,-0.30414605140686035,-3.89689753
A387W,-2.4475038051605225,-3.35830828
I388A,-4.120092868804932,-2.838844593
I388D,-5.805356979370117,-3.268111309
I388Y,-4.681060314178467,-1.754738093
I388R,-6.268099784851074,-4.312509042
I388Q,-4.343585968017578,-2.9849454630000003
I388P,-6.3671112060546875,-3.753549962
I388N,-4.800068378448486,-2.6231213
I388M,-2.308469772338867,-0.8114555259999999
I388L,-0.5015654563903809,-1.240216397
I388C,-5.74332857131958,-3.336393958
I388K,-5.686206340789795,-3.88292941
I388G,-5.527855396270752,-3.749962727
I388F,-2.5849320888519287,-1.4854463269999998
I388E,-5.250229358673096,-3.5524078180000003
I388T,-3.641132354736328,-2.623709007
I388V,-1.0199344158172607,-0.753797277
I388W,-5.3290534019470215,-2.988232477
I388H,-5.912662029266357,-3.56652529
I388S,-4.48432731628418,-4.143108515
N389E,-0.6893833875656128,-1.145849229
N389D,-0.0036513805389404297,-1.207015819
N389F,-3.2102017402648926,-1.807155446
N389G,-1.9030870199203491,-3.12235345
N389H,-2.7585110664367676,-1.30096552
N389I,-1.7564719915390015,-1.359267662
N389K,-1.3515585660934448,-1.565342973
N389L,-1.7363890409469604,-1.590023617
N389M,-2.8600029945373535,-2.904384083
N389P,-5.202725887298584,-4.240752838
N389Q,-1.1742829084396362,-0.488456546
N389R,-2.497976303100586,-0.51003349
N389S,-0.8114966154098511,-0.821792718
N389C,-4.3962602615356445,-2.487838957
N389A,-1.3610109090805054,-0.929896425
N389T,-0.9477585554122925,-0.488585048
N389W,-4.570018291473389,-1.5376321730000002
N389Y,-2.962287425994873,-2.255827206
N389V,-1.8749197721481323,-1.809990017
G390W,-3.5651097297668457,-0.868169748
G390V,-0.6670570373535156,0.207346941
G390T,0.6152281761169434,0.522196394
G390S,0.9989402294158936,1.695293748
G390R,-1.3755536079406738,1.384819517
G390Q,0.44428062438964844,1.603050236
G390P,-3.3966784477233887,-3.632869832
G390N,0.9988126754760742,-1.76181333
G390Y,-1.5724358558654785,-2.423831414
G390L,-0.7377772331237793,0.977810826
G390K,-0.29306888580322266,1.123826497
G390I,-0.7982184886932373,0.691998542
G390H,-1.6787357330322266,0.493070025
G390F,-2.0261330604553223,-0.1522288869999999
G390E,1.2044460773468018,-0.544023087
G390D,1.0788438320159912,-2.680611443
G390C,-3.4366211891174316,-0.106094312
G390A,0.3656766414642334,0.42050952
G390M,-1.6416821479797363,0.761125547
I391Q,-3.5509350299835205,-3.554736499
I391P,-6.020404815673828,-3.769015581
I391N,-3.3080227375030518,-2.914106315
I391H,-4.457849502563477,-3.407020123
I391L,1.0989909172058105,-1.6140812269999998
I391K,-5.050640106201172,-2.675611993
I391G,-4.8865814208984375,-3.50714449
I391M,-1.5006599426269531,-2.16170085
I391R,-5.669637680053711,-4.073784183
I391W,-3.8926870822906494,-3.222833615
I391T,-2.626617670059204,-3.0750583110000003
I391V,-0.7565150260925293,-0.5649094920000001
I391Y,-3.0769588947296143,-3.470397073
I391D,-4.845040321350098,-2.898097458
I391C,-4.684286117553711,-2.65181327
I391A,-2.842663049697876,-3.306585484
I391F,-1.1474318504333496,-3.056110294
I391S,-3.5798027515411377,-2.997668562
I391E,-3.8673288822174072,-2.782959365
T392W,-2.6564855575561523,-2.89498865
T392G,-0.8378493785858154,-2.252350682
T392S,0.18235301971435547,-0.8966158790000001
T392A,-0.9233245849609375,-0.671628753
T392C,-2.8337578773498535,-3.1884575710000003
T392D,0.06385135650634766,-2.450097121
T392E,0.9876692295074463,-1.030142768
T392F,-1.2884314060211182,-3.2369192730000003
T392H,-2.163463592529297,-1.009312999
T392V,-0.6693634986877441,-2.66915487
T392I,-0.5626771450042725,-1.856505497
T392L,-0.26653099060058594,-2.243472107
T392M,-1.1574656963348389,-1.855730569
T392N,0.6143684387207031,-1.105259704
T392P,-4.363288879394531,-3.534737348
T392Q,-0.1484222412109375,-0.781767821
T392R,-2.467829704284668,-0.7769384570000001
T392K,-1.1789920330047607,-1.4471865469999998
T392Y,-1.3593156337738037,-0.941089852
N393A,-0.48713040351867676,-2.213386912
N393D,0.31185805797576904,-2.079251764
N393C,-4.312923431396484,-1.942904233
N393F,-3.3176212310791016,-2.958508845
N393G,-0.41933250427246094,-2.59280226
N393H,-2.629098415374756,-1.449392436
N393I,-2.13035249710083,-1.890241676
N393K,-0.9433486461639404,-2.682085562
N393L,-1.7955379486083984,-2.66445068
N393M,-2.5175962448120117,-1.445404335
N393P,-4.6100239753723145,-3.816441577
N393Q,-0.3933234214782715,-1.215558267
N393S,0.08720874786376953,-2.529377815
N393T,-0.2152104377746582,-0.8005182
N393V,-1.6275300979614258,-1.952993069
N393W,-4.514116287231445,-2.556528321
N393Y,-2.9040064811706543,-2.905701301
N393R,-2.214543342590332,-0.994496321
N393E,0.714532732963562,-2.883041617
K394Y,-2.040236473083496,-3.295859384
K394A,-0.3650226593017578,-3.729951823
K394C,-3.7667455673217773,-3.576478017
K394E,-1.26591157913208,-1.792627172
K394F,-2.227329730987549,-3.614159341
K394G,-0.6492393016815186,-3.184785099
K394H,-1.5693211555480957,-2.7545111810000003
K394I,-1.4245710372924805,-3.2401126610000004
K394L,-1.0453524589538574,-3.511982111
K394D,-1.3627099990844727,-3.480588615
K394N,-0.39732933044433594,-2.808210766
K394P,-4.854387283325195,-3.726219273
K394Q,-0.1782371997833252,-2.441330682
K394R,-0.99749755859375,-0.67076016
K394S,0.19102835655212402,-2.71745901
K394T,-0.14705419540405273,-3.022580821
K394V,-1.1663126945495605,-4.028223444
K394W,-4.01666259765625,-3.074337977
K394M,-1.6730294227600098,-1.202813157
V395I,0.04598188400268555,0.122975816
V395K,-6.45112419128418,-3.788048195
V395L,0.513169527053833,-1.3504940090000002
V395M,-0.7973053455352783,-1.807308593
V395N,-4.2372331619262695,-3.743399539
V395S,-3.6046440601348877,-3.841413204
V395Q,-3.319988965988159,-2.239565228
V395R,-6.580583572387695,-3.7594253
V395T,-1.8152408599853516,-3.728823085
V395W,-4.543374061584473,-3.551650232
V395Y,-2.746734857559204,-2.429728137
V395H,-4.844670295715332,-2.3699976030000003
V395P,-6.732370376586914,-3.3402047660000003
V395A,-3.0008842945098877,-3.324208633
V395C,-4.24095344543457,-3.156767105
V395D,-5.883957862854004,-3.886641196
V395E,-5.464705467224121,-3.1067323730000003
V395F,-0.8941745758056641,-2.936938966
V395G,-5.198549270629883,-3.888686167
N396M,-3.2895054817199707,-2.355550482
N396H,-3.4019322395324707,-2.1315732990000003
N396I,-2.708369255065918,-3.10704494
N396K,-2.5592870712280273,-2.3909339430000003
N396L,-2.2401211261749268,-2.32179789
N396E,-0.3985764980316162,-2.677178181
N396D,0.8013378977775574,-2.2903158930000003
N396C,-5.096545696258545,-2.673810498
N396G,-1.709369421005249,-3.348950208
N396F,-3.3943324089050293,-2.992355893
N396P,-4.5929155349731445,-3.890665265
N396Q,-1.9044625759124756,-2.5366268780000003
N396R,-4.262073040008545,-2.014484722
N396S,-1.384507417678833,-0.326161059
N396T,-1.5168037414550781,-1.613552275
N396V,-2.7514142990112305,-2.562699922
N396W,-4.96535062789917,-2.685892378
N396Y,-3.36248779296875,-2.857189644
N396A,-2.328064441680908,-2.937478914
S397K,-1.2669970989227295,-1.7857633469999998
S397E,-0.07009530067443848,-1.505347826
S397F,-3.108081579208374,-1.824735813
S397A,-0.7145936489105225,-0.365685874
S397C,-4.2887163162231445,-0.670351877
S397Y,-3.0414388179779053,-1.811237451
S397W,-4.519156455993652,-2.018802351
S397V,-1.6255919933319092,-1.822446308
S397T,-0.7832381725311279,-0.285853321
S397R,-2.5845086574554443,-2.013701354
S397Q,-0.6987245082855225,-0.573148687
S397P,-3.468958616256714,-2.775165308
S397N,-0.5797481536865234,-0.577585079
S397G,-0.01916980743408203,-1.335912108
S397M,-2.768385648727417,-1.361092077
S397I,-2.2620856761932373,-1.975746055
S397L,-1.7768328189849854,-2.350437864
S397H,-2.757495641708374,-1.857223555
S397D,-0.45662975311279297,-2.835475705
V398C,-2.702460289001465,-1.556631672
V398F,-0.46775054931640625,-1.29995614
V398G,0.04257392883300781,-3.146011504
V398H,-1.8128299713134766,-3.181657344
V398I,0.19057273864746094,-0.5619913000000001
V398K,-1.2577853202819824,-3.3560925310000003
V398L,1.1688019037246704,-1.625923644
V398E,-0.8322257995605469,-3.342010464
V398N,-0.29002809524536133,-1.735172842
V398Q,-0.2457578182220459,-2.615472104
V398R,-1.9760971069335938,-4.040130128
V398S,-0.012137889862060547,-2.932739529
V398T,0.13036632537841797,-3.53503531
V398W,-2.7424535751342773,-2.544756781
V398Y,-1.7781643867492676,-1.397803245
V398P,-4.070070266723633,-4.082217685
V398D,-1.376760482788086,-2.376142852
V398M,-0.10045289993286133,-2.497998463
V398A,-0.19516658782958984,-2.808494154
I399Y,-1.2708930969238281,-3.432009224
I399T,-0.0271148681640625,-3.152354307
I399S,-0.021907806396484375,-3.68065453
I399R,-3.0471839904785156,-3.045534515
I399Q,-0.5769948959350586,-3.070927924
I399P,-4.484847068786621,-3.227573283
I399N,0.35523319244384766,-3.403764962
I399M,-0.7479672431945801,-1.816600203
I399L,0.17392253875732422,-1.180892872
I399K,-1.6717324256896973,-3.838891169
I399H,-2.381747245788574,-3.683188711
I399G,-0.8726716041564941,-4.221459659
I399F,-0.4195060729980469,-3.171145484
I399E,1.127240538597107,-3.470033167
I399D,-0.013915061950683594,-3.533072987
I399C,-2.9019527435302734,-2.991449442
I399A,-0.8073446750640869,-3.1661053710000004
I399V,-0.1203165054321289,-0.7671071759999999
I399W,-2.6450352668762207,-3.677341202
E400A,-1.5323340892791748,-0.4275202
E400Y,-3.6461679935455322,-2.541817381
E400C,-4.809263229370117,-2.952531259
E400G,-0.7499692440032959,-1.7955058000000002
E400H,-3.1434214115142822,-1.294358395
E400I,-3.2454493045806885,-1.546444788
E400K,-1.7854070663452148,-2.165722292
E400L,-2.992985963821411,-2.219668377
E400M,-3.7812459468841553,-1.308453719
E400F,-4.245068550109863,-2.210896846
E400N,-0.31436681747436523,-1.5736161219999998
E400P,-3.9459116458892822,-3.646673658
E400Q,-1.3377482891082764,-0.11311555
E400R,-3.2552378177642822,-1.658450141
E400S,-0.6104388236999512,-0.7099498879999999
E400T,-1.0062131881713867,-1.393183455
E400V,-2.6602261066436768,-2.3469916
E400W,-5.223833084106445,-1.826230401
E400D,0.18333911895751953,-1.189899458
K401C,-4.778021335601807,-2.046249336
K401D,-1.3124936819076538,-3.3620427360000003
K401W,-4.078614234924316,-2.312661254
K401Y,-2.8241076469421387,-3.033196002
K401V,-1.879477858543396,-0.681365097
K401T,-0.4637531042098999,-1.027094935
K401S,-0.12214016914367676,-1.812333103
K401Q,-0.7846733331680298,-1.233329334
K401P,-3.8463668823242188,-3.1451541510000003
K401N,-0.1438964605331421,-2.158201264
K401R,-1.3870633840560913,-0.807851595
K401L,-1.9769715070724487,-1.733392789
K401I,-2.210050106048584,-0.599265776
K401H,-2.285686492919922,-1.306297014
K401G,-0.5709296464920044,-3.234637205
K401F,-3.001783847808838,-3.080235547
K401E,-1.17971932888031,-2.2665437980000003
K401A,-1.109190583229065,-0.7731424259999999
K401M,-2.1116867065429688,-0.8866330570000001
M402Q,-0.7771916389465332,-3.308057447
M402Y,-0.9244227409362793,-2.298239021
M402W,-2.6198301315307617,-1.720995014
M402V,0.8794938325881958,-1.005800486
M402T,0.11213397979736328,-2.433675775
M402S,-0.843895435333252,-3.834397092
M402R,-4.269035339355469,-3.31860511
M402N,-1.235440731048584,-2.231856851
M402P,-4.9300994873046875,-3.755153614
M402K,-4.250192165374756,-2.585031143
M402A,-0.8399491310119629,-2.301629086
M402L,0.9664803743362427,-0.623683682
M402D,-4.048084259033203,-2.413356472
M402E,-3.593641757965088,-3.559268473
M402C,-2.1939597129821777,-2.164583379
M402G,-2.0351781845092773,-3.796817994
M402H,-1.7869625091552734,-3.292857029
M402I,0.6175589561462402,-0.338028176
M402F,0.21430635452270508,-1.997305132
N403R,-3.2924985885620117,-1.0697695
N403Y,-3.5517444610595703,-1.194604308
N403W,-4.605259418487549,-2.752724487
N403V,-2.89033842086792,-2.522695
N403T,-1.014274001121521,-1.057492725
N403S,-1.099878191947937,-0.483242084
N403A,-2.2776827812194824,-0.963648751
N403Q,-1.4990774393081665,-0.933674593
N403K,-1.8214882612228394,-1.740043662
N403M,-3.304243564605713,-1.777543307
N403L,-3.151048183441162,-3.185900893
N403I,-3.024024486541748,-1.6394081319999998
N403H,-3.17471981048584,-1.423588779
N403G,-1.4072192907333374,-1.100370826
N403E,-0.08459210395812988,-2.513687381
N403F,-3.828155517578125,-1.809082823
N403C,-5.388351917266846,-2.283296356
N403P,-3.5850257873535156,-3.366016844
N403D,0.4315605163574219,-2.039260475
T404W,-3.8477492332458496,-1.359529906
T404A,-0.30443716049194336,0.303262237
T404V,-1.097435712814331,-0.664867067
T404S,0.48584556579589844,0.043429114
T404R,-1.192535638809204,0.059232949
T404Q,-0.025803089141845703,-0.277461655
T404P,-2.672121524810791,-1.096386141
T404L,-1.3675754070281982,0.036274718
T404Y,-2.1026272773742676,-1.492107171
T404K,0.386610746383667,-0.6226784329999999
T404H,-1.6307706832885742,-0.572211896
T404G,0.0600125789642334,0.188101254
T404F,-2.5596866607666016,-0.466609304
T404E,0.5336079597473145,-1.373380819
T404D,0.07156658172607422,-2.196662881
T404C,-3.519819736480713,-1.143885118
T404I,-1.547865867614746,-1.209946229
T404N,0.48760128021240234,-0.5686479489999999
T404M,-2.507668972015381,-0.018797927
Q405K,0.466294527053833,-1.554744308
Q405L,0.08430886268615723,-3.998210761
Q405M,-0.557863712310791,-1.849461308
Q405N,1.6209027767181396,-2.428004413
Q405P,-2.432438850402832,-2.959408445
Q405R,0.2988297939300537,-0.517319406
Q405S,1.186734676361084,-3.536492673
Q405T,1.5439305305480957,-2.8440884
Q405V,-0.4993453025817871,-1.705314466
Q405W,-1.8280010223388672,-3.518219533
Q405Y,-0.6547873020172119,-3.626420378
Q405H,-0.6884090900421143,-0.763790648
Q405G,0.9668188095092773,-0.249723866
Q405E,-0.1629347801208496,-1.4103945430000002
Q405D,0.012013673782348633,-2.315606348
Q405C,-2.6366500854492188,-1.303966756
Q405A,-0.4727513790130615,-0.44545621
Q405F,-0.04468870162963867,-1.650741266
Q405I,-0.4165794849395752,-3.0971311580000003
F406Y,-1.7697663307189941,-0.610070639
F406E,-1.253758430480957,-3.061465753
F406D,-1.8576138019561768,-2.051163597
F406C,-3.8278446197509766,-2.800900567
F406A,-1.5320539474487305,-1.171829913
F406V,-0.5611765384674072,-1.954949615
F406W,-2.8286099433898926,-0.914175791
F406G,-2.3584799766540527,-1.584489599
F406T,-0.9229583740234375,-2.61935514
F406R,-2.6056008338928223,-1.904936578
F406Q,-0.7493753433227539,-2.052357705
F406P,-4.219886779785156,-3.617010764
F406N,-0.7537705898284912,-1.028176639
F406S,-1.0942316055297852,-2.225216983
F406L,0.34850358963012695,-0.7072878979999999
F406K,-1.6468493938446045,-3.154992754
F406I,0.09931528568267822,-0.937907923
F406H,-2.399742603302002,-2.415898276
F406M,-0.6163675785064697,-0.613363148
T407M,-1.8442785739898682,-1.729534569
T407Y,-1.9956629276275635,-0.64239844
T407V,-0.37796902656555176,-0.166015506
T407S,0.44759440422058105,-0.3752243
T407R,-1.6414954662322998,-0.0343497429999999
T407Q,-0.0983889102935791,-0.7194381559999999
T407P,-2.3805091381073,-1.284919807
T407N,0.7582037448883057,-0.212240651
T407L,-0.9470138549804688,-1.109868383
T407W,-3.886216402053833,-1.38140004
T407I,-0.843839168548584,-1.253763398
T407A,0.23520517349243164,-1.079945389
T407C,-3.445307970046997,-0.8121319640000001
T407D,1.1611716747283936,-2.623304784
T407K,0.1373293399810791,-1.247291687
T407F,-2.3283770084381104,-1.675335482
T407G,0.2528266906738281,-1.711728795
T407H,-1.7925307750701904,-0.7517517659999999
T407E,1.325453758239746,-1.335540552
A408K,1.1305798292160034,-0.443384782
A408C,-3.056619167327881,-0.695888194
A408D,0.4841797351837158,-0.855202853
A408E,0.8648879528045654,-0.8230323890000001
A408F,-1.2203502655029297,-0.357313416
A408G,-0.21344256401062012,-0.8775655590000001
A408H,-1.0807085037231445,-1.289990095
A408I,-0.3084888458251953,-0.5663267329999999
A408L,-0.36817193031311035,-0.432104161
A408M,-1.2228155136108398,0.649017366
A408N,1.4047555923461914,-2.303736617
A408P,-2.4662837982177734,-1.596511895
A408Q,0.3643312454223633,0.043851635
A408R,-0.27549171447753906,-0.258926108
A408S,0.666752815246582,-0.050712492
A408T,0.4308345317840576,0.065827181
A408V,-0.21674203872680664,0.140559088
A408Y,-1.3534631729125977,-0.125959833
A408W,-2.620595932006836,-0.320686194
V409H,-1.069605827331543,-1.822249636
V409G,-3.178466320037842,-1.467634345
V409C,-2.951298236846924,-0.6721929209999999
V409E,-3.336887836456299,-2.635397867
V409D,-3.028386116027832,-1.910162066
V409I,0.6701453924179077,-0.992454418
V409F,-0.03715181350708008,-1.576588892
V409K,-2.5089550018310547,-1.5689796809999998
V409P,-5.082248210906982,-3.0510170389999995
V409M,0.4456075429916382,-1.545449572
V409Y,-1.2894763946533203,-1.805234063
V409L,0.8419615030288696,-0.587936826
V409W,-2.8624024391174316,-2.4163876980000003
V409T,-0.3551926612854004,-0.969169102
V409A,-1.6334524154663086,0.109549677
V409R,-2.947218418121338,-0.70716867
V409Q,-0.19382095336914062,-0.636311286
V409N,-1.3043642044067383,-1.775476345
V409S,-1.381777286529541,-1.249013819
G410S,0.8678715229034424,-0.014877038
G410R,0.48158764839172363,0.513121836
G410Q,1.0023674964904785,-0.946235211
G410P,-3.24580454826355,-1.082017562
G410N,1.4698082208633423,-1.110186569
G410M,-0.3362436294555664,-1.907443416
G410L,-0.06444001197814941,-0.945856031
G410I,-0.4716646671295166,-2.102582216
G410H,-0.5724713802337646,-1.944466428
G410F,-0.8401758670806885,-1.823329659
G410D,0.06284499168395996,-0.159876325
G410C,-2.5190041065216064,-2.187367507
G410A,-0.2653071880340576,-1.217728229
G410W,-2.1313693523406982,-1.489111719
G410Y,-0.9972951412200928,-0.388540704
G410K,1.3640164136886597,-1.813633845
G410E,0.6421012878417969,-1.846925279
G410V,-0.3603789806365967,-1.17434133
G410T,0.6219284534454346,-0.917779618
K411G,-0.9135640859603882,-0.328810752
K411H,-2.3482909202575684,-0.952368306
K411I,-1.752736210823059,-1.779330625
K411L,-2.045656204223633,-2.170057432
K411M,-2.6044793128967285,-2.240107135
K411N,0.33314573764801025,-2.020682916
K411F,-3.0028624534606934,-2.006502203
K411E,-0.4004255533218384,-1.976203151
K411R,-1.2728925943374634,-2.829993881
K411S,-0.42515766620635986,-1.055617257
K411T,-0.4476364850997925,-1.131261546
K411V,-1.5370553731918335,-1.043644232
K411W,-4.659696102142334,-1.470166343
K411Y,-2.615516185760498,-1.547102273
K411Q,-0.8895503282546997,-0.750481168
K411P,-3.657270908355713,-2.302689759
K411D,-0.5558663606643677,-3.072252383
K411A,-1.4109669923782349,-1.121079511
K411C,-4.080041408538818,-1.97358737
E412S,0.9229469299316406,-0.429112325
E412V,-0.9535565376281738,0.74372043
E412Y,-1.3682260513305664,-0.43857495
E412R,2.7795257568359375,-0.254036056
E412Q,0.773613452911377,0.583938515
E412P,-3.13802433013916,-3.309443739
E412N,0.5145068168640137,-0.66314138
E412M,-1.1568856239318848,-0.7997940440000001
E412K,2.0789144039154053,0.241841782
E412I,-1.0852851867675781,0.300326548
E412H,-0.17586278915405273,-0.257757262
E412G,0.3151211738586426,-1.432191741
E412F,-2.138111114501953,0.502345417
E412D,-0.3470609188079834,-0.072577219
E412C,-2.1099328994750977,-0.694118747
E412A,-0.2858302593231201,0.306288246
E412L,-0.9118542671203613,-0.328240149
E412T,0.1872847080230713,0.625741848
E412W,-2.4678287506103516,-1.1050093090000002
F413W,-3.440432548522949,-0.938970057
F413Y,-1.8134651184082031,-1.711272359
F413A,-2.6150760650634766,-3.627346684
F413C,-3.1607913970947266,-3.053901771
F413D,-5.942315101623535,-3.259357644
F413E,-4.839623928070068,-3.506060326
F413G,-4.500514030456543,-2.660000229
F413H,-2.8364129066467285,-3.156876623
F413I,0.9641584157943726,-2.58515339
F413V,0.6229294538497925,-3.296080333
F413L,0.9151953458786011,-3.321977885
F413T,-1.2826619148254395,-3.688865543
F413S,-2.7295117378234863,-2.70523724
F413R,-3.429731845855713,-3.931815478
F413K,-2.9294209480285645,-3.289309742
F413P,-6.450567245483398,-2.965353705
F413N,-2.3824801445007324,-3.044544
F413M,0.18086671829223633,-3.05968826
F413Q,-1.7554535865783691,-3.0201443930000003
N414Y,-2.520158290863037,-2.789115624
N414P,-3.8530731201171875,-2.958113136
N414V,-1.1390228271484375,-3.071407333
N414T,-0.3941009044647217,-0.718264913
N414S,0.09436655044555664,-0.370667751
N414R,-1.2358803749084473,-3.272963557
N414Q,-0.5843172073364258,-2.3540749030000003
N414W,-3.90610933303833,-2.681307876
N414M,-2.4892778396606445,-2.671402655
N414K,0.3351861238479614,-1.565235986
N414L,-1.5814542770385742,-4.458500428
N414A,-0.5504922866821289,-0.964342848
N414C,-3.7388811111450195,-2.923956207
N414D,0.24691987037658691,-2.199581396
N414G,-0.2270798683166504,-0.044160649
N414F,-2.853940010070801,-3.472371341
N414H,-1.8847970962524414,-1.768462984
N414I,-1.6175432205200195,-3.080203584
N414E,0.20319747924804688,-3.326082195
N415K,0.2128441333770752,-0.8570159890000001
N415C,-3.7507219314575195,-1.070854866
N415D,-0.5713324546813965,-0.613425397
N415E,-0.6847774982452393,-0.240065536
N415F,-2.782351493835449,-0.061357412
N415G,-0.7490484714508057,-0.689024035
N415H,-1.8654842376708984,-1.129837214
N415I,-1.9394683837890625,0.280719775
N415A,-0.6736776828765869,-0.124003837
N415M,-2.8156137466430664,-0.533322415
N415P,-4.1413116455078125,-1.333610671
N415Q,-1.0778234004974365,-0.301457645
N415R,-0.377835750579834,-0.202817261
N415S,-0.3018960952758789,-0.210537988
N415T,-1.1370141506195068,-0.034744259
N415V,-1.512500286102295,0.098537226
N415W,-4.222452163696289,-0.109632205
N415Y,-2.4763784408569336,-0.032884457
N415L,-1.5816080570220947,0.0438645009999999
L416H,-3.2773048877716064,-2.558882282
L416G,-5.638369560241699,-3.293010086
L416F,-1.4622900485992432,-0.362971489
L416A,-3.179114580154419,-3.114081597
L416C,-4.201085090637207,-2.200924205
L416I,-0.6703128814697266,-1.714875423
L416D,-6.686363220214844,-3.0830440930000003
L416K,-5.5792341232299805,-1.358625106
L416E,-5.974298477172852,-2.596542026
L416P,-7.8461761474609375,-3.251983173
L416N,-3.6054041385650635,-2.106014371
L416Y,-3.112248659133911,-0.861709962
L416W,-4.1968278884887695,-2.124533129
L416V,-1.0606269836425781,-1.7556861780000002
L416M,-1.5347940921783447,-0.934285154
L416S,-3.6870319843292236,-2.960083743
L416R,-5.636602401733398,-0.434618959
L416Q,-3.6945784091949463,-1.734555647
L416T,-2.007948875427246,-3.049548647
E417W,-3.0710339546203613,-2.702541264
E417V,-1.635086178779602,-2.784438377
E417T,-0.1963726282119751,-3.15809553
E417S,-0.030804872512817383,-3.34855954
E417R,-2.1158828735351562,-2.312467217
E417Q,-0.9148527383804321,-2.72648935
E417P,-3.854659080505371,-3.141516423
E417N,0.10671651363372803,-3.300462806
E417L,-1.6481531858444214,-3.520558163
E417K,-0.8875840902328491,-2.184137542
E417I,-1.7814985513687134,-2.973755587
E417G,-0.8908227682113647,-2.856033604
E417F,-2.4079408645629883,-3.093653363
E417D,-0.4695223569869995,-2.352727047
E417C,-3.8985633850097656,-2.884920585
E417A,-1.570233702659607,-3.139981662
E417M,-2.094970703125,-2.650459282
E417H,-2.27640962600708,-2.849207715
E417Y,-2.328017234802246,-2.852819522
K418C,-4.33607292175293,-2.116040681
K418A,-1.6554875373840332,-1.940562117
K418Y,-2.8656771183013916,-2.605629482
K418W,-4.4309539794921875,-2.338607839
K418V,-1.9619951248168945,-3.0090792260000003
K418S,-0.7628226280212402,-2.763414698
K418R,-1.5572359561920166,-0.231583588
K418Q,-1.3489124774932861,-2.307933385
K418P,-4.749148368835449,-3.084001988
K418T,-0.7483110427856445,-2.236594796
K418M,-2.6151697635650635,-2.375303523
K418N,-0.6930873394012451,-1.724147545
K418E,-0.7746410369873047,-1.902332407
K418F,-3.2043850421905518,-1.466526566
K418G,-1.3822946548461914,-3.211053099
K418D,-1.6727139949798584,-2.740896909
K418I,-1.789292812347412,-2.532661252
K418L,-1.951350450515747,-0.918734372
K418H,-2.720062494277954,-2.2091841690000003
R419I,-2.4954569339752197,-2.7522742360000003
R419C,-3.9974119663238525,-2.764421994
R419D,-2.0901777744293213,-2.714268249
R419E,-1.603440284729004,-2.425508023
R419F,-3.590395212173462,-2.706470645
R419G,-1.7146458625793457,-2.006597325
R419H,-2.344242811203003,-2.631688129
R419A,-1.891737699508667,-2.904280054
R419L,-2.3813507556915283,-2.957909164
R419M,-2.6300079822540283,-3.070794355
R419Y,-3.077197313308716,-2.570801309
R419W,-4.321053504943848,-1.804021939
R419V,-2.4457814693450928,-3.200611609
R419T,-1.1768453121185303,-1.83279641
R419K,0.7174174785614014,-2.205667639
R419Q,-1.1409540176391602,-2.552579146
R419P,-5.644067764282227,-2.681305139
R419N,-0.8531711101531982,-2.589395879
R419S,-0.7732460498809814,-2.464216045
M420A,-2.0761611461639404,-2.471525439
M420C,-2.7606942653656006,-2.6032654930000003
M420D,-4.954113006591797,-1.367517354
M420E,-4.140067100524902,-2.508900965
M420F,0.2922704219818115,-1.056521525
M420G,-4.2145538330078125,-3.017759276
M420H,-3.6820638179779053,-2.258975156
M420I,0.9564235210418701,-1.250987885
M420L,0.8930413722991943,-0.6721959340000001
M420N,-2.676917791366577,-2.312079638
M420P,-5.995147705078125,-2.886619941
M420V,1.440218448638916,-2.329597531
M420R,-5.185293197631836,-3.138795757
M420S,-2.3122127056121826,-2.466967385
M420T,-0.6527900695800781,-2.167495845
M420Y,-1.6069505214691162,-2.586191787
M420W,-3.647381544113159,-1.533231597
M420K,-4.49086856842041,-2.169902078
M420Q,-2.2667548656463623,-1.645168676
E421C,-5.184417247772217,-2.217645692
E421D,0.27539706230163574,-1.4845199619999998
E421Y,-3.3287439346313477,-1.870094937
E421W,-4.585205078125,-2.239422837
E421V,-2.45078706741333,-2.219050162
E421T,-1.5434342622756958,-2.673698264
E421S,-1.4926153421401978,-0.6850565479999999
E421R,-3.15677547454834,-1.917902256
E421Q,-1.9690662622451782,0.143830274
E421P,-5.049843788146973,-3.088100051
E421A,-1.9809342622756958,-1.28224359
E421M,-3.42905330657959,-1.753730881
E421L,-2.5527901649475098,-2.184927729
E421K,-1.6347790956497192,-1.186186742
E421I,-2.441253662109375,-2.465975663
E421H,-3.462501049041748,-1.7859983330000002
E421G,-1.9396039247512817,-1.252268017
E421F,-3.5607142448425293,-1.529909797
E421N,-0.5566211938858032,-1.6663209769999998
N422E,0.10483717918395996,-2.193657998
N422F,-2.18912672996521,-2.314689531
N422G,-0.9813158512115479,-1.574045436
N422H,-2.190687417984009,-1.992775126
N422I,-1.0033464431762695,-2.037404497
N422K,-0.22531723976135254,-1.972266082
N422L,-1.0385091304779053,-2.301402697
N422R,-1.3822100162506104,-2.866064422
N422P,-4.1836090087890625,-2.662733418
N422Q,-1.061535120010376,-2.321830978
N422D,-0.12865352630615234,-1.917370765
N422S,-0.3107259273529053,-0.864985907
N422T,-0.5465807914733887,-0.7649323840000001
N422V,-1.1066389083862305,-2.517639204
N422W,-3.407475233078003,-2.08278224
N422Y,-2.009052038192749,-2.246299788
N422M,-2.0295770168304443,-1.7887721090000002
N422C,-3.8112599849700928,-2.7283575960000004
N422A,-0.7850329875946045,-1.25409052
L423D,-4.709661960601807,-2.769418729
L423Y,-3.0568771362304688,-2.844046777
L423W,-3.6510558128356934,-2.486078374
L423V,-1.1374648809432983,-1.843903569
L423T,-2.3355207443237305,-3.073518481
L423S,-2.9391727447509766,-2.6110375
L423R,-4.530850887298584,-3.893448184
L423Q,-3.42484188079834,-2.833484655
L423C,-3.5315303802490234,-2.831050681
L423P,-6.0995283126831055,-2.7609669180000003
L423M,-1.8487814664840698,-2.012148622
L423A,-2.670502185821533,-2.899228588
L423K,-4.600653171539307,-2.4056696090000003
L423I,-0.9047644138336182,-2.617845414
L423H,-4.26053524017334,-2.9619206
L423G,-4.293112754821777,-3.057137203
L423E,-4.160841941833496,-2.727860006
L423N,-3.16684627532959,-3.0641155280000003
L423F,-1.273279070854187,-2.164276506
N424A,-0.9434814453125,-1.6441902169999998
N424W,-2.8565287590026855,-1.36504271
N424Y,-2.0040359497070312,-1.757429946
N424C,-3.1828560829162598,-1.906588737
N424D,0.38913941383361816,-2.015743949
N424E,2.1132757663726807,-2.744851242
N424F,-2.082655429840088,-2.107501848
N424H,-2.0475454330444336,-1.484939072
N424I,-1.451429843902588,-1.335685786
N424K,-0.8363339900970459,-2.146822941
N424G,-0.8899142742156982,-2.68030586
N424M,-1.73799467086792,-2.174078682
N424P,-2.814631938934326,-2.089040965
N424Q,0.015108823776245117,-1.998801276
N424R,-1.9471521377563477,-3.511678814
N424S,0.5493040084838867,-3.116208604
N424T,0.3501152992248535,-2.802375018
N424V,-1.2755584716796875,-3.101002102
N424L,-1.3230204582214355,-3.156908726
K425L,-2.044938564300537,-2.844286797
K425D,-1.8296130895614624,-2.502358005
K425E,-1.1604779958724976,-2.178753144
K425F,-3.3053178787231445,-3.168638478
K425G,-1.8237189054489136,-3.865008552
K425H,-3.0079140663146973,-1.78396955
K425I,-2.2286086082458496,-3.05538267
K425M,-3.0985498428344727,-2.683805689
K425C,-4.200534820556641,-3.33563414
K425P,-4.8696136474609375,-3.745777277
K425Q,-1.3726876974105835,-1.372955419
K425R,-1.4072526693344116,-0.295034722
K425S,-1.1627181768417358,-2.196634613
K425T,-1.5677822828292847,-2.239931039
K425V,-2.1771998405456543,-1.615792233
K425W,-4.403440952301025,-2.812541842
K425N,-1.1900495290756226,-1.168886543
K425A,-1.791744589805603,-1.636692276
K425Y,-3.0720205307006836,-3.531979034
K426Y,-2.7912662029266357,-3.424416689
K426C,-4.456906318664551,-3.452401074
K426D,-3.2391107082366943,-3.045028163
K426E,-2.753685235977173,-2.263942638
K426F,-2.7948100566864014,-2.882060164
K426G,-3.617828130722046,-3.562134914
K426H,-3.049447774887085,-2.6519759780000003
K426I,-1.8189918994903564,-3.113945869
K426L,-1.976362943649292,-3.306898439
K426M,-2.5521440505981445,-2.521980775
K426N,-2.10599422454834,-2.511083364
K426P,-5.100933074951172,-3.868775023
K426Q,-2.317795753479004,-2.586399552
K426R,-1.236100196838379,-1.5563181169999998
K426S,-1.0033459663391113,-3.054927594
K426T,-0.02399301528930664,-2.97754918
K426A,-2.2668094635009766,-3.099529067
K426V,-2.247149705886841,-3.202124957
K426W,-4.405703544616699,-3.088779285
V427W,-3.6334228515625,-2.086090849
V427D,-3.3453221321105957,-2.419654559
V427E,-3.564115524291992,-2.987504864
V427F,-0.540031909942627,-2.486030555
V427G,-3.4073538780212402,-2.8731475539999995
V427H,-3.0049262046813965,-2.973215971
V427I,0.4060736894607544,-0.8422561940000001
V427A,-2.3039937019348145,-2.542225137
V427L,0.24743521213531494,-2.001422795
V427M,-0.7885608673095703,-1.363132075
V427N,-2.2028136253356934,-3.168309659
V427P,-3.944882392883301,-2.805607264
V427Q,-2.312190532684326,-2.994377052
V427R,-3.462158203125,-3.03605075
V427S,-1.9963650703430176,-2.368122205
V427T,-1.4177937507629395,-2.196769045
V427Y,-1.610978603363037,-0.971527733
V427K,-2.9335107803344727,-2.095416113
V427C,-3.261068344116211,-2.270448641
D428N,-0.3972926139831543,-1.565209775
D428W,-4.003368377685547,-2.475494817
D428V,-1.473043441772461,-2.368273887
D428T,-1.0565173625946045,-1.233036518
D428S,-0.6211552619934082,-2.555371195
D428R,-2.1858909130096436,-3.33902922
D428Q,-1.269097089767456,-2.407969326
D428P,-3.0387372970581055,-2.823426604
D428M,-2.4044346809387207,-2.015769304
D428L,-1.5521340370178223,-3.519068293
D428K,-1.0804274082183838,-2.656351143
D428I,-1.4991090297698975,-3.138919597
D428H,-2.2347869873046875,-2.6873489630000003
D428A,-1.5459728240966797,-2.7442695460000004
D428C,-4.016798973083496,-3.03183506
D428G,-1.6006004810333252,-3.0123278910000004
D428Y,-2.173078775405884,-2.168747442
D428E,0.034735679626464844,-1.585419206
D428F,-2.2295660972595215,-2.526052434
D429E,-0.04094862937927246,-1.879768948
D429Y,-1.9247593879699707,-2.374874468
D429W,-3.920963764190674,-2.427432229
D429V,-1.476186752319336,-2.87236389
D429T,-0.9126708507537842,-2.713420254
D429S,-0.05573892593383789,-2.500851973
D429R,-1.10605788230896,-3.048388709
D429Q,-0.3687419891357422,-1.322381774
D429P,-2.2034687995910645,-3.043406842
D429C,-2.947958469390869,-3.139622485
D429A,-0.7796967029571533,-2.195787234
D429M,-2.414834499359131,-2.309852507
D429L,-1.2105391025543213,-3.377305373
D429K,0.2504763603210449,-2.894993755
D429I,-1.4489831924438477,-2.810690139
D429H,-1.8389983177185059,-2.487761243
D429G,-0.740041971206665,-2.417923842
D429F,-1.977926254272461,-2.797439175
D429N,0.04486227035522461,-1.632442936
G430Y,-0.5110933780670166,-2.633151413
G430A,0.37184882164001465,-2.9997578810000003
G430C,-1.131605863571167,-3.264558576
G430W,-2.3574483394622803,-2.808336178
G430D,-0.8061020374298096,-2.794370008
G430E,-0.891610860824585,-2.174121362
G430F,0.2890486717224121,-3.461944104
G430H,-0.675884485244751,-3.28374317
G430I,1.507900357246399,-2.623503384
G430K,0.7419319152832031,-2.947355182
G430L,2.0257811546325684,-2.722938133
G430M,0.6340935230255127,-2.190811633
G430P,-1.762446641921997,-3.594706187
G430Q,-0.18661260604858398,-2.15947022
G430R,0.016748666763305664,-3.1340438610000003
G430S,0.5450108051300049,-3.090772955
G430T,0.6313738822937012,-3.370325242
G430V,1.129284381866455,-3.280278944
G430N,0.6999316215515137,-2.893351279
F431V,0.048346519470214844,-2.7831095660000003
F431A,-0.48250818252563477,-3.204305437
F431C,-1.7072880268096924,-2.927995367
F431D,-0.5911340713500977,-3.046595861
F431E,-0.3097195625305176,-2.857248542
F431G,-0.81180739402771,-2.636444453
F431H,-1.144655466079712,-3.1523249680000003
F431I,0.45880889892578125,-2.465022311
F431L,0.7206528186798096,-0.46179953
F431M,-0.6836259365081787,-2.365492747
F431N,0.4351205825805664,-2.487625825
F431P,-1.8047821521759033,-3.424612524
F431Q,-0.31992030143737793,-3.302737348
F431R,-0.16119909286499023,-3.40670424
F431S,0.24501848220825195,-3.429664978
F431T,-0.05162978172302246,-3.739019858
F431K,1.2467942237854004,-3.306918095
F431Y,-0.6188266277313232,-2.600182218
F431W,-2.0226709842681885,-2.820406895
L432D,0.7135143280029297,-2.829424117
L432V,0.01282644271850586,-1.198115445
L432A,0.5438637733459473,-2.93887278
L432E,0.9270443916320801,-1.859530883
L432F,-0.6573843955993652,-1.269255192
L432G,0.45533180236816406,-2.554123167
L432H,-0.14848804473876953,-1.449229299
L432I,-0.04541921615600586,-1.224709768
L432K,2.176884651184082,-2.146175696
L432M,-1.0563673973083496,-1.859984421
L432N,1.45646333694458,-1.953996644
L432P,-1.6033706665039062,-2.653049464
L432Q,0.5127310752868652,-0.731789962
L432R,0.9319896697998047,-2.068546384
L432S,1.020824670791626,-2.724327977
L432T,0.3892843723297119,-1.339636222
L432C,-1.6475729942321777,-2.430843832
L432Y,-0.12396049499511719,-1.538375948
L432W,-1.8749761581420898,-1.143020932
D433W,-2.333353042602539,-2.500468504
D433A,-0.12753725051879883,-1.622344219
D433C,-2.69490385055542,-1.745265174
D433E,0.2442612648010254,-0.90218869
D433F,-1.710564136505127,-3.188454371
D433G,-0.7163834571838379,-1.842246909
D433H,-1.2187418937683105,-1.809150377
D433I,-1.4466557502746582,-2.769644908
D433K,1.530474305152893,-3.028155747
D433Y,-1.3783559799194336,-2.133698757
D433L,-0.6083054542541504,-3.110425969
D433M,-1.5281310081481934,-2.388410443
D433N,0.30608224868774414,-1.955989901
D433P,-1.5197739601135254,-3.476391109
D433Q,0.11829233169555664,-1.271948808
D433R,0.41582679748535156,-3.196589599
D433S,0.31925129890441895,-1.080927507
D433T,-0.29020118713378906,-2.149020508
D433V,-1.4453721046447754,-2.724311845
I434A,-0.6679677963256836,-3.103027775
I434Y,-1.0296390056610107,-2.862417444
I434C,-1.6421496868133545,-3.16132827
I434N,-0.4524352550506592,-3.098624888
I434H,-1.7085239887237549,-3.305099771
I434E,-1.0623960494995117,-2.8547354730000003
I434D,-1.019984483718872,-3.002796938
I434K,-0.24490976333618164,-3.036045871
I434L,0.49064528942108154,-0.1401049
I434M,-0.9333784580230713,-1.910582793
I434P,-1.1979765892028809,-3.612705936
I434Q,-1.022014856338501,-2.911159568
I434R,-0.9235260486602783,-3.54769693
I434S,-0.4530761241912842,-3.488837788
I434T,-0.7182719707489014,-3.299761878
I434V,-0.3759453296661377,-0.62078068
I434W,-2.350149393081665,-2.317545906
I434G,-1.1040380001068115,-3.512224749
I434F,-0.39823031425476074,-1.132476476
W435Y,1.7572250366210938,-2.914445358
W435V,2.152527332305908,-3.471129015
W435T,2.741403102874756,-3.228228829
W435R,3.192723274230957,-2.620648059
W435Q,3.1186940670013428,-3.4453965010000003
W435M,1.6022887229919434,-2.94594665
W435L,2.4860730171203613,-3.539121522
W435K,4.361415863037109,-3.233404205
W435I,2.0263218879699707,-2.7159642880000003
W435H,1.8407416343688965,-2.421314586
W435G,2.4841156005859375,-3.374443532
W435F,1.5176482200622559,-3.215976227
W435E,3.435687303543091,-2.909605665
W435D,3.009416103363037,-2.953655627
W435C,0.4276852607727051,-2.577048124
W435A,2.879840850830078,-3.432798069
W435S,3.511462450027466,-4.080882323
W435N,3.4488601684570312,-3.324504273
W435P,1.5991601943969727,-2.720856939
T436W,-2.6957759857177734,-2.4377386480000003
T436V,-1.1079463958740234,-3.585060719
T436S,0.5427756309509277,-2.238624491
T436A,-0.21765422821044922,-2.84602533
T436C,-2.2174196243286133,-2.740808029
T436D,0.29309892654418945,-2.805715864
T436E,0.4310121536254883,-2.2179428530000003
T436F,-1.2797842025756836,-2.479241611
T436M,-1.401289463043213,-2.510183531
T436H,-0.5310530662536621,-2.622888382
T436I,-0.878875732421875,-2.658987536
T436R,0.9866805076599121,-2.215224659
T436K,2.166746139526367,-2.814074821
T436Y,-0.8718805313110352,-2.456313645
T436Q,0.2136983871459961,-1.830077364
T436P,-1.7432007789611816,-3.631579912
T436N,1.2188663482666016,-2.983195015
T436L,-0.5410251617431641,-3.5882111460000004
T436G,0.0044708251953125,-2.89250565
Y437R,2.108800172805786,-3.422782857
Y437S,1.4810748100280762,-1.947670217
Y437Q,1.4440820217132568,-3.043340105
Y437P,-0.9677658081054688,-2.923857768
Y437N,1.45159912109375,-2.130811154
Y437M,0.722034215927124,-2.458690202
Y437L,1.648240327835083,-2.757704785
Y437C,-0.9235563278198242,-2.176535673
Y437I,1.2585415840148926,-2.781485898
Y437H,0.4033641815185547,-2.438632177
Y437K,2.9067041873931885,-3.266970974
Y437F,0.2779653072357178,-2.416041305
Y437E,1.146287202835083,-3.0016826310000004
Y437D,0.6022276878356934,-2.600981834
Y437T,1.2786781787872314,-3.140132152
Y437V,0.7701597213745117,-2.927748142
Y437W,-1.1497859954833984,-1.887715617
Y437A,1.118234395980835,-1.968968614
Y437G,0.9899845123291016,-2.844335463
N438I,0.19980764389038086,-2.99349631
N438C,-1.6743626594543457,-2.70341888
N438D,-1.6342716217041016,-1.669821953
N438E,-0.8036808967590332,-1.720193574
N438F,-0.15706443786621094,-2.656905204
N438G,-1.1757736206054688,-3.416336133
N438H,-0.6485722064971924,-1.5124956319999998
N438K,1.3809618949890137,-2.670625361
N438W,-2.700150489807129,-1.850727049
N438M,-0.7422623634338379,-2.671922838
N438L,0.45692920684814453,-2.029091182
N438Y,-0.3613719940185547,-2.138269001
N438V,-0.002444028854370117,-2.706851623
N438T,-0.13741731643676758,-2.14560424
N438A,-0.7836637496948242,-3.2158995310000003
N438R,0.4809579849243164,-3.775503261
N438Q,0.07567334175109863,-0.544274155
N438P,-2.109577178955078,-3.5723309860000003
N438S,-0.19368743896484375,-2.052975337
A439C,-2.106049060821533,-2.365738177
A439K,2.046327829360962,-2.814273435
A439F,-1.3149104118347168,-3.090438025
A439G,0.1957380771636963,-2.950399837
A439H,-0.22736072540283203,-2.470033748
A439I,-0.7158913612365723,-0.302794698
A439L,-0.37010908126831055,-1.643007888
A439Q,0.8776516914367676,-2.93724777
A439N,1.6288691759109497,-0.6549597079999999
A439P,-0.9340310096740723,-2.8157499510000004
A439D,0.9876894950866699,-2.630135221
A439R,1.111055612564087,-3.632549863
A439S,0.9197063446044922,-1.314197769
A439T,0.5199198722839355,-1.6979861580000002
A439V,-0.7352604866027832,-1.581456629
A439W,-2.48329496383667,-2.4334055830000003
A439Y,-0.6438312530517578,-2.85353377
A439M,-0.9903531074523926,-2.3822396130000003
A439E,1.1650314331054688,-1.354017443
E440C,-3.1377170085906982,-3.272447154
E440D,-0.380810022354126,-2.644684048
E440Y,-1.7125184535980225,-3.564805359
E440W,-3.3340933322906494,-2.995951814
E440V,-1.730259656906128,-3.769490669
E440T,0.6235171556472778,-3.446754908
E440S,0.7439788579940796,-2.418547658
E440R,0.02972102165222168,-3.587363316
E440Q,-0.10096573829650879,-2.549721497
E440P,-2.1142055988311768,-3.650400248
E440M,-1.5541117191314697,-2.909150244
E440L,-0.811241865158081,-4.087414498
E440K,0.694499135017395,-2.90533611
E440I,-1.230119228363037,-2.98757164
E440H,-1.4303252696990967,-2.7244759
E440G,-1.2761962413787842,-3.371015977
E440F,-1.9573781490325928,-3.350899314
E440A,-0.8383810520172119,-2.811335664
E440N,-0.0494084358215332,-2.849476887
L441M,-1.3143540620803833,-1.16174306
L441C,-3.2417240142822266,-2.498021246
L441Y,-2.420863628387451,-2.155056932
L441W,-4.126267433166504,-1.831537097
L441V,-1.1685532331466675,-1.971825234
L441T,-1.4987930059432983,-2.128351548
L441R,-1.1704462766647339,-2.268110225
L441Q,-1.7184230089187622,-1.929419288
L441P,-3.1291985511779785,-2.9001330010000004
L441N,-1.203412413597107,-2.752822802
L441S,-1.8036385774612427,-2.743105201
L441K,-0.4647468328475952,-3.042264319
L441I,-0.6330364942550659,-1.261220765
L441H,-2.555690288543701,-2.387782631
L441G,-2.6900854110717773,-3.67112749
L441F,-1.7398725748062134,-1.310519898
L441E,-2.0822200775146484,-2.655849407
L441D,-2.3087844848632812,-2.8493169610000004
L441A,-1.7405155897140503,-3.464121184
L442Q,0.27297258377075195,-2.577293005
L442R,0.8049707412719727,-2.744409492
L442S,0.2767190933227539,-2.351252164
L442Y,-1.3953518867492676,-2.667237604
L442V,-0.967829704284668,-0.958064576
L442W,-2.8022327423095703,-2.827784428
L442P,-1.0928754806518555,-2.623175397
L442T,-0.3575267791748047,-1.776024606
L442N,0.4750504493713379,-2.84423641
L442K,1.6198045015335083,-2.811340823
L442I,-0.7560009956359863,-0.494325129
L442H,-1.0104751586914062,-1.024625377
L442G,-0.37270045280456543,-2.7985676710000003
L442F,-1.2691102027893066,-0.786729806
L442E,0.26428747177124023,-0.85410025
L442D,0.018223285675048828,-2.952711921
L442C,-2.5271072387695312,-2.9715662610000004
L442A,-0.1784820556640625,-1.281570977
L442M,-1.099593162536621,-1.208174244
V443Y,-0.04232907295227051,-2.817543569
V443W,-1.726198434829712,-2.830773114
V443T,0.997208833694458,-1.342975839
V443S,1.5285170078277588,-2.902946265
V443R,1.5654265880584717,-3.521539644
V443Q,1.126746416091919,-2.13683079
V443P,-0.2136075496673584,-3.243146372
V443K,2.6008334159851074,-1.73561474
V443M,-0.6638128757476807,-1.656470899
V443F,-0.5813000202178955,-2.100321945
V443L,0.4458894729614258,-2.089435402
V443I,-0.14717984199523926,-0.587964753
V443H,0.12162637710571289,-2.724622658
V443G,0.6481707096099854,-1.915091167
V443N,1.4508306980133057,-2.446425423
V443C,-1.663494348526001,-2.252862765
V443D,1.0155489444732666,-2.407877763
V443A,0.8567588329315186,-2.858655105
V443E,1.5352919101715088,-2.667939521
L444W,-2.4144392013549805,-2.848050009
L444R,0.16664600372314453,-3.925515571
L444Q,-0.3031439781188965,-2.861956199
L444P,-2.362391948699951,-2.302417799
L444N,-0.583561897277832,-2.686087348
L444M,-1.3468501567840576,-2.8580810060000004
L444I,-0.7429180145263672,-2.713931899
L444H,-1.2851622104644775,-3.254386499
L444G,-1.5302791595458984,-3.324496204
L444F,-1.146435260772705,-3.434772129
L444E,-0.36153626441955566,-3.01128532
L444D,-0.9878790378570557,-3.344578858
L444C,-2.355879783630371,-3.456874876
L444A,-0.3560466766357422,-2.832013485
L444S,-0.4809267520904541,-4.129033229
L444V,-1.144542932510376,-2.377648701
L444K,1.1557111740112305,-3.75065474
L444Y,-1.173853874206543,-3.886072224
L444T,-0.9686150550842285,-2.78438536
L445Y,-1.682905673980713,-1.081556803
L445S,-0.8537483215332031,-2.633189437
L445R,-0.23686981201171875,-2.671888464
L445Q,-0.6696066856384277,-1.879903825
L445P,-1.602834701538086,-2.185016834
L445N,-0.6715090274810791,-2.15282347
L445A,-1.2076716423034668,-2.169054819
L445M,-1.4336261749267578,-0.87899799
L445I,-0.5984954833984375,-1.192469375
L445H,-1.776339054107666,-2.626907487
L445G,-1.633305549621582,-2.854581622
L445F,-1.3741788864135742,-0.735132727
L445E,-0.8157215118408203,-2.143530136
L445D,-1.3016257286071777,-2.691220377
L445C,-2.7319369316101074,-2.63795196
L445K,0.8088186979293823,-1.782655221
L445W,-3.185558319091797,-0.979629739
L445V,-1.0000770092010498,-2.617092137
L445T,-1.2617530822753906,-1.213086051
E446A,-0.7543866634368896,-3.272888217
E446C,-2.774035930633545,-3.443943403
E446V,-1.4719529151916504,-3.027385283
E446T,-0.9305615425109863,-2.841802555
E446S,-0.3107306957244873,-3.248342154
E446R,-0.40683746337890625,-3.1900420510000003
E446Q,-0.3261079788208008,-1.947981155
E446P,-1.7472219467163086,-2.865315237
E446N,-0.06186199188232422,-1.881996934
E446W,-3.170576572418213,-2.712762011
E446L,-0.7358191013336182,-3.795161899
E446K,0.47368621826171875,-2.460801863
E446I,-1.3525466918945312,-3.352085554
E446H,-1.578216552734375,-2.74470881
E446G,-0.6969261169433594,-2.818201284
E446F,-1.8787469863891602,-3.2741837510000003
E446D,-0.6622428894042969,-1.851243137
E446M,-1.809237003326416,-2.732407697
E446Y,-1.7395775318145752,-2.821972182
N447R,-0.1761314868927002,-3.987721799
N447Q,-0.7556743621826172,-2.564191555
N447P,-2.0176243782043457,-3.62476193
N447M,-1.4786818027496338,-1.323241469
N447L,-0.348142147064209,-4.056269328
N447K,0.7473208904266357,-1.988773251
N447F,-1.6569275856018066,-3.5494094730000003
N447H,-1.661200761795044,-2.333127604
N447G,-1.0020790100097656,-2.759573651
N447E,-0.6123237609863281,-2.974220999
N447D,-1.001002311706543,-2.74102633
N447C,-2.88394832611084,-3.320403203
N447A,-1.168604850769043,-3.406687644
N447S,-0.7091934680938721,-2.9428072760000004
N447I,-0.7857255935668945,-2.2303519780000003
N447T,-0.9945931434631348,-2.876091604
N447V,-1.3423280715942383,-3.4026778980000003
N447Y,-1.748002290725708,-2.9864384530000003
N447W,-3.126957416534424,-2.953077931
E448F,0.5649678707122803,-2.952201885
E448Y,0.3248331546783447,-0.789882477
E448W,-1.5119705200195312,-2.305344085
E448V,1.0002107620239258,-2.43960758
E448T,0.4935798645019531,-1.222583307
E448S,0.7767086029052734,-1.555054389
E448D,-0.1519937515258789,-1.761973015
E448R,0.1676478385925293,-2.038399607
E448N,1.8643691539764404,-2.992215205
E448M,0.5371780395507812,-2.509440975
E448L,1.8534090518951416,-2.423160685
E448K,1.246096134185791,-2.097740051
E448I,1.5048942565917969,-3.2358353510000004
E448H,-0.41366100311279297,-2.026235257
E448G,0.4297060966491699,-1.929903466
E448Q,0.5653753280639648,-1.945546615
E448P,-0.6355295181274414,-2.530365419
E448C,-0.6174736022949219,-2.917956778
E448A,0.5461745262145996,-2.443400869
R449Y,-0.884620189666748,-3.002044719
R449W,-2.40554141998291,-1.186493512
R449V,-0.38223934173583984,-3.690302007
R449T,1.1600319147109985,-2.145450933
R449S,0.9006171226501465,-2.5734393630000003
R449Q,-0.1905374526977539,-2.4870597290000003
R449P,-0.5837812423706055,-3.053226877
R449N,0.6287312507629395,-2.728286517
R449M,-0.7246432304382324,-2.450182914
R449A,-0.3590505123138428,-3.048640487
R449K,1.3986154794692993,-2.149190436
R449I,-0.010012388229370117,-1.878369615
R449H,-1.0147204399108887,-1.67763897
R449G,-0.0441737174987793,-2.627437184
R449F,-0.6226143836975098,-3.098697662
R449E,0.30831146240234375,-2.563852547
R449D,-0.09558820724487305,-2.147665596
R449C,-1.9581494331359863,-2.788799178
R449L,0.3137991428375244,-3.7997626
T450W,-1.972142219543457,-3.594804977
T450V,-0.23328542709350586,-3.24826036
T450S,0.3785130977630615,-3.225966165
T450R,0.3553013801574707,-2.069350675
T450Q,-0.24269676208496094,-3.54477978
T450P,-0.4927234649658203,-3.18887193
T450N,0.7041819095611572,-3.286935878
T450G,0.08048486709594727,-3.842729349
T450K,1.4201767444610596,-3.5206257310000004
T450I,0.14693951606750488,-2.7269669010000004
T450H,-0.8206446170806885,-2.955212355
T450F,-0.3707540035247803,-3.3917551880000003
T450E,0.038890838623046875,-3.0621131
T450D,-0.03973984718322754,-2.0714102
T450C,-1.6174898147583008,-3.200562103
T450L,0.557227611541748,-3.643887773
T450Y,-0.5939664840698242,-2.959349248
T450M,-0.8876640796661377,-2.818856117
T450A,-0.42522525787353516,-2.740161136
L451T,-0.32991933822631836,-3.4506196160000004
L451W,-2.5556178092956543,-2.310829163
L451V,-0.2117302417755127,-2.866953143
L451Y,-0.9060101509094238,-2.443703418
L451R,0.1687932014465332,-1.621364295
L451Q,-0.6990156173706055,-3.217732199
L451P,-0.6996116638183594,-3.599669928
L451M,-1.4142723083496094,-2.446412055
L451K,1.2389098405838013,-3.335052371
L451N,0.261033296585083,-1.812042716
L451C,-1.8675322532653809,-3.404114344
L451A,-0.5662956237792969,-4.047228515
L451I,0.10643386840820312,-3.083299014
L451D,-0.3691425323486328,-3.439177539
L451E,-0.2316603660583496,-2.878812139
L451S,0.031785011291503906,-2.524115873
L451G,-0.12748098373413086,-3.278725939
L451H,-1.2289395332336426,-3.1030220410000005
L451F,-0.6361651420593262,-2.742342474
D452V,-0.06602811813354492,-2.138835731
D452N,0.6465861797332764,-1.760150239
D452T,0.03487658500671387,-2.051165312
D452S,0.5011847019195557,-0.6906095609999999
D452R,0.3403911590576172,-2.944269381
D452Q,0.0618133544921875,-2.428058126
D452P,-0.6022109985351562,-2.888299164
D452W,-1.9509592056274414,-2.451681906
D452L,0.7562084197998047,-3.518894947
D452K,1.0928401947021484,-2.424555417
D452I,0.28450536727905273,-1.7160876719999998
D452H,-0.4252772331237793,-2.386607235
D452G,-0.10954976081848145,-2.458663015
D452F,-0.15256118774414062,-2.289005249
D452E,0.15357398986816406,-2.280069724
D452A,0.07416749000549316,-1.617311718
D452Y,-0.31360673904418945,-2.173981819
D452M,-0.764777421951294,-2.305333376
D452C,-1.7773027420043945,-3.088845254
F453Y,-0.16403627395629883,-2.026189052
F453E,1.267056941986084,-2.643092305
F453G,0.30828332901000977,-1.971476574
F453H,-0.6821846961975098,-2.878802327
F453I,0.7259187698364258,-2.194968493
F453K,1.4350078105926514,-3.135970632
F453L,0.894446611404419,-1.496423101
F453M,-0.5514073371887207,-1.971736969
F453N,0.960902214050293,-3.0692087960000003
F453P,0.24105620384216309,-2.6243658080000003
F453Q,0.4470694065093994,-2.504195058
F453R,0.3348426818847656,-3.566380816
F453S,0.8818511962890625,-2.342634767
F453T,0.36952877044677734,-2.869274898
F453V,0.41690611839294434,-2.9314515180000003
F453A,0.24945664405822754,-3.646575506
F453W,-1.2745680809020996,-1.386158758
F453C,-1.2961459159851074,-2.540860194
F453D,0.5841701030731201,-2.793508154
H454C,-0.504185676574707,-3.14096907
H454F,0.4799628257751465,-2.672514778
H454G,1.30177903175354,-3.07722055
H454I,0.9456534385681152,-2.777191035
H454K,2.2547359466552734,-2.571963089
H454M,-0.25855588912963867,-2.443565597
H454N,2.0866506099700928,-3.016582135
H454E,1.4310789108276367,-2.779327999
H454P,0.0723886489868164,-3.329714817
H454R,1.0712814331054688,-3.128193839
H454S,2.4179177284240723,-3.1772126860000003
H454T,1.520397424697876,-0.8959420220000001
H454V,0.7649054527282715,-3.316958215
H454W,-1.568544864654541,-2.96093183
H454Y,0.2559652328491211,-2.688477159
H454A,0.749913215637207,-3.392439018
H454Q,0.7178068161010742,-2.552423666
H454D,1.5139238834381104,-2.841898647
H454L,1.2036700248718262,-2.970885037
D455Y,-0.41390395164489746,-1.767282499
D455A,-0.3134176731109619,-1.5741412030000002
D455E,0.20693302154541016,-0.27732427
D455F,-0.03763890266418457,-2.708877171
D455G,-0.4853019714355469,-2.233332108
D455H,-0.9512882232666016,-1.920758609
D455I,0.5539159774780273,-2.411701377
D455K,0.5625858306884766,-2.304477552
D455L,0.9511412382125854,-1.335621468
D455C,-1.5384464263916016,-3.120530587
D455N,0.2885925769805908,-1.693135715
D455P,-1.4002337455749512,-2.864609202
D455Q,-0.36812376976013184,-2.1786473440000003
D455R,-0.22085046768188477,-2.31817231
D455S,0.06672143936157227,-1.249268752
D455T,-0.1117250919342041,-1.902469582
D455V,0.3573911190032959,-1.914261952
D455W,-2.0172839164733887,-2.170867776
D455M,-0.7140951156616211,-1.542299731
L456S,0.42852115631103516,-1.061064146
L456R,-0.3592395782470703,-0.396728077
L456Q,0.0702981948852539,-0.966548923
L456P,0.15341591835021973,-2.680132947
L456N,0.2689192295074463,-0.620212585
L456M,-1.2245440483093262,-0.376912406
L456K,0.9585187435150146,-0.808478664
L456E,1.148651361465454,-1.170123653
L456H,-1.5818495750427246,-0.163138304
L456G,-0.19370818138122559,-0.5530893
L456F,-0.646714448928833,-0.16210262
L456D,0.33127832412719727,-0.876650452
L456C,-2.3448081016540527,-2.458762027
L456A,-0.042263031005859375,-1.076442254
L456T,-0.09947872161865234,-0.236356629
L456I,-0.12090182304382324,-0.707130831
L456V,-0.11757898330688477,-1.087757953
L456Y,-0.852536678314209,-1.10402262
L456W,-1.933828353881836,-1.784803752
N457C,-2.240816116333008,-3.396565888
N457Y,-0.9000978469848633,-3.269245205
N457W,-2.696411609649658,-3.220048124
N457V,-0.49149370193481445,-3.2629879
N457T,-0.5523576736450195,-2.270233541
N457S,-0.15018343925476074,-2.654338654
N457R,-0.5925788879394531,-3.854185464
N457Q,-0.4927992820739746,-0.8650913920000001
N457P,-1.4602258205413818,-3.830551139
N457A,-0.643322229385376,-2.252927541
N457L,-0.3892483711242676,-2.8750847810000004
N457K,0.2726864814758301,-1.894234782
N457I,-0.5475807189941406,-3.156398932
N457H,-1.3488893508911133,-2.809658896
N457G,-0.9486746788024902,-3.4970835210000004
N457F,-0.9195661544799805,-3.2937551
N457E,0.2801218032836914,-3.139087017
N457D,0.10279703140258789,-2.538206268
N457M,-1.4488821029663086,-1.565727396
V458D,0.14267778396606445,-3.116359752
V458C,-1.3306975364685059,-2.7847160630000003
V458A,-0.41482090950012207,-2.424439446
V458Y,-0.4123570919036865,-3.19877153
V458W,-1.3425984382629395,-3.043688806
V458T,-0.21284890174865723,-2.837627557
V458R,-0.8024501800537109,-3.169253873
V458Q,-0.8073885440826416,-1.45137563
V458P,-1.2346045970916748,-2.905194499
V458N,0.0871133804321289,-2.829244174
V458S,-0.029660940170288086,-2.733948785
V458L,0.6439230442047119,-0.708674354
V458K,-0.029932498931884766,-2.249686261
V458I,0.09712028503417969,-0.629747456
V458H,-1.6172370910644531,-2.3934770380000003
V458G,-0.5752129554748535,-3.952126529
V458F,-0.1991109848022461,-3.1941626860000003
V458E,-0.25757861137390137,-2.373495412
V458M,-0.8240015506744385,-1.954857434
K459H,-2.031156063079834,-2.045443428
K459G,-1.0720806121826172,-2.414618921
K459F,-1.9041228294372559,-3.261755366
K459A,-1.2735261917114258,-2.444301082
K459D,-0.2918682098388672,-1.778713526
K459C,-2.8074097633361816,-2.926222319
K459I,-1.4229662418365479,-3.626498507
K459E,-0.11762118339538574,-2.002105504
K459L,-1.1182186603546143,-2.598085619
K459S,0.825350284576416,-3.417553674
K459N,-0.43654584884643555,-1.737522597
K459M,-2.1685538291931152,-1.802912202
K459W,-2.9899344444274902,-2.185072694
K459V,-1.4126012325286865,-3.476230327
K459T,1.1984632015228271,-2.344552885
K459Y,-1.8057456016540527,-2.471074821
K459R,-1.0457923412322998,-1.004416095
K459Q,-1.0056555271148682,-2.011603174
K459P,-1.583996295928955,-1.6939833619999998
N460Y,-1.5029053688049316,-2.391534227
N460W,-3.1488208770751953,-2.1876988980000003
N460V,-1.0861189365386963,-1.583046893
N460T,-0.4231250286102295,-0.402738307
N460S,0.1644754409790039,-0.175916706
N460R,-1.0897791385650635,-1.425070984
N460Q,-0.40378236770629883,-0.082593316
N460P,-0.9035484790802002,-2.961931493
N460M,-1.8555035591125488,-1.27360579
N460L,-0.851891279220581,-2.649469938
N460K,0.09379959106445312,0.172893419
N460C,-2.765594482421875,-2.179124751
N460D,0.3805360794067383,-1.3969773090000002
N460E,0.8863668441772461,-1.197243651
N460A,-0.3578171730041504,-0.110018654
N460G,-0.41237306594848633,-1.547326524
N460H,-1.6878433227539062,-1.246873726
N460I,-1.2407338619232178,-2.478407939
N460F,-1.8769340515136719,-2.788212674
L461N,-0.5576400756835938,-2.717802005
L461V,-0.5299131870269775,-2.506811249
L461T,-0.7607302665710449,-3.1432823310000004
L461S,-0.5487687587738037,-3.092492727
L461R,-1.4496550559997559,-3.166460155
L461Q,-0.8373398780822754,-2.173139743
L461P,-2.6218509674072266,-2.364281107
L461M,-1.3183321952819824,-2.443305481
L461F,-0.8988430500030518,-2.251521379
L461I,-0.25766515731811523,-0.444327656
L461H,-1.785923957824707,-2.656333127
L461G,-1.0434236526489258,-3.459938304
L461Y,-0.9948744773864746,-2.629494181
L461E,0.3668029308319092,-2.726932798
L461D,-0.14912915229797363,-2.798361475
L461C,-1.4574244022369385,-2.9849077530000003
L461A,-0.27674412727355957,-3.282138599
L461K,-0.7437958717346191,-3.0100979160000003
L461W,-2.170074462890625,-2.608820506
Y462F,0.4614229202270508,-0.812916505
Y462E,1.0772202014923096,-3.059057008
Y462W,-1.1677193641662598,-2.87674593
Y462V,1.001868486404419,-3.5057115810000004
Y462T,2.0367894172668457,-3.595175319
Y462S,1.640819787979126,-3.689905334
Y462R,-0.21994876861572266,-2.703597261
Y462Q,0.04764080047607422,-2.793948325
Y462P,-0.27376461029052734,-3.192849649
Y462N,0.28376150131225586,-2.988248465
Y462M,-0.03764772415161133,-2.704677392
Y462L,1.252934455871582,-3.236641992
Y462K,0.7184755802154541,-2.702859474
Y462I,1.1869182586669922,-1.957779749
Y462H,-0.8750948905944824,-2.4356750380000003
Y462G,-0.4319014549255371,-3.391521923
Y462A,0.5329980850219727,-3.311180854
Y462D,0.352022647857666,-2.5108687030000003
Y462C,-0.3890261650085449,-2.86820749
E463N,-0.6668803691864014,-0.526591826
E463K,-0.8338475227355957,-1.702938014
E463V,-2.204503059387207,-1.932826819
E463T,-1.4868481159210205,-0.7518486
E463S,-0.8715353012084961,-0.835155619
E463R,-2.0011634826660156,-2.469205067
E463Q,-1.4159343242645264,-0.578047974
E463P,-2.1707963943481445,-3.34802356
E463M,-2.8882453441619873,-0.8937757470000001
E463W,-3.5813682079315186,-1.7045498769999998
E463L,-1.5263035297393799,-2.491871719
E463I,-2.1727941036224365,-2.025188427
E463H,-2.598862409591675,-1.833676344
E463G,-1.4647250175476074,-1.6241976969999998
E463F,-2.496798276901245,-1.534379845
E463D,-0.12343692779541016,0.000964099
E463C,-2.9350812435150146,-2.846178144
E463A,-1.74519944190979,-1.518325581
E463Y,-2.307056427001953,-0.7086816140000001
K464A,-0.9059963226318359,-0.996099645
K464C,-2.2796759605407715,-3.04829506
K464W,-2.683682441711426,-2.3408654330000003
K464T,-0.3715386390686035,-1.617673679
K464S,0.018156766891479492,-1.762750299
K464R,-1.1613049507141113,-1.0226834459999998
K464Q,-0.4950699806213379,-1.149178434
K464P,-2.5567922592163086,-2.702875994
K464N,0.11663532257080078,-0.774304949
K464M,-1.7146940231323242,-1.845732447
K464L,-0.9440693855285645,-2.594843041
K464I,-1.0042462348937988,-1.889430895
K464H,-1.8862285614013672,-2.107703174
K464G,-1.1159906387329102,-1.000311426
K464F,-1.4268083572387695,-1.973475468
K464E,0.31873035430908203,-0.951158638
K464D,0.15972614288330078,-2.0624552730000003
K464V,-1.313525676727295,-2.626595881
K464Y,-1.2489392757415771,-2.2347334290000003
V465D,-2.04526424407959,-2.93364906
V465A,-0.06814908981323242,-1.244316805
V465E,-1.3336551189422607,-2.496967362
V465Y,-0.3790895938873291,-2.7852589560000003
V465W,-1.9152212142944336,-2.711933306
V465T,-0.40870237350463867,-0.807662833
V465S,-0.9705581665039062,-2.187767163
V465R,-2.0988216400146484,-3.23838386
V465Q,-1.6448078155517578,-2.7174321010000004
V465P,-3.629572868347168,-2.818874434
V465N,-1.4379057884216309,-2.712569086
V465M,-0.7470719814300537,-2.093477923
V465L,0.5631158351898193,-1.866988371
V465K,-1.8569941520690918,-2.473795692
V465I,0.32025349140167236,-1.937333408
V465H,-2.107563018798828,-2.600739567
V465G,-1.847579002380371,-3.354027657
V465F,-0.5270271301269531,-2.692992302
V465C,-1.0843496322631836,-1.395550765
K466D,-0.23938894271850586,-2.524471063
K466M,-1.1707179546356201,-2.071676594
K466P,-1.9071931838989258,-2.681288141
K466W,-2.151060104370117,-2.020624641
K466C,-1.149263858795166,-1.765392234
K466V,-0.05319404602050781,-2.926074304
K466T,-0.43224287033081055,-2.2977101490000003
K466S,-0.04438376426696777,-2.254193233
K466R,-0.9627819061279297,-0.782678836
K466Q,-0.6261155605316162,-1.877237834
K466A,-0.5457799434661865,-1.088106062
K466N,-0.2788858413696289,-1.6963657019999998
K466L,0.07262659072875977,-2.681230262
K466I,-0.03351426124572754,-2.760084296
K466H,-1.5125861167907715,-1.550988051
K466G,-1.1141109466552734,-1.221228086
K466F,-0.5609846115112305,-2.021875071
K466E,0.21817374229431152,-2.108603482
K466Y,-0.578589916229248,-2.271105321
S467R,-1.2403051853179932,0.057271795
S467Y,-1.3204073905944824,-1.950385063
S467A,-0.6702241897583008,0.160532611
S467Q,-0.30916333198547363,-1.000510594
S467P,-1.4043054580688477,-2.545684977
S467N,0.48393750190734863,-0.574998518
S467M,-1.6476984024047852,-1.435304181
S467L,-0.40798425674438477,-1.2132225209999998
S467K,0.04512643814086914,-0.198666842
S467T,-0.03634309768676758,0.030809414
S467I,-0.449216365814209,-1.032848123
S467G,-0.7169268131256104,-0.1763255769999999
S467F,-1.5289716720581055,-2.7611747760000003
S467E,1.2434437274932861,-0.5904149129999999
S467D,0.5956423282623291,-0.910949066
S467C,-1.8507003784179688,-1.153166141
S467W,-3.0179243087768555,-1.42390417
S467H,-1.8504524230957031,-1.275412791
S467V,-0.7138557434082031,-0.033137238
Q468W,-1.0021543502807617,-2.584402995
Q468Y,0.22230219841003418,-2.343060757
Q468V,0.39160585403442383,-0.7288022009999999
Q468T,0.3232402801513672,-0.937651444
Q468S,0.6803970336914062,-0.14953586
Q468R,-0.4954700469970703,-0.256028706
Q468P,-1.7567415237426758,-3.2300720760000003
Q468N,0.449404239654541,-1.112238991
Q468M,-0.8476738929748535,0.247882024
Q468L,0.5161418914794922,0.10756385
Q468A,0.16544890403747559,-0.711666193
Q468I,0.5591905117034912,-0.417153254
Q468H,-0.6285271644592285,-1.795226353
Q468G,-0.27759337425231934,-2.19182072
Q468F,0.1989297866821289,-2.400527324
Q468E,1.3165287971496582,-1.5727519369999998
Q468D,1.1214311122894287,-2.200418532
Q468C,0.13297700881958008,0.022266034
Q468K,0.45059871673583984,-1.4201626719999998
L469C,-0.9521181583404541,-2.836453651
L469D,-1.8678221702575684,-2.990096793
L469E,-1.583958625793457,-3.197515917
L469F,-0.9748401641845703,-2.609185126
L469G,-2.155533790588379,-3.261912037
L469H,-2.982266902923584,-2.509455066
L469I,-0.05125236511230469,-1.132428818
L469K,-2.0552220344543457,-3.3769222880000003
L469Q,-2.354008674621582,-2.699819044
L469N,-1.859598159790039,-2.898033546
L469P,-3.1723461151123047,-2.520756865
L469R,-2.523430824279785,-3.631270469
L469S,-1.6215901374816895,-2.451409632
L469T,-1.6037282943725586,-2.2427196190000003
L469V,-0.5647192001342773,-1.797699876
L469A,-1.1339263916015625,-3.604283221
L469Y,-1.3355836868286133,-3.188867538
L469M,-1.3735320568084717,-2.565395699
L469W,-2.2545478343963623,-2.571574072
K470W,-2.0825743675231934,-0.580333227
K470V,-0.20078706741333008,-1.522281262
K470S,-0.04961538314819336,-1.106163029
K470R,-0.9512333869934082,-0.247080251
K470Q,-0.2929072380065918,-0.60885046
K470P,-0.7080023288726807,-2.642594326
K470N,-0.31135129928588867,-0.066388475
K470M,-1.2494843006134033,-1.148748477
K470L,0.1431121826171875,-1.159513363
K470I,0.04590868949890137,-1.118004837
K470H,-1.6819672584533691,-1.355289239
K470G,-0.5425765514373779,-0.579617376
K470F,-1.090151071548462,-0.752560695
K470E,1.1196062564849854,-1.5807910580000002
K470D,0.13013982772827148,-0.956380965
K470C,-1.6282238960266113,-2.09814335
K470A,-0.5862081050872803,-0.7142097540000001
K470T,-0.5901868343353271,-0.773829628
K470Y,-1.0058186054229736,-1.63457342
N471A,-0.46924400329589844,-1.207544526
N471F,-1.5712101459503174,-1.862099349
N471Y,-1.4652307033538818,-1.277227788
N471W,-2.692669153213501,-0.780526115
N471V,-0.7870144844055176,-1.357267711
N471T,-0.49149084091186523,-0.439334746
N471S,-0.07431697845458984,-1.021738211
N471R,-1.0476949214935303,-1.863808139
N471E,0.9813703298568726,-1.157326592
N471Q,-0.5010435581207275,-0.239852871
N471M,-1.6789782047271729,-1.39670402
N471L,-0.4913485050201416,-1.430875104
N471K,0.20806145668029785,-1.914643883
N471I,-0.5612373352050781,-2.7502042660000003
N471H,-2.0557005405426025,-2.366400867
N471G,-0.9011838436126709,-1.213013887
N471P,-1.2563540935516357,-3.213211561
N471D,0.24034357070922852,-1.272378426
N471C,-1.3976657390594482,-2.376388275
N472A,0.5186104774475098,-2.305779074
N472Y,-0.040746450424194336,-2.9645594460000004
N472W,-1.591108798980713,-3.012433749
N472V,0.5111870765686035,-3.058948258
N472T,0.32901930809020996,-2.016781156
N472S,0.28314208984375,-2.092614679
N472R,-0.14649534225463867,-4.1910032280000005
N472P,-1.546888828277588,-3.5369233280000003
N472M,-0.4440879821777344,-2.709476266
N472Q,-0.27850866317749023,-3.19160537
N472K,0.8921213150024414,-1.8350226000000005
N472I,0.7605443000793457,-3.128607625
N472H,-0.9489951133728027,-2.25991828
N472G,-0.4633951187133789,-3.010051621
N472F,-0.09200024604797363,-3.451811208
N472E,0.3173491954803467,-3.410444178
N472D,0.05996847152709961,-2.629098812
N472L,0.8375391960144043,-4.295570742
N472C,-0.31191349029541016,-1.580368541
A473C,0.10309886932373047,-2.9576151260000003
A473E,0.5269389152526855,-2.832598817
A473F,0.11705565452575684,-1.029226693
A473Y,-0.24207139015197754,-1.125560414
A473D,-0.2528355121612549,-2.680710243
A473W,-0.7783987522125244,-3.167325566
A473V,0.299760103225708,-1.274752424
A473T,0.8450334072113037,-2.635663169
A473S,0.8541727066040039,-2.795395531
A473R,-0.6120524406433105,-3.126219305
A473Q,-0.31847357749938965,-3.2082916860000004
A473P,-0.3150935173034668,-3.552632995
A473N,-0.17644524574279785,-3.3395725830000003
A473M,-0.48122382164001465,-2.424053717
A473L,0.9879562854766846,-3.461644198
A473K,0.25289082527160645,-3.035304552
A473I,0.6256065368652344,-3.245127767
A473H,-1.4198453426361084,-3.095804177
A473G,0.05989432334899902,-1.383451486
K474M,-1.815840721130371,0.8960307059999999
K474N,-0.464841365814209,0.428323431
K474W,-2.7391018867492676,-0.7859908390000001
K474T,0.5257375240325928,-2.162934322
K474S,0.07694530487060547,-3.265759687
K474Y,-1.3515353202819824,0.272393938
K474R,-1.2662181854248047,-0.0668688509999999
K474Q,-1.084242343902588,0.181516377
K474A,-1.0232927799224854,0.226797081
K474C,-1.4809119701385498,-1.657207514
K474D,-0.49643516540527344,-1.393417691
K474E,-0.10229635238647461,0.7904175929999999
K474F,-1.2490675449371338,-0.151974393
K474P,-1.540630578994751,-2.206582545
K474H,-2.0871691703796387,-0.344502726
K474I,-0.5075922012329102,-0.6777785159999999
K474L,-0.6512055397033691,0.221080465
K474V,-0.7227153778076172,-0.7209232240000001
K474G,-1.1317954063415527,-0.959670968
E475G,-1.125307559967041,-2.9407959010000004
E475C,-1.3866162300109863,-3.168525197
E475H,-2.0930747985839844,-3.131390364
E475I,-0.5002138614654541,-1.149461453
E475K,-0.1797785758972168,-2.169413819
E475L,-0.46294593811035156,-2.385139137
E475M,-1.7768714427947998,-2.717999474
E475N,-0.2689063549041748,-1.4067303619999998
E475D,-0.573051929473877,-1.4293063999999998
E475P,-1.6736974716186523,-1.426297278
E475R,-1.2670295238494873,-3.299270716
E475S,-0.2828197479248047,-2.108355251
E475T,-0.5800518989562988,-2.180448397
E475V,-0.7815523147583008,-1.051363504
E475W,-2.445352077484131,-2.893369499
E475Y,-1.0207979679107666,-3.420624178
E475Q,-0.9828271865844727,-1.83221751
E475F,-1.219724178314209,-3.0278169860000004
E475A,-0.8955144882202148,-1.858132713
I476E,-1.2642858028411865,-1.606204226
I476A,-0.9948379993438721,-1.129950056
I476C,-0.8318791389465332,-1.060772543
I476D,-1.0943498611450195,-1.237689878
I476F,-0.4731287956237793,-1.531642734
I476G,-1.3054776191711426,-1.88361122
I476H,-1.6807708740234375,-0.7314952990000001
I476K,-0.5082075595855713,-0.333916769
I476L,0.05609774589538574,0.006491517
I476N,-0.2971532344818115,-1.029706184
I476P,-2.256546974182129,-2.265741424
I476M,-1.5576128959655762,0.092612039
I476R,-1.517242431640625,-0.8839475179999999
I476S,-0.6023483276367188,-0.093860838
I476T,-0.9804720878601074,-0.228370283
I476V,-0.7134528160095215,0.224604835
I476W,-2.306942939758301,-1.135545826
I476Y,-0.6604359149932861,-1.14846967
I476Q,-1.6822359561920166,-0.556798074
G477C,-0.597297191619873,-2.325003407
G477I,0.9646286964416504,-3.847152623
G477D,-0.25639963150024414,-2.486324044
G477A,0.558171272277832,-2.863247807
G477V,0.9412600994110107,-2.922797205
G477E,0.7724418640136719,-2.241871167
G477F,0.31082916259765625,-1.588042234
G477H,-0.8963651657104492,-1.938231046
G477K,0.845240592956543,-2.113158612
G477W,-0.8041634559631348,-2.50277564
G477M,-0.2546534538269043,-2.294280477
G477N,-0.014148712158203125,-1.864961705
G477P,-0.48390722274780273,-2.73939619
G477Q,0.17124390602111816,-2.071830982
G477Y,0.21974468231201172,-1.567320554
G477R,0.253925085067749,-1.837951882
G477S,0.5822222232818604,-2.045151031
G477T,0.2739067077636719,-1.986300689
G477L,1.1148548126220703,-2.026261805
N478A,-0.9711384773254395,-1.918729514
N478D,-0.05612540245056152,-1.91841822
N478G,-0.3813939094543457,-2.355954125
N478Y,-1.0668096542358398,-1.359181793
N478C,-1.576777458190918,-3.001165588
N478W,-2.554934024810791,-2.55180304
N478V,-0.9682812690734863,-3.064459074
N478T,-0.6545753479003906,-1.853995686
N478S,-0.07704663276672363,-2.601519403
N478R,-0.6111140251159668,-1.721313051
N478Q,-0.6128520965576172,-1.977765516
N478P,-1.041701316833496,-3.438482354
N478M,-1.8606557846069336,-2.026593337
N478L,-0.5042786598205566,-2.0216661730000003
N478K,0.6631070375442505,-1.715015426
N478I,-0.652733325958252,-2.190263222
N478H,-1.5073966979980469,-0.958026195
N478F,-1.1171817779541016,-2.681075127
N478E,-0.04453444480895996,-2.911433285
G479T,0.311370849609375,-3.109949681
G479W,-1.498624324798584,-2.006599858
G479R,0.6588430404663086,-1.172654246
G479Q,0.3728351593017578,-1.7623024269999998
G479P,-0.8807158470153809,-3.608668074
G479N,0.5715487003326416,-2.250235041
G479V,0.0963582992553711,-3.4516536060000003
G479L,0.42855358123779297,-1.171138865
G479K,1.7811942100524902,-1.742364155
G479H,-0.6090183258056641,-2.214366699
G479F,-0.24663162231445312,-2.826538937
G479E,0.9734044075012207,-2.118432733
G479D,0.5619993209838867,-2.641070154
G479C,-1.3071675300598145,-2.224515272
G479A,0.3952326774597168,-3.387010522
G479I,0.25022459030151367,-1.825741092
G479S,0.8790266513824463,-3.4817958680000003
G479M,-0.8422245979309082,-1.953500892
G479Y,-0.04814720153808594,-1.535825466
C480D,0.8129973411560059,-3.404129762
C480Y,1.0037305355072021,-2.387280268
C480W,-0.04692888259887695,-2.2100169380000003
C480V,1.5995814800262451,-2.3955031000000004
C480T,2.0044727325439453,-3.237244547
C480S,1.6641318798065186,-3.386365354
C480R,0.16983366012573242,-1.044922656
C480Q,-0.10307979583740234,-3.219267705
C480P,-0.38816261291503906,-2.983699586
C480N,0.9649510383605957,-3.063979365
C480M,0.6635212898254395,-2.729038177
C480K,0.982475757598877,-2.457877034
C480I,2.0749893188476562,-3.362417698
C480H,-0.412015438079834,-3.255595076
C480G,0.39244747161865234,-2.94414474
C480F,1.5897274017333984,-1.731395785
C480E,0.6507189273834229,-3.389121008
C480A,1.014873743057251,-3.5316608210000004
C480L,2.182427406311035,-2.964093047
F481A,-0.06503129005432129,-3.534049491
F481M,-0.7670431137084961,-2.037745933
F481Y,0.13663673400878906,-1.731669696
F481W,-1.1143267154693604,-3.163313821
F481V,0.37273716926574707,-0.705660651
F481T,0.01461648941040039,-2.847646534
F481S,0.5236022472381592,-2.290044985
F481Q,-0.18603730201721191,-3.006341509
F481P,-0.8449921607971191,-2.9420062380000003
F481N,0.3838615417480469,-2.830536588
F481R,0.23611187934875488,-1.787999185
F481K,0.9002621173858643,-2.921414061
F481I,0.4369218349456787,-2.62306841
F481H,-0.6090457439422607,-2.343758142
F481G,-0.15671372413635254,-2.770642855
F481E,0.5172755718231201,-2.963108909
F481D,0.3590810298919678,-2.649888539
F481C,-1.202575922012329,-2.102713592
F481L,0.4990544319152832,-0.8036062709999999
E482L,-0.9702143669128418,-0.500763279
E482S,-0.4568207263946533,-1.018776128
E482R,-1.272191047668457,-1.142011455
E482Q,-1.0571627616882324,-1.275424991
E482P,-1.5171394348144531,-2.547570603
E482N,-0.5500943660736084,-0.583937536
E482M,-2.2280526161193848,-1.728718346
E482K,-0.3825652599334717,-0.433908108
E482W,-2.5730481147766113,-1.330403013
E482H,-1.7696681022644043,-1.86080871
E482G,-0.8744339942932129,-0.976287099
E482F,-1.6979336738586426,-2.091788752
E482D,0.007901906967163086,0.595033304
E482C,-1.8127517700195312,-2.811408394
E482A,-1.1007814407348633,-1.1540019259999998
E482T,-0.8918712139129639,-0.8495758379999999
E482Y,-1.1805052757263184,-1.355045011
E482I,-1.2740397453308105,-0.906466187
E482V,-1.1690261363983154,-1.042648751
F483C,-1.0910711288452148,-3.173400777
F483Y,0.1284937858581543,-1.79610626
F483A,0.20031452178955078,-3.89795049
F483W,-1.1170382499694824,-3.123484688
F483V,-0.06809711456298828,-2.423986382
F483T,0.026500701904296875,-2.914386291
F483S,0.33708763122558594,-2.571248981
F483Q,-0.2856581211090088,-1.682541866
F483P,-1.049351692199707,-1.973457828
F483N,0.6716399192810059,-2.946378927
F483R,-0.026309967041015625,-3.331660427
F483L,0.5598294734954834,-1.685196431
F483K,1.1736044883728027,-1.86332307
F483I,0.3770008087158203,-2.93711326
F483H,-0.7669048309326172,-1.6713353640000002
F483G,-0.027767419815063477,-3.135025682
F483E,0.5068273544311523,-2.784752024
F483D,0.3991222381591797,-2.471679
F483M,-0.7045888900756836,-2.6186774390000003
Y484L,1.0217641592025757,-0.204463377
Y484S,-0.03110361099243164,-3.219848789
Y484R,-0.5749506950378418,-0.879765907
Y484Q,-0.7365231513977051,-2.17946611
Y484P,-1.2625303268432617,-2.86597138
Y484N,-0.33663511276245117,-1.546181208
Y484M,-0.38260889053344727,-0.669828269
Y484K,0.2803053855895996,-2.684743907
Y484V,0.4146542549133301,-3.160353525
Y484H,-1.2406291961669922,-0.6977824709999999
Y484G,-0.16297006607055664,-2.908743283
Y484F,0.29151487350463867,-1.001839335
Y484E,-0.4264078140258789,-2.49394544
Y484D,-0.41876983642578125,-2.330192449
Y484W,-0.9780759811401367,-1.047763029
Y484A,0.13621091842651367,-2.231471952
Y484I,0.654329776763916,-2.492607672
Y484T,-0.4446842670440674,-2.434536214
Y484C,-0.8297719955444336,-1.815366426
H485I,0.6574883460998535,-3.21430043
H485E,1.7587852478027344,-2.1123612830000003
H485F,0.20506525039672852,-2.988805715
H485G,1.1964597702026367,-3.324749142
H485Y,0.48388147354125977,-1.119770822
H485W,-0.693964958190918,-3.2717036630000003
H485V,0.8499934673309326,-1.914740439
H485T,1.099029541015625,-2.274050737
H485K,2.4620304107666016,-2.207438973
H485S,1.595128059387207,-3.202246429
H485Q,1.3209435939788818,-2.340292289
H485P,-0.028359413146972656,-2.352471655
H485N,1.4620661735534668,-2.6014388530000003
H485M,0.18059682846069336,-2.901992388
H485L,1.126389980316162,-2.561974515
H485C,0.023262500762939453,-2.143604442
H485A,0.7688970565795898,-2.540692776
H485R,1.4232964515686035,-2.0116589030000003
H485D,1.21610426902771,-2.590483955
K486A,-1.5653400421142578,-0.456769704
K486G,-1.0775916576385498,-0.912756464
K486H,-1.9124760627746582,-1.155720841
K486I,-1.2730438709259033,0.053926195
K486L,-1.1073317527770996,-0.458399864
K486N,-0.5627617835998535,-2.087655021
K486P,-1.9423387050628662,-1.603411317
K486Q,-1.0746350288391113,-0.242833504
K486R,-1.039719820022583,-0.49843503
K486S,-0.5076208114624023,-0.387394633
K486T,-1.107356071472168,-1.121623995
K486V,-1.5686213970184326,-0.6967384870000001
K486W,-2.694533348083496,-2.7818418910000005
K486Y,-1.2955312728881836,-0.80219374
K486F,-1.557906150817871,-1.5110999530000002
K486E,-0.8930997848510742,-0.979047744
K486M,-2.2934136390686035,-1.200834752
K486D,-0.8495814800262451,-0.69715269
K486C,-2.4347996711730957,-1.755005673
C487A,0.6526625156402588,-3.130524107
C487Y,1.1338155269622803,-2.782904631
C487W,-0.24292540550231934,-2.628078321
C487V,1.2335731983184814,-3.982311277
C487T,0.6151630878448486,-1.986642339
C487S,0.8454351425170898,-2.283271022
C487R,0.6434285640716553,-2.256381072
C487Q,-0.0796501636505127,-3.02926823
C487N,0.9208419322967529,-2.9957133110000003
C487M,0.559607982635498,-3.098004348
C487P,-0.3641369342803955,-3.631112321
C487K,1.315584421157837,-3.318943703
C487D,0.32268738746643066,-3.000278825
C487I,1.7527406215667725,-3.482383228
C487H,-0.1690046787261963,-3.251192402
C487G,0.0810708999633789,-2.991881897
C487F,1.3091366291046143,-2.954398593
C487E,0.14707398414611816,-2.353977862
C487L,2.0552549362182617,-3.123748199
D488K,1.8327832221984863,-2.724548389
D488I,1.9634406566619873,-3.037299247
D488H,0.441009521484375,-1.959079897
D488E,0.8220984935760498,-2.342607797
D488F,1.7380809783935547,-3.2271139630000003
D488C,-0.1737380027770996,-2.182340293
D488L,2.2172930240631104,-2.725805179
D488G,0.3036155700683594,-2.159972752
D488M,1.1150217056274414,-2.638774589
D488R,1.461350440979004,-0.942650473
D488P,-0.43723583221435547,-0.955353046
D488N,0.6173396110534668,-0.364779297
D488Y,1.9667770862579346,-1.340022714
D488W,0.46606969833374023,-2.693259239
D488A,1.326378345489502,-1.96724632
D488T,1.2347497940063477,-1.7860597319999998
D488S,1.4204175472259521,-0.514136306
D488Q,0.9075922966003418,-2.52674841
D488V,2.184164047241211,-3.299562775
N489F,-0.742039680480957,-2.760239738
N489G,-0.5211288928985596,-3.439275678
N489H,-1.340846061706543,-2.511331232
N489I,-0.06548619270324707,-2.86138208
N489K,1.0445218086242676,-2.77048083
N489L,0.11676621437072754,-3.598175439
N489M,-1.1008992195129395,-2.723909431
N489Q,-0.1625988483428955,-1.538623068
N489R,-0.06408095359802246,-3.750240989
N489T,-0.33507609367370605,-1.3485573830000002
N489V,-0.1083989143371582,-2.250634251
N489W,-1.9952220916748047,-2.490778743
N489E,0.4127483367919922,-3.366440883
N489Y,-0.7285699844360352,-2.882487019
N489P,-0.24068927764892578,-2.438596902
N489S,0.25338006019592285,-2.815897918
N489A,-0.14467430114746094,-2.980812844
N489D,0.16753482818603516,-1.866259455
N489C,-1.6354069709777832,-2.72393306
E490D,-0.38741493225097656,-0.059601447
E490F,-0.7891545295715332,-1.3717904930000002
E490G,-0.954129695892334,-0.3928683670000001
E490H,-1.7846813201904297,0.006310951
E490I,-0.3739335536956787,-0.151748329
E490K,0.2255229949951172,-1.277236757
E490L,-0.3268857002258301,-0.355117626
E490M,-1.523195743560791,-0.186364797
E490N,-0.5796122550964355,0.666703129
E490P,-1.8400449752807617,-0.535302654
E490Q,-0.7842502593994141,-1.056195407
E490R,-0.847527027130127,-0.284132598
E490S,-0.11562633514404297,-0.413215236
E490T,-0.7916891574859619,-0.21662587
E490W,-1.9278059005737305,-0.30267603
E490Y,-0.5150175094604492,-1.305347038
E490C,-2.202033042907715,-1.4629607430000002
E490A,-0.45204639434814453,0.192886657
E490V,-0.7413010597229004,-0.6935999079999999
C491D,-0.736391544342041,-2.883500745
C491E,-0.2080841064453125,-2.720505691
C491Y,1.334791660308838,-2.301464034
C491W,0.41150569915771484,-2.031279689
C491A,0.6207642555236816,-3.195589665
C491V,1.3095130920410156,-3.265008163
C491S,0.14809179306030273,-2.876849907
C491R,-0.039125919342041016,-3.321079382
C491Q,-0.5920906066894531,-2.722146367
C491T,1.1238336563110352,-2.542722668
C491N,-0.32218313217163086,-2.724757693
C491M,0.7540493011474609,-0.856138363
C491L,2.1102795600891113,-2.642840117
C491K,0.48660874366760254,-2.76863572
C491I,1.9974256753921509,-2.55100087
C491H,-0.9608759880065918,-2.68647651
C491G,-0.8645157814025879,-2.8990046360000004
C491P,-1.9695253372192383,-2.9424576210000004
C491F,2.021660566329956,-2.320005704
M492G,-0.5272002220153809,-3.4075222660000004
M492F,0.7107725143432617,-3.147711543
M492E,0.24251127243041992,-2.829482258
M492A,0.23407649993896484,-3.494783107
M492C,-0.7710638046264648,-3.37739122
M492H,-1.0004496574401855,-2.248278311
M492D,-0.3273487091064453,-3.181677809
M492I,1.425661563873291,-1.324186024
M492Q,-0.11137604713439941,-1.00526404
M492L,1.704703450202942,-2.198547295
M492K,1.152172565460205,-2.401110511
M492V,0.8908467292785645,-1.960038553
M492T,-0.1546189785003662,-2.017704396
M492S,0.2504100799560547,-3.122814972
M492Y,0.5578806400299072,-3.232364695
M492P,-0.8837966918945312,-3.1338837139999995
M492N,0.17697811126708984,-2.80005556
M492R,0.723477840423584,-3.75219791
M492W,-0.4988889694213867,-3.233262955
E493N,-0.4192599058151245,-0.641930708
E493Y,-1.3525928258895874,-1.154588739
E493W,-2.7421698570251465,-0.889034778
E493V,-1.0083893537521362,-1.739426869
E493T,-1.0593801736831665,-1.447135149
E493S,-0.7842339277267456,-0.446014304
E493R,-1.078863501548767,-1.024455184
E493Q,-1.1669591665267944,-0.99560693
E493P,-2.47352933883667,-2.713156144
E493L,-0.8780876398086548,-1.978747154
E493K,-0.2108384370803833,-1.225368642
E493I,-0.779894232749939,-1.808189185
E493H,-2.3758225440979004,-0.254136323
E493G,-1.8155335187911987,0.272338134
E493F,-1.548500895500183,-1.784407014
E493D,-0.5962308645248413,-0.147038216
E493C,-2.2062320709228516,-1.918580179
E493A,-0.986505389213562,0.022146712
E493M,-2.0621957778930664,-0.764311594
S494E,-0.45682501792907715,-0.477918009
S494F,-0.3409566879272461,-1.878696869
S494G,-0.9437530040740967,-2.000642635
S494H,-1.3063783645629883,-0.7958283190000001
S494I,0.23702549934387207,-2.11699893
S494K,0.9764337539672852,-0.861069011
S494L,0.6134510040283203,-2.211924069
S494Q,-0.5301127433776855,-0.96008769
S494N,-0.011806011199951172,-0.588336357
S494P,-2.8896050453186035,-2.8846562330000003
S494A,0.5331840515136719,-0.437868972
S494R,0.13653564453125,-0.8223000079999999
S494T,-0.6861767768859863,-0.227073139
S494V,-0.5069518089294434,-3.066566394
S494W,-1.543163776397705,-2.590844045
S494M,-0.2922782897949219,-0.78038301
S494D,-0.5260696411132812,-1.837786258
S494Y,-0.15185832977294922,-2.777064809
S494C,-1.204343318939209,-1.898760289
V495C,-0.49126315116882324,-2.803954109
V495T,-1.41817045211792,-2.842150882
V495S,-1.0601763725280762,-1.666926722
V495R,-1.3504390716552734,-2.0602959430000003
V495Q,-1.7954773902893066,-2.918763304
V495P,-2.6844968795776367,-2.187101372
V495N,-1.3978791236877441,-2.997822313
V495M,-0.6461567878723145,-2.642296385
V495L,1.0572606325149536,-2.552809521
V495K,-0.782984733581543,-3.077480638
V495I,0.9754321575164795,-1.220866675
V495H,-1.8138275146484375,-2.758555281
V495G,-1.6498417854309082,-1.694150262
V495F,0.6783709526062012,-3.0302984910000004
V495D,-1.944709300994873,-3.134630533
V495A,-0.9017829895019531,-2.300188738
V495E,-1.4991788864135742,-2.771445642
V495Y,0.5102846622467041,-2.487810509
V495W,-0.6449370384216309,-2.9209124510000004
R496N,-0.648256778717041,-2.7188108410000003
R496F,-0.7488794326782227,-2.382673445
R496G,-1.5165610313415527,-2.996317675
R496H,-1.9645118713378906,-2.999242302
R496I,0.11268949508666992,-2.31365673
R496K,0.9481974840164185,0.015821684
R496L,0.19040632247924805,-3.2858457530000003
R496A,-0.9168863296508789,-2.59102525
R496P,-2.173130512237549,-2.928800834
R496Q,-1.1801743507385254,-2.056843344
R496S,-0.6698966026306152,-2.628849332
R496T,-1.0237007141113281,-2.658528232
R496V,-0.5156214237213135,-1.842267632
R496W,-2.0527448654174805,-2.932442365
R496Y,-0.707970142364502,-2.539828071
R496E,-0.7326822280883789,-1.296876312
R496D,-1.7630605697631836,-2.488406137
R496M,-1.2084336280822754,-1.804148227
R496C,-1.497753620147705,-2.032232175
N497A,-2.878253698348999,0.215833093
N497E,-2.5522055625915527,0.417370633
N497F,-2.6033084392547607,-0.144747873
N497C,-2.7480151653289795,-0.7812607570000001
N497G,-2.9018399715423584,0.3799280270000001
N497H,-3.5340049266815186,-0.121442483
N497I,-2.2629802227020264,0.909758504
N497K,-1.7387783527374268,0.363397751
N497L,-2.2375082969665527,0.121022045
N497D,-2.4808411598205566,-0.861607674
N497P,-3.188500165939331,-3.924626696
N497M,-3.418710947036743,0.951186984
N497Y,-2.5881752967834473,-0.851539865
N497V,-2.8029916286468506,0.14687274
N497W,-4.044857978820801,-1.820921764
N497S,-1.9722344875335693,0.732907207
N497R,-2.541504383087158,-0.200501389
N497Q,-2.927229404449463,0.85607566
N497T,-2.488114595413208,0.202972864
G498V,0.32158946990966797,-2.642125553
G498T,-0.382983922958374,-1.895756219
G498N,-0.5714740753173828,-1.551575146
G498S,0.20340895652770996,-1.296264013
G498R,-0.7262849807739258,-1.778273103
G498Q,-0.803504467010498,-1.751508411
G498P,-2.300168514251709,-3.171168764
G498M,-0.1552722454071045,-1.520015898
G498H,-1.3875842094421387,-1.561111189
G498K,-0.13109827041625977,-2.173051605
G498I,0.9029049873352051,-2.053767447
G498F,0.32974886894226074,-2.517163618
G498E,-0.6424024105072021,-1.446115283
G498D,-1.0804996490478516,-1.836368208
G498A,0.296201229095459,-1.191163714
G498W,-0.9851291179656982,-1.982693774
G498L,1.0372724533081055,-2.273249915
G498C,-0.04590559005737305,-3.0630467080000003
G498Y,0.028934001922607422,-1.625397479
T499Y,-1.0311986207962036,-0.273691385
T499A,-1.9279171228408813,-0.700003679
T499D,-1.7348495721817017,0.324447045
T499E,-1.3328322172164917,0.265035565
T499F,-0.852749228477478,-0.316271779
T499G,-1.742926001548767,-0.457400752
T499H,-2.5068278312683105,-1.028641003
T499I,-0.37986767292022705,0.8480549140000001
T499K,-0.7766972780227661,-0.014838663
T499C,-1.8610979318618774,-0.192807656
T499M,-1.901560664176941,0.969233661
T499N,-1.3588706254959106,-1.173554671
T499P,-2.6779227256774902,-2.39405111
T499Q,-2.1973347663879395,0.865398381
T499R,-1.7570964097976685,-0.501386197
T499S,-0.48962366580963135,0.623422174
T499W,-2.665310859680176,-1.286687933
T499V,-0.8945952653884888,0.753785653
T499L,-0.4024912118911743,0.5697474
Y500A,-0.7163882255554199,-3.403101088
Y500W,-1.4732232093811035,-1.726328429
Y500C,-0.24849843978881836,-2.125214794
Y500D,-1.097200870513916,-2.905983704
Y500E,-0.651538610458374,-2.649425051
Y500F,0.2522237300872803,-2.448129936
Y500G,-1.0607266426086426,-3.5959279810000004
Y500L,0.7333382368087769,-1.816245328
Y500I,1.0805741548538208,-3.187870409
Y500K,-0.057138919830322266,-2.941678057
Y500M,-0.9950313568115234,-2.13553312
Y500N,-0.6668286323547363,-2.7424848180000003
Y500P,-1.5787882804870605,-2.359847901
Y500Q,-1.565542221069336,-2.435972089
Y500S,-0.4892313480377197,-2.368035042
Y500T,-0.6269207000732422,-2.995081049
Y500H,-1.8589859008789062,-2.251090273
Y500R,-0.8917999267578125,-3.628992283
Y500V,0.3075985908508301,-3.530221678
D501W,-1.2546164989471436,-0.6925749459999999
D501E,0.14676737785339355,-0.949902411
D501C,-0.6007795333862305,-1.560220555
D501A,-0.6975524425506592,-0.482218323
D501F,-0.09583544731140137,-1.65697457
D501G,-0.5805408954620361,-2.191940867
D501H,-1.1510436534881592,-0.217945541
D501I,0.29147791862487793,-1.04603077
D501K,0.08736848831176758,-0.090764172
D501Y,0.16382145881652832,-0.664550765
D501M,-1.301100492477417,0.082281305
D501L,0.2765536308288574,-0.628388965
D501S,0.29204583168029785,0.435930495
D501V,0.11658573150634766,-0.977059007
D501T,0.0310971736907959,-1.15913495
D501Q,-0.7182397842407227,-1.097020344
D501P,-0.6361138820648193,-1.41366321
D501N,-0.05658602714538574,0.149137183
D501R,-0.8033058643341064,-0.933789853
Y502W,-1.1456246376037598,-0.911642664
Y502P,-0.5146787166595459,-1.242863034
Y502V,-0.0925910472869873,-1.382050165
Y502T,-0.8049848079681396,-1.330561604
Y502S,-0.3314168453216553,-1.473804309
Y502R,-1.4715735912322998,-1.83722656
Y502Q,-1.5638139247894287,-1.346463863
Y502N,-0.527989387512207,-1.467588885
Y502I,0.42788243293762207,-2.250426951
Y502L,0.6276283264160156,-1.037175386
Y502K,-0.7549865245819092,-2.487398294
Y502H,-1.4789106845855713,-0.29032454
Y502G,-0.7814762592315674,-0.720900194
Y502F,-0.017751693725585938,-1.4536875580000002
Y502E,-0.765357255935669,-1.621201591
Y502C,0.2770988941192627,-1.542765554
Y502A,-0.581796407699585,-0.570113097
Y502M,-1.0127685070037842,-2.039728
Y502D,-0.4993321895599365,-1.995830907
P503E,2.3537795543670654,-0.5480632529999999
P503N,1.9290552139282227,-1.088362396
P503Y,1.104370355606079,-1.422075117
P503W,-0.2525038719177246,-1.445631722
P503V,1.3470654487609863,-0.750011022
P503T,1.485785961151123,-0.861453542
P503S,2.2428784370422363,-1.058106468
P503R,1.2596590518951416,-0.49710787
P503Q,1.4461979866027832,-1.884731922
P503C,0.5345098972320557,0.115101345
P503A,1.3418023586273193,-0.8886174640000001
P503L,1.711543083190918,-0.59148797
P503D,1.8440818786621094,-1.025391372
P503K,2.2344970703125,-0.595838264
P503I,1.5928492546081543,-0.144872004
P503H,-0.015712261199951172,-0.690925777
P503G,1.0446393489837646,-0.970015432
P503F,0.8588337898254395,-0.51188381
P503M,0.43793535232543945,-0.168651948
K504Y,-0.655116081237793,-0.377228216
K504W,-2.1248955726623535,-1.49547599
K504C,-0.817589521408081,-2.07641324
K504A,-1.218977451324463,-0.918810598
K504V,-0.6497344970703125,-1.116845346
K504T,-0.6932566165924072,-1.2005801109999998
K504S,-0.3542923927307129,-0.63122464
K504R,-1.0381355285644531,0.297000347
K504Q,-1.2682089805603027,-1.078418564
K504N,-0.5569040775299072,-1.692032715
K504P,-1.3750991821289062,-2.971030924
K504L,-0.4296388626098633,0.043504459
K504I,-0.36665844917297363,-1.091093301
K504H,-1.8987650871276855,-0.480016391
K504G,-1.0380864143371582,-0.8306488590000001
K504F,-0.863001823425293,-0.856267639
K504E,-0.5202939510345459,-1.587750173
K504D,-0.5604112148284912,-1.833223473
K504M,-1.8314356803894043,-0.80913799
Y505C,0.4291806221008301,-2.270036222
Y505D,-0.6790108680725098,-2.544443114
Y505E,-0.6323471069335938,-2.575346459
Y505F,0.10032320022583008,-1.611069626
Y505G,-1.0681395530700684,-3.265121953
Y505H,-1.8157153129577637,-1.890794359
Y505I,0.6696743965148926,-1.930058697
Y505K,-0.6394290924072266,-2.291878275
Y505P,-0.9810171127319336,-2.728113469
Y505M,-0.6334452629089355,-2.077446394
Y505N,-0.7034871578216553,-2.202300524
Y505Q,-1.3641257286071777,-1.435170847
Y505R,-1.2647128105163574,-2.164982466
Y505S,-0.4587287902832031,-2.8930443230000003
Y505V,-0.0961143970489502,-3.553240162
Y505W,-0.8111777305603027,-1.323049382
Y505L,1.1800888776779175,-3.241951082
Y505T,-0.6831626892089844,-1.7244944519999998
Y505A,-0.674278736114502,-2.757219748
S506L,1.622113823890686,0.7945709679999999
S506C,0.47060346603393555,-0.717629895
S506D,-0.4503755569458008,-2.14427245
S506E,0.30446815490722656,-0.249227002
S506F,0.5947384834289551,-0.407818316
S506G,-1.1365585327148438,-0.743178832
S506H,-1.3668465614318848,0.552052302
S506I,1.3741295337677002,-0.599199712
S506K,0.1691737174987793,-1.009920278
S506M,-0.04004836082458496,-1.477662002
S506N,-0.4689812660217285,-0.694791866
S506P,-1.710357666015625,-1.702902626
S506Q,-0.3892793655395508,-0.603616831
S506R,-0.41246461868286133,-0.708086137
S506T,-0.35051393508911133,-0.129022406
S506V,0.9353106021881104,-0.345677003
S506W,-0.9203109741210938,0.470747988
S506Y,0.47818994522094727,-0.080802116
S506A,-0.27694082260131836,0.302438117
E507A,-1.2023341655731201,-0.072090502
E507W,-2.221688985824585,-0.500464055
E507Y,-0.7674345970153809,-0.861177031
E507C,-0.47208666801452637,-0.7476320959999999
E507P,-1.3782141208648682,-0.653706941
E507F,-0.6964597702026367,-0.5167806429999999
E507G,-1.3770310878753662,-0.10141387
E507H,-2.219777822494507,-0.817915455
E507I,-0.2708160877227783,0.411892726
E507K,-0.5849721431732178,-0.464000267
E507L,-0.2776792049407959,0.332420236
E507M,-1.7999675273895264,-1.330826059
E507N,-0.1819899082183838,-1.234115054
E507Q,-1.3162753582000732,-1.115982235
E507R,-1.4733054637908936,-0.227796088
E507S,-0.5238535404205322,-0.702424663
E507T,-0.9417681694030762,-0.431253357
E507V,-0.7558882236480713,-0.505390107
E507D,-0.5408937931060791,-0.323509799
E508V,-0.08372187614440918,-0.590837849
E508N,-0.5805544853210449,-1.954924122
E508Q,-0.9790806770324707,-0.4774639020000001
E508T,-0.7412416934967041,-1.206810554
E508M,-0.6805515289306641,-1.360960718
E508L,0.9360001087188721,0.011591584
E508K,-0.4407069683074951,-1.634616822
E508I,0.8164054155349731,-0.342840575
E508H,-1.944880485534668,-1.713944764
E508G,-1.3967089653015137,-1.947650794
E508P,-1.649160385131836,-1.541021831
E508D,-0.5132749080657959,-0.450291614
E508C,0.5551142692565918,-1.607693821
E508A,-0.6320626735687256,0.386704305
E508R,-1.1854579448699951,-2.569942029
E508S,-0.46689796447753906,-0.804550416
E508Y,0.15151000022888184,-1.445421979
E508F,0.21498584747314453,-0.620518815
E508W,-0.6644027233123779,-1.112358229
S509Y,0.8205733299255371,-2.242931768
S509W,-0.2824525833129883,-2.625137905
S509C,0.5778489112854004,-0.436191005
S509D,0.03291630744934082,-2.626623955
S509E,0.7619330883026123,-2.943222915
S509F,0.763918399810791,-2.53431851
S509G,-0.9071044921875,0.025305782
S509L,1.6176787614822388,0.35482758
S509I,1.6411633491516113,0.241635358
S509K,-0.5318012237548828,-1.479223729
S509M,0.3706624507904053,-0.8341473090000001
S509N,-0.2808656692504883,-2.417536569
S509P,-1.6819934844970703,-3.0623479710000003
S509R,-0.7550368309020996,-1.255299053
S509H,-1.3292875289916992,-3.059728007
S509Q,-0.2874598503112793,-1.863659219
S509V,0.8865511417388916,-0.237805804
S509T,-0.24323749542236328,0.689917523
S509A,0.07399296760559082,0.083397622
K510E,-0.6733243465423584,-0.190554441
K510Y,-0.9038360118865967,-0.39682153
K510V,-0.6848094463348389,-0.04719403
K510T,-0.9888699054718018,-0.491300324
K510S,-0.5637147426605225,0.041670753
K510R,-0.7001574039459229,-0.4824851570000001
K510Q,-1.2109458446502686,-0.458422302
K510P,-1.6855578422546387,-2.350144687
K510N,-0.7785825729370117,-0.191785258
K510L,-0.13117265701293945,-0.185309447
K510I,-0.19551849365234375,-0.527890574
K510H,-2.0515296459198,-0.230516443
K510G,-1.171797752380371,-0.09841224
K510F,-0.744713544845581,-0.215810443
K510D,-1.031404733657837,-1.087975239
K510W,-1.9540526866912842,-0.064529439
K510M,-1.7860748767852783,-0.252803254
K510A,-1.1495299339294434,0.161596638
K510C,-0.55322265625,-1.522923385
L511Y,-0.8912434577941895,-1.970231996
L511W,-1.7857756614685059,-1.930888249
L511A,-0.1392078399658203,-0.6121417920000001
L511C,-0.9133055210113525,-1.207613746
L511D,-0.8726248741149902,-2.146844346
L511E,0.33731746673583984,-1.149379634
L511F,-0.9304471015930176,-1.357693219
L511G,-1.0614724159240723,-0.7284102290000001
L511H,-1.8658900260925293,-1.469199058
L511N,-0.09881591796875,-1.108466487
L511K,0.8142199516296387,-1.399781058
L511V,-0.45657920837402344,-0.5956829889999999
L511M,-1.4294261932373047,-0.208231315
L511P,-1.6212043762207031,-1.060334666
L511T,-0.5008835792541504,-0.6977874959999999
L511Q,-0.5327074527740479,-1.635980879
L511R,0.009801387786865234,-1.40037165
L511S,-0.05395174026489258,-0.446968532
L511I,0.057459115982055664,-1.467907668
N512Y,0.7648301124572754,-0.722736025
N512W,0.0238950252532959,-1.282294625
N512V,1.2360870838165283,-0.04085357
N512T,0.023306608200073242,-0.57512991
N512S,-0.1120610237121582,-0.138371842
N512R,-0.48505115509033203,0.09386104
N512Q,-0.3270263671875,-0.042785971
N512K,0.056813955307006836,0.3582893479999999
N512M,0.6976094245910645,-0.317443017
N512L,2.775998592376709,-0.56962679
N512I,2.2330775260925293,0.982890468
N512H,-1.0107836723327637,-1.015332006
N512G,-1.132338523864746,-0.706664095
N512F,1.184870719909668,-0.8161283159999999
N512E,0.2612166404724121,-0.703447725
N512C,1.2396607398986816,-0.879631985
N512A,0.586719274520874,-0.516415993
N512P,-1.4347453117370605,-2.016567458
N512D,-0.7205109596252441,-0.7780589520000001
R513L,1.6313867568969727,-1.006125617
R513A,0.5241475105285645,-0.949882057
R513E,0.6091551780700684,-1.388757326
R513F,0.9909529685974121,-1.131888414
R513G,0.5536301136016846,-2.033581044
R513H,-0.8204350471496582,-0.6929036690000001
R513I,1.3929922580718994,-0.59268451
R513K,0.9336376190185547,-0.425165331
R513D,0.3125791549682617,-1.58272633
R513M,0.14624905586242676,-1.198959282
R513P,-0.2821195125579834,-2.135658634
R513Q,0.36039066314697266,-0.743344665
R513S,0.8414506912231445,-0.925479937
R513T,0.2114112377166748,-0.982403433
R513V,0.9893546104431152,-1.446746149
R513Y,0.5962390899658203,-1.097352877
R513N,0.4381752014160156,-1.248532425
R513C,1.105971097946167,-2.062876469
R513W,-0.15181231498718262,0.145274554
E514A,-0.59671950340271,-1.467026673
E514C,-0.13705897331237793,-2.55928413
E514Y,-0.4085540771484375,-1.35643176
E514W,-1.3371593952178955,-2.00596001
E514V,0.0018768310546875,-2.107523628
E514T,0.589669942855835,-0.7679224179999999
E514R,-0.9039797782897949,-0.117712228
E514Q,-0.9953427314758301,-1.38675637
E514P,-1.1436505317687988,-1.118609945
E514N,-0.6006214618682861,-0.555506779
E514S,0.2109065055847168,-0.482035317
E514M,-0.8658983707427979,-0.986677906
E514L,0.5251529216766357,-1.236101948
E514K,-0.31931066513061523,-1.188421647
E514D,-0.4770033359527588,-1.189076851
E514I,0.3780028820037842,0.462404651
E514H,-1.901592493057251,-1.54807073
E514G,-0.8944413661956787,-0.923234597
E514F,-0.10598540306091309,-1.196188615
K515P,-2.079798698425293,-0.180009143
K515Q,-1.3356866836547852,-0.479801419
K515R,-0.9204630851745605,-0.948552567
K515V,-0.4459052085876465,-0.014620187
K515T,-0.8208835124969482,-0.124762676
K515Y,-0.6136398315429688,-0.434660431
K515W,-1.485285758972168,-1.333303363
K515N,-0.8308162689208984,0.8214920590000001
K515S,-0.7402284145355225,-0.220365913
K515M,-1.266169786453247,-0.305131112
K515G,-1.336195468902588,0.112479246
K515I,0.10790419578552246,-0.426765736
K515H,-2.0732364654541016,-0.8602195109999999
K515F,-0.41876792907714844,-0.81212876
K515E,-0.6571979522705078,-0.633974555
K515D,-1.3555595874786377,-0.476948649
K515C,-0.8939943313598633,-2.396001746
K515A,-0.9449503421783447,-0.74210357
K515L,0.02598857879638672,-1.070777024
I516E,-1.2434196472167969,-2.560050958
I516F,-0.7410752773284912,-3.770218293
I516G,-1.7688839435577393,-3.104259182
I516H,-2.3480868339538574,-3.15592709
I516K,-1.1980795860290527,-0.6934184940000001
I516L,-0.002054452896118164,-1.56691602
I516Q,-1.9440503120422363,-2.907853819
I516N,-1.3807156085968018,-2.395486656
I516P,-2.184446334838867,-3.599113374
I516R,-1.2364788055419922,-2.853764703
I516T,-1.5942473411560059,-2.960842419
I516D,-1.6607580184936523,-3.134006458
I516S,-1.1056623458862305,-3.604167735
I516M,-1.6169042587280273,-2.01610635
I516C,-0.46546411514282227,-3.844408283
I516W,-1.9923934936523438,-3.04203421
I516Y,-0.8120377063751221,-3.596873631
I516V,-0.7161984443664551,-0.435106464
I516A,-1.4549808502197266,-3.579751519
D517P,-1.3165521621704102,-1.391765053
D517W,-1.6748037338256836,-1.4566267590000002
D517V,-0.38608694076538086,-0.699608549
D517T,-0.46756792068481445,-0.495726824
D517S,-0.03929638862609863,-0.016538642
D517R,-0.6921067237854004,0.03590959
D517Q,-0.8322844505310059,0.086088056
D517N,-0.13516998291015625,-1.280124311
D517M,-1.0822503566741943,-0.599712989
D517L,0.5180792808532715,-0.125339531
D517K,0.04181194305419922,0.013044542
D517I,-0.03940439224243164,-0.648264328
D517H,-1.5248942375183105,-0.218527169
D517G,-0.5627894401550293,-0.609515707
D517F,0.14209651947021484,-0.430656426
D517E,0.2856333255767822,-0.977100655
D517C,-0.3640713691711426,-0.087421623
D517A,-0.6217436790466309,-0.474164414
D517Y,-0.3955705165863037,-0.292217722
G518K,1.1928372383117676,-0.985116758
G518L,0.49051380157470703,-0.194977768
G518M,-0.7832198143005371,0.563008279
G518H,-1.0192813873291016,-0.084951173
G518S,0.7610499858856201,0.248837565
G518E,0.9018113613128662,-0.521017049
G518D,0.3026609420776367,-0.6256004629999999
G518N,0.4498138427734375,-0.229062899
G518C,-0.7714200019836426,-3.450331222
G518A,0.33492302894592285,0.401116559
G518F,-0.08240318298339844,-0.487885162
G518P,-0.25045037269592285,0.146352213
G518I,0.14541292190551758,0.634294156
G518T,0.03880786895751953,0.46777148
G518V,0.025974273681640625,0.059357065
G518W,-1.4147558212280273,-0.004094901
G518Y,-0.38562440872192383,-0.525845482
G518Q,0.4492158889770508,0.550542361
G518R,0.19546985626220703,0.021552113
V519M,-0.5978467464447021,-1.857498884
V519A,-0.35524415969848633,-1.216473271
V519C,-0.3672962188720703,-2.975708839
V519D,-0.33647704124450684,-3.038382319
V519L,0.8674793243408203,-0.590107765
V519F,-0.0713953971862793,-1.628001814
V519H,-1.3928799629211426,-2.692477314
V519I,0.4941883087158203,-1.025644437
V519K,0.4761049747467041,-2.712898493
V519T,-0.34479188919067383,-1.139341088
V519S,0.2558865547180176,-3.388443832
V519R,-0.6709661483764648,-1.938495879
V519Q,-0.5923323631286621,-2.272077698
V519P,-1.1914153099060059,-2.171684891
V519N,-0.3734018802642822,-2.512523047
V519G,-0.4669628143310547,-3.012550699
V519E,0.3316044807434082,-2.198056458
V519Y,-0.33284950256347656,-2.123630918
V519W,-1.148888111114502,-2.917378391
K520W,-2.16280460357666,-1.084482716
K520V,-0.39049482345581055,-0.506967273
K520T,-0.616199254989624,-0.533372773
K520S,-0.28684401512145996,-0.070253604
K520R,-0.8979153633117676,-0.093159051
K520Q,-1.3585288524627686,-0.929836521
K520P,-1.3184926509857178,-0.840115136
K520N,-0.6970560550689697,-0.395071664
K520M,-1.561680793762207,-0.50806167
K520Y,-0.9710812568664551,-1.537129305
K520I,-0.19165301322937012,-0.924649267
K520H,-1.850942611694336,0.985089826
K520G,-1.0991506576538086,-1.450045516
K520F,-0.601015567779541,-1.319769075
K520E,-0.9947738647460938,0.856687175
K520D,-0.9423840045928955,-0.69070454
K520C,-0.802586555480957,-2.248760179
K520A,-1.0250673294067383,-0.78426379
K520L,-0.04578518867492676,-1.006666716
L521N,0.06520533561706543,-2.23114155
L521P,-0.9286775588989258,-2.361019124
L521T,-0.22999286651611328,0.034788715
L521R,-0.3723573684692383,-1.773117623
L521S,0.21761751174926758,-0.327297336
L521M,-1.1735033988952637,-0.301842652
L521Q,-0.510880708694458,0.064121973
L521K,0.5588879585266113,-2.414868432
L521E,-0.01381540298461914,-2.173690793
L521H,-1.3622112274169922,-1.225702962
L521G,-0.40813636779785156,-1.600843849
L521F,-0.5595741271972656,-1.39050158
L521D,-0.21550369262695312,-2.599469974
L521C,-1.0524365901947021,-2.715420887
L521A,-0.4518294334411621,-1.6770358319999998
L521Y,-0.4776906967163086,-2.14773829
L521W,-1.7970538139343262,-1.10272161
L521I,-0.05637979507446289,-0.177331746
L521V,-0.18645620346069336,0.371333758
E522W,-2.182209014892578,-0.540978731
E522K,0.01751422882080078,-1.134571482
E522S,0.46065473556518555,-0.5400660629999999
E522R,-0.8825802803039551,-1.389415186
E522Q,-0.7461934089660645,-1.560845801
E522P,-0.7542259693145752,-3.312925577
E522N,-0.14853763580322266,-1.008021385
E522M,-1.5585122108459473,-1.308934344
E522L,-0.37002038955688477,-0.525209495
E522T,-0.13783836364746094,-0.865638974
E522V,-0.4723536968231201,-0.747696712
E522H,-1.4415326118469238,-1.813054433
E522G,-0.2012038230895996,-1.274142413
E522F,-0.6741583347320557,-1.898911667
E522D,0.025516986846923828,-1.631570353
E522C,-1.663729190826416,-2.654416891
E522A,-0.5870809555053711,-0.640493604
E522Y,-0.8158519268035889,-1.336047073
E522I,-0.4520382881164551,-2.896990766
S523Y,-0.5789098739624023,-0.714398688
S523W,-1.5951483249664307,-1.472370979
S523C,-1.292435884475708,-1.90397371
S523V,-0.10517311096191406,-0.469696135
S523T,-0.1736595630645752,-0.7204564259999999
S523R,-0.5662887096405029,0.403153888
S523A,-0.5137627124786377,-0.985120991
S523P,-1.0407745838165283,-0.091691792
S523N,-0.003977775573730469,-1.492024472
S523M,-0.8923635482788086,-0.825562441
S523Q,-0.8199672698974609,-0.867725374
S523K,0.4522521495819092,-0.401545086
S523I,0.15980100631713867,0.058025301
S523H,-1.3842766284942627,-0.007978965
S523G,-0.363832950592041,-0.963851187
S523F,-0.563040018081665,-0.7137584220000001
S523E,-0.18555140495300293,-1.1609346740000002
S523D,-0.38660764694213867,-0.177512123
S523L,0.20363330841064453,-1.100497461
M524C,-0.6568841934204102,-0.8279743270000001
M524D,0.9454724788665771,-0.730905165
M524E,0.775362491607666,-0.893129115
M524F,1.1555240154266357,-1.514607895
M524G,0.955958366394043,-0.602494961
M524H,-0.18461132049560547,-1.150983378
M524I,1.196969747543335,-0.6655612670000001
M524L,1.4394340515136719,-0.22207903
M524K,1.2494163513183594,-1.389760811
M524P,0.21842622756958008,-0.187300981
M524N,1.1175193786621094,-0.106744235
M524A,0.5463204383850098,-0.7265901229999999
M524W,0.1196143627166748,-1.234719104
M524V,0.8911116123199463,0.111996076
M524Y,0.7388308048248291,-1.061739864
M524S,1.5811877250671387,-0.726161079
M524R,0.43863821029663086,-1.435752493
M524Q,0.2384660243988037,0.1691684239999999
M524T,0.8832738399505615,-0.294935649
G525Y,-0.8624629974365234,-1.256292414
G525W,-2.1051926612854004,-1.823782074
G525V,-0.720782995223999,-1.759437619
G525T,0.4222836494445801,-1.313440003
G525S,0.9280263185501099,-0.140700576
G525R,0.00510716438293457,-1.657262948
G525Q,-0.4720139503479004,-1.664505754
G525P,0.25089597702026367,-0.158254928
G525M,-1.497096061706543,-1.835090364
G525L,-0.49369120597839355,-1.841455494
G525K,0.7354936599731445,-2.007554137
G525H,-1.0573468208312988,-1.3566256719999998
G525F,-0.9247958660125732,-0.834857582
G525E,-0.13634538650512695,-1.197027736
G525D,0.22997236251831055,-0.270970394
G525C,-1.5782175064086914,-1.715740205
G525A,-0.5146379470825195,-1.3401843999999998
G525N,0.4572124481201172,-2.84333958
G525I,-0.7042059898376465,-1.632847536
V526A,-0.1747732162475586,-0.396383282
V526C,-1.8445334434509277,-1.7667600490000002
V526Q,-0.4364326000213623,-0.897070853
V526Y,-0.0032813549041748047,-0.03068113
V526W,-0.3774077892303467,-0.333362035
V526T,0.19725942611694336,-1.1375826999999998
V526S,0.5611608028411865,-1.086370791
V526R,-0.0825037956237793,-1.414069264
V526P,-0.3199005126953125,-0.126757475
V526N,0.4184250831604004,-0.908991214
V526M,-0.7378318309783936,-0.327338143
V526K,0.7714757919311523,-0.95545023
V526I,0.4256887435913086,0.132963962
V526H,-0.9218482971191406,-1.287784829
V526G,0.14861297607421875,-1.060369729
V526F,0.5215380191802979,-0.561416068
V526E,-0.28659534454345703,-1.14847867
V526D,0.012951374053955078,-1.223073607
V526L,0.4700493812561035,0.113400565
Y527H,-1.143904685974121,-0.497864885
Y527I,0.37377333641052246,-0.874573595
Y527G,0.6200230121612549,-1.228790532
Y527M,-0.553422212600708,-1.153154021
Y527E,-0.25722265243530273,-0.8591682490000001
Y527D,-0.24138927459716797,-2.113978658
Y527K,0.25715017318725586,-2.633368378
Y527F,0.2665739059448242,-0.582473645
Y527W,-0.012050628662109375,-1.051600795
Y527V,0.20679211616516113,-0.726609437
Y527N,0.09569692611694336,-2.2727809
Y527P,-0.06951236724853516,-1.6493524030000002
Y527Q,-0.5492134094238281,-1.7225558069999998
Y527R,-0.4770505428314209,-1.7119037119999998
Y527S,0.8329341411590576,-1.09689712
Y527T,0.18996906280517578,-0.392268724
Y527A,0.408292293548584,-1.756361192
Y527L,0.8145580291748047,-1.389870259
Y527C,-1.217031478881836,-1.870242936
Q528C,-1.3754863739013672,-2.241117836
Q528L,0.17890334129333496,-1.66173637
Q528E,0.028173446655273438,-0.398230111
Q528Y,-0.49660587310791016,-1.956514638
Q528W,-1.066843032836914,-1.0132003040000002
Q528V,-0.020678997039794922,-0.75481054
Q528T,0.4017350673675537,-1.109899751
Q528S,0.7649867534637451,-0.554331989
Q528R,0.09500622749328613,-0.678143658
Q528D,0.08849048614501953,0.145637049
Q528P,-0.3503093719482422,-0.8135573970000001
Q528M,-0.7628793716430664,-1.0378228109999998
Q528K,0.6680088043212891,-1.261615617
Q528I,0.07782793045043945,-1.662198983
Q528H,-1.0106334686279297,-0.286895146
Q528G,0.6622142791748047,0.63100888
Q528F,-0.2857346534729004,-0.961101569
Q528N,0.16196179389953613,-1.090139288
Q528A,0.11955833435058594,-0.551423341
I529F,-0.5136892795562744,-0.460503082
I529A,-0.04114794731140137,-1.886612378
I529G,0.0630195140838623,-1.4380715080000002
I529H,-0.841254472732544,-0.905262529
I529K,1.5314538478851318,-1.394225614
I529L,0.09477972984313965,-1.092147782
I529M,-0.6740820407867432,-0.7596755190000001
I529N,0.6825635433197021,-1.85253614
I529D,-0.1495800018310547,-2.31964812
I529Q,0.17964935302734375,-1.150156565
I529R,0.607285737991333,-2.45323617
I529S,0.6446137428283691,-1.557687092
I529T,0.7522552013397217,-1.103534326
I529V,-0.17067885398864746,-1.361373863
I529W,-0.6448185443878174,-0.514634742
I529Y,-0.06140589714050293,-1.177957768
I529E,-0.3758580684661865,-2.331064635
I529P,-0.18486881256103516,-2.531894632
I529C,-1.787532091140747,-0.975302703
L530G,-0.7558672428131104,-4.093853235
L530Y,-0.6993029117584229,-2.836477038
L530W,-1.209991216659546,-2.509797311
L530V,-0.07764554023742676,-3.185711564
L530T,-0.6788551807403564,-2.287364474
L530S,-0.5520732402801514,-3.702897
L530R,-1.7944867610931396,-2.769054525
L530F,-0.5903480052947998,-1.888649189
L530Q,-1.8145673274993896,-3.050204004
L530N,-1.2485239505767822,-3.472896679
L530M,-1.2849304676055908,-2.42751251
L530K,-1.2446558475494385,-2.627126503
L530I,0.1858673095703125,-2.611155617
L530H,-2.393014669418335,-3.1562309889999995
L530C,-1.9710814952850342,-1.811195041
L530D,-1.9686944484710693,-3.414657433
L530P,-0.6509346961975098,-3.547320712
L530E,-2.051713228225708,-2.668326008
L530A,-0.09273433685302734,-2.1786492930000003
A531Q,-1.084876537322998,-3.030271969
A531Y,-0.7458579540252686,-3.527421593
A531V,-0.20355939865112305,-2.305285251
A531W,-0.9399971961975098,-3.260969135
A531T,-0.25339555740356445,-1.783846124
A531P,-0.6931788921356201,-3.406813784
A531R,-0.943784236907959,-3.729802385
A531C,-1.6883659362792969,-2.005034263
A531D,-1.4108195304870605,-2.839447499
A531S,0.21940827369689941,-1.202908607
A531F,-0.29231834411621094,-3.616878892
A531G,-0.002955913543701172,-2.180593866
A531H,-2.0807957649230957,-2.772353437
A531I,-0.004984140396118164,-2.04424019
A531K,-0.4195566177368164,-2.653965467
A531L,0.4257040023803711,-2.001456682
A531M,-0.669173002243042,-2.952584772
A531N,-0.778141975402832,-2.797976015
A531E,-1.2958884239196777,-2.562698851
I532P,-2.273801326751709,-2.180861347
I532Q,-2.2949256896972656,-1.930828398
I532R,-1.8494497537612915,-1.515894247
I532W,-2.2209653854370117,-1.658792771
I532T,-0.9559119939804077,-1.393846944
I532V,-0.7194379568099976,-1.77670825
I532S,-1.3498364686965942,-2.195508751
I532N,-1.7303377389907837,-1.934092127
I532Y,-1.6882621049880981,-2.201471354
I532L,-0.6402534246444702,-1.754514085
I532M,-1.6872316598892212,-1.514853661
I532A,-1.3945437669754028,-1.708037387
I532C,-3.243471622467041,-2.175000251
I532D,-2.157137393951416,-2.241603551
I532K,-1.1716190576553345,-1.7363093319999998
I532F,-1.2298847436904907,-1.165182727
I532G,-1.5679939985275269,-1.443381381
I532H,-3.0603814125061035,-1.067756919
I532E,-2.426053047180176,-1.723937904
Y533N,-1.5004215240478516,-1.513341871
Y533M,0.32302093505859375,-1.937829814
Y533L,2.0275626182556152,-1.692910395
Y533K,-1.7396135330200195,-2.226949668
Y533I,2.9865095615386963,-2.217594847
Y533H,-2.8000264167785645,-1.2186643659999998
Y533F,1.3634724617004395,-1.863078368
Y533E,-1.9621696472167969,-1.669605189
Y533D,-2.6778783798217773,-2.049355385
Y533A,2.307295083999634,-1.674287967
Y533S,2.229118824005127,-1.932640881
Y533T,1.8213043212890625,-2.107281791
Y533R,-1.9645357131958008,-2.358020864
Y533C,1.304551124572754,-1.6451497380000002
Y533G,1.8578710556030273,-2.159027972
Y533W,-0.6262364387512207,-1.80510402
Y533V,2.9957122802734375,-1.062180775
Y533Q,-1.9386796951293945,-1.984786909
Y533P,-0.5275406837463379,-2.0066460040000003
S534D,-3.4075851440429688,-1.994621452
S534G,0.016254663467407227,-1.549154028
S534H,-3.4512100219726562,-2.015193295
S534I,-0.0022897720336914062,-1.22698719
S534K,-2.454988479614258,-1.773403014
S534L,0.19644522666931152,-1.228473984
S534M,-1.0998966693878174,-1.704540587
S534N,-2.226113796234131,-1.997744085
S534P,-2.3822269439697266,-2.015949931
S534R,-2.864421844482422,-2.578582392
S534T,-0.5244832038879395,-1.706794247
S534V,-0.06166505813598633,-2.725653065
S534W,-2.2894229888916016,-1.728714412
S534Y,-1.7000255584716797,-2.269675186
S534C,-1.1505751609802246,-1.905172618
S534Q,-2.5420236587524414,-1.090026956
S534A,-0.011544942855834961,-1.776792193
S534E,-2.910308837890625,-1.14651103
S534F,-0.23520946502685547,-2.296285339
T535E,-2.623295307159424,-1.292964847
T535F,0.2909853458404541,-1.28770884
T535G,0.7639727592468262,-0.162476965
T535H,-3.192467212677002,-1.236853266
T535I,1.149634599685669,-1.5773044
T535K,-1.8617501258850098,-0.559792474
T535L,0.9228558540344238,-1.627598621
T535M,-0.3820838928222656,-1.412188379
T535N,-1.9335322380065918,-1.637295399
T535Q,-2.235304355621338,-2.029456664
T535R,-2.380937099456787,-2.965480165
T535S,0.5501627922058105,-0.828086002
T535V,0.7787346839904785,-0.7699695870000001
T535W,-1.7593965530395508,-1.496057189
T535C,-0.5212388038635254,-0.811817157
T535A,0.6192436218261719,-1.05764633
T535Y,-1.138275146484375,-2.435672385
T535P,-1.7402729988098145,-1.206763034
T535D,-2.923470973968506,-1.94957747
V536W,-3.287412643432617,-2.737154692
V536D,-4.99566125869751,-2.37744755
V536F,-1.0666714906692505,-1.092717165
V536G,-1.623726487159729,-2.819519128
V536H,-4.983818531036377,-2.115847039
V536I,0.2245466709136963,-1.139763018
V536K,-3.94504976272583,-4.012081773999999
V536L,-0.430814266204834,-1.5548079890000002
V536M,-1.8118864297866821,-2.612772754
V536N,-3.987856388092041,-1.329881803
V536P,-3.421755790710449,-4.4178090260000005
V536Q,-4.310643672943115,-3.999146434
V536C,-2.064803123474121,-1.213583402
V536R,-4.265861988067627,-3.973728487
V536S,-1.4213696718215942,-3.668477185
V536T,-1.5636216402053833,-1.7324565230000002
V536Y,-2.8158631324768066,-3.129890993
V536A,-1.0594288110733032,-1.2406222409999998
V536E,-4.56130838394165,-3.892839603
A537C,-1.3481571674346924,-1.659988695
A537R,-4.077677249908447,-4.104928161
A537Q,-3.7995190620422363,-3.4179637260000004
A537P,-2.6070380210876465,-4.0573811410000005
A537N,-3.482243061065674,-3.54913388
A537M,-1.2487668991088867,-2.315067758
A537L,0.5550193786621094,-2.323482418
A537K,-3.6607413291931152,-3.547426633
A537I,0.6653389930725098,-2.12158166
A537H,-4.351069450378418,-3.1867225130000003
A537F,0.23241424560546875,-4.034788123999999
A537E,-3.9421911239624023,-3.538594048
A537D,-4.647609233856201,-2.812729175
A537W,-2.678382396697998,-3.4817727960000004
A537V,0.45493650436401367,-1.990812356
A537G,-0.10500264167785645,-3.268929332
A537Y,-2.048074245452881,-3.654360441
A537T,-0.8793416023254395,-1.568231811
A537S,-0.6520974636077881,-2.564190053
S538D,-3.8028640747070312,-1.173360649
S538E,-3.2813162803649902,-3.537158739
S538F,-0.185957670211792,-3.5307864010000003
S538G,0.1527409553527832,-2.006345167
S538H,-4.109198570251465,-3.613291418
S538I,0.26393866539001465,-2.643816422
S538K,-3.378279685974121,-2.51298287
S538L,0.26362907886505127,-1.5245973919999998
S538M,-1.211379051208496,-2.823117509
S538N,-2.5760650634765625,-1.439378417
S538P,-2.647359848022461,-3.176539694
S538Q,-3.1248703002929688,-2.827196347
S538R,-3.7972660064697266,-3.193190284
S538T,-0.43565797805786133,-1.03294757
S538V,0.1915585994720459,-1.150998553
S538Y,-2.0972986221313477,-3.327794986
S538C,-1.3284554481506348,-1.650879536
S538A,0.031106948852539062,-0.709529812
S538W,-2.759061813354492,-3.265885554
S539K,-3.674232244491577,-2.8590894330000003
S539D,-3.7604329586029053,-3.002511152
S539E,-3.5251071453094482,-3.56983539
S539F,0.07583260536193848,-3.197045287
S539G,0.12458157539367676,-2.227155455
S539H,-4.259812355041504,-3.067191238
S539I,0.6007399559020996,-3.347459402
S539L,0.4849938154220581,-1.838702551
S539M,-1.1439030170440674,-2.656283404
S539A,0.008147001266479492,-1.290358921
S539N,-2.7250869274139404,-2.7256549860000003
S539Q,-3.5318915843963623,-3.003823474
S539R,-4.160088539123535,-3.699333005
S539T,-0.3676421642303467,-1.456699011
S539V,0.5817382335662842,-2.490694097
S539W,-2.600191831588745,-2.661135947
S539Y,-2.288567304611206,-2.974563213
S539P,-2.3785808086395264,-2.724807032
S539C,-0.8753335475921631,-2.626347617
L540C,-2.057832717895508,-1.550584999
L540A,-1.1335381269454956,-0.699807851
L540N,-4.500523567199707,-2.556913994
L540W,-3.984499931335449,-1.131947107
L540Y,-3.6353378295898438,-1.4796298069999998
L540E,-5.080086708068848,-2.973722237
L540F,-0.776053786277771,-0.219921584
L540G,-1.8506439924240112,-1.826254938
L540H,-5.789512634277344,-2.705219799
L540K,-5.051266670227051,-3.5282384560000004
L540M,-1.8846029043197632,-0.660345473
L540I,0.1290416717529297,-0.247191851
L540P,-4.291571140289307,-2.622524039
L540Q,-5.128244876861572,-2.192942691
L540R,-5.519046783447266,-1.81450378
L540S,-1.6357024908065796,-0.68621436
L540T,-1.7343329191207886,-0.710413782
L540V,-0.10617637634277344,-0.178864378
L540D,-5.435817241668701,-3.574773017
V541F,-0.34702301025390625,-0.846966606
V541T,-0.7948143482208252,-0.317931175
V541A,-0.18826007843017578,-1.93676248
V541C,-1.1290223598480225,-1.67327001
V541D,-3.976407527923584,-2.381345815
V541E,-3.6880364418029785,-2.640211711
V541G,-0.5948047637939453,-3.167548543
V541Q,-3.5451974868774414,-2.579026341
V541I,0.12749040126800537,0.015313758
V541K,-3.918318271636963,-3.138902284
V541L,0.520759105682373,-0.965230335
V541M,-1.067357063293457,-1.326354173
V541N,-2.9415283203125,-2.643253075
V541P,-2.5503692626953125,-1.450048519
V541Y,-2.5202198028564453,-2.072245134
V541R,-4.203580379486084,-3.553451377
V541H,-4.201961994171143,-2.665436085
V541S,-0.3988184928894043,-3.158000482
V541W,-2.71640682220459,-0.996409048
L542V,-0.34158849716186523,-1.170689231
L542W,-2.5776400566101074,-2.919320297
L542Y,-2.397739887237549,-0.962231947
L542S,-0.24589872360229492,-1.303677661
L542R,-4.03737735748291,-3.438806549
L542Q,-3.1678194999694824,-1.958550583
L542N,-2.715999126434326,-3.237930154
L542M,-1.3124289512634277,-0.109705587
L542K,-3.511889934539795,-2.468579455
L542P,-2.4428367614746094,-2.191371723
L542H,-4.006550312042236,-2.32111258
L542G,-0.3386359214782715,-1.260334437
L542F,-0.39810919761657715,-1.338524499
L542E,-3.365475654602051,-2.195027194
L542D,-3.657979965209961,-2.40252813
L542C,-1.3877136707305908,-1.471109623
L542A,-0.3123459815979004,-0.715662406
L542I,-0.3733327388763428,-0.929073657
L542T,-0.6904726028442383,-0.609172221
L543H,-5.242711544036865,-2.686511792
L543A,-0.6408886909484863,0.455102561
L543C,-1.8701257705688477,-1.520662761
L543D,-4.528952598571777,-2.656676102
L543E,-4.2212371826171875,-3.053879169
L543F,-0.9101884365081787,-1.386148902
L543G,-0.7463903427124023,-1.327043057
L543I,-0.3726695775985718,-0.70637305
L543M,-1.7752559185028076,-1.181701579
L543N,-3.6774168014526367,-1.938876046
L543P,-3.3494725227355957,-3.310275444
L543Q,-4.186565399169922,-2.990888258
L543R,-4.8636884689331055,-3.581098641
L543S,-1.093541145324707,-0.054557897
L543T,-1.4659004211425781,-1.286483452
L543W,-3.5849051475524902,-1.620136017
L543Y,-3.646888256072998,-1.22404153
L543K,-4.412874221801758,-0.556803278
L543V,-0.552182674407959,-0.841535241
V544S,-0.6554007530212402,-2.000166072
V544A,-0.21125268936157227,-1.98707976
V544R,-3.9226222038269043,-4.103695454
V544Q,-3.5819101333618164,-3.521292254
V544P,-2.5954880714416504,-3.366105437
V544N,-3.2441563606262207,-1.994555686
V544M,-1.4872961044311523,-2.505280527
V544L,0.3461817502975464,-3.841928224
V544T,-1.0020060539245605,-1.6200713219999998
V544K,-3.571068286895752,-3.2809565010000004
V544H,-4.090202808380127,-3.442574908
V544G,-0.5466439723968506,-2.613682375
V544F,-0.42801570892333984,-2.523696806
V544E,-3.880413055419922,-3.271065806
V544D,-4.311215400695801,-2.932675316
V544C,-1.3673429489135742,-3.3920582410000004
V544I,0.26504313945770264,-2.562713013
V544Y,-2.09135103225708,-1.590055184
V544W,-2.4980545043945312,-1.77948369
S545K,-3.3180248737335205,-3.10230168
S545D,-3.70295786857605,-0.605698315
S545E,-3.0099098682403564,-3.279114525
S545F,-0.1948864459991455,-1.317133219
S545G,0.03539443016052246,-3.808654356
S545H,-3.722214460372925,-2.332667385
S545I,0.7778085470199585,-3.771572903
S545C,-0.8078944683074951,-2.94719427
S545L,0.6635472774505615,-1.226853423
S545N,-2.6212236881256104,-3.030493834
S545P,-1.9238255023956299,-1.663127099
S545Q,-2.900380849838257,-2.312333342
S545R,-3.4605276584625244,-2.417248614
S545T,-0.28221631050109863,-1.054650916
S545V,0.7353976964950562,-3.14623358
S545M,-0.9763262271881104,-2.674454762
S545W,-2.4708778858184814,-2.576009738
S545A,0.11661720275878906,-1.562350981
S545Y,-2.158708333969116,-2.461417514
L546F,-0.7536020278930664,-2.174030931
L546G,-0.9660079479217529,-3.549786462
L546H,-4.789523601531982,-3.774562802
L546I,0.08715319633483887,-3.5946908110000004
L546K,-4.149474620819092,-4.106357931
L546M,-1.6696913242340088,-2.992963452
L546N,-3.741093158721924,-4.261621445
L546A,-0.7768034934997559,-3.22924845
L546C,-1.6643941402435303,-3.595891786
L546Q,-4.168301105499268,-3.256271349
L546R,-4.37923002243042,-3.269774268
L546S,-1.2915902137756348,-3.752697926
L546T,-1.6887140274047852,-3.1129365160000004
L546V,-0.32645249366760254,-2.567623898
L546W,-3.2952523231506348,-2.188346316
L546Y,-2.8335423469543457,-1.823721413
L546E,-4.2128472328186035,-3.903830048
L546P,-4.63824987411499,-2.749792204
L546D,-4.681332111358643,-2.707102266
G547C,-0.9626216888427734,-3.61591253
G547Y,-1.8529629707336426,-3.386410843
G547W,-2.5235700607299805,-2.891388096
G547V,0.4422287940979004,-2.798523635
G547T,-0.5294187068939209,-1.694782101
G547R,-3.304471969604492,-2.762341253
G547Q,-3.6227340698242188,-3.13957626
G547P,-2.510706901550293,-3.785241261
G547N,-3.005542278289795,-3.227565349
G547S,-0.17022705078125,-3.4470761710000004
G547L,0.6470637321472168,-3.546802378
G547M,-1.055762767791748,-1.3983196759999998
G547E,-3.6303257942199707,-2.105595454
G547F,0.10190773010253906,-3.5093634560000004
G547D,-4.0171799659729,-3.260878375
G547I,0.8472572565078735,-3.350436492
G547K,-3.1354150772094727,-3.1865251060000004
G547H,-3.89119815826416,-3.428535671
G547A,0.13715410232543945,-1.6975226140000002
A548K,-1.090944766998291,-3.94813094
A548C,-0.8279421329498291,-3.191001329
A548D,-3.0208704471588135,-3.478353285
A548E,-2.5346291065216064,-2.758848851
A548F,0.05590105056762695,-3.946324988
A548G,-0.20325255393981934,-3.138344952
A548H,-2.6478054523468018,-3.3222804960000003
A548I,0.6124576330184937,-4.0641942160000015
A548M,-0.8273403644561768,-3.342860737
A548L,0.7015657424926758,-4.204992169
A548N,-2.2121403217315674,-3.802323002
A548W,-1.538398027420044,-2.3583591
A548V,0.4686610698699951,-3.270135037
A548T,-0.7450249195098877,-2.212342532
A548Y,-0.9966106414794922,-2.903268435
A548R,-1.4507746696472168,-4.137353189
A548Q,-2.2326395511627197,-2.897346464
A548P,-2.793189287185669,-4.429733226000001
A548S,-0.43483805656433105,-2.8824373910000003
I549N,-2.712264060974121,-2.473223457
I549V,-0.18704187870025635,-1.271423167
I549T,-1.2064787149429321,-2.341795721
I549S,-1.1258031129837036,-2.2850906930000003
I549R,-2.209557056427002,-3.650426801
I549Q,-2.833756446838379,-3.172824935
I549P,-3.5973238945007324,-3.761483716
I549M,-1.3660045862197876,-1.974694605
I549W,-1.8999356031417847,-2.19736214
I549K,-1.9468315839767456,-3.318270877
I549H,-2.941361427307129,-1.100941538
I549G,-1.2691556215286255,-2.7906800080000003
I549E,-3.168201446533203,-3.246482242
I549D,-3.5915098190307617,-2.9461221760000003
I549A,-0.6927529573440552,-1.11656201
I549C,-1.4013060331344604,-1.178478158
I549L,0.18095743656158447,-0.772670955
I549F,-0.44998133182525635,-2.190431225
I549Y,-1.15349280834198,-2.609883835
S550Q,-2.662290096282959,-0.465796695
S550T,-0.036385536193847656,-0.468240361
S550R,-1.733187198638916,-2.44925808
S550P,-2.6004772186279297,-2.400784249
S550N,-2.1991586685180664,-1.335357258
S550M,-0.455629825592041,-0.670839989
S550L,1.2071893215179443,-0.147357867
S550K,-1.8752985000610352,-2.4274380730000003
S550I,1.5732475519180298,-1.6828273180000002
S550W,-1.081749439239502,-1.749870796
S550H,-2.541745662689209,-2.468967884
S550Y,-0.052471160888671875,-2.7427989960000003
S550F,0.5931169986724854,-1.04138733
S550E,-2.7977118492126465,-2.25888811
S550D,-3.302490234375,-2.453749466
S550C,-0.03915596008300781,-0.295070408
S550A,0.6040418148040771,-0.53462844
S550G,0.41229724884033203,-0.159334272
S550V,1.185057282447815,-1.248397693
F551A,-0.182297945022583,-0.888338982
F551Y,0.7539986371994019,-0.413790408
F551C,-0.612410306930542,-1.961828892
F551E,-2.008335828781128,-0.598120853
F551W,0.014957666397094727,-1.7642000430000002
F551V,-0.06664061546325684,-0.096785207
F551T,-0.7296762466430664,-1.09771272
F551D,-2.1422183513641357,-2.593934558
F551R,-0.5622265338897705,-3.716097943
F551Q,-1.7969272136688232,-1.237678599
F551P,-2.2794029712677,-2.135373224
F551S,-0.22791147232055664,-1.5389767840000002
F551M,-1.2173988819122314,-1.960473978
F551L,0.03795599937438965,-0.770794786
F551K,-0.5488991737365723,-2.682959087
F551I,-0.01978898048400879,-0.5755922529999999
F551H,-1.3545773029327393,-1.72779698
F551G,-0.5121481418609619,-1.015801715
F551N,-1.4125597476959229,-1.446321884
W552I,0.8571767807006836,-1.4648850080000002
W552A,0.8616139888763428,-1.823009539
W552C,0.5407922267913818,-2.068307819
W552D,-0.7356386184692383,-2.074620211
W552E,-0.38317155838012695,-2.491534534
W552F,0.7038469314575195,-0.609605072
W552G,0.6041264533996582,-1.698923117
W552H,-0.2873966693878174,-2.575794612
W552K,1.11322021484375,-2.536484812
W552Y,0.8696365356445312,-1.11398821
W552M,0.027356386184692383,-1.086949456
W552N,-0.06615328788757324,-2.478354171
W552P,-1.3775739669799805,-3.30835338
W552Q,0.004708528518676758,-1.949727207
W552R,0.8237564563751221,-2.630515113
W552S,0.9015426635742188,-2.830250488
W552T,0.32587409019470215,-2.544781047
W552V,0.7316122055053711,-1.844717252
W552L,1.218878984451294,-2.387493441
M553F,0.521085262298584,-2.487895558
M553G,-0.26570582389831543,-0.635390279
M553H,-0.8345675468444824,-1.800303856
M553K,0.6155598163604736,-2.399828823
M553L,1.3328851461410522,-2.130509549
M553N,-0.2910490036010742,-2.215735088
M553S,0.3718690872192383,-1.07956268
M553Q,-0.6574077606201172,-2.598759759
M553R,0.609025239944458,-0.904124185
M553E,-1.036658763885498,-2.7909620260000003
M553T,-0.09024381637573242,-1.632478238
M553V,0.41010332107543945,-3.2204766680000003
M553W,-0.6693220138549805,-2.318804142
M553Y,0.2773165702819824,-3.520274479
M553P,-1.6240191459655762,-3.2684480810000003
M553D,-1.3709297180175781,-2.859673192
M553I,0.9738912582397461,-1.573448657
M553A,0.3509960174560547,-0.644113504
M553C,1.039461612701416,-3.189697982
C554E,-0.5500640869140625,-2.783440315
C554A,0.458951473236084,-0.906568558
C554Y,1.2796504497528076,-2.2937745940000003
C554W,0.2977135181427002,-1.870665147
C554V,0.7091257572174072,-0.6678588879999999
C554T,0.19308161735534668,-1.770547029
C554S,0.7220561504364014,-1.777127586
C554R,1.144782543182373,-2.348713311
C554D,-0.5430560111999512,-2.538602899
C554P,-1.2154417037963867,-3.0812253760000003
C554Q,-0.24889302253723145,-1.821304482
C554G,-0.15825843811035156,-2.691744957
C554H,0.011005640029907227,-2.690106548
C554I,1.2128150463104248,-0.28843138
C554F,1.0262868404388428,-1.44174242
C554L,1.2547986507415771,-0.744308118
C554M,-0.0271146297454834,-1.272781448
C554N,0.17792224884033203,-2.710185469
C554K,1.3455920219421387,-2.777097993
S555N,-0.6283836364746094,-1.371740501
S555W,-1.638275146484375,-0.907971547
S555V,-0.7073252201080322,-0.754834314
S555T,-0.7146556377410889,-0.931962486
S555R,0.8382807970046997,-1.423829374
S555Q,-0.6519637107849121,0.174781556
S555P,-1.820526123046875,-2.956368356
S555M,-1.4792747497558594,-0.543267489
S555G,-0.978668212890625,-1.429803846
S555K,1.0041477680206299,-1.4822457830000002
S555I,-0.648963451385498,-1.317748936
S555H,-1.278085470199585,-1.254101937
S555F,-0.7811689376831055,-1.365825371
S555E,-1.3169453144073486,-0.175132028
S555D,-1.7983522415161133,-0.5560451120000001
S555C,-0.5146818161010742,-2.494184432
S555L,-0.33249378204345703,-0.621116486
S555A,-1.0075156688690186,-0.317702164
S555Y,-0.8495984077453613,0.04962112
N556Y,-0.35312771797180176,-0.049599754
N556C,0.33684229850769043,-2.386728427
N556D,-0.5191113948822021,-1.535484066
N556E,-0.6618428230285645,-2.498209821
N556F,0.08684968948364258,-2.340394875
N556G,0.10587501525878906,-2.996045671
N556H,-0.6322150230407715,-1.253321442
N556I,0.14871573448181152,-0.501777144
N556K,0.8853788375854492,-1.140202597
N556L,0.44045352935791016,-0.882521853
N556M,-0.8582727909088135,-0.824066892
N556P,-0.9680228233337402,-3.795266551
N556Q,-0.5327284336090088,-2.201408421
N556R,0.7015550136566162,-1.450185593
N556S,0.7300317287445068,-0.864459595
N556T,0.11733531951904297,-0.7669838179999999
N556V,-0.07564902305603027,-0.623280767
N556W,-1.557586431503296,-1.838639369
N556A,-0.33736348152160645,-1.968688207
G557Y,-0.5811147689819336,-3.292327695
G557W,-1.8418693542480469,-2.626786211
G557A,-0.7745542526245117,-1.931083641
G557E,-0.7302689552307129,-2.280093957
G557F,-0.5650410652160645,-2.728528412
G557H,-1.012416124343872,-2.320636642
G557I,-0.33846282958984375,-3.623693103
G557K,0.5292913913726807,-2.217983167
G557L,-0.19363880157470703,-3.146483538
G557D,-0.8128728866577148,-2.414464749
G557M,-1.5250511169433594,-3.046598319
G557P,-0.6102006435394287,-3.879030968
G557Q,-0.8185186386108398,-1.152444508
G557R,0.21466398239135742,-2.09701069
G557S,0.3260955810546875,-2.753014453
G557T,-0.5143733024597168,-3.2950151460000003
G557V,-0.689974308013916,-2.29699012
G557N,-0.10222911834716797,-1.546686941
G557C,-0.2789335250854492,-3.750300078
S558F,-0.17289161682128906,-0.725733559
S558C,-0.6051366329193115,-2.91071295
S558G,-0.34937572479248047,-3.127515143
S558H,-1.07521653175354,-2.277977479
S558I,0.29640817642211914,-1.646662228
S558K,0.6143136024475098,-2.62408707
S558L,0.3279569149017334,-1.001541466
S558M,-1.1587204933166504,-1.5605371259999998
S558D,-0.7523224353790283,-3.039526894
S558P,-1.5851349830627441,-2.932041225
S558Q,-0.6959011554718018,-0.013244631
S558R,0.09131956100463867,-2.951671995
S558T,-0.3758058547973633,-0.520359151
S558V,0.050325632095336914,-1.092462493
S558W,-1.059004306793213,-2.482035825
S558Y,-0.05791902542114258,-1.732307117
S558A,-0.5445346832275391,-1.3421827830000002
S558E,-0.5241189002990723,-1.258965428
S558N,-0.30971527099609375,-1.705196356
L559N,-0.1089470386505127,-3.587966942
L559M,-1.4832639694213867,-2.090645565
L559W,-1.7127480506896973,-2.385610798
L559V,-0.5123891830444336,-1.086649717
L559T,-0.532679557800293,-2.917998657
L559S,0.22412919998168945,-3.422693887
L559R,0.1976914405822754,-4.068198113999999
L559Q,-0.8631095886230469,-1.358996663
L559Y,-0.6749913692474365,-3.2608642060000004
L559P,-1.1907172203063965,-3.861795709
L559I,-0.2352914810180664,-2.298089121
L559H,-1.170924425125122,-3.186631598
L559G,-0.17292547225952148,-3.998145681000001
L559F,-0.45788145065307617,-2.511255877
L559E,-0.8831186294555664,-3.556334337
L559D,-0.8517580032348633,-3.762494334
L559K,0.5827546119689941,-2.894107084
L559C,-0.061017513275146484,-1.62949488
L559A,-0.8837876319885254,-3.0151211630000003
Q560V,0.56201171875,-0.892374379
Q560D,0.25516796112060547,-2.6940112810000003
Q560E,-0.012312650680541992,-2.004873846
Q560F,0.753659725189209,-3.130189887
Q560G,0.7470483779907227,-1.6663145519999998
Q560H,-0.2012777328491211,-2.180117192
Q560I,0.9078145027160645,-2.863390351
Q560K,1.4544932842254639,-1.791128312
Q560A,0.1619269847869873,-2.016250729
Q560L,1.1461472511291504,-2.278649332
Q560M,-0.48218488693237305,-0.999703629
Q560N,0.8217058181762695,-2.194865343
Q560P,0.7108829021453857,-2.0856422930000003
Q560R,0.9774453639984131,-1.493707609
Q560S,1.1351101398468018,-1.32194272
Q560T,0.43765687942504883,-1.341162934
Q560W,-0.6635546684265137,-2.761878241
Q560Y,0.2438955307006836,-2.962888843
Q560C,0.9210090637207031,-2.435011825
C561A,-0.09300613403320312,-1.203494158
C561E,0.3119223117828369,-2.93529757
C561F,-0.3087730407714844,-0.8490093759999999
C561G,0.3414003849029541,-2.44425649
C561H,-0.3943650722503662,-2.680654832
C561I,-0.11472082138061523,-0.658088675
C561K,1.288930892944336,-2.733490472
C561L,0.32523107528686523,-0.9003393759999999
C561M,-0.8349609375,-1.777449708
C561N,0.5161128044128418,-2.577697128
C561P,-0.026248455047607422,-3.4104567880000003
C561Q,0.22388458251953125,-1.959825973
C561R,1.1213269233703613,-2.765992064
C561S,0.8892307281494141,-3.522392792
C561T,0.22341585159301758,-2.754928558
C561V,-0.15908169746398926,-0.890051215
C561D,-0.09511637687683105,-2.998912266
C561Y,-0.08840227127075195,-1.103042996
C561W,-1.1105413436889648,-1.872673887
R562W,-1.5415534973144531,-2.517415473
R562D,-0.4619874954223633,-1.476919734
R562E,-0.6952915191650391,-1.444381546
R562F,-0.10782814025878906,-2.391307537
R562G,0.07891654968261719,-2.0313647880000003
R562H,-1.1782898902893066,-1.282169024
R562I,-0.18129968643188477,-1.481878795
R562K,0.39001989364624023,-1.223200534
R562Y,-0.7909612655639648,-2.489569948
R562A,-0.6081438064575195,-1.117207364
R562M,-1.4366679191589355,-0.973455295
R562N,0.04188704490661621,-1.409020589
R562P,-0.17939209938049316,-3.229736275
R562Q,-0.7889494895935059,-0.803022128
R562S,0.3257932662963867,-1.166756453
R562T,-0.44452619552612305,-0.623063319
R562V,-0.41693592071533203,-1.482954528
R562L,0.18303704261779785,-1.313707339
R562C,0.2291097640991211,-2.629126283
I563A,-0.5153524875640869,-0.80259052
I563E,-0.550931453704834,-2.294879759
I563Y,-0.4763491153717041,-3.204736145
I563W,-1.2031493186950684,-2.888779094
I563V,-0.22673964500427246,-1.429578139
I563T,-0.14777421951293945,-2.903775609
I563S,0.49729156494140625,-3.510843244
I563R,0.541015625,-4.052399337
I563Q,-0.5209755897521973,-3.064223028
I563P,-0.6812233924865723,-3.246065038
I563N,0.1867542266845703,-3.203552949
I563M,-1.1824588775634766,-2.007145038
I563L,0.30550384521484375,-1.502142285
I563K,0.780442476272583,-2.878846949
I563H,-0.7121281623840332,-3.12698284
I563G,0.1515507698059082,-3.698272566
I563F,-0.09993600845336914,-2.437890868
I563D,-0.4831838607788086,-3.006620471
I563C,0.2104625701904297,-2.797860993
C564L,0.7901854515075684,-2.177266099
C564E,0.42628979682922363,-2.602962528
C564D,0.33429813385009766,-2.616149146
C564Y,0.24491381645202637,-2.264988222
C564W,-0.764246940612793,-2.224764652
C564V,0.40746593475341797,-2.712160702
C564T,0.39115095138549805,-2.29667313
C564S,1.0535571575164795,-2.371909777
C564R,0.899174690246582,-3.054364332
C564Q,0.24161767959594727,-2.74295985
C564A,0.21807003021240234,-2.57652151
C564N,0.8271377086639404,-1.008129641
C564M,-0.6145057678222656,-2.208959688
C564K,1.2059175968170166,-2.8164862260000003
C564I,0.6032865047454834,-1.696602435
C564H,-0.04633617401123047,-1.939654474
C564G,0.6110587120056152,-2.5071487130000003
C564F,0.40674471855163574,-1.823045094
C564P,0.5768721103668213,-3.01665515
I565A,-0.4505143165588379,-1.975020473
I565C,0.16475200653076172,-1.857298001
I565D,-0.3455531597137451,-2.64714909
I565E,-0.34026050567626953,-2.940657932
I565F,0.21993803977966309,-1.847277948
I565G,0.11413979530334473,-3.745073018
I565H,-0.6788008213043213,-2.959293397
I565K,0.8019130229949951,-3.255209691
I565P,-0.7336232662200928,-3.674898485
I565M,-1.1473302841186523,-1.619502029
I565N,0.24892306327819824,-2.495941162
I565Q,-0.3826873302459717,-2.760510636
I565R,0.4879181385040283,-3.828151919
I565S,0.4562699794769287,-3.3006958710000003
I565T,-0.47626161575317383,-1.935653437
I565W,-0.8724822998046875,-1.995298104
I565Y,-0.33519840240478516,-1.829796004
I565L,0.33732175827026367,-0.099093297
I565V,-0.11066532135009766,-1.414367029
