mutant,carp_600k_score,DMS_score
K2C,-3.1633687019348145,0.224238318
K2Y,-2.3889217376708984,0.020592388
K2W,-3.2471065521240234,-1.293939454
K2V,-1.6903692483901978,-0.144815083
K2T,-1.6582149267196655,0.5854970970000001
K2S,-1.6127341985702515,-0.147164557
K2R,-1.0728734731674194,-0.779948317
K2Q,-2.338273048400879,-0.164746319
K2P,-2.56528377532959,-0.744239688
K2M,-2.6204519271850586,-0.215980606
K2L,-0.8891392946243286,0.367245324
K2I,-1.208133578300476,0.225177571
K2H,-2.8691887855529785,-0.306168352
K2G,-2.7739882469177246,-1.005611204
K2F,-1.7506335973739624,0.275227823
K2E,-2.9301819801330566,-1.005736089
K2N,-1.8412057161331177,0.07276814
K2D,-3.3628506660461426,-1.858329509
A3T,0.683220624923706,-0.878024613
A3C,-1.1996347904205322,-1.016082701
A3D,-1.2771880626678467,-0.571985778
A3E,-0.8134868144989014,-1.095286368
A3F,0.6776998043060303,-0.483739724
A3G,-0.7235205173492432,-2.090809945
A3H,-0.6505286693572998,-1.230308177
A3I,1.4079245328903198,-0.34801493
A3K,1.1604769229888916,-1.481383163
A3V,0.41887497901916504,-0.186639877
A3L,1.615877628326416,0.437673315
A3Y,0.5269186496734619,-0.173281799
A3S,0.5661041736602783,-0.7082328509999999
A3R,0.33405041694641113,-0.7132013490000001
A3W,-0.5674145221710205,-0.845873038
A3P,-0.6109857559204102,-1.188825393
A3N,0.26961255073547363,-0.143236067
A3M,-0.9145772457122803,-0.286024473
A3Q,-0.35631680488586426,-0.958126529
K4P,-0.3634333610534668,-0.445344958
K4W,-0.30655908584594727,-0.6663295570000001
K4V,1.3388776779174805,-0.286757464
K4T,0.7669234275817871,-0.110218193
K4S,0.8522250652313232,-0.228465656
K4R,-0.510796070098877,-0.130027221
K4Q,-0.772270679473877,-0.281620008
K4N,-0.6646246910095215,-0.30702819
K4G,-0.22959208488464355,-0.902150908
K4L,2.4725325107574463,-0.317671939
K4I,1.7738945484161377,-0.610505839
K4H,-1.0556750297546387,-0.6908806759999999
K4Y,0.35425519943237305,-0.801767828
K4F,1.7813115119934082,-0.831190357
K4E,-2.021575450897217,-0.832860405
K4D,-2.1508755683898926,-1.575218795
K4C,-0.07787013053894043,-0.380492667
K4M,-0.27093076705932617,-0.208073646
K4A,1.0242619514465332,0.258156216
L5Q,-3.4591739177703857,-1.841858717
L5D,-4.362344741821289,-2.029726862
L5A,-1.716142177581787,-0.128172931
L5Y,-2.1615407466888428,-1.204846004
L5W,-2.5477614402770996,-1.109656258
L5V,-1.1882874965667725,-1.475810389
L5T,-1.820328950881958,-1.841069239
L5S,-2.1001429557800293,-2.397973973
L5R,-3.3610999584198,-2.262436684
L5P,-3.2849977016448975,-2.381751789
L5C,-2.710636615753174,-0.342155526
L5M,-2.743420124053955,-1.383909118
L5K,-3.0016915798187256,-0.98647652
L5I,-0.5867953300476074,-0.8093621609999999
L5H,-3.7219598293304443,-0.902685104
L5G,-2.9112613201141357,-1.9563633
L5F,-0.9769275188446045,0.043352826
L5N,-3.3171908855438232,-2.164015511
L5E,-4.176555633544922,-1.631024684
L6Y,-2.7583765983581543,-1.021144471
L6W,-3.139249324798584,-0.267739916
L6T,-2.4501209259033203,-2.039598663
L6S,-2.303609848022461,-1.187558614
L6R,-4.200738430023193,-2.036059417
L6Q,-4.037919998168945,-0.814609679
L6N,-4.054416656494141,-2.594665509
L6V,-1.393247127532959,-1.0419923290000002
L6K,-3.6627144813537598,-2.398874474
L6M,-2.961021900177002,-0.7965698729999999
L6A,-1.7083487510681152,-1.208363988
L6C,-2.802381992340088,-1.353921058
L6D,-5.119410991668701,-1.7984424769999998
L6P,-3.2964186668395996,-2.119871554
L6F,-0.7915158271789551,-0.022768564
L6G,-3.0742006301879883,-2.727418222
L6H,-4.437330722808838,-0.7697689129999999
L6I,-0.8172533512115479,-0.545308673
L6E,-5.0781025886535645,-2.329218855
V7Y,-1.5272603034973145,-1.087660122
V7W,-1.9844884872436523,-0.194406065
V7T,-0.8935441970825195,-0.965387478
V7S,-0.7339558601379395,-2.171250622
V7R,-3.327397346496582,-0.568014481
V7Q,-2.709589958190918,-1.598904205
V7P,-1.6478910446166992,-3.392222865
V7N,-2.6983370780944824,-1.4051253869999998
V7L,1.3793911933898926,0.244861064
V7K,-3.026806354522705,-0.896535038
V7I,0.46041393280029297,-0.284359507
V7G,-1.6315350532531738,-2.210526495
V7F,0.4668252468109131,-0.046532717
V7E,-3.876214027404785,-1.184605056
V7D,-3.9407429695129395,-2.205862666
V7C,-1.4305696487426758,-0.055073974
V7M,-1.869509220123291,-0.066519555
V7H,-2.9978346824645996,-2.394235999
V7A,-0.4072592258453369,-1.02701726
L8Y,-3.3199992179870605,-2.309645036
L8D,-5.16335391998291,-3.270167166
L8C,-2.617203712463379,-1.916443715
L8A,-1.5986051559448242,-1.754838633
L8E,-5.0941667556762695,-2.9697349
L8F,-0.9745652079582214,-0.445806288
L8H,-4.743180274963379,-2.422921396
L8I,-1.1950113773345947,-0.929110755
L8K,-4.735355854034424,-2.715357275
L8G,-2.63795804977417,-2.600948103
L8N,-4.3812971115112305,-2.689487401
L8M,-2.9315185546875,-1.4325444859999998
L8T,-2.542020559310913,-2.210601541
L8S,-2.189823627471924,-1.700080632
L8R,-4.707098007202148,-2.394040839
L8V,-1.3735756874084473,-1.375924355
L8Q,-4.29868745803833,-1.956400488
L8P,-3.3699774742126465,-2.671769822
L8W,-3.264317512512207,-1.621959329
L9M,-3.0337672233581543,-0.560096975
L9D,-5.166603088378906,-2.684399661
L9E,-5.27525520324707,-2.543837966
L9F,-1.1088939905166626,-0.983415455
L9G,-2.7009782791137695,-0.597957184
L9H,-4.7360734939575195,-2.53531663
L9I,-1.2366973161697388,-1.039299626
L9K,-4.95843505859375,-2.7397782530000003
L9N,-4.3289642333984375,-1.905716517
L9R,-4.9575653076171875,-1.995001174
L9Q,-4.495641708374023,-2.442884029
L9S,-2.1596837043762207,-2.4444751630000003
L9T,-2.599073886871338,-2.131551502
L9V,-1.5157634019851685,-0.464704824
L9W,-3.922379493713379,-0.995890151
L9Y,-3.4949135780334473,-0.77960677
L9C,-2.4330358505249023,-0.483103856
L9A,-1.555944561958313,-2.701224602
L9P,-3.9840798377990723,-2.081130979
Y10G,1.335019588470459,-1.830176485
Y10H,-1.4326725006103516,-1.198456577
Y10I,2.4929776191711426,-0.013136245
Y10K,-2.058816909790039,-0.239544308
Y10L,3.6795825958251953,-0.315498298
Y10M,1.0798559188842773,-0.476675093
Y10T,1.6257915496826172,-0.6572441520000001
Y10Q,-0.9556241035461426,-1.841367474
Y10R,-2.0517616271972656,-1.786311973
Y10S,1.9320993423461914,-0.003387633
Y10V,2.4557762145996094,-1.079731891
Y10W,-0.20607423782348633,-1.702459846
Y10F,2.633314609527588,0.4415991520000001
Y10P,-0.34299516677856445,-2.569649889
Y10E,-2.149831771850586,-2.412730359
Y10N,-0.7052783966064453,-2.059484045
Y10A,2.762373447418213,-0.524130701
Y10C,1.584075927734375,-0.28667263
Y10D,-2.2776317596435547,-2.097052268
A11D,-3.9047369956970215,-2.052987093
A11E,-4.107868671417236,-1.0201452359999998
A11F,0.5030206441879272,0.418691774
A11G,-0.9470224380493164,-1.200734958
A11H,-3.011599540710449,-0.60514846
A11I,0.27106571197509766,-0.167704632
A11K,-3.779808521270752,-2.116259155
A11L,1.3513599634170532,0.301658344
A11M,-1.5969634056091309,-0.635461475
A11C,-0.3945755958557129,-0.395324568
A11N,-2.6929373741149902,-1.001927387
A11P,-2.6344852447509766,-1.617772348
A11Q,-2.8362622261047363,-0.6871437890000001
A11R,-3.39469575881958,-1.758038288
A11S,-0.44030165672302246,-0.129601891
A11T,-0.9516506195068359,-0.419764045
A11V,0.09039831161499023,0.244837398
A11W,-2.2670607566833496,-0.30845268
A11Y,-1.784022331237793,-0.846753085
F12W,-2.250891923904419,-0.684859263
F12R,-3.4057095050811768,-1.2882625
F12S,-0.5740182399749756,-0.035463745
F12I,-0.03725409507751465,-0.269781991
F12D,-3.2107083797454834,-2.120370995
F12Y,-1.8340480327606201,-1.980238003
F12E,-3.2930705547332764,-2.466964592
F12G,-1.0708520412445068,-0.213299235
F12H,-2.839340925216675,-1.620561024
F12C,-0.8506224155426025,-0.0684075359999999
F12K,-3.5017669200897217,-2.321027191
F12M,-1.6119897365570068,-1.174985706
F12N,-2.5712978839874268,-1.992125046
F12P,-2.6434829235076904,-2.03861741
F12Q,-2.549656629562378,-1.960294482
F12V,0.09980487823486328,0.039486357
F12T,-0.9099123477935791,-1.5147559
F12L,0.7790205478668213,-0.282479572
F12A,0.3450438976287842,-0.5264774489999999
V13H,-1.7687950134277344,-1.390454102
V13I,-0.19974899291992188,-1.00037156
V13F,-0.1477665901184082,-1.79384644
V13E,-2.0416011810302734,-0.641946385
V13K,-1.9360828399658203,-2.198001375
V13L,0.5888588428497314,-2.20879515
V13M,-1.6327998638153076,-1.517384745
V13N,-1.196578025817871,-2.026057809
V13P,-1.8278388977050781,-2.36671225
V13Q,-1.3455700874328613,-1.437589086
V13R,-2.1166067123413086,-1.442781483
V13A,0.20694780349731445,-0.873311883
V13T,-0.3563532829284668,-1.315959147
V13W,-2.2780590057373047,-2.029196958
V13Y,-1.3193163871765137,-2.126261087
V13C,-1.0154826641082764,-1.613592739
V13G,-0.5457487106323242,-2.090318137
V13D,-2.00362491607666,-2.289044989
V13S,0.224592924118042,-0.465042681
A14T,-0.7357561588287354,-1.474787741
A14S,-0.27581191062927246,-1.192082088
A14R,-2.807238817214966,-1.459436909
A14Q,-1.7900526523590088,-0.513165997
A14P,-2.424909830093384,-1.954401334
A14N,-1.7017109394073486,-0.872372982
A14M,-1.4110438823699951,-1.245815275
A14H,-2.1940224170684814,-1.456159419
A14K,-2.4933321475982666,-1.666141296
A14I,-0.18312668800354004,-1.900892096
A14G,-0.8733298778533936,-1.465577305
A14F,-0.028265714645385742,-1.262300091
A14E,-2.6044061183929443,-0.819584656
A14D,-2.6481683254241943,-1.657521747
A14V,-0.04874849319458008,-1.54770002
A14L,0.6162005662918091,-0.817844699
A14C,-1.0641791820526123,-1.007098984
A14W,-2.230924367904663,-1.362670188
A14Y,-1.4955484867095947,-1.572351653
T15V,0.812896728515625,-0.612955931
T15E,-1.8847928047180176,-2.1028853780000003
T15F,0.048108816146850586,-2.708042476
T15G,-0.10037517547607422,-2.05954915
T15H,-1.5316028594970703,-2.60064626
T15I,0.33301353454589844,-0.144558913
T15K,-1.8269429206848145,-2.068148108
T15M,-1.2252593040466309,-1.091665657
T15L,0.8493015766143799,-3.388879962
T15P,-1.9504132270812988,-1.134083463
T15Q,-1.221055030822754,-2.846309264
T15R,-1.9941983222961426,-2.94216688
T15S,0.49123048782348633,-1.132755734
T15W,-2.0722098350524902,-1.920635523
T15Y,-0.9019670486450195,-2.431614643
T15C,0.3224608898162842,-0.956532251
T15A,1.214854121208191,-1.29877431
T15D,-1.8344664573669434,-2.200361105
T15N,-1.2248802185058594,-2.308369606
D16Q,1.1871569156646729,-1.963992743
D16P,-0.4536266326904297,-3.39371365
D16N,1.3293859958648682,-1.829978723
D16M,0.09851551055908203,-0.732612404
D16L,1.6150612831115723,-1.791228232
D16K,0.6819915771484375,-0.7145069829999999
D16I,0.7328002452850342,-1.938562887
D16H,0.9105687141418457,-0.919787633
D16G,1.7914505004882812,-1.775479169
D16F,1.7732725143432617,-2.502276532
D16E,-0.09761524200439453,-1.244251419
D16C,0.8567564487457275,-1.973005854
D16A,3.013641119003296,-0.46604586
D16R,0.2789487838745117,-0.8165063490000001
D16T,1.3439559936523438,-1.753360614
D16S,2.359921932220459,-1.385772401
D16W,-0.362701416015625,-1.61214778
D16V,1.0475339889526367,-1.668746739
D16Y,1.4828686714172363,-1.477501635
A17D,-2.4480113983154297,-1.942281605
A17E,-2.4880151748657227,-2.377422129
A17F,-2.070188045501709,-2.9242993160000004
A17G,-1.5541552305221558,-1.5371081359999998
A17H,-3.1045117378234863,-2.364271585
A17I,-1.6708468198776245,-2.364950339
A17K,-2.360560417175293,-2.503663139
A17L,-1.4359830617904663,-3.383928545
A17C,-1.6998132467269897,-2.511940321
A17N,-2.2427287101745605,-2.537655985
A17P,-2.870321750640869,-3.048573938
A17Q,-2.3893661499023438,-2.536517965
A17R,-2.679736614227295,-3.379975043
A17S,-1.1111563444137573,-1.840977653
A17T,-1.5699166059494019,-2.826219517
A17V,-1.4656847715377808,-2.271561258
A17Y,-2.803847312927246,-3.150683393
A17W,-4.276398658752441,-2.220350907
A17M,-3.2323594093322754,-2.289258776
D18V,0.611015796661377,-1.990660573
D18T,0.6000785827636719,-2.77409384
D18S,1.1637511253356934,-3.505372565
D18R,-0.009638309478759766,-2.717510874
D18Q,1.098341703414917,-2.765642033
D18P,-1.0011115074157715,-3.050558175
D18K,0.7241811752319336,-2.526310168
D18M,-0.514864444732666,-2.608349387
D18L,0.9921348094940186,-3.874635819
D18I,0.3797793388366699,-3.3956227930000003
D18H,-0.47532129287719727,-2.986372265
D18G,0.5186033248901367,-1.371039857
D18F,0.590139627456665,-3.330397485
D18E,0.19484472274780273,-1.96956657
D18A,1.8849775791168213,-2.384953005
D18N,0.4579641819000244,-1.980477176
D18C,-0.3436706066131592,-3.064725914
D18Y,0.025765180587768555,-1.409568613
D18W,-1.4713492393493652,-2.556294323
T19A,0.45841336250305176,-2.702136055
T19C,-1.080721378326416,-2.583947528
T19D,-0.6946592330932617,-1.830656456
T19E,-0.7381892204284668,-0.6718561340000001
T19F,-1.0106549263000488,-1.58910226
T19G,-0.30539989471435547,-3.0709353210000003
T19I,-0.5024771690368652,-0.606735438
T19K,-0.3080413341522217,-0.160709779
T19L,-0.420102596282959,0.529160245
T19H,-1.4478654861450195,-0.416867618
T19N,-0.5356254577636719,-0.291566323
T19P,-1.1016614437103271,-3.239728354
T19Q,-0.6883792877197266,0.466590933
T19R,-0.6976242065429688,-0.037908683
T19S,0.163923978805542,0.060901078
T19V,-0.3749723434448242,-0.321372391
T19W,-2.4047493934631348,-1.945706282
T19Y,-1.1275279521942139,-0.554087972
T19M,-1.9241690635681152,-0.6116770570000001
I20L,0.2659175395965576,-1.584914326
I20K,-0.3291611671447754,-1.074162804
I20H,-1.3193352222442627,-3.36254168
I20C,-1.148209571838379,-3.26957477
I20F,-0.2949085235595703,-3.05136652
I20E,-0.8495306968688965,-2.627726515
I20D,-0.6449241638183594,-2.453268917
I20G,-0.352771520614624,-3.61938193
I20M,-1.6630468368530273,-1.935123841
I20P,-0.6326780319213867,-2.683445902
I20Q,-0.6420450210571289,-2.253161655
I20Y,-0.5811190605163574,-2.756886337
I20N,-0.45607757568359375,-2.885446759
I20W,-2.1230335235595703,-3.1261800930000003
I20A,0.015129566192626953,-3.393554074
I20T,-0.10631966590881348,-2.337816
I20R,-0.7811369895935059,-3.332948451
I20S,0.025618553161621094,-2.975412084
I20V,0.07822704315185547,-1.815771097
C21Y,0.8527123928070068,-3.052727972
C21E,0.9455111026763916,-3.656465267
C21F,0.7094826698303223,-2.675317918
C21G,0.5627505779266357,-3.816313095
C21H,0.3695995807647705,-3.595009128
C21I,1.1746604442596436,-3.767752042
C21K,1.283416748046875,-2.711920914
C21L,1.191847324371338,-3.226809082
C21N,0.9308183193206787,-3.368983719
C21Q,0.7196729183197021,-3.252660128
C21R,0.8546607494354248,-3.074682616
C21S,1.394845724105835,-3.186861703
C21T,1.644099235534668,-3.597690942
C21V,1.2707922458648682,-2.681920451
C21W,-0.47481799125671387,-1.992541898
C21M,-0.34204936027526855,-2.902901452
C21P,0.5674183368682861,-2.9761670760000003
C21A,0.9766502380371094,-3.39159611
C21D,0.7494068145751953,-1.345210259
I22T,-0.5780684947967529,-2.782922967
I22S,-0.4282658100128174,-2.960453055
I22R,-1.2728099822998047,-3.609408158
I22Q,-1.300231695175171,-3.15657287
I22P,-1.3821265697479248,-3.983610838
I22N,-0.8351104259490967,-2.616723625
I22M,-1.873586893081665,-2.658913413
I22L,-0.04059314727783203,-1.614587641
I22K,-0.9039371013641357,-2.5481107000000005
I22H,-1.6929707527160645,-2.776584675
I22G,-0.7790100574493408,-3.818852699
I22F,-0.3132293224334717,-3.203119609
I22E,-1.254950761795044,-2.9553293330000003
I22D,-1.0043480396270752,-1.803581263
I22C,-1.3780574798583984,-2.8760345110000003
I22V,-0.16546297073364258,-1.555733816
I22A,-0.5865468978881836,-2.6851148960000004
I22W,-1.737973928451538,-2.9651933
I22Y,-0.5969150066375732,-1.808738419
G23W,-1.914682388305664,-2.857214694
G23D,-0.07424545288085938,-2.708832375
G23E,-0.1799483299255371,-3.1935528310000003
G23F,-0.7490060329437256,-3.5966430560000004
G23H,-0.6456170082092285,-3.1965599460000003
G23I,-0.5532329082489014,-3.56955727
G23K,-0.07565426826477051,-3.192091494
G23M,-2.0448074340820312,-3.008071185
G23N,-0.01795220375061035,-3.234799938
G23P,-0.9190948009490967,-2.739962802
G23Q,-0.40085482597351074,-3.235659577
G23R,-0.16923284530639648,-3.174699662
G23S,0.4308888912200928,-1.145348728
G23T,0.3016505241394043,-3.926621805
G23V,-0.502819299697876,-2.672130807
G23Y,-0.32871484756469727,-3.27874187
G23L,-0.2858090400695801,-3.320879769
G23A,-0.25894927978515625,-3.136468462
G23C,-1.327484130859375,-2.714122495
Y24C,-0.29338908195495605,-2.2694363180000003
Y24W,-1.1308157444000244,-1.6911881380000002
Y24V,0.40404510498046875,-1.92512432
Y24T,0.15065383911132812,-0.936208221
Y24S,0.329331636428833,-2.433318676
Y24R,-0.2590000629425049,-3.4069971810000004
Y24Q,-0.5286910533905029,-1.654041382
Y24P,-0.536456823348999,-4.274512873
Y24N,0.08478021621704102,-3.33877497
Y24A,0.07417869567871094,-3.031261528
Y24L,0.610605001449585,-3.63427823
Y24K,0.01919865608215332,-2.281269991
Y24I,0.5144674777984619,-2.635237567
Y24H,-0.7715435028076172,-2.42151618
Y24G,0.2828950881958008,-4.391937042
Y24F,0.1669294834136963,-1.190340266
Y24E,-0.27530550956726074,-2.762085433
Y24D,-0.057646751403808594,-3.047893592
Y24M,-1.2283704280853271,-1.936430894
H25D,1.059556484222412,-2.687210295
H25E,0.6688642501831055,-2.951856078
H25F,0.5806305408477783,-3.3956865210000005
H25G,0.9671900272369385,-2.962305212
H25I,0.7777953147888184,-1.736929643
H25K,0.9419741630554199,-1.342017599
H25L,0.9813001155853271,-0.674322903
H25R,0.5525190830230713,-3.06213158
H25N,1.093228816986084,-2.188511656
H25P,0.7256069183349609,-2.935685623
H25Q,0.4256017208099365,-1.086129951
H25S,1.3634757995605469,-2.070819709
H25T,1.190368890762329,-1.5171866319999998
H25V,0.8405418395996094,-1.2786740559999998
H25W,-0.4935300350189209,-2.820110655
H25M,-0.8789441585540771,-1.859337743
H25Y,0.7240135669708252,-1.757660001
H25A,0.7886664867401123,-1.224462512
H25C,0.051238059997558594,-2.182161265
A26R,-0.11862778663635254,-3.889604142
A26Y,0.010605335235595703,-1.041723527
A26W,-0.7211391925811768,-2.87792998
A26V,0.19003748893737793,-1.023313908
A26T,0.17748332023620605,-2.555767435
A26S,0.5003657341003418,-1.268894334
A26C,-0.3192176818847656,-1.707427108
A26Q,-0.37921571731567383,-2.955972318
A26P,0.23917722702026367,-3.839640752
A26N,0.20427393913269043,-1.487574714
A26L,0.5437021255493164,-3.87554427
A26K,0.15719985961914062,-3.378906381
A26I,0.33354687690734863,-3.115633935
A26H,-0.7305521965026855,-3.288875267
A26G,0.4501340389251709,-3.136662253
A26F,0.17087841033935547,-3.138589651
A26E,-0.03359508514404297,-2.472989365
A26D,0.08288311958312988,-3.590138807
A26M,-1.524083137512207,-2.562665301
N27R,-0.5742342472076416,-2.554117546
N27P,-0.08962893486022949,-4.098851378
N27Q,-0.6063153743743896,-3.610618087
N27S,0.39775919914245605,-2.425213508
N27K,-0.06869792938232422,-2.341787802
N27V,-0.17699456214904785,-4.236636946
N27W,-1.733489751815796,-3.185774775
N27Y,-0.632192850112915,-3.153897169
N27T,0.08372759819030762,-3.338277971
N27M,-1.748276948928833,-3.240073062
N27E,-0.13260889053344727,-3.562999378
N27I,-0.3139932155609131,-2.828605301
N27H,-1.162395715713501,-2.435908941
N27G,0.12105917930603027,-3.500944775
N27F,-0.5359723567962646,-2.284847835
N27D,0.1469590663909912,-2.4634244030000003
N27C,-0.7196321487426758,-3.604205546
N27A,-0.3018636703491211,-2.871148067
N27L,-0.0007674694061279297,-3.959689238
N28L,0.35527515411376953,-3.855074046
N28T,0.10059046745300293,-3.4123664280000003
N28S,0.4866483211517334,-2.866529893
N28R,-0.5722544193267822,-3.808885245
N28Q,-0.714768648147583,-3.255781106
N28P,0.0262143611907959,-4.098306678
N28M,-1.5573489665985107,-2.976246092
N28K,-0.236738920211792,-2.812148719
N28W,-1.4033277034759521,-1.65388117
N28H,-1.1362049579620361,-3.68215046
N28G,0.4279210567474365,-3.15639536
N28F,-0.20176434516906738,-3.157660597
N28E,-0.4860236644744873,-2.851378175
N28D,-0.21909070014953613,-1.822239231
N28C,-0.5515666007995605,-3.696222681
N28A,-0.054064035415649414,-1.400317994
N28I,-0.04202580451965332,-3.618646151
N28V,-0.03600931167602539,-3.486436607
N28Y,-0.4834418296813965,-3.234787781
S29C,-1.0169811248779297,-2.030677081
S29E,-0.9283573627471924,-1.988391234
S29F,-0.9163818359375,-3.323869148
S29G,-0.3429737091064453,-2.499008249
S29H,-1.6101181507110596,-2.496252341
S29I,-0.5698952674865723,-3.5841434760000004
S29K,-0.6819558143615723,-2.155934068
S29L,-0.22757244110107422,-3.65349364
S29M,-2.076223373413086,-2.74958767
S29P,-0.5703461170196533,-3.243366569
S29Q,-1.1381094455718994,-2.6931047660000003
S29R,-1.045222282409668,-3.353077573
S29T,-0.27263617515563965,-1.54353796
S29V,-0.5256133079528809,-2.8148715510000004
S29W,-2.036625385284424,-2.505554734
S29Y,-1.1395902633666992,-3.020190229
S29D,-0.5806963443756104,-3.95216062
S29A,-0.6361241340637207,-1.272092025
S29N,-0.4352262020111084,-1.448012667
T30W,-1.7484068870544434,-1.096293783
T30A,-0.3030972480773926,-3.1849881210000004
T30C,-1.1432507038116455,-3.3201153430000003
T30D,-0.40973591804504395,-3.261417663
T30E,-0.6843924522399902,-2.834078363
T30F,-0.5313982963562012,-3.188186898
T30G,0.0181272029876709,-3.0128624530000003
T30H,-1.5551323890686035,-2.027271642
T30I,-0.2174384593963623,-3.015619312
T30Y,-0.9656193256378174,-3.444295351
T30L,-0.036591291427612305,-3.628120007
T30M,-1.8903579711914062,-2.563242889
T30N,-0.24805212020874023,-1.244933289
T30P,-0.5305414199829102,-2.392720812
T30Q,-0.9253015518188477,-3.133679528
T30R,-0.8388056755065918,-3.683154607
T30S,0.2596316337585449,-1.6045279959999998
T30V,-0.25092029571533203,-3.613043008
T30K,-0.24222254753112793,-3.07195977
D31W,-0.9421429634094238,-2.563007206
D31V,0.7358427047729492,-1.584838345
D31T,0.5452523231506348,-1.09038109
D31S,0.6404194831848145,-3.737568088
D31R,-0.44574403762817383,-3.550158574
D31Q,-0.29952502250671387,-1.058117538
D31P,0.14073705673217773,-3.852646911
D31I,0.6462442874908447,-2.787837917
D31M,-1.0583643913269043,-2.9250340510000004
D31L,0.8210868835449219,-3.276971885
D31K,0.21865606307983398,-2.369325442
D31H,-1.0184741020202637,-1.89284
D31G,0.3051629066467285,-2.897821962
D31F,0.16894078254699707,-2.794033813
D31E,0.00013494491577148438,-1.34683839
D31N,0.12990140914916992,-2.2818523280000003
D31C,-0.4709656238555908,-3.20725127
D31A,0.3407764434814453,-2.380881979
D31Y,-0.15917348861694336,-2.158171583
T32A,-0.09046483039855957,-2.334196308
T32W,-1.305243968963623,-2.548337152
T32V,0.07222461700439453,-1.836875488
T32S,0.17365622520446777,-1.873223023
T32R,-0.8533508777618408,-1.286311234
T32Q,-0.7479417324066162,-2.235773093
T32P,-0.2786235809326172,-2.849605064
T32N,-0.2847292423248291,-2.206417339
T32E,-0.4053385257720947,-0.438353579
T32M,-1.5709354877471924,-1.507695826
T32K,-0.33017492294311523,-2.872789118
T32I,0.14756226539611816,-2.151537337
T32H,-1.469430685043335,-2.8382021
T32G,-0.3423502445220947,-2.588156661
T32D,-0.34465980529785156,-3.058214162
T32C,-0.7308938503265381,-2.415265887
T32F,-0.21063637733459473,-3.176857576
T32L,0.284085750579834,-1.359513103
T32Y,-0.5122859477996826,-3.3918432860000003
V33Y,-0.5147049427032471,-3.197314131
V33T,-0.02910900115966797,-3.555455399
V33C,-0.4820849895477295,-2.751171684
V33A,-0.312549352645874,-2.6633636330000003
V33E,-0.7363483905792236,-3.108875032
V33F,-0.22437238693237305,-2.779618834
V33G,-0.3789255619049072,-3.027620748
V33H,-1.5304796695709229,-3.4067769180000003
V33W,-1.4032995700836182,-3.182358341
V33I,0.19608759880065918,-1.355487113
V33L,0.3920314311981201,-1.750617829
V33M,-1.6828968524932861,-2.915834584
V33N,-0.24736618995666504,-3.59083733
V33P,-0.4055640697479248,-4.073160852
V33Q,-0.9669711589813232,-2.964704935
V33R,-0.9393942356109619,-3.682014078
V33K,-0.3920130729675293,-1.961485912
V33S,0.14110803604125977,-2.613289506
V33D,-0.5078942775726318,-1.5432524440000002
D34F,0.13658928871154785,-2.632894932
D34E,0.15372514724731445,-2.162522781
D34C,-0.44649791717529297,-3.3244283510000003
D34G,0.11283564567565918,-2.363070539
D34H,-0.7495806217193604,-2.993986082
D34I,0.4418141841888428,-3.414250488
D34K,0.7892618179321289,-3.5120889180000003
D34L,0.7432796955108643,-3.2689204060000003
D34M,-1.0816643238067627,-2.468218032
D34N,0.38292479515075684,-2.120484865
D34A,0.4090602397918701,-3.230476692
D34Q,0.11132407188415527,-3.190887797
D34R,0.17783522605895996,-3.315144961
D34S,0.7508032321929932,-3.560666889
D34T,0.727827787399292,-2.691124872
D34V,0.539801836013794,-2.492966231
D34W,-0.9300649166107178,-2.878811133
D34Y,0.056932926177978516,-2.255500551
D34P,0.00940704345703125,-2.675624526
T35Y,0.042710304260253906,-3.079438994
T35E,-0.3168604373931885,-3.356558055
T35F,0.5971405506134033,-3.2732377
T35G,-0.12480759620666504,-3.645637065
T35A,0.27779078483581543,-2.867025734
T35I,0.9042890071868896,-2.740202675
T35K,-0.08208322525024414,-2.5159680140000003
T35L,0.9589219093322754,-3.549855979
T35Q,-0.6028087139129639,-2.689323475
T35N,-0.371262788772583,-2.515895441
T35P,-0.7408387660980225,-3.517642927
T35R,-0.4281587600708008,-3.468837188
T35S,0.09047436714172363,-1.746881195
T35V,0.8783540725708008,-3.494898751
T35D,-0.5560517311096191,-3.248230403
T35C,-0.1557166576385498,-3.2239856380000003
T35W,-0.8184723854064941,-3.3788698310000003
T35M,-1.1657660007476807,-2.8310966110000004
T35H,-1.2466981410980225,-2.812096109
I36W,-1.3654148578643799,-2.874312306
I36A,-0.5018219947814941,-2.037562801
I36T,-0.14762401580810547,-1.367686254
I36C,-0.6507852077484131,-2.102340603
I36D,-0.9033541679382324,-3.285711951
I36E,-0.9983630180358887,-3.173737569
I36F,-0.3765828609466553,-2.0475259930000003
I36G,-0.9647645950317383,-3.026461158
I36H,-1.7078447341918945,-3.2682025930000003
I36K,-0.7367243766784668,-2.5341242530000003
I36L,0.3032522201538086,-1.481940146
I36M,-1.7201461791992188,-0.891586097
I36N,-0.7530698776245117,-3.102833931
I36P,-0.8016500473022461,-2.171023315
I36Q,-1.1676926612854004,-2.545435051
I36R,-1.1602277755737305,-3.170771052
I36S,-0.16558408737182617,-2.962791868
I36V,-0.08781886100769043,-2.276888577
I36Y,-0.6552133560180664,-2.034520576
L37G,-0.7583479881286621,-2.269817234
L37C,-1.005805492401123,-0.572429482
L37I,-0.2494804859161377,-0.924006966
L37K,-0.4818301200866699,-1.437024342
L37M,-1.991344928741455,-1.308413049
L37N,-0.5720043182373047,-1.605302514
L37A,-0.5583667755126953,-1.373749998
L37Q,-1.136153221130371,-0.270535668
L37R,-1.0865631103515625,0.441165083
L37S,-0.18720269203186035,1.01909427
L37P,-0.9061050415039062,-1.998688385
L37V,-0.2831873893737793,-2.626674397
L37W,-1.864281177520752,-1.4665064630000002
L37Y,-1.0351791381835938,-0.844841953
L37F,-0.6584787368774414,-0.823208444
L37E,-0.8742384910583496,-1.406811442
L37D,-0.7440729141235352,-0.183533314
L37H,-1.8115615844726562,-2.555683711
L37T,-0.12252521514892578,0.6622696020000001
E38L,0.8384809494018555,-3.734475506
E38K,0.32132506370544434,-2.4456407280000003
E38I,0.6146323680877686,-2.896015875
E38D,0.0543828010559082,-2.062059348
E38G,0.7194869518280029,-2.350915144
E38F,0.2109372615814209,-2.627130504
E38M,-1.0645442008972168,-2.6900582889999995
E38H,-0.7391982078552246,-2.432513619
E38N,0.39063143730163574,-1.993911976
E38C,-0.1363067626953125,-3.238105833
E38Q,-0.1727590560913086,-0.7605389640000001
E38P,0.31149768829345703,-3.968202161
E38Y,-0.20562338829040527,-2.822112717
E38W,-0.8225202560424805,-1.867947562
E38A,0.45554566383361816,-0.940679151
E38T,0.44248318672180176,-2.694220172
E38S,0.7494311332702637,-1.649504644
E38R,-0.18277311325073242,-2.167010372
E38V,0.7261619567871094,-2.749412127
K39Y,-1.2174317836761475,-2.621988898
K39Q,-0.682288408279419,-2.930577513
K39W,-2.213677167892456,-2.493467055
K39V,-0.8049869537353516,-2.913979621
K39T,-0.409043550491333,-1.590592987
K39S,-0.1823275089263916,-3.141402963
K39R,-0.6935245990753174,-0.105743534
K39P,-0.9106736183166504,-2.602479984
K39I,-1.1023342609405518,-2.993505525
K39M,-2.073582410812378,-1.810590053
K39L,-0.701216459274292,-3.332472934
K39H,-1.4019296169281006,-2.301024384
K39G,0.1361989974975586,-1.386002551
K39F,-1.3678677082061768,-2.941401871
K39A,-0.47888970375061035,-2.282889591
K39C,-1.3271446228027344,-2.307941497
K39D,-0.4297370910644531,-2.7904670310000004
K39N,0.1085660457611084,-2.032030232
K39E,-0.49279308319091797,-1.991406759
N40V,-0.5038807392120361,-3.02995028
N40T,-0.06808114051818848,-2.83243901
N40Y,-1.0214922428131104,-2.561338621
N40C,-1.0954630374908447,-3.01473968
N40W,-2.1900475025177,-2.8136916810000003
N40A,-0.2493751049041748,-2.418524502
N40D,-0.16208195686340332,-2.399488845
N40F,-1.2505598068237305,-3.009131824
N40G,0.43737077713012695,-2.0262349090000003
N40H,-1.3207273483276367,-2.404732244
N40E,-0.5116524696350098,-1.906093347
N40K,-0.15866374969482422,-1.680782369
N40L,-0.34140729904174805,-3.70547741
N40M,-1.8553040027618408,-2.560960429
N40P,-0.09424901008605957,-3.2696140760000003
N40Q,-0.7466506958007812,-2.314249309
N40S,0.014640569686889648,-2.080434919
N40I,-0.5812304019927979,-3.373130256
N40R,-0.6402838230133057,-2.474658556
V41M,-1.518244743347168,-2.088829992
V41N,0.22873282432556152,-2.071998754
V41P,0.01881575584411621,-3.2317782860000004
V41R,-0.49645161628723145,-3.313994967
V41S,0.2018871307373047,-3.685498374
V41T,0.04961538314819336,-2.891180978
V41L,0.3726506233215332,-2.338193685
V41Q,-0.4418637752532959,-2.345936505
V41K,0.014976978302001953,-2.866664313
V41Y,-0.3832359313964844,-2.965790989
V41H,-0.9107954502105713,-2.8768337230000003
V41G,0.9587705135345459,-2.353855869
V41F,-0.2768220901489258,-2.766009566
V41E,-0.2717931270599365,-2.397417209
V41W,-1.4842453002929688,-2.140418064
V41D,-0.010583639144897461,-2.990067798
V41C,-0.8892762660980225,-2.233939411
V41A,-0.06268191337585449,-2.409552786
V41I,0.018250703811645508,-1.1583311509999998
A42W,-1.4921860694885254,-0.8627830059999999
A42V,0.2902040481567383,0.074156743
A42C,-0.9016740322113037,0.074584504
A42T,0.9318866729736328,-0.877135453
A42P,0.2629718780517578,0.231321464
A42Q,-0.27841663360595703,-1.3743633519999998
A42Y,-0.39358019828796387,-1.205601198
A42S,0.6349782943725586,-1.337926525
A42R,-0.2766392230987549,-0.723410335
A42N,0.14667558670043945,-2.108020059
A42M,-1.474137783050537,-1.166064505
A42L,0.3492274284362793,-1.774126312
A42I,0.19362592697143555,-0.636013319
A42H,-0.9083998203277588,-1.174380393
A42G,-0.2525625228881836,-0.987131489
A42F,-0.3445115089416504,-0.342407374
A42E,0.1897897720336914,-1.242464692
A42D,0.08046865463256836,-1.3488378769999998
A42K,0.34615564346313477,-0.165116942
V43S,-0.05067753791809082,-2.1529815
V43D,-0.5740058422088623,-1.826114951
V43T,-0.2609119415283203,-2.044499289
V43R,-1.0226099491119385,-2.408707335
V43Y,-0.7191390991210938,-1.691847649
V43Q,-0.8773159980773926,-1.664252575
V43W,-1.6467523574829102,-1.704569808
V43P,-0.5933456420898438,-1.865919442
V43H,-1.4666218757629395,-1.244511577
V43M,-1.801790714263916,-1.43439327
V43L,0.2239978313446045,-2.958527112
V43K,-0.3904116153717041,-1.624128244
V43I,-0.12491226196289062,-1.186899219
V43A,-0.28653812408447266,-1.1946971000000002
V43G,-0.15837430953979492,-2.046667866
V43F,-0.24773693084716797,-1.948027183
V43E,-0.5111997127532959,-1.632946472
V43N,-0.49648594856262207,-1.61191281
V43C,-0.7845754623413086,-1.752811909
T44D,0.011234760284423828,-2.415741771
T44I,0.058149099349975586,-2.625454666
T44E,-0.33432698249816895,-2.8449139110000004
T44F,-0.33110690116882324,-2.282619292
T44Y,-0.5549941062927246,-2.974355178
T44W,-1.7303333282470703,-2.561359972
T44V,0.1369919776916504,-2.39929066
T44S,0.2359304428100586,-2.695744729
T44R,-0.834928035736084,-3.445189141
T44Q,-0.7661318778991699,-2.930271388
T44G,0.07011938095092773,-3.300013585
T44N,-0.04810810089111328,-2.769832858
T44M,-1.6396551132202148,-2.765421924
T44L,0.3251380920410156,-2.865985161
T44K,-0.422060489654541,-2.239828856
T44H,-1.207726001739502,-2.9955103060000003
T44P,-0.4208660125732422,-4.218198809
T44C,-0.7525849342346191,-3.4926163530000003
T44A,-0.19514751434326172,-2.786663225
H45T,1.3239188194274902,-3.321242235
H45Y,0.8095138072967529,-2.386179956
H45W,-0.37360191345214844,-2.491446877
H45V,1.3783135414123535,-3.572671569
H45S,1.646449089050293,-1.037650475
H45R,0.7060344219207764,-2.998881646
H45Q,0.6062662601470947,-1.818782505
H45P,1.0132761001586914,-2.991976246
H45M,-0.3538031578063965,-1.826618278
H45N,1.2817466259002686,-2.351079629
H45K,1.2561876773834229,-3.381440158
H45I,0.9976954460144043,-3.4104601710000004
H45G,1.752262830734253,-2.589727724
H45F,0.9360449314117432,-1.5892759
H45E,1.0208570957183838,-2.544470106
H45D,1.2742302417755127,-1.799241493
H45C,0.7761907577514648,-2.870879575
H45A,1.3080029487609863,-1.7232747590000002
H45L,1.3841056823730469,-2.713061671
S46V,-0.3778350353240967,-2.876580246
S46F,-0.8158981800079346,-1.703613656
S46Y,-0.7349948883056641,-2.522625654
S46G,-0.34758520126342773,-3.146656105
S46W,-1.872476577758789,-1.156847364
S46T,-0.045533180236816406,-2.26849978
S46A,-0.5380730628967285,-2.039740326
S46Q,-0.8351473808288574,-2.58114471
S46P,-0.4611015319824219,-2.6648959430000003
S46N,-0.2660553455352783,-2.16057166
S46M,-1.902435302734375,-2.186270476
S46L,-0.20708608627319336,-1.807299639
S46K,-0.345172643661499,-2.244836213
S46R,-0.7204194068908691,-3.140957309
S46C,-0.995361328125,-2.501154398
S46H,-1.309730052947998,-1.58537961
S46I,-0.5669317245483398,-2.598813334
S46D,-0.36287808418273926,-2.575548265
S46E,-0.5933129787445068,-2.921253492
V47Y,-0.5099027156829834,-0.477227239
V47W,-1.1025111675262451,-2.300510745
V47T,-0.08229660987854004,-1.609605001
V47S,0.30562853813171387,-2.630298122
V47R,-0.7121272087097168,-1.74246548
V47G,0.6086480617523193,-2.711564942
V47F,-0.26644134521484375,-0.832618264
V47N,-0.026704072952270508,-3.199829251
V47M,-1.6624860763549805,-1.466360937
V47L,0.21322107315063477,-1.39969532
V47K,-0.19152569770812988,-0.973550659
V47I,-0.12140774726867676,-0.926732336
V47H,-1.180870532989502,-2.275962447
V47E,-0.3043246269226074,-2.628544113
V47P,-0.5901658535003662,-3.725154637
V47Q,-0.6981961727142334,-1.187858889
V47D,-0.09585762023925781,-2.631100033
V47C,-0.5468142032623291,-2.359444502
V47A,-0.24487614631652832,-1.949988875
N48Y,-0.1866147518157959,-3.177009804
N48A,-0.09641075134277344,-3.74303105
N48C,-0.8306777477264404,-3.24404744
N48D,-0.11291074752807617,-1.789854404
N48E,0.006728172302246094,-1.833424304
N48F,-0.28248143196105957,-2.724130966
N48G,-0.1763465404510498,-3.175604813
N48H,-0.9098465442657471,-3.5066340730000003
N48I,0.019327163696289062,-3.426426879
N48K,0.23545098304748535,-2.442203465
N48L,0.3016483783721924,-3.679118623
N48M,-1.3765172958374023,-2.687881139
N48P,-0.14697265625,-2.354804623
N48Q,-0.29882383346557617,-2.809045391
N48R,-0.21464157104492188,-2.8144556510000003
N48S,0.438403844833374,-1.168313185
N48T,0.43347597122192383,-1.297828781
N48W,-1.2999277114868164,-2.05315595
N48V,0.2528975009918213,-3.11441464
L49A,-0.5818071365356445,-4.025175757
L49C,-0.9914016723632812,-2.877052174
L49F,-0.6128342151641846,-1.691544496
L49K,-0.6323394775390625,-3.227004758
L49M,-1.8503060340881348,-2.705733486
L49N,-0.5666275024414062,-3.426463642
L49P,-0.8911030292510986,-2.487332539
L49Q,-1.0173211097717285,-2.57047353
L49R,-0.9800543785095215,-3.252278044
L49S,-0.2370314598083496,-3.5005143
L49T,-0.393768310546875,-3.348448788
L49V,-0.09382295608520508,-3.307445247
L49W,-1.4859371185302734,-3.0476605310000005
L49Y,-0.6753606796264648,-2.899639145
L49G,-0.4529073238372803,-3.89462626
L49I,-0.20499753952026367,-2.086429952
L49E,-0.8155341148376465,-2.844270844
L49H,-1.5905940532684326,-3.1382309260000003
L49D,-0.7134923934936523,-3.182083207
L50F,-0.5396089553833008,-2.83803452
L50Y,-0.5845098495483398,-2.9569362810000004
L50E,-0.6686627864837646,-3.561083162
L50W,-1.5138676166534424,-2.959804538
L50V,-0.2356433868408203,-2.336324644
L50T,-0.05450749397277832,-3.966008295
L50S,-0.011652946472167969,-2.818110232
L50R,-0.9990286827087402,-3.887323954
L50Q,-0.997173547744751,-3.244386702
L50P,-0.4753844738006592,-3.1185449380000003
L50N,-0.39516234397888184,-3.784233701
L50M,-1.8213694095611572,-2.583617851
L50A,-0.558910608291626,-2.983396679
L50C,-0.7397816181182861,-2.994183216
L50D,-0.4898369312286377,-1.82471505
L50K,-0.36881446838378906,-3.121813554
L50I,-0.20240473747253418,-3.072006356
L50H,-1.6108801364898682,-3.448865082
L50G,-0.5254533290863037,-3.418217587
E51F,-0.037467241287231445,-1.897341296
E51P,-0.09381341934204102,-4.183433629
E51A,0.08734011650085449,0.016194379
E51G,0.12941360473632812,-2.319458231
E51Y,-0.10883879661560059,-1.992671846
E51W,-1.2856972217559814,-2.63266715
E51V,0.4580094814300537,-0.069781252
E51T,0.4010472297668457,-0.804891804
E51S,0.5441091060638428,-2.938812277
E51R,-0.2008495330810547,-2.541185259
E51C,-0.5956461429595947,-0.807994752
E51Q,-0.2703065872192383,-1.574225659
E51N,0.31815385818481445,-3.1076043510000004
E51M,-1.253596544265747,-2.565286631
E51L,0.6398310661315918,-1.69712085
E51K,0.3824427127838135,-1.821028002
E51I,0.4503345489501953,-0.936528869
E51H,-0.9184963703155518,-2.404259738
E51D,0.11228060722351074,-1.296734003
D52C,-0.10554909706115723,-2.528823199
D52E,0.04815959930419922,-0.991144477
D52A,0.41556644439697266,-0.435035083
D52H,-0.752854585647583,-0.925783853
D52I,1.1846582889556885,-2.080230223
D52K,0.4456620216369629,-1.460985766
D52L,1.153747797012329,-1.692367419
D52M,-0.7312338352203369,-1.501802124
D52N,0.34803080558776855,-0.8937645940000001
D52G,0.3006150722503662,-0.994768464
D52P,-0.35396790504455566,-3.331827971
D52R,-0.06659960746765137,-2.177899103
D52S,0.6149985790252686,-0.429483973
D52T,0.659315824508667,-0.6856805859999999
D52V,1.0584924221038818,-1.118450494
D52W,-0.9421956539154053,-2.128779698
D52Y,0.33571290969848633,-1.022271451
D52Q,-0.149824857711792,-2.527942107
D52F,0.540982723236084,-2.978696014
S53Y,-0.3642582893371582,-0.915485181
S53D,-0.29729628562927246,-1.252426585
S53W,-1.5371990203857422,-1.145845903
S53V,-0.12100362777709961,-0.359259918
S53T,-0.1213531494140625,-0.1027126
S53R,-0.692204475402832,-0.38284283
S53Q,-0.7401835918426514,-0.025899098
S53P,-0.5783097743988037,-3.639312985
S53N,-0.2603468894958496,-0.446217193
S53M,-1.5893430709838867,-0.156253725
S53L,0.3107314109802246,-0.544741702
S53K,-0.18822836875915527,-0.5413043329999999
S53I,0.09232425689697266,-0.923244229
S53H,-1.337226152420044,-0.317816459
S53G,-0.2821938991546631,0.022925143
S53F,-0.3780231475830078,-0.46222652
S53E,-0.2972738742828369,0.836385562
S53C,-0.48769140243530273,-2.050160995
S53A,-0.4050102233886719,0.197523285
H54I,1.4886059761047363,-2.4053233830000003
H54C,0.6071422100067139,-2.868284435
H54V,1.47782301902771,-2.432245426
H54T,1.4853649139404297,-0.796770792
H54S,1.8209929466247559,-1.85544623
H54R,0.8437106609344482,-2.048317395
H54Q,0.9418926239013672,-1.997745677
H54P,1.0202479362487793,-1.932181497
H54N,1.4033215045928955,-2.499181234
H54M,-0.4327974319458008,-1.827218919
H54L,1.6381947994232178,-3.867842555
H54K,1.6138966083526611,-2.862883754
H54Y,1.0354242324829102,-1.194855116
H54G,1.1896512508392334,-3.056993636
H54F,1.110245704650879,-3.331744448
H54E,1.4413325786590576,-2.802638076
H54D,1.1489977836608887,-2.819936352
H54A,1.1347496509552002,-1.475211222
H54W,-0.101806640625,-2.569015554
N55A,-0.4081707000732422,-3.384731635
N55R,-0.8752474784851074,-3.600095545
N55Y,-0.3916757106781006,-3.365640298
N55W,-1.4235219955444336,-2.864164059
N55V,-0.32016944885253906,-3.33625818
N55T,-0.017279624938964844,-1.797796056
N55S,0.28380680084228516,-1.726246196
N55Q,-0.829460620880127,-2.581094189
N55P,-0.5234417915344238,-3.682268662
N55L,0.22416234016418457,-3.716398177
N55M,-1.9175758361816406,-2.5330459
N55I,-0.16227340698242188,-2.743478872
N55H,-1.263840675354004,-2.862855269
N55G,-0.15291213989257812,-2.763606406
N55F,-0.2690134048461914,-1.237738931
N55E,-0.47463107109069824,-2.770790662
N55D,-0.04891633987426758,-2.26440075
N55C,-0.9845035076141357,-3.3038767
N55K,-0.4243335723876953,-2.070473325
G56S,-0.08037424087524414,-1.536092904
G56Q,-0.7079250812530518,-1.925314703
G56R,-0.766711950302124,-2.096613292
G56T,-0.4137125015258789,-2.135332231
G56A,-0.5140445232391357,-1.806688169
G56V,-0.2712087631225586,-2.902786252
G56W,-1.4877169132232666,-2.13746201
G56P,-0.33058905601501465,-3.288499673
G56Y,-0.7383720874786377,-2.230454187
G56N,-0.4176366329193115,-2.043099063
G56F,-0.6795008182525635,-2.031490559
G56L,0.13110971450805664,-3.907390388
G56K,-0.4131319522857666,-2.297133788
G56I,-0.10009074211120605,-1.587687791
G56H,-1.4739916324615479,-1.332826537
G56E,-0.27819156646728516,-1.426180974
G56D,-0.4871697425842285,-2.044309727
G56C,-1.105360746383667,-2.753791291
G56M,-1.8861277103424072,-0.7008176009999999
K57M,-1.5550312995910645,-0.773775147
K57E,-0.20806407928466797,-3.167634094
K57F,-0.541417121887207,-0.037811181
K57G,-0.28414440155029297,-1.99217318
K57H,-1.1245496273040771,-0.826726695
K57I,-0.07093548774719238,-2.824525991
K57L,0.12337827682495117,-1.415557865
K57N,-0.07760286331176758,-1.936512994
K57P,-0.9904255867004395,-3.034403348
K57Q,-0.5339128971099854,-0.6714616520000001
K57R,-0.38341736793518066,-0.90962386
K57S,0.19605016708374023,-3.328905484
K57T,0.03893852233886719,-2.835237101
K57V,-0.04686927795410156,-0.990923893
K57W,-1.393104076385498,-1.007137205
K57Y,-0.3005199432373047,-1.20308285
K57D,-0.26160645484924316,-2.3797859
K57C,-1.2604789733886719,-2.089640746
K57A,-0.3876638412475586,-0.244462953
L58Q,-0.9411649703979492,-2.810858205
L58A,-0.7205731868743896,-3.715471576
L58R,-0.8627562522888184,-2.706251979
L58T,0.006543874740600586,-3.362715395
L58P,-0.7851824760437012,-2.704632976
L58Y,-0.5087425708770752,-2.573260135
L58S,-0.12229442596435547,-3.153970935
L58N,-0.4001901149749756,-2.620949399
L58G,-0.6390454769134521,-3.666982913
L58K,-0.5081577301025391,-3.005744341
L58I,-0.007208347320556641,-1.605521939
L58H,-1.4746127128601074,-2.7412406810000003
L58W,-1.491654872894287,-2.300322107
L58F,-0.6877915859222412,-2.851871586
L58E,-0.43121862411499023,-2.4403770280000003
L58D,-0.454648494720459,-3.519230739
L58C,-1.5901226997375488,-2.90593989
L58M,-2.001248359680176,-2.432614224
L58V,-0.0632772445678711,-3.042167872
C59R,0.4994525909423828,-3.3625054910000003
C59T,0.9022583961486816,-3.786181214
C59S,1.0007398128509521,-3.388676016
C59Q,0.4209113121032715,-1.846617779
C59P,0.27516770362854004,-3.668200791
C59N,0.4725937843322754,-2.8619097630000003
C59M,-0.28510522842407227,-2.3529920840000003
C59L,1.7217137813568115,-3.1736350110000004
C59K,0.890296220779419,-3.581022716
C59I,1.4965276718139648,-3.0298917710000004
C59H,-0.19609880447387695,-3.450666202
C59G,0.5682506561279297,-2.904688304
C59F,0.8161497116088867,-2.583233073
C59E,0.8769750595092773,-2.542118705
C59D,0.48098182678222656,-2.884313327
C59V,1.5452473163604736,-3.1078542560000004
C59A,0.8215603828430176,-3.5907680460000004
C59Y,0.803804874420166,-2.00494308
C59W,-0.20702123641967773,-2.78599264
K60D,-0.01801896095275879,-1.67246857
K60C,-1.021392822265625,-2.63251728
K60A,-0.07248044013977051,-0.80647787
K60G,0.002357006072998047,-3.02287514
K60H,-0.8963663578033447,-0.543300796
K60I,0.14165830612182617,-3.071634924
K60L,0.4851396083831787,-0.824196458
K60M,-1.442091703414917,-1.306862208
K60N,-0.03367781639099121,-0.178966185
K60P,-0.35230040550231934,-3.913498293
K60Q,-0.27576565742492676,-1.161184917
K60R,-0.1418302059173584,0.127169636
K60S,0.4939918518066406,-0.417403603
K60T,0.3616945743560791,-0.86690653
K60V,0.31479477882385254,-3.812754039
K60W,-1.1190125942230225,-1.758876427
K60Y,-0.07431459426879883,-0.00961796
K60F,-0.12751317024230957,-0.607959543
K60E,0.04735398292541504,-1.909479655
L61W,-1.7575321197509766,-3.191183783
L61D,-0.7604861259460449,-3.42915342
L61E,-0.44235944747924805,-2.658028729
L61F,-0.8124954700469971,-2.643782826
L61G,-0.6046662330627441,-3.249662582
L61H,-1.9241971969604492,-3.749354119
L61I,-0.0655663013458252,-0.4155521820000001
L61K,-0.6873106956481934,-3.476771308
L61M,-1.847188949584961,-1.828848246
L61N,-0.8221414089202881,-2.995402234
L61Q,-1.1797988414764404,-3.675766827
L61R,-1.113609790802002,-3.792147561
L61S,-0.4168055057525635,-3.232138657
L61T,-0.6913461685180664,-3.14215666
L61V,-0.014769792556762695,-0.805152283
L61Y,-0.93123459815979,-1.842933052
L61P,-1.1677799224853516,-3.2409581000000003
L61C,-1.2841832637786865,-3.55753673
L61A,-0.4822237491607666,-3.97508899
K62E,-0.19483733177185059,-0.658101499
K62F,-0.7296044826507568,-0.840231298
K62G,-0.0592496395111084,-0.927131805
K62H,-1.022362470626831,0.451358735
K62I,-0.5578892230987549,-3.3394341730000003
K62L,-0.0677797794342041,-2.166157515
K62D,0.08792281150817871,-0.285424051
K62M,-1.8166563510894775,-1.4282424530000002
K62P,-0.360184907913208,-3.637681926
K62Q,-0.5386552810668945,-0.451528154
K62R,-0.5695555210113525,-0.8962325640000001
K62S,0.40703248977661133,-1.521106329
K62T,0.058881521224975586,-2.50078588
K62Y,-0.5490310192108154,-0.275873024
K62N,0.19488120079040527,0.206714922
K62W,-1.8779337406158447,-0.930340207
K62V,-0.5348358154296875,-3.245929973
K62A,-0.25339794158935547,-0.8550321820000001
K62C,-1.1325135231018066,-2.852620354
G63T,-0.09887027740478516,-2.802253097
G63A,-0.3031730651855469,-3.341788633
G63C,-1.1308369636535645,-3.008653535
G63D,0.16094112396240234,-2.024794165
G63E,-0.10701251029968262,-2.322451941
G63F,-0.9390621185302734,-2.5956920930000003
G63H,-1.2102088928222656,-1.110868512
G63I,-0.5630528926849365,-3.309536925
G63K,-0.06817245483398438,-2.490586735
G63L,-0.31478023529052734,-3.743217845
G63M,-2.001023769378662,-2.5952089330000003
G63N,0.21618390083312988,-1.6076775019999998
G63P,-0.3876769542694092,-3.522832773
G63Q,-0.6822824478149414,-2.406040923
G63Y,-0.7692160606384277,-3.037225184
G63W,-1.8635931015014648,-2.716135279
G63R,-0.5862774848937988,-2.442604865
G63S,0.17862558364868164,-1.580930194
G63V,-0.3771207332611084,-2.649819257
I64V,-0.1119227409362793,-0.235803729
I64H,-1.2202186584472656,-0.522123008
I64S,0.3427112102508545,-1.973237099
I64R,-0.6402328014373779,-0.1172424
I64Q,-0.508110761642456,-0.79905144
I64N,0.08435893058776855,-0.777424098
I64M,-1.4923455715179443,-1.093810445
I64L,0.14390158653259277,-1.533612597
I64K,0.10196661949157715,-0.48884026
I64W,-1.6099731922149658,-2.281560805
I64G,0.02414560317993164,-1.755269573
I64F,-0.4799232482910156,-1.940830119
I64E,-0.020826339721679688,-1.264381079
I64D,0.1060938835144043,-1.77735298
I64C,-0.9592194557189941,-2.266839422
I64A,-0.2977879047393799,-1.611824039
I64T,0.1815788745880127,-1.483127366
I64Y,-0.4081127643585205,-2.568230524
I64P,-0.5812814235687256,-3.6003397980000003
A65H,-0.7212176322937012,-0.491039622
A65W,-1.6575775146484375,-1.718076865
A65V,0.022541046142578125,-1.711906389
A65T,0.3914637565612793,-0.773153603
A65S,0.5429410934448242,-0.989403603
A65R,-0.07741069793701172,-0.730628754
A65Q,-0.08809280395507812,-0.45845535
A65P,-0.05927634239196777,-0.50023125
A65Y,-0.22716593742370605,-0.621868074
A65N,0.25993824005126953,-0.378220054
A65L,0.2533724308013916,-0.7232007090000001
A65K,0.5747008323669434,-0.06402685
A65I,-0.09710288047790527,-2.297971154
A65C,-0.5955259799957275,-2.6390849
A65D,0.23707079887390137,-0.856278007
A65E,0.15462350845336914,0.5844533439999999
A65F,-0.5483150482177734,-1.5693770180000002
A65M,-1.460824966430664,-0.372293672
A65G,0.0006194114685058594,-0.729981531
P66C,-0.8304684162139893,-3.056169015
P66Y,-0.3385648727416992,-3.0969855710000003
P66D,0.24631261825561523,-3.061705787
P66E,0.08038568496704102,-3.149778514
P66F,-0.5403046607971191,-3.123424534
P66G,0.2663424015045166,-2.752042169
P66H,-0.9628009796142578,-2.700873432
P66I,-0.2724432945251465,-3.193333281
P66K,0.2022871971130371,-3.076746515
P66L,0.0872189998626709,-3.3440048360000003
P66N,0.2814183235168457,-3.387102946
P66Q,-0.3545229434967041,-3.538477954
P66R,-0.20738720893859863,-3.780031564
P66S,0.5746123790740967,-3.200706734
P66T,0.37510204315185547,-3.415881867
P66V,-0.07719874382019043,-3.506517622
P66W,-1.4720163345336914,-2.757365747
P66M,-1.5025043487548828,-2.549634008
P66A,-0.0646219253540039,-1.436377197
L67C,-0.715496301651001,-2.893018974
L67R,-0.7165610790252686,-2.669235861
L67W,-1.6916606426239014,-2.323867204
L67V,-0.16301465034484863,-1.749428599
L67T,-0.018029451370239258,-2.717098865
L67S,0.38258790969848633,-3.256677193
L67A,-0.09669971466064453,-3.734673262
L67Q,-0.4451596736907959,-2.931542098
L67P,-0.526418924331665,-2.835316221
L67N,0.15047907829284668,-2.722072227
L67M,-1.6907751560211182,-2.242926623
L67K,0.003490924835205078,-2.84143952
L67I,-0.32616591453552246,-1.666480598
L67H,-1.2113399505615234,-2.459849996
L67G,0.3440682888031006,-3.895188936
L67F,-0.6034047603607178,-2.243793653
L67Y,-0.4256565570831299,-2.705094902
L67E,0.12326455116271973,-3.271987183
L67D,0.1734766960144043,-3.339392733
Q68V,0.07773661613464355,0.029205066
Q68W,-1.350102186203003,-0.8530807090000001
Q68Y,-0.08675694465637207,-0.420814719
Q68T,0.4571654796600342,-0.411512806
Q68R,-0.13667702674865723,-0.195356914
Q68P,0.46478915214538574,-0.998466438
Q68N,0.4681119918823242,-1.608098932
Q68M,-1.360996961593628,0.346755379
Q68L,0.2876441478729248,0.022464466
Q68K,0.49190378189086914,-1.297338968
Q68S,0.7203333377838135,-0.7103273859999999
Q68H,-0.6894721984863281,-0.994136039
Q68G,0.32480907440185547,-1.081848921
Q68F,-0.41327762603759766,-0.696524037
Q68E,0.3512003421783447,0.329560783
Q68D,0.5352911949157715,0.611863144
Q68A,0.14100432395935059,-0.363430941
Q68C,-0.5487496852874756,-1.838638471
Q68I,-0.16218352317810059,0.132186169
L69W,-1.5459833145141602,-2.9150970810000003
L69Y,-0.541755199432373,-3.614843877
L69V,-0.19925403594970703,-3.077073501
L69T,0.22525262832641602,-3.463444048
L69S,0.6834282875061035,-2.481003758
L69R,-0.533315896987915,-2.330743763
L69Q,-0.2646484375,-3.811411361
L69P,0.13568115234375,-3.93427968
L69K,0.1641225814819336,-3.796375897
L69M,-1.6622095108032227,-2.6946528560000003
L69I,-0.26734256744384766,-2.361885838
L69H,-1.0069408416748047,-3.608735707
L69G,0.3659839630126953,-2.555498267
L69F,-0.6961045265197754,-2.409922229
L69D,0.8841750621795654,-2.937683525
L69C,-0.6475327014923096,-3.516838962
L69A,0.15818119049072266,-4.029580513
L69N,0.7728395462036133,-3.018531634
L69E,0.3132305145263672,-2.551017052
G70S,0.06446480751037598,-1.513446591
G70I,-0.8696162700653076,-3.032834952
G70T,-0.3037900924682617,-1.935087449
G70D,-0.2870974540710449,-0.8979623259999999
G70E,-0.2744417190551758,-0.748121157
G70F,-1.2501356601715088,-1.5222852930000002
G70Y,-0.9376304149627686,-1.943475354
G70H,-1.3660728931427002,-0.6003622789999999
G70K,-0.16612935066223145,-0.7824735359999999
G70C,-1.6974542140960693,-2.631226826
G70L,-0.5389983654022217,-0.984381352
G70N,-0.28626298904418945,-1.172834439
G70P,-0.5330736637115479,-2.4417474830000003
G70Q,-0.5823988914489746,-0.574839816
G70R,-0.6661529541015625,-0.767934439
G70W,-2.0763752460479736,-2.824222638
G70V,-0.6254894733428955,-2.819344456
G70M,-2.0574467182159424,-1.206849243
G70A,-0.5207867622375488,-1.532543191
K71S,0.23557233810424805,-0.377130117
K71R,-0.44970178604125977,-0.332229383
K71T,-0.07027149200439453,1.101813382
K71Q,-0.40181851387023926,-0.428409734
K71P,-0.7485992908477783,0.748577924
K71N,0.08330368995666504,-0.687270032
K71M,-2.0088300704956055,-0.311181295
K71L,-0.5304050445556641,-0.730683689
K71I,-0.8388991355895996,-0.405143705
K71H,-1.1544759273529053,-1.212595891
K71G,0.08593297004699707,0.405228014
K71F,-1.061948299407959,-0.967251406
K71E,-0.23204779624938965,-0.224572799
K71D,0.07539629936218262,-1.434414524
K71C,-1.2885513305664062,-1.827916274
K71W,-2.1035265922546387,-0.525061615
K71V,-0.6321790218353271,-1.104966598
K71Y,-0.7620420455932617,-0.360249213
K71A,-0.49242162704467773,0.093587861
C72Y,0.9821681976318359,-2.890781216
C72W,-0.2054152488708496,-3.226942423
C72V,1.1871862411499023,-2.936474554
C72T,0.9921121597290039,-4.051049307
C72E,0.8643383979797363,-3.490641137
C72S,1.0901787281036377,-3.711721072
C72R,0.4950253963470459,-2.954044653
C72Q,0.4243583679199219,-3.340526328
C72A,0.8766570091247559,-3.428374092
C72N,1.0106091499328613,-3.540551122
C72M,-0.32474517822265625,-1.680485987
C72L,1.3101372718811035,-3.551682939
C72K,0.8838393688201904,-3.206840607
C72I,1.0701797008514404,-3.399663405
C72H,-0.09818887710571289,-3.600258611
C72G,1.2410261631011963,-3.851010454
C72F,0.6269888877868652,-2.7344217310000003
C72D,0.9376990795135498,-3.636644462
C72P,0.4121847152709961,-4.1130746380000005
N73L,-0.16088628768920898,-3.452991172
N73R,-0.023530006408691406,-2.071049361
N73Y,-0.3446383476257324,-3.022684392
N73W,-1.6838691234588623,-2.753248543
N73V,-0.21680450439453125,-3.66105034
N73T,0.29563164710998535,-0.376997788
N73S,0.3459630012512207,-0.133800332
N73P,-0.4180781841278076,-3.478252066
N73M,-1.7080199718475342,-1.515327256
N73K,0.11074018478393555,-1.804938398
N73Q,-0.3282430171966553,-1.045050087
N73H,-0.8908188343048096,-1.976608754
N73G,-0.11453390121459961,-0.816424692
N73F,-0.7815375328063965,-3.179059442
N73E,0.11259579658508301,-1.418668004
N73D,0.19773125648498535,-0.943989663
N73C,-1.417203664779663,-1.951509128
N73A,-0.4132258892059326,-1.367024914
N73I,-0.4499232769012451,-3.544874304
I74P,-0.0009543895721435547,-1.547839114
I74W,-1.3033373355865479,-2.88638084
I74V,0.14041996002197266,-0.357135968
I74T,0.07625508308410645,-2.561668242
I74S,0.46564602851867676,-4.24154693
I74R,-0.3229241371154785,-3.687095005
I74Q,-0.29184532165527344,-2.91237142
I74M,-1.3956348896026611,-1.219081894
I74N,0.14795279502868652,-3.335885106
I74K,0.12045764923095703,-3.5327122460000004
I74L,0.2088768482208252,-0.236881511
I74Y,-0.15003085136413574,-3.832964224
I74C,-0.8894336223602295,-2.385828129
I74D,0.22779512405395508,-3.845940617
I74A,0.2131962776184082,-3.727811727
I74F,-0.29062843322753906,-1.007269848
I74G,0.6112239360809326,-3.692178416
I74H,-1.010448694229126,-3.323510085
I74E,0.18729209899902344,-3.589153833
T75Q,-0.5776209831237793,-1.818181252
T75Y,-0.5465316772460938,-1.960897966
T75W,-1.9557785987854004,-2.583785127
T75V,-0.5158891677856445,-0.189821976
T75S,0.33794260025024414,-1.4597219380000002
T75A,-0.3157370090484619,-1.236169539
T75R,-0.4122161865234375,-2.092131886
T75P,-0.5415887832641602,-0.965302266
T75E,-0.2586221694946289,-2.293704675
T75M,-1.7793502807617188,-1.181636538
T75L,-0.35021543502807617,-0.460340555
T75K,-0.0007185935974121094,-1.84269575
T75I,-0.6991827487945557,-0.128546605
T75H,-1.1471209526062012,-1.6754553680000002
T75F,-0.9964141845703125,-2.333795641
T75G,-0.0005326271057128906,-1.745776479
T75C,-1.357990026473999,-1.222273143
T75N,-0.04901766777038574,-1.5477648030000002
T75D,-0.020299434661865234,-3.71968324
G76W,-1.9952189922332764,-3.043665824
G76V,-0.1589679718017578,-2.611951827
G76Y,-0.7243173122406006,-3.640590383
G76T,-0.48912906646728516,-3.868786725
G76S,-0.20830154418945312,-3.439219908
G76R,-0.9044997692108154,-3.1430094110000004
G76Q,-1.0652077198028564,-3.378142057
G76N,-0.683847188949585,-3.480718642
G76M,-1.8565819263458252,-2.809392019
G76L,-0.0034568309783935547,-3.627724679
G76P,-0.9934453964233398,-4.13059924
G76I,-0.4439065456390381,-3.962931454
G76H,-1.4906318187713623,-3.631486528
G76F,-0.6101033687591553,-3.543977738
G76E,-0.8170955181121826,-2.585393974
G76D,-0.5316236019134521,-3.2829711460000004
G76C,-1.246809959411621,-3.374096652
G76A,-0.2966923713684082,-1.617015829
G76K,-0.6810686588287354,-2.897303637
W77P,0.7308366298675537,-4.222073918
W77Q,1.2012240886688232,-3.10353073
W77R,1.3431849479675293,-3.558532856
W77Y,1.2462623119354248,-3.096549149
W77T,1.8452634811401367,-3.692295134
W77V,1.3948025703430176,-2.669850745
W77N,1.636892557144165,-2.9898413180000003
W77S,1.83329439163208,-3.744585876
W77M,0.11063957214355469,-3.18839881
W77G,1.2989535331726074,-2.675684719
W77K,1.9449331760406494,-2.983914468
W77C,0.4347574710845947,-2.569901777
W77D,1.422236442565918,-3.3933728110000003
W77E,1.3914108276367188,-3.138198721
W77L,1.4291396141052246,-2.64888205
W77A,1.1206450462341309,-3.880288975
W77H,0.4942777156829834,-3.349217969
W77I,1.2880840301513672,-3.063221339
W77F,0.8389458656311035,-3.280652415
L78Y,-0.35228681564331055,-3.51378918
L78W,-1.4884564876556396,-3.089176487
L78V,-0.1524980068206787,-1.483374275
L78T,-0.05624985694885254,-3.706826313
L78S,0.07519698143005371,-1.33950459
L78R,-0.3976857662200928,-3.149719986
L78P,-0.8021297454833984,-2.169092926
L78N,-0.10642552375793457,-3.135995933
L78Q,-0.5847723484039307,-3.540993745
L78K,-0.06189775466918945,-3.4523150360000003
L78C,-1.0904803276062012,-3.527174786
L78D,-0.2815077304840088,-2.734659214
L78E,-0.3950998783111572,-3.327946902
L78A,-0.41844654083251953,-3.315424329
L78G,-0.2412118911743164,-3.127973165
L78H,-1.1925804615020752,-2.904848494
L78I,-0.28417539596557617,-2.685894924
L78F,-0.6830711364746094,-2.461704815
L78M,-1.387603998184204,-1.807540168
L79I,-0.34165000915527344,-1.195853724
L79A,-0.19243264198303223,-2.817854852
L79C,-0.930156946182251,-3.455804614
L79D,0.30170106887817383,-3.740582068
L79E,-0.04349541664123535,-3.425270302
L79F,-0.5855803489685059,-2.986824265
L79G,0.0017549991607666016,-4.291815714
L79H,-0.8828139305114746,-3.869076418
L79K,0.20845985412597656,-3.790945786
L79N,0.31145524978637695,-2.668706994
L79W,-1.4997453689575195,-2.486457297
L79V,-0.325467586517334,-2.639315839
L79T,0.12791705131530762,-2.569805325
L79Y,-0.3501465320587158,-2.545534626
L79R,-0.32927846908569336,-2.368453289
L79Q,-0.4231529235839844,-3.466369347
L79P,0.011898994445800781,-1.88289248
L79S,0.45126795768737793,-3.425140094
L79M,-1.6229634284973145,-2.225832801
G80P,-0.1849980354309082,-3.768941802
G80Y,-0.34522342681884766,-3.763347313
G80W,-1.6427178382873535,-3.240831636
G80V,-0.3121626377105713,-2.554658068
G80T,0.07914972305297852,-4.00923766
G80S,0.4285156726837158,-4.088723599
G80R,-0.42582178115844727,-3.199760558
G80Q,-0.4833698272705078,-3.290183678
G80N,0.2652411460876465,-3.661808316
G80L,-0.1538550853729248,-4.503180233
G80K,0.17940926551818848,-3.354055093
G80I,-0.5027732849121094,-4.261490247
G80H,-1.040856122970581,-3.879086207
G80F,-0.6910684108734131,-4.005277152
G80E,0.04745149612426758,-3.203041583
G80D,0.187272310256958,-4.05552278
G80C,-1.2365789413452148,-3.736493851
G80A,-0.35306811332702637,-2.16666595
G80M,-1.8857383728027344,-3.229304227
N81Q,-0.45966243743896484,-3.164229106
N81R,-0.2914900779724121,-3.253991339
N81S,0.12944817543029785,-1.537841095
N81P,-1.1355969905853271,-4.920218557
N81V,-0.5535588264465332,-3.345771854
N81W,-2.148207664489746,-3.363028675
N81Y,-0.6435854434967041,-3.59522079
N81T,-0.153106689453125,-2.564758624
N81M,-1.682640552520752,-3.4415141460000003
N81A,-0.5835580825805664,-2.298304182
N81K,0.17970800399780273,-2.618570528
N81I,-0.4653811454772949,-2.682173535
N81H,-0.6995406150817871,-0.8691939129999999
N81G,-0.3370494842529297,-3.637590038
N81F,-1.0098068714141846,-3.839822807
N81E,-0.33714938163757324,-3.150468871
N81D,-0.08911943435668945,-2.314331577
N81C,-1.0861544609069824,-3.356526765
N81L,-0.2884798049926758,-3.536105389
P82C,-0.8819823265075684,-3.13658253
P82D,0.11471056938171387,-2.995985042
P82E,-0.08072638511657715,-2.848064289
P82F,-0.5438947677612305,-3.789595154
P82G,0.6116361618041992,-3.719724591
P82H,-1.1617279052734375,-1.301005114
P82I,-0.23582983016967773,-3.757817075
P82Q,-0.4562807083129883,-3.580015879
P82L,-0.07213354110717773,-2.872743852
P82M,-1.5020785331726074,-3.229610376
P82N,0.235520601272583,-3.745438419
P82A,-0.11895585060119629,-3.464338407
P82R,-0.32231712341308594,-3.687654817
P82S,0.48967933654785156,-3.0971597230000003
P82T,0.10157060623168945,-3.020466818
P82K,0.1428365707397461,-3.395690672
P82Y,-0.32183027267456055,-3.691379302
P82W,-1.3792872428894043,-3.488226165
P82V,-0.19385480880737305,-3.382925181
E83W,-1.6542000770568848,-1.58356034
E83C,-1.2760190963745117,-2.017330493
E83A,-0.04536724090576172,-0.56474877
E83D,0.31098341941833496,-1.131547069
E83F,-0.4344515800476074,-1.849051881
E83G,0.2343745231628418,-1.132928948
E83H,-0.8398985862731934,-2.215103657
E83I,-0.08429861068725586,-2.091578133
E83K,0.10878777503967285,-1.961867656
E83L,0.22260236740112305,-1.400713452
E83M,-1.5910258293151855,-1.312636148
E83N,0.29999303817749023,-0.702569035
E83P,-0.22752118110656738,-4.458071003
E83Q,-0.31350016593933105,-1.409391346
E83S,0.5764553546905518,-1.588989494
E83V,0.016382694244384766,-1.996001536
E83Y,-0.24475765228271484,-0.559658615
E83R,-0.2851412296295166,-3.408962737
E83T,0.2545623779296875,-1.457615594
C84A,0.7106361389160156,-3.750002871
C84Y,0.389340877532959,-3.005497198
C84W,-0.7865562438964844,-2.281897309
C84T,0.9701199531555176,-3.532088941
C84S,1.1840794086456299,-3.380029089
C84R,0.32764434814453125,-2.771210108
C84Q,0.23941779136657715,-3.453601382
C84P,0.5565385818481445,-3.749579635
C84N,1.200002670288086,-3.03915797
C84M,-0.5499334335327148,-3.02087797
C84V,0.6216106414794922,-3.075653803
C84K,1.059821605682373,-3.41251819
C84I,0.8273355960845947,-3.5970235
C84H,-0.3006010055541992,-3.731384654
C84G,0.9778845310211182,-2.982234352
C84F,0.5296409130096436,-2.715390013
C84E,0.743962287902832,-3.388350389
C84L,1.0780067443847656,-4.681401177
C84D,0.9953582286834717,-3.363108667
D85T,-0.07857322692871094,-2.138093887
D85S,0.4190042018890381,-3.134266303
D85R,-0.39102959632873535,-4.061337487
D85Q,-0.3924548625946045,-2.337764003
D85P,-0.18113446235656738,-3.687546011
D85N,-0.052179813385009766,-2.470505204
D85M,-1.6869101524353027,-2.869897925
D85I,-0.25838589668273926,-3.623739067
D85K,0.08046603202819824,-3.870769498
D85H,-1.1919209957122803,-2.962062557
D85G,0.17457103729248047,-2.674732191
D85F,-0.6486001014709473,-3.409929445
D85V,-0.19936800003051758,-3.159730311
D85E,-0.2061319351196289,-0.8108995
D85L,0.06360173225402832,-2.7647467430000003
D85W,-1.9887266159057617,-3.2505052310000004
D85A,-0.22718048095703125,-2.68817747
D85C,-1.2886033058166504,-2.722050114
D85Y,-0.651953935623169,-2.38290347
S86W,-1.869135856628418,-0.854056603
S86E,-0.39507460594177246,0.152291149
S86F,-0.803433895111084,-0.368977391
S86G,-0.19076251983642578,-0.698371918
S86H,-1.5451128482818604,0.336747719
S86I,-0.42358970642089844,0.143042159
S86K,-0.24869036674499512,-1.4445864
S86D,-0.40244555473327637,0.530116285
S86N,-0.4327883720397949,-0.49398619
S86P,-0.4996676445007324,-0.485733264
S86Q,-0.865483283996582,-0.1726208739999999
S86R,-0.630218505859375,-0.871541272
S86T,-0.35748863220214844,-0.528505223
S86V,-0.36603522300720215,-0.193233789
S86M,-1.8506512641906738,-0.317320609
S86L,-0.24704360961914062,0.362620245
S86A,-0.4258086681365967,-0.076340705
S86C,-1.3938677310943604,-1.586207499
S86Y,-0.5954935550689697,0.5278101479999999
L87D,-0.17122721672058105,-2.404261733
L87E,-0.4291977882385254,-3.337387511
L87Y,-0.5365395545959473,-3.135273963
L87W,-1.781463623046875,-2.919005837
L87V,-0.27278995513916016,-2.638982314
L87S,0.3160977363586426,-3.353760037
L87R,-0.717310905456543,-2.698992359
L87Q,-0.7947940826416016,-2.631518499
L87T,-0.08488845825195312,-2.685002368
L87N,-0.17422103881835938,-3.64130769
L87C,-0.9567909240722656,-2.96551932
L87P,-0.24233174324035645,-2.910005479
L87F,-0.603165864944458,-3.344649178
L87G,-0.11484432220458984,-3.631559389
L87A,-0.3717312812805176,-2.565034892
L87I,-0.2019364833831787,-0.980709008
L87K,-0.36789417266845703,-3.488930318
L87M,-1.6982526779174805,-2.10246383
L87H,-1.422105312347412,-2.9315952060000003
L88P,-0.4893457889556885,-2.7793848480000003
L88Y,-0.5931158065795898,-1.735520199
L88W,-2.0319995880126953,-0.3530363829999999
L88V,-0.43353271484375,-1.252621073
L88T,-0.21274280548095703,-1.750305562
L88R,-0.7200987339019775,-3.4252307180000003
L88Q,-0.9412393569946289,-0.817303413
L88N,0.05413174629211426,-2.10446079
L88A,-0.5435528755187988,-1.266115205
L88K,-0.26264309883117676,-1.28683557
L88I,-0.24750280380249023,-0.121020282
L88H,-1.1088643074035645,-1.568844059
L88G,-0.5038657188415527,-1.936176199
L88F,-0.6918563842773438,-1.4247014409999998
L88E,-0.663311243057251,-0.613143422
L88D,-0.035242557525634766,-2.0895766730000003
L88C,-0.7027699947357178,-3.018317182
L88M,-1.745375156402588,-0.335179269
L88S,0.07524561882019043,-1.614172621
P89A,0.1029362678527832,-0.280651957
P89Y,-0.31089258193969727,0.106678076
P89W,-1.6124944686889648,-1.098237302
P89V,0.03915977478027344,-0.3369255329999999
P89T,0.2021465301513672,-0.238161217
P89S,0.5910360813140869,-0.402079708
P89R,-0.19369101524353027,-1.023146031
P89N,0.3144993782043457,-0.227422871
P89M,-1.3600540161132812,-0.188173905
P89L,0.24050045013427734,0.532671916
P89Q,-0.36625075340270996,-1.191810839
P89I,-0.08730220794677734,0.181350742
P89H,-0.9124889373779297,-0.235549305
P89G,0.233245849609375,0.257639669
P89F,-0.35780763626098633,0.457187947
P89E,0.032103538513183594,0.059796437
P89D,0.2667224407196045,0.4419804570000001
P89C,-0.602003812789917,-3.405289694
P89K,0.20760393142700195,-0.7200961490000001
A90R,-0.4315824508666992,-1.044781652
A90C,-0.7224400043487549,-1.714058166
A90W,-1.5066039562225342,-1.435938861
A90V,0.02844071388244629,-0.5004039920000001
A90T,0.19963383674621582,0.3932522470000001
A90S,0.7623143196105957,-0.228938257
A90Q,-0.25903964042663574,-0.28064398
A90F,-0.37763381004333496,0.3426597079999999
A90N,0.6645381450653076,-0.670675038
A90M,-1.505676031112671,0.137008643
A90L,0.19285917282104492,-0.095223984
A90K,0.10981941223144531,-0.204153994
A90I,-0.0993349552154541,0.563825403
A90H,-0.8457798957824707,-0.152909821
A90G,0.8627643585205078,-0.893292932
A90P,-0.028815507888793945,-0.8810266179999999
A90E,0.393207311630249,0.046919341
A90Y,-0.1370868682861328,-0.463982357
A90D,0.7814037799835205,-0.306419152
R91F,-0.18385529518127441,-1.093490216
R91G,1.6559913158416748,-0.8094661329999999
R91H,-0.44410252571105957,0.060388348
R91I,-0.12659049034118652,-0.611122791
R91K,0.6886663436889648,-0.6627213989999999
R91L,0.34420347213745117,-0.511211833
R91M,-1.1168603897094727,-0.317693467
R91N,0.8993532657623291,0.104649701
R91P,0.21622276306152344,-2.263363515
R91Q,0.02593374252319336,-0.658171553
R91S,1.272496223449707,-0.7795780929999999
R91T,0.4863770008087158,-0.657980434
R91V,-0.052377939224243164,-0.266629975
R91W,-1.4811186790466309,-1.501232114
R91Y,-0.09856390953063965,-0.555020025
R91E,0.5763363838195801,-0.016697041
R91D,0.9547669887542725,-1.315240009
R91C,-0.3215599060058594,-2.085645269
R91A,0.4139280319213867,-0.991818518
S92C,-1.4022643566131592,-2.450337568
S92W,-1.9263677597045898,-1.040374272
S92V,-0.5701837539672852,-0.652156512
S92T,-0.2916371822357178,-0.222055932
S92R,-0.6015052795410156,-1.180162129
S92Q,-0.7979826927185059,0.33071345
S92P,-0.4526023864746094,-0.51515164
S92N,-0.09436345100402832,-0.460357391
S92M,-1.8844194412231445,0.388678198
S92K,-0.3038907051086426,-0.89139894
S92I,-0.6518049240112305,-0.285074311
S92H,-1.235114574432373,-0.216049451
S92G,0.04241681098937988,-0.523034187
S92F,-0.9451675415039062,-0.466621218
S92E,-0.48516273498535156,-0.251156705
S92D,-0.10445451736450195,-0.104459787
S92L,-0.42497873306274414,-0.934304921
S92A,-0.6976087093353271,-1.156229527
S92Y,-0.594141960144043,-0.190421619
W93Y,1.2490837574005127,-2.777150847
W93C,0.8350372314453125,-1.382089815
W93D,1.0928106307983398,-1.6871182059999998
W93E,0.9022321701049805,-2.686192159
W93F,1.1965632438659668,-0.616093354
W93G,2.0426735877990723,-2.989540845
W93H,0.29282617568969727,-3.084396786
W93I,1.4437057971954346,-2.813670259
W93K,1.3249764442443848,-2.234538215
W93A,1.1913976669311523,-3.42877271
W93M,-0.0028238296508789062,-2.7578624080000003
W93N,1.3569128513336182,-2.834839323
W93P,0.8079566955566406,-3.355927218
W93Q,0.8037338256835938,-2.758037771
W93R,1.0833370685577393,-2.810610782
W93S,1.8459453582763672,-3.432507348
W93T,1.4062469005584717,-3.479385498
W93V,1.3534009456634521,-3.238895058
W93L,1.5880651473999023,-1.953376667
S94I,-0.37439656257629395,-3.83514273
S94H,-1.0470972061157227,-3.3111851010000004
S94A,-0.3741450309753418,-1.405656074
S94F,-0.7078120708465576,-2.63967909
S94E,-0.37026214599609375,-3.053021603
S94K,-0.036310434341430664,-3.804011863
S94G,-0.02649235725402832,-0.8930978759999999
S94L,-0.017205476760864258,-4.05871401
S94R,-0.15037894248962402,-3.966973836
S94N,-0.2569746971130371,-3.700000295
S94P,-0.6689186096191406,-2.742118034
S94Q,-0.4996037483215332,-2.815686402
S94T,-0.1661698818206787,-3.334818309
S94V,-0.20445799827575684,-3.809285161
S94W,-1.7074058055877686,-2.233840491
S94Y,-0.543508768081665,-2.804463519
S94C,-1.1508214473724365,-2.857928266
S94M,-1.5802037715911865,-3.0466242510000003
S94D,-0.16646337509155273,-2.898732307
Y95W,-0.8144040107727051,-3.45975696
Y95S,0.595233678817749,-3.078647055
Y95R,-0.05339169502258301,-3.639388633
Y95Q,-0.13767099380493164,-3.214193862
Y95P,-0.25119972229003906,-3.923727775
Y95N,0.11467981338500977,-3.2685134010000003
Y95M,-0.8880476951599121,-3.458279529
Y95L,0.6205685138702393,-3.971724551
Y95T,0.27168846130371094,-3.516965422
Y95K,0.32091212272644043,-3.455604977
Y95H,-0.857335090637207,-2.967199491
Y95G,0.40303492546081543,-3.636282934
Y95F,0.14617061614990234,-2.663718849
Y95E,0.25722718238830566,-4.090667109
Y95D,0.13419032096862793,-3.154864175
Y95C,-0.33229970932006836,-2.809046699
Y95A,0.1645183563232422,-4.034397381000002
Y95I,0.255246639251709,-4.376270792
Y95V,0.4633297920227051,-3.902470873
I96A,-0.3827545642852783,-4.002018569
I96C,-0.5242164134979248,-2.448552823
I96K,-0.14429593086242676,-3.749411125
I96D,-0.3730309009552002,-3.48754435
I96E,-0.32405853271484375,-3.613956158
I96F,-0.2681002616882324,-2.661388612
I96G,-0.31659770011901855,-3.831908884
I96H,-1.1097683906555176,-3.316344542
I96L,0.23363471031188965,-1.763747141
I96M,-1.334503412246704,-2.901666067
I96N,-0.3459360599517822,-2.768707899
I96P,-0.4534766674041748,-4.049855688
I96Q,-0.6095292568206787,-3.071925062
I96R,-0.2735886573791504,-3.865186174
I96S,0.2356410026550293,-2.954693598
I96T,0.1942431926727295,-2.943819168
I96W,-1.1690433025360107,-2.743878384
I96V,0.05111241340637207,-0.922945121
I96Y,-0.17539381980895996,-3.59985058
V97Q,-0.639418363571167,-3.2593716130000003
V97W,-1.1625757217407227,-2.871525648
V97Y,-0.20049452781677246,-3.502326431
V97A,-0.2920527458190918,-1.738620506
V97C,-0.5004568099975586,-2.909104956
V97D,-0.21838092803955078,-2.817474513
V97E,-0.3304133415222168,-2.619702879
V97F,-0.20148372650146484,-3.673671815
V97R,-0.3670821189880371,-4.278452345
V97G,-0.06563115119934082,-3.591133225
V97I,0.05356884002685547,-0.7685065320000001
V97K,-0.004700183868408203,-3.499835515
V97L,0.2817039489746094,-2.75388544
V97M,-1.3354182243347168,-2.805300202
V97N,-0.17976737022399902,-3.375971367
V97P,-0.18210697174072266,-3.864148753
V97S,0.21245646476745605,-3.857306787
V97H,-1.1368532180786133,-2.619250566
V97T,-0.021515846252441406,-3.031862654
E98S,0.5355377197265625,-3.101214137
E98T,0.34822678565979004,-3.061572625
E98R,-0.12897372245788574,-3.885662996
E98Q,-0.2831451892852783,-1.620099455
E98P,-0.17628192901611328,-3.451354274
E98N,0.27238917350769043,-3.509744204
E98M,-1.0374290943145752,-2.723544001
E98L,0.6294970512390137,-2.702925895
E98Y,0.21947979927062988,-3.3113624930000003
E98K,0.17224764823913574,-2.888139789
E98H,-0.814551830291748,-3.548818219
E98G,0.1572427749633789,-2.591160209
E98F,0.22563695907592773,-2.483015841
E98D,0.11918425559997559,-2.247558214
E98C,-0.7050690650939941,-3.279840662
E98A,0.1374678611755371,-3.594454542
E98I,0.3869917392730713,-1.632753779
E98V,0.38298749923706055,-1.718400283
E98W,-0.9417035579681396,-3.106928862
T99I,0.28154897689819336,-1.391489685
T99E,-0.5530121326446533,0.187216521
T99F,-0.28501009941101074,-2.003775111
T99G,-0.20523452758789062,-1.079867808
T99H,-0.9617207050323486,-0.448039946
T99K,-0.13643550872802734,-0.973342112
T99L,0.5032634735107422,-0.338546857
T99D,-0.17853689193725586,0.040761373
T99A,-0.14348125457763672,0.326256028
T99N,0.12344121932983398,-1.007577972
T99P,-0.8804700374603271,-0.921739531
T99Q,-0.7837729454040527,0.6924480009999999
T99R,-0.49730348587036133,-0.121793211
T99S,0.07024526596069336,0.135402199
T99V,0.1470193862915039,-0.477933628
T99M,-1.0727920532226562,-2.20529167
T99W,-1.7271685600280762,-0.7255931379999999
T99Y,-0.24602842330932617,-1.169584085
T99C,-0.769540548324585,-2.150364284
P100S,0.5089912414550781,-1.042155963
P100A,0.0298159122467041,-0.163778117
P100C,-0.27361321449279785,-3.184134428
P100D,0.238814115524292,-0.622769911
P100E,0.21882891654968262,-0.477009665
P100F,0.015486717224121094,-1.00421391
P100G,0.4183471202850342,-0.374537921
P100H,-0.8115253448486328,-0.176094697
P100I,0.34542369842529297,-0.563600282
P100K,0.4991135597229004,-1.23148241
P100L,0.5308187007904053,-0.8043188490000001
P100M,-1.0899302959442139,-0.582150753
P100N,0.3489418029785156,-1.102904774
P100Q,-0.2818629741668701,-0.389034236
P100R,0.048348188400268555,-0.988475899
P100Y,0.300156831741333,-0.791916053
P100W,-0.6641824245452881,-0.212056622
P100T,0.2868354320526123,-1.09531014
P100V,0.2981295585632324,-0.4413162370000001
N101K,0.23401236534118652,-1.401176589
N101W,-1.4702644348144531,-1.67486231
N101A,0.04635763168334961,-0.919437274
N101C,-0.4449610710144043,-1.364471931
N101D,0.0927274227142334,0.57201925
N101E,0.0917210578918457,-0.884938515
N101F,-0.2720332145690918,-0.098526208
N101G,0.12489795684814453,0.069673037
N101H,-1.1735215187072754,-1.474716131
N101Y,-0.27901244163513184,-1.537039188
N101I,0.07756185531616211,-1.05241948
N101M,-1.4027137756347656,-1.244554593
N101P,-0.03968954086303711,-2.594741987
N101Q,-0.3923029899597168,-1.135726391
N101R,-0.4754824638366699,-0.6077276189999999
N101S,0.3830735683441162,-0.81290564
N101T,0.2337644100189209,-1.5664277569999998
N101V,0.18818044662475586,-1.47343608
N101L,0.4411768913269043,-0.653690601
S102Y,-0.6110038757324219,-1.520507097
S102I,-0.35774707794189453,-2.654512412
S102T,-0.30211734771728516,-0.341934674
S102V,-0.5501699447631836,-0.40943379
S102Q,-0.822106122970581,0.270489166
S102P,-0.028457164764404297,-0.181060808
S102N,-0.1753377914428711,-0.220058091
S102M,-1.8192248344421387,-2.086566827
S102L,-0.016888141632080078,-3.768990305
S102K,-0.1699070930480957,-3.395795949
S102H,-1.3931999206542969,-2.814337816
S102G,0.34200596809387207,-0.245888922
S102F,-0.5208144187927246,-1.73864361
S102E,-0.3607215881347656,-2.042743056
S102D,-0.2754786014556885,-2.510407422
S102C,-0.5034120082855225,-1.323157764
S102A,-0.4480171203613281,-0.783856882
S102W,-1.3439030647277832,-1.89912381
S102R,-0.7445530891418457,-2.788992143
E103D,-0.05879688262939453,-0.7603343029999999
E103Y,-0.2738180160522461,-1.7106591130000002
E103W,-1.0230214595794678,-1.6276978219999998
E103V,0.009343385696411133,-0.625203476
E103T,0.17010927200317383,-0.899383294
E103S,0.5500779151916504,-1.45894411
E103R,-0.579803466796875,-1.644855484
E103Q,-0.4284393787384033,-0.590014122
E103F,-0.21477508544921875,-1.661809535
E103P,0.08400988578796387,-0.7714179959999999
E103M,-1.4458060264587402,-1.282967394
E103L,0.32837772369384766,-1.231263897
E103K,0.20961523056030273,-1.451072463
E103I,0.0973975658416748,-0.384262585
E103H,-1.2453670501708984,-0.846823379
E103A,0.10440206527709961,-1.194039295
E103G,0.35796427726745605,-1.304287744
E103N,0.0038285255432128906,-0.917953443
E103C,-0.628654956817627,-1.551878864
N104T,-0.1964576244354248,-1.095527669
N104V,-0.6878516674041748,-0.205005245
N104Y,-0.7021458148956299,-0.00483819
N104A,-0.5486569404602051,-0.602449225
N104W,-1.5331542491912842,0.247446185
N104S,0.051244497299194336,-0.712921475
N104R,-0.9000134468078613,-1.423833696
N104Q,-1.0968668460845947,-0.256537057
N104M,-1.8534409999847412,-1.108959586
N104L,-0.1505908966064453,-0.453245331
N104K,-0.21994709968566895,-0.959674517
N104P,-0.513181209564209,-3.151091183
N104H,-1.591736078262329,0.76713973
N104G,-0.20662951469421387,-1.806998443
N104F,-0.7141079902648926,0.411976541
N104E,-0.5502073764801025,0.520027345
N104D,-0.17467856407165527,-1.403237763
N104C,-1.0049099922180176,-0.572934296
N104I,-0.3822026252746582,-0.238872251
G105K,-0.3135390281677246,-2.240506685
G105C,-0.7577335834503174,-3.161188525
G105D,-0.47518134117126465,-2.659316686
G105E,-0.49492597579956055,-2.560061983
G105F,-0.19778943061828613,-3.052192633
G105H,-1.2808489799499512,-2.726206442
G105I,0.26161670684814453,-4.070512092
G105L,0.3594970703125,-4.205017603
G105T,-0.2852447032928467,-3.719416336
G105N,-0.3851008415222168,-2.691254412
G105P,-0.07170724868774414,-3.1698725810000004
G105Q,-0.8248343467712402,-3.5820702630000003
G105R,-0.6062266826629639,-2.670099418
G105S,-0.05449533462524414,-1.860961473
G105Y,-0.128281831741333,-2.67011578
G105V,0.0607907772064209,-2.78215887
G105W,-1.0196986198425293,-2.528548
G105M,-1.2881956100463867,-2.845261386
G105A,-0.2478799819946289,-1.775289937
A106C,-0.8038482666015625,-1.311510121
A106R,0.14786624908447266,-3.747768413
A106Y,0.49397754669189453,-1.699335245
A106W,-0.5556697845458984,-2.223012819
A106V,0.3553500175476074,-0.1756304719999999
A106T,0.6605010032653809,-1.913627189
A106S,0.7595489025115967,-0.657064458
A106Q,-0.0011212825775146484,-1.242711128
A106P,-0.17834734916687012,0.126149543
A106M,-1.1916766166687012,-1.846043958
A106N,0.4603409767150879,-1.5870642030000002
A106K,0.6078953742980957,-2.765948362
A106I,0.5301623344421387,-2.215736102
A106H,-0.6004786491394043,-2.390756457
A106G,0.2276449203491211,-2.534588002
A106F,0.09502267837524414,-1.201166009
A106E,0.29122185707092285,-0.676200073
A106D,0.32691192626953125,-2.319094574
A106L,0.5497961044311523,-0.520960753
C107R,0.2796938419342041,-3.589337238
C107Q,0.07207918167114258,-3.796342577
C107S,1.1115484237670898,-3.1408190639999995
C107A,0.7194669246673584,-3.493104122
C107V,1.275315761566162,-4.0644274010000006
C107W,0.0971369743347168,-2.449043512
C107P,0.6986546516418457,-4.028278366
C107T,0.9072718620300293,-3.612761033
C107D,0.5351767539978027,-3.694689634
C107E,0.43665266036987305,-3.7638536
C107M,-0.36585044860839844,-2.310598292
C107L,1.5928599834442139,-4.272006204
C107K,0.579850435256958,-3.28396328
C107I,1.4199178218841553,-3.561664117
C107H,-0.29529285430908203,-3.627790504
C107G,0.8584623336791992,-4.01467616
C107F,1.1225852966308594,-3.346219379
C107N,0.5601272583007812,-3.569889525
C107Y,1.0911633968353271,-2.596496916
Y108V,0.23380112648010254,-2.9243797330000003
Y108C,-0.7588467597961426,-3.090656571
Y108T,0.19031000137329102,-3.030788587
Y108S,0.3970906734466553,-3.45165692
Y108R,-0.22296428680419922,-3.792506114
Y108Q,-0.21337342262268066,-3.252736249
Y108P,-0.173506498336792,-3.757780982
Y108N,-0.005886077880859375,-3.003751507
Y108A,-0.05301666259765625,-3.226086764
Y108M,-1.2857046127319336,-2.7317279180000003
Y108K,0.45911693572998047,-3.685015871
Y108H,-0.8934690952301025,-2.901734889
Y108G,0.06550431251525879,-3.560712408
Y108F,-0.052109718322753906,-1.933338879
Y108E,-0.14274978637695312,-3.662530471
Y108D,-0.3175199031829834,-3.385445405
Y108L,0.632453441619873,-3.266630797
Y108I,0.36975646018981934,-3.022998945
Y108W,-1.2400593757629395,-2.333669876
P109C,-0.707533597946167,-3.570835749
P109A,0.14736390113830566,-3.373181784
P109Y,0.20302486419677734,-3.170758043
P109W,-1.1696391105651855,-2.479332585
P109V,0.44431090354919434,-2.2594904
P109T,0.2762446403503418,-3.1706691780000003
P109S,0.6942763328552246,-3.410652122
P109R,-0.0606234073638916,-3.629832381
P109Q,-0.3412327766418457,-3.178161472
P109N,0.3678417205810547,-3.617207555
P109I,0.5332028865814209,-3.850805003
P109L,0.6550977230072021,-2.544936119
P109K,0.27546262741088867,-3.713228258
P109H,-0.778313159942627,-3.252956725
P109G,0.2005598545074463,-3.862306867
P109F,0.18873929977416992,-3.742944899
P109E,0.16728854179382324,-3.182391055
P109D,0.37618017196655273,-3.535687608
P109M,-1.0750632286071777,-3.340288507
G110D,-0.08878183364868164,-3.509209901
G110E,-0.23694348335266113,-2.094237082
G110F,-0.2705693244934082,-2.940879723
G110H,-1.4015779495239258,-3.913401119
G110I,0.053772687911987305,-3.694533705
G110K,-0.18690133094787598,-3.335446944
G110L,0.2902357578277588,-4.55888223
G110M,-1.3498821258544922,-2.3186971990000003
G110R,-0.7255864143371582,-2.8183258330000003
G110P,-0.5026512145996094,-3.619155744
G110Q,-0.8243310451507568,-3.604917012
G110S,0.09286046028137207,-3.485089176
G110T,-0.27413249015808105,-3.54044241
G110V,0.10851812362670898,-2.647498634
G110W,-1.5906872749328613,-2.5674471530000003
G110C,-1.2312040328979492,-2.77577461
G110N,-0.22097396850585938,-3.654154698
G110Y,-0.24909734725952148,-3.020581309
G110A,-0.2638871669769287,-3.660168462
D111M,-1.2570862770080566,-1.432326854
D111Y,-0.08885574340820312,-1.110720047
D111W,-1.3882741928100586,-1.989322766
D111V,-0.09278106689453125,-0.955062591
D111T,0.1104421615600586,-1.137448768
D111S,0.35416483879089355,-1.101830968
D111Q,-0.32707738876342773,-1.4073288380000002
D111P,-0.8054599761962891,-0.826055164
D111N,0.009328365325927734,-0.8708026320000001
D111R,-0.33809709548950195,-1.870007411
D111K,0.27463769912719727,-1.549717969
D111L,0.05646347999572754,-0.992368083
D111C,-1.1227607727050781,-1.906901541
D111E,-0.047522544860839844,-0.397411134
D111F,-0.4218764305114746,-1.777976959
D111A,-0.35437726974487305,-0.575671659
D111H,-1.024383544921875,-1.670079777
D111I,-0.13860011100769043,-1.267608577
D111G,-0.05273842811584473,-0.962700667
L112I,-0.003289937973022461,-0.391496492
L112A,-0.4180481433868408,-4.0577077610000005
L112C,-0.687781572341919,-3.031713033
L112D,-0.301983118057251,-3.033790944
L112E,-0.08062505722045898,-3.3389292530000003
L112F,-0.3662397861480713,-1.23386234
L112G,-0.36530566215515137,-4.13749585
L112H,-1.3390262126922607,-2.237752444
L112K,0.13252043724060059,-3.482601683
L112M,-1.5493414402008057,-1.335141835
L112N,-0.1748979091644287,-3.093105346
L112W,-1.335517168045044,-0.994223517
L112V,0.022397994995117188,-0.908116999
L112T,0.20528078079223633,-1.723176323
L112Y,-0.22097349166870117,-3.535681341
L112R,-0.4352586269378662,-3.624749253
L112Q,-0.6626582145690918,-3.158740729
L112P,-0.3649418354034424,-3.417445354
L112S,0.2846713066101074,-3.399871951
I113M,-1.3722622394561768,-0.093514399
I113V,-0.0977787971496582,-0.8832330759999999
I113T,-0.0512235164642334,0.193842592
I113S,0.2671518325805664,0.354564837
I113Q,-0.7223753929138184,0.034848168
I113P,-0.10931706428527832,-3.307998903
I113N,-0.35588669776916504,-0.113789443
I113L,0.15936064720153809,-0.345833311
I113F,-0.4280970096588135,0.005592522
I113H,-1.5037634372711182,0.398190539
I113G,-0.5500750541687012,-0.0850793369999999
I113W,-1.4775326251983643,-0.766595403
I113E,-0.21735858917236328,-0.8115627459999999
I113D,-0.3727548122406006,-0.346252325
I113C,-1.1374266147613525,-0.287610997
I113A,-0.2679731845855713,0.718261053
I113K,0.09837460517883301,-0.497231685
I113Y,-0.4482088088989258,-0.131238986
I113R,-0.5654761791229248,-0.954968976
D114T,0.6024265289306641,-3.412672896
D114V,-0.5960915088653564,-3.918617146
D114A,-0.5517804622650146,-0.682184262
D114C,-1.4237544536590576,-2.824597523
D114E,-0.4827737808227539,-0.920399186
D114F,-0.8769760131835938,-2.234772665
D114G,-0.23247933387756348,-2.559603056
D114H,-1.3495376110076904,-1.177482354
D114I,-0.6762356758117676,-3.968614428
D114K,-0.11930298805236816,-3.3149961789999995
D114W,-1.9903647899627686,-2.28556077
D114L,-0.2820408344268799,-1.161717833
D114M,-2.0654828548431396,-1.440107148
D114N,0.0975182056427002,-1.313233958
D114P,-0.49434328079223633,-3.23576422
D114Q,-0.8786790370941162,-1.18318339
D114R,-0.429612398147583,-3.731915031
D114S,0.8542184829711914,-1.237377547
D114Y,-0.5919702053070068,-2.01260648
Y115D,0.06686186790466309,-2.575859983
Y115E,0.37770962715148926,-2.953438212
Y115F,0.10530376434326172,-1.413042365
Y115G,-0.009194612503051758,-1.6858761780000002
Y115H,-1.2553770542144775,-2.238159814
Y115I,0.4938957691192627,-0.361271426
Y115K,0.2547333240509033,-2.975131474
Y115L,0.8042817115783691,-0.869449343
Y115Q,-0.3854382038116455,-1.394531108
Y115N,0.007988691329956055,-1.908780215
Y115P,0.4698915481567383,-1.662226234
Y115R,0.040843963623046875,-2.664432007
Y115S,0.5705008506774902,-0.584017188
Y115T,0.12724637985229492,-1.31525622
Y115V,0.37158703804016113,-1.892666452
Y115C,-0.8929178714752197,-2.167786789
Y115M,-0.7114517688751221,-1.214902905
Y115W,-0.8629148006439209,-2.384834199
Y115A,0.3189680576324463,-1.426908562
E116Y,-0.9880242347717285,-2.493324578
E116D,-0.09138226509094238,-2.623108369
E116F,-1.0654702186584473,-2.073732847
E116G,-0.6064248085021973,-1.79502008
E116H,-1.6053133010864258,-1.879129904
E116I,-0.6154932975769043,-3.801632598
E116K,0.06345987319946289,-2.591235379
E116L,-0.45182132720947266,-3.39032036
E116N,-0.1389636993408203,-3.689832326
E116P,-0.3839728832244873,-1.123770447
E116Q,-0.32823705673217773,-0.7390743390000001
E116R,-0.5715970993041992,-3.900903987
E116S,0.19777703285217285,-2.748663465
E116T,-0.3414022922515869,-3.737500562
E116V,-0.6825160980224609,-2.619021487
E116W,-2.3376073837280273,-2.723464564
E116C,-1.7038750648498535,-2.645133132
E116A,-0.3595452308654785,-1.118426798
E116M,-2.1075196266174316,-2.506824779
E117A,-0.16657352447509766,-3.234964836
E117F,-0.6074120998382568,-3.036014102
E117G,-0.43551111221313477,-3.035272322
E117H,-1.280703067779541,-3.117835635
E117I,-0.18100237846374512,-2.698200974
E117K,0.37605905532836914,-2.266797823
E117L,0.0355987548828125,-4.1986293
E117D,-0.06809449195861816,-2.760227217
E117M,-1.5249321460723877,-2.505144477
E117P,-1.0080668926239014,-3.204995064
E117Q,-0.26314377784729004,-3.147796736
E117R,-0.2961568832397461,-3.902686667
E117S,0.28435182571411133,-3.445424799
E117T,0.15982723236083984,-2.332499274
E117V,-0.3009359836578369,-3.646183992
E117N,0.10962724685668945,-3.015084035
E117C,-1.301579236984253,-3.611839804
E117Y,-0.5778286457061768,-3.65034326
E117W,-1.7210066318511963,-2.32726668
L118V,-0.45394670963287354,-3.144088883
L118T,-1.0794950723648071,-3.831361649
L118S,-1.0781439542770386,-4.511149492
L118R,-1.3609024286270142,-4.141836328
L118Q,-1.6449259519577026,-2.6580648680000003
L118P,-2.093947410583496,-3.208744528
L118N,-1.0922502279281616,-3.748415127
L118C,-1.5092841386795044,-3.613935572
L118Y,-0.7909258604049683,-3.204423493
L118K,-1.0857316255569458,-3.795193451
L118I,-0.22407472133636475,-2.355106915
L118H,-2.253145694732666,-4.232962308
L118G,-1.2463022470474243,-4.166814723
L118F,-0.7298954725265503,-2.869585275
L118E,-1.3528062105178833,-3.801008423
L118D,-1.437646508216858,-3.132835117
L118M,-1.6493827104568481,-2.3642900730000003
L118W,-1.9516106843948364,-3.27579235
L118A,-0.7460469007492065,-3.812880751
R119A,-0.359128475189209,-2.863474784
R119W,-1.844841480255127,-1.520489134
R119V,-0.20659160614013672,-1.76822758
R119T,-0.3878605365753174,-1.83111209
R119S,0.057747840881347656,-3.053199217
R119Q,-0.26587986946105957,-3.121301211
R119P,-0.734384298324585,-3.703861365
R119N,-0.13390111923217773,-2.403122735
R119Y,-0.4746417999267578,-0.454072458
R119M,-1.202392816543579,-2.157140633
R119K,0.5079593658447266,-1.3914860690000002
R119I,0.020823240280151367,-1.394604109
R119H,-1.3341584205627441,-0.691937715
R119G,-0.8231663703918457,-3.0459118760000004
R119F,-0.5303382873535156,-0.943522149
R119E,-0.24595141410827637,-3.0126304860000004
R119D,-0.8269286155700684,-3.554022928
R119L,0.37897253036499023,-1.977640909
R119C,-1.1599316596984863,-2.089101086
E120Y,-0.5347068309783936,-2.715349689
E120D,-0.27662134170532227,-2.50998303
E120W,-1.8128399848937988,-2.482217395
E120V,-0.4156785011291504,-3.51357358
E120T,-0.17589116096496582,-3.593736594
E120S,0.43397092819213867,-2.790966672
E120R,-0.24085092544555664,-3.083868278
E120Q,-0.1602625846862793,-2.986656097
E120P,-0.762223482131958,-4.227864933
E120N,0.09480524063110352,-2.735201944
E120M,-1.734921932220459,-2.587161156
E120L,0.050963640213012695,-3.549831676
E120K,0.3834669589996338,-1.76051866
E120I,-0.30454349517822266,-3.415933464
E120H,-1.3381428718566895,-2.775026535
E120G,-0.6232776641845703,-3.025552977
E120F,-0.5327916145324707,-2.874888996
E120C,-1.2979459762573242,-3.013021761
E120A,-0.1932816505432129,-2.855547794
Q121A,0.4790956974029541,-2.620214467
Q121K,0.9253830909729004,-2.391066602
Q121V,0.25538158416748047,-2.897408005
Q121T,0.2422940731048584,-2.153727947
Q121S,0.4908261299133301,-2.09239835
Q121R,0.5449457168579102,-1.360316232
Q121P,-1.1026692390441895,-4.0373475060000015
Q121N,0.3530397415161133,-2.626842624
Q121M,-0.7342953681945801,-2.492880924
Q121Y,0.3092920780181885,-1.983814021
Q121L,0.6565196514129639,-2.75998516
Q121I,0.49074888229370117,-2.82212861
Q121H,-0.5324244499206543,-1.077773128
Q121G,-0.24862170219421387,-3.301606598
Q121F,0.07719135284423828,-2.58820231
Q121E,0.2180182933807373,-2.723068472
Q121D,-0.13733243942260742,-2.771004707
Q121C,-0.8614954948425293,-2.782918942
Q121W,-1.0084562301635742,-2.262989221
L122W,-2.384309768676758,-2.7675697230000003
L122V,-0.7616214752197266,-2.198613762
L122C,-1.188516616821289,-3.443310265
L122A,-1.2851853370666504,-3.337119579
L122T,-1.5445899963378906,-3.548184133
L122S,-1.1282539367675781,-2.018760666
L122R,-1.9599676132202148,-4.053339124
L122Q,-2.175304889678955,-3.082821804
L122P,-1.912182331085205,-3.793116434
L122N,-1.405693531036377,-3.634412068
L122M,-2.0695033073425293,-2.40164488
L122K,-1.6278877258300781,-3.188262484
L122I,-0.35616350173950195,-0.966443708
L122H,-2.644519329071045,-3.120010005
L122G,-1.3075487613677979,-4.479447732
L122F,-0.9087295532226562,-2.534815587
L122E,-1.9988071918487549,-3.329277755
L122D,-1.8215515613555908,-2.9643275260000004
L122Y,-1.1627182960510254,-3.479015893
S123A,-0.5398585796356201,-0.738969778
S123C,-1.949371576309204,-0.637295817
S123D,-0.584425687789917,-2.062536276
S123E,-0.4593985080718994,-1.036546352
S123F,-1.2924656867980957,-0.550831142
S123G,-0.6315176486968994,0.24197709
S123H,-1.7909204959869385,-1.042560345
S123I,-0.9323182106018066,-0.8448144890000001
S123N,-0.39856839179992676,-0.512092275
S123L,-0.38903236389160156,-1.299534987
S123M,-2.19823956489563,-0.8591723920000001
S123P,-0.7315216064453125,-2.890651512
S123Q,-0.9210481643676758,-0.799081113
S123R,-0.7398860454559326,-1.280760566
S123V,-0.9339778423309326,-1.227895867
S123Y,-1.3326771259307861,-1.038281257
S123K,-0.05393838882446289,-1.4515550819999998
S123T,-0.7158257961273193,-0.280029446
S123W,-2.76347279548645,-1.882156163
S124A,-0.6682422161102295,-0.483795498
S124Y,-1.4227659702301025,-0.953155344
S124W,-2.4615719318389893,-2.195030724
S124V,-1.0490796566009521,-0.8659031309999999
S124T,-0.6355814933776855,-1.195506469
S124C,-2.11482310295105,-2.283156085
S124Q,-0.902658224105835,-0.443841318
S124P,-1.1011230945587158,-2.744667577
S124N,-0.39649510383605957,-2.034563027
S124R,-0.8267595767974854,-1.336985349
S124L,-0.6723062992095947,-0.8600653359999999
S124K,-0.1406724452972412,-2.640462774
S124I,-1.1894636154174805,-0.973635445
S124H,-1.97542405128479,-1.989265754
S124G,-0.4215207099914551,-0.504429873
S124F,-1.3844447135925293,-1.085822395
S124E,-0.6048252582550049,-0.593686421
S124D,-0.7029142379760742,-1.1666271540000002
S124M,-2.493622064590454,-1.087017653
V125K,-0.18099570274353027,-2.910819951
V125I,0.3443946838378906,0.026537886
V125H,-1.2329754829406738,-3.157521389
V125D,-0.25884056091308594,-3.121433498
V125F,0.014000892639160156,-1.469603861
V125E,-0.4523777961730957,-2.860379794
V125G,0.1283869743347168,-3.16425322
V125L,1.0615730285644531,-1.264636502
V125Y,-0.3385124206542969,-2.425007395
V125P,-0.622870922088623,-3.899641301
V125Q,-0.583981990814209,-3.168529554
V125R,-0.833040714263916,-3.662352408
V125S,0.5372960567474365,-1.376550917
V125T,-0.2213888168334961,0.004664239
V125W,-1.471468448638916,-2.248000694
V125C,-0.49782371520996094,-1.33261681
V125M,-1.0142898559570312,-1.483511587
V125A,-0.17021775245666504,-0.351708439
V125N,0.10481882095336914,-2.946503845
S126E,-0.8037548065185547,-0.336660116
S126A,-0.8895363807678223,-0.953709012
S126Y,-1.2302348613739014,-0.5324025720000001
S126W,-2.70358943939209,-1.226166155
S126C,-2.0914382934570312,-2.128250029
S126D,-0.7573251724243164,-0.203172013
S126V,-1.105921745300293,-0.518292369
S126F,-1.1788463592529297,-0.369044121
S126G,-0.49654245376586914,-0.595688015
S126H,-1.9522428512573242,-1.74507256
S126K,-0.3873121738433838,-0.600091845
S126L,-0.5411438941955566,0.114661487
S126M,-2.3679866790771484,-1.013437051
S126N,-0.5954582691192627,-0.914998342
S126P,-0.29918670654296875,-2.053352604
S126Q,-1.222226619720459,-0.27205304
S126R,-1.2125616073608398,-0.398522417
S126T,-0.5848469734191895,0.152308307
S126I,-1.1646466255187988,0.091038571
S127R,-1.0240938663482666,-0.457693393
S127Q,-1.0422027111053467,0.344647895
S127T,-0.6985955238342285,-0.43646186
S127Y,-1.1775660514831543,-0.877086811
S127W,-2.363145351409912,-1.812948312
S127A,-0.7477943897247314,-0.543209241
S127V,-0.9136412143707275,-0.628229356
S127N,-0.20410943031311035,-1.129311405
S127P,-0.3947334289550781,-2.3951597980000003
S127L,-0.5685672760009766,-0.60405227
S127M,-2.2782740592956543,-1.163544772
S127C,-2.2307677268981934,-2.156625999
S127E,-0.5006198883056641,-0.272905023
S127F,-1.259798288345337,-0.8524087020000001
S127D,-0.29756689071655273,-0.135845999
S127H,-1.7546477317810059,-1.279806108
S127I,-1.1084709167480469,-2.225457706
S127K,-0.30218076705932617,-0.152949452
S127G,0.14548897743225098,-0.7068682690000001
L128C,-1.4219157695770264,-2.553778568
L128D,0.3144187927246094,-2.827220188
L128K,0.04133462905883789,-2.43939888
L128E,0.21709895133972168,-3.199268178
L128F,-0.6647918224334717,-1.092500003
L128G,0.7560107707977295,-1.779040838
L128H,-1.7221791744232178,-1.796498027
L128I,-0.2676064968109131,-0.5558800420000001
L128M,-1.736424207687378,-0.251431137
L128S,0.5685784816741943,-1.455777158
L128P,-0.342937707901001,-3.361141645
L128Q,-0.5699269771575928,-2.304447235
L128R,-0.8195323944091797,-3.807853981
L128T,-0.07239151000976562,-0.8026325470000001
L128A,-0.29370617866516113,-0.335615146
L128V,-0.30942511558532715,-0.990611096
L128W,-1.6657745838165283,-0.618939463
L128Y,-0.6760308742523193,-1.679240356
L128N,0.264782190322876,-3.603917222
E129Y,-0.7730095386505127,-2.211368114
E129K,-0.0639338493347168,-1.887239286
E129V,-0.8393864631652832,-1.672465914
E129W,-2.208601951599121,-2.8034311460000003
E129A,-0.6858010292053223,-2.2806450380000003
E129C,-1.8423924446105957,-3.253031034
E129D,-0.07457685470581055,-1.075288994
E129F,-1.1624131202697754,-3.252826179
E129H,-1.4210076332092285,-1.411842375
E129I,-1.058176040649414,-2.139286877
E129G,-0.1732182502746582,-3.0725416780000003
E129M,-1.9748477935791016,-1.332151569
E129N,-0.11454272270202637,-2.3997195380000003
E129P,-0.211472749710083,-3.2161300280000003
E129Q,-0.5141832828521729,-2.666677549
E129R,-0.7397699356079102,-3.386396758
E129S,0.21023249626159668,-1.6375152309999998
E129T,-0.2550625801086426,-1.455524857
E129L,-0.5922067165374756,-2.529472615
R130D,0.5182449817657471,-2.889572242
R130K,0.6490063667297363,-1.718339706
R130E,0.383145809173584,-2.927592122
R130F,-0.43442845344543457,-3.096001354
R130G,0.5941760540008545,-2.736635742
R130H,-0.8873088359832764,-2.94292711
R130I,-0.02739739418029785,-2.588311299
R130L,0.18647074699401855,-3.619674725
R130W,-1.607485055923462,-2.841973503
R130N,0.6943087577819824,-3.173450769
R130P,-0.1515505313873291,-2.7165541930000003
R130Q,-0.12352681159973145,-3.215272903
R130S,0.86576247215271,-3.58661984
R130T,0.4666612148284912,-3.065010397
R130V,0.15458059310913086,-3.343039845
R130Y,-0.22060418128967285,-3.33031679
R130A,0.13519525527954102,-3.419025134
R130M,-1.2754137516021729,-2.534953208
R130C,-1.1578772068023682,-2.879750617
F131V,0.3712422847747803,-2.370035871
F131W,-1.270749807357788,-2.297708338
F131K,0.14505839347839355,-2.8881845210000003
F131T,-0.18566536903381348,-3.082605247
F131S,0.13547015190124512,-2.830167705
F131R,-0.48810553550720215,-3.641886371000001
F131Q,-0.6773254871368408,-2.947226875
F131P,-0.4028146266937256,-3.172594681
F131M,-1.0922555923461914,-2.562523549
F131L,0.575380802154541,-2.607523566
F131I,0.4916083812713623,-1.93079015
F131N,-0.32313036918640137,-3.086619638
F131Y,-0.14868807792663574,-1.554032419
F131G,-0.1883101463317871,-2.806814371
F131E,-0.26128220558166504,-2.887641989
F131D,-0.5684058666229248,-2.7380946
F131C,-1.1260802745819092,-2.95463017
F131A,-0.2324848175048828,-3.096502138
F131H,-1.5959584712982178,-2.910447149
E132H,-1.2875566482543945,-2.932187841
E132G,-0.22897791862487793,-2.906282656
E132F,-0.7042908668518066,-2.804709223
E132D,-0.032042741775512695,-1.997565934
E132W,-1.863602638244629,-2.297321733
E132A,-0.4579951763153076,-1.6151674619999998
E132Y,-0.41746997833251953,-2.749957883
E132I,-0.4399688243865967,-2.6394350980000003
E132C,-1.7707314491271973,-2.296840751
E132K,0.015550851821899414,-1.779460882
E132V,-0.2529439926147461,-1.702201551
E132M,-1.6659889221191406,-2.334240931
E132N,-0.0890200138092041,-2.049833582
E132P,-0.5965700149536133,-1.000007624
E132Q,-0.5408506393432617,-1.86051854
E132R,-0.40720605850219727,-3.169762505
E132S,0.3254990577697754,-2.400956077
E132T,-0.036314964294433594,-2.100848392
E132L,-0.22366786003112793,-2.34873027
I133Y,-0.42092323303222656,-2.388599715
I133W,-1.7815361022949219,-2.143014256
I133V,-0.05064845085144043,-1.988430188
I133T,-0.4451441764831543,-2.7416389260000003
I133S,-0.13367033004760742,-3.445058791
I133R,-0.780670166015625,-3.166728313
I133Q,-1.060105800628662,-2.996607905
I133P,-0.7770884037017822,-3.298170664
I133N,-0.365694522857666,-2.268468534
I133L,0.08253097534179688,-0.915615074
I133K,-0.518237829208374,-2.46927117
I133H,-1.5615344047546387,-2.838657266
I133G,-0.47466278076171875,-3.13719916
I133F,-0.38599443435668945,-1.91224264
I133E,-0.5930395126342773,-2.619760402
I133A,-0.6159408092498779,-1.704124267
I133C,-1.4970488548278809,-2.219116093
I133M,-1.628650188446045,-0.934186651
I133D,-0.4950423240661621,-2.578814305
F134K,0.3919491767883301,-2.841924439
F134I,0.6458873748779297,-2.71312386
F134H,-0.7497091293334961,-3.250553962
F134A,-0.06134390830993652,-3.04304337
F134E,0.08899211883544922,-3.195457895
F134D,0.26229381561279297,-2.616228417
F134C,-0.9001035690307617,-2.5409962000000004
F134G,-0.2956399917602539,-4.01911258
F134L,0.7284998893737793,-2.985526599
F134R,-0.1960000991821289,-3.871401386
F134N,0.4394721984863281,-3.360262104
F134M,-1.0090327262878418,-1.4395894530000002
F134W,-1.3557639122009277,-2.63836044
F134V,0.4689807891845703,-3.252252714
F134Y,0.12234997749328613,-1.778708963
F134S,0.6841378211975098,-3.16774022
F134Q,-0.23715686798095703,-3.416401777
F134P,0.05525970458984375,-4.080215727
F134T,0.546776294708252,-3.5808900830000003
P135C,-0.8659899234771729,-2.834652992
P135I,-0.002118349075317383,-2.694220296
P135D,0.4293239116668701,0.5469217679999999
P135E,0.25814175605773926,-0.468033698
P135F,-0.14928174018859863,-1.969125411
P135G,0.5091044902801514,-1.6731055730000002
P135H,-0.9261119365692139,-1.97302785
P135K,0.407214879989624,-0.578026254
P135R,-0.1046903133392334,-1.703989066
P135M,-1.1944549083709717,-2.666586055
P135N,0.4293687343597412,-0.477038886
P135Q,-0.2616007328033447,-0.992472083
P135S,0.7332446575164795,-0.6958612259999999
P135T,0.29788708686828613,-1.7702957519999998
P135V,0.21198487281799316,-2.1110723730000003
P135Y,-0.07493734359741211,-1.987733013
P135W,-1.3702428340911865,-2.423856322
P135L,0.37351441383361816,-3.030424904
P135A,-0.0073413848876953125,-1.2311681490000002
K136C,-1.2210676670074463,-1.621039311
K136A,-0.1749403476715088,-0.451989483
K136D,0.24765372276306152,-0.655644664
K136Y,-0.3764939308166504,-0.28646389
K136W,-1.6478550434112549,-0.791131272
K136V,-0.02699422836303711,-0.252833914
K136T,-0.00517725944519043,-0.603222174
K136R,-0.60030198097229,-1.204531737
K136Q,-0.555854320526123,-0.823197737
K136P,-0.22495079040527344,-0.87595776
K136S,0.4429967403411865,-0.556599163
K136M,-1.4991137981414795,-1.123226349
K136L,0.05924677848815918,-0.283205412
K136I,-0.13982367515563965,-1.658398302
K136H,-1.3090007305145264,-1.554493727
K136G,0.1632542610168457,-0.935096004
K136F,-0.46298885345458984,0.293266315
K136E,0.09635472297668457,-0.542115745
K136N,0.13080310821533203,-2.133912814
E137S,0.6164124011993408,-0.741254179
E137A,-0.1696791648864746,-0.32322241
E137C,-1.2439484596252441,-4.038250679
E137Y,-0.37159037590026855,-2.083603825
E137W,-1.5603046417236328,-1.882744566
E137V,-0.20142745971679688,-1.362247924
E137T,0.17014718055725098,-0.928475337
E137R,-0.6096253395080566,-3.971465703
E137G,0.35280728340148926,-1.170077182
E137P,0.02431631088256836,-2.120108165
E137N,0.39401674270629883,-0.544717023
E137M,-1.542360782623291,-1.387467782
E137L,0.09783363342285156,-1.558304563
E137K,-0.02908611297607422,-2.83658597
E137I,-0.10344624519348145,-1.652575313
E137H,-1.09814453125,-1.4428238880000002
E137Q,-0.6139140129089355,-2.001387511
E137F,-0.4826850891113281,-1.917843803
E137D,0.40427708625793457,-0.315036296
S138I,-0.03582143783569336,0.130954761
S138T,-0.2562382221221924,-0.610035089
S138R,-1.0581371784210205,-0.94953307
S138Q,-0.9977936744689941,-0.413638121
S138P,-0.6400973796844482,-1.118705058
S138N,-0.26198744773864746,0.783055559
S138M,-1.7008028030395508,-0.220260786
S138L,-0.12386226654052734,-0.173623706
S138K,-0.35443854331970215,-1.47044502
S138V,-0.25009608268737793,-0.67004654
S138W,-1.5832371711730957,-0.551935839
S138H,-1.6751861572265625,-0.806632728
S138G,0.025984764099121094,0.464358389
S138F,-0.5287520885467529,-0.7095711570000001
S138E,-0.5200023651123047,-0.167806192
S138D,-0.3983488082885742,-0.953808526
S138C,-1.4994220733642578,-2.433939444
S138A,-0.572037935256958,-0.062673004
S138Y,-0.5183751583099365,-0.09997259
S139A,-0.7561812400817871,0.95935628
S139K,-0.3071267604827881,-1.3515886469999998
S139T,-0.28972458839416504,0.106296777
S139V,-0.410184383392334,-0.269025568
S139W,-1.8806066513061523,0.544496095
S139P,-0.8690717220306396,-3.492465772
S139N,-0.2800137996673584,-0.904735074
S139M,-2.0569629669189453,-0.6095336579999999
S139L,-0.16073870658874512,-2.005732241
S139I,-0.3454766273498535,-1.313799895
S139H,-1.6216754913330078,-0.96556573
S139G,-0.3157074451446533,-0.795566808
S139F,-0.6137356758117676,-0.8447203120000001
S139Y,-0.5706591606140137,-1.105061692
S139E,-0.5674734115600586,-2.815150965
S139D,-0.40288257598876953,-2.758116816
S139C,-1.4880828857421875,-1.888003167
S139Q,-0.8877813816070557,-0.271265357
S139R,-1.0306792259216309,-1.669215406
W140G,1.2373225688934326,-3.167560947
W140I,2.007205009460449,-3.96299517
W140C,1.1479856967926025,-2.5824424980000003
W140D,1.7972278594970703,-3.828953168
W140Y,1.3784828186035156,-1.336767787
W140V,1.632629156112671,-3.50920316
W140T,1.793553113937378,-3.794662139
W140S,2.0337460041046143,-4.44282252
W140R,0.8990566730499268,-3.872998561
W140Q,0.9848117828369141,-3.801811123
W140N,1.9609575271606445,-3.972827485
W140M,0.19609737396240234,-2.288713029
W140L,2.229032516479492,-3.277091513
W140K,1.6414194107055664,-3.838544397
W140H,0.41101980209350586,-2.847337743
W140P,1.256814956665039,-4.657411598
W140E,1.1713199615478516,-3.657861042
W140A,1.4096531867980957,-3.698070853
W140F,1.4925932884216309,-1.022391741
P141F,0.37323760986328125,-2.019228456
P141Y,0.5178918838500977,-2.519458193
P141W,-0.6518173217773438,-2.898914607
P141V,0.6589064598083496,-1.5550640880000002
P141T,0.8120782375335693,-1.160307307
P141S,1.099677562713623,-1.178570288
P141R,0.2324819564819336,-1.635290141
P141E,0.5357816219329834,-0.818673122
P141Q,0.2458052635192871,-0.556832984
P141M,-0.670781135559082,-0.8429874909999999
P141L,0.8616306781768799,-1.713111575
P141K,0.7934572696685791,-2.317201029
P141I,0.6846334934234619,-1.574805439
P141A,0.30803823471069336,-1.858362236
P141C,-0.46796464920043945,-1.775574328
P141H,-0.5154829025268555,-2.97484023
P141G,0.6137113571166992,-1.519311445
P141N,0.8616518974304199,-1.815595057
P141D,0.5395474433898926,-2.063805693
N142W,-1.5363397598266602,-3.06530686
N142G,-0.06161975860595703,-3.470126054
N142Y,-0.30173349380493164,-2.906920813
N142C,-1.2047438621520996,-3.356766977
N142D,-0.05082249641418457,-3.097718044
N142E,-0.04279065132141113,-3.089144192
N142F,-0.4152357578277588,-4.139800495
N142H,-1.2513926029205322,-2.567317659
N142I,-0.010189533233642578,-3.292538104
N142L,0.07296609878540039,-3.143626503
N142K,-0.08710050582885742,-3.122544147
N142P,-0.5923399925231934,-3.32461847
N142Q,-0.4774136543273926,-2.648038711
N142R,-0.6610269546508789,-3.678458163
N142S,0.3301095962524414,-2.953744165
N142T,0.04813981056213379,-3.926800186
N142V,0.07062697410583496,-3.8253001
N142A,-0.22278356552124023,-4.217108576
N142M,-1.5141634941101074,-3.629800989
H143K,1.3204853534698486,-3.460328034
H143M,-0.05834484100341797,-1.451004723
H143L,1.4656872749328613,-2.043006508
H143I,1.3224668502807617,-2.307007061
H143C,0.27411866188049316,-3.492083457
H143F,0.9630093574523926,-0.619501864
H143E,1.116919755935669,-2.715556855
H143N,1.2219476699829102,-0.8970453759999999
H143G,1.5989267826080322,-4.123710056
H143P,1.2648444175720215,-3.892433366
H143D,1.0505146980285645,-2.693007022
H143R,0.6937146186828613,-2.684522672
H143Q,0.7688941955566406,-1.554632821
H143Y,1.0077319145202637,0.269474447
H143W,-0.19846010208129883,-2.239942981
H143A,1.128514051437378,-2.32925544
H143T,1.404219627380371,-0.842088217
H143V,1.309575080871582,-1.433944773
H143S,1.6601412296295166,-0.8066983320000001
T144A,-0.5834875106811523,-2.647002305
T144C,-1.2468929290771484,-3.409349407
T144E,-0.5273284912109375,-2.6887860439999995
T144F,-0.700880765914917,-3.0387761060000003
T144G,-0.25775957107543945,-0.459016379
T144H,-1.1259067058563232,-3.304320203
T144I,-0.3263533115386963,-2.304946167
T144K,-0.3941929340362549,-1.129600171
T144D,-0.1857597827911377,-2.250676813
T144M,-1.9749958515167236,-3.000202803
T144L,-0.16114592552185059,-3.522412433
T144W,-1.6686294078826904,-3.1844109360000004
T144V,-0.30098843574523926,-4.012772729
T144S,0.2229297161102295,-2.143253363
T144Y,-0.36220312118530273,-3.486671196
T144Q,-0.7229483127593994,-3.049050976
T144P,-0.26441335678100586,-3.179216297
T144N,-0.09432673454284668,-3.493527022
T144R,-0.6033053398132324,-3.817273138
F145I,0.32146692276000977,-1.364258944
F145A,0.04221177101135254,-0.110947041
F145C,-1.1017584800720215,-1.276050408
F145D,0.02049994468688965,0.660638662
F145E,0.10773539543151855,1.1163939859999998
F145G,0.31380558013916016,-1.3485668569999998
F145H,-1.044161319732666,-1.575132495
F145K,0.03734707832336426,-2.497457945
F145Q,-0.46495771408081055,-1.191016833
F145M,-1.3254413604736328,-0.976814072
F145N,-0.01278829574584961,-0.7760400159999999
F145P,0.32153844833374023,-3.055133909
F145R,-0.3546621799468994,-2.482656737
F145S,0.5302121639251709,-1.027340366
F145T,0.05524778366088867,-1.736386212
F145V,0.21954894065856934,-1.453483383
F145W,-0.878556489944458,-0.5423195120000001
F145L,0.4612135887145996,-1.689938415
F145Y,-0.07529354095458984,-1.24309684
N146A,-0.5085489749908447,-0.119595873
N146E,-0.31800413131713867,0.063324152
N146L,-0.820467472076416,-1.2870475140000002
N146M,-2.054319381713867,-0.614906482
N146P,-0.6916842460632324,-0.938378794
N146Q,-0.7592630386352539,0.659776437
N146R,-0.7344000339508057,-0.748103115
N146S,0.19059300422668457,-1.406689489
N146T,-0.24630141258239746,-1.320456133
N146V,-0.8358526229858398,-0.13528792
N146W,-2.2010669708251953,-1.591203089
N146Y,-0.6606810092926025,0.562219814
N146H,-1.3638036251068115,-0.129894524
N146G,-0.1390695571899414,-0.427135045
N146F,-1.2229030132293701,-0.019254265
N146D,0.12645912170410156,-0.03483439
N146K,-0.20990467071533203,-1.3657348180000002
N146C,-1.8861207962036133,-1.925100426
N146I,-1.0512948036193848,-1.4139977519999998
G147T,-0.2214517593383789,-2.151361283
G147S,0.127091646194458,-2.2020716730000003
G147R,-0.6123659610748291,-2.240550681
G147Q,-0.8645031452178955,-1.839931472
G147P,-0.5049524307250977,-2.510407148
G147N,0.026532649993896484,-1.765819544
G147A,-0.705085277557373,-1.544552362
G147C,-1.9441308975219727,-2.871486965
G147I,-1.02695894241333,-1.909259508
G147H,-1.386765480041504,-1.807172517
G147F,-1.2817375659942627,-2.2321936730000003
G147E,-0.3938741683959961,-1.902329864
G147D,-0.06996917724609375,-1.783913857
G147V,-0.9191162586212158,-2.12310497
G147L,-0.7879128456115723,-2.141211631
G147M,-2.0934739112854004,-2.588543578
G147K,-0.28474903106689453,-1.5759797480000002
G147Y,-0.8978843688964844,-2.387171558
G147W,-2.082108497619629,-1.858286886
V148F,-0.3951268196105957,-1.926530548
V148C,-1.1895170211791992,-3.314367463
V148D,-0.17779326438903809,-1.519803912
V148E,-0.18636178970336914,-1.440750884
V148Y,-0.20819330215454102,-1.72192661
V148G,-0.09574651718139648,-1.704823091
V148H,-1.3478374481201172,-1.018097014
V148I,-0.03218555450439453,0.55345757
V148K,0.16529321670532227,-0.631596625
V148L,0.03277134895324707,-1.414326619
V148M,-1.2314119338989258,-1.139690754
V148A,-0.3159914016723633,-0.7191771140000001
V148P,-1.0886754989624023,-1.815446191
V148Q,-0.5382475852966309,-1.743905637
V148R,-0.4111137390136719,-0.695470395
V148S,0.20847487449645996,0.024555947
V148T,0.00018167495727539062,0.49022569
V148W,-1.406343936920166,-2.419583399
V148N,-0.06481623649597168,-0.883181467
T149V,-0.038811683654785156,-2.644402785
T149S,0.3297443389892578,0.871029127
T149A,-0.2207505702972412,-2.745502376
T149C,-1.3690276145935059,-2.326231158
T149D,-0.19132423400878906,-2.84798462
T149E,-0.17737388610839844,-2.4662039890000003
T149F,-0.3717610836029053,-3.233620853
T149G,-0.18201732635498047,-2.908469548
T149R,-0.39275360107421875,-3.392105999
T149K,-0.0949103832244873,-2.522099892
T149I,-0.15182828903198242,-2.017853836
T149L,0.08135700225830078,-3.488041245
T149M,-1.2782180309295654,-2.125788184
T149N,-0.14796972274780273,-2.275449815
T149P,-0.5130152702331543,-2.686184065
T149Q,-0.6681535243988037,-2.702239447
T149Y,-0.17594289779663086,-2.292446101
T149H,-1.2190675735473633,-1.972365765
T149W,-1.293212890625,-2.30025288
V150D,-1.0152993202209473,-1.040787968
V150C,-1.6221466064453125,-1.462910356
V150E,-1.1386520862579346,-0.6119433639999999
V150A,-0.619398832321167,1.835260321
V150Y,-0.31731128692626953,0.253250802
V150W,-1.4866137504577637,0.801840785
V150T,-0.680281400680542,0.367809767
V150S,-0.4151172637939453,1.6185427959999998
V150Q,-1.4843449592590332,1.289493088
V150P,-1.2022109031677246,-1.435789781
V150N,-0.9661703109741211,-0.273019967
V150R,-1.2391188144683838,-1.99694761
V150L,0.03987622261047363,0.7634014840000001
V150K,-1.088709831237793,-1.338381163
V150I,-0.04522585868835449,-0.398061088
V150H,-1.9098701477050781,-0.4152356
V150G,-0.5044336318969727,0.049148175
V150F,-0.22517752647399902,1.20841127
V150M,-1.6445879936218262,-0.329079979
S151I,-0.44886088371276855,-3.088171815
S151C,-1.8216207027435303,-1.841596691
S151D,-0.24740147590637207,-2.368749545
S151E,-0.4487736225128174,-2.524411353
S151F,-0.7778050899505615,-2.091658886
S151G,-0.6434519290924072,-2.117120711
S151A,-0.6845204830169678,-0.207336835
S151K,-0.4586026668548584,-1.961993559
S151H,-1.2668747901916504,-1.982417393
S151M,-1.9389402866363525,-1.5925956019999998
S151L,-0.34252190589904785,-0.6918173120000001
S151Y,-0.2822306156158447,-2.615170538
S151W,-1.8542897701263428,-3.048840954
S151V,-0.41280364990234375,-2.385041389
S151P,-1.0033948421478271,-3.201529012
S151R,-0.5635716915130615,-2.325811385
S151Q,-0.9549164772033691,-2.3846448540000003
S151N,-0.37328219413757324,-2.250348752
S151T,-0.028573274612426758,-1.458514067
C152A,0.8087682723999023,-2.768419897
C152D,0.7571263313293457,-2.896124957
C152E,0.635948896408081,-2.820775302
C152F,0.8496081829071045,-2.535810052
C152G,1.0949618816375732,-2.505571726
C152H,-0.3349456787109375,-3.2558930110000004
C152I,1.0632336139678955,-3.780851057
C152K,0.5740680694580078,-2.755923896
C152M,-0.40500974655151367,-3.126543849
C152N,0.684337854385376,-3.53841602
C152P,0.6158578395843506,-2.729560304
C152R,0.43009519577026367,-3.154466592
C152S,1.2236499786376953,-2.466549477
C152T,0.8058438301086426,-2.843269092
C152V,1.056725263595581,-2.978746714
C152W,-0.34871959686279297,-2.439419372
C152Y,0.6903495788574219,-2.136113447
C152L,1.262739896774292,-3.159925548
C152Q,0.11406564712524414,-3.01969254
S153Y,-0.577488899230957,0.469448366
S153W,-1.8439993858337402,-0.927226241
S153V,-0.6898431777954102,0.336468507
S153T,-0.38910508155822754,0.942379203
S153R,-0.9059948921203613,0.167873067
S153Q,-1.0345420837402344,0.811231837
S153P,-0.7822632789611816,1.010386126
S153M,-2.105775833129883,-0.451240766
S153L,-0.588822603225708,0.175030398
S153K,-0.7094986438751221,0.155877966
S153N,-0.33523035049438477,1.063674173
S153H,-1.4581332206726074,0.082948044
S153G,-0.36446619033813477,0.7380149090000001
S153F,-0.9356811046600342,-0.246093676
S153E,-0.5048031806945801,0.820049363
S153D,-0.10695385932922363,-0.7362921379999999
S153C,-2.0425267219543457,-1.2804906109999998
S153A,-0.9270195960998535,-0.26814596
S153I,-0.7586750984191895,0.7971799190000001
H154N,1.2910468578338623,0.120802851
H154P,0.744333028793335,-1.7092722969999998
H154Q,0.5646829605102539,0.107858915
H154Y,1.1234736442565918,-0.363549666
H154S,1.7124288082122803,0.439217351
H154T,1.1824655532836914,1.05436951
H154M,-0.06984329223632812,0.354592801
H154R,0.8182210922241211,0.14048141
H154L,1.3902561664581299,-0.686070438
H154V,1.3941020965576172,0.571966834
H154I,1.203974723815918,0.079253987
H154G,1.704817771911621,-1.709540066
H154F,1.0321204662322998,-0.8101936040000001
H154E,1.0792956352233887,0.40429843
H154D,1.4154651165008545,0.699457489
H154C,-0.047516822814941406,-0.34440954
H154A,1.176110029220581,1.058320354
H154W,-0.05411863327026367,-0.154118531
H154K,1.0246305465698242,-0.7646457870000001
R155A,0.49591898918151855,0.009136032
R155Y,0.3564565181732178,0.6866283879999999
R155G,1.0879406929016113,0.006998767
R155D,1.5119688510894775,-1.586170747
R155W,-1.0992624759674072,-0.964829204
R155V,0.26120543479919434,0.046095458
R155T,0.9014623165130615,-0.104135369
R155S,1.398879051208496,-0.019830678
R155C,0.08280777931213379,-2.566607742
R155P,0.45177626609802246,-3.140387918
R155N,1.2234065532684326,0.347919691
R155Q,0.1380770206451416,0.260451049
R155L,0.6421985626220703,0.187298775
R155K,0.6752538681030273,-0.30742247
R155I,0.28937315940856934,0.158414326
R155H,-0.22470712661743164,0.112673352
R155F,0.1142430305480957,-0.629430552
R155E,0.7143173217773438,-0.01663463
R155M,-0.9174268245697021,-0.326828106
G156I,-0.7101736068725586,-2.498796931
G156A,-0.7247927188873291,0.116277655
G156C,-1.7749943733215332,-1.735824377
G156D,0.13851118087768555,0.386527811
G156E,-0.3206143379211426,-0.259299244
G156F,-0.8162662982940674,-1.919960793
G156H,-1.5352323055267334,-0.571547527
G156K,-0.5106706619262695,-0.476851077
G156V,-0.6164455413818359,-1.50411508
G156M,-1.8496465682983398,-0.435581334
G156Y,-0.7144031524658203,-1.317448078
G156L,-0.3574833869934082,-2.428534152
G156T,-0.4107511043548584,-0.982100328
G156S,0.09121894836425781,0.168633635
G156W,-1.8469371795654297,-1.3825386780000002
G156Q,-0.9516868591308594,-0.005099513
G156P,-0.8158726692199707,-2.665306631
G156N,-0.034056663513183594,-0.4581174320000001
G156R,-0.9211111068725586,-1.452662298
K157G,0.4877147674560547,0.577843531
K157A,-0.04425334930419922,-0.411462353
K157C,-1.0959985256195068,-2.035079477
K157D,0.42051053047180176,0.323367216
K157E,-0.03303933143615723,0.621998191
K157F,-0.3415052890777588,-0.808167427
K157H,-1.0322530269622803,0.219617593
K157P,-0.5198423862457275,-1.898949429
K157L,0.004916667938232422,-0.287234057
K157M,-1.2446177005767822,0.263624463
K157N,0.38118863105773926,0.022883409
K157V,-0.10428071022033691,-0.093905711
K157Q,-0.454608678817749,0.07662052
K157R,-0.480243444442749,-0.859431616
K157S,0.718634843826294,0.222054443
K157T,0.19797134399414062,1.000146743
K157I,-0.07945632934570312,0.248338405
K157Y,-0.15578746795654297,-0.295805514
K157W,-1.4978969097137451,-1.485935376
S158V,0.12602996826171875,-1.28870801
S158W,-1.5710687637329102,-1.410490167
S158A,-0.35262060165405273,0.9002790420000001
S158C,-1.3321387767791748,-2.420430357
S158D,-0.28082752227783203,-0.653668733
S158E,-0.523369550704956,-1.084681385
S158F,-0.5478315353393555,-1.49565198
S158G,-0.19793415069580078,-1.7302124980000002
S158H,-1.404247522354126,0.289089198
S158Q,-1.0453894138336182,-0.019454854
S158K,-0.6381754875183105,0.091004052
S158L,0.16582655906677246,0.6267693520000001
S158M,-1.3832910060882568,0.149625741
S158N,-0.31818675994873047,-1.1697251709999998
S158P,-0.5128412246704102,0.565980825
S158Y,-0.43431663513183594,-0.05398455
S158R,-0.9090838432312012,-1.120489645
S158T,-0.19539260864257812,0.628431566
S158I,0.09676241874694824,-0.514005753
S159V,-0.33085179328918457,-2.7486241110000003
S159T,-0.3076496124267578,-0.431265429
S159R,-0.8166017532348633,-2.269087639
S159Q,-1.1095237731933594,-0.149281089
S159P,-0.6988670825958252,-2.629608397
S159N,-0.47391676902770996,-1.201320382
S159M,-1.8326632976531982,-1.237286558
S159G,-0.17701172828674316,0.324640935
S159K,-0.7272589206695557,-0.8760174490000001
S159I,-0.342731237411499,-2.609554135
S159H,-1.4145658016204834,-0.275851828
S159F,-0.677375078201294,-2.117679676
S159E,-0.5359985828399658,0.182916623
S159D,-0.21719574928283691,-0.295425458
S159C,-1.6793553829193115,-2.523212572
S159L,-0.19032788276672363,-1.824653348
S159A,-0.6123199462890625,-0.161779766
S159W,-1.6108882427215576,-1.892863923
S159Y,-0.4620816707611084,-2.386356814
F160I,0.2386946678161621,-3.710220512
F160T,0.5594007968902588,-3.570207557
F160S,0.880950927734375,-3.2891928810000004
F160R,-0.04455828666687012,-3.825976288
F160Q,-0.20164704322814941,-3.834985239
F160P,0.09067320823669434,-3.649694384
F160N,0.46727442741394043,-3.504569897
F160M,-1.2313759326934814,-1.6928658909999998
F160L,0.32961130142211914,-3.597756179
F160H,-0.6509406566619873,-2.585273439
F160G,0.6582772731781006,-3.299470029
F160K,0.2878115177154541,-3.585084063
F160D,0.6623950004577637,-3.092618317
F160V,0.3225255012512207,-2.7219996610000003
F160W,-1.0924785137176514,-2.682721934
F160E,0.38179492950439453,-3.5752398210000003
F160Y,0.18214821815490723,-2.572341571
F160A,0.13353943824768066,-3.18323838
F160C,-0.9139363765716553,-3.024226399
Y161W,-1.0953259468078613,-2.614692628
Y161V,-0.00482630729675293,-3.937984947
Y161T,0.2511284351348877,-3.10769015
Y161L,0.1415872573852539,-3.759345783
Y161Q,-0.30366992950439453,-3.106573866
Y161P,-0.1824359893798828,-3.682583027
Y161N,0.3195838928222656,-3.391590476
Y161M,-1.3182668685913086,-3.208833503
Y161R,-0.2442636489868164,-4.129239262
Y161K,0.10776424407958984,-3.979015162
Y161S,0.5966565608978271,-3.765369658
Y161H,-0.8033185005187988,-2.302369368
Y161A,-0.04659271240234375,-4.099710728
Y161D,0.4311084747314453,-2.689130417
Y161C,-1.0283794403076172,-2.999850234
Y161F,-0.32268595695495605,-1.041341555
Y161G,0.4349970817565918,-3.995316979
Y161E,0.21578621864318848,-2.805112559
Y161I,-0.048069000244140625,-3.652724058
R162Y,-0.14638757705688477,-2.754898142
R162W,-1.4468920230865479,-2.920846765
R162A,0.018693923950195312,-2.749100857
R162N,0.6373341083526611,-0.787254171
R162V,-0.24122881889343262,-3.634750965
R162T,0.22196412086486816,-2.30339589
R162S,0.7331719398498535,-1.119352094
R162Q,-0.13694405555725098,-2.553251883
R162P,0.32720375061035156,-3.758182878
R162E,0.4037468433380127,-2.598791206
R162L,-0.044510841369628906,-3.794633001
R162K,0.4067728519439697,-0.577741067
R162I,-0.3804893493652344,-3.455486524
R162H,-0.6937763690948486,-0.7468616240000001
R162G,0.7039511203765869,-2.256258838
R162F,-0.3822214603424072,-3.368532227
R162C,-1.1914904117584229,-2.591127123
R162D,0.777245044708252,-2.954154913
R162M,-1.49873948097229,-2.753121896
N163Y,-0.6744327545166016,-3.41462869
N163W,-1.9511990547180176,-3.243812525
N163V,-0.7300138473510742,-4.105040466
N163T,-0.4162282943725586,-2.3503994180000003
N163S,0.056929588317871094,-2.81993902
N163R,-0.7149286270141602,-4.55495557
N163Q,-0.8843464851379395,-3.490314943
N163L,-0.5688095092773438,-4.826908851000001
N163M,-1.7570767402648926,-3.397374277
N163K,-0.4078052043914795,-2.473933177
N163I,-0.9160943031311035,-3.032196875
N163H,-1.1125824451446533,-2.674803119
N163G,-0.012082576751708984,-4.27499585
N163F,-1.0313801765441895,-3.824933239
N163E,-0.4119725227355957,-3.549841104
N163D,0.12452435493469238,-2.612365412
N163C,-1.4802970886230469,-3.33832241
N163A,-0.47604942321777344,-3.969297296
N163P,-0.49788904190063477,-4.339804383
L164E,0.14700794219970703,-3.459047203
L164D,0.42272257804870605,-3.353408662
L164Y,-0.08018660545349121,-3.622992523
L164A,-0.10185503959655762,-4.246025295
L164F,-0.40070676803588867,-1.959928395
L164C,-1.0367555618286133,-2.731578814
L164G,0.7662353515625,-3.633784448
L164M,-1.1698651313781738,-1.276482094
L164I,-0.08518743515014648,-0.5771384279999999
L164K,-0.018706321716308594,-3.23926195
L164V,-0.03828716278076172,-1.36838516
L164T,0.15167903900146484,-3.919669728
L164S,0.5045597553253174,-2.919553547
L164R,-0.2559983730316162,-4.215844552
L164Q,-0.37270116806030273,-3.315060476
L164P,-0.26403045654296875,-3.737857145
L164N,0.35452890396118164,-3.267146808
L164H,-0.8565213680267334,-3.41301121
L164W,-1.1515836715698242,-2.485850751
L165Y,-0.18500375747680664,-1.654081539
L165V,-0.13634610176086426,-0.549983061
L165A,-0.3130979537963867,-1.681720495
L165C,-1.5338025093078613,-2.7067979330000003
L165D,0.06333208084106445,-2.579934895
L165F,-0.39925718307495117,-1.115010179
L165G,-0.11908555030822754,-1.810138622
L165H,-1.1247103214263916,-1.645243105
L165W,-1.5398435592651367,-2.460579845
L165I,-0.11123204231262207,-1.893152362
L165N,-0.11365079879760742,-1.844022148
L165P,-0.5579566955566406,-3.513571771
L165Q,-0.5876924991607666,-2.448973166
L165R,-0.4982764720916748,-2.911271521
L165S,0.23903703689575195,-2.301595146
L165T,-0.010285377502441406,-3.248706847
L165K,-0.15510010719299316,-2.6944588210000004
L165E,-0.0036630630493164062,-2.44276881
L165M,-1.6055569648742676,-2.187702956
W166A,1.1572518348693848,-3.725850364
W166Y,1.2021763324737549,-3.987917764
W166V,1.3642537593841553,-3.819399249
W166T,1.4215776920318604,-3.718390126
W166S,1.6992673873901367,-3.2968094210000003
W166R,0.8291022777557373,-2.33599052
W166P,1.0359432697296143,-3.544876476
W166N,1.3701634407043457,-3.865633661
W166M,-0.1880044937133789,-2.8520110080000003
W166L,1.4665119647979736,-3.527072122
W166Q,0.6311635971069336,-3.664290517
W166I,1.3029780387878418,-4.074410828
W166K,1.232623815536499,-3.928330625
W166D,1.5605270862579346,-3.610362402
W166E,1.5470449924468994,-3.312874877
W166C,-0.023227691650390625,-2.751004684
W166G,1.1052172183990479,-3.614150238
W166H,0.14823698997497559,-3.196317222
W166F,1.0722429752349854,-3.1530413530000003
L167M,-1.4841644763946533,-2.233463911
L167C,-1.335634708404541,-2.6292340430000003
L167D,-0.07928156852722168,-3.469907623
L167E,-0.09150528907775879,-3.104477234
L167F,-0.4972386360168457,-3.87890167
L167G,-0.39299893379211426,-3.826362865
L167H,-1.282566785812378,-3.885228445
L167I,-0.1627955436706543,-0.177700996
L167K,-0.19317054748535156,-3.329725197
L167A,-0.5500609874725342,-2.975902206
L167N,-0.12300515174865723,-3.0674960380000003
L167Q,-0.7253425121307373,-2.799228088
L167R,-0.6978914737701416,-3.914362142
L167S,-0.14309906959533691,-4.498778813
L167T,-0.22818636894226074,-2.365071307
L167V,-0.1526501178741455,0.230547871
L167W,-1.456739902496338,-2.890599936
L167Y,-0.5240261554718018,-3.308065249
L167P,-1.0740621089935303,-2.364007781
T168Y,-0.1079864501953125,-0.741931255
T168W,-1.2986383438110352,-2.93923622
T168V,-0.01908135414123535,-2.038362836
T168S,0.3175086975097656,-1.441561212
T168R,-0.2385241985321045,-1.964394907
T168Q,-0.3427891731262207,-1.051329544
T168P,-0.2819850444793701,-4.228499791
T168D,0.5013678073883057,-2.652057859
T168K,0.22164177894592285,-1.847187228
T168M,-1.1915793418884277,-1.743664277
T168L,0.20178699493408203,-0.8542378270000001
T168I,-0.11682939529418945,-1.893166564
T168H,-0.9716038703918457,-2.196859693
T168G,0.05178546905517578,-1.27481482
T168F,-0.36144065856933594,-1.977193384
T168C,-1.163346290588379,-2.009003599
T168A,-0.0063877105712890625,-2.24659892
T168N,0.2363884449005127,-2.284672931
T168E,0.3917112350463867,-2.306594966
K169V,-0.14312362670898438,-0.028053381
K169T,-0.23117637634277344,-0.05996558
K169A,-0.22856783866882324,0.590369438
K169C,-1.4262166023254395,-0.928007169
K169D,0.027948617935180664,-3.293436682
K169E,0.17317700386047363,-0.282768716
K169F,-0.6647353172302246,-2.120327131
K169G,0.08106255531311035,-0.020141911
K169H,-1.2297511100769043,-0.7129251999999999
K169I,-0.3781862258911133,-1.344091511
K169L,-0.13225102424621582,-0.809791785
K169M,-1.630958080291748,-0.458907781
K169N,0.029771804809570312,-1.032843862
K169P,-0.2632145881652832,-2.549210398
K169Q,-0.5745933055877686,-0.062597818
K169R,-0.46129560470581055,-0.25170867
K169S,0.15811920166015625,0.266003892
K169W,-1.5416922569274902,-2.288138564
K169Y,-0.3923070430755615,-3.2562801360000004
K170Y,-0.4374830722808838,-0.031840954
K170A,-0.143265962600708,0.304391324
K170W,-1.6911342144012451,-1.037854652
K170V,-0.5693299770355225,-1.162106668
K170T,0.044277191162109375,-0.8032236309999999
K170S,0.489764928817749,-0.202943275
K170R,-0.6349296569824219,0.064850601
K170Q,-0.5884160995483398,-0.739929026
K170P,-0.42894721031188965,-2.719841005
K170N,0.5838620662689209,-0.359749614
K170I,-0.5393359661102295,-0.957441115
K170H,-1.0581724643707275,-0.6509654739999999
K170G,0.0056416988372802734,-1.190165172
K170F,-0.7824246883392334,-0.569619798
K170E,0.2192385196685791,-0.418759404
K170D,0.6725010871887207,-0.717499019
K170C,-1.2378818988800049,-1.7822999430000002
K170L,-0.2424314022064209,-0.412645939
K170M,-1.6832897663116455,0.141102973
G171V,-0.3637878894805908,-1.5747351630000002
G171R,-1.0070164203643799,-2.61686683
G171A,-0.40152883529663086,-0.28869288
G171Y,-0.32677197456359863,-0.713544427
G171T,-0.29903388023376465,-0.375295727
G171S,-0.00949239730834961,0.102269618
G171Q,-0.9814460277557373,0.176889025
G171W,-1.557922124862671,-2.031921007
G171N,0.17427849769592285,0.597771304
G171M,-1.4346954822540283,-0.63274049
G171P,-0.52813720703125,-2.801583163
G171K,-0.30283427238464355,-1.507413619
G171I,0.06518006324768066,-1.778814362
G171H,-1.389951467514038,-0.954602336
G171F,-0.40752649307250977,-0.257372839
G171E,-0.41227245330810547,-0.056701243
G171D,0.1048121452331543,0.213129396
G171C,-1.147796630859375,-2.807202415
G171L,0.3907005786895752,-0.0870735369999999
D172H,-1.2108516693115234,-1.954164261
D172A,-0.11696004867553711,-1.13065271
D172C,-1.0158119201660156,-3.166946769
D172E,0.21570920944213867,0.618528304
D172F,0.18541789054870605,-3.1631912910000004
D172G,0.12916994094848633,-2.215087648
D172I,0.6284868717193604,-0.90851094
D172T,0.18519878387451172,-0.80767014
D172L,0.5771195888519287,-2.149336432
D172K,0.32861924171447754,-3.081955007
D172W,-1.0902056694030762,-3.083257288
D172Y,0.15396857261657715,-1.995981699
D172S,0.4580817222595215,-1.043499558
D172V,0.32850193977355957,-1.214412686
D172Q,-0.45450448989868164,-1.3961220840000002
D172P,-0.7763676643371582,-1.079624548
D172N,-0.002116680145263672,-1.274159481
D172M,-1.1682448387145996,-1.603329056
D172R,-0.5078446865081787,-3.817430421
S173M,-1.9635632038116455,-0.885414763
S173V,-0.28002285957336426,0.7861039040000001
S173R,-0.8711984157562256,-1.601508231
S173Q,-1.0240566730499268,-0.72485316
S173P,-0.6730964183807373,-1.490412071
S173N,-0.2613518238067627,0.417571671
S173L,-0.15805459022521973,-0.484774095
S173F,-0.5767238140106201,0.177069191
S173I,-0.1567683219909668,-0.511305615
S173H,-1.5788042545318604,0.048906122
S173G,-0.42896580696105957,-0.909615615
S173W,-1.7375290393829346,-0.036873703
S173E,-0.39572834968566895,0.731556378
S173D,-0.31121015548706055,0.932327958
S173C,-1.504509687423706,-3.346011031
S173A,-0.6608932018280029,-0.76303861
S173K,-0.16362380981445312,-2.420233833
S173Y,-0.44251155853271484,0.46994981
S173T,-0.14642071723937988,0.437543947
Y174A,0.002280712127685547,-3.923450971
Y174V,0.503350019454956,-4.048186079
Y174T,0.37537312507629395,-3.639494776
Y174S,0.5549068450927734,-3.266561594
Y174R,-0.4848480224609375,-3.744379746
Y174Q,-0.48396778106689453,-3.438603464
Y174P,-0.15146112442016602,-4.007546799
Y174N,0.32106637954711914,-2.610974342
Y174C,-0.3788466453552246,-2.818144592
Y174M,-1.0487761497497559,-2.515337897
Y174K,0.16736507415771484,-3.664551289
Y174I,0.725649356842041,-3.4712323730000003
Y174H,-1.0979657173156738,-2.796355981
Y174G,-0.17977285385131836,-3.692487367
Y174F,0.07744884490966797,-1.548097194
Y174E,-0.22595882415771484,-3.110224532
Y174D,0.11698508262634277,-2.1262764830000003
Y174L,0.904376745223999,-3.973971834
Y174W,-1.2834553718566895,-0.856165343
P175A,0.46903014183044434,0.892691369
P175W,-0.11832833290100098,-0.232566051
P175V,1.12900710105896,0.41163527
P175T,0.8096723556518555,0.255317843
P175S,0.9462893009185791,0.983343356
P175R,0.37735581398010254,0.538426086
P175Q,0.25501465797424316,0.517660604
P175N,0.5624175071716309,0.354150066
P175M,-0.5093104839324951,0.764657127
P175Y,0.9624085426330566,0.7565049970000001
P175L,1.255772590637207,0.3515062879999999
P175I,1.1038861274719238,0.075008052
P175H,-0.2897183895111084,0.554464069
P175G,0.5969328880310059,0.816077798
P175F,0.818749189376831,-0.42986807
P175E,0.6182055473327637,0.5249098729999999
P175D,0.5415294170379639,0.65665887
P175C,-0.32936835289001465,-0.436608349
P175K,0.7299282550811768,1.160910035
K176A,0.12253999710083008,-0.473738904
K176C,-0.9345433712005615,-1.334044655
K176W,-0.8873879909515381,-0.982888587
K176D,0.3413515090942383,-1.185563885
K176E,0.23465228080749512,-0.55692262
K176F,0.27472567558288574,0.062133349
K176G,0.1474297046661377,-1.052515954
K176H,-0.802372932434082,0.838224162
K176I,0.7003650665283203,-0.238550074
K176L,0.7473242282867432,0.466866736
K176M,-0.8994777202606201,0.397679588
K176N,0.2887611389160156,-0.674094009
K176P,-0.2247905731201172,0.120341023
K176Q,-0.3806130886077881,-0.07963047
K176R,-0.31815552711486816,-0.773577669
K176S,0.5563313961029053,-0.32433825
K176T,0.33429479598999023,0.139157056
K176V,0.6988515853881836,-0.228885481
K176Y,0.33465576171875,0.146343052
L177C,-1.6069111824035645,-1.917366823
L177E,-0.8414714336395264,-2.985425522
L177F,-0.4774792194366455,-0.916413091
L177G,-0.5934195518493652,-2.820893283
L177H,-1.8363275527954102,-1.634128966
L177I,0.0443880558013916,0.038516252
L177K,-0.982417106628418,-3.081684792
L177A,-0.8364105224609375,0.330710291
L177N,-0.6871869564056396,-2.737747544
L177P,-0.9719090461730957,-3.718323761
L177Q,-1.5379343032836914,-2.896702209
L177R,-1.3780076503753662,-3.313534875
L177S,-0.49497151374816895,-0.970128737
L177T,-0.6037795543670654,-0.012777042
L177V,-0.2606797218322754,1.000692701
L177W,-1.4436357021331787,-1.577271417
L177Y,-0.5619697570800781,-1.557475987
L177D,-0.6998183727264404,-3.269892383
L177M,-1.730602502822876,-0.607611667
T178I,0.6342184543609619,-0.986883612
T178W,-0.7979066371917725,-0.6425554179999999
T178V,0.4613158702850342,-0.339880372
T178S,0.23503899574279785,-0.151270927
T178R,-0.5151658058166504,-1.605496181
T178Q,-0.6876990795135498,-1.4832706759999998
T178P,-0.3305847644805908,-3.5331422910000003
T178N,-0.13341593742370605,-1.263230174
T178M,-0.9624593257904053,-1.480039458
T178L,0.6784327030181885,0.028053168
T178K,-0.14596891403198242,-1.401533132
T178H,-1.1540343761444092,-0.567000938
T178G,-0.2373194694519043,-1.414824359
T178F,0.18601703643798828,-0.466399605
T178E,-0.10783648490905762,-0.571653075
T178D,-0.21270012855529785,-1.443801205
T178Y,0.14576148986816406,-0.776315675
T178C,-1.050257921218872,-2.272546229
T178A,-0.15112662315368652,0.343649384
N179W,-0.5169148445129395,-2.43371433
N179V,1.0766167640686035,-0.356927137
N179T,0.4744832515716553,-0.34257522
N179S,0.7272417545318604,0.422289267
N179R,-0.02177286148071289,-1.7188685380000002
N179Q,-0.15152454376220703,-0.290136976
N179P,-0.21688604354858398,-1.774015727
N179Y,0.6625676155090332,-1.889832082
N179L,1.2078752517700195,-1.3471478469999998
N179K,0.31263065338134766,-0.844992346
N179I,1.0217275619506836,-1.43245976
N179H,-0.6543111801147461,-1.972048658
N179G,0.5638737678527832,-0.327414181
N179F,0.7771182060241699,-0.329520043
N179E,0.23116779327392578,-1.001934257
N179D,0.020606517791748047,-1.4067520180000002
N179M,-0.4286079406738281,-0.832924363
N179A,0.5760924816131592,-0.442058054
N179C,-0.298175573348999,-1.729671501
S180R,-0.40168285369873047,-1.015800004
S180Y,0.306107759475708,-0.665018938
S180Q,-0.6948151588439941,-0.648812003
S180V,0.8571476936340332,-0.274786912
S180A,0.020804882049560547,-0.52779708
S180C,-0.8579831123352051,-2.23412099
S180D,-0.5849099159240723,-1.080487719
S180E,-0.315920352935791,0.157816135
S180W,-1.0123381614685059,-0.432596823
S180G,-0.21167325973510742,-1.169716966
S180F,0.47963714599609375,-0.368237759
S180P,-0.6682236194610596,-2.439927298
S180N,-0.4994816780090332,-0.288134507
S180M,-0.8751168251037598,-0.797323977
S180T,0.06301546096801758,-0.388895135
S180K,-0.31783056259155273,-0.984615839
S180I,0.9299261569976807,-1.290712225
S180H,-1.2183809280395508,-1.365583155
S180L,0.8893039226531982,-1.102890653
Y181C,-1.0603487491607666,-2.510137839
Y181T,0.3054654598236084,-3.97631203
Y181S,0.31471967697143555,-3.652989133
Y181R,-0.6218585968017578,-4.194671811
Y181Q,-0.6847133636474609,-3.382684754
Y181P,-0.4715907573699951,-2.802063404
Y181V,0.48958730697631836,-3.890241534
Y181N,-0.24534869194030762,-3.041524298
Y181K,-0.07610583305358887,-3.203351014
Y181L,0.6634247303009033,-3.826757026
Y181I,0.6284389495849609,-3.74604506
Y181H,-1.4710602760314941,-2.773243141
Y181F,0.21831846237182617,-0.895716752
Y181E,-0.13386106491088867,-3.5284744439999995
Y181D,-0.21390247344970703,-2.759625481
Y181A,-0.26053524017333984,-3.92412635
Y181M,-1.2635893821716309,-2.644581283
Y181G,-0.4722456932067871,-4.207282088
Y181W,-0.833930253982544,-0.474520319
V182L,0.5617215633392334,-0.544365315
V182S,-0.11480021476745605,-0.7822101859999999
V182R,-0.6329073905944824,-0.5920055120000001
V182Q,-0.9545838832855225,0.091002486
V182P,-0.7087199687957764,-2.064775988
V182N,-0.4657409191131592,-0.702460049
V182M,-1.4936940670013428,0.054890954
V182T,-0.3250861167907715,0.371480755
V182K,-0.279710054397583,-0.7636989390000001
V182H,-1.5689990520477295,-0.88560035
V182G,-0.650571346282959,-2.131709214
V182F,0.09703278541564941,-0.285885759
V182E,-0.5434482097625732,-1.211022751
V182D,-0.6786906719207764,-1.267112915
V182C,-1.2310106754302979,-0.4216566470000001
V182I,0.3028988838195801,-0.418796985
V182W,-0.9915049076080322,0.504267886
V182Y,-0.12839841842651367,-0.313028437
V182A,-0.6774158477783203,-0.413391976
N183D,0.09920907020568848,-2.834033224
N183Y,-0.1829373836517334,-3.227352438
N183T,0.045076847076416016,-3.019864697
N183S,0.18111753463745117,-2.573256566
N183R,-0.5502662658691406,-4.1120974630000005
N183Q,-0.7718708515167236,-3.539656292
N183P,-0.7848618030548096,-3.663074156
N183M,-1.3349967002868652,-3.0430654839999995
N183L,0.6705410480499268,-4.222770958
N183K,0.022286653518676758,-2.341470348
N183I,0.34711575508117676,-3.30992563
N183H,-1.3761625289916992,-2.642250158
N183G,-0.5401022434234619,-4.02113989
N183F,0.026395320892333984,-3.044701025
N183E,-0.03348946571350098,-2.959027665
N183C,-1.4986872673034668,-1.968601827
N183V,0.27222728729248047,-3.865568417
N183W,-1.3212976455688477,-2.985560562
N183A,-0.43313121795654297,-3.355124945
N184T,-0.014556169509887695,0.314436818
N184V,0.17810940742492676,0.119372846
N184Y,-0.32822108268737793,-0.508834159
N184Q,-0.4335002899169922,-0.002140155
N184P,0.19333100318908691,-3.391912294
N184M,-1.1251680850982666,-0.235906941
N184R,-0.24209213256835938,-0.816812798
N184K,0.2201840877532959,-0.009830656
N184I,0.27163219451904297,-0.784897903
N184L,0.5985562801361084,-0.00185723
N184H,-1.30556321144104,-1.042268418
N184G,0.02699112892150879,-0.332465686
N184F,-0.18023157119750977,-1.59608033
N184E,0.38086843490600586,-0.08092491
N184D,-0.0437014102935791,0.123790124
N184C,-1.194603681564331,-1.375848023
N184A,0.07468056678771973,-0.913074916
N184W,-1.3028395175933838,-1.240887999
N184S,0.3977632522583008,0.623201345
K185V,-0.5005393028259277,-0.639403547
K185T,0.049787282943725586,-2.630340983
K185S,0.41669321060180664,-2.833273934
K185R,-0.7344181537628174,-0.7791729540000001
K185Q,-0.5322127342224121,-0.269630264
K185N,0.6335654258728027,-1.101182674
K185P,-0.4477348327636719,-3.098472943
K185L,-0.01829242706298828,-0.55468978
K185I,-0.31372690200805664,-0.694917068
K185H,-1.2375822067260742,-1.930390899
K185G,-0.04039502143859863,-1.3577857130000002
K185F,-0.5271530151367188,-0.581710708
K185E,-0.028525829315185547,-1.155365535
K185C,-1.4685416221618652,-2.178411962
K185A,-0.31651830673217773,-0.842241525
K185Y,-0.43526458740234375,-1.6907307719999998
K185W,-1.574068546295166,-1.4037206919999998
K185M,-1.824880599975586,-0.375103255
K185D,0.5593264102935791,-2.38031884
G186D,-0.24393343925476074,-0.412396641
G186C,-2.092057943344116,-3.042244415
G186E,-0.5262157917022705,-0.209573471
G186F,-1.338296890258789,-2.345973138
G186H,-2.021162748336792,-1.321881151
G186I,-1.0407495498657227,-2.88246291
G186K,-0.48105931282043457,-0.894040499
G186L,-0.6579840183258057,-0.950660678
G186A,-0.9478702545166016,-0.70001793
G186M,-2.1365654468536377,-1.667788408
G186P,-1.0064358711242676,-1.340385298
G186Q,-1.2438809871673584,-2.189415041
G186R,-1.1452317237854004,-0.394275576
G186S,-0.2937941551208496,-0.253783285
G186T,-0.48662829399108887,-0.5025660670000001
G186V,-1.0866119861602783,-1.978839272
G186N,-0.1243739128112793,-2.240734128
G186W,-2.2614238262176514,-1.796171062
G186Y,-1.2097594738006592,-2.849912153
K187R,-0.8306975364685059,-0.387781551
K187Y,-0.9789936542510986,-2.581475027
K187W,-2.473111629486084,-2.641397423
K187V,-0.9494142532348633,-0.654140453
K187T,-0.821509838104248,-0.475227136
K187S,-0.45586395263671875,-1.19909154
K187Q,-1.1369009017944336,-0.469351941
K187P,-1.3690152168273926,-3.724375497
K187M,-2.1716322898864746,-1.372075389
K187N,-0.1734161376953125,-0.392362593
K187I,-0.9652903079986572,-0.76173908
K187H,-1.8154237270355225,-1.7617556319999998
K187G,-0.4588305950164795,-1.835391856
K187F,-1.350694179534912,-2.386981918
K187E,-0.5560474395751953,-1.099697409
K187D,-0.29073429107666016,-2.715299109
K187C,-1.9517884254455566,-0.6070455339999999
K187A,-1.0467443466186523,-1.266898143
K187L,-0.9612874984741211,-0.8561816520000001
E188R,-0.08798432350158691,-1.390977701
E188P,0.13402748107910156,-0.1819518
E188Q,-0.5905194282531738,-0.496643796
E188S,0.033883094787597656,-0.760729192
E188V,-0.43764233589172363,-0.827516371
E188W,-1.9602155685424805,-1.098233093
E188Y,-0.5220322608947754,-1.802871679
E188N,0.26193666458129883,-2.07231442
E188T,-0.03869819641113281,-1.168801626
E188M,-1.629678726196289,-1.568890098
E188D,0.20708608627319336,-0.190521141
E188K,0.3567929267883301,-1.728019933
E188L,-0.3780226707458496,-0.627332298
E188C,-1.7380247116088867,-2.644822419
E188F,-1.0434653759002686,-0.754583879
E188A,-0.47467875480651855,-1.4597903419999998
E188H,-1.097017765045166,-0.736716473
E188I,-0.5455770492553711,-1.534829003
E188G,-0.18693900108337402,-2.086959085
V189L,0.06691813468933105,-1.711855783
V189T,-0.14638376235961914,-2.6901288460000004
V189W,-1.4691572189331055,-3.2284884
V189S,-0.01066732406616211,-3.83234844
V189R,-0.37974023818969727,-3.913913898
V189Q,-0.7871663570404053,-3.609969358
V189P,-0.664766788482666,-3.993904382
V189N,-0.036165714263916016,-3.725696509
V189K,-0.09432673454284668,-3.673578362
V189M,-1.3252086639404297,-2.299000513
V189H,-1.0942754745483398,-3.595317849
V189I,-0.05001688003540039,-0.89193549
V189A,-0.34381103515625,-2.739924541
V189C,-1.364326000213623,-2.66363844
V189Y,-0.175628662109375,-3.436166329
V189E,-0.29752326011657715,-3.429148211
V189F,-0.4749281406402588,-3.4067442210000003
V189G,-0.131516695022583,-2.909142943
V189D,-0.1723461151123047,-3.378839287
L190C,-1.4984593391418457,-3.631717715
L190D,-0.428133487701416,-3.633337103
L190E,-0.2520451545715332,-3.125381898
L190F,-0.5097291469573975,-2.503684612
L190G,-0.3541262149810791,-4.163849647
L190H,-1.1985111236572266,-3.152516165
L190I,-0.19473814964294434,-2.782061638
L190K,-0.013895034790039062,-3.998209717
L190N,-0.4757704734802246,-3.442514213
L190P,-0.6036829948425293,-3.073865904
L190Q,-0.7687115669250488,-3.089043152
L190S,-0.07036161422729492,-4.157999759
L190T,-0.08526468276977539,-3.808427811
L190V,-0.09076213836669922,-2.538312351
L190W,-1.5580315589904785,-3.318654951
L190Y,-0.42359066009521484,-3.78836103
L190A,-0.3040800094604492,-2.772030758
L190M,-1.4946260452270508,-1.753158474
L190R,-0.27497243881225586,-4.015519664
V191C,-1.2367310523986816,-2.151945862
V191A,-0.08078241348266602,-2.37725516
V191Y,-0.22734451293945312,-2.7155740510000004
V191W,-1.375196933746338,-2.757345061
V191T,-0.13773274421691895,-3.406205147
V191S,0.27840662002563477,-3.937226708
V191R,-0.3265376091003418,-3.474969409
V191Q,-0.6705143451690674,-3.302470195
V191P,-0.6244974136352539,-3.958767223
V191N,-0.16408157348632812,-3.533586617
V191M,-1.2083740234375,-1.571407239
V191L,0.2543659210205078,-0.381880909
V191K,-0.08542227745056152,-3.85849211
V191I,-0.1077110767364502,-0.295318287
V191H,-1.056668996810913,-3.0659680380000003
V191G,-0.032146453857421875,-3.484677607
V191F,-0.2588982582092285,-2.3762315330000003
V191E,-0.1483323574066162,-2.655462953
V191D,-0.14942455291748047,-3.585945732
L192Y,-0.3709115982055664,-2.618906891
L192W,-1.495389461517334,-2.590586245
L192A,-0.2961139678955078,-2.736489379
L192V,-0.15660881996154785,-0.949185193
L192T,-0.3068418502807617,-2.387404098
L192S,0.02639174461364746,-3.848042908
L192R,-0.5964922904968262,-3.355363732
L192P,-0.8097577095031738,-2.624373017
L192N,-0.3415262699127197,-3.4999794910000004
L192M,-1.5946474075317383,-1.35350841
L192K,-0.48912596702575684,-3.393114913
L192Q,-0.8619298934936523,-2.381019591
L192H,-1.098686695098877,-3.330721667
L192G,-0.06087517738342285,-3.563583266
L192F,-0.4379270076751709,-1.510891866
L192E,-0.35462093353271484,-3.325709469
L192D,-0.220869779586792,-3.445974007
L192C,-1.3213701248168945,-3.275504877
L192I,-0.23848938941955566,-0.793774523
W193I,1.1319019794464111,-3.981315942
W193A,1.4682731628417969,-3.710142164
W193C,0.2780120372772217,-3.022397733
W193D,1.5625991821289062,-3.477966055
W193E,1.0599915981292725,-3.378529914
W193F,1.0886061191558838,-1.138282789
W193G,1.7918744087219238,-3.209400496
W193H,0.5830795764923096,-3.299578542
W193Y,1.105771541595459,-1.803678577
W193K,0.841890811920166,-2.8334815410000003
W193M,0.10382890701293945,-2.925537398
W193N,1.3657889366149902,-3.777463646
W193P,0.9982759952545166,-3.665214498
W193Q,0.586958646774292,-3.354324192
W193R,0.7198522090911865,-3.273276199
W193S,1.7971694469451904,-3.568638839
W193T,1.44818115234375,-3.82180753
W193V,1.278698444366455,-2.904405749
W193L,1.4933984279632568,-3.054441451
G194A,-0.5288805961608887,-0.598594857
G194Q,-0.7572574615478516,-3.17835137
G194R,-0.6886677742004395,-4.354465632
G194V,-0.9135475158691406,-3.332790377
G194T,-0.36306190490722656,-4.365874954
G194P,-0.5156526565551758,-3.77377173
G194S,0.0010197162628173828,-3.137287347
G194N,0.1049189567565918,-3.521124134
G194I,-1.0195379257202148,-3.994308071
G194L,-0.6046772003173828,-4.371554366
G194K,-0.4152717590332031,-3.5201384260000004
G194Y,-0.9418537616729736,-3.840056784
G194H,-0.9897944927215576,-3.676206652
G194F,-1.0926134586334229,-3.745819642
G194E,-0.28908777236938477,-3.293303546
G194D,0.4450845718383789,-2.636897326
G194C,-1.690180778503418,-2.992816506
G194M,-1.801450252532959,-3.32001501
G194W,-2.121110439300537,-3.2598632110000003
V195L,0.29662537574768066,-1.188780226
V195H,-0.3042621612548828,-3.841500176
V195A,0.19635391235351562,-2.061047765
V195E,0.30811142921447754,-3.546642572
V195Y,0.11617469787597656,-3.022279477
V195C,-0.7083485126495361,-2.456395369
V195D,0.7283556461334229,-2.609932966
V195W,-0.884296178817749,-2.601290296
V195G,0.9468188285827637,-3.330185482
V195T,0.3179314136505127,-3.3034232789999995
V195R,-0.18723344802856445,-4.406830317
V195Q,-0.21745586395263672,-3.599075942
V195P,-0.09120965003967285,-3.868902837
V195N,0.533135175704956,-3.688740024
V195M,-0.8537108898162842,-1.78824114
V195I,0.14370179176330566,-0.788673326
V195S,0.7141804695129395,-4.222566931999999
V195F,0.03250527381896973,-2.042307929
V195K,0.0005114078521728516,-3.7116129
H196A,0.6740038394927979,-3.677605462
H196W,-0.589165210723877,-2.924027242
H196V,0.6731166839599609,-4.062212262
H196T,0.922022819519043,-3.791743174
H196S,1.225006103515625,-4.090638711
H196R,0.33666276931762695,-2.169301526
H196Q,0.2603025436401367,-2.697900787
H196P,0.728543758392334,-3.959243752
H196Y,0.7750880718231201,-3.046199432
H196N,1.1040010452270508,-2.79995441
H196L,0.9071927070617676,-3.786006904
H196K,0.5882902145385742,-3.748200901
H196I,0.7230534553527832,-3.894070012
H196G,1.1734366416931152,-3.794753095
H196F,0.5131416320800781,-3.28998382
H196E,0.6525692939758301,-3.38890491
H196D,1.0771558284759521,-3.1282544110000003
H196M,-0.44257164001464844,-3.47384224
H196C,-0.5212154388427734,-3.427689043
H197K,0.5541949272155762,-2.494515215
H197D,0.9028270244598389,0.449861208
H197Y,0.7594432830810547,-0.5521699520000001
H197W,-0.7184033393859863,-0.655935053
H197V,0.7268400192260742,-1.416844288
H197T,0.844628095626831,-1.697952333
H197S,1.147660732269287,-0.460138019
H197R,0.3544495105743408,-2.050356621
H197Q,0.23767805099487305,-0.365028282
H197P,0.4201774597167969,-3.633860739
H197N,1.0474166870117188,0.59303092
H197M,-0.45066022872924805,-0.202408883
H197L,1.0885882377624512,-1.287307851
H197I,0.7908105850219727,-0.8718569690000001
H197G,0.8767447471618652,-1.967734424
H197F,0.5567736625671387,-0.383135657
H197E,0.4321761131286621,-0.765349223
H197C,-0.13794279098510742,-1.174895168
H197A,0.6571097373962402,-0.382286181
P198L,0.32796192169189453,-2.414399685
P198C,-1.0827720165252686,-2.130632562
P198A,-0.13027238845825195,-1.866930233
P198Y,0.04047083854675293,-2.412763681
P198V,0.013574600219726562,-1.7106070969999998
P198T,0.150848388671875,-2.700870747
P198S,0.5414586067199707,-1.628040142
P198R,-0.4890575408935547,-2.977098094
P198Q,-0.44040346145629883,-2.398080746
P198N,0.15642356872558594,-2.6160448080000003
P198W,-1.0957283973693848,-2.020352868
P198K,-0.2917289733886719,-2.920942119
P198I,0.12786865234375,-2.538049679
P198H,-0.7734835147857666,-1.932638944
P198G,0.39345645904541016,-2.625142727
P198F,-0.018291473388671875,-2.50850425
P198E,-0.3835442066192627,-2.484436464
P198D,0.10532283782958984,-2.450029725
P198M,-1.2729535102844238,-2.18404678
S199Y,-0.42493534088134766,-1.457677445
S199D,-0.1235191822052002,-1.703266882
S199E,-0.5438249111175537,-0.841440352
S199F,-0.43002891540527344,0.244224866
S199G,-0.21688127517700195,-1.137102027
S199I,-0.28521203994750977,-1.454473215
S199K,-0.5874791145324707,-1.770065125
S199L,0.07532882690429688,-2.6962084510000004
S199Q,-0.9523630142211914,-1.57606053
S199N,-0.20009851455688477,-1.676570558
S199P,-0.901674747467041,-1.292703577
S199R,-1.0870437622070312,-1.7101236169999998
S199T,-0.3565073013305664,-1.649553459
S199V,-0.31023240089416504,-1.259175718
S199C,-1.583963394165039,-1.547754885
S199W,-1.6062726974487305,-1.251557782
S199M,-1.4799613952636719,-1.322324768
S199A,-0.5210068225860596,-1.894603115
S199H,-1.3666605949401855,-1.447644103
S200G,-0.31916022300720215,-0.691586569
S200D,-0.6790437698364258,-2.189793091
S200E,-0.9868478775024414,-1.827496443
S200F,-0.2736787796020508,-2.080815753
S200H,-1.5907626152038574,-1.7107143809999998
S200I,-0.2256927490234375,-1.806459628
S200K,-0.7266311645507812,-1.132442746
S200C,-1.4155609607696533,-1.31345625
S200L,0.10971879959106445,-1.555834185
S200N,-0.5801036357879639,-1.427362406
S200P,-0.8278427124023438,-2.321189543
S200Q,-1.1959643363952637,-1.89618396
S200R,-1.1628401279449463,-1.829609835
S200T,-0.38889455795288086,-1.235085279
S200V,-0.37931156158447266,-1.94172673
S200M,-1.4239602088928223,-1.757447069
S200A,-0.6206574440002441,-1.780084636
S200W,-1.2549021244049072,-1.721074397
S200Y,-0.42339324951171875,-2.178310257
S201T,-0.3474447727203369,-0.144818425
S201P,-0.5983521938323975,-0.922111821
S201N,-0.5486600399017334,-0.410620745
S201M,-1.611954689025879,-0.560905993
S201L,-0.05013918876647949,0.628515551
S201K,-0.44037294387817383,-0.979514208
S201I,-0.2692101001739502,0.026304832
S201H,-1.8822801113128662,0.546391913
S201G,-0.44754815101623535,-0.222343295
S201V,-0.46979260444641113,-0.897189334
S201F,-0.4393486976623535,-0.72995804
S201E,-0.621779203414917,-0.304962261
S201D,-0.6171796321868896,0.152286268
S201C,-1.6779944896697998,-0.688388863
S201A,-0.6573398113250732,0.6862115409999999
S201Y,-0.6767899990081787,-0.103396586
S201W,-1.2969934940338135,-0.313622821
S201Q,-1.132431983947754,0.140411088
S201R,-0.9854774475097656,-0.853267782
D202C,-1.1045446395874023,-3.165387425
D202W,-0.8534302711486816,-2.595258473
D202A,0.02882242202758789,-1.3315429
D202F,-0.09599113464355469,-1.829323379
D202G,0.3162515163421631,-1.7442292069999998
D202H,-1.228501319885254,-1.7919004019999998
D202I,0.13449358940124512,-0.903215179
D202K,0.07909893989562988,-1.81900842
D202V,0.012833118438720703,-1.384028799
D202L,0.29657793045043945,-1.530035076
D202N,0.15280461311340332,-1.466558399
D202P,-0.035985708236694336,-2.713235859
D202Q,-0.3649172782897949,-1.42037292
D202R,-0.4479649066925049,-3.029466483
D202S,0.6741282939910889,-0.8803485390000001
D202E,0.020013093948364258,0.528058397
D202M,-1.2059721946716309,-1.953046083
D202T,0.22223424911499023,-1.978997453
D202Y,-0.1576690673828125,-1.717319724
E203C,-0.7790775299072266,-2.7613507580000003
E203A,0.06789922714233398,-2.7930993560000004
E203D,-0.020948410034179688,-2.658699572
E203F,0.32813358306884766,-3.945596165
E203G,0.1978602409362793,-3.249919292
E203H,-0.9293766021728516,-2.831274937
E203I,0.5651669502258301,-3.042732642
E203L,0.6794905662536621,-3.3885229110000004
E203M,-0.7970907688140869,-2.860686026
E203N,0.22859525680541992,-3.525798258
E203K,0.038524627685546875,-2.590297404
E203Q,-0.325289249420166,-2.6481072080000003
E203R,-0.4473385810852051,-2.461494757
E203S,0.5323963165283203,-3.867457214
E203T,0.19169306755065918,-2.50325053
E203V,0.3086676597595215,-3.230279814
E203W,-0.4937009811401367,-2.58319161
E203Y,0.39131879806518555,-3.508360648
E203P,-0.10747909545898438,-4.302213134
Q204M,0.04862022399902344,-2.383678939
Q204N,0.6233482360839844,-3.2532351060000004
Q204P,0.14850974082946777,-4.031045305
Q204V,0.9824998378753662,-3.586830773
Q204T,0.5250487327575684,-3.698315045
Q204W,0.2849588394165039,-3.13313979
Q204L,1.5795574188232422,-3.875764117
Q204R,0.18659305572509766,-3.715183837
Q204K,0.41916513442993164,-2.758596406
Q204S,0.7589797973632812,-2.822240054
Q204H,-0.6177687644958496,-2.154122014
Q204G,0.45101404190063477,-4.008739653
Q204F,1.027566909790039,-3.590114062
Q204E,0.15151715278625488,-2.196856513
Q204D,0.18539857864379883,-3.431975179
Q204C,-0.11258077621459961,-3.3741446230000003
Q204Y,0.9286785125732422,-3.688525051
Q204A,0.6900537014007568,-1.076885941
Q204I,1.3788814544677734,-4.03955141
Q205A,0.5504744052886963,0.344501941
Q205I,1.4764182567596436,0.7734308529999999
Q205D,0.13691139221191406,0.5041024470000001
Q205Y,0.8860347270965576,-0.348779622
Q205W,-0.13278841972351074,-0.879544897
Q205V,1.2118055820465088,-0.223767786
Q205T,0.5657556056976318,-0.761189439
Q205C,-0.04393887519836426,-2.481653217
Q205R,0.3512613773345947,-1.801756918
Q205P,0.15745091438293457,-2.96512303
Q205N,0.4746105670928955,0.537476424
Q205S,0.8253660202026367,-0.702584165
Q205L,1.4524085521697998,-0.764813566
Q205M,-0.25443387031555176,-0.448345198
Q205F,1.0056211948394775,-1.103386261
Q205G,0.4986269474029541,-1.30661843
Q205E,0.12865257263183594,0.589718205
Q205K,0.6295592784881592,-1.02358275
Q205H,-0.5263082981109619,-0.8667201379999999
S206C,-1.1809144020080566,-1.091374825
S206A,-0.10564589500427246,-0.7460574409999999
S206K,-0.07890558242797852,-2.074285262
S206D,-0.5667557716369629,0.125166385
S206E,-0.45117878913879395,0.80739775
S206F,0.05883216857910156,-1.153189923
S206G,-0.39223647117614746,-0.284371866
S206H,-1.117509365081787,-0.943767544
S206I,0.454587459564209,-0.7570137459999999
S206L,0.4927101135253906,-0.969420019
S206P,-0.469921350479126,-3.940966001
S206N,-0.30884313583374023,-1.06150803
S206Q,-0.46039295196533203,-1.216346708
S206R,-0.1629047393798828,-3.144766036
S206T,-0.09811973571777344,-0.463923342
S206V,0.37821388244628906,-0.558780767
S206W,-0.6905736923217773,-2.741976274
S206Y,0.21750855445861816,-0.609796433
S206M,-1.1064066886901855,-0.759882701
L207Q,-1.1891541481018066,-2.8264756
L207P,-1.2032101154327393,-4.070680288999999
L207N,-0.6167912483215332,-3.280121682
L207M,-1.8300533294677734,-0.963185971
L207K,-0.6522412300109863,-2.146243342
L207I,-0.053232669830322266,-1.70264043
L207H,-1.728041648864746,-1.676004028
L207D,-0.8309168815612793,-3.644011199
L207F,-0.36989378929138184,-3.066825863
L207E,-1.0346319675445557,-2.94547709
L207C,-1.4645483493804932,-1.903311293
L207R,-0.8695950508117676,-2.657095481
L207W,-1.5633721351623535,-2.474276875
L207A,-0.8123354911804199,-3.244722284
L207G,-0.6668782234191895,-4.222730158
L207S,-0.26315784454345703,-3.541562271
L207V,-0.31540393829345703,-2.286765701
L207T,-0.5617129802703857,-3.080345017
L207Y,-0.5236251354217529,-2.356270482
Y208A,-0.29581141471862793,-4.254633972
Y208R,-0.604602575302124,-4.101234108
Y208Q,-0.6668312549591064,-3.659556271
Y208P,-0.32552313804626465,-4.123781546
Y208N,0.29833388328552246,-3.021773306
Y208M,-1.2530853748321533,-3.2616006260000003
Y208L,0.7084579467773438,-4.202615087
Y208K,-0.2547447681427002,-3.547785858
Y208I,0.4601914882659912,-3.852197654
Y208H,-1.2449495792388916,-2.581677093
Y208G,-0.3229682445526123,-3.92132506
Y208F,0.1461644172668457,-3.109263696
Y208E,-0.471660852432251,-3.644877175
Y208D,0.6418697834014893,-3.2601680460000004
Y208S,0.46057605743408203,-3.462370825
Y208T,0.008271932601928711,-4.145704894
Y208V,0.10183596611022949,-4.168299686
Y208W,-0.868480920791626,-3.173550869
Y208C,-0.8787727355957031,-3.205009243
S209Y,-0.403810977935791,-0.63601559
S209W,-1.4536750316619873,-1.490941696
S209V,-0.03590750694274902,-1.086887528
S209T,-0.4748857021331787,0.139981696
S209R,-0.34819483757019043,-1.023702391
S209Q,-0.5876297950744629,-0.38864246
S209P,-0.4956657886505127,-0.225353274
S209N,-0.25853586196899414,-0.0073146209999999
S209L,0.2686178684234619,-0.314161734
S209K,-0.06754326820373535,-1.540337099
S209I,0.06470084190368652,-0.97920645
S209H,-1.3939025402069092,-0.7439585459999999
S209G,-0.48743367195129395,0.684362005
S209F,-0.2668330669403076,-0.7302994429999999
S209M,-1.548560380935669,-0.081657705
S209D,-0.43485569953918457,-0.044181551
S209E,-0.21272993087768555,-0.408456291
S209A,-0.35180068016052246,0.494102881
S209C,-1.73478102684021,-1.570317245
N210Q,-0.8283874988555908,0.052343101
N210R,-0.8183495998382568,0.222303967
N210S,0.10776734352111816,0.406020048
N210T,-0.3421332836151123,0.694339409
N210L,0.06063246726989746,-0.419770174
N210K,-0.4103262424468994,0.15475497
N210I,-0.34250521659851074,0.799034824
N210H,-1.5252811908721924,0.251377894
N210M,-1.4780385494232178,0.184005194
N210G,-0.23946452140808105,0.368508781
N210E,-0.6655352115631104,-0.239094675
N210D,-0.2589104175567627,-0.351489816
N210V,-0.4996626377105713,0.347559713
N210W,-1.5444958209991455,-1.038880541
N210Y,-0.4690406322479248,-0.561423307
N210C,-1.757873296737671,-2.072382692
N210A,-0.36223411560058594,0.591486056
N210F,-0.46051025390625,-0.54564137
N210P,-0.7337968349456787,-0.175199882
G211A,-0.24341440200805664,0.129214564
G211W,-1.2660584449768066,-1.021149392
G211T,-0.4411938190460205,-0.038823222
G211C,-1.5753726959228516,-2.6958429660000003
G211Y,-0.3123435974121094,-1.026587361
G211S,-0.06661510467529297,-0.241862365
G211R,-0.7364850044250488,-2.182328232
G211Q,-0.8576691150665283,-1.360549786
G211P,-0.5179696083068848,0.558312144
G211N,-0.25299596786499023,-0.356034879
G211V,-0.12035202980041504,-1.031681772
G211M,-0.9977655410766602,-0.635136293
G211K,-0.5157747268676758,-0.821879185
G211I,0.19115924835205078,-0.877639174
G211H,-1.5989975929260254,-0.53838689
G211F,-0.21244287490844727,-0.707717079
G211E,-0.5210003852844238,-0.994692527
G211D,-0.4790830612182617,-0.395453318
G211L,0.576570987701416,-0.455772445
N212F,-0.45413875579833984,0.096135089
N212E,-0.22454237937927246,0.5678310999999999
N212I,-0.09510040283203125,-0.774446002
N212K,0.1973247528076172,-0.498256629
N212H,-1.3014914989471436,-0.290612162
N212Y,-0.1430673599243164,-0.858706313
N212W,-1.3896851539611816,-0.992285086
N212V,-0.16006088256835938,0.046759521
N212T,-0.002009868621826172,-1.7002503480000002
N212S,0.18395614624023438,-1.617378804
N212D,-0.19352364540100098,-0.58519854
N212R,-0.36109399795532227,-1.166570345
N212Q,-0.4883232116699219,0.112168126
N212P,-0.9088008403778076,0.091649922
N212M,-1.1571176052093506,-0.695087503
N212L,-0.03336739540100098,-0.754563267
N212A,-0.3056528568267822,0.083346614
N212C,-1.6515107154846191,-2.979883951
N212G,0.01114511489868164,-0.382753018
A213V,0.3315606117248535,0.361659954
A213H,-0.8475615978240967,-0.425036495
A213P,-0.2125847339630127,0.009711009
A213N,0.2264401912689209,-0.378941041
A213M,-1.1816346645355225,-1.030054054
A213L,0.3244354724884033,-2.102646577
A213K,0.13395094871520996,0.016577047
A213I,0.29080653190612793,-1.4728120619999998
A213G,0.36489439010620117,-0.738931065
A213F,-0.04690408706665039,-1.4864848119999998
A213E,-0.128312349319458,-2.8808585589999995
A213D,-0.0021941661834716797,-1.2298545790000002
A213C,-1.0905334949493408,-0.802499945
A213R,0.05398917198181152,-0.860029006
A213Q,-0.33718371391296387,-2.034329993
A213W,-1.1244089603424072,-2.455420904
A213S,0.44533443450927734,0.381090687
A213T,0.21996760368347168,-0.263643271
A213Y,0.2786104679107666,-1.484027224
Y214W,-0.9368398189544678,-1.603537087
Y214C,-1.2709650993347168,-1.414580931
Y214V,0.42806005477905273,-0.46078452
Y214T,0.17639493942260742,-2.335560135
Y214S,0.27707386016845703,-1.351205807
Y214R,-0.5211730003356934,-1.705658562
Y214Q,-0.7375822067260742,-0.973036797
Y214P,-0.2688722610473633,-2.948671498
Y214D,-0.39301252365112305,-2.109158332
Y214M,-0.8596880435943604,-0.79534766
Y214N,-0.16205453872680664,-1.905911955
Y214G,-0.16994762420654297,-2.319702945
Y214E,-0.4812288284301758,-0.082211857
Y214H,-1.422947883605957,-0.931597511
Y214F,-0.013302326202392578,-1.139491285
Y214I,0.3963189125061035,-0.996368341
Y214A,0.08212828636169434,-1.953343631
Y214K,-0.3932027816772461,-1.322179587
Y214L,0.520665168762207,-1.644675005
V215C,-1.4753384590148926,-3.248514854
V215D,-0.6768789291381836,-3.126658265
V215E,-0.8319249153137207,-3.180468334
V215F,-0.16808152198791504,-2.421613297
V215G,-0.22642278671264648,-3.955425556
V215H,-1.5241470336914062,-3.465546831
V215I,0.06513762474060059,-0.913728964
V215K,-0.6664373874664307,-3.301503223
V215M,-1.4847569465637207,-2.442743224
V215Y,-0.22110342979431152,-3.308604025
V215N,-0.4645504951477051,-3.528895487
V215P,-1.0321664810180664,-4.191790987
V215R,-0.7067375183105469,-3.983720645
V215S,0.05096101760864258,-4.109275728
V215T,-0.3514266014099121,-2.888713244
V215W,-1.4117140769958496,-2.7992658560000003
V215A,-0.36494016647338867,-2.04562867
V215L,0.18244528770446777,-2.015694506
V215Q,-0.9522547721862793,-3.092737779
S216F,-0.5721819400787354,-0.356778834
S216Y,-0.37673354148864746,-0.062487569
S216G,-0.13498425483703613,-2.176296905
S216H,-1.2696244716644287,-1.993638158
S216I,-0.4898951053619385,-0.05008052
S216K,-0.3079662322998047,-1.7708941969999998
S216D,-0.23294353485107422,-0.791903032
S216N,-0.22087478637695312,-2.071087047
S216E,-0.33378171920776367,-3.117187325
S216P,-0.5997874736785889,-2.602331717
S216R,-0.4702928066253662,-0.400582923
S216T,-0.3105621337890625,-0.778516212
S216V,-0.3436903953552246,-0.355965632
S216W,-1.524705410003662,-0.947328675
S216C,-1.6243982315063477,-1.81462657
S216A,-0.22812390327453613,-0.356810624
S216Q,-0.7296781539916992,0.154587072
S216M,-1.4464967250823975,-0.307270834
S216L,-0.1835622787475586,-0.859354905
V217L,0.15608859062194824,-3.021789615
V217C,-1.1722757816314697,-3.042846506
V217D,-0.038101911544799805,-3.1021053760000004
V217E,-0.3850245475769043,-2.9285657689999995
V217T,0.008554458618164062,-3.233276893
V217S,0.3961961269378662,-4.0354074560000015
V217R,-0.5919907093048096,-3.734452103
V217A,-0.11079978942871094,-3.207863184
V217Q,-0.7355344295501709,-3.219610126
V217N,0.018166303634643555,-3.429519419
V217M,-1.2575953006744385,-2.574309488
V217K,-0.3648064136505127,-3.4744778430000003
V217I,-0.04466557502746582,-2.149932727
V217H,-1.3762404918670654,-2.8327871030000003
V217G,0.09197807312011719,-3.484387845
V217P,-0.41451334953308105,-3.845777256
V217F,-0.16987347602844238,-3.288261542
V217W,-1.1605355739593506,-2.903149953
V217Y,-0.15335726737976074,-3.264146842
A218V,0.18584060668945312,-0.242073909
A218S,0.664689302444458,0.394491361
A218R,-0.2870972156524658,-1.839830675
A218Q,-0.5255212783813477,-0.580993698
A218W,-0.9290156364440918,1.21119109
A218P,0.2519247531890869,-3.198492205
A218N,0.4626758098602295,-1.873200382
A218D,0.47333860397338867,-1.69577972
A218L,0.49323511123657227,-0.374898445
A218K,-0.06437325477600098,-2.183033832
A218I,0.2725565433502197,-0.567510811
A218H,-0.95932936668396,0.40954544
A218G,0.30325889587402344,-1.903566321
A218F,0.08834171295166016,-0.160785655
A218E,-0.2303180694580078,-0.99341008
A218C,-0.9896948337554932,-0.492776209
A218M,-1.0487492084503174,-0.459470547
A218T,0.2649233341217041,-0.315319239
A218Y,0.2799813747406006,-0.560629763
S219D,0.22742581367492676,-1.915265311
S219E,-0.684166431427002,-2.834691515
S219F,-0.8438482284545898,-2.164830744
S219G,-0.20268869400024414,-0.943499006
S219H,-1.5087733268737793,-1.7955951140000002
S219I,-0.7406129837036133,-2.5294999380000003
S219K,-0.6509914398193359,-1.261283191
S219C,-1.741504192352295,-1.236848318
S219L,-0.4257068634033203,-2.6361018240000003
S219P,-0.6958699226379395,-3.131943194
S219Q,-1.140923023223877,-1.373671206
S219R,-1.0986828804016113,-3.398276568
S219T,-0.49753689765930176,-0.930316985
S219V,-0.751988410949707,-1.706310278
S219W,-1.9290432929992676,-1.107122416
S219Y,-0.831200122833252,-2.281900247
S219M,-1.857165813446045,-2.03452047
S219A,-0.6402542591094971,-0.457293877
S219N,-0.013032913208007812,-2.768743043
S220E,-0.430647611618042,-0.394352781
S220A,-0.506453275680542,-0.094471387
S220Y,-0.7526905536651611,-0.476241698
S220C,-1.8995277881622314,-1.226070953
S220D,-0.2750530242919922,-0.050531909
S220W,-1.664278268814087,-1.024811086
S220V,-0.6862196922302246,-0.477347182
S220F,-0.9232704639434814,0.38343746
S220R,-0.8613402843475342,1.266632145
S220T,-0.45708727836608887,-0.072972498
S220P,-0.43044114112854004,0.47835975
S220N,-0.2613811492919922,0.6006246679999999
S220M,-1.6561377048492432,1.194224569
S220L,-0.4253983497619629,0.506305336
S220K,-0.4599759578704834,0.3660094270000001
S220I,-0.692979097366333,-1.246640803
S220H,-1.7330296039581299,0.301237238
S220G,0.12046074867248535,0.182987403
S220Q,-1.0376322269439697,0.1628551869999999
N221S,0.2461411952972412,-0.631973364
N221Y,-0.42307400703430176,-0.354676551
N221R,-0.5550146102905273,-0.266977562
N221Q,-0.8305091857910156,-0.726804789
N221P,-0.5533337593078613,-2.436981515
N221E,-0.10708212852478027,-0.692674453
N221L,0.0666499137878418,0.278498477
N221K,-0.19436883926391602,-0.914862686
N221I,-0.14925312995910645,-2.324576989
N221H,-1.4335665702819824,-0.560540485
N221G,0.21656131744384766,-0.054303048
N221F,-0.4970102310180664,-1.7905030780000002
N221D,0.2002391815185547,0.407526017
N221C,-1.291658878326416,-1.012712888
N221A,-0.30556797981262207,-0.106791363
N221M,-1.4219412803649902,-1.201577558
N221T,-0.17496871948242188,-0.047507372
N221V,-0.1831667423248291,-1.473700356
N221W,-1.565068244934082,-0.531318263
Y222E,0.20803356170654297,-2.38847943
Y222F,0.03468656539916992,0.02431022
Y222G,0.9686582088470459,-3.458506182
Y222H,-0.8798513412475586,-0.8046967190000001
Y222I,0.20217037200927734,-0.884835863
Y222K,0.25177717208862305,-1.969864742
Y222L,0.5401263236999512,-0.936337747
Y222M,-0.9202661514282227,-0.345560881
Y222N,0.5007903575897217,-2.784789683
Y222P,0.2641434669494629,-4.3132759080000005
Y222Q,-0.26500415802001953,-1.912038938
Y222R,-0.08019304275512695,-1.95927905
Y222S,0.6991467475891113,-1.402376331
Y222T,0.3330867290496826,-1.184273569
Y222D,0.3102891445159912,-2.125386805
Y222C,-1.0527219772338867,-1.687112551
Y222W,-0.816591739654541,-0.566737295
Y222A,0.24107599258422852,-1.996267326
Y222V,0.04549360275268555,-1.106347035
N223H,-1.0974664688110352,0.271302663
N223W,-0.998283863067627,-1.294597445
N223A,-0.17348003387451172,-0.29577571
N223V,0.16505074501037598,0.086104208
N223T,-0.00921010971069336,-2.515673874
N223G,0.1485762596130371,-0.426828704
N223S,0.3387632369995117,-2.015696332
N223Q,-0.5078527927398682,-0.762491149
N223P,-0.3240845203399658,-4.508576164
N223M,-1.110504388809204,-1.489490393
N223L,0.5334830284118652,0.092846582
N223K,-0.04679059982299805,-2.020124582
N223E,-0.22856736183166504,0.606572994
N223I,0.2575407028198242,0.338940347
N223R,-0.30936670303344727,-1.820076376
N223F,-0.05495572090148926,1.062255937
N223C,-1.104701042175293,-0.855778437
N223D,-0.24223756790161133,-0.00623293
N223Y,-0.0437159538269043,0.9001375690000001
R224A,0.24622011184692383,-0.400520015
R224C,-0.7972421646118164,-1.334125889
R224D,0.13473892211914062,-2.4631415530000003
R224E,0.07195162773132324,-1.342647519
R224F,0.1602323055267334,-1.184874325
R224G,0.7879586219787598,-0.146061367
R224H,-0.6966612339019775,0.081949278
R224K,0.3309645652770996,-0.474826804
R224I,0.5304477214813232,-1.798828235
R224N,0.5001316070556641,-0.293526654
R224P,0.4202308654785156,-3.682037939
R224Q,-0.04270029067993164,-0.34822725
R224S,0.6234548091888428,-0.6499576260000001
R224T,0.4223198890686035,-1.209871962
R224V,0.4455409049987793,-1.36061584
R224W,-0.7669856548309326,-1.015947233
R224Y,0.3768589496612549,-1.724194271
R224M,-0.7844953536987305,-1.42139258
R224L,0.6625795364379883,-1.252877451
R225D,0.3747437000274658,-2.715527853
R225E,0.10553860664367676,-2.824210544
R225Y,0.5449223518371582,-1.585981383
R225F,0.34032416343688965,-1.351034201
R225A,0.08086085319519043,-2.003365478
R225W,-0.7160634994506836,-2.03846758
R225G,0.3333549499511719,-2.176715448
R225C,-0.6911435127258301,-2.0947108080000003
R225I,0.6787643432617188,-1.6158516019999998
R225V,0.5306282043457031,-1.815772425
R225T,0.6402795314788818,-3.135317203
R225S,0.7360522747039795,-2.628432267
R225Q,-0.20463109016418457,-1.11739004
R225P,0.23541760444641113,-3.801288735
R225N,0.5760815143585205,-2.47436302
R225M,-0.84499192237854,-1.16323174
R225L,0.7128963470458984,-0.75906287
R225K,0.27127909660339355,-0.951635402
R225H,-0.6349563598632812,-2.1367992680000003
F226D,-0.40016961097717285,-0.820907783
F226W,-1.065467119216919,-0.8603780670000001
F226Y,0.005229949951171875,-0.370856945
F226A,-0.4539015293121338,-2.3409558880000003
F226C,-1.0222952365875244,-0.88505131
F226V,0.002445697784423828,0.225250264
F226E,-0.5059354305267334,-1.039344513
F226G,-0.10471129417419434,-2.953203534
F226R,-0.6873598098754883,-3.070980344
F226S,0.03874039649963379,-1.075090992
F226T,-0.002524852752685547,-1.013595532
F226P,-0.5520632266998291,-4.090688282
F226N,0.0012841224670410156,-2.647063341
F226Q,-0.7897229194641113,-1.345476524
F226L,0.353163480758667,-0.908927004
F226K,-0.24010729789733887,-3.038352095
F226I,0.30889391899108887,-0.033019798
F226H,-1.2926371097564697,-0.724494593
F226M,-1.1316025257110596,-0.415555069
T227F,-0.0652923583984375,-0.044337659
T227A,-0.2431480884552002,-0.248352537
T227C,-1.1156227588653564,-1.080491448
T227D,0.36588621139526367,-2.137928093
T227E,-0.379591703414917,-0.570957012
T227G,-0.17528033256530762,-1.625989335
T227M,-1.0690300464630127,-0.252687775
T227I,0.2678358554840088,0.802230395
T227H,-0.5719201564788818,-0.8880088079999999
T227W,-1.3279521465301514,-0.1631937319999999
T227S,0.3132615089416504,-0.311917039
T227R,-0.5239357948303223,-0.7071237579999999
T227Q,-0.5899922847747803,-0.666932417
T227V,0.06317305564880371,0.098460766
T227Y,0.054168701171875,-0.174221682
T227N,0.40990233421325684,-0.8987864179999999
T227L,0.4233052730560303,-0.101073346
T227K,-0.3316476345062256,-0.143710661
T227P,-0.6783523559570312,-3.310666594
P228F,0.057489633560180664,-3.005405169
P228W,-1.050605058670044,-2.923535302
P228A,0.10109615325927734,-0.29066131
P228C,-1.123485803604126,-1.967915786
P228D,0.18434810638427734,-2.917190179
P228E,-0.022739648818969727,-2.311964787
P228G,0.5797989368438721,-1.5855716009999998
P228Q,-0.5364956855773926,-3.306404924
P228I,0.2726576328277588,-0.072060829
P228K,-0.11964869499206543,-2.354516436
P228M,-0.9653103351593018,-2.294156139
P228N,0.10701847076416016,-0.875175697
P228R,-0.37938618659973145,-2.561205701
P228Y,0.024548768997192383,-1.928582011
P228S,0.2757694721221924,-0.660303686
P228H,-1.1664917469024658,-2.6991563810000003
P228L,0.4404106140136719,-1.871237225
P228V,0.37659621238708496,-0.295771888
P228T,0.06634235382080078,-0.873290288
E229D,-0.014750003814697266,-0.852998556
E229F,-0.41873836517333984,0.319025723
E229G,0.050600290298461914,-0.327618695
E229H,-1.4237675666809082,-0.6099331170000001
E229I,-0.10422801971435547,-1.901847172
E229K,-0.39614391326904297,-2.469757327
E229L,0.01774454116821289,-1.330341561
E229M,-1.3984837532043457,-1.867919917
E229C,-1.5138797760009766,-0.8642887109999999
E229N,-0.07208752632141113,-1.7482713019999998
E229Q,-0.6797630786895752,-0.7143789070000001
E229R,-0.7283403873443604,-1.363511371
E229S,0.12449955940246582,-0.14117193
E229T,-0.07618188858032227,0.0731858109999999
E229V,0.009009599685668945,-0.8784809109999999
E229W,-1.3868770599365234,0.581133814
E229Y,-0.36331844329833984,0.105099025
E229P,-0.6882767677307129,-2.21828284
E229A,-0.23310470581054688,-0.8176018840000001
I230A,0.07768869400024414,-1.427246866
I230C,-1.2366275787353516,-0.947039644
I230H,-1.114297866821289,-1.094794222
I230E,0.23805522918701172,-2.283982077
I230F,-0.22230219841003418,-1.015335746
I230G,0.3205869197845459,-2.751915514
I230Y,-0.22551822662353516,-0.8250545690000001
I230W,-1.3167552947998047,-1.769741727
I230V,-0.07476305961608887,0.471519095
I230D,0.293410062789917,-2.551236912
I230T,0.22053837776184082,-1.036853812
I230R,-0.7293415069580078,-1.886656182
I230Q,-0.30211305618286133,-0.866929851
I230P,-0.5024261474609375,-1.213984004
I230N,0.1330852508544922,-1.258950014
I230M,-0.9769082069396973,-1.352664494
I230L,0.22098779678344727,-0.491120089
I230S,0.15914440155029297,-1.361948723
I230K,-0.07426095008850098,-1.667865336
A231R,-0.40474677085876465,-0.965148536
A231W,-1.1791613101959229,0.707247362
A231Y,0.07471776008605957,0.535996905
A231C,-1.1018955707550049,-0.6674781
A231D,-0.10067296028137207,-0.7749280609999999
A231E,0.0068852901458740234,-3.189400655
A231F,0.13979387283325195,0.012637558
A231G,-0.011574506759643555,-1.568837336
A231H,-1.0557091236114502,-0.12105188
A231I,0.640632152557373,-0.954195001
A231K,0.06537342071533203,-1.55477652
A231L,0.6219406127929688,0.392636204
A231M,-0.8298883438110352,-0.282669162
A231N,0.05283617973327637,-1.112438795
A231P,0.044733285903930664,-3.5274993880000003
A231Q,-0.3612959384918213,0.626604965
A231T,0.23330402374267578,0.6146804060000001
A231V,0.4739034175872803,1.036198437
A231S,0.28865742683410645,0.081079669
A232M,-0.9081759452819824,0.8494292179999999
A232T,0.04392719268798828,-0.470028815
A232S,0.20439982414245605,-0.103761585
A232R,-0.4834451675415039,-0.277131474
A232Q,-0.6638355255126953,-0.016711303
A232P,-0.30538177490234375,0.272729033
A232N,0.12491440773010254,0.081762887
A232L,0.5596823692321777,0.983204514
A232K,-0.1496903896331787,0.028673716
A232V,0.45011329650878906,0.689007942
A232I,0.5433459281921387,1.120066176
A232G,0.29190969467163086,-0.435371094
A232F,0.17709946632385254,1.303732876
A232E,-0.2513415813446045,0.954749485
A232D,-0.11443376541137695,-0.133505829
A232C,-1.191507339477539,-0.211226251
A232Y,0.18365859985351562,0.966388213
A232H,-1.097031593322754,0.338578084
A232W,-0.9813621044158936,1.004457966
R233W,-0.8159005641937256,-2.280773325
R233P,0.24825453758239746,-4.011261149
R233N,0.9901666641235352,-2.500181032
R233M,-0.3044087886810303,-2.931593336
R233L,1.176447868347168,-3.124455635
R233Q,-0.019353628158569336,-3.295952621
R233T,0.7401933670043945,-3.337245949
R233Y,0.5467538833618164,-2.46447271
R233K,0.39232301712036133,-0.95371834
R233S,0.7910022735595703,-2.885689629
R233H,-0.21691441535949707,-2.097112491
R233G,0.5486187934875488,-3.302055724
R233F,0.5455923080444336,-2.50910083
R233E,0.255033016204834,-2.951652923
R233D,0.8763751983642578,-2.740935292
R233C,-0.3957641124725342,-3.3790427810000003
R233A,0.5442502498626709,-2.55842438
R233I,1.118086338043213,-2.742129633
R233V,0.8869173526763916,-3.3266070360000004
P234A,1.3521664142608643,-0.5997935000000001
P234Q,0.6771183013916016,-0.911847966
P234R,0.852959156036377,-0.265504097
P234S,1.0116348266601562,-0.885232639
P234W,0.6325607299804688,-1.2088601490000002
P234V,2.3633625507354736,0.015452973
P234N,1.0393719673156738,-0.3677749320000001
P234Y,1.8657145500183105,-0.862980773
P234T,1.105942964553833,-0.368856198
P234M,0.939490795135498,-0.433813514
P234G,1.193847417831421,-1.7757366680000002
P234K,0.9974708557128906,0.120327713
P234I,2.524686336517334,-0.462140818
P234H,0.29292869567871094,-0.77658629
P234F,1.9539258480072021,-0.431156398
P234E,0.8868963718414307,-1.6807099980000002
P234D,0.6747117042541504,-3.178611413
P234C,0.5603001117706299,-1.56425404
P234L,2.4059367179870605,-0.092161277
K235G,0.47406816482543945,-1.464265388
K235E,0.31256556510925293,-0.8393219940000001
K235F,0.6150693893432617,-0.150423452
K235T,0.3325536251068115,0.024720095
K235H,-0.8180320262908936,-1.7563302769999998
K235C,-1.0951478481292725,-0.189913618
K235A,0.1840202808380127,0.253769055
K235D,0.24833321571350098,-1.6992886530000002
K235I,0.9047441482543945,0.075485587
K235S,0.404254674911499,-0.101957141
K235M,-0.6127934455871582,-0.207309475
K235N,0.24177026748657227,-0.708365375
K235P,-0.21570730209350586,-0.362083466
K235Q,-0.2724928855895996,-0.536755416
K235R,-0.2886388301849365,0.658978063
K235V,0.959430456161499,0.79460149
K235Y,0.49524807929992676,-0.502565751
K235L,0.8414425849914551,0.996895125
K235W,-0.6957752704620361,-0.859082803
V236W,-0.8529667854309082,-0.665243646
V236T,-0.2734799385070801,-0.838357253
V236A,-0.4515342712402344,-0.002267326
V236C,-1.444441795349121,-1.301931385
V236D,-0.371196985244751,-0.709783768
V236E,-0.49279212951660156,-0.837262318
V236F,-0.11493682861328125,-0.420996207
V236G,-0.1392669677734375,-2.677439689
V236H,-1.298985242843628,-0.599557204
V236I,0.24846124649047852,0.508687219
V236K,-0.5456831455230713,-0.690776388
V236L,0.22666382789611816,-0.15494694
V236N,-0.21797537803649902,-0.432721489
V236P,-0.49391818046569824,-3.032716953
V236Q,-0.8657662868499756,-0.14758703
V236R,-0.7496678829193115,-0.6796635540000001
V236S,-0.15249919891357422,-0.380692704
V236Y,0.011821269989013672,-1.576856588
V236M,-1.3788104057312012,-0.023724591
R237T,0.672731876373291,-1.170257066
R237Y,0.5151362419128418,0.264872515
R237C,-0.5018298625946045,-1.439063678
R237D,0.28305506706237793,-0.934182594
R237E,0.1832590103149414,-2.118333085
R237F,0.4996335506439209,0.289740522
R237G,0.12545490264892578,-0.6415329989999999
R237H,-0.7386722564697266,0.518723716
R237I,1.0405151844024658,-0.878913079
R237V,0.8988916873931885,-0.891957193
R237K,0.49673032760620117,-0.633924858
R237L,0.97064208984375,1.021341932
R237M,-0.5446867942810059,0.6577027529999999
R237N,0.32762575149536133,0.674675015
R237P,-0.2161855697631836,-3.2081601280000003
R237Q,-0.1621096134185791,0.25707671
R237S,0.4811117649078369,-0.240508789
R237A,0.09842324256896973,-0.7962709259999999
R237W,-0.8059873580932617,-0.312278591
D238C,-1.0123012065887451,-3.132821042
D238W,-1.0551326274871826,-2.078992118
D238E,-0.3066074848175049,-0.51479465
D238F,0.20498204231262207,-2.805301303
D238G,-0.03845548629760742,-1.792750992
D238H,-0.9292933940887451,-2.34571734
D238I,0.5828289985656738,-2.861152724
D238K,-0.30125951766967773,-2.461894608
D238A,-0.24782752990722656,-2.829455088
D238L,0.6636545658111572,-3.468623257
D238P,-0.48883628845214844,-3.680387988
D238Q,-0.5623633861541748,-2.289277304
D238R,-0.46643567085266113,-3.333863787
D238S,0.16951560974121094,-2.301076688
D238T,0.02521347999572754,-0.321768066
D238V,0.34347009658813477,-2.941920807
D238N,0.026002883911132812,-2.007041356
D238M,-0.9103865623474121,-1.951128139
D238Y,0.13391900062561035,-2.648716691
Q239L,0.7866873741149902,-1.380127761
Q239V,0.5389940738677979,-1.056609921
Q239T,0.38454294204711914,-1.421395234
Q239S,0.752455472946167,-1.520756423
Q239R,0.23476505279541016,-1.766332826
Q239P,0.5129854679107666,-2.865719582
Q239N,0.42725086212158203,-0.741361924
Q239M,-0.5958685874938965,0.24272516
Q239K,0.7082595825195312,-1.547551224
Q239I,0.8180727958679199,-1.016757751
Q239H,-0.5132644176483154,0.103064034
Q239G,0.4036402702331543,-3.09901449
Q239F,0.3016228675842285,-2.116605051
Q239E,0.7966573238372803,-1.864743253
Q239D,0.46150946617126465,-1.67072821
Q239C,-0.8581733703613281,-1.951861312
Q239W,-0.9200239181518555,-2.077868503
Q239A,0.5098581314086914,-0.928481796
Q239Y,0.35898542404174805,-2.608984271
H240T,1.175459384918213,0.860610112
H240A,0.9616687297821045,0.117703337
H240C,-0.6462812423706055,-1.311590288
H240D,1.8024544715881348,-0.460771504
H240E,1.1040582656860352,0.688845888
H240F,0.930931568145752,-0.6259293570000001
H240G,1.042140007019043,-0.077069818
H240I,1.1480803489685059,1.43858132
H240V,0.9866225719451904,0.096968277
H240W,-0.12921714782714844,-0.887116798
H240L,1.385498046875,0.570046896
H240M,-0.1775979995727539,1.13765077
H240N,1.8149166107177734,0.517330077
H240P,0.24566030502319336,0.67100426
H240Q,0.7785704135894775,0.962892971
H240R,0.5241785049438477,-0.131212751
H240S,1.4385855197906494,0.107094557
H240K,0.9380755424499512,-0.940188982
H240Y,0.9967002868652344,-0.33652236
G241A,-0.5879518985748291,-3.5668388460000005
G241C,-1.8574450016021729,-3.036211928
G241K,-0.36817026138305664,-3.102408731
G241D,-0.3173823356628418,-2.515167588
G241E,-0.39902377128601074,-2.267908165
G241F,-0.6789839267730713,-3.002127049
G241H,-1.268343210220337,-2.340847976
G241I,-0.2731337547302246,-3.32248807
G241L,-0.013158321380615234,-3.092827932
G241M,-1.5782015323638916,-2.527505147
G241P,-0.7116119861602783,-3.529187759
G241N,-0.20550227165222168,-2.138375654
G241R,-0.6119406223297119,-3.084563674
G241S,-0.22525644302368164,-2.74269229
G241T,-0.552257776260376,-3.178178424
G241V,-0.5870258808135986,-2.7683685380000003
G241W,-1.6732532978057861,-2.896951194
G241Y,-0.5532622337341309,-2.954970355
G241Q,-0.6808321475982666,-2.966112497
R242E,0.030092954635620117,-3.2680511180000003
R242F,0.07708358764648438,-2.510399006
R242G,0.1942133903503418,-3.305589784
R242D,0.09520077705383301,-2.945060939
R242V,0.24819231033325195,-2.526840065
R242A,-0.0993807315826416,-3.172822275
R242H,-0.7674615383148193,-2.988535055
R242Y,0.06014108657836914,-2.863012724
R242C,-1.307769536972046,-3.473911338
R242I,0.3860738277435303,-2.250938155
R242K,0.2976696491241455,-2.3641131680000003
R242L,0.48372721672058105,-2.271064289
R242M,-0.8708968162536621,-2.545934152
R242N,0.7485051155090332,-3.265699176
R242P,-0.7147119045257568,-4.376704706
R242Q,-0.26109933853149414,-2.883919438
R242S,0.2808525562286377,-2.695674037
R242T,0.1878669261932373,-2.7349509760000004
R242W,-0.9350142478942871,-1.283368508
M243S,1.082509994506836,-2.947522283
M243R,0.7886226177215576,-3.278612641
M243Q,0.6116411685943604,-2.529312115
M243P,0.8679618835449219,-3.896677425
M243N,1.1213607788085938,-3.052171679
M243L,1.4353771209716797,-2.7275726760000003
M243K,1.1275756359100342,-2.727938819
M243I,1.3396761417388916,-1.88964387
M243E,1.1104753017425537,-2.706433316
M243G,1.0001699924468994,-3.965477169
M243F,0.8876254558563232,-1.3622913769999998
M243T,0.959143877029419,-2.859703404
M243D,0.9408552646636963,-3.261006832
M243C,-0.3186049461364746,-3.1995801910000004
M243Y,1.1861262321472168,-3.433054241
M243A,0.7550160884857178,-4.086156335
M243H,-0.031522512435913086,-3.11049963
M243V,1.202958583831787,-3.317390325
M243W,0.1795639991760254,-3.5498777980000003
N244W,-1.4024410247802734,-1.037532345
N244Y,-0.05667543411254883,-0.179369124
N244C,-1.221543788909912,-2.23043292
N244D,0.07637214660644531,-1.547849116
N244E,0.051584720611572266,-0.931386602
N244F,-0.44597625732421875,-0.065072367
N244G,0.13244342803955078,-1.295780591
N244H,-0.4880032539367676,0.008212423
N244I,0.009650707244873047,-0.5817573629999999
N244A,-0.012032747268676758,-0.514434951
N244L,0.13254952430725098,-0.327986647
N244M,-1.2067580223083496,-0.530470786
N244P,-0.15431642532348633,-2.528915673
N244Q,-0.23430418968200684,0.188149355
N244R,-0.04658317565917969,-0.995413229
N244S,0.2981595993041992,-1.224581763
N244T,0.32335519790649414,-1.851329696
N244V,0.23738455772399902,-1.23738249
N244K,-0.10794925689697266,-1.204477972
Y245F,-0.19739413261413574,-1.936632604
Y245H,-0.8591511249542236,-1.869089482
Y245I,-0.05678606033325195,-3.422045508
Y245K,0.27443861961364746,-3.296006532
Y245L,0.14592337608337402,-3.857953289
Y245M,-1.2228786945343018,-2.302702598
Y245N,0.3594980239868164,-3.009537334
Y245S,0.5682554244995117,-2.940021535
Y245Q,-0.10649633407592773,-3.665750334
Y245R,0.06613802909851074,-3.054953826
Y245T,0.08458805084228516,-2.511629241
Y245V,-0.04367852210998535,-3.175067239
Y245W,-1.4271876811981201,-2.884169389
Y245A,0.35688233375549316,-2.8738278910000004
Y245E,0.31599974632263184,-3.766416609
Y245P,-0.15055441856384277,-3.47305702
Y245D,0.28922343254089355,-3.0155159360000003
Y245G,0.3698244094848633,-3.769978143
Y245C,-0.9942939281463623,-3.332121646
Y246W,-1.3607735633850098,-2.644687272
Y246M,-1.2144145965576172,-2.262676697
Y246Q,-0.017403602600097656,-2.708488169
Y246R,0.20957112312316895,-4.316848223
Y246S,0.6583123207092285,-4.1054328380000005
Y246T,0.5148410797119141,-3.719636364
Y246L,0.25872182846069336,-1.568996505
Y246K,0.2613673210144043,-3.803495443
Y246I,0.08194994926452637,-2.80889957
Y246H,-0.5465147495269775,-0.032510871
Y246G,0.48163938522338867,-2.18237387
Y246F,-0.25778651237487793,-1.6439344969999998
Y246E,0.2882380485534668,-3.065818274
Y246D,0.5769875049591064,-3.309504893
Y246C,-1.074091911315918,-2.101070004
Y246A,0.13309049606323242,-1.907646245
Y246V,0.02225327491760254,-3.700528259
Y246P,-0.025501489639282227,-3.883994568
Y246N,0.4660677909851074,-2.492199855
W247V,1.7364592552185059,-4.744001074
W247Y,1.4709854125976562,-2.988618569
W247C,0.7341709136962891,-3.064879688
W247A,1.8598690032958984,-4.580565611
W247T,2.0292720794677734,-4.530131042
W247F,1.4009852409362793,-3.044220784
W247G,2.1212644577026367,-3.98651358
W247D,2.1083297729492188,-3.718499615
W247H,1.1013617515563965,-4.293818707
W247I,1.5898535251617432,-4.68014213
W247E,2.0831875801086426,-4.354738413
W247K,2.461465358734131,-4.2307779660000016
W247M,0.7842998504638672,-3.717718396
W247N,2.286036968231201,-4.0574497460000005
W247P,1.7911639213562012,-4.6577819730000005
W247Q,1.9160561561584473,-4.038413399
W247R,2.030093193054199,-4.223160047
W247S,2.27913236618042,-4.814606239
W247L,2.0109059810638428,-4.167426428
T248I,-0.8269896507263184,-0.453270912
T248Y,-0.6373531818389893,-0.705098949
T248G,0.17413067817687988,-3.272084102
T248C,-1.710613489151001,-1.083222957
T248E,0.30931758880615234,-1.466854605
T248D,0.49215269088745117,-1.527482286
T248F,-1.033958911895752,-1.430150781
T248K,0.45582079887390137,-1.702207719
T248H,-0.7478883266448975,0.026072863
T248M,-1.4847466945648193,-0.595282699
T248L,-0.4523470401763916,-0.7099465090000001
T248W,-2.0135104656219482,-1.313837756
T248V,-0.6074931621551514,-0.536343934
T248S,0.323972225189209,-0.581392386
T248R,0.15839600563049316,-1.597901466
T248P,-0.006510257720947266,-3.758446144
T248N,0.47052955627441406,-1.837609525
T248A,-0.3291020393371582,-0.522789088
T248Q,-0.025135517120361328,-1.477924407
L249A,0.3377377986907959,-2.848120825
L249C,-1.2037177085876465,-2.341070226
L249D,1.4148054122924805,-3.81233266
L249E,0.9484045505523682,-3.205302569
L249F,-0.47727346420288086,-1.898144661
L249G,1.1312811374664307,-3.38135705
L249H,-0.11742115020751953,-3.674353079
L249I,-0.379239559173584,-0.125670932
L249M,-0.8441290855407715,-0.6546646939999999
L249N,1.5051977634429932,-3.19989802
L249P,1.3282206058502197,-3.926025678
L249R,0.5849390029907227,-2.338812363
L249S,1.1399478912353516,-2.675976056
L249T,0.8094205856323242,-1.113918891
L249V,-0.07328510284423828,-0.45986356
L249W,-1.5675673484802246,-2.605673429
L249Y,0.01585984230041504,-3.726141426
L249K,1.336186408996582,-2.1347076
L249Q,0.4839010238647461,-3.122494027
L250I,-0.4893214702606201,-0.591448909
L250P,-0.2207660675048828,-2.532231166
L250D,-0.5291905403137207,-3.343379914
L250E,-0.7622265815734863,-3.432145901
L250F,-0.9280624389648438,-3.555413251
L250G,-0.6698780059814453,-4.108781158
L250H,-1.8228206634521484,-3.918167198
L250K,-0.25715184211730957,-3.615014133
L250M,-1.6494700908660889,-2.105265145
L250A,-0.5806381702423096,-3.362980293
L250N,-0.35880255699157715,-4.051251857
L250Q,-1.213399887084961,-2.961768127
L250R,-0.9324851036071777,-4.489981426
L250S,-0.4475381374359131,-4.185776494
L250T,-0.4545583724975586,-3.232543878
L250V,-0.4429187774658203,-0.048547844
L250W,-2.7447266578674316,-2.72358031
L250Y,-0.7943251132965088,-3.742105432
L250C,-1.852513313293457,-3.073314862
E251H,-0.7260134220123291,-0.359771914
E251I,-1.1163520812988281,-0.999187593
E251K,1.4201934337615967,-0.318823965
E251L,-0.661062479019165,-0.013007666
E251M,-1.8899543285369873,-0.325687211
E251N,0.27233123779296875,-0.580473598
E251P,-0.2755126953125,-0.098951463
E251Q,0.31829166412353516,0.172912709
E251R,0.17438292503356934,-0.0746797
E251S,0.031423330307006836,-0.182923675
E251T,-0.37577056884765625,-0.165913884
E251V,-0.8389890193939209,-0.676186698
E251W,-2.8760602474212646,-1.068263803
E251G,-0.7195124626159668,-0.297012434
E251F,-1.2957370281219482,-0.633266471
E251Y,-0.6521003246307373,-0.300375657
E251C,-1.7981913089752197,-1.756538283
E251A,-0.31927967071533203,-0.047668847
E251D,-0.6208469867706299,-0.7625532270000001
P252A,-0.5144290924072266,-0.999528569
P252E,-0.23740220069885254,-1.137711868
P252F,-1.9485294818878174,-2.548691187
P252G,-0.7992053031921387,-2.293263526
P252H,-1.8507826328277588,-1.1438860240000002
P252I,-1.4098825454711914,-1.795152137
P252K,0.18978404998779297,-2.097124176
P252L,-1.2865750789642334,-3.113915983
P252N,0.13611292839050293,-2.652385601
P252Q,-0.9193611145019531,-1.35359329
P252R,-0.8720109462738037,-2.13643656
P252S,-0.2878279685974121,-1.883259846
P252T,-0.6177620887756348,-2.80861758
P252V,-1.2233638763427734,-2.32829802
P252W,-3.265302896499634,-2.918702662
P252Y,-1.536820411682129,-3.290877736
P252C,-2.476517915725708,-3.392440994
P252M,-2.4321367740631104,-2.549828327
P252D,-0.2719705104827881,-1.433360654
G253W,-3.700549602508545,-1.140480647
G253Y,-2.072984457015991,-1.203458619
G253C,-3.458387851715088,-2.758655214
G253D,-1.4376602172851562,-1.41066294
G253E,-1.7970237731933594,-0.127642032
G253F,-2.212178945541382,-1.458382676
G253H,-2.847662925720215,-1.268464772
G253I,-2.2018067836761475,-3.80522565
G253K,-1.0573649406433105,-1.243644711
G253L,-1.9854521751403809,-1.196373445
G253M,-3.3103842735290527,-0.543822636
G253N,-0.9720296859741211,-1.008427767
G253P,-2.5105276107788086,-3.753175655
G253Q,-2.321573257446289,-1.509185826
G253R,-2.115464210510254,-1.331929725
G253A,-1.9953651428222656,-1.064826864
G253T,-2.2138609886169434,-0.966149563
G253S,-1.6957659721374512,-0.8792799029999999
G253V,-2.415250301361084,-2.101014545
D254G,-1.409234881401062,-0.272036312
D254C,-3.3763551712036133,-1.798190549
D254E,-0.9050806760787964,0.159363565
D254F,-3.0043792724609375,-2.306833772
D254Y,-2.427769184112549,-1.388630199
D254W,-3.823488712310791,-1.950759078
D254V,-2.4074902534484863,-2.99631097
D254T,-1.5727263689041138,-2.604605889
D254S,-1.468579649925232,-0.535869445
D254R,-1.787601113319397,-3.44281355
D254P,-2.8966493606567383,-4.0757957760000005
D254N,-1.3934816122055054,-1.397204094
D254M,-3.1413798332214355,-2.010984053
D254L,-2.477604389190674,-3.986361486
D254K,-0.9107414484024048,-0.883140542
D254I,-2.683505058288574,-2.832870171
D254H,-2.6886281967163086,-0.5320225270000001
D254Q,-1.454654574394226,0.553775237
D254A,-1.6516045331954956,0.082622498
T255H,-1.190793752670288,0.134555665
T255M,-1.9205684661865234,-0.822689705
T255C,-2.041529655456543,-1.030796736
T255A,-0.6802737712860107,-0.499925434
T255F,-1.009324073791504,-0.177889937
T255G,-0.9496815204620361,-0.920233085
T255I,-0.5115361213684082,-0.94122626
T255K,0.3127555847167969,-0.786268924
T255L,-0.41455745697021484,-1.928877441
T255D,-0.44071340560913086,-1.320432679
T255N,-0.3906383514404297,-0.322896963
T255Q,-0.8855061531066895,-0.40261656
T255R,-0.15681910514831543,-1.217028951
T255S,-0.2725791931152344,-0.183649622
T255V,-0.3883533477783203,0.188728337
T255W,-1.8842411041259766,-0.6704159789999999
T255Y,-0.3118095397949219,-0.375187252
T255P,-1.0566105842590332,-3.02020446
T255E,-0.25998711585998535,0.082997637
I256Y,-0.8714504241943359,-2.950696815
I256E,-1.7573952674865723,-3.863291708
I256W,-2.4887237548828125,-3.5849426460000005
I256F,-0.814983606338501,-3.102752718
I256A,-0.6476073265075684,-3.460548454
I256H,-2.2656302452087402,-4.181748959
I256G,-1.1776926517486572,-3.3786312310000004
I256K,-1.4506940841674805,-2.974168734
I256D,-1.4329051971435547,-3.55910445
I256M,-1.8053953647613525,-1.246547967
I256N,-1.4732871055603027,-3.47577745
I256L,0.10339593887329102,-0.575975377
I256Q,-1.984499454498291,-3.3874161330000003
I256R,-1.5638346672058105,-3.244723086
I256S,-1.3289103507995605,-4.139626278
I256T,-1.2067222595214844,-3.0152238510000005
I256V,0.25504398345947266,-0.817420714
I256C,-1.8523046970367432,-3.422890799
I256P,-1.4682080745697021,-4.070873618999999
I257F,-0.4656238555908203,0.165731686
I257A,-0.3278160095214844,-0.031253677
I257C,-1.5677504539489746,-0.619181866
I257D,-0.44002246856689453,-0.789280337
I257E,-0.33153820037841797,-0.812959897
I257G,-0.6269423961639404,-0.781900975
I257T,0.2965073585510254,-0.399666972
I257K,-0.30727434158325195,-0.205219662
I257L,0.04793596267700195,0.081745855
I257M,-1.635474681854248,0.279546917
I257V,-0.050498008728027344,-0.2157258
I257Q,-0.836249828338623,0.107595901
I257S,0.039551496505737305,-0.220757228
I257R,-0.35494422912597656,-2.09106224
I257H,-1.0984153747558594,-1.00192843
I257Y,0.07372331619262695,-0.160142853
I257N,-0.36533284187316895,-0.8281099259999999
I257P,-1.2887780666351318,-4.179523028999999
I257W,-1.6037373542785645,0.884869976
F258Y,-0.15163111686706543,-1.867085178
F258W,-1.520155429840088,-1.857204151
F258V,0.37883806228637695,-2.036912163
F258T,-0.38975048065185547,-3.744394658
F258S,-0.3220391273498535,-2.926922283
F258Q,-1.169562816619873,-3.305582915
F258P,-1.1081812381744385,-3.860979864
F258N,-0.4604310989379883,-3.631966887
F258M,-1.206266164779663,-2.729531122
F258L,0.4102966785430908,-0.644816423
F258I,0.2787485122680664,-1.123237419
F258H,-1.249650478363037,-2.90207538
F258G,-0.1390233039855957,-4.109090431
F258E,-1.0311431884765625,-3.5460741060000003
F258D,-0.674177885055542,-3.930591543
F258C,-1.1158719062805176,-3.532536108
F258A,-0.18765735626220703,-4.1305916960000015
F258K,-0.7887670993804932,-3.537374842
F258R,-0.8533539772033691,-4.426724519
E259F,-0.46462416648864746,-2.893044339
E259D,1.2223663330078125,-1.612641618
E259W,-1.875349521636963,-2.739865446
E259H,-0.8644294738769531,-1.465117584
E259G,0.6115255355834961,-2.289431204
E259Y,-0.41626691818237305,-3.1502349730000003
E259C,-1.0195560455322266,-2.392194197
E259V,0.1710362434387207,-1.6747695219999998
E259T,0.2556777000427246,-1.894231372
E259S,0.49598264694213867,-1.221661034
E259R,-0.8976519107818604,-1.869958055
E259A,0.35498762130737305,-2.552622395
E259P,-0.3650956153869629,-4.055842312
E259N,0.20741653442382812,-2.513143395
E259M,-1.1726088523864746,-1.904942455
E259L,0.07049703598022461,-3.956159596
E259K,-0.7544243335723877,-2.159299163
E259I,-0.09913444519042969,-2.281722617
E259Q,-0.7451739311218262,-2.083223104
A260W,-1.9923126697540283,-2.291930875
A260V,-0.3014252185821533,-2.634556437
A260T,-0.13938069343566895,-2.125862557
A260S,0.11083245277404785,-1.074850939
A260R,-0.5415265560150146,-4.096550661
A260Q,-0.8122508525848389,-3.0255790030000003
A260P,-0.8431134223937988,-4.056889142
A260N,0.24631381034851074,-2.584931941
A260I,-0.49089813232421875,-2.953485505
A260L,-0.45464515686035156,-2.349680546
A260K,-0.3426647186279297,-2.538752589
A260H,-1.0694968700408936,-1.911778047
A260G,0.30054640769958496,-1.546713443
A260F,-0.778350830078125,-3.054946782
A260D,0.026819944381713867,-2.675101584
A260C,-1.10758638381958,-2.38495323
A260Y,-0.6459360122680664,-2.960305475
A260M,-1.3601391315460205,-2.316726654
A260E,-0.3338441848754883,-2.515500404
T261I,-0.7193381786346436,-2.191150686
T261C,-0.8464064598083496,-3.248232
T261D,0.831805944442749,-2.38226059
T261E,-0.3889341354370117,-1.219522776
T261F,-0.6629915237426758,-1.232948341
T261G,0.5833759307861328,-2.302967361
T261H,-0.02570199966430664,-2.7783653860000004
T261K,-0.32018184661865234,-2.377441732
T261V,-0.592120885848999,-1.342822734
T261L,-0.5284457206726074,-1.653735424
T261N,0.4973468780517578,-1.008480619
T261P,-0.6242027282714844,-3.957064177
T261Q,-0.5485630035400391,-1.157359993
T261R,-0.3031740188598633,-2.71030721
T261S,0.5718884468078613,-0.164643318
T261Y,-0.23887944221496582,-1.863951161
T261M,-1.3635621070861816,-1.58002252
T261A,0.2241668701171875,-1.511973229
T261W,-1.6680541038513184,-2.240808291
G262V,-1.438328742980957,-3.69173099
G262Q,-1.317674160003662,-3.797999414
G262W,-2.6723594665527344,-2.63093718
G262P,-0.5667991638183594,-3.670110742
G262N,-0.024249553680419922,-3.805887191
G262M,-2.358311653137207,-3.091117767
G262L,-1.3360161781311035,-3.905150423
G262K,-1.553670883178711,-3.628757258
G262Y,-1.36378812789917,-3.895393766
G262S,-0.041359901428222656,-3.283200544
G262H,-1.2027196884155273,-3.67112507
G262F,-1.512148141860962,-3.256918255
G262E,-0.6503970623016357,-2.582139965
G262D,0.3898508548736572,-2.96316343
G262C,-2.215937614440918,-2.667267462
G262A,-0.7031378746032715,-3.163360441
G262T,-0.5369446277618408,-4.419631449
G262I,-1.6719727516174316,-3.692185584
G262R,-1.3315424919128418,-4.687459461
N263G,-0.2177269458770752,-3.348459827
N263A,-0.7497293949127197,-2.83108688
N263W,-2.229489803314209,-3.0752229630000003
N263V,-1.1744122505187988,-4.096158653
N263T,-0.30817437171936035,-3.666807267
N263S,0.00604701042175293,-3.161004298
N263R,-0.6917626857757568,-4.561776065
N263P,-0.7480456829071045,-3.997363164
N263M,-1.8846745491027832,-3.4406998960000004
N263L,-1.145127773284912,-4.591972913999999
N263K,-0.4740920066833496,-3.561255107
N263I,-1.2578439712524414,-3.625236535
N263H,-0.9490289688110352,-3.48645752
N263F,-1.455456018447876,-3.069753835
N263E,-0.4919397830963135,-2.795989161
N263D,-0.056609153747558594,-2.855185175
N263C,-1.8950352668762207,-3.678386587
N263Y,-0.9609770774841309,-3.088334638
N263Q,-0.9291610717773438,-4.168265203
L264W,-1.1531305313110352,-0.623473956
L264R,-0.2824897766113281,-4.254940559
L264Y,-0.0780801773071289,-1.32355621
L264V,-0.06709671020507812,-2.542923159
L264T,0.35189104080200195,-4.515222264
L264S,0.5530591011047363,-4.093101206
L264Q,-0.4121072292327881,-3.481786667
L264P,0.3055262565612793,-2.988714108
L264A,0.12754178047180176,-3.482786205
L264M,-1.0421156883239746,-1.704651393
L264N,0.44090962409973145,-3.588466361
L264I,-0.06937336921691895,-1.5414704419999998
L264H,-0.5230188369750977,-3.411331511
L264G,0.5403833389282227,-4.010968595
L264F,-0.33283019065856934,-1.27313916
L264E,0.020583152770996094,-3.390212337
L264D,0.47971606254577637,-3.825073442
L264C,-0.7932713031768799,-2.90872236
L264K,-0.21486663818359375,-3.620574973
I265R,-0.26666736602783203,-4.153200273
I265S,0.8744919300079346,-4.239760373
I265T,0.6944851875305176,-2.771759004
I265A,0.38540196418762207,-1.012604165
I265W,-1.2863574028015137,-3.443169012
I265Y,0.0009253025054931641,-2.809945402
I265Q,-0.271573543548584,-3.383136462
I265V,0.0441431999206543,-0.789083195
I265P,0.3388855457305908,-3.987887161
I265G,0.6540341377258301,-4.004352208
I265M,-0.7071115970611572,-1.359045595
I265L,0.21621251106262207,0.016919266
I265K,0.05102181434631348,-3.241952222
I265H,-0.5347514152526855,-2.912842712
I265F,-0.2135295867919922,-3.696118627
I265E,0.09247732162475586,-3.595013717
I265D,0.6533517837524414,-2.479713533
I265C,-0.8420834541320801,-3.363660609
I265N,0.6587719917297363,-3.637923552
A266I,-0.46388888359069824,-2.62301241
A266H,-0.5004153251647949,-2.669842116
A266G,0.22040009498596191,-3.279972519
A266C,-0.7587594985961914,-2.233781262
A266E,0.06067609786987305,-2.676380179
A266D,0.6098911762237549,-2.8057944810000004
A266F,-0.7750225067138672,-3.42778833
A266L,-0.23541736602783203,-3.103724135
A266K,-0.1622331142425537,-3.061708862
A266N,0.6506588459014893,-3.341478363
A266M,-1.2652802467346191,-1.790723197
A266W,-1.6295437812805176,-2.538852719
A266V,-0.44496726989746094,-1.30999543
A266T,0.18144559860229492,-2.226587559
A266Y,-0.28490614891052246,-3.159759242
A266R,-0.37592315673828125,-3.872798616
A266P,0.033142805099487305,-3.102629432
A266S,0.6070079803466797,-2.236357225
A266Q,-0.3637423515319824,-2.675730936
P267T,-0.48897266387939453,-3.758009884
P267C,-1.7410292625427246,-3.390867487
P267D,0.4664428234100342,-3.474673679
P267E,-0.17185592651367188,-3.631091581
P267F,-1.5882887840270996,-2.882219487
P267G,0.12928533554077148,-4.287790015
P267H,-1.2904789447784424,-3.67574213
P267I,-1.6105608940124512,-3.4382521610000003
P267A,-0.33264636993408203,-3.242269798
P267L,-1.242086410522461,-2.536558667
P267M,-2.111754894256592,-2.492736612
P267N,0.2429337501525879,-2.491622154
P267Q,-0.6774444580078125,-3.3953504010000004
P267R,-0.7225964069366455,-3.0636603410000003
P267S,0.07956266403198242,-3.1811639210000004
P267V,-1.421828269958496,-3.527602689
P267K,-0.37422800064086914,-3.2562283780000003
P267Y,-1.0772886276245117,-3.912451225
P267W,-2.2506604194641113,-3.1834374810000003
W268T,1.7444252967834473,-1.141323117
W268C,0.1582193374633789,-0.852894933
W268A,1.8692984580993652,-1.087152631
W268D,2.244570732116699,-2.504229794
W268E,1.8378381729125977,-1.049390677
W268F,1.1650075912475586,-1.681286031
W268G,2.012186050415039,-0.987535489
W268H,0.6339478492736816,-0.404450804
W268I,1.283768653869629,-1.3918523930000002
W268K,1.231259822845459,-1.916431893
W268L,1.6136806011199951,-0.579826278
W268N,2.090930938720703,-0.633210052
W268P,1.0198445320129395,-3.622026364
W268Q,1.2168149948120117,-1.436861001
W268R,1.0910487174987793,-1.379058695
W268S,2.1423168182373047,-1.002228128
W268Y,1.267195701599121,-1.278564512
W268V,1.4915525913238525,-0.602322891
W268M,0.575467586517334,-0.548352826
Y269N,0.6754360198974609,-2.149636611
Y269A,0.670623779296875,-3.518649313
Y269C,-0.9783549308776855,-1.905287098
Y269E,0.5253241062164307,-3.5831215910000003
Y269F,-0.25005030632019043,-0.827854632
Y269G,0.4722251892089844,-3.445094062
Y269H,-0.6000075340270996,-0.548545811
Y269I,0.24400615692138672,-2.698727502
Y269K,0.6825234889984131,-2.273763356
Y269L,0.5002713203430176,-3.495096093
Y269D,0.46001124382019043,-3.4988219010000003
Y269P,-0.4038095474243164,-4.2870261030000005
Y269Q,0.3639655113220215,-1.804711175
Y269R,0.3388485908508301,-3.292973794
Y269S,0.798607587814331,-3.4744849610000004
Y269T,0.5911750793457031,-2.83144147
Y269V,0.29766225814819336,-2.978419187
Y269W,-1.3030829429626465,-1.089647946
Y269M,-0.3466222286224365,-1.5058663230000002
A270W,-1.7477576732635498,-2.843585959
A270V,-0.5727517604827881,-2.945493066
A270T,-0.22500371932983398,-3.038242977
A270S,0.3381173610687256,-1.553772283
A270R,-0.15179181098937988,-4.626007373
A270Q,-0.17518830299377441,-3.587287261
A270P,-0.6044759750366211,-4.162266474
A270N,0.1825122833251953,-3.4469224260000004
A270I,-0.7206385135650635,-4.209281818
A270L,-0.3696601390838623,-4.343526338
A270K,-0.13526344299316406,-3.958868178
A270H,-0.9379243850708008,-3.652641492
A270G,0.02610945701599121,-0.427423253
A270E,0.16025376319885254,-3.608277194
A270F,-0.8957135677337646,-3.948571458
A270Y,-0.5136735439300537,-3.3889055910000003
A270M,-1.5622780323028564,-2.891174057
A270D,0.324110746383667,-2.668048772
A270C,-1.5195176601409912,-3.539340746
F271D,1.0683910846710205,-3.368872098
F271G,0.6267423629760742,-4.184653915
F271H,-0.2253742218017578,-1.199289922
F271I,0.05054473876953125,-3.234669854
F271K,0.7501101493835449,-2.358139856
F271L,0.4335765838623047,-2.202460674
F271M,-0.5571756362915039,-2.398568411
F271N,0.8106033802032471,-3.481032548
F271P,0.04095005989074707,-4.772691597
F271Q,0.4829287528991699,-3.655745911
F271R,0.3172459602355957,-4.2596309230000005
F271S,0.9788856506347656,-3.198182709
F271T,0.5817451477050781,-3.4831753560000003
F271V,0.08388614654541016,-3.621108187
F271Y,0.3267488479614258,-1.105076425
F271W,-0.9164690971374512,-0.946310089
F271E,1.1149814128875732,-2.567134622
F271C,-1.1925358772277832,-3.396951714
F271A,0.9017314910888672,-3.553251496
A272D,0.09526371955871582,-2.7309072389999995
A272V,-0.6180305480957031,-0.028302665
A272T,-0.3320586681365967,0.1257693869999999
A272S,0.16190624237060547,0.203545071
A272R,-0.6037790775299072,-1.475292204
A272Q,-0.6617152690887451,-0.429235588
A272P,-0.4431278705596924,-4.359921968
A272N,0.06903076171875,-3.718869262
A272M,-1.2525627613067627,-0.380581673
A272L,-0.08921694755554199,-0.380809311
A272K,-0.4736189842224121,-0.257832077
A272I,-0.6129422187805176,-0.41729142
A272H,-1.1358675956726074,-2.07768563
A272G,0.03163576126098633,-0.590602553
A272F,-0.7951128482818604,-2.235311912
A272E,-0.3100440502166748,0.109999844
A272C,-1.2752678394317627,-2.054035865
A272W,-1.9106504917144775,-2.704264972
A272Y,-0.6812949180603027,-1.199291627
L273I,-0.2266550064086914,-0.20806897
L273D,-0.2879462242126465,-3.217781074
L273E,-0.0036733150482177734,-2.951545215
L273F,-0.6732649803161621,-1.512144635
L273G,-0.4505488872528076,-3.797743088
L273H,-0.9382224082946777,-3.711713316
L273K,0.6968238353729248,-3.5724413110000004
L273M,-1.1621928215026855,-1.476653764
L273N,0.18589067459106445,-3.4368855010000003
L273P,-1.2729649543762207,-3.0643311410000003
L273Q,-0.05116868019104004,-2.566353151
L273R,0.2311091423034668,-3.495317736
L273S,0.1147148609161377,-3.881014492
L273T,-0.1954360008239746,-1.867555262
L273V,-0.2689049243927002,0.297467244
L273C,-1.7209324836730957,-1.258013978
L273W,-1.984529972076416,-2.800505383
L273A,0.06575441360473633,-1.459935351
L273Y,-0.4975395202636719,-3.244342907
S274V,-0.9477548599243164,0.309538873
S274T,-0.5592927932739258,-0.317068699
S274R,-0.5506594181060791,-0.685432685
S274Q,-0.42974257469177246,-0.93615188
S274P,-1.0251290798187256,-4.1334431480000005
S274C,-1.9397828578948975,-1.871059757
S274N,-0.13350868225097656,-0.5354861360000001
S274D,-0.35582566261291504,-0.3848800120000001
S274K,0.0020856857299804688,-0.791653163
S274I,-0.994744062423706,-0.8632676979999999
S274H,-1.3781216144561768,-0.440426088
S274G,-0.45874714851379395,-0.542756056
S274F,-1.3151171207427979,-1.205576283
S274E,-0.1605362892150879,-0.480790395
S274L,-0.6039621829986572,-0.851833917
S274M,-1.6575019359588623,-0.362268742
S274A,-0.18589258193969727,-0.382298445
S274Y,-1.0065743923187256,-0.642696986
S274W,-2.258100748062134,0.026355981
R275S,0.546745777130127,-2.255271055
R275Q,-0.13500022888183594,-2.42937323
R275P,-0.23505163192749023,-2.560294809
R275N,0.6681966781616211,-2.496120576
R275M,-1.1104545593261719,-2.486944882
R275L,-0.001100778579711914,-3.615411289
R275K,0.39996767044067383,-1.167409787
R275Y,-0.1463305950164795,-1.734113103
R275H,-0.45467185974121094,-1.748071936
R275G,0.372800350189209,-2.787590207
R275F,-0.5137343406677246,-2.627894055
R275E,-0.040276527404785156,-3.2288498110000003
R275D,0.009721517562866211,-3.416964869
R275C,-1.051565408706665,-3.3737624060000004
R275A,0.03349590301513672,-2.919350899
R275W,-1.768293857574463,-3.3421000160000003
R275I,-0.5375216007232666,-2.947712648
R275T,0.05028676986694336,-2.356209712
R275V,-0.45434141159057617,-3.184276768
G276E,-0.46238064765930176,-0.685145743
G276A,-0.11353111267089844,-0.3031229
G276C,-1.3347301483154297,-0.721485047
G276F,-0.726407527923584,-1.909523705
G276D,-0.10013270378112793,-0.33126456
G276H,-1.306260108947754,-0.927890785
G276I,-0.5182299613952637,-2.048454267
G276K,-0.47328734397888184,-0.950375374
G276L,-0.015435934066772461,-1.504774316
G276M,-1.3045330047607422,-0.639554116
G276N,-0.07776546478271484,0.6152037570000001
G276Y,-0.5805666446685791,-1.4309936319999998
G276Q,-0.7727394104003906,-0.489858064
G276R,-0.6542413234710693,-0.6570218179999999
G276S,0.0033731460571289062,0.233574027
G276T,-0.44426417350769043,-0.5573044420000001
G276V,-0.6025042533874512,-1.704087086
G276W,-1.904008388519287,-1.549041824
G276P,-0.6869077682495117,-3.291300564
F277S,0.5316431522369385,0.116967288
F277R,-0.17526936531066895,0.0083299569999999
F277Q,-0.32277584075927734,0.081475313
F277P,-0.2728283405303955,-0.029379292
F277N,0.42977380752563477,-0.4979438570000001
F277M,-0.8711090087890625,-0.729647151
F277K,0.35211610794067383,-0.031667293
F277I,0.41553616523742676,-0.079011652
F277E,-0.0056841373443603516,-0.708812575
F277G,0.5222136974334717,-0.464144911
F277D,0.13744783401489258,0.02860914
F277W,-1.27132248878479,-0.641947869
F277A,0.0367581844329834,0.013689315
F277C,-0.8058054447174072,-1.662598616
F277Y,0.11948633193969727,-0.479098429
F277T,0.29531335830688477,0.778916919
F277H,-1.0481646060943604,-0.183356907
F277V,0.2537357807159424,-0.046234117
F277L,0.4110279083251953,-0.038295862
E278C,-1.0987188816070557,-1.534300908
E278Y,-0.19779682159423828,0.256496136
E278W,-1.6023645401000977,-0.54095395
E278V,-0.04535222053527832,-0.92765388
E278T,0.15511560440063477,-0.535997811
E278S,0.580390214920044,-0.449587574
E278Q,-0.23448967933654785,-0.183427907
E278P,0.10203981399536133,0.195483941
E278N,0.2635023593902588,0.168722043
E278R,-0.20066452026367188,-0.387810363
E278F,-0.522566556930542,-0.60493695
E278D,0.1495068073272705,0.443791456
E278M,-1.3637094497680664,-1.481692573
E278G,0.4044535160064697,-0.278408335
E278H,-0.8830437660217285,-0.232441105
E278A,0.06877851486206055,0.008776881
E278I,-0.25124406814575195,-0.534067585
E278K,0.08928275108337402,-0.197450288
E278L,-0.07752847671508789,-0.088002404
S279M,-1.3175175189971924,-1.670924189
S279F,-0.7179279327392578,-1.710920622
S279G,-0.11449813842773438,-0.282102888
S279H,-1.3550028800964355,-0.556934665
S279I,-0.03911590576171875,-2.308518749
S279K,-0.21566343307495117,-1.94285738
S279L,-0.15775251388549805,-1.019518911
S279E,-0.6343016624450684,-1.883620295
S279D,-0.410907506942749,-1.5180961469999998
S279P,-0.6616697311401367,-2.186743541
S279Q,-0.9285323619842529,-1.163134718
S279N,0.07515573501586914,0.370807916
S279C,-1.5650238990783691,-1.589642709
S279Y,-0.6179299354553223,-2.269923269
S279A,-0.07787680625915527,-0.137961918
S279V,0.18747210502624512,-1.03521351
S279T,-0.06313800811767578,-1.027161349
S279R,-0.6070971488952637,-1.385636709
S279W,-2.2177486419677734,-1.599169218
G280D,-0.3641340732574463,-2.852421213
G280E,-0.33299779891967773,-3.20821275
G280F,-0.14397382736206055,-3.237396432
G280H,-1.290083885192871,-2.626227407
G280I,0.632066011428833,-2.698474507
G280K,-0.2028965950012207,-3.046344792
G280L,0.5424313545227051,-3.034377475
G280M,-0.8769392967224121,-2.671407932
G280P,-0.6425549983978271,-2.46460634
G280Q,-0.7952518463134766,-2.487501388
G280S,0.04055047035217285,-1.667490729
G280T,0.034073829650878906,-1.445891421
G280V,0.8071331977844238,-2.374300983
G280W,-1.7116541862487793,-2.7036954630000003
G280Y,-0.38355278968811035,-2.405520042
G280C,-1.2459659576416016,-2.589942411
G280N,-0.2607436180114746,-1.943214045
G280R,-0.39687061309814453,-2.678164237
G280A,0.07596158981323242,-0.96412096
I281M,-1.3887224197387695,-2.62258014
I281G,-0.20855116844177246,-3.605895032
I281H,-1.4730772972106934,-3.634494212
I281K,-0.09606552124023438,-3.486859018
I281L,0.03235340118408203,-1.3571156780000002
I281N,-0.05476808547973633,-3.082844149
I281P,-0.9815292358398438,-3.898872483
I281Q,-0.6529088020324707,-3.672896122
I281R,-0.5484645366668701,-3.682123776
I281S,0.1969764232635498,-3.628850815
I281V,0.052066802978515625,-1.114056189
I281W,-1.3689970970153809,-2.970016802
I281T,0.18538451194763184,-2.720541482
I281A,-0.3355076313018799,-3.428980112
I281F,-0.2922084331512451,-0.8906242329999999
I281E,-0.24703311920166016,-3.817032388
I281D,-0.2660641670227051,-2.9078432860000003
I281C,-1.2704241275787354,-3.472349036
I281Y,-0.2736494541168213,-2.392956861
I282N,-0.43917346000671387,-2.825661839
I282P,-0.5561110973358154,-3.4569416910000004
I282Q,-1.0182745456695557,-2.652809666
I282S,-0.10999441146850586,-3.1762178810000004
I282Y,-0.33435511589050293,-2.930397425
I282W,-1.3186726570129395,-2.788804789
I282V,-0.07127690315246582,-1.558515142
I282T,-0.24540925025939941,-2.433350277
I282L,0.06030106544494629,-0.779879785
I282R,-0.9234087467193604,-3.658959554
I282K,-0.658583402633667,-2.792852994
I282M,-1.5247557163238525,-1.17049881
I282G,-0.348970890045166,-3.91953901
I282C,-0.8489181995391846,-2.915687144
I282A,-0.37856292724609375,-3.15494747
I282D,-0.5277087688446045,-2.465643908
I282H,-1.5917599201202393,-3.48440767
I282F,-0.22843217849731445,-1.099790631
I282E,-0.7268035411834717,-2.190721782
T283E,-0.5606448650360107,-0.744610125
T283A,-0.0384674072265625,-0.638004592
T283P,-0.25633716583251953,-3.05208287
T283G,-0.0019249916076660156,-2.781922445
T283H,-1.1089584827423096,-1.185357705
T283I,0.232588529586792,-0.904416001
T283K,-0.5462028980255127,-1.14909309
T283L,0.42277026176452637,0.099237988
T283M,-1.1672604084014893,-0.455458594
T283N,-0.10140204429626465,-0.657448966
T283F,0.06909537315368652,-0.738582968
T283Q,-0.8782484531402588,-0.001104034
T283S,0.3441140651702881,-0.168637125
T283V,0.164750337600708,0.347167349
T283W,-1.1333158016204834,-2.296310454
T283Y,0.03518247604370117,-0.829036452
T283C,-0.9542033672332764,-0.977076406
T283R,-0.6877903938293457,-0.497141404
T283D,-0.13220810890197754,-2.204127258
S284N,-0.21448636054992676,-2.773501446
S284M,-1.168043851852417,-3.295736475
S284Y,-0.2975189685821533,-3.868535172
S284L,0.22055530548095703,-3.783202782
S284K,-0.4969604015350342,-3.697210089
S284P,-0.3428001403808594,-3.087211289
S284Q,-0.8528695106506348,-3.2529141
S284R,-0.7441442012786865,-4.05324656
S284T,-0.14409160614013672,-0.898711576
S284W,-1.3040523529052734,-2.99236157
S284A,-0.19887113571166992,-1.954589906
S284V,0.10027766227722168,-2.627226664
S284C,-1.2686340808868408,-4.034762591000002
S284D,-0.3318338394165039,-4.112702346
S284E,-0.43047642707824707,-4.148360983
S284F,-0.16127943992614746,-3.468367149
S284G,0.0305783748626709,-3.04411518
S284H,-1.4997539520263672,-3.3388334160000004
S284I,-0.017641544342041016,-3.623254428
N285Y,-0.4208648204803467,-1.17428473
N285W,-1.2711732387542725,-1.7230325969999998
N285V,-0.24752473831176758,-0.123281533
N285A,-0.24860763549804688,-0.423219806
N285T,-0.061785221099853516,-0.216896416
N285C,-1.0208144187927246,-2.506167334
N285R,-0.8882365226745605,-1.0023155190000002
N285S,0.18226003646850586,-0.79745312
N285D,-0.11162710189819336,-0.704234252
N285F,-0.34676671028137207,-1.378034873
N285G,0.054636240005493164,-0.847515984
N285H,-1.3705496788024902,-0.860513835
N285E,-0.50394606590271,-0.161107304
N285K,-0.49809765815734863,-1.535821417
N285L,-0.008512258529663086,-1.158201012
N285M,-1.431506633758545,-1.628126375
N285P,-0.41032862663269043,-1.748971981
N285Q,-0.8074393272399902,-0.952991148
N285I,-0.1520247459411621,-0.975696469
A286R,-0.5535321235656738,-0.111415501
A286S,0.45216822624206543,-1.042277448
A286T,0.13521337509155273,-0.533559462
A286N,0.17278099060058594,-1.025499683
A286M,-1.2596604824066162,-0.089425517
A286L,0.13831543922424316,0.561203851
A286K,-0.38422656059265137,-0.050272814
A286H,-1.176626443862915,-0.84632802
A286Y,-0.23576855659484863,-1.6749922659999998
A286G,0.666062593460083,-1.6624369819999998
A286F,-0.18206381797790527,-1.128882659
A286E,-0.286240816116333,-1.056864582
A286W,-1.1704132556915283,-1.624598375
A286V,-0.12385392189025879,-0.720272921
A286C,-0.9452643394470215,-0.914553243
A286I,-0.03140616416931152,-0.184167246
A286D,-0.06725835800170898,-2.156879506
A286P,-0.10508871078491211,-3.326970989
A286Q,-0.5483942031860352,-0.807261294
S287D,-0.4418363571166992,-0.811839027
S287I,-0.324312686920166,-0.6226059620000001
S287H,-1.6441164016723633,-1.08189181
S287G,-0.31717896461486816,-0.5257710529999999
S287F,-0.46309685707092285,-1.520027508
S287E,-0.7698442935943604,0.284345309
S287C,-1.6238822937011719,-2.979669622
S287A,-0.36789631843566895,-0.667660983
S287K,-0.7667222023010254,-0.653272355
S287L,0.009076833724975586,-0.631588436
S287Y,-0.6052582263946533,-1.68024114
S287M,-1.466963768005371,-1.324160637
S287W,-1.3757319450378418,-2.073312267
S287V,-0.37064218521118164,-1.184544317
S287T,-0.1604022979736328,-0.310956705
S287N,-0.3863241672515869,-1.335226286
S287P,-0.772097110748291,0.049852587
S287R,-1.0504570007324219,-0.850801549
S287Q,-1.1315867900848389,-0.911975638
M288I,1.447892189025879,-0.582033999
M288C,0.9913802146911621,-1.546348514
M288D,0.972083330154419,-3.034186736
M288P,0.7979679107666016,-0.459959331
M288F,1.3303747177124023,-0.319336476
M288H,0.012921810150146484,-0.733730465
M288K,0.8629858493804932,-1.921481727
M288G,1.4442224502563477,-1.442044752
M288E,0.7885804176330566,-1.514329532
M288L,1.6889820098876953,0.347429914
M288Q,0.5938892364501953,-1.416232638
M288R,0.618154764175415,-1.057066478
M288S,1.480046033859253,-1.178578009
M288T,1.2423861026763916,-0.282585661
M288V,1.293544054031372,-0.157546397
M288W,0.38915562629699707,-1.159014637
M288Y,1.1966919898986816,0.154833957
M288A,1.0356228351593018,-1.233910385
M288N,1.1772546768188477,-1.737864639
H289M,0.3931112289428711,-0.74663697
H289A,1.6633915901184082,-0.318768566
H289N,1.6031503677368164,-0.988754584
H289K,1.475254774093628,-1.56778896
H289Q,1.0119047164916992,-0.344433744
H289R,0.9015078544616699,-1.5315066469999998
H289L,1.6715011596679688,-1.078386377
H289T,1.7111380100250244,-0.356394704
H289V,1.5305840969085693,-0.625422258
H289S,1.8248820304870605,-0.171732071
H289Y,1.1251211166381836,-0.605412979
H289I,1.6104788780212402,-1.2904627
H289G,1.5770363807678223,0.052571186
H289F,1.173292636871338,-0.554649479
H289E,1.28220796585083,-0.365160781
H289D,1.370769739151001,0.025456801
H289C,0.5035910606384277,-1.930863447
H289W,0.05414533615112305,-2.133029524
H289P,1.470789909362793,-3.911483745
E290A,0.30693507194519043,-1.276970521
E290C,-0.7309787273406982,-3.594300597
E290K,-0.10990738868713379,-2.41066446
E290F,0.37394142150878906,-1.6199403730000002
E290G,0.6068835258483887,-1.160321198
E290D,0.2632145881652832,-0.422321791
E290H,-0.6288456916809082,-2.418082449
E290Y,0.380993127822876,-1.517588523
E290W,-0.6469078063964844,-2.106587275
E290V,0.3190579414367676,-1.882392143
E290T,0.4469897747039795,-0.891955088
E290S,0.7188494205474854,-0.83716849
E290R,-0.1883068084716797,-3.69280609
E290Q,-0.16875505447387695,-0.984884235
E290P,-0.010932207107543945,-0.6558601479999999
E290N,0.39042162895202637,-0.868748878
E290M,-0.9668660163879395,-1.520744875
E290L,0.6473617553710938,-1.3917598269999998
E290I,0.5134060382843018,-1.6079978119999998
C291S,0.7364084720611572,-4.091498876
C291R,0.004630327224731445,-4.013288607
C291Y,0.9050114154815674,-2.9622290060000003
C291E,0.26105690002441406,-3.349841838
C291A,0.6797561645507812,-3.771104114
C291F,1.1097838878631592,-3.848924223
C291G,0.8463835716247559,-3.856841944
C291H,-0.5229897499084473,-3.4650235680000003
C291I,1.224287986755371,-3.24801421
C291D,0.41358280181884766,-3.469027583
C291L,1.4437477588653564,-4.055622695
C291M,-0.07461428642272949,-2.929843575
C291N,0.7342782020568848,-3.621368807
C291P,0.20676803588867188,-4.234120569
C291Q,-0.12288761138916016,-3.611976596
C291W,0.18512439727783203,-3.131572382
C291K,0.29543137550354004,-3.7623976
C291V,0.8362762928009033,-3.742279466
C291T,0.6024036407470703,-3.952056855
N292G,0.37122154235839844,-3.349951842
N292H,-0.9564647674560547,-1.094233767
N292I,0.6771759986877441,-1.347232644
N292M,-0.49420785903930664,-1.590954293
N292L,1.026109218597412,-2.340542165
N292F,0.5129313468933105,-1.657724288
N292P,-0.07129073143005371,-4.205902859
N292K,-0.01811981201171875,-2.933480372
N292E,-0.0699472427368164,-0.982834235
N292Q,-0.26932382583618164,-1.465388427
N292C,-0.538834810256958,-2.479398082
N292A,0.30690670013427734,-2.7295346510000003
N292V,0.4003629684448242,-1.225961219
N292T,0.13430452346801758,-0.784645533
N292S,0.34497570991516113,-0.49553288
N292R,-0.23415684700012207,-3.271203049
N292Y,0.20492839813232422,-0.946479151
N292W,-0.5522339344024658,-1.717767042
N292D,-0.05274391174316406,-0.631915887
T293Q,-0.4721355438232422,-4.161932151
T293Y,-0.04568338394165039,-3.636088798
T293W,-0.8606986999511719,-3.434098032
T293R,-0.3461451530456543,-3.4551842460000004
T293E,0.019864320755004883,-3.603049352
T293N,0.021292448043823242,-3.123439204
T293A,0.07317566871643066,-0.6862190429999999
T293C,-1.2178421020507812,-2.225588337
T293D,-0.05480337142944336,-2.920705482
T293P,-0.017443180084228516,-3.765946122
T293F,0.07818317413330078,-3.79131315
T293V,0.2627377510070801,-2.1435569290000003
T293H,-1.3127412796020508,-3.228971193
T293I,0.4472622871398926,-3.637162151
T293K,-0.022489547729492188,-3.1178958860000003
T293L,0.4330301284790039,-4.107648397
T293M,-0.8899502754211426,-2.1220970880000003
T293G,0.6019752025604248,-3.2148109810000003
T293S,0.16887187957763672,-1.458885195
K294Y,0.2883927822113037,-1.164960971
K294W,-0.6496601104736328,-1.275871468
K294V,0.4807279109954834,-0.668115408
K294S,0.6437387466430664,0.046197911
K294L,0.792654275894165,-0.40691475
K294Q,-0.2138810157775879,-0.340010666
K294P,0.12311816215515137,-1.347780577
K294N,0.3324916362762451,-0.195184159
K294M,-0.7187042236328125,-1.320154275
K294I,0.6824243068695068,-0.526724505
K294H,-0.6399152278900146,-0.422658288
K294G,0.4098391532897949,-1.006058341
K294E,-0.09644055366516113,-1.152327717
K294R,-0.09640741348266602,0.307630845
K294D,0.20645356178283691,-1.059251513
K294C,-1.029820203781128,-2.549992748
K294A,0.4201643466949463,0.293725872
K294T,0.5739948749542236,-1.037119869
K294F,0.34689998626708984,-0.627336853
C295Q,-0.2561063766479492,-2.803723809
C295P,0.17847442626953125,-3.331246048
C295R,-0.33811521530151367,-3.628580848
C295Y,0.44873762130737305,-2.663262323
C295T,0.5310561656951904,-3.80845406
C295V,0.41611719131469727,-3.493878632
C295N,0.5979676246643066,-2.821432218
C295S,0.5406007766723633,-3.700370888
C295M,-0.6322135925292969,-3.537352492
C295G,0.7084479331970215,-3.655090082
C295K,0.12017393112182617,-3.819247073
C295L,0.9479501247406006,-4.077570295
C295A,0.22922253608703613,-4.269328379
C295D,0.2892482280731201,-3.687230264
C295E,-0.03102898597717285,-3.692864732
C295W,-0.39073896408081055,-3.315925804
C295H,-0.6436889171600342,-3.874576389
C295I,0.771935224533081,-3.803453077
C295F,0.5778231620788574,-3.3259883130000003
Q296P,0.34598422050476074,-3.235894306
Q296Y,0.3366854190826416,-2.88364552
Q296W,-0.656585693359375,-2.839130698
Q296V,0.5768418312072754,-3.00203193
Q296T,0.6039643287658691,-3.387803805
Q296S,0.7424366474151611,-3.1762495310000003
Q296R,0.0729362964630127,-3.079049205
Q296N,0.6400172710418701,-2.7676790330000003
Q296A,0.3929934501647949,-3.2559930880000003
Q296L,0.818824291229248,-3.777925901
Q296K,0.3498992919921875,-2.669816085
Q296I,0.715404748916626,-2.388420606
Q296H,-0.6820597648620605,-2.301248671
Q296G,0.8321559429168701,-3.426159372
Q296F,0.480670690536499,-2.389608728
Q296E,0.21802306175231934,-2.111675756
Q296D,0.3440101146697998,-2.734692939
Q296M,-0.5508458614349365,-1.86094672
Q296C,-0.48723530769348145,-3.368236371
T297I,0.45311951637268066,-2.318980812
T297L,0.5146095752716064,-2.157045417
T297M,-0.9374628067016602,-3.129511191
T297N,0.32686924934387207,-2.653824183
T297P,-0.2749209403991699,-2.785098793
T297Q,-0.658376932144165,-2.738044134
T297Y,-0.1323385238647461,-2.973482738
T297S,0.026212215423583984,-0.267705535
T297V,0.15446257591247559,-3.2606604
T297W,-1.3071517944335938,-2.903257898
T297H,-1.0610613822937012,-2.814854514
T297A,-0.2061476707458496,-2.069560054
T297R,-0.6609330177307129,-3.243512134
T297G,-0.010267257690429688,-3.347903076
T297K,-0.31315088272094727,-2.475696691
T297E,-0.4619903564453125,-3.305500885
T297D,0.15936279296875,-3.357616497
T297C,-0.5359454154968262,-2.7024326210000003
T297F,-0.08631539344787598,-3.2088290980000003
P298F,0.7455692291259766,-3.14618341
P298E,-0.036963462829589844,-2.7188277160000003
P298D,0.014505863189697266,-3.269314172
P298C,0.35939455032348633,-2.275126837
P298A,0.5696530342102051,-1.906352248
P298H,-0.6795144081115723,-2.407611395
P298W,-0.27318716049194336,-2.732986217
P298I,1.0846354961395264,-3.676924283
P298Y,0.609905481338501,-2.914520625
P298L,1.3633508682250977,-3.580222577
P298K,-0.12140178680419922,-3.10337189
P298G,0.5465412139892578,-2.896886519
P298T,0.34268712997436523,-2.266831984
P298S,0.4651470184326172,-2.118723159
P298V,0.6511199474334717,-2.519852458
P298Q,-0.2586710453033447,-2.519661191
P298N,0.2764601707458496,-3.516459032
P298M,-0.17143630981445312,-2.734819034
P298R,-0.2860705852508545,-3.758028532
Q299N,0.7338204383850098,-0.064896208
Q299Y,0.2967343330383301,0.676399978
Q299W,-0.8860011100769043,-0.034231167
Q299V,0.41077423095703125,0.542325311
Q299T,0.6162209510803223,0.256132129
Q299S,0.7362427711486816,-0.040584675
Q299P,0.16922473907470703,-0.399374938
Q299M,-0.8001561164855957,0.73857452
Q299R,-0.2759265899658203,-0.734828452
Q299K,0.2933003902435303,-0.921551957
Q299I,0.4798269271850586,0.482083409
Q299L,0.6522250175476074,0.066644896
Q299H,-0.7677044868469238,0.31332188
Q299G,0.6377151012420654,-1.223376683
Q299F,0.29328012466430664,-0.11592322
Q299E,0.4269716739654541,-0.470459358
Q299D,0.7502593994140625,0.09508369
Q299C,-0.33159708976745605,-0.20020562
Q299A,0.5042526721954346,-0.488922209
G300R,-0.6430675983428955,-3.420519639
G300S,0.15164875984191895,-3.837848834
G300T,0.08991003036499023,-2.989544292
G300Y,-0.1476747989654541,-3.923439387
G300W,-1.2822842597961426,-3.684552316
G300Q,-0.37900400161743164,-3.213402167
G300V,0.01727890968322754,-2.9428391510000003
G300P,-0.18410110473632812,-3.590520588
G300L,0.3536081314086914,-3.669187872
G300M,-1.0398783683776855,-2.880009833
G300K,-0.15394902229309082,-3.748926041
G300I,0.2320544719696045,-3.026824758
G300H,-1.2695112228393555,-2.833771465
G300F,0.03141307830810547,-3.971744595
G300E,-0.10319256782531738,-2.2092356090000003
G300D,0.031139135360717773,-3.496652973
G300C,-0.6088211536407471,-4.151194876
G300A,0.026354074478149414,-3.995714466
G300N,0.19425487518310547,-3.682934877
A301Y,0.31883955001831055,-2.687086976
A301V,0.4359769821166992,-2.764385149
A301K,0.24880266189575195,-3.984906398
A301S,0.4712851047515869,-0.84637248
A301Q,-0.2876601219177246,-2.177013927
A301T,0.4913361072540283,-2.624769368
A301P,-0.20714497566223145,-3.798814924
A301M,-0.7552890777587891,-3.247191264
A301L,0.6086626052856445,-3.987609877
A301N,0.3782377243041992,-2.7146814910000003
A301I,0.6161930561065674,-3.269453032
A301G,0.17242813110351562,-2.8075465630000003
A301F,0.28661394119262695,-3.920472705
A301E,-0.017636775970458984,-2.42235348
A301D,0.10187482833862305,-2.6757754
A301C,-0.10901570320129395,-3.834340657
A301W,-0.5310914516448975,-3.275685172
A301H,-0.9378762245178223,-3.970073685
A301R,-0.24172163009643555,-3.210978177
I302C,-0.34198808670043945,-2.139352185
I302A,-0.19092798233032227,-2.664877424
I302V,-0.06403779983520508,-0.923710619
I302R,-0.7395894527435303,-3.657218946
I302S,0.18062067031860352,-3.608111198
I302T,0.0146942138671875,-2.590670265
I302D,-0.11142420768737793,-3.1637207860000003
I302W,-1.2018928527832031,-1.912131515
I302Y,-0.28224992752075195,-2.262090395
I302Q,-0.749941349029541,-3.912891817
I302E,-0.3790853023529053,-3.648788561
I302N,0.044754743576049805,-3.810225265
I302G,0.06771111488342285,-3.82047735
I302H,-1.3500452041625977,-2.835472595
I302K,-0.24846124649047852,-1.593516191
I302L,0.14084529876708984,-0.8502614690000001
I302M,-1.2562522888183594,-1.954819714
I302P,-0.28897881507873535,-4.097805253
I302F,-0.2323164939880371,-2.081238942
N303P,0.18505096435546875,-0.79110438
N303M,-1.0226459503173828,-0.549065806
N303L,0.6567599773406982,-0.231217277
N303K,-0.29994916915893555,-0.88729003
N303I,0.5748999118804932,-1.012045965
N303E,-0.36051225662231445,0.340235637
N303G,0.06063222885131836,-0.6954004090000001
N303F,0.23509454727172852,-0.257450466
N303D,-0.05993247032165527,-0.180696562
N303C,-0.4136056900024414,-1.867160384
N303A,0.06364679336547852,0.413906554
N303H,-0.9943685531616211,-0.392289334
N303R,-0.5049796104431152,-0.602613817
N303Q,-0.6002492904663086,-0.340192286
N303T,0.1576402187347412,0.38786869
N303V,0.44173288345336914,-0.224167182
N303W,-0.9944934844970703,-1.657138244
N303Y,0.1346750259399414,-0.339528802
N303S,0.34287071228027344,-0.671956442
S304M,-1.1249172687530518,-2.800077415
S304Y,-0.08219170570373535,-2.295813309
S304W,-1.0651264190673828,-2.784954687
S304V,0.03480792045593262,-3.643737552
S304T,-0.17914295196533203,-1.304630869
S304R,-0.6279647350311279,-2.7392471960000004
S304Q,-0.7175500392913818,-2.8004139660000003
S304L,0.24149537086486816,-2.747542375
S304H,-1.320979356765747,-2.63036736
S304N,-0.1401071548461914,-1.81273291
S304G,0.2082834243774414,-1.030391723
S304F,0.014690160751342773,-2.868951193
S304E,-0.34149169921875,-2.411634641
S304D,-0.33384180068969727,-2.914991188
S304C,-0.4237539768218994,-3.24214122
S304P,-0.02811598777770996,-3.052890328
S304A,-0.1757056713104248,-1.292182554
S304K,-0.3544914722442627,-2.598462517
S304I,0.17918896675109863,-2.15784772
N305C,-0.8746111392974854,-2.350368286
N305A,-0.211808443069458,-0.055072234
N305E,-0.5413999557495117,-1.86011579
N305F,-0.19235777854919434,-0.7996397759999999
N305G,-0.07918834686279297,0.084595805
N305H,-1.1411077976226807,-0.941830157
N305I,0.1473226547241211,-1.094122251
N305K,-0.3935239315032959,-1.081361429
N305L,0.3026235103607178,-0.108296768
N305M,-1.0859193801879883,-1.112865849
N305P,-0.28491759300231934,-1.239432935
N305Q,-0.7225751876831055,-1.807112897
N305R,-0.6453111171722412,-0.38892612
N305S,0.23468279838562012,-0.252263011
N305T,0.11044549942016602,-1.026696871
N305V,-0.029054880142211914,-1.010490526
N305W,-1.1293656826019287,-2.241959691
N305D,-0.23859691619873047,0.237333633
N305Y,-0.06907439231872559,-1.745824336
L306Y,-0.45912694931030273,-1.214563317
L306V,-0.3407430648803711,-2.144449213
L306D,-0.1059730052947998,-2.987714927
L306E,-0.8247065544128418,-2.111585035
L306F,-0.5424709320068359,-1.487289558
L306G,-0.3426246643066406,-3.954879101
L306H,-1.2663133144378662,-1.106492756
L306I,-0.09997439384460449,-1.564593793
L306W,-1.8207728862762451,-2.5189883980000003
L306K,-0.5338232517242432,-0.8359880670000001
L306N,0.038452863693237305,-2.937082153
L306P,-0.7245957851409912,-2.870545136
L306Q,-0.879023551940918,-1.969950565
L306R,-0.8809630870819092,0.232589676
L306S,-0.15065789222717285,-0.6057493279999999
L306T,-0.17938446998596191,-2.015257583
L306M,-1.40321683883667,-1.903422597
L306A,-0.5032045841217041,-0.804619196
L306C,-0.2659745216369629,-0.217956082
P307C,-0.7159287929534912,-3.2249722339999995
P307W,-1.1311447620391846,-3.484311763
P307V,0.38091540336608887,-3.226069999
P307T,0.5109062194824219,-3.83029541
P307S,0.5972564220428467,-2.581035885
P307R,-0.14220643043518066,-3.513881473
P307Q,-0.2503042221069336,-3.535970318
P307N,0.3464934825897217,-3.533057954
P307M,-0.9700944423675537,-3.079583627
P307L,0.4585106372833252,-2.33653183
P307K,0.01886725425720215,-2.817293222
P307I,0.34481096267700195,-3.187880492
P307H,-0.630424976348877,-3.562267902
P307G,0.19745111465454102,-3.262911542
P307A,0.0943915843963623,-3.120776535
P307Y,0.24017810821533203,-3.4822351680000003
P307D,0.29639124870300293,-3.929619576
P307E,0.009233236312866211,-3.605163378
P307F,0.060659170150756836,-3.725012385
F308Q,-0.48922109603881836,-3.286998213
F308A,-0.12963199615478516,-2.967501332
F308C,-0.30130791664123535,-3.661369633
F308D,-0.024676799774169922,-4.078060028
F308E,-0.2822701930999756,-3.197460567
F308G,0.14564204216003418,-3.839203785
F308H,-1.1098017692565918,-3.690229432
F308I,0.1661698818206787,-3.184159342
F308K,-0.2844719886779785,-3.2557157
F308L,0.36834239959716797,-2.488678329
F308M,-1.0793240070343018,-2.122197125
F308V,0.12217330932617188,-3.0541830410000004
F308T,0.003164529800415039,-3.118857395
F308S,0.22407937049865723,-3.183456512
F308N,0.19233989715576172,-3.999246338
F308P,0.011337518692016602,-3.885609075
F308R,-0.6419734954833984,-3.612624433
F308Y,-0.04171943664550781,-1.771986187
F308W,-1.1425199508666992,-2.646211757
Q309S,0.8461332321166992,-3.58705628
Q309R,-0.04307365417480469,-3.181697523
Q309P,0.21509265899658203,-3.2305375080000003
Q309N,0.49126267433166504,-3.236326333
Q309M,-0.7244091033935547,-3.032690765
Q309L,0.7347538471221924,-4.015868796
Q309T,0.5631322860717773,-3.739019942
Q309K,0.26157665252685547,-3.807910429
Q309G,0.8179047107696533,-4.265065324
Q309F,0.28632521629333496,-3.877512777
Q309E,0.3799428939819336,-3.070149432
Q309D,0.4823336601257324,-3.73882449
Q309C,-0.27706003189086914,-3.746409944
Q309A,0.38396596908569336,-3.856555411
Q309I,0.5273125171661377,-3.708217285
Q309V,0.5301012992858887,-4.557140633
Q309H,-0.627269983291626,-2.903557371
Q309Y,0.3467864990234375,-3.49718141
Q309W,-0.8539047241210938,-3.951381303
N310A,-0.195328950881958,-3.466224545
N310W,-1.2439117431640625,-2.944058965
N310V,-0.011649370193481445,-1.472886207
N310C,-1.1427299976348877,-2.659773248
N310D,-0.15229129791259766,-2.93260504
N310E,-0.2935774326324463,-3.45263026
N310F,-0.17697882652282715,-2.961644593
N310G,0.08280539512634277,-3.62071033
N310H,-1.0251810550689697,-2.35347662
N310Y,-0.2071239948272705,-2.726270946
N310I,-0.02382946014404297,-3.564200131
N310S,0.1821269989013672,-2.29763864
N310R,-0.557664155960083,-3.447838597
N310Q,-0.5262582302093506,-2.883438075
N310T,-0.008445262908935547,-3.525164204
N310M,-1.182424545288086,-2.244451766
N310L,0.14682507514953613,-3.186176077
N310K,-0.3056159019470215,-2.372497827
N310P,-0.23514437675476074,-3.410680897
I311M,-1.4132981300354004,-2.317716772
I311E,-0.6432614326477051,-3.215228914
I311F,-0.2962923049926758,-3.520663179
I311G,0.2303028106689453,-4.21022531
I311H,-1.2657606601715088,-2.899381988
I311K,-0.5273962020874023,-3.157270744
I311L,0.03677773475646973,-2.100753828
I311D,-0.4333927631378174,-3.3719126760000004
I311R,-0.8218421936035156,-3.0781019310000004
I311Q,-0.8378114700317383,-3.3431351960000004
I311C,-0.9034280776977539,-1.974671741
I311S,-0.029176712036132812,-3.62628845
I311T,-0.2823929786682129,-2.9026299360000003
I311V,-0.28220438957214355,-0.246481417
I311W,-1.434464931488037,-3.020404159
I311Y,-0.32375597953796387,-3.123676952
I311P,-0.3157057762145996,-3.661505906
I311A,-0.5087733268737793,-3.903734663
I311N,-0.07673430442810059,-2.258972155
H312C,0.3302621841430664,-1.679227681
H312E,0.9051594734191895,-2.650032836
H312A,1.1350953578948975,-0.204618429
H312F,0.7468245029449463,-2.147366155
H312G,0.9764726161956787,-0.967212252
H312K,1.105736494064331,-3.388192193
H312L,1.451775312423706,-3.89745509
H312M,0.03969931602478027,-2.7781218460000003
H312N,1.3337833881378174,-0.6806523790000001
H312I,1.2740592956542969,-3.1505845480000003
H312Q,0.727691650390625,-2.9473573710000003
H312P,1.1212928295135498,-2.932361575
H312Y,0.8371837139129639,-2.113904438
H312W,-0.6285049915313721,-2.272516252
H312V,1.290865421295166,-2.813011946
H312D,1.4039785861968994,-0.299064538
H312S,1.44295334815979,0.538722534
H312R,0.6778113842010498,-2.8906210480000003
H312T,1.420818567276001,-0.532131791
P313I,0.057891845703125,-2.930264218
P313C,-0.918168306350708,-3.4723321960000004
P313D,0.45041322708129883,-3.051362547
P313E,0.11209893226623535,-2.093761736
P313F,-0.07227540016174316,-2.325435429
P313G,0.6369011402130127,-2.371362733
P313H,-0.6483826637268066,-0.586428346
P313A,0.17989468574523926,-0.016266696
P313K,0.17805147171020508,-0.685228258
P313M,-0.9963963031768799,-2.515466832
P313N,0.559532880783081,-3.4006842660000003
P313Q,-0.18307089805603027,-1.892290436
P313R,-0.055179595947265625,-0.694581743
P313S,0.5882494449615479,-1.963155245
P313T,0.31627678871154785,-2.120582732
P313V,0.13356924057006836,-2.664559746
P313W,-1.2747633457183838,-0.834410909
P313Y,-0.03666090965270996,-1.822766394
P313L,0.3514416217803955,-2.9605706689999995
V314I,-0.040999412536621094,-0.544921114
V314H,-1.2168867588043213,-0.163144863
V314E,0.04294300079345703,-1.826867053
V314F,-0.2638375759124756,-0.4944552720000001
V314K,-0.16809773445129395,-1.199658497
V314G,0.06858611106872559,-2.380495972
V314L,0.10820579528808594,-0.823366023
V314R,-0.7797489166259766,-0.773445611
V314N,0.07686471939086914,0.154529514
V314P,-0.7613883018493652,-3.731967088
V314Q,-0.4897942543029785,-0.511693205
V314S,0.06526637077331543,-0.989284075
V314T,-0.09615516662597656,-0.927337374
V314A,-0.18481969833374023,-1.629310768
V314Y,-0.305497407913208,0.651149889
V314M,-1.2629027366638184,0.153099078
V314D,0.0917060375213623,-0.551338887
V314W,-1.4760346412658691,-1.395968562
V314C,-1.0189845561981201,-2.147331477
T315Y,-0.09745550155639648,0.107415262
T315A,-0.13730835914611816,-0.601636725
T315W,-1.1530871391296387,-2.157278527
T315V,0.14081406593322754,-0.222557997
T315S,0.12151241302490234,-0.665261145
T315R,-0.5205099582672119,-2.2265168
T315Q,-0.570075511932373,-1.887166307
T315P,-0.2915353775024414,-3.714116748
T315N,-0.10026931762695312,-1.804931125
T315C,-0.9892301559448242,-0.91400639
T315L,0.27973246574401855,-2.4135836630000003
T315M,-1.1215248107910156,-2.419234038
T315E,-0.2162337303161621,-3.529609494
T315F,-0.0651707649230957,-1.095168214
T315D,-0.1629195213317871,-3.473022729
T315H,-1.0989134311676025,-1.340617256
T315I,0.06737112998962402,-1.525110777
T315K,-0.18202948570251465,-2.83945237
T315G,-0.10882997512817383,-0.059808436
I316Y,-0.30124998092651367,-3.06331866
I316N,-0.09026932716369629,-3.498102887
I316V,0.057549476623535156,-0.5836367720000001
I316T,-0.043636322021484375,-3.058245031
I316R,-0.8106975555419922,-3.132902409
I316Q,-0.7897343635559082,-2.99180911
I316P,-0.1820671558380127,-3.056437634
I316W,-1.363112211227417,-3.395933044
I316S,0.18241357803344727,-3.571400876
I316K,-0.36164307594299316,-2.366575472
I316L,0.2211606502532959,-1.306155346
I316A,-0.1100466251373291,-3.529348209
I316C,-0.12098240852355957,-3.087883693
I316D,-0.03554224967956543,-2.875630465
I316M,-1.1910841464996338,-1.995395194
I316F,-0.2370011806488037,-3.111681263
I316G,0.15605664253234863,-3.360499383
I316H,-1.3844802379608154,-3.579720234
I316E,-0.34895801544189453,-3.741946591
G317D,-0.0036163330078125,-3.597058132
G317E,0.12206292152404785,-2.893875025
G317F,-0.4840278625488281,-3.588274036
G317H,-1.1728992462158203,-4.104210062
G317I,-0.11403679847717285,-3.522238529
G317K,0.05335521697998047,-2.8592866710000004
G317L,-0.050287723541259766,-3.5913849
G317N,-0.04942774772644043,-3.176516573
G317P,-0.023012876510620117,-3.866690523
G317Q,-0.4473247528076172,-3.3731646680000003
G317S,0.26781392097473145,-3.885174863
G317T,0.08307838439941406,-3.486226812
G317V,-0.07847785949707031,-4.13150697
G317A,-0.06265044212341309,-4.232567088
G317M,-1.2484331130981445,-3.484989005
G317R,-0.5031187534332275,-3.642635404
G317C,-1.3169116973876953,-3.760322691
G317W,-1.4926037788391113,-3.013203604
G317Y,-0.3342466354370117,-4.033081838999999
E318T,0.2313523292541504,-0.115902008
E318S,0.31433701515197754,-0.329521976
E318R,-0.5163116455078125,-0.6367092289999999
E318Q,-0.43507909774780273,-0.285826919
E318P,-0.5735352039337158,-3.751742203
E318N,0.31528210639953613,-0.540496235
E318M,-1.119959831237793,-0.977642726
E318L,0.21890950202941895,-1.38866035
E318K,-0.2841827869415283,-1.123844033
E318I,0.18200039863586426,-1.3810494430000002
E318H,-0.9496567249298096,-0.114380299
E318G,0.33931517601013184,-2.390861008
E318F,-0.11840248107910156,-1.834615724
E318D,0.3302443027496338,-0.29427117
E318C,-1.3287487030029297,-2.365402712
E318V,0.12510943412780762,-1.439466697
E318W,-1.5353069305419922,-2.375690756
E318Y,-0.15612125396728516,-2.976747029
E318A,-0.006628751754760742,-0.879312148
C319V,1.3821759223937988,-3.158939279
C319A,1.0629041194915771,-2.967528803
C319D,1.4839105606079102,-2.976696782
C319E,0.8178532123565674,-3.706638864
C319F,0.9889507293701172,-2.6974322660000003
C319G,0.9524855613708496,-4.033232013
C319H,0.12588977813720703,-3.276545493
C319I,1.691835880279541,-3.280827633
C319K,0.872307538986206,-3.341876835
C319M,0.46692442893981934,-3.0794030460000004
C319N,1.6318740844726562,-3.107496413
C319P,0.5233163833618164,-3.443085318
C319Q,0.40290355682373047,-3.266797588
C319R,0.4147679805755615,-3.4140562410000004
C319S,1.2126097679138184,-3.664973363
C319T,1.2202723026275635,-3.799225744
C319L,1.7950167655944824,-3.3500790510000003
C319W,-0.280637264251709,-2.714213557
C319Y,1.0006122589111328,-2.832247
P320Y,0.3250436782836914,-3.232671641
P320C,-0.7087411880493164,-3.26749007
P320D,0.6327629089355469,-3.686709438
P320E,0.955449104309082,-3.65516416
P320F,0.22185850143432617,-3.3184013
P320G,0.5062241554260254,-2.027176025
P320H,-0.7967157363891602,-3.82290102
P320I,1.0151910781860352,-4.10442343
P320K,0.464630126953125,-3.658962885
P320L,1.303767442703247,-3.302097285
P320M,-0.15415501594543457,-2.963606175
P320N,0.4965379238128662,-3.920268827
P320Q,0.30325937271118164,-2.870297949
P320R,0.18923521041870117,-3.538609847
P320S,0.6622233390808105,-3.269280069
P320T,0.4237091541290283,-3.541822336
P320A,0.814885139465332,-1.450838965
P320W,-0.7208023071289062,-3.533823682
P320V,0.8430774211883545,-2.877530209
K321D,0.5517265796661377,-2.967919312
K321W,-1.304957389831543,-2.589951375
K321V,0.39925646781921387,-0.813585433
K321T,0.2563347816467285,-0.654905772
K321S,0.47685933113098145,-1.659788605
K321R,-0.35358572006225586,0.409627151
K321Q,-0.18474197387695312,-1.474377078
K321P,-0.18819570541381836,-4.066297701
K321N,0.24451613426208496,-2.154622826
K321M,-0.9792895317077637,-1.343152029
K321L,0.40761637687683105,-1.000676682
K321I,0.30286097526550293,-0.527509214
K321H,-0.9113502502441406,-1.482807402
K321G,0.43485331535339355,-2.444565237
K321F,-0.0011429786682128906,-2.8272029560000003
K321E,0.4135873317718506,-2.85691513
K321C,-1.1909332275390625,-2.559980551
K321Y,-0.016771793365478516,-3.4619394260000003
K321A,0.33468055725097656,-1.781188715
Y322D,0.6800448894500732,-3.124922882
Y322A,0.3393990993499756,-3.105143634
Y322C,-0.3708498477935791,-2.770933984
Y322E,0.5960497856140137,-3.393337391
Y322F,-0.07471609115600586,-0.130108208
Y322G,0.5533909797668457,-3.941823375
Y322H,-0.7999112606048584,-1.973948847
Y322K,0.18099665641784668,-3.42765957
Y322L,0.5701894760131836,-3.680056541
Y322I,0.41268086433410645,-2.95805225
Y322N,0.4673914909362793,-3.612082218
Y322P,-0.003048419952392578,-3.708068403
Y322Q,-0.08296084403991699,-3.133032968
Y322R,-0.3150968551635742,-4.471361761
Y322S,0.5625531673431396,-3.645764152
Y322T,0.5611116886138916,-3.439464863
Y322V,0.2871401309967041,-3.882871053
Y322W,-1.1078338623046875,-2.441230512
Y322M,-0.8200216293334961,-2.483031987
V323M,-1.1166396141052246,-3.059604821
V323S,0.23489022254943848,-3.368830625
V323R,-0.6921114921569824,-4.27323839
V323Q,-0.4907677173614502,-3.442701759
V323P,-0.3729701042175293,-2.854076657
V323N,0.1634047031402588,-2.592482672
V323L,0.44968485832214355,-0.676469337
V323Y,0.007870912551879883,-3.63787899
V323H,-0.978790283203125,-3.306327463
V323G,0.18440032005310059,-2.85678766
V323F,-0.06768798828125,-3.44246047
V323E,-0.14227914810180664,-3.50575722
V323D,0.5210347175598145,-2.965302957
V323W,-1.147768497467041,-3.1337293460000004
V323A,-0.1652214527130127,-3.136101987
V323I,0.2593207359313965,0.023790269
V323C,-0.69370436668396,-3.355976204
V323K,-0.4141273498535156,-3.490371184
V323T,0.019284725189208984,-2.556505925
R324Y,0.4629089832305908,-2.601549948
R324E,0.6926689147949219,-3.012417959
R324F,0.42585253715515137,-3.162833915
R324G,0.6135590076446533,-3.0346958510000004
R324H,-0.47893643379211426,-1.131797798
R324I,0.7833273410797119,-4.223842389
R324K,0.4684104919433594,-0.427651482
R324L,0.973684549331665,-1.7416785069999998
R324C,-0.49988579750061035,-3.683700232
R324M,-0.477675199508667,-2.577098677
R324N,0.8772339820861816,-2.989665725
R324P,0.5243096351623535,-3.320176684
R324Q,0.20548129081726074,-2.007058485
R324S,0.9424653053283691,-2.875375237
R324T,0.9062402248382568,-1.085862455
R324V,0.7028188705444336,-3.754971692
R324A,0.6717631816864014,-1.7783021330000002
R324W,-0.9233686923980713,-2.939877054
R324D,1.10709547996521,-3.3332870960000003
S325A,-0.17422866821289062,-1.930941171
S325C,-1.3221213817596436,-2.099662475
S325Y,-0.5186173915863037,-3.105305619
S325W,-1.6993978023529053,-3.735514196000001
S325V,-0.2906479835510254,-3.624120412
S325T,-0.13847780227661133,-1.973436654
S325R,-0.7793323993682861,-4.194963456
S325Q,-0.47234463691711426,-3.200134683
S325P,-0.40911173820495605,-3.727684997
S325N,0.21181559562683105,-3.121852259
S325M,-1.2512385845184326,-3.490053235
S325L,0.04701113700866699,-1.768535206
S325K,-0.21389126777648926,-2.793152902
S325I,-0.1912250518798828,-2.665440353
S325H,-1.3606822490692139,-3.6341088
S325G,0.23618435859680176,-3.1136966630000003
S325F,-0.5006811618804932,-3.505853853
S325E,0.23471665382385254,-4.145199786
S325D,0.4224259853363037,-2.264763609
T326W,-1.5695335865020752,-2.004585224
T326A,0.13869261741638184,-0.050738848
T326C,-1.3606054782867432,-1.709807797
T326V,-0.17774248123168945,-0.7105298290000001
T326S,0.3332345485687256,-0.633874638
T326R,-0.2861802577972412,-0.343735255
T326E,0.34931254386901855,-0.9014477
T326P,-0.4806554317474365,-0.962196065
T326N,0.4199957847595215,-1.3803385469999998
T326Y,-0.37149500846862793,-1.422945835
T326M,-0.8281128406524658,0.181321005
T326K,0.04425525665283203,-1.038171959
T326I,-0.15976881980895996,-0.334792195
T326H,-0.9147658348083496,-1.228489079
T326G,0.8833723068237305,-0.294788852
T326F,-0.5109376907348633,-0.902601471
T326D,0.5288589000701904,-1.243490335
T326L,0.27816033363342285,-0.521746657
T326Q,-0.2256789207458496,-0.201848982
K327M,0.10913968086242676,-2.094978511
K327Y,0.5779619216918945,-2.903875835
K327A,1.0155222415924072,-0.424083661
K327C,-0.6084721088409424,-2.80536317
K327D,0.5302174091339111,-2.969290382
K327F,0.6287713050842285,-3.892069416
K327G,0.7043282985687256,-2.136851342
K327H,-0.5754349231719971,-1.342518279
K327I,1.0892736911773682,-2.654383668
K327L,1.3598706722259521,-3.909937111
K327E,0.22459816932678223,-2.549715556
K327P,0.13852453231811523,-3.907919358
K327Q,-0.07231307029724121,-1.168300663
K327R,-0.16301703453063965,-1.332621377
K327S,0.6886634826660156,-1.248316647
K327T,0.6779229640960693,-1.380029393
K327W,-0.6880552768707275,-3.152001963
K327V,1.0472681522369385,-3.058165322
K327N,0.4139673709869385,-1.31405341
L328A,-0.017060041427612305,-4.460619696
L328C,-1.417719841003418,-3.830549267
L328E,0.35954999923706055,-3.471948948
L328F,-0.6966021060943604,-3.0796745389999995
L328G,0.3303227424621582,-3.554875197
L328H,-1.149001121520996,-3.87465661
L328K,-0.1206669807434082,-3.949414663
L328D,0.3784646987915039,-3.563610125
L328N,0.25362658500671387,-3.830842673
L328M,-1.0624134540557861,-2.966163189
L328Y,-0.3503684997558594,-3.158563172
L328W,-1.539548397064209,-3.727869275
L328V,-0.26134777069091797,-3.450422514
L328T,0.03019857406616211,-3.941716902
L328I,-0.16052865982055664,-1.264030899
L328R,-0.5490102767944336,-4.662546937
L328Q,-0.2846405506134033,-3.63175385
L328P,-0.48464536666870117,-4.0036771810000005
L328S,0.12256956100463867,-3.400366702
R329C,-0.863609790802002,-2.8615619480000003
R329Y,0.03024148941040039,-2.56878455
R329W,-1.0642733573913574,-1.987076172
R329V,0.3027305603027344,-1.999822912
R329T,0.4752180576324463,-2.285308342
R329S,0.7904882431030273,-1.961704203
R329Q,0.10493016242980957,-3.59726344
R329P,0.3499927520751953,-3.93246649
R329M,-0.5117459297180176,-2.752915551
R329L,0.5416748523712158,-3.068058226
R329K,0.42873406410217285,-1.772884624
R329I,0.12524175643920898,-3.523092143
R329A,0.6973826885223389,-2.178745593
R329G,0.9931440353393555,-2.693935348
R329F,-0.060936927795410156,-3.922949618
R329E,0.6479530334472656,-3.118989083
R329D,0.8254485130310059,-3.861824599
R329N,0.6831042766571045,-2.862277244
R329H,-0.6090641021728516,-2.565760422
M330Y,0.8032124042510986,-3.683766841
M330W,-0.49189043045043945,-3.3618182360000004
M330A,0.9898290634155273,-3.744456212
M330C,-0.512791633605957,-3.00690323
M330D,1.2336175441741943,-2.963169135
M330E,1.1877038478851318,-3.626279153
M330G,0.9756109714508057,-3.088927059
M330H,-0.07069611549377441,-3.983679596
M330I,1.0221195220947266,-2.757977509
M330K,0.9424138069152832,-3.251099212
M330F,0.6415531635284424,-2.28514416
M330N,1.175403118133545,-2.8487094930000003
M330P,0.5705440044403076,-4.253735265
M330Q,0.45719051361083984,-3.5842261680000003
M330R,0.5191001892089844,-3.32112591
M330S,1.1266703605651855,-3.882465066
M330T,1.0942652225494385,-3.090792914
M330V,1.0266554355621338,-2.625798538
M330L,1.1771442890167236,-1.1638166909999998
V331N,-0.1018822193145752,-3.1462667
V331P,-0.3758108615875244,-3.860994365
V331Q,-0.5062880516052246,-2.664998382
V331R,-0.6958732604980469,-4.314003078
V331Y,-0.44713830947875977,-3.282740065
V331T,-0.20284509658813477,-3.542473823
V331W,-1.6381778717041016,-3.020751587
V331M,-0.852421760559082,-3.099374231
V331S,-0.031004667282104492,-2.745617425
V331L,0.3556346893310547,-3.88358585
V331F,-0.44997191429138184,-3.303715232
V331I,0.13851022720336914,-2.828080496
V331H,-1.2872772216796875,-3.331394952
V331G,-0.01880359649658203,-2.768532275
V331K,-0.15383100509643555,-3.244146882
V331E,0.11211061477661133,-2.998297739
V331D,-0.046935319900512695,-3.0590415460000004
V331C,-1.5070033073425293,-1.388119342
V331A,0.07603979110717773,-0.887784081
T332Y,-0.20992755889892578,-3.450364974
T332A,0.1750650405883789,-3.182044098
T332C,-1.1209278106689453,-3.443021176
T332D,0.4862222671508789,-3.55608799
T332E,0.34277915954589844,-3.578874111
T332F,-0.24205946922302246,-3.409912851
T332G,0.28229212760925293,-4.002191907
T332I,-0.16592836380004883,-2.272902424
T332H,-0.9348759651184082,-3.164441553
T332L,0.16894125938415527,-2.60345079
T332M,-0.988985538482666,-3.009848664
T332N,0.30725979804992676,-3.871413398
T332P,-0.3755764961242676,-3.916070693
T332Q,-0.3126637935638428,-2.721046797
T332R,-0.42402029037475586,-3.356818642
T332S,0.357802152633667,-3.365687612
T332V,-0.1641378402709961,-2.36079422
T332K,0.030826091766357422,-2.6131688630000003
T332W,-1.6261811256408691,-2.510912879
G333P,-0.5299994945526123,-3.824019554
G333Q,-0.6340057849884033,-3.184657547
G333R,-0.6741669178009033,-2.232840979
G333S,0.11752438545227051,-4.243233405
G333W,-1.7467262744903564,-3.250015258
G333V,-0.41979479789733887,-3.180784717
G333Y,-0.6999869346618652,-3.481423618
G333N,-0.11035490036010742,-3.755914287
G333T,-0.2879164218902588,-3.152356138
G333M,-1.3339383602142334,-3.08751233
G333D,0.07669281959533691,-2.9152618660000003
G333K,-0.35540103912353516,-2.909361063
G333I,-0.47438788414001465,-3.730268166
G333H,-1.3008737564086914,-3.389491689
G333F,-0.6235477924346924,-3.791953057
G333E,-0.06516265869140625,-2.742816652
G333C,-1.5876057147979736,-3.010564628
G333A,-0.035260915756225586,-3.708894209
G333L,-0.08430671691894531,-4.346045814
L334D,0.051581621170043945,-2.909169651
L334E,-0.022652387619018555,-3.882080576
L334F,-0.48459362983703613,-3.640104545
L334G,0.25223469734191895,-4.368898484
L334H,-1.0501224994659424,-3.945445492
L334I,-0.13573598861694336,-3.271542809
L334K,0.04149031639099121,-2.964665992
L334M,-1.120387315750122,-1.561854564
L334Q,-0.6177856922149658,-2.662634502
L334N,0.05213332176208496,-2.975842726
L334P,-0.66680908203125,-1.201437382
L334W,-1.5499627590179443,-2.01596537
L334R,-0.46281909942626953,-4.005129118
L334S,0.1971726417541504,-4.389567578
L334T,-0.03705453872680664,-3.007200998
L334C,-1.5001437664031982,-3.5730030760000004
L334Y,-0.2931632995605469,-3.555587056
L334A,-0.311626672744751,-4.012021827
L334V,-0.23891472816467285,-0.818154297
R335N,0.623462438583374,-3.373996092
R335D,0.49254822731018066,-3.072866341
R335E,0.6451125144958496,-2.795170387
R335F,0.005596637725830078,-2.998428792
R335G,0.8386380672454834,-3.133737998
R335H,-0.6316287517547607,-2.549475017
R335I,0.18419551849365234,-2.778180228
R335L,0.4699578285217285,-3.471790654
R335M,-0.7454328536987305,-3.18400799
R335P,0.36650633811950684,-3.50517895
R335Q,0.17293930053710938,-3.207283571
R335S,0.9202799797058105,-3.260350344
R335T,0.6054182052612305,-3.27007962
R335V,0.2650620937347412,-3.555551658
R335W,-1.1148672103881836,-2.8801926680000003
R335Y,0.12643718719482422,-3.365282171
R335C,-1.0297541618347168,-3.291347641
R335A,0.44665050506591797,-3.600111607
R335K,0.7078790664672852,-2.160574117
N336E,-0.43886256217956543,-3.040961767
N336I,-0.4482266902923584,-2.624389381
N336K,-0.4194152355194092,-2.7591805810000003
N336L,-0.3206360340118408,-4.024548233
N336A,-0.5934708118438721,-3.91653112
N336M,-1.554081678390503,-3.153514742
N336P,-0.7407310009002686,-3.239165212
N336F,-0.7296802997589111,-3.383208025
N336H,-1.3611791133880615,-3.213051731
N336Q,-0.9316847324371338,-2.975229213
N336S,-0.07903409004211426,-3.302132544
N336D,-0.11105036735534668,-2.717742742
N336T,-0.3278977870941162,-3.0671505260000003
N336V,-0.4787440299987793,-4.091385026
N336W,-1.7772867679595947,-3.129240522
N336Y,-0.5796957015991211,-3.416149111
N336C,-1.937847375869751,-3.476060482
N336R,-0.7994439601898193,-3.670406004
N336G,-0.13985991477966309,-4.236333526
I337V,-0.26004552841186523,-0.589648624
I337Y,-0.4619331359863281,-0.1581918
I337W,-1.9821581840515137,-1.99128996
I337E,-0.5755190849304199,-0.377297325
I337C,-1.7318167686462402,-0.674521464
I337D,0.34651637077331543,0.034270619
I337F,-0.6279721260070801,-0.690002255
I337G,-0.4678206443786621,-1.134726475
I337H,-0.7493958473205566,-0.155394154
I337K,-0.43791627883911133,1.2422509659999998
I337L,0.19309043884277344,0.6593466370000001
I337M,-1.1939942836761475,-0.392395656
I337N,0.37706995010375977,0.940250922
I337P,-0.7819597721099854,-2.935287396
I337Q,-0.7899072170257568,0.040732894
I337R,-0.7679715156555176,0.590424828
I337S,0.017643451690673828,0.5100666660000001
I337T,-0.21000146865844727,0.513791105
I337A,-0.3964543342590332,0.161932656
P338Y,-0.43993496894836426,-0.88267399
P338C,-1.7476353645324707,-2.047642611
P338W,-1.4582791328430176,-2.492395923
P338A,-0.0021085739135742188,-0.818724916
P338D,0.13255786895751953,-2.393783468
P338E,-0.09186697006225586,-1.733875146
P338F,-0.41269874572753906,-2.92715829
P338G,0.3151860237121582,-1.87274356
P338H,-1.1111278533935547,-0.212674484
P338I,-0.2545657157897949,-3.113121571
P338K,0.0642399787902832,-1.647559403
P338L,0.12402987480163574,-2.481780969
P338V,-0.27581334114074707,-1.964893485
P338N,0.13042449951171875,-2.000291797
P338Q,-0.39696168899536133,-1.413864549
P338R,-0.34864139556884766,-1.868561881
P338S,0.527618408203125,-2.799579059
P338T,0.1521165370941162,-3.390341255
P338M,-1.2698626518249512,-2.326328145
S339D,-0.05709648132324219,-1.971687048
S339Y,-0.5015029907226562,-1.362761268
S339W,-1.6676454544067383,-2.872331625
S339V,-0.1360318660736084,-0.5710083020000001
S339T,-0.35929012298583984,-0.5190797770000001
S339R,-0.703941822052002,-0.167651668
S339Q,-0.6459865570068359,0.746698084
S339P,-0.4357767105102539,-0.205814134
S339L,-0.11357522010803223,-0.932386645
S339M,-1.4698739051818848,-1.117836032
S339K,-0.32154130935668945,-1.710336636
S339I,-0.35434770584106445,-0.248742354
S339H,-1.3562898635864258,-1.204639809
S339G,0.09704923629760742,-0.329539754
S339F,-0.5939366817474365,-1.900426616
S339C,-2.018202304840088,-2.08099212
S339A,-0.23784399032592773,0.405356452
S339N,-0.16655969619750977,-1.848184043
S339E,0.06543111801147461,-1.901577106
I340N,0.36779260635375977,-2.22489101
I340P,-0.18671703338623047,-1.964718361
I340Q,-0.12570929527282715,-0.432059436
I340R,-0.27710986137390137,0.461579795
I340V,-0.041150569915771484,-0.306873034
I340T,0.23988723754882812,-1.689842433
I340M,-0.8107936382293701,0.057237744
I340W,-0.8964643478393555,-2.77916512
I340Y,-0.055724143981933594,-1.80191733
I340S,0.7452843189239502,-2.672518764
I340L,0.352555513381958,-0.542548417
I340G,0.6452412605285645,-3.361462947
I340H,-0.9129085540771484,-1.264975306
I340K,0.19404029846191406,0.283756114
I340F,-0.05054306983947754,-1.279970623
I340E,0.43999600410461426,-2.260763117
I340D,0.44986677169799805,-2.557489495
I340C,-1.346860408782959,-1.749784589
I340A,0.315410852432251,-1.955568096
Q341A,1.2678537368774414,-1.4111105819999998
Q341C,-0.6163344383239746,-3.018547939
Q341D,0.27316904067993164,-2.613866627
Q341E,0.07182836532592773,-1.10382721
Q341F,1.277419090270996,-2.865039013
Q341G,1.1593852043151855,-2.461375645
Q341H,-0.6657881736755371,-1.345160116
Q341K,0.5435163974761963,-2.482473546
Q341I,1.791330099105835,-2.599544788
Q341M,0.18691062927246094,-2.538971732
Q341L,1.8551329374313354,-3.336522499
Q341P,0.5039281845092773,-3.541620797
Q341S,0.9445557594299316,-1.722917291
Q341T,0.9756636619567871,-1.491032577
Q341R,0.2481093406677246,-1.927755081
Q341W,-0.17216730117797852,-2.9592798310000004
Q341Y,0.4461336135864258,-2.934075729
Q341N,0.35254478454589844,-2.1659348730000003
Q341V,1.6136388778686523,-3.265325557
Y342P,-0.24104714393615723,-3.297531767
Y342F,0.004233837127685547,-1.34203818
Y342G,1.0693438053131104,-4.234094229
Y342H,-0.4937882423400879,-1.644032318
Y342I,0.3639993667602539,-2.798885167
Y342K,0.7037882804870605,-2.484732921
Y342L,0.6757452487945557,-2.43289193
Y342M,-0.404421329498291,-3.008138269
Y342N,0.5322773456573486,-2.202554951
Y342Q,0.2633974552154541,-2.905107762
Y342C,-1.2848906517028809,-2.119467975
Y342S,0.7682037353515625,-3.481856072
Y342T,0.4561030864715576,-1.844042101
Y342V,0.4147639274597168,-2.724845888
Y342W,-0.6201651096343994,-1.7920341519999998
Y342E,0.2552306652069092,-3.663975507
Y342D,0.05122828483581543,-3.661080805
Y342R,0.4247782230377197,-2.331577391
Y342A,0.6837179660797119,-2.889964999
R343I,0.4784352779388428,-2.581354501
R343H,-0.2812652587890625,-3.733550299
R343F,0.3439505100250244,-3.751019866
R343K,0.36046695709228516,0.462910995
R343D,0.3490715026855469,-3.498125457
R343A,1.3712644577026367,-3.3538977560000003
R343C,-0.5327026844024658,-3.4121303810000003
R343E,0.23107647895812988,-2.738119788
R343L,0.8658921718597412,-3.74482192
R343G,2.0719692707061768,-2.651778193
R343N,0.6615664958953857,-3.774983857
R343Y,0.01968693733215332,-3.754501333
R343W,-0.9947712421417236,-3.046428984
R343V,0.3887755870819092,-4.348129905
R343M,-0.3878147602081299,-2.119632881
R343S,1.294198989868164,-4.07504005
R343Q,0.15791535377502441,-2.865517516
R343P,0.3184506893157959,-3.1263330430000003
R343T,0.701683759689331,-2.716962881
G344V,-0.45120716094970703,-3.0266780310000003
G344T,-0.4111759662628174,-3.805834994
G344S,-0.20861387252807617,-3.19980789
G344R,-0.9755375385284424,-3.378185719
G344Q,-1.0514168739318848,-3.545849395
G344P,-0.7750949859619141,-3.802724192
G344N,-0.469557523727417,-3.08172761
G344M,-1.2191710472106934,-3.40629579
G344K,-0.7192754745483398,-3.521709065
G344I,-0.3223845958709717,-4.139786127
G344W,-1.570246934890747,-2.865294285
G344F,-0.5881400108337402,-2.668922586
G344E,-0.6676044464111328,-2.459376111
G344D,-0.5165188312530518,-2.820368134
G344C,-1.9579777717590332,-2.88548385
G344A,-0.16925954818725586,-1.67572681
G344L,-0.011197328567504883,-3.833935307
G344H,-1.6978731155395508,-3.034883812
G344Y,-0.8240091800689697,-3.333552865
L345F,-0.6736660003662109,-2.631120651
L345C,-2.1416072845458984,-3.448942113
L345A,-0.4045422077178955,-2.816438374
L345G,-0.2077319622039795,-4.0589238010000015
L345K,-1.1332602500915527,-3.941120383
L345M,-1.380373477935791,-0.593471063
L345N,-0.8654069900512695,-3.916366988
L345P,-1.321199893951416,-2.534179134
L345Q,-1.471968650817871,-2.560351638
L345R,-1.193422794342041,-3.842533894
L345S,-0.6040406227111816,-3.0586088160000005
L345T,-0.7195224761962891,-3.4683035230000003
L345V,-0.28245091438293457,-0.559831706
L345W,-2.093870162963867,-3.178170537
L345Y,-1.0912652015686035,-2.514550666
L345I,-0.10219907760620117,-0.699995846
L345H,-1.9493746757507324,-3.060072758
L345D,-0.93393874168396,-3.559616699
L345E,-1.1955041885375977,-3.226061945
F346A,0.880486011505127,-3.30431531
F346V,0.4495425224304199,-2.235131226
F346C,-1.0184340476989746,-3.521135972
F346D,-0.7342128753662109,-3.927565886000001
F346G,0.9921087026596069,-3.683537036
F346H,-1.4292335510253906,-2.094081555
F346I,0.48729872703552246,-2.066671354
F346K,-0.663707971572876,-4.215455774
F346L,0.7268483638763428,-1.171601416
F346M,-0.6313071250915527,-2.294313906
F346N,-0.45563507080078125,-3.412349779
F346P,-0.6770758628845215,-3.85588625
F346Q,-0.810786247253418,-3.715700859
F346R,-0.8072903156280518,-3.680292277
F346S,0.285292387008667,-3.547008995
F346W,-1.3124051094055176,-2.7619158460000004
F346T,0.11486482620239258,-3.965177225
F346Y,-0.5133833885192871,-2.161714097
F346E,-0.741931676864624,-3.862115573
G347Q,-1.855212926864624,-1.180355641
G347V,-1.8503711223602295,-1.68017125
G347T,-1.406822919845581,-1.000545134
G347S,-0.8319823741912842,-1.0290704
G347R,-1.8814871311187744,-1.095262811
G347P,-1.7171111106872559,-3.628991027
G347N,-1.1148691177368164,-1.3372815059999998
G347W,-2.8002288341522217,-2.433019523
G347M,-2.487013578414917,-1.504761864
G347K,-1.5988619327545166,-1.515370765
G347I,-1.9087510108947754,-3.3365441060000003
G347H,-2.419229030609131,-1.4257653
G347A,-0.9517645835876465,-0.8773391229999999
G347C,-2.7012240886688232,-2.028782546
G347F,-1.9793055057525635,-2.709362612
G347L,-1.3925890922546387,-0.936977017
G347E,-1.4105055332183838,-2.299210459
G347Y,-1.894507646560669,-1.912559782
G347D,-1.1134793758392334,-3.038770272
A348C,-1.87156343460083,-3.433321515
A348F,-0.6687655448913574,-3.28243803
A348G,0.44025158882141113,-2.989682394
A348H,-2.242703914642334,-3.36843158
A348I,-0.576024055480957,-3.771088021
A348K,-0.8311152458190918,-3.020672943
A348L,-0.27739381790161133,-3.372564919
A348Y,-1.33626127243042,-3.709340689
A348W,-2.036729335784912,-3.059241185
A348P,-0.9646689891815186,-3.881669386
A348D,-0.9571857452392578,-2.851741969
A348Q,-1.4604594707489014,-3.334930399
A348R,-1.161555290222168,-4.21224708
A348S,-0.23746371269226074,-2.969938902
A348T,-0.5443246364593506,-2.906655527
A348V,-0.5149843692779541,-2.774581586
A348N,-0.7850730419158936,-2.956337884
A348M,-1.5408945083618164,-1.915922634
A348E,-1.0300986766815186,-3.73378396
I349V,-0.11286377906799316,-0.305803649
I349Y,-1.525519847869873,-3.834933846
I349R,-1.983851671218872,-4.894259616
I349Q,-1.97646164894104,-4.04642078
I349P,-1.4112536907196045,-4.389956778
I349M,-1.2571117877960205,-1.534734784
I349L,-0.02186131477355957,-1.995754713
I349K,-1.6621239185333252,-3.693261378
I349H,-2.8366858959198,-3.553296267
I349N,-1.43977689743042,-3.546664238
I349F,-0.7817783355712891,-3.451260169
I349T,-0.875572919845581,-2.82871602
I349G,-0.2906644344329834,-3.940222873
I349S,-0.841982364654541,-3.895915066
I349A,-0.25273871421813965,-2.683151674
I349W,-2.5630056858062744,-3.580728391
I349D,-1.8102843761444092,-3.256674443
I349E,-1.7956883907318115,-3.595594517
I349C,-2.2083284854888916,-2.712013129
A350M,-1.2313685417175293,-3.0934768160000004
A350D,-0.8375349044799805,-2.75408157
A350F,-0.41602563858032227,-2.797522636
A350G,0.6072051525115967,-2.542791728
A350H,-1.807638168334961,-2.968073163
A350I,-0.29456377029418945,-3.236231482
A350K,-0.6145777702331543,-2.9816543510000004
A350L,0.12064719200134277,-3.847139802
A350E,-0.836611270904541,-3.435632726
A350N,-0.6553707122802734,-3.768992019
A350Q,-1.1126914024353027,-3.661854244
A350W,-1.700352668762207,-2.136109931
A350Y,-0.8866291046142578,-2.8337007
A350P,-1.2296741008758545,-4.2283651010000005
A350C,-1.3348159790039062,-2.806919392
A350R,-0.7928545475006104,-3.847434444
A350S,-0.1460285186767578,-0.903550091
A350T,-0.5010738372802734,-2.7736927330000003
A350V,-0.26912403106689453,-3.106486634
G351L,-2.708841323852539,-3.936093286
G351W,-4.205187797546387,-2.711968043
G351V,-3.0844061374664307,-3.346377798
G351T,-2.3509740829467773,-2.859652645
G351Y,-2.9871597290039062,-3.690689361
G351F,-3.1762006282806396,-3.425614395
G351H,-3.4116060733795166,-3.302998147
G351I,-3.3806793689727783,-3.911850488
G351K,-2.669306993484497,-3.387179965
G351P,-2.0787649154663086,-3.66021267
G351N,-2.162328004837036,-3.108187664
G351Q,-2.851012945175171,-3.575752709
G351R,-2.6082801818847656,-3.66639635
G351S,-1.3855030536651611,-3.4891681000000005
G351E,-2.597419023513794,-3.133313565
G351D,-2.2354445457458496,-3.342611067
G351C,-3.4525668621063232,-3.1370096660000004
G351A,-1.3697102069854736,-3.954859489
G351M,-3.6718175411224365,-3.311029009
F352E,-0.685002326965332,-4.069187342
F352Y,-0.630319356918335,-2.83159245
F352D,-0.6138105392456055,-3.974957062
F352T,-0.1673567295074463,-4.225729087
F352R,-0.9038209915161133,-4.540684093
F352Q,-1.1138849258422852,-4.186107775
F352P,-0.9865989685058594,-2.914644806
F352N,-0.47814249992370605,-4.197369215
F352M,-0.5222516059875488,-3.630037174
F352L,0.6905839443206787,-2.921700312
F352K,-0.5993564128875732,-4.4858578410000005
F352I,0.3690643310546875,-3.140986884
F352H,-1.781632423400879,-4.007099939
F352G,1.1474790573120117,-3.3541400080000003
F352A,0.8937206268310547,-3.109005422
F352C,-1.0419797897338867,-3.753209755
F352S,0.08203458786010742,-4.117832149
F352V,0.37220191955566406,-3.4120408610000004
F352W,-1.685934066772461,-2.431586603
I353K,-1.495345115661621,-4.255820008
I353Y,-1.5021576881408691,-3.952050267
I353W,-2.3343100547790527,-3.530732808
I353V,-0.14794397354125977,-0.492649308
I353T,-0.9870038032531738,-2.790107525
I353S,-0.8642957210540771,-3.70610077
I353R,-1.9265327453613281,-3.857685314
I353Q,-1.9484343528747559,-3.727925466
I353P,-1.739788293838501,-4.333250737
I353N,-1.502216100692749,-3.244096421
I353M,-1.3001155853271484,-2.103603752
I353D,-1.8453140258789062,-3.265236339
I353E,-1.7804946899414062,-3.98749121
I353F,-0.6421234607696533,-2.734108134
I353A,-0.5468554496765137,-3.537183159
I353H,-2.8937315940856934,-3.18574056
I353L,0.02120375633239746,-1.036785751
I353G,-0.27005457878112793,-3.509665434
I353C,-1.8219058513641357,-3.607458918
E354R,-0.31079626083374023,-3.1423526
E354W,-0.3667411804199219,-3.336760075
E354T,2.2824435234069824,-3.235744388
E354S,2.1809494495391846,-3.376757487
E354Y,0.25197887420654297,-3.0851638830000003
E354Q,0.07808446884155273,-2.90425194
E354P,0.809485912322998,-3.978684874
E354N,0.4452705383300781,-3.49279659
E354M,1.3101215362548828,-2.727422176
E354L,3.3148293495178223,-2.731980357
E354K,0.05335044860839844,-2.954025478
E354V,3.2114081382751465,-2.316978898
E354H,-0.9261131286621094,-3.567984845
E354G,3.4269332885742188,-3.558287438
E354F,2.2282652854919434,-3.682902102
E354D,-0.034667015075683594,-3.447894069
E354C,1.0630888938903809,-2.962209622
E354A,3.1047799587249756,-3.359638857
E354I,3.0716753005981445,-2.864510651
G355C,-2.873676300048828,-3.564619172
G355D,-1.3653675317764282,-3.732993446
G355E,-1.72313392162323,-3.052093565
G355F,-2.247891902923584,-3.3462056810000003
G355V,-2.1304407119750977,-3.693564206
G355H,-2.1019091606140137,-3.736218324
G355I,-2.2050132751464844,-3.813323397
G355N,-0.7471200227737427,-2.985120868
G355L,-1.479119896888733,-4.5088391560000005
G355M,-2.3048434257507324,-3.473008526
G355S,-0.8332070112228394,-3.833769975
G355T,-1.3050862550735474,-3.924599826
G355P,-2.2030344009399414,-4.343783882
G355Q,-1.596108078956604,-3.576170828
G355R,-1.1538571119308472,-3.021449896
G355K,-0.9922157526016235,-3.390888084
G355A,-0.9494692087173462,-3.703691857
G355W,-3.564237117767334,-3.609321791
G355Y,-2.021115303039551,-3.34867286
G356M,-1.2015635967254639,-3.218117065
G356S,-0.6899778842926025,-3.266133458
G356R,-1.4091973304748535,-3.412558184
G356Q,-1.5658183097839355,-4.012064893
G356P,-1.4059228897094727,-3.569828899
G356N,-0.8352198600769043,-2.83202439
G356W,-2.056497097015381,-3.5933661160000003
G356L,0.2613704204559326,-4.122689414
G356K,-0.7756645679473877,-3.942173164
G356I,0.3276634216308594,-4.151006722
G356H,-2.2600975036621094,-4.0704435110000015
G356Y,-1.0837273597717285,-3.762836975
G356F,-0.24175643920898438,-4.336361104
G356E,-1.2346534729003906,-2.9789191
G356D,-1.0880804061889648,-2.098701279
G356C,-1.7253336906433105,-3.774741125
G356A,-0.4050283432006836,-3.511656058
G356V,-0.07024478912353516,-3.4005196580000003
G356T,-0.6865544319152832,-4.2857788480000005
W357A,2.4413795471191406,-4.506103748999999
W357D,0.10426664352416992,-2.830082455
W357V,3.0460195541381836,-4.285489835
W357C,0.8430299758911133,-3.054840093
W357Y,0.9717717170715332,-3.11802409
W357T,2.0448148250579834,-4.496929511
W357Q,0.11995697021484375,-4.163541213
W357H,-0.7963933944702148,-4.100839218
W357F,2.2249560356140137,-3.6023671160000004
W357E,0.3139333724975586,-3.7339365
W357S,1.640535831451416,-4.530707129
W357P,0.502105712890625,-4.386097725
W357N,0.7917971611022949,-4.109538893
W357R,0.29793453216552734,-3.058914029
W357L,3.0892021656036377,-3.578747169
W357K,0.7571334838867188,-4.39849927
W357I,3.469475269317627,-3.340081907
W357G,2.1522796154022217,-3.5556610660000003
W357M,1.4534578323364258,-1.963178565
T358P,-0.883589506149292,-0.6426312820000001
T358W,-1.0070674419403076,-4.100547574
T358V,-0.2592952251434326,-1.550478759
T358S,0.5160086154937744,-1.136117719
T358R,0.1782848834991455,-3.318360848
T358C,-0.918341875076294,-1.484149156
T358Q,-0.07409214973449707,-2.341018866
T358N,0.5530662536621094,-2.014300687
T358H,-0.8391740322113037,-0.658470793
T358L,0.18762469291687012,-0.349174931
T358K,0.43995022773742676,-3.5964696430000003
T358I,-0.2242755889892578,-0.326920573
T358G,1.6287254095077515,-4.750166415
T358F,-0.13843536376953125,-2.211848453
T358E,0.03514885902404785,-1.788859526
T358D,0.3264119625091553,-1.09397149
T358M,-0.45411086082458496,-3.666628
T358Y,-0.25144100189208984,-1.39892033
T358A,0.27265429496765137,-2.854615247
G359F,-2.541332244873047,-3.346776657
G359A,-1.0726656913757324,-1.263242257
G359W,-3.412445545196533,-2.32220672
G359C,-3.1897401809692383,-3.009662978
G359D,-1.1627435684204102,-3.371974055
G359E,-1.4578075408935547,-2.186494752
G359H,-2.642916679382324,-3.538796129
G359I,-2.6555747985839844,-3.3891276560000003
G359L,-1.949812650680542,-3.65352251
G359K,-1.1736335754394531,-3.0007827610000004
G359N,-0.9158663749694824,-3.748878775
G359P,-1.472043752670288,-4.367279377
G359Q,-1.662083625793457,-2.010828432
G359R,-1.6636762619018555,-2.848027966
G359S,-0.9195601940155029,-2.624575949
G359T,-1.5712029933929443,-3.039248864
G359V,-2.218183755874634,-3.413526279
G359Y,-2.181413173675537,-2.975523351
G359M,-2.637279510498047,-2.669360975
M360N,1.0519659519195557,-3.750846818
M360K,0.7571654319763184,-2.76405597
M360L,1.2011127471923828,0.480746131
M360P,0.2638266086578369,-3.555923842
M360Q,0.09493303298950195,-4.456352508
M360S,0.9780082702636719,-4.809872223999999
M360T,0.7609860897064209,-3.026758007
M360I,1.0190629959106445,-2.8465959730000003
M360R,0.29913783073425293,-4.015002435
M360H,-0.24115681648254395,-3.282090345
M360V,0.8842663764953613,-2.637999273
M360F,0.9365496635437012,-3.537706369
M360E,0.5269775390625,-4.089274663
M360D,0.9316098690032959,-3.4186886480000003
M360C,-0.09510421752929688,-3.203026379
M360A,0.875054121017456,-3.33549123
M360W,-0.1666584014892578,-3.148748447
M360Y,0.751105785369873,-3.977126796
M360G,1.7718040943145752,-4.303254995
I361D,-0.34268856048583984,-2.587638338
I361E,-0.36104297637939453,-2.051233287
I361F,-0.1612710952758789,-1.661038834
I361G,0.7215609550476074,-3.278623886
I361H,-1.354708194732666,-1.236902848
I361T,-0.31983232498168945,-1.376266807
I361P,-0.5991277694702148,-4.262326638
I361M,-0.44396257400512695,-1.380725611
I361N,-0.13413310050964355,-3.297453061
I361Q,-0.7389240264892578,-1.589680999
I361R,-0.32421207427978516,-1.5796944819999998
I361S,-0.10998153686523438,-1.854664252
I361C,-1.526289463043213,-2.037635858
I361L,0.18709254264831543,-0.723533077
I361A,-0.14375066757202148,-2.04622607
I361K,-0.15180683135986328,1.1595465740000002
I361W,-1.1875700950622559,-1.791657771
I361Y,-0.21866750717163086,-2.036478065
I361V,-0.022384166717529297,-0.287852635
D362A,1.7158143520355225,-3.186096889
D362C,-0.11007118225097656,-3.61963428
D362E,-0.3177609443664551,-2.633678831
D362F,0.8666653633117676,-3.3106473210000003
D362R,-0.25351476669311523,-3.966470768
D362Q,-0.37842273712158203,-2.988686824
D362I,1.2446315288543701,-3.4933623760000003
D362K,-0.0420832633972168,-3.018894992
D362L,1.8120944499969482,-3.427180621
D362M,0.4184274673461914,-3.046726698
D362N,0.1563124656677246,-2.151855024
D362P,-0.1608438491821289,-4.064068044
D362H,-1.4156174659729004,-3.692237525
D362G,2.44464111328125,-3.246151592
D362Y,-0.021780967712402344,-2.655838345
D362S,1.0155410766601562,-2.937969311
D362T,0.714601993560791,-3.057771215
D362V,1.0427899360656738,-3.356149145
D362W,-0.5192842483520508,-2.861111652
G363T,-0.7724819183349609,-3.757737225
G363W,-2.31870174407959,-2.664572038
G363V,-1.26863431930542,-2.870035097
G363S,-0.32813143730163574,-3.2401632310000004
G363R,-0.7551121711730957,-1.762062398
G363Q,-0.9717056751251221,-2.042696519
G363P,-1.188615083694458,-3.285736047
G363N,-0.1794886589050293,-4.005813594
G363M,-1.9226889610290527,-2.404812647
G363L,-0.849252462387085,-3.45213597
G363K,-0.55804443359375,-3.19032606
G363I,-1.3596396446228027,-3.2217834830000003
G363H,-1.3488953113555908,-3.645733247
G363F,-1.2472021579742432,-2.918172364
G363E,-1.038774013519287,-2.965815428
G363D,-0.6556415557861328,-3.478334368
G363A,-0.4203071594238281,-3.969637082
G363Y,-0.6921553611755371,-2.890702832
G363C,-2.1996426582336426,-4.016906297
W364H,0.1820375919342041,-3.907700938
W364A,1.029308557510376,-3.976593868
W364C,-0.11942601203918457,-2.339809264
W364D,0.7640872001647949,-3.527364763
W364E,0.4832296371459961,-3.4433810910000004
W364F,1.3355345726013184,-2.099979819
W364G,2.0109572410583496,-3.099549642
W364I,1.478872299194336,-2.8370717
W364K,0.8750312328338623,-3.334327426
W364M,0.45397496223449707,-2.815424447
W364L,1.5690233707427979,-2.875967092
W364P,0.21013808250427246,-4.259239818
W364Q,0.4106752872467041,-3.92373807
W364R,0.5751574039459229,-3.5033673660000004
W364S,1.147956132888794,-4.255498299
W364T,0.8434457778930664,-3.56801506
W364V,1.2325725555419922,-3.5840419260000003
W364Y,1.0994441509246826,-1.742848308
W364N,1.271491527557373,-3.185141608
Y365K,0.5274662971496582,-3.593169105
Y365L,0.19919180870056152,-3.653046599
Y365M,-0.4812157154083252,-2.843518455
Y365I,0.3063361644744873,-3.686544275
Y365G,0.658494234085083,-3.017953687
Y365C,-1.3527677059173584,-2.8376440360000004
Y365N,0.881293535232544,-2.99085143
Y365D,0.10796904563903809,-3.000794949
Y365H,-0.8037941455841064,-2.660835558
Y365P,-1.073798418045044,-4.229058165
Y365E,-0.2251451015472412,-3.739213829
Y365R,0.03966045379638672,-4.18151612
Y365S,0.42317867279052734,-2.972519956
Y365F,-0.11887764930725098,-2.499823609
Y365T,0.14100146293640137,-3.4734330410000003
Y365V,0.0069522857666015625,-2.481874589
Y365W,-1.0599148273468018,-2.787285488
Y365Q,-0.11781954765319824,-3.182577519
Y365A,-0.20354008674621582,-2.9617887030000003
G366I,-1.0502259731292725,-3.3106569930000003
G366K,-0.11882805824279785,-2.475421962
G366L,-0.7525513172149658,-4.232936411
G366M,-1.7550663948059082,-3.1334491360000003
G366N,0.06118440628051758,-2.729912669
G366P,-1.4159760475158691,-3.568185306
G366Q,-0.5603108406066895,-2.947354369
G366D,-0.277543306350708,-2.548326084
G366C,-1.6641845703125,-3.1260213789999995
G366H,-1.1469149589538574,-2.889090479
G366E,-0.6285805702209473,-3.255780277
G366R,-0.4242370128631592,-3.650283651
G366S,-0.150618314743042,-3.125939611
G366T,-0.6412935256958008,-3.770631094
G366V,-1.043604850769043,-3.897770719
G366W,-1.8784403800964355,-2.448747166
G366Y,-0.600651741027832,-1.606453463
G366A,-0.5635757446289062,-4.222753349
G366F,-1.0915632247924805,-3.2653166560000004
Y367H,-0.7343301773071289,-2.780887802
Y367P,-1.3876996040344238,-3.670868689
Y367K,-0.08426427841186523,-3.022326864
Y367A,-0.6749372482299805,-3.70887523
Y367F,-0.6351757049560547,-1.100128316
Y367C,-1.6520729064941406,-2.557512896
Y367D,-0.522169828414917,-2.904286024
Y367E,-0.6592981815338135,-3.421786118
Y367W,-1.3483960628509521,-3.696076177
Y367I,-0.5931217670440674,-3.319127314
Y367V,-0.6925351619720459,-3.496383059
Y367S,-0.026976585388183594,-3.289871269
Y367R,-0.420499324798584,-3.971163752
Y367Q,-0.47458410263061523,-3.714830184
Y367N,0.0511622428894043,-2.425531332
Y367M,-1.5559077262878418,-1.185667686
Y367L,-0.36264753341674805,-3.594734987
Y367T,-0.6295304298400879,-3.40049207
Y367G,0.4284358024597168,-3.874043335
H368F,0.7276513576507568,-1.013992498
H368V,0.5147557258605957,-3.2821520860000004
H368D,0.7283134460449219,-2.8619438710000003
H368E,0.6931774616241455,-2.954675422
H368Y,0.9782373905181885,-0.652949907
H368W,-0.13774538040161133,-1.283214912
H368T,0.5808641910552979,-3.249482206
H368S,1.0028715133666992,-3.109641691
H368C,-0.14085698127746582,-1.440020394
H368R,0.6133236885070801,-1.000506345
H368P,-0.32798337936401367,-3.855953925
H368N,1.1729209423065186,-2.231494646
H368M,-0.2544429302215576,-1.246035605
H368L,0.9479069709777832,-1.029624204
H368K,1.051199197769165,-2.645584437
H368I,0.7390923500061035,-3.799866896
H368G,1.4193699359893799,-3.556503207
H368Q,0.6608595848083496,-1.309702867
H368A,0.44864439964294434,-1.303991888
H369V,0.479215145111084,-0.238920734
H369W,-0.17536163330078125,-1.911038991
H369R,0.41018080711364746,-2.719428932
H369A,0.3696720600128174,-3.260442074
H369T,0.7151365280151367,-0.131467224
H369Y,1.0477607250213623,-1.14319145
H369S,1.0501399040222168,-1.7326749259999998
H369G,1.1486473083496094,-3.431491585
H369P,0.2968783378601074,-3.139624046
H369N,1.2420897483825684,-1.420740271
H369M,-0.20720529556274414,0.266668097
H369L,0.9060335159301758,-2.715099703
H369K,0.9748141765594482,-2.211897838
H369I,0.8148019313812256,-0.474758903
H369C,-0.911221981048584,0.281583763
H369F,0.5889298915863037,-0.004907651
H369E,0.3724813461303711,-3.47209663
H369Q,0.6837401390075684,0.109706576
H369D,0.5694823265075684,-2.801617447
Q370R,0.1041407585144043,-0.904612988
Q370E,-0.09676504135131836,-0.142743541
Q370V,0.09582185745239258,0.160356601
Q370W,-0.7254893779754639,-0.438371676
Q370Y,0.48444080352783203,-0.383309863
Q370A,0.2738325595855713,-1.048165024
Q370C,-0.9535946846008301,-0.468958737
Q370D,0.10207557678222656,-1.123606718
Q370S,0.6069061756134033,-0.000405045
Q370F,0.22121357917785645,-1.523653395
Q370G,1.133551836013794,-3.670727963
Q370H,-0.3505415916442871,-0.967023891
Q370I,0.250690221786499,-0.153381395
Q370K,0.37637996673583984,-0.257032875
Q370L,0.6266787052154541,-0.79314759
Q370M,-0.6613931655883789,-0.979119237
Q370N,0.691918134689331,-0.62982089
Q370P,-0.39708471298217773,-2.994801744
Q370T,0.20414161682128906,-0.556746705
N371G,0.2476027011871338,-4.383273273
N371H,-1.0263638496398926,-2.8859739230000003
N371I,-0.10729360580444336,-3.460173026
N371F,-0.38283801078796387,-3.909821162
N371K,-0.2182140350341797,-2.8978001260000004
N371D,-0.8104226589202881,-2.56266032
N371C,-1.823603630065918,-3.749031178
N371A,-0.36570286750793457,-4.071709836
N371E,-0.7769172191619873,-2.8736068930000003
N371L,0.0959157943725586,-3.278767179
N371M,-1.0211055278778076,-3.382227279
N371P,-1.1679325103759766,-3.472566791
N371Q,-0.3654804229736328,-3.454943375
N371R,-0.6331565380096436,-4.188552706
N371S,-0.07973814010620117,-2.902176217
N371T,-0.4122943878173828,-3.410628953
N371V,-0.23022699356079102,-3.05226832
N371W,-1.2265868186950684,-3.433236949
N371Y,0.14405298233032227,-3.47645612
E372S,0.7564527988433838,-0.444651731
E372T,0.5154099464416504,-2.051728141
E372V,0.30800366401672363,-3.699845707
E372W,-0.8742926120758057,-3.3330557310000004
E372F,0.04693007469177246,-2.895306838
E372G,0.9693067073822021,-1.370728335
E372C,-1.00370192527771,-2.520247906
E372R,-0.005257129669189453,-3.310500612
E372A,0.23698639869689941,-0.740506214
E372Y,0.4361379146575928,-2.462129661
E372Q,0.3116021156311035,-2.61324296
E372D,0.07847189903259277,-0.196079222
E372H,-0.4111802577972412,-2.9454639780000003
E372N,0.8076314926147461,-2.7208209080000003
E372M,-0.38982200622558594,-1.448762824
E372L,0.5135557651519775,-1.933381603
E372K,0.45690131187438965,-2.085841658
E372I,0.4909367561340332,-3.220727038
E372P,0.06876993179321289,-4.040488186
Q373R,-0.012119293212890625,-2.687465379
Q373P,-0.4017210006713867,-3.506283395
Q373N,1.2257401943206787,-2.773890752
Q373M,-0.25072193145751953,-1.641861095
Q373L,0.8453102111816406,-1.519752194
Q373K,0.48590612411499023,-2.99571151
Q373I,0.8307883739471436,-3.499956166
Q373H,-0.36430859565734863,-2.78399317
Q373V,0.4016098976135254,-3.4018814280000003
Q373F,0.6240386962890625,-1.09778797
Q373S,0.7174930572509766,-2.609723794
Q373E,-0.0278170108795166,-0.942136819
Q373D,0.43435001373291016,-1.751339316
Q373C,-0.9154748916625977,-3.0792288410000004
Q373A,0.44119715690612793,-1.3819242
Q373Y,1.004136562347412,-1.287148404
Q373T,0.8015947341918945,-3.251804946
Q373G,0.6645514965057373,-2.9926432810000003
Q373W,-0.3978095054626465,-2.526743112
G374E,-0.7117173671722412,-3.1995440630000003
G374C,-1.87709641456604,-3.429425658
G374Y,0.3310892581939697,-4.011269582
G374W,-0.7799944877624512,-3.470645537
G374V,0.5639567375183105,-3.737363147
G374T,0.007116079330444336,-3.259083491
G374S,0.19305944442749023,-3.13065407
G374Q,-0.3758833408355713,-3.548532035
G374P,-0.7643368244171143,-3.321161904
G374N,0.2588975429534912,-2.962104353
G374M,-0.5087912082672119,-3.447587907
G374L,1.307934045791626,-3.333757105
G374K,-0.12898468971252441,-3.963887055
G374I,1.1272978782653809,-3.547585471
G374H,-1.0757863521575928,-3.209642581
G374F,0.4211413860321045,-4.204920223999999
G374D,-0.6868453025817871,-3.301728377
G374A,0.18962430953979492,-4.26886069
G374R,-0.49990248680114746,-3.617691854
S375R,-0.548224687576294,-1.980274245
S375W,-1.7499785423278809,-2.130125231
S375Q,-0.38443660736083984,-1.066295327
S375P,-1.3825404644012451,-3.344582557
S375N,0.2122631072998047,-1.648089664
S375M,-1.4581212997436523,-0.7994931670000001
S375L,-0.31871485710144043,-2.8310382560000003
S375K,0.11533784866333008,-2.2519646680000003
S375I,-0.23540401458740234,-2.18213894
S375H,-1.1829323768615723,-1.366003273
S375G,0.1683967113494873,-2.5808804640000003
S375F,-0.612330436706543,-1.666218252
S375E,-0.5631513595581055,-0.795016252
S375D,-0.6199898719787598,-1.337698333
S375C,-1.782608985900879,-1.279304587
S375A,-0.3654508590698242,-0.827315672
S375Y,-0.07735109329223633,-1.367055958
S375V,-0.5357038974761963,-1.518227935
S375T,-0.3273279666900635,-1.220727635
G376T,0.10529732704162598,-2.254468808
G376A,0.0250701904296875,-0.7952145079999999
G376C,-1.723003625869751,-2.477805382
G376D,-0.41866183280944824,-2.282113186
G376E,-0.49828362464904785,-1.999623775
G376F,-0.32459473609924316,-2.220135396
G376H,-1.2314836978912354,-2.734946339
G376I,0.04610180854797363,-2.556327216
G376K,0.678626298904419,-2.600661871
G376L,0.10032200813293457,-2.218082112
G376M,-1.325676679611206,-2.0343057680000003
G376N,0.17209362983703613,-2.083287903
G376P,-1.0951454639434814,-3.818579026
G376Q,0.011436223983764648,-2.076625905
G376Y,-0.24083423614501953,-1.590372072
G376W,-1.346468210220337,-3.088006344
G376R,0.10526156425476074,-2.325741749
G376S,0.2930781841278076,-1.492708099
G376V,-0.17165803909301758,-1.659358121
Y377N,0.5559506416320801,-3.787405021
Y377L,0.5569906234741211,-3.827650972
Y377E,-0.4152798652648926,-4.274251391
Y377F,-0.05903768539428711,-0.895218548
Y377G,0.18528985977172852,-3.54529526
Y377H,-1.220883846282959,-3.052383687
Y377I,0.43503808975219727,-3.074441823
Y377K,0.09966659545898438,-3.381208893
Y377A,0.23422503471374512,-3.549895903
Y377M,-0.792231559753418,-3.3846382160000004
Y377P,-0.943251371383667,-4.340150232
Y377Q,-0.2343273162841797,-3.55131731
Y377R,-0.7508368492126465,-4.584162385
Y377S,0.6834352016448975,-4.003104836
Y377W,-0.9565989971160889,-2.863262655
Y377V,0.014189720153808594,-3.9992823
Y377T,0.3125631809234619,-3.966757581
Y377D,-0.19576597213745117,-3.367030345
Y377C,-1.875962734222412,-3.015173642
A378V,0.011954545974731445,-0.558871386
A378Y,0.26867103576660156,-1.7469862630000002
A378W,-1.4382667541503906,-3.365324457
A378F,-0.3514900207519531,-1.963280314
A378I,0.10053658485412598,-1.894494114
A378E,-0.15718364715576172,-2.499480006
A378D,-0.21527671813964844,-4.385687398
A378C,-0.9041895866394043,-1.027759615
A378K,0.20978879928588867,-3.743555578
A378L,0.12034153938293457,-3.254994598
A378M,-1.21327543258667,-2.451504108
A378H,-0.8792519569396973,-3.163475337
A378N,0.5092244148254395,-3.644774456
A378Q,0.05414533615112305,-3.830418928
A378R,-0.41736745834350586,-4.132951145
A378S,0.5109686851501465,-0.8514572429999999
A378T,0.20297694206237793,-2.779282341
A378P,-1.222557544708252,-3.607839881
A378G,0.669130802154541,-3.788395473
A379W,-2.2394192218780518,-3.975789617
A379T,0.05977225303649902,-3.126868885
A379S,0.4237861633300781,-2.01059335
A379V,-0.4331045150756836,-3.325762978
A379Q,-0.15706372261047363,-4.028409714
A379P,-1.4019482135772705,-4.106030742
A379N,0.3759441375732422,-4.350469943999999
A379M,-1.3887040615081787,-3.5318872260000003
A379L,-0.553464412689209,-3.717574246
A379K,0.16149544715881348,-3.669237354
A379I,-0.4217491149902344,-3.836433475
A379H,-1.3281550407409668,-4.284690993
A379G,0.24808263778686523,-3.353314886
A379F,-0.9122059345245361,-4.065709883999999
A379E,-0.1705019474029541,-3.097308319
A379D,-0.23351788520812988,-4.312490965
A379C,-2.518289804458618,-3.325740815
A379R,-0.7452597618103027,-3.554317743
A379Y,-0.4762289524078369,-3.729655776
D380H,-0.8494625091552734,-2.889160212
D380C,-0.6538348197937012,-3.645197456
D380Y,1.4048528671264648,-3.36619544
D380W,0.583524227142334,-3.5169842310000003
D380V,1.92750883102417,-3.779414396
D380T,1.242140769958496,-4.060220682
D380S,1.0812082290649414,-4.327444955
D380R,-0.2640256881713867,-4.111044843999999
D380Q,0.2995438575744629,-3.501250705
D380A,2.203296661376953,-3.159959301
D380P,-1.2118854522705078,-4.197740987
D380M,1.1253924369812012,-3.254832985
D380L,2.484470844268799,-3.996871739
D380K,0.21974849700927734,-3.119954132
D380I,2.319286346435547,-1.67215208
D380G,1.0504844188690186,-2.856653878
D380F,1.8887157440185547,-3.779406536
D380E,0.11565923690795898,-2.824871405
D380N,0.6306667327880859,-2.763140594
Q381V,1.5385565757751465,-0.287781593
Q381C,-0.9854626655578613,-2.001961096
Q381A,0.9011268615722656,-0.23719866
Q381E,-0.5066890716552734,-0.91625251
Q381F,1.3476057052612305,-1.10248539
Q381G,0.40476036071777344,-3.025078459
Q381H,-0.8084235191345215,0.213353245
Q381I,2.242859363555908,0.16315043
Q381K,0.01525735855102539,-0.236956419
Q381D,-0.8782987594604492,-3.3487100460000003
Q381L,2.5015788078308105,-0.442315755
Q381M,0.7665514945983887,-0.105109979
Q381N,0.28316545486450195,-3.410195172
Q381P,-0.7645645141601562,-3.637888058
Q381R,-0.3413705825805664,-0.168598911
Q381S,0.6055586338043213,-2.543362654
Q381T,0.4983024597167969,-1.475709488
Q381W,0.11497116088867188,-1.040176141
Q381Y,0.9195263385772705,-0.636532864
K382C,-2.4863486289978027,-1.7268634859999998
K382Y,-0.9995019435882568,-1.687633884
K382D,-1.3272671699523926,-1.080626511
K382E,-0.9485189914703369,-0.553776985
K382G,-0.4266819953918457,-1.314654702
K382H,-1.2894744873046875,-1.120335012
K382I,-0.7797653675079346,-1.646471825
K382L,-1.0316569805145264,-1.108051779
K382A,-0.8025407791137695,-0.5309461120000001
K382N,-0.038884878158569336,-2.467195242
K382Q,-0.3450591564178467,0.058487914
K382R,-0.4700455665588379,0.015910069
K382S,-0.18678712844848633,-1.025038157
K382T,-0.371448278427124,-1.016084746
K382V,-0.9876635074615479,-0.7688511240000001
K382W,-2.88688325881958,-1.58700681
K382P,-2.708360195159912,-1.37877044
K382M,-2.062992572784424,-1.06466536
K382F,-1.6814534664154053,-1.353453131
S383I,-0.14873027801513672,-2.159862161
S383W,-1.8693299293518066,-3.089435652
S383V,-0.31435537338256836,-3.62522714
S383T,-0.2157747745513916,0.027963431
S383R,-0.2507648468017578,-3.1292911510000003
S383Q,-0.19928789138793945,-2.538964786
S383P,-2.6713037490844727,-3.82504002
S383N,-0.07428741455078125,-2.164864889
S383M,-0.8410553932189941,-3.059223864
S383Y,-0.24282169342041016,-3.605486815
S383L,0.15084028244018555,-3.403416783
S383H,-1.5809898376464844,-3.561152931
S383G,-0.05657601356506348,-2.720995979
S383F,-0.46326708793640137,-3.473580353
S383E,-0.09701824188232422,-2.007719121
S383D,-0.6308798789978027,-3.610468493
S383C,-2.233574867248535,-1.041709297
S383A,0.9077571630477905,-0.638512221
S383K,0.3360567092895508,-1.35394321
T384V,1.5472148656845093,-3.284475859
T384Y,0.495516300201416,-3.94388649
T384W,-0.2795276641845703,-3.623257269
T384F,1.1913471221923828,-4.189661648
T384R,-0.9656009674072266,-3.285824402
T384S,-0.39821624755859375,-1.733142126
T384Q,-0.7280936241149902,-4.06398381
T384P,-2.736325263977051,-4.142011189
T384N,-0.7481050491333008,-2.2542415
T384M,0.3127579689025879,-3.313607217
T384L,1.9298139810562134,-4.0447686460000005
T384K,-0.6160674095153809,-3.551955157
T384I,2.0689382553100586,-3.600433447
T384H,-1.8511700630187988,-2.05146565
T384G,-0.5551891326904297,-3.861766175
T384A,0.8388159275054932,-3.723018143
T384C,-1.3199896812438965,-2.433007109
T384D,-2.0127620697021484,-3.650774978
T384E,-1.7007670402526855,-3.558700734
Q385R,-0.9779248237609863,-3.194072649
Q385Y,-0.5160510540008545,-3.442761339
Q385S,-0.10791683197021484,-2.432176983
Q385V,0.3048434257507324,-2.672001654
Q385P,-2.32877779006958,-3.476833957
Q385N,-0.07076478004455566,-2.389270741
Q385M,-1.098116397857666,-2.668183898
Q385L,0.41969919204711914,-3.037908825
Q385K,-0.3611421585083008,-3.349828453
Q385I,0.5960004329681396,-3.746908055
Q385H,-1.8123183250427246,-3.193702601
Q385G,-0.2207942008972168,-3.998509798
Q385F,-0.546262264251709,-3.728915602
Q385E,0.05364108085632324,-1.420734914
Q385D,-0.7560701370239258,-2.191653239
Q385C,-2.1244282722473145,-3.485352905
Q385A,-0.17218661308288574,-1.102799459
Q385T,-0.17449378967285156,-2.615170312
Q385W,-1.6420845985412598,-3.060028001
N386V,-2.054525852203369,-0.7421765309999999
N386W,-4.11679220199585,-2.730432361
N386Y,-2.6285529136657715,-1.370517311
N386E,-0.012503623962402344,-0.526594205
N386F,-3.1501832008361816,-0.825719874
N386A,-0.8873783349990845,-0.496232852
N386T,-0.6738241910934448,-0.411526447
N386D,-0.07276153564453125,0.032644472
N386R,-1.7609845399856567,0.614053104
N386Q,-0.6558595895767212,0.239753813
N386P,-3.68569278717041,-3.4607389060000004
N386M,-3.0078725814819336,-0.212740794
N386S,-0.5734356641769409,-0.241721283
N386K,-0.48275911808013916,0.214582128
N386I,-2.3859176635742188,0.1731654339999999
N386H,-2.426884174346924,0.016774961
N386G,-0.7582303285598755,-0.948040119
N386C,-3.6075639724731445,-1.373855911
N386L,-2.2756147384643555,0.257844986
A387I,0.21997976303100586,-3.728891797
A387C,-2.1607465744018555,-3.308106265
A387Y,-0.3041951656341553,-3.25458563
A387D,-0.49221277236938477,-2.974738632
A387E,0.39133739471435547,-3.255098044
A387F,-0.4668924808502197,-3.67217155
A387G,-0.5167455673217773,-3.668167786
A387H,-1.4393806457519531,-3.280953329
A387K,0.48955583572387695,-3.37590416
A387S,-0.03766918182373047,-2.825505483
A387M,-0.8357858657836914,-3.299472765
A387N,0.09340715408325195,-3.207635944
A387P,-2.6111931800842285,-3.336343786
A387Q,0.20093393325805664,-3.2266248560000004
A387R,-0.08225822448730469,-3.86299484
A387T,0.21174287796020508,-2.828303622
A387V,0.09399080276489258,-2.580194768
A387L,0.16718053817749023,-3.89689753
A387W,-1.948798656463623,-3.35830828
I388A,-1.6375060081481934,-2.838844593
I388D,-3.989405393600464,-3.268111309
I388Y,-1.751868724822998,-1.754738093
I388R,-3.1715023517608643,-4.312509042
I388Q,-2.252734661102295,-2.9849454630000003
I388P,-4.2072858810424805,-3.753549962
I388N,-2.509363889694214,-2.6231213
I388M,-1.5034220218658447,-0.8114555259999999
I388L,0.2770352363586426,-1.240216397
I388C,-3.1253058910369873,-3.336393958
I388K,-2.885864019393921,-3.88292941
I388G,-2.3139171600341797,-3.749962727
I388F,-0.7829325199127197,-1.4854463269999998
I388E,-3.1646535396575928,-3.5524078180000003
I388T,-1.9769647121429443,-2.623709007
I388V,-0.47369885444641113,-0.753797277
I388W,-1.8915109634399414,-2.988232477
I388H,-4.035167694091797,-3.56652529
I388S,-2.1037440299987793,-4.143108515
N389E,-0.39692187309265137,-1.145849229
N389D,-0.19300103187561035,-1.207015819
N389F,-2.3349740505218506,-1.807155446
N389G,-1.021636724472046,-3.12235345
N389H,-2.2360551357269287,-1.30096552
N389I,-1.4169726371765137,-1.359267662
N389K,-0.7610177993774414,-1.565342973
N389L,-1.4794342517852783,-1.590023617
N389M,-2.5854575634002686,-2.904384083
N389P,-3.5202577114105225,-4.240752838
N389Q,-0.5867714881896973,-0.488456546
N389R,-1.6086270809173584,-0.51003349
N389S,-0.5105865001678467,-0.821792718
N389C,-3.403090238571167,-2.487838957
N389A,-1.2702815532684326,-0.929896425
N389T,-0.5737826824188232,-0.488585048
N389W,-3.6097395420074463,-1.5376321730000002
N389Y,-2.0745151042938232,-2.255827206
N389V,-1.5082817077636719,-1.809990017
G390W,-3.161377429962158,-0.868169748
G390V,-1.1153931617736816,0.207346941
G390T,0.20284771919250488,0.522196394
G390S,0.5138866901397705,1.695293748
G390R,-0.8444268703460693,1.384819517
G390Q,0.08119082450866699,1.603050236
G390P,-2.4768643379211426,-3.632869832
G390N,0.8684908151626587,-1.76181333
G390Y,-1.7284493446350098,-2.423831414
G390L,-1.3448400497436523,0.977810826
G390K,-0.0775136947631836,1.123826497
G390I,-1.3837766647338867,0.691998542
G390H,-1.737466812133789,0.493070025
G390F,-1.9959535598754883,-0.1522288869999999
G390E,0.9108872413635254,-0.544023087
G390D,0.7681164741516113,-2.680611443
G390C,-2.753631114959717,-0.106094312
G390A,-0.40259695053100586,0.42050952
G390M,-2.327653408050537,0.761125547
I391Q,-1.6608854532241821,-3.554736499
I391P,-4.656059741973877,-3.769015581
I391N,-1.7464667558670044,-2.914106315
I391H,-3.36594820022583,-3.407020123
I391L,0.3204571008682251,-1.6140812269999998
I391K,-2.393010139465332,-2.675611993
I391G,-1.5210810899734497,-3.50714449
I391M,-1.1396714448928833,-2.16170085
I391R,-2.7802014350891113,-4.073784183
I391W,-2.8341145515441895,-3.222833615
I391T,-0.8730400800704956,-3.0750583110000003
I391V,0.024179935455322266,-0.5649094920000001
I391Y,-1.1387711763381958,-3.470397073
I391D,-3.2415151596069336,-2.898097458
I391C,-2.895829677581787,-2.65181327
I391A,0.1373199224472046,-3.306585484
I391F,-0.903640627861023,-3.056110294
I391S,-1.4019769430160522,-2.997668562
I391E,-2.1485514640808105,-2.782959365
T392W,-1.8332617282867432,-2.89498865
T392G,0.0007832050323486328,-2.252350682
T392S,0.2455606460571289,-0.8966158790000001
T392A,-0.2950313091278076,-0.671628753
T392C,-1.628875494003296,-3.1884575710000003
T392D,-1.1587646007537842,-2.450097121
T392E,0.0643165111541748,-1.030142768
T392F,-0.721426248550415,-3.2369192730000003
T392H,-1.9735167026519775,-1.009312999
T392V,0.2532339096069336,-2.66915487
T392I,0.38461756706237793,-1.856505497
T392L,0.38137173652648926,-2.243472107
T392M,-0.4304509162902832,-1.855730569
T392N,0.05946159362792969,-1.105259704
T392P,-3.0648577213287354,-3.534737348
T392Q,0.22429299354553223,-0.781767821
T392R,-0.20853042602539062,-0.7769384570000001
T392K,0.4759666919708252,-1.4471865469999998
T392Y,-0.7367422580718994,-0.941089852
N393A,-1.0569560527801514,-2.213386912
N393D,0.09016752243041992,-2.079251764
N393C,-4.249691963195801,-1.942904233
N393F,-3.5511252880096436,-2.958508845
N393G,-0.6494765281677246,-2.59280226
N393H,-2.400679349899292,-1.449392436
N393I,-2.5516717433929443,-1.890241676
N393K,-0.5959069728851318,-2.682085562
N393L,-2.3731372356414795,-2.66445068
N393M,-3.145015001296997,-1.445404335
N393P,-4.059103012084961,-3.816441577
N393Q,-0.8284256458282471,-1.215558267
N393S,-0.05049610137939453,-2.529377815
N393T,-0.4079892635345459,-0.8005182
N393V,-1.9969456195831299,-1.952993069
N393W,-4.720351219177246,-2.556528321
N393Y,-2.9055988788604736,-2.905701301
N393R,-1.7529690265655518,-0.994496321
N393E,-0.01307225227355957,-2.883041617
K394Y,-1.3802416324615479,-3.295859384
K394A,-0.6109845638275146,-3.729951823
K394C,-3.4790828227996826,-3.576478017
K394E,-0.204512357711792,-1.792627172
K394F,-2.253086805343628,-3.614159341
K394G,-0.19753646850585938,-3.184785099
K394H,-1.995147943496704,-2.7545111810000003
K394I,-1.8410139083862305,-3.2401126610000004
K394L,-1.7851026058197021,-3.511982111
K394D,-0.5377264022827148,-3.480588615
K394N,-0.012254476547241211,-2.808210766
K394P,-2.9731738567352295,-3.726219273
K394Q,-0.4487483501434326,-2.441330682
K394R,-0.848142147064209,-0.67076016
K394S,-0.3349323272705078,-2.71745901
K394T,-0.5354056358337402,-3.022580821
K394V,-1.5504322052001953,-4.028223444
K394W,-3.3442542552948,-3.074337977
K394M,-2.079756498336792,-1.202813157
V395I,0.14995074272155762,0.122975816
V395K,-2.8786535263061523,-3.788048195
V395L,0.6398589611053467,-1.3504940090000002
V395M,-0.6751646995544434,-1.807308593
V395N,-1.345757246017456,-3.743399539
V395S,-1.4245548248291016,-3.841413204
V395Q,-1.8727967739105225,-2.239565228
V395R,-3.0801401138305664,-3.7594253
V395T,-1.0855650901794434,-3.728823085
V395W,-2.4192752838134766,-3.551650232
V395Y,-0.4706873893737793,-2.429728137
V395H,-3.0482311248779297,-2.3699976030000003
V395P,-4.430685043334961,-3.3402047660000003
V395A,-0.7864241600036621,-3.324208633
V395C,-2.283254623413086,-3.156767105
V395D,-3.806218147277832,-3.886641196
V395E,-3.3218631744384766,-3.1067323730000003
V395F,-0.6455340385437012,-2.936938966
V395G,-2.0781116485595703,-3.888686167
N396M,-2.6415624618530273,-2.355550482
N396H,-2.647235870361328,-2.1315732990000003
N396I,-2.0696539878845215,-3.10704494
N396K,-0.6558326482772827,-2.3909339430000003
N396L,-2.0781311988830566,-2.32179789
N396E,-0.8707658052444458,-2.677178181
N396D,-0.5844017267227173,-2.2903158930000003
N396C,-3.8064870834350586,-2.673810498
N396G,-0.8407350778579712,-3.348950208
N396F,-2.8109560012817383,-2.992355893
N396P,-2.8430395126342773,-3.890665265
N396Q,-0.8794323205947876,-2.5366268780000003
N396R,-1.7945533990859985,-2.014484722
N396S,-0.4814499616622925,-0.326161059
N396T,-0.890731930732727,-1.613552275
N396V,-1.8960884809494019,-2.562699922
N396W,-4.447694778442383,-2.685892378
N396Y,-2.6699299812316895,-2.857189644
N396A,-1.4828015565872192,-2.937478914
S397K,-0.7029259204864502,-1.7857633469999998
S397E,0.06271934509277344,-1.505347826
S397F,-2.781169891357422,-1.824735813
S397A,-0.912569522857666,-0.365685874
S397C,-3.482203483581543,-0.670351877
S397Y,-2.3734445571899414,-1.811237451
S397W,-3.966850757598877,-2.018802351
S397V,-1.5848274230957031,-1.822446308
S397T,-0.23981761932373047,-0.285853321
S397R,-1.7102971076965332,-2.013701354
S397Q,-0.6386570930480957,-0.573148687
S397P,-2.4101881980895996,-2.775165308
S397N,-0.0033431053161621094,-0.577585079
S397G,-0.5396327972412109,-1.335912108
S397M,-2.6498332023620605,-1.361092077
S397I,-2.0343780517578125,-1.975746055
S397L,-1.907517910003662,-2.350437864
S397H,-2.379085063934326,-1.857223555
S397D,0.11358010768890381,-2.835475705
V398C,-2.459463357925415,-1.556631672
V398F,-0.8523437976837158,-1.29995614
V398G,-0.09499478340148926,-3.146011504
V398H,-1.593867540359497,-3.181657344
V398I,-0.17524981498718262,-0.5619913000000001
V398K,-0.3112030029296875,-3.3560925310000003
V398L,0.17493319511413574,-1.625923644
V398E,0.24173951148986816,-3.342010464
V398N,0.5081233978271484,-1.735172842
V398Q,0.03802013397216797,-2.615472104
V398R,-1.215606451034546,-4.040130128
V398S,0.47391200065612793,-2.932739529
V398T,0.2986290454864502,-3.53503531
V398W,-2.925208330154419,-2.544756781
V398Y,-0.5279123783111572,-1.397803245
V398P,-2.324612855911255,-4.082217685
V398D,0.1620328426361084,-2.376142852
V398M,-0.6169967651367188,-2.497998463
V398A,0.06377172470092773,-2.808494154
I399Y,-1.0318622589111328,-3.432009224
I399T,-0.4678969383239746,-3.152354307
I399S,-0.2710573673248291,-3.68065453
I399R,-1.4106380939483643,-3.045534515
I399Q,-0.6008076667785645,-3.070927924
I399P,-3.501844644546509,-3.227573283
I399N,-0.7820532321929932,-3.403764962
I399M,-0.43927836418151855,-1.816600203
I399L,0.16685914993286133,-1.180892872
I399K,-0.667104959487915,-3.838891169
I399H,-2.7301857471466064,-3.683188711
I399G,-1.3656895160675049,-4.221459659
I399F,-0.7934892177581787,-3.171145484
I399E,-1.101792573928833,-3.470033167
I399D,-2.2675697803497314,-3.533072987
I399C,-2.494537115097046,-2.991449442
I399A,-0.7829804420471191,-3.1661053710000004
I399V,-0.31685853004455566,-0.7671071759999999
I399W,-2.515458345413208,-3.677341202
E400A,-1.2102057933807373,-0.4275202
E400Y,-2.8825254440307617,-2.541817381
E400C,-4.499427318572998,-2.952531259
E400G,-0.6294834613800049,-1.7955058000000002
E400H,-2.5715575218200684,-1.294358395
E400I,-2.3816633224487305,-1.546444788
E400K,-0.9197728633880615,-2.165722292
E400L,-2.2472028732299805,-2.219668377
E400M,-2.929558753967285,-1.308453719
E400F,-3.403465747833252,-2.210896846
E400N,0.17005515098571777,-1.5736161219999998
E400P,-2.995666980743408,-3.646673658
E400Q,-0.8794941902160645,-0.11311555
E400R,-2.1074562072753906,-1.658450141
E400S,-0.11989879608154297,-0.7099498879999999
E400T,-0.49690675735473633,-1.393183455
E400V,-1.9266643524169922,-2.3469916
E400W,-4.988109111785889,-1.826230401
E400D,0.3083435297012329,-1.189899458
K401C,-4.384771347045898,-2.046249336
K401D,-0.1794884204864502,-3.3620427360000003
K401W,-3.6595518589019775,-2.312661254
K401Y,-2.213571786880493,-3.033196002
K401V,-1.945561170578003,-0.681365097
K401T,-0.29515814781188965,-1.027094935
K401S,0.12788081169128418,-1.812333103
K401Q,-0.5061759948730469,-1.233329334
K401P,-2.7033884525299072,-3.1451541510000003
K401N,0.26320457458496094,-2.158201264
K401R,-1.1158816814422607,-0.807851595
K401L,-2.0450637340545654,-1.733392789
K401I,-2.2517974376678467,-0.599265776
K401H,-2.3815295696258545,-1.306297014
K401G,-0.5984556674957275,-3.234637205
K401F,-2.695093870162964,-3.080235547
K401E,-0.06500029563903809,-2.2665437980000003
K401A,-0.8885126113891602,-0.7731424259999999
K401M,-2.6478803157806396,-0.8866330570000001
M402Q,-0.26626110076904297,-3.308057447
M402Y,0.30227112770080566,-2.298239021
M402W,-2.3511595726013184,-1.720995014
M402V,0.9616508483886719,-1.005800486
M402T,0.706291675567627,-2.433675775
M402S,0.1595757007598877,-3.834397092
M402R,-1.77968168258667,-3.31860511
M402N,0.8953075408935547,-2.231856851
M402P,-3.5258078575134277,-3.755153614
M402K,-1.1903815269470215,-2.585031143
M402A,0.6817150115966797,-2.301629086
M402L,1.1232537031173706,-0.623683682
M402D,-1.888946533203125,-2.413356472
M402E,-1.389955997467041,-3.559268473
M402C,-1.488795280456543,-2.164583379
M402G,-0.6934795379638672,-3.796817994
M402H,-1.7725305557250977,-3.292857029
M402I,0.9701285362243652,-0.338028176
M402F,-0.23918533325195312,-1.997305132
N403R,-1.4840776920318604,-1.0697695
N403Y,-2.5741970539093018,-1.194604308
N403W,-4.502799987792969,-2.752724487
N403V,-2.1409127712249756,-2.522695
N403T,-0.9285995960235596,-1.057492725
N403S,-0.5703279972076416,-0.483242084
N403A,-1.6901895999908447,-0.963648751
N403Q,-0.762934684753418,-0.933674593
N403K,-0.2900223731994629,-1.740043662
N403M,-2.6594297885894775,-1.777543307
N403L,-2.3411519527435303,-3.185900893
N403I,-2.3353769779205322,-1.6394081319999998
N403H,-2.698810338973999,-1.423588779
N403G,-1.2060432434082031,-1.100370826
N403E,-0.4800560474395752,-2.513687381
N403F,-3.0396978855133057,-1.809082823
N403C,-4.046701431274414,-2.283296356
N403P,-3.109804391860962,-3.366016844
N403D,-0.8780949115753174,-2.039260475
T404W,-3.979522466659546,-1.359529906
T404A,-0.531761646270752,0.303262237
T404V,-1.2427010536193848,-0.664867067
T404S,0.21462488174438477,0.043429114
T404R,-1.2573373317718506,0.059232949
T404Q,-0.11137080192565918,-0.277461655
T404P,-1.3873200416564941,-1.096386141
T404L,-1.4170358180999756,0.036274718
T404Y,-2.137958288192749,-1.492107171
T404K,0.18116497993469238,-0.6226784329999999
T404H,-2.040428876876831,-0.572211896
T404G,-0.3981037139892578,0.188101254
T404F,-2.5498721599578857,-0.466609304
T404E,0.24023079872131348,-1.373380819
T404D,0.1753993034362793,-2.196662881
T404C,-3.4541547298431396,-1.143885118
T404I,-1.4082763195037842,-1.209946229
T404N,0.4810519218444824,-0.5686479489999999
T404M,-2.14316725730896,-0.018797927
Q405K,0.2927243709564209,-1.554744308
Q405L,-0.20023798942565918,-3.998210761
Q405M,-1.1858768463134766,-1.849461308
Q405N,0.525233268737793,-2.428004413
Q405P,-1.7566790580749512,-2.959408445
Q405R,-0.532228946685791,-0.517319406
Q405S,0.348541259765625,-3.536492673
Q405T,0.2326362133026123,-2.8440884
Q405V,-0.23943138122558594,-1.705314466
Q405W,-2.918304920196533,-3.518219533
Q405Y,-0.6160802841186523,-3.626420378
Q405H,-1.3618083000183105,-0.763790648
Q405G,-0.25027036666870117,-0.249723866
Q405E,0.2840571403503418,-1.4103945430000002
Q405D,0.29497480392456055,-2.315606348
Q405C,-2.4260706901550293,-1.303966756
Q405A,0.08811569213867188,-0.44545621
Q405F,-1.0778841972351074,-1.650741266
Q405I,-0.4509613513946533,-3.0971311580000003
F406Y,0.0008022785186767578,-0.610070639
F406E,-0.708956241607666,-3.061465753
F406D,-1.6877846717834473,-2.051163597
F406C,-1.610710620880127,-2.800900567
F406A,0.18999624252319336,-1.171829913
F406V,0.8146748542785645,-1.954949615
F406W,-2.0647177696228027,-0.914175791
F406G,-0.7825675010681152,-1.584489599
F406T,0.2829413414001465,-2.61935514
F406R,-0.7196917533874512,-1.904936578
F406Q,-0.23203420639038086,-2.052357705
F406P,-2.532780647277832,-3.617010764
F406N,0.30176687240600586,-1.028176639
F406S,0.37891674041748047,-2.225216983
F406L,1.362592339515686,-0.7072878979999999
F406K,0.006645917892456055,-3.154992754
F406I,1.0728206634521484,-0.937907923
F406H,-2.001185894012451,-2.415898276
F406M,0.26130056381225586,-0.613363148
T407M,-1.7409319877624512,-1.729534569
T407Y,-1.5356574058532715,-0.64239844
T407V,-0.5505094528198242,-0.166015506
T407S,0.5427274703979492,-0.3752243
T407R,-1.2631969451904297,-0.0343497429999999
T407Q,-0.1409003734588623,-0.7194381559999999
T407P,-1.7498383522033691,-1.284919807
T407N,0.737004280090332,-0.212240651
T407L,-0.7159988880157471,-1.109868383
T407W,-3.766735553741455,-1.38140004
T407I,-0.7107701301574707,-1.253763398
T407A,-0.03862810134887695,-1.079945389
T407C,-3.1508021354675293,-0.8121319640000001
T407D,1.1090295314788818,-2.623304784
T407K,0.15731382369995117,-1.247291687
T407F,-1.8150124549865723,-1.675335482
T407G,-0.015246868133544922,-1.711728795
T407H,-1.6697630882263184,-0.7517517659999999
T407E,0.9387979507446289,-1.335540552
A408K,0.6612112522125244,-0.443384782
A408C,-3.034580945968628,-0.695888194
A408D,0.6680724620819092,-0.855202853
A408E,0.915947437286377,-0.8230323890000001
A408F,-1.537736177444458,-0.357313416
A408G,-0.07908797264099121,-0.8775655590000001
A408H,-1.6488144397735596,-1.289990095
A408I,-0.7354583740234375,-0.5663267329999999
A408L,-0.6602585315704346,-0.432104161
A408M,-1.5793488025665283,0.649017366
A408N,0.8661584854125977,-2.303736617
A408P,-1.838120698928833,-1.596511895
A408Q,0.16428112983703613,0.043851635
A408R,-0.6335430145263672,-0.258926108
A408S,0.650305986404419,-0.050712492
A408T,0.4185025691986084,0.065827181
A408V,-0.4134371280670166,0.140559088
A408Y,-1.3370945453643799,-0.125959833
A408W,-3.058756113052368,-0.320686194
V409H,-2.2085189819335938,-1.822249636
V409G,-1.9561142921447754,-1.467634345
V409C,-2.0682849884033203,-0.6721929209999999
V409E,-2.090877056121826,-2.635397867
V409D,-2.0830368995666504,-1.910162066
V409I,0.4472007751464844,-0.992454418
V409F,-0.4350004196166992,-1.576588892
V409K,-0.7387232780456543,-1.5689796809999998
V409P,-3.292109489440918,-3.0510170389999995
V409M,-0.4775731563568115,-1.545449572
V409Y,-0.3723328113555908,-1.805234063
V409L,1.1531991958618164,-0.587936826
V409W,-2.410818099975586,-2.4163876980000003
V409T,-0.3816409111022949,-0.969169102
V409A,-0.11008596420288086,0.109549677
V409R,-1.6451377868652344,-0.70716867
V409Q,-0.8208785057067871,-0.636311286
V409N,-0.7465081214904785,-1.775476345
V409S,-0.48954057693481445,-1.249013819
G410S,1.0079638957977295,-0.014877038
G410R,0.04925107955932617,0.513121836
G410Q,1.0330593585968018,-0.946235211
G410P,-2.1768500804901123,-1.082017562
G410N,1.3651907444000244,-1.110186569
G410M,-0.772907018661499,-1.907443416
G410L,-0.12900137901306152,-0.945856031
G410I,-0.3599550724029541,-2.102582216
G410H,-1.0820491313934326,-1.944466428
G410F,-1.3783137798309326,-1.823329659
G410D,0.6925480365753174,-0.159876325
G410C,-2.1461455821990967,-2.187367507
G410A,0.04743313789367676,-1.217728229
G410W,-2.8617637157440186,-1.489111719
G410Y,-0.8405816555023193,-0.388540704
G410K,1.251526117324829,-1.813633845
G410E,1.7223925590515137,-1.846925279
G410V,-0.1850278377532959,-1.17434133
G410T,0.6186108589172363,-0.917779618
K411G,-1.2014540433883667,-0.328810752
K411H,-2.577343463897705,-0.952368306
K411I,-1.8574331998825073,-1.779330625
K411L,-1.9048763513565063,-2.170057432
K411M,-2.68644380569458,-2.240107135
K411N,-0.1615961790084839,-2.020682916
K411F,-2.931154727935791,-2.006502203
K411E,-0.6896845102310181,-1.976203151
K411R,-1.4757343530654907,-2.829993881
K411S,-0.4662081003189087,-1.055617257
K411T,-0.780335545539856,-1.131261546
K411V,-1.8282681703567505,-1.043644232
K411W,-4.599732398986816,-1.470166343
K411Y,-2.628744125366211,-1.547102273
K411Q,-1.133907437324524,-0.750481168
K411P,-3.3997139930725098,-2.302689759
K411D,-0.8304837942123413,-3.072252383
K411A,-1.2565523386001587,-1.121079511
K411C,-3.951918125152588,-1.97358737
E412S,-0.500016450881958,-0.429112325
E412V,-1.4211225509643555,0.74372043
E412Y,-1.5623281002044678,-0.43857495
E412R,-1.045423984527588,-0.254036056
E412Q,-0.5553991794586182,0.583938515
E412P,-3.0114176273345947,-3.309443739
E412N,-0.2027742862701416,-0.66314138
E412M,-2.160680055618286,-0.7997940440000001
E412K,-0.12697815895080566,0.241841782
E412I,-1.7001183032989502,0.300326548
E412H,-2.053161859512329,-0.257757262
E412G,-1.144124984741211,-1.432191741
E412F,-2.246234178543091,0.502345417
E412D,-0.28816676139831543,-0.072577219
E412C,-3.4831087589263916,-0.694118747
E412A,-0.9267416000366211,0.306288246
E412L,-1.5597708225250244,-0.328240149
E412T,-0.6716535091400146,0.625741848
E412W,-3.732741594314575,-1.1050093090000002
F413W,-1.8596282005310059,-0.938970057
F413Y,-0.3614485263824463,-1.711272359
F413A,-0.4425206184387207,-3.627346684
F413C,-1.2297062873840332,-3.053901771
F413D,-3.2274770736694336,-3.259357644
F413E,-2.160646915435791,-3.506060326
F413G,-1.4743680953979492,-2.660000229
F413H,-1.85866117477417,-3.156876623
F413I,1.6200658082962036,-2.58515339
F413V,0.7614021301269531,-3.296080333
F413L,1.2587682008743286,-3.321977885
F413T,-0.5553011894226074,-3.688865543
F413S,-0.5122880935668945,-2.70523724
F413R,0.32928466796875,-3.931815478
F413K,0.5655436515808105,-3.289309742
F413P,-3.970431327819824,-2.965353705
F413N,0.40842533111572266,-3.044544
F413M,-0.14291620254516602,-3.05968826
F413Q,-1.0429363250732422,-3.0201443930000003
N414Y,-1.7458298206329346,-2.789115624
N414P,-2.126688241958618,-2.958113136
N414V,-0.851691484451294,-3.071407333
N414T,-0.5670373439788818,-0.718264913
N414S,-0.1070852279663086,-0.370667751
N414R,-1.235217571258545,-3.272963557
N414Q,-0.6600363254547119,-2.3540749030000003
N414W,-3.702451467514038,-2.681307876
N414M,-2.1145565509796143,-2.671402655
N414K,0.015604019165039062,-1.565235986
N414L,-0.9393577575683594,-4.458500428
N414A,-0.5417406558990479,-0.964342848
N414C,-3.177506685256958,-2.923956207
N414D,0.06907129287719727,-2.199581396
N414G,-0.5165035724639893,-0.044160649
N414F,-2.0375187397003174,-3.472371341
N414H,-2.0729992389678955,-1.768462984
N414I,-1.1240193843841553,-3.080203584
N414E,0.2599935531616211,-3.326082195
N415K,-0.05330824851989746,-0.8570159890000001
N415C,-3.021547317504883,-1.070854866
N415D,0.4985586404800415,-0.613425397
N415E,0.7962833642959595,-0.240065536
N415F,-1.863539695739746,-0.061357412
N415G,-0.6226472854614258,-0.689024035
N415H,-2.07352352142334,-1.129837214
N415I,-1.1234803199768066,0.280719775
N415A,-0.1880497932434082,-0.124003837
N415M,-2.042743682861328,-0.533322415
N415P,-2.452821731567383,-1.333610671
N415Q,-0.4918980598449707,-0.301457645
N415R,-1.1248936653137207,-0.202817261
N415S,0.05576968193054199,-0.210537988
N415T,-0.33945798873901367,-0.034744259
N415V,-0.8423585891723633,0.098537226
N415W,-3.4120965003967285,-0.109632205
N415Y,-1.70033597946167,-0.032884457
N415L,-0.8646659851074219,0.0438645009999999
L416H,-3.2334647178649902,-2.558882282
L416G,-3.005476474761963,-3.293010086
L416F,-1.4384828805923462,-0.362971489
L416A,-1.4640494585037231,-3.114081597
L416C,-3.0691261291503906,-2.200924205
L416I,-0.7489644289016724,-1.714875423
L416D,-3.0963258743286133,-3.0830440930000003
L416K,-2.1168103218078613,-1.358625106
L416E,-2.879591464996338,-2.596542026
L416P,-3.712463855743408,-3.251983173
L416N,-1.9381338357925415,-2.106014371
L416Y,-1.32894766330719,-0.861709962
L416W,-3.2227959632873535,-2.124533129
L416V,-1.2013288736343384,-1.7556861780000002
L416M,-1.324316143989563,-0.934285154
L416S,-1.9010030031204224,-2.960083743
L416R,-2.711726188659668,-0.434618959
L416Q,-2.1926217079162598,-1.734555647
L416T,-1.6572805643081665,-3.049548647
E417W,-2.954315662384033,-2.702541264
E417V,-1.0135838985443115,-2.784438377
E417T,-0.5245990753173828,-3.15809553
E417S,-0.2582559585571289,-3.34855954
E417R,-0.8317420482635498,-2.312467217
E417Q,-0.4432680606842041,-2.72648935
E417P,-2.976219654083252,-3.141516423
E417N,-0.1757361888885498,-3.300462806
E417L,-0.6122093200683594,-3.520558163
E417K,0.014982938766479492,-2.184137542
E417I,-0.8166007995605469,-2.973755587
E417G,-0.8730154037475586,-2.856033604
E417F,-1.7196519374847412,-3.093653363
E417D,-0.8659968376159668,-2.352727047
E417C,-2.5407729148864746,-2.884920585
E417A,-1.009760856628418,-3.139981662
E417M,-1.5432476997375488,-2.650459282
E417H,-2.1916871070861816,-2.849207715
E417Y,-1.5218429565429688,-2.852819522
K418C,-3.3317525386810303,-2.116040681
K418A,-1.2624108791351318,-1.940562117
K418Y,-2.374760389328003,-2.605629482
K418W,-3.9648568630218506,-2.338607839
K418V,-1.6543140411376953,-3.0090792260000003
K418S,-0.20783209800720215,-2.763414698
K418R,-1.459594964981079,-0.231583588
K418Q,-1.2368934154510498,-2.307933385
K418P,-4.214719772338867,-3.084001988
K418T,-0.3215620517730713,-2.236594796
K418M,-2.374912977218628,-2.375303523
K418N,-0.25788331031799316,-1.724147545
K418E,-0.7764289379119873,-1.902332407
K418F,-2.830124616622925,-1.466526566
K418G,-1.1771275997161865,-3.211053099
K418D,-1.0745186805725098,-2.740896909
K418I,-1.63899827003479,-2.532661252
K418L,-1.5321438312530518,-0.918734372
K418H,-2.4278156757354736,-2.2091841690000003
R419I,-1.059140682220459,-2.7522742360000003
R419C,-2.4102745056152344,-2.764421994
R419D,0.4664764404296875,-2.714268249
R419E,1.3641935586929321,-2.425508023
R419F,-1.6709327697753906,-2.706470645
R419G,-0.7017793655395508,-2.006597325
R419H,-1.4921050071716309,-2.631688129
R419A,-0.16060400009155273,-2.904280054
R419L,-0.7214102745056152,-2.957909164
R419M,-1.2775897979736328,-3.070794355
R419Y,-1.1657004356384277,-2.570801309
R419W,-3.1363940238952637,-1.804021939
R419V,-0.8274331092834473,-3.200611609
R419T,0.1684412956237793,-1.83279641
R419K,0.9930633306503296,-2.205667639
R419Q,0.6260366439819336,-2.552579146
R419P,-2.9398083686828613,-2.681305139
R419N,0.3530888557434082,-2.589395879
R419S,0.1846609115600586,-2.464216045
M420A,-0.646223783493042,-2.471525439
M420C,-1.0663158893585205,-2.6032654930000003
M420D,-2.855957269668579,-1.367517354
M420E,-1.8700673580169678,-2.508900965
M420F,0.5163748264312744,-1.056521525
M420G,-1.9135725498199463,-3.017759276
M420H,-2.223788022994995,-2.258975156
M420I,1.8108891248703003,-1.250987885
M420L,1.3713477849960327,-0.6721959340000001
M420N,-0.550316572189331,-2.312079638
M420P,-3.8483502864837646,-2.886619941
M420V,1.0572315454483032,-2.329597531
M420R,-1.4668428897857666,-3.138795757
M420S,-1.123974084854126,-2.466967385
M420T,-0.7928779125213623,-2.167495845
M420Y,0.5229318141937256,-2.586191787
M420W,-1.4016273021697998,-1.533231597
M420K,-1.123070478439331,-2.169902078
M420Q,-1.4626505374908447,-1.645168676
E421C,-3.821216583251953,-2.217645692
E421D,-0.2605704069137573,-1.4845199619999998
E421Y,-2.579540252685547,-1.870094937
E421W,-4.111502170562744,-2.239422837
E421V,-1.6854701042175293,-2.219050162
E421T,-1.2189688682556152,-2.673698264
E421S,-1.0166230201721191,-0.6850565479999999
E421R,-1.9791045188903809,-1.917902256
E421Q,-1.3438875675201416,0.143830274
E421P,-3.5516419410705566,-3.088100051
E421A,-1.1215629577636719,-1.28224359
E421M,-2.6640729904174805,-1.753730881
E421L,-1.5412790775299072,-2.184927729
E421K,-0.88210129737854,-1.186186742
E421I,-1.7252345085144043,-2.465975663
E421H,-2.8680543899536133,-1.7859983330000002
E421G,-1.6858305931091309,-1.252268017
E421F,-2.7822890281677246,-1.529909797
E421N,-0.6081571578979492,-1.6663209769999998
N422E,1.0977439880371094,-2.193657998
N422F,-1.5939698219299316,-2.314689531
N422G,-0.9682564735412598,-1.574045436
N422H,-2.0700864791870117,-1.992775126
N422I,-0.8964109420776367,-2.037404497
N422K,-0.2432084083557129,-1.972266082
N422L,-0.6730589866638184,-2.301402697
N422R,-1.2991888523101807,-2.866064422
N422P,-3.378599166870117,-2.662733418
N422Q,-0.5526695251464844,-2.321830978
N422D,0.6558626890182495,-1.917370765
N422S,-0.004426479339599609,-0.864985907
N422T,-0.24185800552368164,-0.7649323840000001
N422V,-0.8905148506164551,-2.517639204
N422W,-2.7132229804992676,-2.08278224
N422Y,-1.4555959701538086,-2.246299788
N422M,-1.7492194175720215,-1.7887721090000002
N422C,-2.7145371437072754,-2.7283575960000004
N422A,-0.3546328544616699,-1.25409052
L423D,-3.1880617141723633,-2.769418729
L423Y,-1.6727911233901978,-2.844046777
L423W,-3.351280689239502,-2.486078374
L423V,-1.1764289140701294,-1.843903569
L423T,-2.102410316467285,-3.073518481
L423S,-2.322140693664551,-2.6110375
L423R,-3.5113883018493652,-3.893448184
L423Q,-2.730937957763672,-2.833484655
L423C,-3.148776054382324,-2.831050681
L423P,-4.985329627990723,-2.7609669180000003
L423M,-1.6951175928115845,-2.012148622
L423A,-1.0590420961380005,-2.899228588
L423K,-3.0949645042419434,-2.4056696090000003
L423I,-0.7191340923309326,-2.617845414
L423H,-4.049149036407471,-2.9619206
L423G,-3.019354820251465,-3.057137203
L423E,-2.5348315238952637,-2.727860006
L423N,-2.6283926963806152,-3.0641155280000003
L423F,-1.5671602487564087,-2.164276506
N424A,-1.0262084007263184,-1.6441902169999998
N424W,-2.6583080291748047,-1.36504271
N424Y,-1.5132293701171875,-1.757429946
N424C,-2.5402393341064453,-1.906588737
N424D,-0.7106139659881592,-2.015743949
N424E,0.25927305221557617,-2.744851242
N424F,-1.623548984527588,-2.107501848
N424H,-1.9827508926391602,-1.484939072
N424I,-0.8560366630554199,-1.335685786
N424K,0.5169928073883057,-2.146822941
N424G,-0.9160921573638916,-2.68030586
N424M,-1.2752292156219482,-2.174078682
N424P,-3.025266647338867,-2.089040965
N424Q,0.00562286376953125,-1.998801276
N424R,-0.18135905265808105,-3.511678814
N424S,-0.26703643798828125,-3.116208604
N424T,-0.43627047538757324,-2.802375018
N424V,-0.9951765537261963,-3.101002102
N424L,-0.49094438552856445,-3.156908726
K425L,-1.565650224685669,-2.844286797
K425D,-1.5552070140838623,-2.502358005
K425E,-1.2405545711517334,-2.178753144
K425F,-2.7457783222198486,-3.168638478
K425G,-1.6208360195159912,-3.865008552
K425H,-2.759190797805786,-1.78396955
K425I,-1.9166467189788818,-3.05538267
K425M,-2.5823447704315186,-2.683805689
K425C,-3.342688798904419,-3.33563414
K425P,-3.576321840286255,-3.745777277
K425Q,-1.0478541851043701,-1.372955419
K425R,-1.1284253597259521,-0.295034722
K425S,-0.7900817394256592,-2.196634613
K425T,-1.250229835510254,-2.239931039
K425V,-1.9523241519927979,-1.615792233
K425W,-4.118634223937988,-2.812541842
K425N,-0.7129924297332764,-1.168886543
K425A,-1.3696086406707764,-1.636692276
K425Y,-2.693887948989868,-3.531979034
K426Y,-1.5598574876785278,-3.424416689
K426C,-2.772392749786377,-3.452401074
K426D,-1.3096238374710083,-3.045028163
K426E,-0.5743447542190552,-2.263942638
K426F,-1.673751950263977,-2.882060164
K426G,-1.7693673372268677,-3.562134914
K426H,-2.373903274536133,-2.6519759780000003
K426I,-0.8651055097579956,-3.113945869
K426L,-0.4229081869125366,-3.306898439
K426M,-1.3214746713638306,-2.521980775
K426N,-0.9124311208724976,-2.511083364
K426P,-3.4338040351867676,-3.868775023
K426Q,-0.7422665357589722,-2.586399552
K426R,-0.9879390001296997,-1.5563181169999998
K426S,-0.7821110486984253,-3.054927594
K426T,-0.8586722612380981,-2.97754918
K426A,-0.7418047189712524,-3.099529067
K426V,-1.1509183645248413,-3.202124957
K426W,-2.9816718101501465,-3.088779285
V427W,-2.469602346420288,-2.086090849
V427D,-2.649646043777466,-2.419654559
V427E,-2.1955759525299072,-2.987504864
V427F,-0.4984104633331299,-2.486030555
V427G,-2.13338303565979,-2.8731475539999995
V427H,-2.202158212661743,-2.973215971
V427I,0.4390941858291626,-0.8422561940000001
V427A,-0.7700464725494385,-2.542225137
V427L,0.6298865079879761,-2.001422795
V427M,-0.6755003929138184,-1.363132075
V427N,-0.7573106288909912,-3.168309659
V427P,-3.3192055225372314,-2.805607264
V427Q,-1.940540075302124,-2.994377052
V427R,-1.5205457210540771,-3.03605075
V427S,-1.3567602634429932,-2.368122205
V427T,-1.3632829189300537,-2.196769045
V427Y,-0.16517424583435059,-0.971527733
V427K,-1.1582157611846924,-2.095416113
V427C,-1.6100914478302002,-2.270448641
D428N,0.5002491474151611,-1.565209775
D428W,-2.8313212394714355,-2.475494817
D428V,-0.5504803657531738,-2.368273887
D428T,-0.27950000762939453,-1.233036518
D428S,0.160691499710083,-2.555371195
D428R,-0.3015453815460205,-3.33902922
D428Q,-0.12303495407104492,-2.407969326
D428P,-2.3056435585021973,-2.823426604
D428M,-1.2273783683776855,-2.015769304
D428L,-0.5169181823730469,-3.519068293
D428K,0.7651594877243042,-2.656351143
D428I,-0.5024876594543457,-3.138919597
D428H,-1.44081449508667,-2.6873489630000003
D428A,-0.3843343257904053,-2.7442695460000004
D428C,-2.265737533569336,-3.03183506
D428G,-0.6325256824493408,-3.0123278910000004
D428Y,-0.9300248622894287,-2.168747442
D428E,0.4543032646179199,-1.585419206
D428F,-1.3171300888061523,-2.526052434
D429E,0.0709683895111084,-1.879768948
D429Y,-2.1122541427612305,-2.374874468
D429W,-3.8657665252685547,-2.427432229
D429V,-1.4773378372192383,-2.87236389
D429T,-0.6694588661193848,-2.713420254
D429S,0.02914118766784668,-2.500851973
D429R,-1.3312280178070068,-3.048388709
D429Q,-0.34977197647094727,-1.322381774
D429P,-2.8251914978027344,-3.043406842
D429C,-2.9369564056396484,-3.139622485
D429A,-0.6517140865325928,-2.195787234
D429M,-2.1735901832580566,-2.309852507
D429L,-1.2682228088378906,-3.377305373
D429K,0.0021271705627441406,-2.894993755
D429I,-1.4730401039123535,-2.810690139
D429H,-2.2843856811523438,-2.487761243
D429G,-1.0538601875305176,-2.417923842
D429F,-2.1421337127685547,-2.797439175
D429N,-0.14350175857543945,-1.632442936
G430Y,0.7821557521820068,-2.633151413
G430A,1.2980785369873047,-2.9997578810000003
G430C,-0.3903794288635254,-3.264558576
G430W,-1.4082651138305664,-2.808336178
G430D,-0.22646617889404297,-2.794370008
G430E,0.1570603847503662,-2.174121362
G430F,0.5052614212036133,-3.461944104
G430H,-0.3728346824645996,-3.28374317
G430I,1.4180166721343994,-2.623503384
G430K,1.338402509689331,-2.947355182
G430L,2.0600452423095703,-2.722938133
G430M,0.6498804092407227,-2.190811633
G430P,-1.340932846069336,-3.594706187
G430Q,0.5625491142272949,-2.15947022
G430R,0.505901575088501,-3.1340438610000003
G430S,1.067944049835205,-3.090772955
G430T,0.8230352401733398,-3.370325242
G430V,1.0554766654968262,-3.280278944
G430N,0.7835159301757812,-2.893351279
F431V,0.5163345336914062,-2.7831095660000003
F431A,-0.013588905334472656,-3.204305437
F431C,-0.9511795043945312,-2.927995367
F431D,0.4092588424682617,-3.046595861
F431E,0.9583241939544678,-2.857248542
F431G,-0.011821269989013672,-2.636444453
F431H,-0.7571306228637695,-3.1523249680000003
F431I,0.9039580821990967,-2.465022311
F431L,0.9942169189453125,-0.46179953
F431M,0.03623819351196289,-2.365492747
F431N,1.251704454421997,-2.487625825
F431P,-1.4159107208251953,-3.424612524
F431Q,0.4125337600708008,-3.302737348
F431R,0.7485377788543701,-3.40670424
F431S,0.7231020927429199,-3.429664978
F431T,0.4018678665161133,-3.739019858
F431K,1.7861144542694092,-3.306918095
F431Y,0.35684871673583984,-2.600182218
F431W,-1.3227243423461914,-2.820406895
L432D,0.5231411457061768,-2.829424117
L432V,-0.11507105827331543,-1.198115445
L432A,0.3567163944244385,-2.93887278
L432E,0.6946229934692383,-1.859530883
L432F,-0.8635804653167725,-1.269255192
L432G,0.255291223526001,-2.554123167
L432H,-0.4727184772491455,-1.449229299
L432I,-0.15171384811401367,-1.224709768
L432K,2.185891628265381,-2.146175696
L432M,-0.715712308883667,-1.859984421
L432N,1.4727675914764404,-1.953996644
L432P,-1.1019790172576904,-2.653049464
L432Q,0.5460596084594727,-0.731789962
L432R,0.8622596263885498,-2.068546384
L432S,1.1008269786834717,-2.724327977
L432T,0.4768640995025635,-1.339636222
L432C,-1.6964938640594482,-2.430843832
L432Y,-0.30251169204711914,-1.538375948
L432W,-2.1209514141082764,-1.143020932
D433W,-3.3753507137298584,-2.500468504
D433A,-0.5606410503387451,-1.622344219
D433C,-2.92853045463562,-1.745265174
D433E,0.06396365165710449,-0.90218869
D433F,-2.2951643466949463,-3.188454371
D433G,-0.8047969341278076,-1.842246909
D433H,-1.6340596675872803,-1.809150377
D433I,-2.109527349472046,-2.769644908
D433K,0.5699127912521362,-3.028155747
D433Y,-1.7930433750152588,-2.133698757
D433L,-1.3648154735565186,-3.110425969
D433M,-2.0866897106170654,-2.388410443
D433N,0.4778991937637329,-1.955989901
D433P,-2.1186344623565674,-3.476391109
D433Q,-0.35249996185302734,-1.271948808
D433R,-0.4552042484283447,-3.196589599
D433S,0.1773526668548584,-1.080927507
D433T,-0.6387190818786621,-2.149020508
D433V,-1.9529178142547607,-2.724311845
I434A,-0.48339128494262695,-3.103027775
I434Y,-0.5938591957092285,-2.862417444
I434C,-1.9162101745605469,-3.16132827
I434N,-0.6496880054473877,-3.098624888
I434H,-1.94923734664917,-3.305099771
I434E,-1.2073960304260254,-2.8547354730000003
I434D,-1.3953843116760254,-3.002796938
I434K,-0.4231433868408203,-3.036045871
I434L,0.20186364650726318,-0.1401049
I434M,-1.1477196216583252,-1.910582793
I434P,-2.142080307006836,-3.612705936
I434Q,-1.3998684883117676,-2.911159568
I434R,-1.1864008903503418,-3.54769693
I434S,-0.5877141952514648,-3.488837788
I434T,-0.852323055267334,-3.299761878
I434V,-0.5212631225585938,-0.62078068
I434W,-2.230447292327881,-2.317545906
I434G,-1.1881797313690186,-3.512224749
I434F,-0.754213809967041,-1.132476476
W435Y,2.245542049407959,-2.914445358
W435V,2.49277400970459,-3.471129015
W435T,3.129647970199585,-3.228228829
W435R,3.382328510284424,-2.620648059
W435Q,3.6258492469787598,-3.4453965010000003
W435M,2.1798691749572754,-2.94594665
W435L,3.030214309692383,-3.539121522
W435K,4.7124786376953125,-3.233404205
W435I,2.565124988555908,-2.7159642880000003
W435H,2.168520450592041,-2.421314586
W435G,2.915487766265869,-3.374443532
W435F,1.805708408355713,-3.215976227
W435E,4.164290428161621,-2.909605665
W435D,3.743687629699707,-2.953655627
W435C,1.3073968887329102,-2.577048124
W435A,3.1895508766174316,-3.432798069
W435S,3.927466869354248,-4.080882323
W435N,4.194770812988281,-3.324504273
W435P,1.7430896759033203,-2.720856939
T436W,-2.8115615844726562,-2.4377386480000003
T436V,-0.9916925430297852,-3.585060719
T436S,0.5265893936157227,-2.238624491
T436A,-0.3759791851043701,-2.84602533
T436C,-2.1099324226379395,-2.740808029
T436D,0.44086647033691406,-2.805715864
T436E,0.3934791088104248,-2.2179428530000003
T436F,-1.520683765411377,-2.479241611
T436M,-1.1901683807373047,-2.510183531
T436H,-0.8236920833587646,-2.622888382
T436I,-0.9066219329833984,-2.658987536
T436R,0.7078075408935547,-2.215224659
T436K,1.8520021438598633,-2.814074821
T436Y,-1.076889991760254,-2.456313645
T436Q,0.3919858932495117,-1.830077364
T436P,-1.4136404991149902,-3.631579912
T436N,1.2976787090301514,-2.983195015
T436L,-0.5205078125,-3.5882111460000004
T436G,-0.15241503715515137,-2.89250565
Y437R,1.1709582805633545,-3.422782857
Y437S,0.7830381393432617,-1.947670217
Y437Q,0.6582286357879639,-3.043340105
Y437P,-1.6562960147857666,-2.923857768
Y437N,0.9084529876708984,-2.130811154
Y437M,0.06225323677062988,-2.458690202
Y437L,1.1503360271453857,-2.757704785
Y437C,-0.9392359256744385,-2.176535673
Y437I,0.5610275268554688,-2.781485898
Y437H,-0.6554157733917236,-2.438632177
Y437K,2.181234359741211,-3.266970974
Y437F,-0.17277288436889648,-2.416041305
Y437E,0.6187150478363037,-3.0016826310000004
Y437D,-0.030711889266967773,-2.600981834
Y437T,0.5886611938476562,-3.140132152
Y437V,0.3475797176361084,-2.927748142
Y437W,-1.6548998355865479,-1.887715617
Y437A,1.0065231323242188,-1.968968614
Y437G,0.06957840919494629,-2.844335463
N438I,-0.5065929889678955,-2.99349631
N438C,-1.7180392742156982,-2.70341888
N438D,-0.7654275894165039,-1.669821953
N438E,-0.44443368911743164,-1.720193574
N438F,-1.026118516921997,-2.656905204
N438G,-1.0812060832977295,-3.416336133
N438H,-1.5301034450531006,-1.5124956319999998
N438K,0.431027889251709,-2.670625361
N438W,-2.691028356552124,-1.850727049
N438M,-1.239466905593872,-2.671922838
N438L,-0.2127232551574707,-2.029091182
N438Y,-0.5045220851898193,-2.138269001
N438V,-0.7593944072723389,-2.706851623
N438T,-0.7391684055328369,-2.14560424
N438A,-0.69877028465271,-3.2158995310000003
N438R,-0.2521655559539795,-3.775503261
N438Q,-0.6343109607696533,-0.544274155
N438P,-2.000145196914673,-3.5723309860000003
N438S,-0.46573805809020996,-2.052975337
A439C,-1.9546833038330078,-2.365738177
A439K,1.974497675895691,-2.814273435
A439F,-1.4198055267333984,-3.090438025
A439G,0.13719797134399414,-2.950399837
A439H,-0.49884796142578125,-2.470033748
A439I,-0.8284492492675781,-0.302794698
A439L,-0.3795638084411621,-1.643007888
A439Q,0.6469712257385254,-2.93724777
A439N,1.881405234336853,-0.6549597079999999
A439P,-0.4650449752807617,-2.8157499510000004
A439D,1.3481793403625488,-2.630135221
A439R,0.7836377620697021,-3.632549863
A439S,1.0213279724121094,-1.314197769
A439T,0.2152414321899414,-1.6979861580000002
A439V,-1.0493416786193848,-1.581456629
A439W,-2.780374526977539,-2.4334055830000003
A439Y,-0.5748114585876465,-2.85353377
A439M,-1.0744633674621582,-2.3822396130000003
A439E,1.2040953636169434,-1.354017443
E440C,-2.059170722961426,-3.272447154
E440D,-0.06791329383850098,-2.644684048
E440Y,-0.7990424633026123,-3.564805359
E440W,-2.5608901977539062,-2.995951814
E440V,-1.2938494682312012,-3.769490669
E440T,-0.6586546897888184,-3.446754908
E440S,-0.12832975387573242,-2.418547658
E440R,-0.2951779365539551,-3.587363316
E440Q,-0.3368968963623047,-2.549721497
E440P,-1.8252639770507812,-3.650400248
E440M,-1.3092727661132812,-2.909150244
E440L,-0.3427567481994629,-4.087414498
E440K,0.6167876720428467,-2.90533611
E440I,-1.100853443145752,-2.98757164
E440H,-1.3690359592437744,-2.7244759
E440G,-0.731884241104126,-3.371015977
E440F,-1.307194709777832,-3.350899314
E440A,-0.2948269844055176,-2.811335664
E440N,0.30678749084472656,-2.849476887
L441M,-1.2309465408325195,-1.16174306
L441C,-2.1289615631103516,-2.498021246
L441Y,-1.1173944473266602,-2.155056932
L441W,-3.061213493347168,-1.831537097
L441V,-1.1577339172363281,-1.971825234
L441T,-1.3005733489990234,-2.128351548
L441R,-0.7273516654968262,-2.268110225
L441Q,-1.2610375881195068,-1.929419288
L441P,-2.62518310546875,-2.9001330010000004
L441N,-0.2678720951080322,-2.752822802
L441S,-1.028458833694458,-2.743105201
L441K,0.06023716926574707,-3.042264319
L441I,-0.6970624923706055,-1.261220765
L441H,-1.929725170135498,-2.387782631
L441G,-1.1554291248321533,-3.67112749
L441F,-1.4450197219848633,-1.310519898
L441E,-1.2429397106170654,-2.655849407
L441D,-1.3185100555419922,-2.8493169610000004
L441A,-0.826718807220459,-3.464121184
L442Q,0.35254335403442383,-2.577293005
L442R,0.4397597312927246,-2.744409492
L442S,0.7811441421508789,-2.351252164
L442Y,-0.7958202362060547,-2.667237604
L442V,-0.737795352935791,-0.958064576
L442W,-2.434427261352539,-2.827784428
L442P,-1.3130993843078613,-2.623175397
L442T,0.14601421356201172,-1.776024606
L442N,1.3732210397720337,-2.84423641
L442K,1.6549571752548218,-2.811340823
L442I,-0.5824975967407227,-0.494325129
L442H,-0.9554939270019531,-1.024625377
L442G,0.13256502151489258,-2.7985676710000003
L442F,-1.109260082244873,-0.786729806
L442E,0.8025565147399902,-0.85410025
L442D,0.7673718929290771,-2.952711921
L442C,-1.5154218673706055,-2.9715662610000004
L442A,0.17100763320922852,-1.281570977
L442M,-0.7824482917785645,-1.208174244
V443Y,0.1918635368347168,-2.817543569
V443W,-1.2744011878967285,-2.830773114
V443T,1.088810920715332,-1.342975839
V443S,1.7928433418273926,-2.902946265
V443R,1.3414108753204346,-3.521539644
V443Q,1.0588173866271973,-2.13683079
V443P,-0.2859058380126953,-3.243146372
V443K,2.6233296394348145,-1.73561474
V443M,-0.4304485321044922,-1.656470899
V443F,-0.49062252044677734,-2.100321945
V443L,0.503293514251709,-2.089435402
V443I,-0.10544490814208984,-0.587964753
V443H,-0.08666419982910156,-2.724622658
V443G,0.9344077110290527,-1.915091167
V443N,1.8681201934814453,-2.446425423
V443C,-0.6233739852905273,-2.252862765
V443D,1.365631341934204,-2.407877763
V443A,1.1967391967773438,-2.858655105
V443E,1.6279675960540771,-2.667939521
L444W,-2.1433098316192627,-2.848050009
L444R,-0.20919537544250488,-3.925515571
L444Q,-0.3607909679412842,-2.861956199
L444P,-2.239362955093384,-2.302417799
L444N,0.11745810508728027,-2.686087348
L444M,-1.1123933792114258,-2.8580810060000004
L444I,-0.7655706405639648,-2.713931899
L444H,-1.654104471206665,-3.254386499
L444G,-0.8608324527740479,-3.324496204
L444F,-1.162667989730835,-3.434772129
L444E,-0.3686048984527588,-3.01128532
L444D,-0.6285817623138428,-3.344578858
L444C,-1.8508107662200928,-3.456874876
L444A,0.16718649864196777,-2.832013485
L444S,-0.13848209381103516,-4.129033229
L444V,-0.9776160717010498,-2.377648701
L444K,0.9214510917663574,-3.75065474
L444Y,-0.8896379470825195,-3.886072224
L444T,-0.5980679988861084,-2.78438536
L445Y,-0.9200661182403564,-1.081556803
L445S,-0.4186584949493408,-2.633189437
L445R,-0.19968199729919434,-2.671888464
L445Q,-0.6170058250427246,-1.879903825
L445P,-1.649101972579956,-2.185016834
L445N,-0.10394954681396484,-2.15282347
L445A,-0.7984769344329834,-2.169054819
L445M,-1.13871431350708,-0.87899799
L445I,-0.5613162517547607,-1.192469375
L445H,-1.7471058368682861,-2.626907487
L445G,-0.9671361446380615,-2.854581622
L445F,-1.2129580974578857,-0.735132727
L445E,-0.1336355209350586,-2.143530136
L445D,-0.7894566059112549,-2.691220377
L445C,-2.0957014560699463,-2.63795196
L445K,0.7980278730392456,-1.782655221
L445W,-2.6244518756866455,-0.979629739
L445V,-0.8750436305999756,-2.617092137
L445T,-0.9191486835479736,-1.213086051
E446A,-0.5678415298461914,-3.272888217
E446C,-2.2149477005004883,-3.443943403
E446V,-1.5584053993225098,-3.027385283
E446T,-1.133718490600586,-2.841802555
E446S,-0.5435385704040527,-3.248342154
E446R,-0.9157168865203857,-3.1900420510000003
E446Q,-0.9851641654968262,-1.947981155
E446P,-2.103944778442383,-2.865315237
E446N,-0.10219717025756836,-1.881996934
E446W,-3.0564708709716797,-2.712762011
E446L,-0.979874849319458,-3.795161899
E446K,0.1396481990814209,-2.460801863
E446I,-1.4203433990478516,-3.352085554
E446H,-2.020350933074951,-2.74470881
E446G,-0.4154524803161621,-2.818201284
E446F,-1.9256010055541992,-3.2741837510000003
E446D,-0.4012110233306885,-1.851243137
E446M,-1.9372820854187012,-2.732407697
E446Y,-1.4923169612884521,-2.821972182
N447R,-0.3305816650390625,-3.987721799
N447Q,-0.7090415954589844,-2.564191555
N447P,-3.244013786315918,-3.62476193
N447M,-1.6473884582519531,-1.323241469
N447L,-0.6913027763366699,-4.056269328
N447K,0.8333277702331543,-1.988773251
N447F,-1.7728371620178223,-3.5494094730000003
N447H,-1.964916706085205,-2.333127604
N447G,-1.5057599544525146,-2.759573651
N447E,-0.45070791244506836,-2.974220999
N447D,-1.080061912536621,-2.74102633
N447C,-2.5671510696411133,-3.320403203
N447A,-0.9556269645690918,-3.406687644
N447S,-0.6577537059783936,-2.9428072760000004
N447I,-0.9908623695373535,-2.2303519780000003
N447T,-1.0603628158569336,-2.876091604
N447V,-1.4793386459350586,-3.4026778980000003
N447Y,-1.2602500915527344,-2.9864384530000003
N447W,-2.962019443511963,-2.953077931
E448F,0.37331366539001465,-2.952201885
E448Y,0.6404531002044678,-0.789882477
E448W,-1.2379729747772217,-2.305344085
E448V,0.7344205379486084,-2.43960758
E448T,0.21557021141052246,-1.222583307
E448S,0.4443652629852295,-1.555054389
E448D,-0.4110147953033447,-1.761973015
E448R,-0.11821413040161133,-2.038399607
E448N,0.8058347702026367,-2.992215205
E448M,0.2349715232849121,-2.509440975
E448L,1.7340915203094482,-2.423160685
E448K,0.8810627460479736,-2.097740051
E448I,1.4214491844177246,-3.2358353510000004
E448H,-0.9227368831634521,-2.026235257
E448G,0.16116619110107422,-1.929903466
E448Q,0.13236522674560547,-1.945546615
E448P,-1.261333703994751,-2.530365419
E448C,-0.3995954990386963,-2.917956778
E448A,0.5199840068817139,-2.443400869
R449Y,-0.42632174491882324,-3.002044719
R449W,-2.4175708293914795,-1.186493512
R449V,-0.5083348751068115,-3.690302007
R449T,-0.01647210121154785,-2.145450933
R449S,0.26338839530944824,-2.5734393630000003
R449Q,-0.21173405647277832,-2.4870597290000003
R449P,-0.968806266784668,-3.053226877
R449N,0.6865720748901367,-2.728286517
R449M,-1.0259490013122559,-2.450182914
R449A,-0.23271417617797852,-3.048640487
R449K,1.4349167346954346,-2.149190436
R449I,-0.06979966163635254,-1.878369615
R449H,-1.0176353454589844,-1.67763897
R449G,-0.18699193000793457,-2.627437184
R449F,-0.7155961990356445,-3.098697662
R449E,0.39402031898498535,-2.563852547
R449D,-0.07503151893615723,-2.147665596
R449C,-1.7343943119049072,-2.788799178
R449L,0.051772117614746094,-3.7997626
T450W,-1.2050299644470215,-3.594804977
T450V,-0.025052547454833984,-3.24826036
T450S,0.39847707748413086,-3.225966165
T450R,0.13958239555358887,-2.069350675
T450Q,-0.21146249771118164,-3.54477978
T450P,-1.0414862632751465,-3.18887193
T450N,0.8516368865966797,-3.286935878
T450G,0.3088045120239258,-3.842729349
T450K,1.097020149230957,-3.5206257310000004
T450I,0.36526918411254883,-2.7269669010000004
T450H,-0.8596992492675781,-2.955212355
T450F,-0.04370832443237305,-3.3917551880000003
T450E,0.4705820083618164,-3.0621131
T450D,0.3039567470550537,-2.0714102
T450C,-0.7644753456115723,-3.200562103
T450L,0.6074566841125488,-3.643887773
T450Y,0.16208124160766602,-2.959349248
T450M,-0.6527788639068604,-2.818856117
T450A,0.013382911682128906,-2.740161136
L451T,-0.8345460891723633,-3.4506196160000004
L451W,-2.4265761375427246,-2.310829163
L451V,-0.6493387222290039,-2.866953143
L451Y,-0.8351321220397949,-2.443703418
L451R,-0.907585620880127,-1.621364295
L451Q,-1.168586015701294,-3.217732199
L451P,-1.6294398307800293,-3.599669928
L451M,-1.4123759269714355,-2.446412055
L451K,0.2680165767669678,-3.335052371
L451N,-0.37921571731567383,-1.812042716
L451C,-1.7277092933654785,-3.404114344
L451A,-0.7815978527069092,-4.047228515
L451I,-0.24273371696472168,-3.083299014
L451D,-0.9783332347869873,-3.439177539
L451E,-0.9160432815551758,-2.878812139
L451S,-0.5146596431732178,-2.524115873
L451G,-0.7430527210235596,-3.278725939
L451H,-2.0329833030700684,-3.1030220410000005
L451F,-0.8722169399261475,-2.742342474
D452V,-0.19516634941101074,-2.138835731
D452N,0.5044958591461182,-1.760150239
D452T,0.05374002456665039,-2.051165312
D452S,0.5255231857299805,-0.6906095609999999
D452R,0.13501906394958496,-2.944269381
D452Q,-0.07899880409240723,-2.428058126
D452P,-0.8761610984802246,-2.888299164
D452W,-2.0741961002349854,-2.451681906
D452L,0.6096785068511963,-3.518894947
D452K,1.0139214992523193,-2.424555417
D452I,0.02953314781188965,-1.7160876719999998
D452H,-0.7962837219238281,-2.386607235
D452G,-0.1209719181060791,-2.458663015
D452F,-0.4089322090148926,-2.289005249
D452E,0.35162925720214844,-2.280069724
D452A,0.2042086124420166,-1.617311718
D452Y,-0.03255772590637207,-2.173981819
D452M,-0.9206387996673584,-2.305333376
D452C,-1.1550953388214111,-3.088845254
F453Y,0.09980607032775879,-2.026189052
F453E,1.7243410348892212,-2.643092305
F453G,0.46863460540771484,-1.971476574
F453H,-0.3857131004333496,-2.878802327
F453I,0.7178311347961426,-2.194968493
F453K,1.6614022254943848,-3.135970632
F453L,0.8365697860717773,-1.496423101
F453M,-0.3505392074584961,-1.971736969
F453N,1.3027310371398926,-3.0692087960000003
F453P,-0.3239021301269531,-2.6243658080000003
F453Q,0.8061907291412354,-2.504195058
F453R,0.5769760608673096,-3.566380816
F453S,1.0889837741851807,-2.342634767
F453T,0.7278921604156494,-2.869274898
F453V,0.40729808807373047,-2.9314515180000003
F453A,0.5421233177185059,-3.646575506
F453W,-1.2852778434753418,-1.386158758
F453C,-0.620793342590332,-2.540860194
F453D,1.2304272651672363,-2.793508154
H454C,0.33797717094421387,-3.14096907
H454F,1.023223638534546,-2.672514778
H454G,0.9474573135375977,-3.07722055
H454I,1.6619009971618652,-2.777191035
H454K,1.9946682453155518,-2.571963089
H454M,0.6234512329101562,-2.443565597
H454N,1.7919883728027344,-3.016582135
H454E,1.486830472946167,-2.779327999
H454P,-0.043557167053222656,-3.329714817
H454R,0.8805975914001465,-3.128193839
H454S,1.8251380920410156,-3.1772126860000003
H454T,1.4184694290161133,-0.8959420220000001
H454V,1.3448114395141602,-3.316958215
H454W,-0.7999520301818848,-2.96093183
H454Y,1.2636876106262207,-2.688477159
H454A,1.3393096923828125,-3.392439018
H454Q,0.8977599143981934,-2.552423666
H454D,1.5454652309417725,-2.841898647
H454L,1.9222195148468018,-2.970885037
D455Y,0.9747738838195801,-1.767282499
D455A,0.5587553977966309,-1.5741412030000002
D455E,0.5852818489074707,-0.27732427
D455F,0.5657296180725098,-2.708877171
D455G,0.016881704330444336,-2.233332108
D455H,-0.4381723403930664,-1.920758609
D455I,1.5545766353607178,-2.411701377
D455K,1.4599380493164062,-2.304477552
D455L,1.9921880960464478,-1.335621468
D455C,-0.21820497512817383,-3.120530587
D455N,1.1522178649902344,-1.693135715
D455P,-1.02726411819458,-2.864609202
D455Q,0.28357410430908203,-2.1786473440000003
D455R,0.6961007118225098,-2.31817231
D455S,0.7368874549865723,-1.249268752
D455T,0.4085988998413086,-1.902469582
D455V,1.140822410583496,-1.914261952
D455W,-1.0669775009155273,-2.170867776
D455M,0.21086454391479492,-1.542299731
L456S,0.7527506351470947,-1.061064146
L456R,0.06088852882385254,-0.396728077
L456Q,0.47349119186401367,-0.966548923
L456P,-0.6437010765075684,-2.680132947
L456N,0.9138233661651611,-0.620212585
L456M,-1.077439308166504,-0.376912406
L456K,1.505216360092163,-0.808478664
L456E,1.3306245803833008,-1.170123653
L456H,-1.1305713653564453,-0.163138304
L456G,-0.062132835388183594,-0.5530893
L456F,-0.8688874244689941,-0.16210262
L456D,0.6721920967102051,-0.876650452
L456C,-1.6540884971618652,-2.458762027
L456A,0.16810369491577148,-1.076442254
L456T,0.27761173248291016,-0.236356629
L456I,-0.06342720985412598,-0.707130831
L456V,-0.14159154891967773,-1.087757953
L456Y,-0.6126987934112549,-1.10402262
L456W,-2.154470920562744,-1.784803752
N457C,-1.9128987789154053,-3.396565888
N457Y,-0.714984655380249,-3.269245205
N457W,-2.7865664958953857,-3.220048124
N457V,-0.7236588001251221,-3.2629879
N457T,-0.4146242141723633,-2.270233541
N457S,-0.09125185012817383,-2.654338654
N457R,-0.3997213840484619,-3.854185464
N457Q,-0.37055230140686035,-0.8650913920000001
N457P,-1.863335371017456,-3.830551139
N457A,-0.5972292423248291,-2.252927541
N457L,-0.5566573143005371,-2.8750847810000004
N457K,0.6106607913970947,-1.894234782
N457I,-0.7060778141021729,-3.156398932
N457H,-1.359895944595337,-2.809658896
N457G,-1.1850531101226807,-3.4970835210000004
N457F,-1.1218185424804688,-3.2937551
N457E,0.3341963291168213,-3.139087017
N457D,-0.11350750923156738,-2.538206268
N457M,-1.4498064517974854,-1.565727396
V458D,-0.6260430812835693,-3.116359752
V458C,-1.0016531944274902,-2.7847160630000003
V458A,-0.1580650806427002,-2.424439446
V458Y,-0.16579031944274902,-3.19877153
V458W,-1.7094335556030273,-3.043688806
V458T,-0.38709306716918945,-2.837627557
V458R,-0.8240022659301758,-3.169253873
V458Q,-0.9954323768615723,-1.45137563
V458P,-1.5129284858703613,-2.905194499
V458N,-0.18504714965820312,-2.829244174
V458S,-0.20036554336547852,-2.733948785
V458L,0.6984093189239502,-0.708674354
V458K,-0.16776132583618164,-2.249686261
V458I,0.2835204601287842,-0.629747456
V458H,-1.60166597366333,-2.3934770380000003
V458G,-0.8067684173583984,-3.952126529
V458F,-0.3607454299926758,-3.1941626860000003
V458E,-0.6949324607849121,-2.373495412
V458M,-0.6197834014892578,-1.954857434
K459H,-2.643002510070801,-2.045443428
K459G,-1.7146308422088623,-2.414618921
K459F,-2.2382333278656006,-3.261755366
K459A,-1.4600927829742432,-2.444301082
K459D,-0.9180638790130615,-1.778713526
K459C,-3.0128188133239746,-2.926222319
K459I,-1.6253399848937988,-3.626498507
K459E,-0.7155065536499023,-2.002105504
K459L,-1.273256540298462,-2.598085619
K459S,-0.859123945236206,-3.417553674
K459N,-0.5993387699127197,-1.737522597
K459M,-2.3962035179138184,-1.802912202
K459W,-3.536653995513916,-2.185072694
K459V,-1.6303761005401611,-3.476230327
K459T,-1.2726943492889404,-2.344552885
K459Y,-2.0888538360595703,-2.471074821
K459R,-1.238844633102417,-1.004416095
K459Q,-1.1283199787139893,-2.011603174
K459P,-2.3755111694335938,-1.6939833619999998
N460Y,-1.6888456344604492,-2.391534227
N460W,-3.389652729034424,-2.1876988980000003
N460V,-1.387345790863037,-1.583046893
N460T,-0.6082115173339844,-0.402738307
N460S,-0.24487829208374023,-0.175916706
N460R,-1.1233177185058594,-1.425070984
N460Q,-0.8623852729797363,-0.082593316
N460P,-1.4256677627563477,-2.961931493
N460M,-2.085998058319092,-1.27360579
N460L,-1.1567916870117188,-2.649469938
N460K,0.19781124591827393,0.172893419
N460C,-2.401876449584961,-2.179124751
N460D,-0.10798215866088867,-1.3969773090000002
N460E,0.1096186637878418,-1.197243651
N460A,-0.914531946182251,-0.110018654
N460G,-0.9035234451293945,-1.547326524
N460H,-2.030022144317627,-1.246873726
N460I,-1.4833221435546875,-2.478407939
N460F,-2.1728343963623047,-2.788212674
L461N,0.09397578239440918,-2.717802005
L461V,-0.27991676330566406,-2.506811249
L461T,-0.2314586639404297,-3.1432823310000004
L461S,0.0250091552734375,-3.092492727
L461R,-0.2876710891723633,-3.166460155
L461Q,-0.22682404518127441,-2.173139743
L461P,-2.27541446685791,-2.364281107
L461M,-1.1951370239257812,-2.443305481
L461F,-0.6746280193328857,-2.251521379
L461I,-0.17915678024291992,-0.444327656
L461H,-1.2810039520263672,-2.656333127
L461G,-0.7789785861968994,-3.459938304
L461Y,-0.29622697830200195,-2.629494181
L461E,0.5424866676330566,-2.726932798
L461D,0.06213092803955078,-2.798361475
L461C,-1.3970379829406738,-2.9849077530000003
L461A,0.0527956485748291,-3.282138599
L461K,0.2738790512084961,-3.0100979160000003
L461W,-2.1117191314697266,-2.608820506
Y462F,-0.19086003303527832,-0.812916505
Y462E,-0.038913726806640625,-3.059057008
Y462W,-1.8089423179626465,-2.87674593
Y462V,0.22988033294677734,-3.5057115810000004
Y462T,-0.14871644973754883,-3.595175319
Y462S,0.20721006393432617,-3.689905334
Y462R,-0.23428726196289062,-2.703597261
Y462Q,-0.4871954917907715,-2.793948325
Y462P,-1.0376946926116943,-3.192849649
Y462N,0.03130674362182617,-2.988248465
Y462M,-0.7570888996124268,-2.704677392
Y462L,0.685213565826416,-3.236641992
Y462K,0.3921315670013428,-2.702859474
Y462I,0.44614577293395996,-1.957779749
Y462H,-1.307081699371338,-2.4356750380000003
Y462G,-0.8136091232299805,-3.391521923
Y462A,-0.16231393814086914,-3.311180854
Y462D,-0.5849757194519043,-2.5108687030000003
Y462C,-0.9305920600891113,-2.86820749
E463N,-0.08583211898803711,-0.526591826
E463K,-0.5786395072937012,-1.702938014
E463V,-1.7920832633972168,-1.932826819
E463T,-0.9169397354125977,-0.7518486
E463S,-0.38245534896850586,-0.835155619
E463R,-1.6253798007965088,-2.469205067
E463Q,-1.1442503929138184,-0.578047974
E463P,-1.7316198348999023,-3.34802356
E463M,-2.828645706176758,-0.8937757470000001
E463W,-3.7384824752807617,-1.7045498769999998
E463L,-1.2765660285949707,-2.491871719
E463I,-1.766899824142456,-2.025188427
E463H,-2.529611587524414,-1.833676344
E463G,-1.1222341060638428,-1.6241976969999998
E463F,-2.405780792236328,-1.534379845
E463D,0.1464860439300537,0.000964099
E463C,-3.0691146850585938,-2.846178144
E463A,-1.2696120738983154,-1.518325581
E463Y,-2.1134939193725586,-0.7086816140000001
K464A,-1.2584798336029053,-0.996099645
K464C,-2.5642759799957275,-3.04829506
K464W,-2.941533327102661,-2.3408654330000003
K464T,-0.7888188362121582,-1.617673679
K464S,-0.3890988826751709,-1.762750299
K464R,-1.1902406215667725,-1.0226834459999998
K464Q,-0.8521392345428467,-1.149178434
K464P,-2.8460099697113037,-2.702875994
K464N,-0.11906075477600098,-0.774304949
K464M,-2.090418577194214,-1.845732447
K464L,-1.3082420825958252,-2.594843041
K464I,-1.2653591632843018,-1.889430895
K464H,-2.0637261867523193,-2.107703174
K464G,-1.3937747478485107,-1.000311426
K464F,-1.8052096366882324,-1.973475468
K464E,-0.21352267265319824,-0.951158638
K464D,-0.4845921993255615,-2.0624552730000003
K464V,-1.5030994415283203,-2.626595881
K464Y,-1.4611551761627197,-2.2347334290000003
V465D,-1.390340805053711,-2.93364906
V465A,0.07136392593383789,-1.244316805
V465E,-0.8623476028442383,-2.496967362
V465Y,0.07461309432983398,-2.7852589560000003
V465W,-1.854250431060791,-2.711933306
V465T,-0.3836960792541504,-0.807662833
V465S,-0.37395548820495605,-2.187767163
V465R,-1.3767104148864746,-3.23838386
V465Q,-1.0294156074523926,-2.7174321010000004
V465P,-3.293178081512451,-2.818874434
V465N,-0.5029597282409668,-2.712569086
V465M,-0.7020559310913086,-2.093477923
V465L,0.5126007795333862,-1.866988371
V465K,-1.1193666458129883,-2.473795692
V465I,0.3707692623138428,-1.937333408
V465H,-1.7992496490478516,-2.600739567
V465G,-1.13224196434021,-3.354027657
V465F,-0.2838435173034668,-2.692992302
V465C,-1.046912670135498,-1.395550765
K466D,-0.9401097297668457,-2.524471063
K466M,-1.510439157485962,-2.071676594
K466P,-2.388373374938965,-2.681288141
K466W,-2.488807201385498,-2.020624641
K466C,-1.443058967590332,-1.765392234
K466V,-0.4927351474761963,-2.926074304
K466T,-0.6843905448913574,-2.2977101490000003
K466S,-0.2023937702178955,-2.254193233
K466R,-0.6238269805908203,-0.782678836
K466Q,-0.8426146507263184,-1.877237834
K466A,-0.6646606922149658,-1.088106062
K466N,-0.24147272109985352,-1.6963657019999998
K466L,-0.1484675407409668,-2.681230262
K466I,-0.17842817306518555,-2.760084296
K466H,-1.7056159973144531,-1.550988051
K466G,-1.1065335273742676,-1.221228086
K466F,-0.8035974502563477,-2.021875071
K466E,-0.4364335536956787,-2.108603482
K466Y,-0.5008535385131836,-2.271105321
S467R,-1.4909770488739014,0.057271795
S467Y,-1.545607089996338,-1.950385063
S467A,-0.8994715213775635,0.160532611
S467Q,-0.6876375675201416,-1.000510594
S467P,-1.59421706199646,-2.545684977
S467N,0.27193236351013184,-0.574998518
S467M,-2.31888747215271,-1.435304181
S467L,-0.90708327293396,-1.2132225209999998
S467K,-0.23668670654296875,-0.198666842
S467T,-0.28276753425598145,0.030809414
S467I,-1.000490665435791,-1.032848123
S467G,-0.9804990291595459,-0.1763255769999999
S467F,-1.9101622104644775,-2.7611747760000003
S467E,0.4424593448638916,-0.5904149129999999
S467D,0.33845996856689453,-0.910949066
S467C,-2.3506152629852295,-1.153166141
S467W,-3.1477859020233154,-1.42390417
S467H,-2.2409074306488037,-1.275412791
S467V,-1.1912245750427246,-0.033137238
Q468W,-1.2394771575927734,-2.584402995
Q468Y,0.3713374137878418,-2.343060757
Q468V,0.12381196022033691,-0.7288022009999999
Q468T,0.24459171295166016,-0.937651444
Q468S,0.7489509582519531,-0.14953586
Q468R,-0.20361876487731934,-0.256028706
Q468P,-1.5862536430358887,-3.2300720760000003
Q468N,0.5656716823577881,-1.112238991
Q468M,-0.656254768371582,0.247882024
Q468L,0.5574893951416016,0.10756385
Q468A,0.28610992431640625,-0.711666193
Q468I,0.318892240524292,-0.417153254
Q468H,-0.8864831924438477,-1.795226353
Q468G,0.04649162292480469,-2.19182072
Q468F,0.07085013389587402,-2.400527324
Q468E,1.0684943199157715,-1.5727519369999998
Q468D,0.7860369682312012,-2.200418532
Q468C,-0.5578956604003906,0.022266034
Q468K,0.5477099418640137,-1.4201626719999998
L469C,-1.690659523010254,-2.836453651
L469D,-2.9419212341308594,-2.990096793
L469E,-2.6168012619018555,-3.197515917
L469F,-0.8095295429229736,-2.609185126
L469G,-2.7589569091796875,-3.261912037
L469H,-3.2712435722351074,-2.509455066
L469I,-0.2438730001449585,-1.132428818
L469K,-2.7079262733459473,-3.3769222880000003
L469Q,-2.787585735321045,-2.699819044
L469N,-2.0880024433135986,-2.898033546
L469P,-4.153165340423584,-2.520756865
L469R,-2.964827060699463,-3.631270469
L469S,-1.9724674224853516,-2.451409632
L469T,-1.9707107543945312,-2.2427196190000003
L469V,-0.8334317207336426,-1.797699876
L469A,-1.2408335208892822,-3.604283221
L469Y,-0.9217557907104492,-3.188867538
L469M,-1.5419933795928955,-2.565395699
L469W,-2.5104212760925293,-2.571574072
K470W,-2.633399248123169,-0.580333227
K470V,-0.5157372951507568,-1.522281262
K470S,-0.05093526840209961,-1.106163029
K470R,-1.0024487972259521,-0.247080251
K470Q,-0.5448229312896729,-0.60885046
K470P,-1.5211527347564697,-2.642594326
K470N,0.0895378589630127,-0.066388475
K470M,-1.6347482204437256,-1.148748477
K470L,-0.16854023933410645,-1.159513363
K470I,-0.26160311698913574,-1.118004837
K470H,-1.9203150272369385,-1.355289239
K470G,-0.6886022090911865,-0.579617376
K470F,-1.2283835411071777,-0.752560695
K470E,0.6772575378417969,-1.5807910580000002
K470D,0.18816161155700684,-0.956380965
K470C,-2.101477861404419,-2.09814335
K470A,-0.6623637676239014,-0.7142097540000001
K470T,-0.49936389923095703,-0.773829628
K470Y,-0.8195579051971436,-1.63457342
N471A,-0.7358253002166748,-1.207544526
N471F,-1.8759453296661377,-1.862099349
N471Y,-1.6580326557159424,-1.277227788
N471W,-3.296488046646118,-0.780526115
N471V,-1.0564191341400146,-1.357267711
N471T,-0.5497536659240723,-0.439334746
N471S,-0.11150884628295898,-1.021738211
N471R,-1.2084581851959229,-1.863808139
N471E,0.5972237586975098,-1.157326592
N471Q,-0.5918567180633545,-0.239852871
N471M,-2.0759313106536865,-1.39670402
N471L,-0.8602814674377441,-1.430875104
N471K,0.18294119834899902,-1.914643883
N471I,-0.920447587966919,-2.7502042660000003
N471H,-2.38468861579895,-2.366400867
N471G,-0.8883786201477051,-1.213013887
N471P,-1.6422958374023438,-3.213211561
N471D,0.2053511142730713,-1.272378426
N471C,-2.2203056812286377,-2.376388275
N472A,0.2195286750793457,-2.305779074
N472Y,0.10355615615844727,-2.9645594460000004
N472W,-1.6959664821624756,-3.012433749
N472V,0.017151832580566406,-3.058948258
N472T,-0.032797813415527344,-2.016781156
N472S,0.15082097053527832,-2.092614679
N472R,-0.48980259895324707,-4.1910032280000005
N472P,-1.5003173351287842,-3.5369233280000003
N472M,-0.6603579521179199,-2.709476266
N472Q,-0.4126408100128174,-3.19160537
N472K,0.20816469192504883,-1.8350226000000005
N472I,0.29807543754577637,-3.128607625
N472H,-1.2834107875823975,-2.25991828
N472G,-0.5191426277160645,-3.010051621
N472F,-0.2351367473602295,-3.451811208
N472E,0.04299426078796387,-3.410444178
N472D,-0.35605621337890625,-2.629098812
N472L,0.42751026153564453,-4.295570742
N472C,-0.8199665546417236,-1.580368541
A473C,-0.3451969623565674,-2.9576151260000003
A473E,-0.2618863582611084,-2.832598817
A473F,-0.33750033378601074,-1.029226693
A473Y,-0.17957305908203125,-1.125560414
A473D,-0.6560266017913818,-2.680710243
A473W,-1.5871055126190186,-3.167325566
A473V,-0.13182854652404785,-1.274752424
A473T,-0.6659352779388428,-2.635663169
A473S,-0.16733217239379883,-2.795395531
A473R,-0.8766763210296631,-3.126219305
A473Q,-0.760087251663208,-3.2082916860000004
A473P,-0.9794061183929443,-3.552632995
A473N,-0.4477851390838623,-3.3395725830000003
A473M,-0.9719250202178955,-2.424053717
A473L,0.41092729568481445,-3.461644198
A473K,-0.28441429138183594,-3.035304552
A473I,0.11665129661560059,-3.245127767
A473H,-1.9069039821624756,-3.095804177
A473G,-0.12460684776306152,-1.383451486
K474M,-2.2046942710876465,0.8960307059999999
K474N,-0.3384842872619629,0.428323431
K474W,-3.338158130645752,-0.7859908390000001
K474T,-0.6711525917053223,-2.162934322
K474S,-0.43724560737609863,-3.265759687
K474Y,-1.3700470924377441,0.272393938
K474R,-1.442751407623291,-0.0668688509999999
K474Q,-1.1292145252227783,0.181516377
K474A,-1.1721410751342773,0.226797081
K474C,-2.474759578704834,-1.657207514
K474D,-0.46062326431274414,-1.393417691
K474E,-0.3702881336212158,0.7904175929999999
K474F,-1.6049981117248535,-0.151974393
K474P,-1.554077386856079,-2.206582545
K474H,-2.4004244804382324,-0.344502726
K474I,-0.8324577808380127,-0.6777785159999999
K474L,-0.982396125793457,0.221080465
K474V,-0.9923548698425293,-0.7209232240000001
K474G,-1.259568691253662,-0.959670968
E475G,-0.9671320915222168,-2.9407959010000004
E475C,-1.3654818534851074,-3.168525197
E475H,-2.181899309158325,-3.131390364
E475I,-0.5959963798522949,-1.149461453
E475K,0.04728412628173828,-2.169413819
E475L,-0.4822351932525635,-2.385139137
E475M,-1.7155020236968994,-2.717999474
E475N,-0.10408544540405273,-1.4067303619999998
E475D,-0.20667028427124023,-1.4293063999999998
E475P,-1.7490513324737549,-1.426297278
E475R,-1.1129496097564697,-3.299270716
E475S,-0.22361183166503906,-2.108355251
E475T,-0.5294287204742432,-2.180448397
E475V,-0.6808040142059326,-1.051363504
E475W,-2.375136613845825,-2.893369499
E475Y,-0.9520089626312256,-3.420624178
E475Q,-0.8797256946563721,-1.83221751
E475F,-1.2444744110107422,-3.0278169860000004
E475A,-0.6864523887634277,-1.858132713
I476E,-0.8687310218811035,-1.606204226
I476A,-0.5786116123199463,-1.129950056
I476C,-0.9034292697906494,-1.060772543
I476D,-1.1216371059417725,-1.237689878
I476F,-0.3279907703399658,-1.531642734
I476G,-1.137110948562622,-1.88361122
I476H,-1.9912011623382568,-0.7314952990000001
I476K,-0.4767158031463623,-0.333916769
I476L,0.265819787979126,0.006491517
I476N,-0.5220849514007568,-1.029706184
I476P,-2.177076578140259,-2.265741424
I476M,-0.9779589176177979,0.092612039
I476R,-1.4411437511444092,-0.8839475179999999
I476S,-0.6994516849517822,-0.093860838
I476T,-0.8331563472747803,-0.228370283
I476V,-0.5460963249206543,0.224604835
I476W,-1.7899162769317627,-1.135545826
I476Y,-0.2680177688598633,-1.14846967
I476Q,-1.3966293334960938,-0.556798074
G477C,-0.055497169494628906,-2.325003407
G477I,0.6603450775146484,-3.847152623
G477D,0.38249731063842773,-2.486324044
G477A,0.5713582038879395,-2.863247807
G477V,0.5119671821594238,-2.922797205
G477E,1.3460431098937988,-2.241871167
G477F,0.11490821838378906,-1.588042234
G477H,-0.770474910736084,-1.938231046
G477K,1.351775884628296,-2.113158612
G477W,-1.2328085899353027,-2.50277564
G477M,-0.5594525337219238,-2.294280477
G477N,0.4917149543762207,-1.864961705
G477P,-0.6157870292663574,-2.73939619
G477Q,0.49640750885009766,-2.071830982
G477Y,0.5008668899536133,-1.567320554
G477R,0.4671640396118164,-1.837951882
G477S,0.718040943145752,-2.045151031
G477T,0.13788843154907227,-1.986300689
G477L,0.832155704498291,-2.026261805
N478A,-1.0797882080078125,-1.918729514
N478D,-0.0925760269165039,-1.91841822
N478G,-0.8672831058502197,-2.355954125
N478Y,-1.2661173343658447,-1.359181793
N478C,-2.1991488933563232,-3.001165588
N478W,-2.896749258041382,-2.55180304
N478V,-1.1996629238128662,-3.064459074
N478T,-0.7906012535095215,-1.853995686
N478S,-0.30284547805786133,-2.601519403
N478R,-0.9666364192962646,-1.721313051
N478Q,-0.7774815559387207,-1.977765516
N478P,-1.8771378993988037,-3.438482354
N478M,-1.8391997814178467,-2.026593337
N478L,-0.9128115177154541,-2.0216661730000003
N478K,0.34891486167907715,-1.715015426
N478I,-1.021214246749878,-2.190263222
N478H,-2.1369216442108154,-0.958026195
N478F,-1.501213788986206,-2.681075127
N478E,0.07254815101623535,-2.911433285
G479T,0.4898808002471924,-3.109949681
G479W,-1.5129919052124023,-2.006599858
G479R,0.968665599822998,-1.172654246
G479Q,0.524040699005127,-1.7623024269999998
G479P,-1.1599349975585938,-3.608668074
G479N,1.1089303493499756,-2.250235041
G479V,0.12636017799377441,-3.4516536060000003
G479L,0.6813511848449707,-1.171138865
G479K,2.0816774368286133,-1.742364155
G479H,-0.5216245651245117,-2.214366699
G479F,-0.06166362762451172,-2.826538937
G479E,1.1207470893859863,-2.118432733
G479D,0.5849194526672363,-2.641070154
G479C,-0.8681755065917969,-2.224515272
G479A,0.5062623023986816,-3.387010522
G479I,0.5278265476226807,-1.825741092
G479S,1.0385715961456299,-3.4817958680000003
G479M,-0.5916218757629395,-1.953500892
G479Y,0.2851886749267578,-1.535825466
C480D,0.586268424987793,-3.404129762
C480Y,1.166802167892456,-2.387280268
C480W,-0.5325703620910645,-2.2100169380000003
C480V,1.3293120861053467,-2.3955031000000004
C480T,0.8369660377502441,-3.237244547
C480S,0.9438631534576416,-3.386365354
C480R,0.04709792137145996,-1.044922656
C480Q,0.029429912567138672,-3.219267705
C480P,-0.4204115867614746,-2.983699586
C480N,0.9410750865936279,-3.063979365
C480M,0.4706447124481201,-2.729038177
C480K,0.7464995384216309,-2.457877034
C480I,1.614150047302246,-3.362417698
C480H,-0.6018857955932617,-3.255595076
C480G,0.40350818634033203,-2.94414474
C480F,1.093470573425293,-1.731395785
C480E,0.5514702796936035,-3.389121008
C480A,0.8959496021270752,-3.5316608210000004
C480L,1.8164819478988647,-2.964093047
F481A,0.35164523124694824,-3.534049491
F481M,-0.4303622245788574,-2.037745933
F481Y,0.49791860580444336,-1.731669696
F481W,-1.0755534172058105,-3.163313821
F481V,0.32948970794677734,-0.705660651
F481T,0.6529502868652344,-2.847646534
F481S,1.095865249633789,-2.290044985
F481Q,0.6093745231628418,-3.006341509
F481P,0.03531360626220703,-2.9420062380000003
F481N,1.2670488357543945,-2.830536588
F481R,0.742811918258667,-1.787999185
F481K,1.7073286771774292,-2.921414061
F481I,0.539616584777832,-2.62306841
F481H,-0.47527551651000977,-2.343758142
F481G,0.6515188217163086,-2.770642855
F481E,1.236811637878418,-2.963108909
F481D,1.1047203540802002,-2.649888539
F481C,-0.7066445350646973,-2.102713592
F481L,0.6142587661743164,-0.8036062709999999
E482L,-0.934502363204956,-0.500763279
E482S,0.08654594421386719,-1.018776128
E482R,-1.1149775981903076,-1.142011455
E482Q,-0.9482412338256836,-1.275424991
E482P,-1.3287665843963623,-2.547570603
E482N,-0.0478668212890625,-0.583937536
E482M,-2.1172690391540527,-1.728718346
E482K,-0.06516838073730469,-0.433908108
E482W,-2.556976795196533,-1.330403013
E482H,-1.5560274124145508,-1.86080871
E482G,-0.5203907489776611,-0.976287099
E482F,-1.3580904006958008,-2.091788752
E482D,0.16492199897766113,0.595033304
E482C,-1.444930076599121,-2.811408394
E482A,-1.0291213989257812,-1.1540019259999998
E482T,-0.37966275215148926,-0.8495758379999999
E482Y,-0.7108278274536133,-1.355045011
E482I,-0.9552593231201172,-0.906466187
E482V,-0.8418397903442383,-1.042648751
F483C,-0.6470241546630859,-3.173400777
F483Y,0.059511661529541016,-1.79610626
F483A,0.22150278091430664,-3.89795049
F483W,-1.4859123229980469,-3.123484688
F483V,0.1525745391845703,-2.423986382
F483T,0.06925272941589355,-2.914386291
F483S,0.17818784713745117,-2.571248981
F483Q,-0.32053613662719727,-1.682541866
F483P,-0.9676513671875,-1.973457828
F483N,0.40587306022644043,-2.946378927
F483R,-0.419574499130249,-3.331660427
F483L,0.5115213394165039,-1.685196431
F483K,0.774085283279419,-1.86332307
F483I,0.3876471519470215,-2.93711326
F483H,-1.1365766525268555,-1.6713353640000002
F483G,0.29174137115478516,-3.135025682
F483E,0.47240519523620605,-2.784752024
F483D,0.29758310317993164,-2.471679
F483M,-0.7854225635528564,-2.6186774390000003
Y484L,0.7694423198699951,-0.204463377
Y484S,0.18127942085266113,-3.219848789
Y484R,-0.8435847759246826,-0.879765907
Y484Q,-0.6607704162597656,-2.17946611
Y484P,-1.0976767539978027,-2.86597138
Y484N,-0.17294836044311523,-1.546181208
Y484M,-0.6249117851257324,-0.669828269
Y484K,0.07341766357421875,-2.684743907
Y484V,0.04554414749145508,-3.160353525
Y484H,-1.47705078125,-0.6977824709999999
Y484G,0.06075596809387207,-2.908743283
Y484F,0.037032365798950195,-1.001839335
Y484E,-0.3493795394897461,-2.49394544
Y484D,-0.37346506118774414,-2.330192449
Y484W,-1.2665038108825684,-1.047763029
Y484A,0.042746543884277344,-2.231471952
Y484I,0.379544734954834,-2.492607672
Y484T,-0.17043590545654297,-2.434536214
Y484C,0.2479848861694336,-1.815366426
H485I,0.8278336524963379,-3.21430043
H485E,1.8758735656738281,-2.1123612830000003
H485F,0.48026275634765625,-2.988805715
H485G,1.3573188781738281,-3.324749142
H485Y,0.8398971557617188,-1.119770822
H485W,-0.8996577262878418,-3.2717036630000003
H485V,0.9031591415405273,-1.914740439
H485T,1.1696691513061523,-2.274050737
H485K,2.488391876220703,-2.207438973
H485S,1.6156165599822998,-3.202246429
H485Q,1.3755826950073242,-2.340292289
H485P,0.45152902603149414,-2.352471655
H485N,1.894273281097412,-2.6014388530000003
H485M,0.05073976516723633,-2.901992388
H485L,1.077061414718628,-2.561974515
H485C,0.0669717788696289,-2.143604442
H485A,0.7804031372070312,-2.540692776
H485R,1.3228201866149902,-2.0116589030000003
H485D,1.6217665672302246,-2.590483955
K486A,-1.2227942943572998,-0.456769704
K486G,-0.871802806854248,-0.912756464
K486H,-1.9234075546264648,-1.155720841
K486I,-1.0287201404571533,0.053926195
K486L,-0.9215295314788818,-0.458399864
K486N,-0.41301846504211426,-2.087655021
K486P,-1.6538374423980713,-1.603411317
K486Q,-1.1368253231048584,-0.242833504
K486R,-1.1244676113128662,-0.49843503
K486S,-0.5611958503723145,-0.387394633
K486T,-0.9428544044494629,-1.121623995
K486V,-1.2345426082611084,-0.6967384870000001
K486W,-2.4916889667510986,-2.7818418910000005
K486Y,-0.9049808979034424,-0.80219374
K486F,-1.261997938156128,-1.5110999530000002
K486E,-0.6841259002685547,-0.979047744
K486M,-2.055910348892212,-1.200834752
K486D,-0.6600673198699951,-0.69715269
K486C,-1.8507592678070068,-1.755005673
C487A,0.41036295890808105,-3.130524107
C487Y,0.9047517776489258,-2.782904631
C487W,-0.717430591583252,-2.628078321
C487V,0.8715722560882568,-3.982311277
C487T,0.6802783012390137,-1.986642339
C487S,0.7981667518615723,-2.283271022
C487R,-0.1225733757019043,-2.256381072
C487Q,-0.41124963760375977,-3.02926823
C487N,0.9129190444946289,-2.9957133110000003
C487M,0.2316429615020752,-3.098004348
C487P,-0.5624356269836426,-3.631112321
C487K,0.6596660614013672,-3.318943703
C487D,0.6150031089782715,-3.000278825
C487I,1.215973138809204,-3.482383228
C487H,-0.8126602172851562,-3.251192402
C487G,0.540287971496582,-2.991881897
C487F,0.8892803192138672,-2.954398593
C487E,0.2589573860168457,-2.353977862
C487L,1.6733882427215576,-3.123748199
D488K,1.4270427227020264,-2.724548389
D488I,2.0095596313476562,-3.037299247
D488H,-0.23896408081054688,-1.959079897
D488E,0.7441203594207764,-2.342607797
D488F,1.4475674629211426,-3.2271139630000003
D488C,0.39122867584228516,-2.182340293
D488L,2.210264205932617,-2.725805179
D488G,0.4306755065917969,-2.159972752
D488M,1.1338343620300293,-2.638774589
D488R,0.900054931640625,-0.942650473
D488P,-0.531402587890625,-0.955353046
D488N,0.6714091300964355,-0.364779297
D488Y,1.5750012397766113,-1.340022714
D488W,0.14854860305786133,-2.693259239
D488A,1.0995895862579346,-1.96724632
D488T,0.7031638622283936,-1.7860597319999998
D488S,0.9093058109283447,-0.514136306
D488Q,0.6023573875427246,-2.52674841
D488V,1.7541062831878662,-3.299562775
N489F,-1.2749524116516113,-2.760239738
N489G,-0.23554182052612305,-3.439275678
N489H,-1.9508605003356934,-2.511331232
N489I,-0.7001886367797852,-2.86138208
N489K,0.6582704782485962,-2.77048083
N489L,-0.5925498008728027,-3.598175439
N489M,-1.2752065658569336,-2.723909431
N489Q,-0.4695746898651123,-1.538623068
N489R,-0.6289870738983154,-3.750240989
N489T,-0.5284578800201416,-1.3485573830000002
N489V,-0.717707633972168,-2.250634251
N489W,-2.6829376220703125,-2.490778743
N489E,0.3851032257080078,-3.366440883
N489Y,-1.0429859161376953,-2.882487019
N489P,-0.5803296566009521,-2.438596902
N489S,-0.019852638244628906,-2.815897918
N489A,-0.4402153491973877,-2.980812844
N489D,0.11788606643676758,-1.866259455
N489C,-1.9098644256591797,-2.72393306
E490D,-0.14967989921569824,-0.059601447
E490F,-0.7104775905609131,-1.3717904930000002
E490G,-0.6655008792877197,-0.3928683670000001
E490H,-1.7115142345428467,0.006310951
E490I,-0.32055211067199707,-0.151748329
E490K,-0.11233258247375488,-1.277236757
E490L,-0.21442198753356934,-0.355117626
E490M,-1.2999627590179443,-0.186364797
E490N,-0.24081730842590332,0.666703129
E490P,-1.5252137184143066,-0.535302654
E490Q,-0.915515661239624,-1.056195407
E490R,-1.13566255569458,-0.284132598
E490S,-0.1750657558441162,-0.413215236
E490T,-0.6142323017120361,-0.21662587
E490W,-2.1786248683929443,-0.30267603
E490Y,-0.6035125255584717,-1.305347038
E490C,-1.6714351177215576,-1.4629607430000002
E490A,-0.5765528678894043,0.192886657
E490V,-0.5208544731140137,-0.6935999079999999
C491D,0.1917285919189453,-2.883500745
C491E,0.35391807556152344,-2.720505691
C491Y,1.0142500400543213,-2.301464034
C491W,-0.14700675010681152,-2.031279689
C491A,0.7628347873687744,-3.195589665
C491V,1.4113757610321045,-3.265008163
C491S,0.323483943939209,-2.876849907
C491R,-0.025769948959350586,-3.321079382
C491Q,-0.27201247215270996,-2.722146367
C491T,0.4341146945953369,-2.542722668
C491N,0.39399266242980957,-2.724757693
C491M,0.4357917308807373,-0.856138363
C491L,1.8562589883804321,-2.642840117
C491K,0.6472022533416748,-2.76863572
C491I,1.7005645036697388,-2.55100087
C491H,-0.968364953994751,-2.68647651
C491G,0.04071307182312012,-2.8990046360000004
C491P,-0.8316099643707275,-2.9424576210000004
C491F,1.2440547943115234,-2.320005704
M492G,0.04858112335205078,-3.4075222660000004
M492F,0.48690104484558105,-3.147711543
M492E,0.6264445781707764,-2.829482258
M492A,0.3614671230316162,-3.494783107
M492C,-0.020531177520751953,-3.37739122
M492H,-0.876699686050415,-2.248278311
M492D,0.0007958412170410156,-3.181677809
M492I,1.1876883506774902,-1.324186024
M492Q,0.3232395648956299,-1.00526404
M492L,1.2717616558074951,-2.198547295
M492K,1.5145349502563477,-2.401110511
M492V,0.8821885585784912,-1.960038553
M492T,0.23952388763427734,-2.017704396
M492S,0.5370094776153564,-3.122814972
M492Y,0.5821366310119629,-3.232364695
M492P,-0.3393714427947998,-3.1338837139999995
M492N,0.5308413505554199,-2.80005556
M492R,0.6364688873291016,-3.75219791
M492W,-0.6662962436676025,-3.233262955
E493N,-0.1013033390045166,-0.641930708
E493Y,-0.9322168827056885,-1.154588739
E493W,-2.76605486869812,-0.889034778
E493V,-0.571575403213501,-1.739426869
E493T,-0.5960094928741455,-1.447135149
E493S,-0.29541873931884766,-0.446014304
E493R,-1.0496363639831543,-1.024455184
E493Q,-0.7471091747283936,-0.99560693
E493P,-1.6417217254638672,-2.713156144
E493L,-0.548600435256958,-1.978747154
E493K,0.04416990280151367,-1.225368642
E493I,-0.5623781681060791,-1.808189185
E493H,-1.97641921043396,-0.254136323
E493G,-0.865980863571167,0.272338134
E493F,-1.2053208351135254,-1.784407014
E493D,-0.05059480667114258,-0.147038216
E493C,-1.2700841426849365,-1.918580179
E493A,-0.7452499866485596,0.022146712
E493M,-1.638615369796753,-0.764311594
S494E,-0.1545405387878418,-0.477918009
S494F,0.2018594741821289,-1.878696869
S494G,-0.5193221569061279,-2.000642635
S494H,-1.181699275970459,-0.7958283190000001
S494I,0.5630757808685303,-2.11699893
S494K,0.9477019309997559,-0.861069011
S494L,0.899810791015625,-2.211924069
S494Q,-0.4635505676269531,-0.96008769
S494N,0.10233807563781738,-0.588336357
S494P,-1.622847080230713,-2.8846562330000003
S494A,0.1696641445159912,-0.437868972
S494R,0.016258955001831055,-0.8223000079999999
S494T,-0.09551620483398438,-0.227073139
S494V,0.1326291561126709,-3.066566394
S494W,-0.8958492279052734,-2.590844045
S494M,-0.07748603820800781,-0.78038301
S494D,-0.5823218822479248,-1.837786258
S494Y,0.2994980812072754,-2.777064809
S494C,0.12688660621643066,-1.898760289
V495C,0.14968252182006836,-2.803954109
V495T,-1.065746545791626,-2.842150882
V495S,-0.8091068267822266,-1.666926722
V495R,-1.232856035232544,-2.0602959430000003
V495Q,-1.508676528930664,-2.918763304
V495P,-1.9673047065734863,-2.187101372
V495N,-0.9052591323852539,-2.997822313
V495M,-0.4736623764038086,-2.642296385
V495L,1.0585873126983643,-2.552809521
V495K,-0.6206145286560059,-3.077480638
V495I,0.7351435422897339,-1.220866675
V495H,-2.0136733055114746,-2.758555281
V495G,-1.1335387229919434,-1.694150262
V495F,0.40912628173828125,-3.0302984910000004
V495D,-1.2871496677398682,-3.134630533
V495A,-0.8291475772857666,-2.300188738
V495E,-1.0392184257507324,-2.771445642
V495Y,0.3249213695526123,-2.487810509
V495W,-0.9032976627349854,-2.9209124510000004
R496N,0.3374035358428955,-2.7188108410000003
R496F,-0.015480995178222656,-2.382673445
R496G,-0.16864490509033203,-2.996317675
R496H,-1.2579774856567383,-2.999242302
R496I,0.3877677917480469,-2.31365673
R496K,1.1501877307891846,0.015821684
R496L,0.6826157569885254,-3.2858457530000003
R496A,-0.0991668701171875,-2.59102525
R496P,-0.8396220207214355,-2.928800834
R496Q,-0.09113025665283203,-2.056843344
R496S,0.2617216110229492,-2.628849332
R496T,-0.1619129180908203,-2.658528232
R496V,0.15527057647705078,-1.842267632
R496W,-1.2022042274475098,-2.932442365
R496Y,0.1731572151184082,-2.539828071
R496E,0.5835781097412109,-1.296876312
R496D,-0.18458080291748047,-2.488406137
R496M,-0.38234615325927734,-1.804148227
R496C,-0.12122154235839844,-2.032232175
N497A,-1.0880939960479736,0.215833093
N497E,-0.6479120254516602,0.417370633
N497F,-1.4053361415863037,-0.144747873
N497C,-1.716195821762085,-0.7812607570000001
N497G,-0.9661967754364014,0.3799280270000001
N497H,-2.176679849624634,-0.121442483
N497I,-1.242384910583496,0.909758504
N497K,-0.16647696495056152,0.363397751
N497L,-1.0623431205749512,0.121022045
N497D,-0.38563036918640137,-0.861607674
N497P,-1.8877861499786377,-3.924626696
N497M,-2.0928995609283447,0.951186984
N497Y,-1.1901195049285889,-0.851539865
N497V,-1.4694161415100098,0.14687274
N497W,-2.6646225452423096,-1.820921764
N497S,-0.39244675636291504,0.732907207
N497R,-1.1464951038360596,-0.200501389
N497Q,-1.177673578262329,0.85607566
N497T,-0.8889827728271484,0.202972864
G498V,0.18089509010314941,-2.642125553
G498T,-0.29735541343688965,-1.895756219
G498N,-0.13414835929870605,-1.551575146
G498S,0.0780324935913086,-1.296264013
G498R,-0.690483570098877,-1.778273103
G498Q,-0.8189146518707275,-1.751508411
G498P,-1.3545637130737305,-3.171168764
G498M,-0.0877232551574707,-1.520015898
G498H,-1.2962441444396973,-1.561111189
G498K,0.0671849250793457,-2.173051605
G498I,0.7837309837341309,-2.053767447
G498F,0.4572482109069824,-2.517163618
G498E,-0.511693000793457,-1.446115283
G498D,-0.7776832580566406,-1.836368208
G498A,0.025314807891845703,-1.191163714
G498W,-0.96014404296875,-1.982693774
G498L,1.1418390274047852,-2.273249915
G498C,0.2060549259185791,-3.0630467080000003
G498Y,0.3005986213684082,-1.625397479
T499Y,0.5938725471496582,-0.273691385
T499A,-0.24359798431396484,-0.700003679
T499D,-0.15508699417114258,0.324447045
T499E,0.07715606689453125,0.265035565
T499F,0.5498647689819336,-0.316271779
T499G,-0.04977869987487793,-0.457400752
T499H,-1.1995553970336914,-1.028641003
T499I,0.8902583122253418,0.8480549140000001
T499K,0.5721220970153809,-0.014838663
T499C,0.054958343505859375,-0.192807656
T499M,-0.3509032726287842,0.969233661
T499N,0.19808459281921387,-1.173554671
T499P,-0.9875435829162598,-2.39405111
T499Q,-0.48892736434936523,0.865398381
T499R,-0.34329771995544434,-0.501386197
T499S,0.2867915630340576,0.623422174
T499W,-0.9010562896728516,-1.286687933
T499V,0.40618205070495605,0.753785653
T499L,1.039703369140625,0.5697474
Y500A,-0.35372066497802734,-3.403101088
Y500W,-1.518578290939331,-1.726328429
Y500C,-0.5266120433807373,-2.125214794
Y500D,-0.14346647262573242,-2.905983704
Y500E,0.1493377685546875,-2.649425051
Y500F,-0.06910824775695801,-2.448129936
Y500G,-0.2652137279510498,-3.5959279810000004
Y500L,0.32772111892700195,-1.816245328
Y500I,0.3867990970611572,-3.187870409
Y500K,0.5707013607025146,-2.941678057
Y500M,-0.6736500263214111,-2.13553312
Y500N,-0.05506253242492676,-2.7424848180000003
Y500P,-0.6405131816864014,-2.359847901
Y500Q,-0.6057255268096924,-2.435972089
Y500S,0.26375579833984375,-2.368035042
Y500T,-0.05027890205383301,-2.995081049
Y500H,-1.415118932723999,-2.251090273
Y500R,-0.5958595275878906,-3.628992283
Y500V,0.09885621070861816,-3.530221678
D501W,-1.558591604232788,-0.6925749459999999
D501E,-0.008536577224731445,-0.949902411
D501C,-0.36200809478759766,-1.560220555
D501A,-0.4322843551635742,-0.482218323
D501F,-0.002382040023803711,-1.65697457
D501G,-0.4198884963989258,-2.191940867
D501H,-1.0569071769714355,-0.217945541
D501I,0.2792994976043701,-1.04603077
D501K,0.114654541015625,-0.090764172
D501Y,0.4352736473083496,-0.664550765
D501M,-1.1199371814727783,0.082281305
D501L,0.3760499954223633,-0.628388965
D501S,0.2476043701171875,0.435930495
D501V,0.16385817527770996,-0.977059007
D501T,0.16072678565979004,-1.15913495
D501Q,-0.44939255714416504,-1.097020344
D501P,-0.712592363357544,-1.41366321
D501N,0.1249692440032959,0.149137183
D501R,-0.4486706256866455,-0.933789853
Y502W,-1.5276141166687012,-0.911642664
Y502P,-1.1128487586975098,-1.242863034
Y502V,0.08442020416259766,-1.382050165
Y502T,-0.3976871967315674,-1.330561604
Y502S,-0.16109108924865723,-1.473804309
Y502R,-1.1393013000488281,-1.83722656
Y502Q,-1.1617426872253418,-1.346463863
Y502N,-0.07004261016845703,-1.467588885
Y502I,0.5944292545318604,-2.250426951
Y502L,0.6985430717468262,-1.037175386
Y502K,-0.2495102882385254,-2.487398294
Y502H,-1.7159748077392578,-0.29032454
Y502G,-0.7071423530578613,-0.720900194
Y502F,0.06360626220703125,-1.4536875580000002
Y502E,-0.638209342956543,-1.621201591
Y502C,-0.14412450790405273,-1.542765554
Y502A,-0.5148522853851318,-0.570113097
Y502M,-0.7874953746795654,-2.039728
Y502D,-0.44422388076782227,-1.995830907
P503E,1.667696475982666,-0.5480632529999999
P503N,1.4940292835235596,-1.088362396
P503Y,1.2865233421325684,-1.422075117
P503W,-0.1306600570678711,-1.445631722
P503V,1.3336832523345947,-0.750011022
P503T,1.2002983093261719,-0.861453542
P503S,1.6990203857421875,-1.058106468
P503R,0.9838500022888184,-0.49710787
P503Q,1.1179308891296387,-1.884731922
P503C,1.235353946685791,0.115101345
P503A,1.2376430034637451,-0.8886174640000001
P503L,1.9658441543579102,-0.59148797
P503D,1.320246696472168,-1.025391372
P503K,2.0713047981262207,-0.595838264
P503I,1.6090657711029053,-0.144872004
P503H,-0.19905424118041992,-0.690925777
P503G,1.1663181781768799,-0.970015432
P503F,1.1011183261871338,-0.51188381
P503M,0.5692760944366455,-0.168651948
K504Y,-0.24660181999206543,-0.377228216
K504W,-1.8223483562469482,-1.49547599
K504C,-0.7021028995513916,-2.07641324
K504A,-0.6279115676879883,-0.918810598
K504V,-0.1161813735961914,-1.116845346
K504T,-0.3356468677520752,-1.2005801109999998
K504S,-0.051801443099975586,-0.63122464
K504R,-0.9456198215484619,0.297000347
K504Q,-0.9232368469238281,-1.078418564
K504N,-0.24135756492614746,-1.692032715
K504P,-1.1643486022949219,-2.971030924
K504L,-0.10967445373535156,0.043504459
K504I,-0.0687408447265625,-1.091093301
K504H,-1.6444823741912842,-0.480016391
K504G,-0.47977399826049805,-0.8306488590000001
K504F,-0.3927152156829834,-0.856267639
K504E,-0.10601019859313965,-1.587750173
K504D,-0.1517777442932129,-1.833223473
K504M,-1.4837243556976318,-0.80913799
Y505C,0.20253539085388184,-2.270036222
Y505D,-0.38128161430358887,-2.544443114
Y505E,-0.46262598037719727,-2.575346459
Y505F,-0.15048885345458984,-1.611069626
Y505G,-0.8077607154846191,-3.265121953
Y505H,-1.7671198844909668,-1.890794359
Y505I,0.2131950855255127,-1.930058697
Y505K,-0.16492557525634766,-2.291878275
Y505P,-0.8639025688171387,-2.728113469
Y505M,-1.079845666885376,-2.077446394
Y505N,-0.24201297760009766,-2.202300524
Y505Q,-1.1708977222442627,-1.435170847
Y505R,-0.9716801643371582,-2.164982466
Y505S,-0.05836892127990723,-2.8930443230000003
Y505V,-0.24063611030578613,-3.553240162
Y505W,-1.5071492195129395,-1.323049382
Y505L,0.4274914264678955,-3.241951082
Y505T,-0.21155500411987305,-1.7244944519999998
Y505A,-0.7400341033935547,-2.757219748
S506L,1.1202077865600586,0.7945709679999999
S506C,-0.08003830909729004,-0.717629895
S506D,-0.18607735633850098,-2.14427245
S506E,0.1092216968536377,-0.249227002
S506F,0.3334391117095947,-0.407818316
S506G,-0.7199997901916504,-0.743178832
S506H,-1.4160211086273193,0.552052302
S506I,1.0055568218231201,-0.599199712
S506K,0.2783334255218506,-1.009920278
S506M,-0.42487549781799316,-1.477662002
S506N,-0.09813857078552246,-0.694791866
S506P,-0.7653958797454834,-1.702902626
S506Q,-0.6803750991821289,-0.603616831
S506R,-0.4763662815093994,-0.708086137
S506T,-0.15810656547546387,-0.129022406
S506V,0.5191104412078857,-0.345677003
S506W,-1.0514495372772217,0.470747988
S506Y,0.3437061309814453,-0.080802116
S506A,-0.30361342430114746,0.302438117
E507A,-0.49187660217285156,-0.072090502
E507W,-1.6175179481506348,-0.500464055
E507Y,-0.15931153297424316,-0.861177031
E507C,-0.37383317947387695,-0.7476320959999999
E507P,-0.8216414451599121,-0.653706941
E507F,-0.27034568786621094,-0.5167806429999999
E507G,-0.4611785411834717,-0.10141387
E507H,-1.852980136871338,-0.817915455
E507I,-0.032659053802490234,0.411892726
E507K,-0.11951613426208496,-0.464000267
E507L,0.06856369972229004,0.332420236
E507M,-1.3538131713867188,-1.330826059
E507N,-0.27834486961364746,-1.234115054
E507Q,-1.084031343460083,-1.115982235
E507R,-1.0038223266601562,-0.227796088
E507S,-0.11103272438049316,-0.702424663
E507T,-0.5072181224822998,-0.431253357
E507V,-0.13958001136779785,-0.505390107
E507D,-0.07972025871276855,-0.323509799
E508V,-0.01692962646484375,-0.590837849
E508N,-0.15582799911499023,-1.954924122
E508Q,-0.796147346496582,-0.4774639020000001
E508T,-0.330615758895874,-1.206810554
E508M,-0.7460191249847412,-1.360960718
E508L,0.628105640411377,0.011591584
E508K,0.00032329559326171875,-1.634616822
E508I,0.4788858890533447,-0.342840575
E508H,-1.5723464488983154,-1.713944764
E508G,-0.6052696704864502,-1.947650794
E508P,-1.2020432949066162,-1.541021831
E508D,-0.19184064865112305,-0.450291614
E508C,-0.31183505058288574,-1.607693821
E508A,-0.2957139015197754,0.386704305
E508R,-0.7875926494598389,-2.569942029
E508S,-0.164808988571167,-0.804550416
E508Y,0.2115154266357422,-1.445421979
E508F,0.08277010917663574,-0.620518815
E508W,-0.8529224395751953,-1.112358229
S509Y,0.49036264419555664,-2.242931768
S509W,-0.919032096862793,-2.625137905
S509C,0.43388938903808594,-0.436191005
S509D,0.21801424026489258,-2.626623955
S509E,0.8225340843200684,-2.943222915
S509F,0.3552274703979492,-2.53431851
S509G,-0.2964024543762207,0.025305782
S509L,1.109663486480713,0.35482758
S509I,1.0202574729919434,0.241635358
S509K,0.2754640579223633,-1.479223729
S509M,-0.05146431922912598,-0.8341473090000001
S509N,0.1676623821258545,-2.417536569
S509P,-1.2457914352416992,-3.0623479710000003
S509R,-0.28873157501220703,-1.255299053
S509H,-1.1291475296020508,-3.059728007
S509Q,-0.24490737915039062,-1.863659219
S509V,0.5160119533538818,-0.237805804
S509T,-0.1820964813232422,0.689917523
S509A,0.1847090721130371,0.083397622
K510E,-0.5602748394012451,-0.190554441
K510Y,-0.5885865688323975,-0.39682153
K510V,-0.5738184452056885,-0.04719403
K510T,-0.8849282264709473,-0.491300324
K510S,-0.5453839302062988,0.041670753
K510R,-0.817882776260376,-0.4824851570000001
K510Q,-1.1767323017120361,-0.458422302
K510P,-1.59010648727417,-2.350144687
K510N,-0.5547332763671875,-0.191785258
K510L,-0.10995984077453613,-0.185309447
K510I,-0.24077677726745605,-0.527890574
K510H,-2.1449930667877197,-0.230516443
K510G,-1.0141148567199707,-0.09841224
K510F,-0.6661837100982666,-0.215810443
K510D,-0.814007043838501,-1.087975239
K510W,-1.6030471324920654,-0.064529439
K510M,-1.4383635520935059,-0.252803254
K510A,-0.8767552375793457,0.161596638
K510C,-1.1309773921966553,-1.522923385
L511Y,-0.2369699478149414,-1.970231996
L511W,-1.3056764602661133,-1.930888249
L511A,0.20557069778442383,-0.6121417920000001
L511C,-1.0256195068359375,-1.207613746
L511D,-0.07133245468139648,-2.146844346
L511E,0.866741418838501,-1.149379634
L511F,-0.691978931427002,-1.357693219
L511G,-0.4183773994445801,-0.7284102290000001
L511H,-1.968808650970459,-1.469199058
L511N,0.2142925262451172,-1.108466487
L511K,1.027109980583191,-1.399781058
L511V,-0.310697078704834,-0.5956829889999999
L511M,-1.031017780303955,-0.208231315
L511P,-1.1968364715576172,-1.060334666
L511T,-0.3019571304321289,-0.6977874959999999
L511Q,-0.2009258270263672,-1.635980879
L511R,-0.05330991744995117,-1.40037165
L511S,0.30803513526916504,-0.446968532
L511I,0.07122063636779785,-1.467907668
N512Y,0.49806904792785645,-0.722736025
N512W,-0.5548903942108154,-1.282294625
N512V,0.6361334323883057,-0.04085357
N512T,-0.1069791316986084,-0.57512991
N512S,0.07218623161315918,-0.138371842
N512R,-0.059755563735961914,0.09386104
N512Q,-0.32997775077819824,-0.042785971
N512K,0.5708038806915283,0.3582893479999999
N512M,-0.08011960983276367,-0.317443017
N512L,1.4800680875778198,-0.56962679
N512I,1.1915290355682373,0.982890468
N512H,-1.1174156665802002,-1.015332006
N512G,-0.8571836948394775,-0.706664095
N512F,0.47964906692504883,-0.8161283159999999
N512E,0.3105795383453369,-0.703447725
N512C,-0.32303524017333984,-0.879631985
N512A,0.4552466869354248,-0.516415993
N512P,-1.1557610034942627,-2.016567458
N512D,-0.34720563888549805,-0.7780589520000001
R513L,0.9596009254455566,-1.006125617
R513A,0.20659422874450684,-0.949882057
R513E,0.49923157691955566,-1.388757326
R513F,0.5709133148193359,-1.131888414
R513G,0.7065029144287109,-2.033581044
R513H,-1.048943042755127,-0.6929036690000001
R513I,0.8472349643707275,-0.59268451
R513K,0.7620768547058105,-0.425165331
R513D,0.30710363388061523,-1.58272633
R513M,-0.4039163589477539,-1.198959282
R513P,-0.1388840675354004,-2.135658634
R513Q,-0.08442258834838867,-0.743344665
R513S,0.6167469024658203,-0.925479937
R513T,0.27302980422973633,-0.982403433
R513V,0.548612117767334,-1.446746149
R513Y,0.5281202793121338,-1.097352877
R513N,0.5959689617156982,-1.248532425
R513C,0.05298876762390137,-2.062876469
R513W,-0.48379087448120117,0.145274554
E514A,-0.6243555545806885,-1.467026673
E514C,-0.5408551692962646,-2.55928413
E514Y,-0.5200636386871338,-1.35643176
E514W,-1.7254149913787842,-2.00596001
E514V,-0.362321138381958,-2.107523628
E514T,-0.6798021793365479,-0.7679224179999999
E514R,-0.7986114025115967,-0.117712228
E514Q,-0.9114375114440918,-1.38675637
E514P,-1.3104140758514404,-1.118609945
E514N,-0.5684006214141846,-0.555506779
E514S,-0.37042832374572754,-0.482035317
E514M,-1.1152453422546387,-0.986677906
E514L,0.27865052223205566,-1.236101948
E514K,0.006356716156005859,-1.188421647
E514D,-0.5118706226348877,-1.189076851
E514I,-0.013870000839233398,0.462404651
E514H,-1.9526026248931885,-1.54807073
E514G,-0.8144638538360596,-0.923234597
E514F,-0.5480971336364746,-1.196188615
K515P,-1.8575940132141113,-0.180009143
K515Q,-1.1050138473510742,-0.479801419
K515R,-0.8542072772979736,-0.948552567
K515V,-0.434567928314209,-0.014620187
K515T,-0.6830558776855469,-0.124762676
K515Y,-0.5788149833679199,-0.434660431
K515W,-1.9379620552062988,-1.333303363
K515N,-0.42848706245422363,0.8214920590000001
K515S,-0.5869045257568359,-0.220365913
K515M,-1.3618443012237549,-0.305131112
K515G,-0.8407363891601562,0.112479246
K515I,-0.20716547966003418,-0.426765736
K515H,-2.039328098297119,-0.8602195109999999
K515F,-0.6871895790100098,-0.81212876
K515E,-0.4128556251525879,-0.633974555
K515D,-0.8529257774353027,-0.476948649
K515C,-1.1977810859680176,-2.396001746
K515A,-0.8125185966491699,-0.74210357
K515L,-0.2307569980621338,-1.070777024
I516E,-0.2620077133178711,-2.560050958
I516F,-0.6062684059143066,-3.770218293
I516G,-0.9421463012695312,-3.104259182
I516H,-2.0407490730285645,-3.15592709
I516K,-0.060115814208984375,-0.6934184940000001
I516L,-0.009778976440429688,-1.56691602
I516Q,-1.08884859085083,-2.907853819
I516N,-0.6173381805419922,-2.395486656
I516P,-1.2825086116790771,-3.599113374
I516R,-0.9272005558013916,-2.853764703
I516T,-0.7600526809692383,-2.960842419
I516D,-0.7939844131469727,-3.134006458
I516S,-0.46039509773254395,-3.604167735
I516M,-1.1943156719207764,-2.01610635
I516C,-1.0520124435424805,-3.844408283
I516W,-1.8238396644592285,-3.04203421
I516Y,-0.68381667137146,-3.596873631
I516V,-0.47959375381469727,-0.435106464
I516A,-0.6388518810272217,-3.579751519
D517P,-0.785283088684082,-1.391765053
D517W,-1.9026923179626465,-1.4566267590000002
D517V,-0.26464128494262695,-0.699608549
D517T,-0.1637406349182129,-0.495726824
D517S,0.19876766204833984,-0.016538642
D517R,-0.4158203601837158,0.03590959
D517Q,-0.578953742980957,0.086088056
D517N,0.08981466293334961,-1.280124311
D517M,-1.041614055633545,-0.599712989
D517L,0.2990262508392334,-0.125339531
D517K,0.3282170295715332,0.013044542
D517I,-0.03228020668029785,-0.648264328
D517H,-1.2885847091674805,-0.218527169
D517G,-0.4272291660308838,-0.609515707
D517F,-0.2891275882720947,-0.430656426
D517E,0.318157434463501,-0.977100655
D517C,-0.7830655574798584,-0.087421623
D517A,-0.23700523376464844,-0.474164414
D517Y,-0.16257047653198242,-0.292217722
G518K,0.9531176090240479,-0.985116758
G518L,0.12147760391235352,-0.194977768
G518M,-1.0833218097686768,0.563008279
G518H,-1.3587477207183838,-0.084951173
G518S,0.41951727867126465,0.248837565
G518E,0.43195080757141113,-0.521017049
G518D,0.06564164161682129,-0.6256004629999999
G518N,0.3903806209564209,-0.229062899
G518C,-0.9165463447570801,-3.450331222
G518A,0.0686333179473877,0.401116559
G518F,-0.23603010177612305,-0.487885162
G518P,-0.7299468517303467,0.146352213
G518I,-0.09550762176513672,0.634294156
G518T,0.05683445930480957,0.46777148
G518V,-0.2548515796661377,0.059357065
G518W,-1.6020348072052002,-0.004094901
G518Y,-0.3308560848236084,-0.525845482
G518Q,-0.04020571708679199,0.550542361
G518R,-0.01810598373413086,0.021552113
V519M,-0.6243176460266113,-1.857498884
V519A,-0.17134523391723633,-1.216473271
V519C,-0.4789609909057617,-2.975708839
V519D,-0.02959299087524414,-3.038382319
V519L,0.46079063415527344,-0.590107765
V519F,-0.19684934616088867,-1.628001814
V519H,-1.5306758880615234,-2.692477314
V519I,0.3368515968322754,-1.025644437
V519K,0.7782671451568604,-2.712898493
V519T,-0.09058237075805664,-1.139341088
V519S,0.34194493293762207,-3.388443832
V519R,-0.2538571357727051,-1.938495879
V519Q,-0.3337888717651367,-2.272077698
V519P,-1.245762825012207,-2.171684891
V519N,0.10963940620422363,-2.512523047
V519G,-0.31067752838134766,-3.012550699
V519E,0.6335668563842773,-2.198056458
V519Y,-0.17658448219299316,-2.123630918
V519W,-1.6027889251708984,-2.917378391
K520W,-2.0444912910461426,-1.084482716
K520V,-0.4134528636932373,-0.506967273
K520T,-0.3864128589630127,-0.533372773
K520S,-0.20925450325012207,-0.070253604
K520R,-0.8349924087524414,-0.093159051
K520Q,-1.0734272003173828,-0.929836521
K520P,-0.8070433139801025,-0.840115136
K520N,-0.3605339527130127,-0.395071664
K520M,-1.4588909149169922,-0.50806167
K520Y,-0.6016960144042969,-1.537129305
K520I,-0.4173297882080078,-0.924649267
K520H,-1.809067726135254,0.985089826
K520G,-0.9565243721008301,-1.450045516
K520F,-0.7281723022460938,-1.319769075
K520E,-0.35494184494018555,0.856687175
K520D,-0.4610717296600342,-0.69070454
K520C,-1.1690330505371094,-2.248760179
K520A,-0.9287097454071045,-0.78426379
K520L,-0.28575921058654785,-1.006666716
L521N,0.18198633193969727,-2.23114155
L521P,-0.6103456020355225,-2.361019124
L521T,-0.17131543159484863,0.034788715
L521R,-0.1592404842376709,-1.773117623
L521S,0.13996076583862305,-0.327297336
L521M,-0.714533805847168,-0.301842652
L521Q,-0.5558598041534424,0.064121973
L521K,0.5774521827697754,-2.414868432
L521E,0.0919184684753418,-2.173690793
L521H,-1.4668850898742676,-1.225702962
L521G,-0.21998143196105957,-1.600843849
L521F,-0.3590087890625,-1.39050158
L521D,-0.1979827880859375,-2.599469974
L521C,-0.8246152400970459,-2.715420887
L521A,-0.2485675811767578,-1.6770358319999998
L521Y,-0.21197819709777832,-2.14773829
L521W,-1.7569818496704102,-1.10272161
L521I,-0.050249338150024414,-0.177331746
L521V,-0.050817012786865234,0.371333758
E522W,-1.5557122230529785,-0.540978731
E522K,0.5550158023834229,-1.134571482
E522S,0.5224547386169434,-0.5400660629999999
E522R,-0.18718218803405762,-1.389415186
E522Q,-0.5192563533782959,-1.560845801
E522P,-0.23062539100646973,-3.312925577
E522N,0.11365246772766113,-1.008021385
E522M,-0.7912416458129883,-1.308934344
E522L,0.13817739486694336,-0.525209495
E522T,0.13059449195861816,-0.865638974
E522V,-0.017733097076416016,-0.747696712
E522H,-1.3226051330566406,-1.813054433
E522G,-0.09622383117675781,-1.274142413
E522F,-0.23891997337341309,-1.898911667
E522D,-0.06338143348693848,-1.631570353
E522C,-1.4123363494873047,-2.654416891
E522A,-0.09273290634155273,-0.640493604
E522Y,-0.32248401641845703,-1.336047073
E522I,0.019913911819458008,-2.896990766
S523Y,-0.7303659915924072,-0.714398688
S523W,-2.042757272720337,-1.472370979
S523C,-1.3184616565704346,-1.90397371
S523V,-0.36409878730773926,-0.469696135
S523T,-0.3621218204498291,-0.7204564259999999
S523R,-0.3560159206390381,0.403153888
S523A,-0.47896718978881836,-0.985120991
S523P,-0.9040961265563965,-0.091691792
S523N,0.296006441116333,-1.492024472
S523M,-0.9734292030334473,-0.825562441
S523Q,-0.681006669998169,-0.867725374
S523K,0.46370553970336914,-0.401545086
S523I,-0.3288891315460205,0.058025301
S523H,-1.5085275173187256,-0.007978965
S523G,-0.301250696182251,-0.963851187
S523F,-0.6939022541046143,-0.7137584220000001
S523E,0.14966225624084473,-1.1609346740000002
S523D,-0.027991056442260742,-0.177512123
S523L,-0.18374896049499512,-1.100497461
M524C,0.14871931076049805,-0.8279743270000001
M524D,1.244429111480713,-0.730905165
M524E,1.2804529666900635,-0.893129115
M524F,0.7102551460266113,-1.514607895
M524G,1.1056909561157227,-0.602494961
M524H,-0.17601561546325684,-1.150983378
M524I,0.8310189247131348,-0.6655612670000001
M524L,1.026942491531372,-0.22207903
M524K,1.6281068325042725,-1.389760811
M524P,0.565216064453125,-0.187300981
M524N,1.334568977355957,-0.106744235
M524A,0.7106919288635254,-0.7265901229999999
M524W,-0.7261059284210205,-1.234719104
M524V,0.7882299423217773,0.111996076
M524Y,0.534757137298584,-1.061739864
M524S,1.5886285305023193,-0.726161079
M524R,0.7741646766662598,-1.435752493
M524Q,0.5519509315490723,0.1691684239999999
M524T,1.008754014968872,-0.294935649
G525Y,-0.3509542942047119,-1.256292414
G525W,-1.590604305267334,-1.823782074
G525V,-0.015886783599853516,-1.759437619
G525T,0.4580423831939697,-1.313440003
G525S,0.868633508682251,-0.140700576
G525R,0.3833751678466797,-1.657262948
G525Q,-0.061009883880615234,-1.664505754
G525P,0.3266713619232178,-0.158254928
G525M,-0.6591000556945801,-1.835090364
G525L,0.0897831916809082,-1.841455494
G525K,1.1327531337738037,-2.007554137
G525H,-0.9385828971862793,-1.3566256719999998
G525F,-0.3996906280517578,-0.834857582
G525E,0.3065509796142578,-1.197027736
G525D,0.39550137519836426,-0.270970394
G525C,-1.591524600982666,-1.715740205
G525A,-0.09195208549499512,-1.3401843999999998
G525N,0.8030498027801514,-2.84333958
G525I,-0.03445744514465332,-1.632847536
V526A,-0.33373332023620605,-0.396383282
V526C,-1.416649341583252,-1.7667600490000002
V526Q,-0.47420835494995117,-0.897070853
V526Y,-0.11730670928955078,-0.03068113
V526W,-1.2238497734069824,-0.333362035
V526T,-0.026502609252929688,-1.1375826999999998
V526S,0.3997077941894531,-1.086370791
V526R,0.21615934371948242,-1.414069264
V526P,-0.5613067150115967,-0.126757475
V526N,0.44633913040161133,-0.908991214
V526M,-0.7253873348236084,-0.327338143
V526K,0.8724219799041748,-0.95545023
V526I,0.2012939453125,0.132963962
V526H,-1.153876781463623,-1.287784829
V526G,0.00963592529296875,-1.060369729
V526F,0.009776115417480469,-0.561416068
V526E,-0.0664827823638916,-1.14847867
V526D,-0.0170745849609375,-1.223073607
V526L,0.32706785202026367,0.113400565
Y527H,-0.7241261005401611,-0.497864885
Y527I,0.19491291046142578,-0.874573595
Y527G,0.6217656135559082,-1.228790532
Y527M,-0.4474375247955322,-1.153154021
Y527E,0.5348103046417236,-0.8591682490000001
Y527D,0.602708101272583,-2.113978658
Y527K,1.3259689807891846,-2.633368378
Y527F,0.18868422508239746,-0.582473645
Y527W,-0.8204562664031982,-1.051600795
Y527V,0.11593985557556152,-0.726609437
Y527N,1.0709471702575684,-2.2727809
Y527P,0.08653521537780762,-1.6493524030000002
Y527Q,0.1699235439300537,-1.7225558069999998
Y527R,0.5703504085540771,-1.7119037119999998
Y527S,1.1907267570495605,-1.09689712
Y527T,0.3799262046813965,-0.392268724
Y527A,0.30916261672973633,-1.756361192
Y527L,0.5226266384124756,-1.389870259
Y527C,-1.1424829959869385,-1.870242936
Q528C,-1.0025861263275146,-2.241117836
Q528L,0.641155481338501,-1.66173637
Q528E,0.23783159255981445,-0.398230111
Q528Y,0.028841257095336914,-1.956514638
Q528W,-0.645460844039917,-1.0132003040000002
Q528V,0.2631340026855469,-0.75481054
Q528T,0.4572434425354004,-1.109899751
Q528S,1.0751054286956787,-0.554331989
Q528R,0.723219633102417,-0.678143658
Q528D,0.615645170211792,0.145637049
Q528P,0.13142800331115723,-0.8135573970000001
Q528M,-0.43283510208129883,-1.0378228109999998
Q528K,1.2131731510162354,-1.261615617
Q528I,0.4029109477996826,-1.662198983
Q528H,-0.7787463665008545,-0.286895146
Q528G,0.8106939792633057,0.63100888
Q528F,0.3803064823150635,-0.961101569
Q528N,0.9556844234466553,-1.090139288
Q528A,0.28287363052368164,-0.551423341
I529F,-0.15449762344360352,-0.460503082
I529A,0.0015020370483398438,-1.886612378
I529G,0.2075498104095459,-1.4380715080000002
I529H,-0.8880982398986816,-0.905262529
I529K,1.1439929008483887,-1.394225614
I529L,0.25712156295776367,-1.092147782
I529M,-0.6680922508239746,-0.7596755190000001
I529N,0.7191779613494873,-1.85253614
I529D,0.04758310317993164,-2.31964812
I529Q,-0.13219976425170898,-1.150156565
I529R,0.6285309791564941,-2.45323617
I529S,0.7066271305084229,-1.557687092
I529T,0.19527626037597656,-1.103534326
I529V,-0.11031770706176758,-1.361373863
I529W,-0.7714920043945312,-0.514634742
I529Y,-0.11046576499938965,-1.177957768
I529E,-0.27779054641723633,-2.331064635
I529P,-0.18501996994018555,-2.531894632
I529C,-1.7751293182373047,-0.975302703
L530G,-0.06221318244934082,-4.093853235
L530Y,-0.818382740020752,-2.836477038
L530W,-1.422511100769043,-2.509797311
L530V,-0.40939998626708984,-3.185711564
L530T,-0.35497164726257324,-2.287364474
L530S,0.24400639533996582,-3.702897
L530R,-0.5740578174591064,-2.769054525
L530F,-0.3750584125518799,-1.888649189
L530Q,-0.8475279808044434,-3.050204004
L530N,-0.03748655319213867,-3.472896679
L530M,-0.9762115478515625,-2.42751251
L530K,0.22701525688171387,-2.627126503
L530I,-0.24012398719787598,-2.611155617
L530H,-1.8551318645477295,-3.1562309889999995
L530C,-2.068751096725464,-1.811195041
L530D,-0.7257137298583984,-3.414657433
L530P,-0.3332550525665283,-3.547320712
L530E,-0.9399101734161377,-2.668326008
L530A,-0.3210427761077881,-2.1786492930000003
A531Q,-0.28876423835754395,-3.030271969
A531Y,-0.32178664207458496,-3.527421593
A531V,-0.21960115432739258,-2.305285251
A531W,-1.00526762008667,-3.260969135
A531T,0.15177607536315918,-1.783846124
A531P,-0.10780096054077148,-3.406813784
A531R,0.0845952033996582,-3.729802385
A531C,-1.5536417961120605,-2.005034263
A531D,-0.10887885093688965,-2.839447499
A531S,0.7476925849914551,-1.202908607
A531F,0.0779714584350586,-3.616878892
A531G,0.4226717948913574,-2.180593866
A531H,-1.1304049491882324,-2.772353437
A531I,-0.0020041465759277344,-2.04424019
A531K,0.7095041275024414,-2.653965467
A531L,0.3946988582611084,-2.001456682
A531M,-0.6973676681518555,-2.952584772
A531N,0.6139469146728516,-2.797976015
A531E,-0.3368368148803711,-2.562698851
I532P,-1.4187731742858887,-2.180861347
I532Q,-1.5317420959472656,-1.930828398
I532R,-1.2697410583496094,-1.515894247
I532W,-1.4909558296203613,-1.658792771
I532T,-0.6214678287506104,-1.393846944
I532V,-0.24387884140014648,-1.77670825
I532S,-0.40671467781066895,-2.195508751
I532N,-0.7877213954925537,-1.934092127
I532Y,-1.0483088493347168,-2.201471354
I532L,-0.042061805725097656,-1.754514085
I532M,-1.2576768398284912,-1.514853661
I532A,-0.5952320098876953,-1.708037387
I532C,-2.4239134788513184,-2.175000251
I532D,-1.1657018661499023,-2.241603551
I532K,-0.6921119689941406,-1.7363093319999998
I532F,-0.4794185161590576,-1.165182727
I532G,-0.4652104377746582,-1.443381381
I532H,-2.2343497276306152,-1.067756919
I532E,-1.474865436553955,-1.723937904
Y533N,-0.06342601776123047,-1.513341871
Y533M,-0.13320302963256836,-1.937829814
Y533L,1.6585218906402588,-1.692910395
Y533K,0.3858366012573242,-2.226949668
Y533I,1.9958157539367676,-2.217594847
Y533H,-1.8012728691101074,-1.2186643659999998
Y533F,0.9705214500427246,-1.863078368
Y533E,-0.8664937019348145,-1.669605189
Y533D,-0.8717331886291504,-2.049355385
Y533A,1.0272252559661865,-1.674287967
Y533S,0.8721230030059814,-1.932640881
Y533T,0.847743034362793,-2.107281791
Y533R,-0.3561537265777588,-2.358020864
Y533C,-0.8353424072265625,-1.6451497380000002
Y533G,0.7169127464294434,-2.159027972
Y533W,-0.6280126571655273,-1.80510402
Y533V,1.5942976474761963,-1.062180775
Y533Q,-0.6864452362060547,-1.984786909
Y533P,-0.10017085075378418,-2.0066460040000003
S534D,-1.71470308303833,-1.994621452
S534G,0.25517797470092773,-1.549154028
S534H,-2.5265774726867676,-2.015193295
S534I,0.508080244064331,-1.22698719
S534K,-0.5754847526550293,-1.773403014
S534L,0.7014185190200806,-1.228473984
S534M,-0.743588924407959,-1.704540587
S534N,-0.9175229072570801,-1.997744085
S534P,-1.4713730812072754,-2.015949931
S534R,-1.2450947761535645,-2.578582392
S534T,-0.2990598678588867,-1.706794247
S534V,0.22930097579956055,-2.725653065
S534W,-1.308516025543213,-1.728714412
S534Y,-0.86865234375,-2.269675186
S534C,-1.5545954704284668,-1.905172618
S534Q,-1.541959285736084,-1.090026956
S534A,0.06712055206298828,-1.776792193
S534E,-1.6296825408935547,-1.14651103
S534F,0.2272782325744629,-2.296285339
T535E,-1.5842533111572266,-1.292964847
T535F,0.638221025466919,-1.28770884
T535G,0.508411169052124,-0.162476965
T535H,-2.424975872039795,-1.236853266
T535I,1.1158123016357422,-1.5773044
T535K,-0.6582334041595459,-0.559792474
T535L,1.1755033731460571,-1.627598621
T535M,-0.43457651138305664,-1.412188379
T535N,-0.950615406036377,-1.637295399
T535Q,-1.5457148551940918,-2.029456664
T535R,-1.2885379791259766,-2.965480165
T535S,0.293529748916626,-0.828086002
T535V,0.7630882263183594,-0.7699695870000001
T535W,-0.9425053596496582,-1.496057189
T535C,-1.1884880065917969,-0.811817157
T535A,0.46752166748046875,-1.05764633
T535Y,-0.5126063823699951,-2.435672385
T535P,-1.2303504943847656,-1.206763034
T535D,-1.7029566764831543,-1.94957747
V536W,-2.3244333267211914,-2.737154692
V536D,-3.0772972106933594,-2.37744755
V536F,-0.4163006544113159,-1.092717165
V536G,-1.3408035039901733,-2.819519128
V536H,-4.045940399169922,-2.115847039
V536I,0.44435882568359375,-1.139763018
V536K,-2.061448574066162,-4.012081773999999
V536L,0.32775378227233887,-1.5548079890000002
V536M,-1.5229419469833374,-2.612772754
V536N,-2.5591135025024414,-1.329881803
V536P,-2.64332914352417,-4.4178090260000005
V536Q,-3.0524067878723145,-3.999146434
V536C,-2.4178943634033203,-1.213583402
V536R,-2.900808334350586,-3.973728487
V536S,-1.2729977369308472,-3.668477185
V536T,-1.2320917844772339,-1.7324565230000002
V536Y,-1.9300817251205444,-3.129890993
V536A,-0.7985600233078003,-1.2406222409999998
V536E,-2.8774003982543945,-3.892839603
A537C,-1.3953452110290527,-1.659988695
A537R,-2.2234935760498047,-4.104928161
A537Q,-2.527716636657715,-3.4179637260000004
A537P,-2.3192644119262695,-4.0573811410000005
A537N,-1.9004645347595215,-3.54913388
A537M,-0.8003873825073242,-2.315067758
A537L,1.1102617979049683,-2.323482418
A537K,-1.5420970916748047,-3.547426633
A537I,1.070621132850647,-2.12158166
A537H,-3.3556175231933594,-3.1867225130000003
A537F,0.46431779861450195,-4.034788123999999
A537E,-2.6541643142700195,-3.538594048
A537D,-2.7003989219665527,-2.812729175
A537W,-1.6738905906677246,-3.4817727960000004
A537V,0.6777561902999878,-1.990812356
A537G,-0.46287059783935547,-3.268929332
A537Y,-1.3184771537780762,-3.654360441
A537T,-0.5157666206359863,-1.568231811
A537S,-0.3076658248901367,-2.564190053
S538D,-3.0487027168273926,-1.173360649
S538E,-3.0071630477905273,-3.537158739
S538F,0.5834546089172363,-3.5307864010000003
S538G,0.17150425910949707,-2.006345167
S538H,-3.6818737983703613,-3.613291418
S538I,1.1479358673095703,-2.643816422
S538K,-2.2548141479492188,-2.51298287
S538L,1.2402710914611816,-1.5245973919999998
S538M,-0.5031571388244629,-2.823117509
S538N,-2.1233973503112793,-1.439378417
S538P,-2.1303672790527344,-3.176539694
S538Q,-2.657588005065918,-2.827196347
S538R,-2.8956522941589355,-3.193190284
S538T,-0.2452552318572998,-1.03294757
S538V,0.8743162155151367,-1.150998553
S538Y,-1.344146728515625,-3.327794986
S538C,-1.161790370941162,-1.650879536
S538A,0.47307753562927246,-0.709529812
S538W,-1.665224552154541,-3.265885554
S539K,-2.345679759979248,-2.8590894330000003
S539D,-2.9743876457214355,-3.002511152
S539E,-2.9714436531066895,-3.56983539
S539F,0.48055124282836914,-3.197045287
S539G,0.14935779571533203,-2.227155455
S539H,-3.788156032562256,-3.067191238
S539I,1.067149043083191,-3.347459402
S539L,1.1973317861557007,-1.838702551
S539M,-0.6524267196655273,-2.656283404
S539A,0.3497319221496582,-1.290358921
S539N,-1.9838509559631348,-2.7256549860000003
S539Q,-2.768296241760254,-3.003823474
S539R,-3.0519208908081055,-3.699333005
S539T,-0.26859331130981445,-1.456699011
S539V,0.8801738023757935,-2.490694097
S539W,-1.9468259811401367,-2.661135947
S539Y,-1.4736499786376953,-2.974563213
S539P,-1.752901554107666,-2.724807032
S539C,-1.0939531326293945,-2.626347617
L540C,-2.5954389572143555,-1.550584999
L540A,-1.0227423906326294,-0.699807851
L540N,-3.691465377807617,-2.556913994
L540W,-3.6201062202453613,-1.131947107
L540Y,-3.227444648742676,-1.4796298069999998
L540E,-4.247383117675781,-2.973722237
L540F,-0.926486611366272,-0.219921584
L540G,-1.6724387407302856,-1.826254938
L540H,-5.21388578414917,-2.705219799
L540K,-3.6957764625549316,-3.5282384560000004
L540M,-2.1264190673828125,-0.660345473
L540I,-0.272808313369751,-0.247191851
L540P,-3.6484813690185547,-2.622524039
L540Q,-4.335921287536621,-2.192942691
L540R,-4.418149471282959,-1.81450378
L540S,-1.6024161577224731,-0.68621436
L540T,-1.8500515222549438,-0.710413782
L540V,-0.4755723476409912,-0.178864378
L540D,-4.243028163909912,-3.574773017
V541F,-0.0307159423828125,-0.846966606
V541T,-1.0700764656066895,-0.317931175
V541A,-0.27580738067626953,-1.93676248
V541C,-1.715609073638916,-1.67327001
V541D,-3.6247763633728027,-2.381345815
V541E,-3.7961244583129883,-2.640211711
V541G,-0.46669721603393555,-3.167548543
V541Q,-3.317072868347168,-2.579026341
V541I,0.2664452791213989,0.015313758
V541K,-3.2493858337402344,-3.138902284
V541L,0.6922980546951294,-0.965230335
V541M,-1.2849385738372803,-1.326354173
V541N,-2.7242746353149414,-2.643253075
V541P,-2.416752338409424,-1.450048519
V541Y,-2.1602535247802734,-2.072245134
V541R,-3.8540515899658203,-3.553451377
V541H,-4.106908798217773,-2.665436085
V541S,-0.7121284008026123,-3.158000482
V541W,-2.5986452102661133,-0.996409048
L542V,-0.6319748163223267,-1.170689231
L542W,-3.214125633239746,-2.919320297
L542Y,-2.5587210655212402,-0.962231947
L542S,-1.3630956411361694,-1.303677661
L542R,-4.36300802230835,-3.438806549
L542Q,-3.798356533050537,-1.958550583
L542N,-3.1872482299804688,-3.237930154
L542M,-1.7291001081466675,-0.109705587
L542K,-3.759997844696045,-2.468579455
L542P,-3.05893611907959,-2.191371723
L542H,-4.57109260559082,-2.32111258
L542G,-1.1430414915084839,-1.260334437
L542F,-0.6983450651168823,-1.338524499
L542E,-4.110781669616699,-2.195027194
L542D,-3.94520902633667,-2.40252813
L542C,-2.4758386611938477,-1.471109623
L542A,-0.9163254499435425,-0.715662406
L542I,-0.42071962356567383,-0.929073657
L542T,-1.6021674871444702,-0.609172221
L543H,-4.989572525024414,-2.686511792
L543A,-0.8001745939254761,0.455102561
L543C,-2.353484630584717,-1.520662761
L543D,-4.321067810058594,-2.656676102
L543E,-4.492700576782227,-3.053879169
L543F,-0.825912594795227,-1.386148902
L543G,-0.5873094797134399,-1.327043057
L543I,-0.6971350908279419,-0.70637305
L543M,-1.8052006959915161,-1.181701579
L543N,-3.257476329803467,-1.938876046
L543P,-3.2981090545654297,-3.310275444
L543Q,-4.106457233428955,-2.990888258
L543R,-4.750099182128906,-3.581098641
L543S,-1.4555550813674927,-0.054557897
L543T,-1.8466325998306274,-1.286483452
L543W,-3.437030792236328,-1.620136017
L543Y,-2.8552279472351074,-1.22404153
L543K,-4.020168781280518,-0.556803278
L543V,-0.9589394330978394,-0.841535241
V544S,-0.759089469909668,-2.000166072
V544A,-0.2792196273803711,-1.98707976
V544R,-3.659071445465088,-4.103695454
V544Q,-3.2082443237304688,-3.521292254
V544P,-2.8263559341430664,-3.366105437
V544N,-2.6179399490356445,-1.994555686
V544M,-1.169248104095459,-2.505280527
V544L,0.7815662622451782,-3.841928224
V544T,-1.0136046409606934,-1.6200713219999998
V544K,-2.947155475616455,-3.2809565010000004
V544H,-3.9619035720825195,-3.442574908
V544G,-0.7234325408935547,-2.613682375
V544F,0.028974533081054688,-2.523696806
V544E,-3.4758801460266113,-3.271065806
V544D,-3.476860523223877,-2.932675316
V544C,-1.5079736709594727,-3.3920582410000004
V544I,0.420096755027771,-2.562713013
V544Y,-1.938295841217041,-1.590055184
V544W,-2.7216758728027344,-1.77948369
S545K,-2.9743094444274902,-3.10230168
S545D,-3.2988390922546387,-0.605698315
S545E,-3.2664427757263184,-3.279114525
S545F,0.31859636306762695,-1.317133219
S545G,0.2310652732849121,-3.808654356
S545H,-3.9172706604003906,-2.332667385
S545I,1.5417617559432983,-3.771572903
S545C,-0.7951841354370117,-2.94719427
S545L,1.2414859533309937,-1.226853423
S545N,-2.1852097511291504,-3.030493834
S545P,-1.5433392524719238,-1.663127099
S545Q,-2.9538073539733887,-2.312333342
S545R,-3.571403980255127,-2.417248614
S545T,-0.11080741882324219,-1.054650916
S545V,1.1691092252731323,-3.14623358
S545M,-0.6999635696411133,-2.674454762
S545W,-2.7281880378723145,-2.576009738
S545A,0.4494147300720215,-1.562350981
S545Y,-1.7501859664916992,-2.461417514
L546F,-0.759621262550354,-2.174030931
L546G,-1.3471959829330444,-3.549786462
L546H,-4.8745527267456055,-3.774562802
L546I,-0.11115074157714844,-3.5946908110000004
L546K,-3.8502888679504395,-4.106357931
L546M,-1.8573018312454224,-2.992963452
L546N,-3.345850944519043,-4.261621445
L546A,-0.9560657739639282,-3.22924845
L546C,-2.1129212379455566,-3.595891786
L546Q,-4.0940446853637695,-3.256271349
L546R,-4.326554298400879,-3.269774268
L546S,-1.6537038087844849,-3.752697926
L546T,-1.6535803079605103,-3.1129365160000004
L546V,-0.5828944444656372,-2.567623898
L546W,-3.227632999420166,-2.188346316
L546Y,-2.33986234664917,-1.823721413
L546E,-4.318935394287109,-3.903830048
L546P,-4.0096540451049805,-2.749792204
L546D,-4.219843864440918,-2.707102266
G547C,-0.6011333465576172,-3.61591253
G547Y,-0.711461067199707,-3.386410843
G547W,-1.825911521911621,-2.891388096
G547V,0.5424065589904785,-2.798523635
G547T,-0.17594432830810547,-1.694782101
G547R,-2.1635093688964844,-2.762341253
G547Q,-2.043039321899414,-3.13957626
G547P,-1.5607638359069824,-3.785241261
G547N,-1.4578123092651367,-3.227565349
G547S,0.08320426940917969,-3.4470761710000004
G547L,1.137675166130066,-3.546802378
G547M,-0.538306713104248,-1.3983196759999998
G547E,-2.3790149688720703,-2.105595454
G547F,0.6568536758422852,-3.5093634560000004
G547D,-2.570676803588867,-3.260878375
G547I,0.8865483999252319,-3.350436492
G547K,-1.5563573837280273,-3.1865251060000004
G547H,-2.84420108795166,-3.428535671
G547A,0.4455399513244629,-1.6975226140000002
A548K,-1.6590197086334229,-3.94813094
A548C,-0.9088375568389893,-3.191001329
A548D,-2.851895570755005,-3.478353285
A548E,-2.732043504714966,-2.758848851
A548F,0.4273338317871094,-3.946324988
A548G,-0.20066165924072266,-3.138344952
A548H,-3.155794382095337,-3.3222804960000003
A548I,0.8130251169204712,-4.0641942160000015
A548M,-0.923630952835083,-3.342860737
A548L,0.8796913623809814,-4.204992169
A548N,-1.859438180923462,-3.802323002
A548W,-1.645416021347046,-2.3583591
A548V,0.33182406425476074,-3.270135037
A548T,-0.6831667423248291,-2.212342532
A548Y,-0.7434999942779541,-2.903268435
A548R,-2.1103217601776123,-4.137353189
A548Q,-2.555797815322876,-2.897346464
A548P,-2.60359263420105,-4.429733226000001
A548S,-0.43915867805480957,-2.8824373910000003
I549N,-2.6501235961914062,-2.473223457
I549V,-0.3658515214920044,-1.271423167
I549T,-1.4083701372146606,-2.341795721
I549S,-1.279075264930725,-2.2850906930000003
I549R,-2.7567086219787598,-3.650426801
I549Q,-3.2033233642578125,-3.172824935
I549P,-3.2114882469177246,-3.761483716
I549M,-1.8191591501235962,-1.974694605
I549W,-2.273113250732422,-2.19736214
I549K,-2.4297032356262207,-3.318270877
I549H,-3.5181756019592285,-1.100941538
I549G,-1.368770718574524,-2.7906800080000003
I549E,-3.3919882774353027,-3.246482242
I549D,-3.5438404083251953,-2.9461221760000003
I549A,-0.9474841356277466,-1.11656201
I549C,-1.8888651132583618,-1.178478158
I549L,-0.05559098720550537,-0.772670955
I549F,-0.5308688879013062,-2.190431225
I549Y,-1.1824942827224731,-2.609883835
S550Q,-1.9759135246276855,-0.465796695
S550T,-0.24784326553344727,-0.468240361
S550R,-1.3586006164550781,-2.44925808
S550P,-1.546699047088623,-2.400784249
S550N,-1.6040520668029785,-1.335357258
S550M,-0.7269997596740723,-0.670839989
S550L,1.075911521911621,-0.147357867
S550K,-1.2938013076782227,-2.4274380730000003
S550I,0.9787636995315552,-1.6828273180000002
S550W,-1.0647141933441162,-1.749870796
S550H,-2.525900363922119,-2.468967884
S550Y,0.07539081573486328,-2.7427989960000003
S550F,0.5162873268127441,-1.04138733
S550E,-2.26743745803833,-2.25888811
S550D,-2.357180118560791,-2.453749466
S550C,-0.7236480712890625,-0.295070408
S550A,0.4914388656616211,-0.53462844
S550G,0.32004332542419434,-0.159334272
S550V,0.8133213520050049,-1.248397693
F551A,-0.09312844276428223,-0.888338982
F551Y,-0.42386507987976074,-0.413790408
F551C,-1.0529696941375732,-1.961828892
F551E,-1.906128168106079,-0.598120853
F551W,-1.1535570621490479,-1.7642000430000002
F551V,-0.16500020027160645,-0.096785207
F551T,-0.8040211200714111,-1.09771272
F551D,-1.918163537979126,-2.593934558
F551R,-0.5084123611450195,-3.716097943
F551Q,-1.6216824054718018,-1.237678599
F551P,-2.231158494949341,-2.135373224
F551S,-0.24907326698303223,-1.5389767840000002
F551M,-1.134030818939209,-1.960473978
F551L,0.48388779163360596,-0.770794786
F551K,-0.44505763053894043,-2.682959087
F551I,-0.02150583267211914,-0.5755922529999999
F551H,-2.105870008468628,-1.72779698
F551G,-0.15624427795410156,-1.015801715
F551N,-1.2762954235076904,-1.446321884
W552I,1.0350227355957031,-1.4648850080000002
W552A,0.6913886070251465,-1.823009539
W552C,-0.05919694900512695,-2.068307819
W552D,-0.8134059906005859,-2.074620211
W552E,-0.6325793266296387,-2.491534534
W552F,1.1509721279144287,-0.609605072
W552G,0.5759408473968506,-1.698923117
W552H,-1.129288673400879,-2.575794612
W552K,0.43296217918395996,-2.536484812
W552Y,0.7097535133361816,-1.11398821
W552M,-0.2585129737854004,-1.086949456
W552N,-0.31125593185424805,-2.478354171
W552P,-0.941749095916748,-3.30835338
W552Q,-0.655632495880127,-1.949727207
W552R,0.08902215957641602,-2.630515113
W552S,0.7341103553771973,-2.830250488
W552T,0.16220307350158691,-2.544781047
W552V,0.8491549491882324,-1.844717252
W552L,1.4191584587097168,-2.387493441
M553F,1.2121822834014893,-2.487895558
M553G,0.7355754375457764,-0.635390279
M553H,-0.49243927001953125,-1.800303856
M553K,1.2120864391326904,-2.399828823
M553L,1.7240378856658936,-2.130509549
M553N,0.6355152130126953,-2.215735088
M553S,1.104982852935791,-1.07956268
M553Q,0.09607791900634766,-2.598759759
M553R,0.829247236251831,-0.904124185
M553E,-0.18832683563232422,-2.7909620260000003
M553T,0.6157641410827637,-1.632478238
M553V,0.9305562973022461,-3.2204766680000003
M553W,-0.5305814743041992,-2.318804142
M553Y,0.5342495441436768,-3.520274479
M553P,-0.3346567153930664,-3.2684480810000003
M553D,-0.0939645767211914,-2.859673192
M553I,1.379326581954956,-1.573448657
M553A,0.6297650337219238,-0.644113504
M553C,0.2320847511291504,-3.189697982
C554E,0.9270634651184082,-2.783440315
C554A,1.233269453048706,-0.906568558
C554Y,1.1703288555145264,-2.2937745940000003
C554W,0.3092942237854004,-1.870665147
C554V,1.288618564605713,-0.6678588879999999
C554T,1.3321726322174072,-1.770547029
C554S,1.9145221710205078,-1.777127586
C554R,1.6749920845031738,-2.348713311
C554D,0.8066372871398926,-2.538602899
C554P,0.7523818016052246,-3.0812253760000003
C554Q,0.9711263179779053,-1.821304482
C554G,1.3539800643920898,-2.691744957
C554H,0.19230270385742188,-2.690106548
C554I,1.7178921699523926,-0.28843138
C554F,1.5232353210449219,-1.44174242
C554L,1.9965062141418457,-0.744308118
C554M,0.6524808406829834,-1.272781448
C554N,1.5509254932403564,-2.710185469
C554K,2.2470579147338867,-2.777097993
S555N,-0.3002047538757324,-1.371740501
S555W,-1.3565993309020996,-0.907971547
S555V,-0.43552136421203613,-0.754834314
S555T,-0.6653633117675781,-0.931962486
S555R,0.41065311431884766,-1.423829374
S555Q,-0.8565971851348877,0.174781556
S555P,-1.3366098403930664,-2.956368356
S555M,-1.1286568641662598,-0.543267489
S555G,-0.3137931823730469,-1.429803846
S555K,0.6865525245666504,-1.4822457830000002
S555I,-0.08092546463012695,-1.317748936
S555H,-1.527113437652588,-1.254101937
S555F,-0.08772063255310059,-1.365825371
S555E,-0.8307507038116455,-0.175132028
S555D,-1.1078414916992188,-0.5560451120000001
S555C,-0.4852776527404785,-2.494184432
S555L,0.2310192584991455,-0.621116486
S555A,-0.6819930076599121,-0.317702164
S555Y,-0.5782201290130615,0.04962112
N556Y,-0.4581615924835205,-0.049599754
N556C,0.2381446361541748,-2.386728427
N556D,-0.5726561546325684,-1.535484066
N556E,-0.66457200050354,-2.498209821
N556F,0.1301717758178711,-2.340394875
N556G,0.2622189521789551,-2.996045671
N556H,-0.983966588973999,-1.253321442
N556I,0.013988733291625977,-0.501777144
N556K,0.6806423664093018,-1.140202597
N556L,0.32584619522094727,-0.882521853
N556M,-0.9533004760742188,-0.824066892
N556P,-0.6115150451660156,-3.795266551
N556Q,-0.5726242065429688,-2.201408421
N556R,0.5982072353363037,-1.450185593
N556S,0.7207179069519043,-0.864459595
N556T,-0.056624412536621094,-0.7669838179999999
N556V,-0.2591514587402344,-0.623280767
N556W,-0.951528787612915,-1.838639369
N556A,-0.350783109664917,-1.968688207
G557Y,-0.052876949310302734,-3.292327695
G557W,-1.15315580368042,-2.626786211
G557A,-0.10331511497497559,-1.931083641
G557E,-0.39075589179992676,-2.280093957
G557F,0.2598438262939453,-2.728528412
G557H,-0.7729065418243408,-2.320636642
G557I,0.47165918350219727,-3.623693103
G557K,0.7300729751586914,-2.217983167
G557L,0.593989372253418,-3.146483538
G557D,-0.4153745174407959,-2.414464749
G557M,-0.7464838027954102,-3.046598319
G557P,-0.21753215789794922,-3.879030968
G557Q,-0.37216615676879883,-1.152444508
G557R,0.5744264125823975,-2.09701069
G557S,0.7968552112579346,-2.753014453
G557T,0.12725543975830078,-3.2950151460000003
G557V,-0.02894878387451172,-2.29699012
G557N,0.3259763717651367,-1.546686941
G557C,0.14154052734375,-3.750300078
S558F,-0.8786156177520752,-0.725733559
S558C,-0.37822914123535156,-2.91071295
S558G,-0.2972986698150635,-3.127515143
S558H,-1.5750188827514648,-2.277977479
S558I,-0.5352699756622314,-1.646662228
S558K,0.31839847564697266,-2.62408707
S558L,-0.39793992042541504,-1.001541466
S558M,-1.457054853439331,-1.5605371259999998
S558D,-1.029632329940796,-3.039526894
S558P,-1.2061519622802734,-2.932041225
S558Q,-1.1823580265045166,-0.013244631
S558R,-0.10632848739624023,-2.951671995
S558T,-0.659745454788208,-0.520359151
S558V,-0.8413918018341064,-1.092462493
S558W,-1.8789470195770264,-2.482035825
S558Y,-0.9742097854614258,-1.732307117
S558A,-0.9545629024505615,-1.3421827830000002
S558E,-1.110917568206787,-1.258965428
S558N,-0.24515271186828613,-1.705196356
L559N,0.3282489776611328,-3.587966942
L559M,-0.9672646522521973,-2.090645565
L559W,-1.3986883163452148,-2.385610798
L559V,-0.3668074607849121,-1.086649717
L559T,-0.16254901885986328,-2.917998657
L559S,0.5379734039306641,-3.422693887
L559R,0.5104789733886719,-4.068198113999999
L559Q,-0.6105046272277832,-1.358996663
L559Y,-0.42765235900878906,-3.2608642060000004
L559P,-0.8252620697021484,-3.861795709
L559I,-0.05668282508850098,-2.298089121
L559H,-1.0881729125976562,-3.186631598
L559G,0.07285475730895996,-3.998145681000001
L559F,-0.3609342575073242,-2.511255877
L559E,-0.4027438163757324,-3.556334337
L559D,-0.4689640998840332,-3.762494334
L559K,0.8805853128433228,-2.894107084
L559C,-0.11902379989624023,-1.62949488
L559A,-0.5283875465393066,-3.0151211630000003
Q560V,0.3907349109649658,-0.892374379
Q560D,0.25893521308898926,-2.6940112810000003
Q560E,0.12514734268188477,-2.004873846
Q560F,0.37545061111450195,-3.130189887
Q560G,0.5839474201202393,-1.6663145519999998
Q560H,-0.50689697265625,-2.180117192
Q560I,0.6652512550354004,-2.863390351
Q560K,1.1910195350646973,-1.791128312
Q560A,0.0633704662322998,-2.016250729
Q560L,0.7948851585388184,-2.278649332
Q560M,-0.4233429431915283,-0.999703629
Q560N,0.8824224472045898,-2.194865343
Q560P,0.3646080493927002,-2.0856422930000003
Q560R,0.9524376392364502,-1.493707609
Q560S,1.0970139503479004,-1.32194272
Q560T,0.3982532024383545,-1.341162934
Q560W,-0.5247724056243896,-2.761878241
Q560Y,0.23863863945007324,-2.962888843
Q560C,0.4817187786102295,-2.435011825
C561A,0.40822911262512207,-1.203494158
C561E,0.7334146499633789,-2.93529757
C561F,0.43561291694641113,-0.8490093759999999
C561G,0.7577915191650391,-2.44425649
C561H,-0.16425371170043945,-2.680654832
C561I,0.7633178234100342,-0.658088675
C561K,1.559645414352417,-2.733490472
C561L,1.0019590854644775,-0.9003393759999999
C561M,-0.21311044692993164,-1.777449708
C561N,1.0594558715820312,-2.577697128
C561P,0.43120503425598145,-3.4104567880000003
C561Q,0.6010890007019043,-1.959825973
C561R,1.3571324348449707,-2.765992064
C561S,1.276547908782959,-3.522392792
C561T,0.6298675537109375,-2.754928558
C561V,0.4959700107574463,-0.890051215
C561D,0.46953439712524414,-2.998912266
C561Y,0.4471564292907715,-1.103042996
C561W,-0.46046876907348633,-1.872673887
R562W,-1.040008544921875,-2.517415473
R562D,-0.47769737243652344,-1.476919734
R562E,-0.44831109046936035,-1.444381546
R562F,-0.2692296504974365,-2.391307537
R562G,0.37961816787719727,-2.0313647880000003
R562H,-1.296126365661621,-1.282169024
R562I,-0.08951807022094727,-1.481878795
R562K,0.5189237594604492,-1.223200534
R562Y,-0.397538423538208,-2.489569948
R562A,-0.4288749694824219,-1.117207364
R562M,-1.0976800918579102,-0.973455295
R562N,0.13010072708129883,-1.409020589
R562P,-0.07355284690856934,-3.229736275
R562Q,-0.47178220748901367,-0.803022128
R562S,0.5829570293426514,-1.166756453
R562T,-0.13912749290466309,-0.623063319
R562V,-0.3039095401763916,-1.482954528
R562L,-0.02220296859741211,-1.313707339
R562C,-0.22094392776489258,-2.629126283
I563A,-0.12761688232421875,-0.80259052
I563E,-0.3287816047668457,-2.294879759
I563Y,-0.08679866790771484,-3.204736145
I563W,-1.2497973442077637,-2.888779094
I563V,-0.24277496337890625,-1.429578139
I563T,0.17116975784301758,-2.903775609
I563S,0.7511110305786133,-3.510843244
I563R,0.726585865020752,-4.052399337
I563Q,-0.21101808547973633,-3.064223028
I563P,-0.3030695915222168,-3.246065038
I563N,0.43508267402648926,-3.203552949
I563M,-0.9816875457763672,-2.007145038
I563L,0.078125,-1.502142285
I563K,1.162062406539917,-2.878846949
I563H,-0.7949881553649902,-3.12698284
I563G,0.061421871185302734,-3.698272566
I563F,-0.20658636093139648,-2.437890868
I563D,-0.3540983200073242,-3.006620471
I563C,-0.04624462127685547,-2.797860993
C564L,0.4156646728515625,-2.177266099
C564E,-0.04492306709289551,-2.602962528
C564D,-0.18111824989318848,-2.616149146
C564Y,-0.2543013095855713,-2.264988222
C564W,-1.056886911392212,-2.224764652
C564V,-0.04181170463562012,-2.712160702
C564T,0.133375883102417,-2.29667313
C564S,0.7521569728851318,-2.371909777
C564R,0.47496795654296875,-3.054364332
C564Q,-0.1661970615386963,-2.74295985
C564A,-0.091033935546875,-2.57652151
C564N,0.2916097640991211,-1.008129641
C564M,-0.8925974369049072,-2.208959688
C564K,0.7653570175170898,-2.8164862260000003
C564I,0.18797779083251953,-1.696602435
C564H,-0.924180269241333,-1.939654474
C564G,0.18715476989746094,-2.5071487130000003
C564F,0.07846498489379883,-1.823045094
C564P,0.12659573554992676,-3.01665515
I565A,-0.11393618583679199,-1.975020473
I565C,0.03257155418395996,-1.857298001
I565D,-0.20721220970153809,-2.64714909
I565E,0.004178524017333984,-2.940657932
I565F,-0.011987686157226562,-1.847277948
I565G,0.5943255424499512,-3.745073018
I565H,-0.35336971282958984,-2.959293397
I565K,1.2216057777404785,-3.255209691
I565P,0.11583924293518066,-3.674898485
I565M,-0.867377758026123,-1.619502029
I565N,0.5908000469207764,-2.495941162
I565Q,0.23481082916259766,-2.760510636
I565R,1.0138769149780273,-3.828151919
I565S,0.9735946655273438,-3.3006958710000003
I565T,0.181898832321167,-1.935653437
I565W,-0.995140552520752,-1.995298104
I565Y,0.08957815170288086,-1.829796004
I565L,0.24814176559448242,-0.099093297
I565V,-0.19369935989379883,-1.414367029
