mutant,carp_38M_score,DMS_score
A673C,-3.6755294799804688,-1.01886857127932
A673D,0.6640415191650391,-0.605051968368776
A673E,0.8977689743041992,-0.5908570896052341
A673E:A692E,1.2273876070976257,-2.44360120104448
A673E:A692T,0.4787713289260864,-3.04989262527197
A673E:A692V,0.321195125579834,-1.20397785996411
A673E:A701T,0.15327858924865723,-0.0387652340442495
A673E:A701V,0.5166839361190796,0.889916882250171
A673E:A713S,-0.6276674270629883,-1.14451097698676
A673E:A713T,-0.275754451751709,-0.588636133832971
A673E:A713V,0.7795928120613098,-0.548544809556745
A673E:D678V,0.36473512649536133,-0.605308970036795
A673E:D694E,0.5701184272766113,0.515508050469969
A673E:D694G,0.19172954559326172,-0.554129680413458
A673E:D694V,0.15040230751037598,-3.64235864227468
A673E:E674K,0.1957017183303833,-0.477078354401492
A673E:E674V,0.2747519016265869,-0.413810830779944
A673E:E682D,0.5644793510437012,0.467723383144511
A673E:E682G,0.46041643619537354,-0.185405144750295
A673E:E682V,0.31987178325653076,-0.386610259476464
A673E:E693D,0.40827786922454834,-0.315094687441687
A673E:E693G,0.16402554512023926,1.74291554578559
A673E:E693K,0.29750800132751465,-1.46289418490443
A673E:E693V,-0.4184248447418213,-0.890457595889028
A673E:F675I,0.8689295053482056,-0.960845879008223
A673E:F675L,0.9820166826248169,-2.24378785684837
A673E:F675S,1.1930240392684937,-1.86702828949092
A673E:F675Y,0.5065224170684814,-0.90582885540329
A673E:F690I,0.49753642082214355,0.768736967466534
A673E:F690L,0.8209176063537598,-0.855025373214983
A673E:F690S,1.7910611629486084,-0.68714347580927
A673E:F690Y,0.6951313018798828,-0.905232909568428
A673E:F691I,0.6495227813720703,-0.100331038999853
A673E:F691L,0.813511848449707,-1.09728437370544
A673E:F691S,1.4574836492538452,-0.67275473835717
A673E:F691Y,0.4386637210845947,-1.10011962628376
A673E:G680V,0.3476921319961548,-3.70396899756541
A673E:G696C,-0.8890889883041382,-0.883383460375691
A673E:G696D,0.2029515504837036,-3.23316179331745
A673E:G696S,0.6617370843887329,-0.954694568134491
A673E:G696V,0.07857096195220947,-0.534768995383267
A673E:G700D,-1.4310249090194702,-4.47496287777811
A673E:G708C,-0.8840847015380859,-1.86385501408606
A673E:G708D,-2.9800684452056885,-4.66773954932055
A673E:G708S,-0.32457399368286133,-3.1675344492762
A673E:G709C,-0.2003781795501709,-1.33457745643316
A673E:G709D,-2.6460695266723633,-4.13736695742562
A673E:G709S,-0.10249817371368408,-3.65947409088696
A673E:H677L,0.6817822456359863,-2.02168148084849
A673E:H677Q,0.6818983554840088,-0.680439339816049
A673E:H677R,0.8906235694885254,-0.727703705432555
A673E:H677Y,0.3224407434463501,-1.57649390964933
A673E:H684L,0.7403239011764526,-2.34666124493181
A673E:H684Q,0.6843167543411255,-1.27027186397272
A673E:H684R,0.6576356887817383,-1.61164001373366
A673E:H685L,0.31474626064300537,-0.881813628808907
A673E:H685Q,0.637923002243042,-1.76668073903367
A673E:H685R,0.6832983493804932,-1.5901922166176
A673E:I702F,-0.897618293762207,-2.98671922035222
A673E:I702N,-1.767770528793335,-3.32936408330736
A673E:I702T,-1.0196781158447266,-2.51581939918666
A673E:I702V,-0.07154595851898193,-1.82278166725514
A673E:I703N,-2.875481128692627,-4.94864396087494
A673E:I703T,-0.9638180732727051,-3.54726896893554
A673E:I703V,0.1547400951385498,-2.45614595791471
A673E:I712K,-3.2710986137390137,-3.95426536359814
A673E:I712L,0.8785462379455566,-2.14040286051837
A673E:I712M,-0.3296142816543579,-3.58206639112836
A673E:I712T,-0.39663803577423096,-3.72942567781042
A673E:I712V,0.7203428745269775,-3.56624262833778
A673E:K687E,0.6321825981140137,-3.14849725874309
A673E:K687I,-0.6662912368774414,-3.01574464586598
A673E:K687N,0.4423787593841553,-0.259492319788974
A673E:K687R,0.3690030574798584,-1.91937934249081
A673E:K699E,-0.17220723628997803,-3.08355706148497
A673E:K699I,0.4297645092010498,-2.85842841410599
A673E:K699N,0.02168905735015869,-1.82859820906969
A673E:K699R,0.2502700090408325,-1.32559229539674
A673E:L688F,0.1131434440612793,-0.810387198017538
A673E:L688M,0.18337297439575195,-2.35957321957229
A673E:L688S,1.2829108238220215,-1.08063128728448
A673E:L705H,-2.4203977584838867,-3.91670482380929
A673E:L705I,0.6820406913757324,-0.776515436166607
A673E:L705P,-0.4714471101760864,-3.30726416445295
A673E:M706I,2.02779221534729,-3.37508176675553
A673E:M706K,-2.258089065551758,-3.94780083469243
A673E:M706L,1.2607645988464355,-3.32023394086215
A673E:M706T,1.735029697418213,-4.31626838277415
A673E:M706V,2.4957425594329834,-3.29460166232571
A673E:N698D,-0.0206831693649292,-4.33222441440873
A673E:N698I,-0.8977640867233276,-0.958684909094649
A673E:N698S,0.4226117730140686,-2.95907437467744
A673E:N698Y,-0.8058418035507202,0.363820455163043
A673E:Q686H,0.34624171257019043,-0.335393195969023
A673E:Q686L,-0.08913516998291016,-0.430679544459989
A673E:Q686R,0.7488265037536621,-3.28872171184841
A673E:R676L,0.7093641757965088,-1.37593065364428
A673E:R676Q,0.4924849271774292,-2.17073046474282
A673E:S679P,0.27575135231018066,-0.437844130628854
A673E:S679T,0.1970045566558838,-0.950468686553164
A673E:S697L,1.3052147030830383,-0.960375034456127
A673E:S697P,0.15667855739593506,-2.59715463362418
A673E:S697T,0.2851959466934204,-0.767617867616642
A673E:V683A,0.43891429901123047,-0.183609342266371
A673E:V683D,0.7120863199234009,-1.71435014141498
A673E:V683F,0.09152734279632568,-3.46485457312514
A673E:V683I,0.24621367454528809,-0.0821640370821259
A673E:V689A,0.7797238826751709,-2.61156103905498
A673E:V689E,1.0446122884750366,-1.47842128001053
A673E:V689M,0.05630755424499512,-0.658253776641831
A673E:V695A,0.7119462490081787,-1.89536198998614
A673E:V695E,1.1316170692443848,-1.3879539982388
A673E:V695M,-0.08068656921386719,-0.966497993876017
A673E:V707A,-0.5279544591903687,-2.87227211801367
A673E:V707E,-3.7239503860473633,-3.95857963100478
A673E:V707L,-0.4921339750289917,-0.245664757651574
A673E:V707M,-1.5792393684387207,-1.23152628816731
A673E:V710A,0.3103604316711426,-3.97335478797316
A673E:V710D,-3.4211058616638184,-4.14161585198531
A673E:V710I,0.3110194206237793,-0.306792137898883
A673E:V711A,-0.06073808670043945,-3.38695548593774
A673E:V711D,-3.6658215522766113,-4.26172540451076
A673E:V711I,0.12574756145477295,-3.16998985038005
A673E:Y681C,-0.7741808891296387,-1.84186304313434
A673E:Y681F,0.6259396076202393,-0.682337129874732
A673E:Y681H,0.805124044418335,-2.04530228135294
A673E:Y681N,1.0184046030044556,-2.33473071184854
A673F,-1.231928825378418,-0.216832533135766
A673G,0.20830750465393066,0.2684959942759046
A673G:E682D,0.2197486162185669,-0.619266053406184
A673G:E682V,-0.024858951568603516,-1.55577068134645
A673G:E693D,0.06354713439941406,-0.444088904535785
A673G:E693G,-0.18070518970489502,2.13707815705498
A673G:F675S,0.8482933044433594,-0.247544215481998
A673G:F691I,0.30479204654693604,0.38177327717892
A673G:F691L,0.46878111362457275,-0.969372412853196
A673G:G708C,-1.2288154363632202,-0.703845325427201
A673G:H677R,0.5458928346633911,0.232560738320227
A673G:H684R,0.312904953956604,-1.61056660628521
A673G:I712L,0.5338155031204224,-2.60909543639633
A673G:K687R,0.02427232265472412,-0.581180808422826
A673G:K699N,-0.3230416774749756,-1.33916069204075
A673G:K699R,-0.09446072578430176,-0.380642508358426
A673G:L688S,0.9381800889968872,-1.7332645747819
A673G:M706I,1.6830614805221558,-3.27650657376791
A673G:N698D,-0.3654139041900635,-3.52054066788653
A673G:N698Y,-1.1505725383758545,-1.61968243969322
A673G:Q686L,-0.43386590480804443,0.0893853136897266
A673G:V683A,0.09418356418609619,-2.57915168174369
A673G:V695E,0.7868863344192505,-1.39221922723449
A673G:V707E,-4.068681120872498,-2.26515951823503
A673H,-0.7253909111022949,0.19007235286079
A673I,-0.9561505317687988,-2.16695926237941
A673K,0.13084006309509277,-0.6860544259353095
A673L,-0.6361923217773438,-1.52198298340875
A673M,-1.1876096725463867,0.0512490039745864
A673N,-0.3279690742492676,0.931381156769955
A673P,0.026647567749023438,-0.384103013955581
A673P:A713V,0.3440321087837219,-0.273198066935172
A673P:D678G,-0.032044172286987305,-1.68646216197568
A673P:D694E,0.13455772399902344,-0.0904077967508693
A673P:E674V,-0.16080880165100098,-0.0387006664791141
A673P:E682D,0.12891864776611328,0.0782120130916014
A673P:E682V,-0.11568892002105713,-0.69598683368147
A673P:E693D,-0.02728283405303955,-0.90797324127321
A673P:F675L,0.546455979347229,-0.332000562702918
A673P:F690I,0.061975717544555664,0.753126840862244
A673P:F690L,0.3853569030761719,-1.01422707630099
A673P:F690V,0.49452924728393555,-0.168443795612373
A673P:F691L,0.37795114517211914,-1.44505928914043
A673P:F691S,1.0219229459762573,-1.46680808422556
A673P:F691Y,0.003103017807006836,-0.28295597897359
A673P:G708C,-1.3196454048156738,-0.710174451214895
A673P:G708S,-0.7601346969604492,-4.88042798588627
A673P:G709C,-0.6359388828277588,-1.36693041371916
A673P:G709S,-0.538058876991272,-3.55638625388829
A673P:H677R,0.4550628662109375,-1.31379511003663
A673P:H684Q,0.2487560510635376,-1.07938073343239
A673P:H685L,-0.12081444263458252,0.300407504471591
A673P:H685R,0.24773764610290527,-0.903004761723076
A673P:I702F,-1.333178997039795,-1.65817068136087
A673P:I702N,-2.203331232070923,-2.69870759508602
A673P:I702T,-1.4552388191223145,-0.75531176499742
A673P:I703T,-1.399378776550293,-2.91201435837615
A673P:I703V,-0.2808206081390381,-2.30282060565892
A673P:I712K,-3.7066593170166016,-1.45084711652246
A673P:I712L,0.44298553466796875,-1.91232816683622
A673P:I712T,-0.8321987390518188,-2.65511759865587
A673P:I712V,0.28478217124938965,-3.70702670051384
A673P:K687I,-1.1018519401550293,-0.1216041379738
A673P:K687T,-0.3772623538970947,-0.455341861751945
A673P:K699I,-0.005796194076538086,-3.16170054850927
A673P:K699N,-0.4138716459274292,-0.629231178689752
A673P:K699R,-0.18529069423675537,-1.95395114380452
A673P:L688S,0.8473501205444336,0.0295395561945672
A673P:L705H,-2.8559584617614746,-4.32071912222175
A673P:L705P,-0.9070078134536743,-4.69810642909232
A673P:N698D,-0.4562438726425171,-4.16994376616549
A673P:N698Y,-1.241402506828308,0.871327993032803
A673P:Q686H,-0.08931899070739746,0.479588493174997
A673P:Q686L,-0.524695873260498,-0.6275044515709
A673P:Q686R,0.3132658004760742,-1.903358856015
A673P:S697P,-0.27888214588165283,-2.68914605308752
A673P:V683A,0.003353595733642578,-1.01744915666225
A673P:V695E,0.6960563659667969,-0.153891722739477
A673P:V711D,-4.101382255554199,-3.98815213021599
A673P:Y681F,0.19037890434265137,-0.946048073356851
A673Q,-0.37751150131225586,0.516892122981809
A673R,-0.16582012176513672,0.413044796552641
A673S,0.29231882095336914,-0.5226243515728874
A673S:A692E,0.9246625304222107,-2.32354783647318
A673S:A692S,0.4672377109527588,-3.66451019725113
A673S:A692T,0.1760462522506714,-0.888867975334712
A673S:A692V,0.018470048904418945,-0.0888629177165922
A673S:A701T,-0.1494464874267578,0.699492239641717
A673S:A701V,0.21395885944366455,1.77445260535752
A673S:A713S,-0.9303925037384033,0.177149487754246
A673S:A713V,0.4768677353858948,-0.102884329133416
A673S:D678E,0.23623108863830566,-2.00684904878301
A673S:D678G,0.10079145431518555,0.0210660697122494
A673S:D678V,0.06201004981994629,-0.11460659057185
A673S:D694E,0.2673933506011963,-0.173285592275168
A673S:D694G,-0.11099553108215332,0.644197586221521
A673S:D694V,-0.15232276916503906,-3.2248006909828
A673S:E674G,0.0765373706817627,-0.875090629154225
A673S:E674K,-0.10702335834503174,-0.339069312643137
A673S:E674V,-0.027973175048828125,-0.768013166793946
A673S:E682D,0.26175427436828613,0.128982402737994
A673S:E682G,0.1576913595199585,0.0934301056384332
A673S:E682V,0.017146706581115723,-0.417400230336496
A673S:E693D,0.1055527925491333,-0.113891093270871
A673S:E693G,-0.13869953155517578,0.756159311007318
A673S:E693V,-0.7211499214172363,-0.552680994909007
A673S:F675I,0.5662044286727905,-4.01018564385977
A673S:F675L,0.6792916059494019,-1.80960042938476
A673S:F675S,0.8902989625930786,-0.0006260552050631
A673S:F675Y,0.2037973403930664,-1.27152910434553
A673S:F690I,0.19481134414672852,0.811782471050906
A673S:F690L,0.5181925296783447,-0.865763982971593
A673S:F690V,0.6273648738861084,-0.258026188248308
A673S:F690Y,0.3924062252044678,-0.163028619924596
A673S:F691I,0.3467977046966553,0.741310847124712
A673S:F691L,0.510786771774292,-0.435128132403354
A673S:F691S,1.1547585725784302,-0.716339552352117
A673S:F691Y,0.1359386444091797,0.337879602863166
A673S:G680R,-0.05219161510467529,-1.0441901446821
A673S:G696C,-1.1918140649795532,-1.03275090325709
A673S:G696D,-0.09977352619171143,-2.98156855250644
A673S:G696S,0.35901200771331787,0.298639752843269
A673S:G700C,-3.032423734664917,-1.60834520589005
A673S:G704R,-3.1645050048828125,-4.05893215474817
A673S:G708C,-1.186809778213501,-0.827534910206437
A673S:G708D,-3.2827935218811035,-3.30169274682761
A673S:G709C,-0.5031032562255859,-1.07109364939875
A673S:G709D,-2.9487946033477783,-1.89930154832443
A673S:G709S,-0.4052232503890991,-2.57873451386406
A673S:H677L,0.3790571689605713,-1.51156935781025
A673S:H677P,0.5521987676620483,-4.62911355760537
A673S:H677Q,0.37917327880859375,-0.421626383139749
A673S:H677R,0.5878984928131104,0.148504891025473
A673S:H684L,0.4375988245010376,-1.68321743736909
A673S:H684Q,0.38159167766571045,-0.568587876762531
A673S:H684R,0.35491061210632324,-0.669397363521314
A673S:H685L,0.012021183967590332,-0.331577782640994
A673S:H685N,0.35403740406036377,-2.3006233626862
A673S:H685Q,0.33519792556762695,-1.83124845853953
A673S:H685R,0.3805732727050781,-2.17122522021506
A673S:I702F,-1.200343370437622,-1.51816756700448
A673S:I702N,-2.07049560546875,-2.22478251155672
A673S:I702V,-0.374271035194397,-1.21275323791591
A673S:I703N,-3.178206205368042,-3.47544149175423
A673S:I703T,-1.2665431499481201,-3.58407287141053
A673S:I703V,-0.14798498153686523,-2.14947149823495
A673S:I712K,-3.5738236904144287,-3.66580410204683
A673S:I712L,0.5758211612701416,-1.26914832474344
A673S:I712M,-0.632339358329773,-3.5004831750825
A673S:I712T,-0.699363112449646,-4.81653280975608
A673S:I712V,0.4176177978515625,-3.72778849238579
A673S:K687E,0.32945752143859863,-0.154493802454163
A673S:K687I,-0.9690163135528564,-3.5303497790294
A673S:K687N,0.13965368270874023,0.163820221508258
A673S:K687R,0.06627798080444336,-2.09069661772992
A673S:K699E,-0.47493231296539307,-3.43380984482041
A673S:K699I,0.12703943252563477,-1.16124824769785
A673S:K699N,-0.28103601932525635,-0.996766502117214
A673S:K699R,-0.05245506763458252,-1.12734852547037
A673S:L688F,-0.18958163261413574,-0.0441460789347961
A673S:L688S,0.9801857471466064,0.737436205092893
A673S:L705F,-0.43842852115631104,-1.92551770685254
A673S:L705H,-2.7231228351593018,-4.01241464591789
A673S:L705R,-1.9815690517425537,-4.59274591343449
A673S:M706I,1.725067138671875,-2.72210910509618
A673S:M706K,-2.560814142227173,-4.0569398052818
A673S:M706L,0.9580395221710205,-3.88348938884149
A673S:M706T,1.4323046207427979,-2.76535444572692
A673S:M706V,2.1930174827575684,-1.78805957298787
A673S:N698D,-0.32340824604034424,-3.6199629833207
A673S:N698I,-1.2004891633987427,-0.442586794845493
A673S:N698S,0.11988669633865356,-2.38381705399991
A673S:N698Y,-1.1085668802261353,0.141683912677879
A673S:Q686H,0.04351663589477539,0.201114482228884
A673S:Q686K,0.5990003347396851,-0.834199949685071
A673S:Q686L,-0.3918602466583252,-0.273033745708581
A673S:Q686R,0.44610142707824707,-1.97265378215623
A673S:S679P,-0.026973724365234375,0.260996559870029
A673S:S679T,-0.10572052001953125,0.0382414559128892
A673S:S697L,1.0024896264076233,0.0751076026841173
A673S:S697P,-0.14604651927947998,-1.57536403850956
A673S:S697T,-0.01752912998199463,-0.345414132335685
A673S:V683A,0.13618922233581543,0.356591969436038
A673S:V683D,0.40936124324798584,-0.43653962739867
A673S:V683G,0.24717843532562256,-0.649571402901513
A673S:V683I,-0.05651140213012695,0.155290808023334
A673S:V689A,0.47699880599975586,-1.50374022206994
A673S:V689E,0.7418872117996216,-0.550499073036114
A673S:V689M,-0.24641752243041992,-0.0468003115802859
A673S:V695A,0.40922117233276367,-0.264007370202195
A673S:V695E,0.8288919925689697,-1.33291489931019
A673S:V695L,0.1700747013092041,-3.37060037651974
A673S:V695M,-0.3834116458892822,0.205265039423419
A673S:V707A,-0.8306795358657837,-2.31674045824516
A673S:V707E,-4.026675462722778,-3.48114426644236
A673S:V707M,-1.8819644451141357,-0.604324275793795
A673S:V710A,0.007635354995727539,-3.60492194066347
A673S:V710D,-3.7238309383392334,-4.44784109681037
A673S:V711A,-0.3634631633758545,-3.23274502905456
A673S:V711D,-3.9685466289520264,-3.53488953426177
A673S:V711I,-0.1769775152206421,-2.51741115370731
A673S:Y681C,-1.0769059658050537,-2.17122522021506
A673S:Y681F,0.3232145309448242,-0.207866209778205
A673S:Y681N,0.7156795263290405,-0.565540654050021
A673T,0.1038355827331543,0.183441004379852
A673T:A692E,0.8304209113121033,-1.61231188147002
A673T:A692T,0.08180463314056396,-1.66705468098311
A673T:A692V,-0.07577157020568848,0.607666762582502
A673T:A701E,-1.0959937572479248,-3.18397869646254
A673T:A701G,-0.7173118591308594,0.182911237161052
A673T:A701T,-0.24368810653686523,0.794735205320053
A673T:A701V,0.11971724033355713,1.73450714925268
A673T:A713E,-3.3717193603515625,-4.09865022298159
A673T:A713S,-1.0246341228485107,-0.520227425506938
A673T:A713T,-0.6727211475372314,0.264930774573867
A673T:A713V,0.38262611627578735,-0.0527484263728532
A673T:D678E,0.14198946952819824,-3.00661410554119
A673T:D678G,0.006549835205078125,-0.790398044437516
A673T:D678N,-0.27840089797973633,-1.12471172959228
A673T:D678V,-0.03223156929016113,-0.227689927179799
A673T:D678Y,-0.5673085451126099,-1.25768833427688
A673T:D694E,0.17315173149108887,-0.171591171957601
A673T:D694G,-0.20523715019226074,0.804551040976968
A673T:D694N,-0.1261277198791504,0.262237412773689
A673T:D694V,-0.24656438827514648,-3.72286340351719
A673T:E674D,0.02923417091369629,-5.0388946345693
A673T:E674G,-0.017704248428344727,0.212475503875962
A673T:E674K,-0.20126497745513916,-0.0706704478130697
A673T:E674V,-0.12221479415893555,-0.151125382924562
A673T:E682A,-0.14765775203704834,-2.76258001142257
A673T:E682D,0.1675126552581787,-0.247126173341085
A673T:E682G,0.06344974040985107,0.199892365058187
A673T:E682V,-0.0770949125289917,1.34216102022953
A673T:E693D,0.011311173439025879,0.0159384820286122
A673T:E693G,-0.2329411506652832,2.25833728630201
A673T:E693V,-0.8153915405273438,-0.618613375522852
A673T:F675I,0.4719628095626831,-0.87870171881065
A673T:F675L,0.5850499868392944,-2.01229637551005
A673T:F675S,0.7960573434829712,-0.907132934101367
A673T:F675Y,0.10955572128295898,-0.219641501009866
A673T:F690I,0.1005697250366211,1.1232258658107
A673T:F690L,0.4239509105682373,-0.691544922712161
A673T:F690Y,0.29816460609436035,-0.711944292675712
A673T:F691I,0.25255608558654785,0.883623849080083
A673T:F691L,0.41654515266418457,-0.492925741514491
A673T:F691S,1.0605169534683228,-0.608766251785379
A673T:F691Y,0.041697025299072266,-0.71521413730179
A673T:G680E,0.31988441944122314,-1.29928458906334
A673T:G680V,-0.049274563789367676,-0.956071659986558
A673T:G696C,-1.2860556840896606,-1.38720935968802
A673T:G696D,-0.19401514530181885,-1.86642998166129
A673T:G696S,0.26477038860321045,-1.17952228665718
A673T:G700C,-3.1266653537750244,-1.45695943815442
A673T:G700D,-1.8279916048049927,-3.10481439398336
A673T:G700S,-1.224064826965332,-3.56127292760401
A673T:G704E,-3.4655163288116455,-2.9181808512647
A673T:G704R,-3.25874662399292,-3.57667789171738
A673T:G708C,-1.2810513973236084,-1.118900090754
A673T:G708D,-3.377035140991211,-3.78326697913348
A673T:G708S,-0.7215406894683838,-2.53555275989252
A673T:G708V,-0.32588648796081543,-3.28962554733298
A673T:G709C,-0.5973448753356934,-0.720100007183573
A673T:G709D,-3.0430362224578857,-1.69108508289032
A673T:G709S,-0.49946486949920654,-3.18433800076339
A673T:H677L,0.28481554985046387,-1.57973189557912
A673T:H677Q,0.28493165969848633,-0.19632896049652
A673T:H677R,0.49365687370300293,0.0851827097379974
A673T:H677Y,-0.07452595233917236,-0.243933361535634
A673T:H684L,0.3433572053909302,-1.24338398068372
A673T:H684Q,0.287350058555603,-0.986377467625892
A673T:H684R,0.2606689929962158,0.319211127606741
A673T:H684Y,-0.3118239641189575,0.557370778779225
A673T:H685L,-0.08222043514251709,-0.192692709851844
A673T:H685N,0.25979578495025635,0.245837490505264
A673T:H685P,0.4608985185623169,-1.99005622799011
A673T:H685Q,0.24095630645751953,-0.280071988799805
A673T:H685R,0.2863316535949707,-0.46521893090096
A673T:I702F,-1.2945849895477295,-1.65656762832155
A673T:I702N,-2.1647372245788574,-1.8596108111178
A673T:I702T,-1.416644811630249,-0.863354926559735
A673T:I702V,-0.4685126543045044,-1.17334941027522
A673T:I703F,-1.6228272914886475,-3.8216822428787
A673T:I703N,-3.2724478244781494,-4.18315567968812
A673T:I703T,-1.3607847690582275,-3.83471755445238
A673T:I703V,-0.24222660064697266,-1.97781138903409
A673T:I712K,-3.668065309524536,-1.95786537220304
A673T:I712L,0.4815795421600342,-1.92783880831249
A673T:I712M,-0.7265809774398804,-2.76146581102906
A673T:I712T,-0.7936047315597534,-3.15075544296678
A673T:I712V,0.3233761787414551,-2.68223805006953
A673T:K687E,0.2352159023284912,-1.13398642377009
A673T:K687I,-1.0632579326629639,-1.64423499421147
A673T:K687N,0.04541206359863281,0.313487725610581
A673T:K687R,-0.027963638305664062,-0.782688348736338
A673T:K699E,-0.5691739320755005,-1.62459998008858
A673T:K699I,0.032797813415527344,-1.79775160243195
A673T:K699N,-0.37527763843536377,-0.227813665686092
A673T:K699R,-0.14669668674468994,-0.766619231670659
A673T:L688F,-0.28382325172424316,-0.0101540960847777
A673T:L688M,-0.2135937213897705,-0.907457585560765
A673T:L688S,0.885944128036499,-0.0397722830365853
A673T:L705F,-0.5326701402664185,-1.13574720927387
A673T:L705H,-2.817364454269409,-2.97123269783436
A673T:L705I,0.28507399559020996,0.914357887029094
A673T:L705P,-0.8684138059616089,-3.91776689029668
A673T:M706I,1.6308255195617676,-2.75582187579865
A673T:M706K,-2.6550557613372803,-4.75162953771108
A673T:M706L,0.8637979030609131,-3.27973551687019
A673T:M706T,1.3380630016326904,-4.05374941270181
A673T:M706V,2.098775863647461,-1.57216987378221
A673T:N698D,-0.41764986515045166,-3.98511348375379
A673T:N698I,-1.29473078250885,-0.418587891249921
A673T:N698S,0.025645077228546143,-3.34213439697499
A673T:N698Y,-1.2028084993362427,0.322605178893164
A673T:Q686H,-0.05072498321533203,-0.0681090244801849
A673T:Q686K,0.5047587156295776,-1.544701350171
A673T:Q686L,-0.4861018657684326,-0.0721278647853705
A673T:Q686P,0.4013071060180664,0.508095648547912
A673T:Q686R,0.35185980796813965,-1.33000906556996
A673T:R676L,0.31239748001098633,-0.932110094499668
A673T:R676Q,0.09551823139190674,-0.617178984934319
A673T:S679L,-0.17740106582641602,-1.26140235897325
A673T:S679P,-0.1212153434753418,-1.06298047587619
A673T:S679T,-0.19996213912963867,0.04959741892738
A673T:S697A,-0.17689335346221924,-1.04769325580618
A673T:S697L,0.9082480072975159,-1.50524254985672
A673T:S697P,-0.2402881383895874,-3.62154103394314
A673T:S697T,-0.11177074909210205,-0.174058026693218
A673T:V683A,0.04194760322570801,-0.362186750805691
A673T:V683D,0.3151196241378784,-0.93012845230872
A673T:V683I,-0.15075302124023438,-0.0541028111649574
A673T:V689A,0.38275718688964844,-2.06377985418064
A673T:V689E,0.6476455926895142,-1.09681365131924
A673T:V689M,-0.34065914154052734,-1.00918324121083
A673T:V695A,0.31497955322265625,-0.0552929048067345
A673T:V695E,0.7346503734588623,-1.18506182456704
A673T:V695M,-0.47765326499938965,-0.544475747603769
A673T:V707A,-0.9249211549758911,-2.54115223626501
A673T:V707E,-4.120917081832886,-3.1807436426505
A673T:V707M,-1.9762060642242432,-0.527269057936724
A673T:V710A,-0.08660626411437988,-3.25970639966414
A673T:V710D,-3.818072557449341,-5.02295456600483
A673T:V710I,-0.08594727516174316,-0.350648005172387
A673T:V711A,-0.4577047824859619,-2.91537453100422
A673T:V711D,-4.062788248062134,-3.91696400277265
A673T:V711G,-1.1793835163116455,-4.00495924853237
A673T:V711I,-0.2712191343307495,-1.91880990557544
A673T:V711L,0.001178741455078125,-3.88659769562839
A673T:Y681C,-1.1711475849151611,0.0571332560594114
A673T:Y681F,0.2289729118347168,-1.21055380475292
A673T:Y681H,0.4081573486328125,-0.365623280245005
A673T:Y681N,0.6214379072189331,-0.492519901843732
A673V,-0.19948482513427734,-1.125237865458918
A673V:A692E,0.6787607073783875,-3.63287108668553
A673V:A692S,0.22133588790893555,-3.53050126893726
A673V:A692T,-0.06985557079315186,-2.15754381123199
A673V:A692V,-0.2274317741394043,-0.271007922486656
A673V:A701G,-0.8689720630645752,-3.13367448991109
A673V:A701T,-0.39534831047058105,0.352730291354069
A673V:A701V,-0.03194296360015869,-0.275478830804225
A673V:A713E,-3.5233795642852783,-4.23923244239636
A673V:A713S,-1.1762943267822266,-0.914522925243614
A673V:A713T,-0.8243813514709473,-0.508750554959038
A673V:A713V,0.23096591234207153,-0.885889716905923
A673V:D678E,-0.009670734405517578,-1.80267626366356
A673V:D678G,-0.1451103687286377,-1.6296148012559
A673V:D678V,-0.18389177322387695,-1.88667787353627
A673V:D678Y,-0.7189687490463257,-3.97386146579214
A673V:D694E,0.021491527557373047,-0.677657571340086
A673V:D694G,-0.35689735412597656,-0.274440815478607
A673V:D694V,-0.3982245922088623,-4.06541229766674
A673V:E674D,-0.12242603302001953,-3.65100569321954
A673V:E674G,-0.16936445236206055,-2.26264880390619
A673V:E674K,-0.352925181388855,-1.06425156946847
A673V:E674V,-0.27387499809265137,-1.18850153544542
A673V:E682D,0.01585245132446289,-0.479409289147844
A673V:E682G,-0.08821046352386475,-0.770576353789749
A673V:E682K,-0.27051377296447754,-2.12981817036527
A673V:E682V,-0.22875511646270752,-1.69333211423767
A673V:E693D,-0.14034903049468994,-0.438699901858961
A673V:E693G,-0.384601354598999,1.79478554158486
A673V:E693V,-0.9670517444610596,-2.27579692736456
A673V:F675I,0.3203026056289673,-2.37382193385246
A673V:F675L,0.4333897829055786,-3.46419536300725
A673V:F675S,0.6443971395492554,-1.1634863176883
A673V:F675Y,-0.042104482650756836,-1.25626542414245
A673V:F690I,-0.05109047889709473,-0.219830789891105
A673V:F690L,0.2722907066345215,-2.10585253161566
A673V:F690S,1.2424342632293701,-3.67181480200384
A673V:F690Y,0.14650440216064453,-1.22818297988336
A673V:F691I,0.10089588165283203,-0.0522926110024825
A673V:F691L,0.26488494873046875,-1.18794346805366
A673V:F691S,0.9088567495346069,-0.152177698889325
A673V:F691V,0.5611090660095215,-1.17544348935813
A673V:F691Y,-0.10996317863464355,-1.70631485037896
A673V:G680E,0.16822421550750732,-4.22810279984658
A673V:G696C,-1.4377158880233765,-1.73294702025303
A673V:G696D,-0.34567534923553467,-3.71678535489134
A673V:G696S,0.11311018466949463,-0.325314443478184
A673V:G700C,-3.2783255577087402,-0.79783318595852
A673V:G700D,-1.9796518087387085,-4.52900721134887
A673V:G700S,-1.3757250308990479,-4.38178792732077
A673V:G704E,-3.6171765327453613,-4.08321067928328
A673V:G704R,-3.4104068279266357,-4.56192306111496
A673V:G708C,-1.4327116012573242,-0.97021903968646
A673V:G708D,-3.5286953449249268,-4.59156131383163
A673V:G708S,-0.8732008934020996,-3.17734336891251
A673V:G708V,-0.47754669189453125,-4.98868235934547
A673V:G709C,-0.7490050792694092,-2.31786747161097
A673V:G709D,-3.1946964263916016,-3.47323560898817
A673V:G709S,-0.6511250734329224,-4.36862149700993
A673V:G709V,0.10215824842453003,-4.71463573104353
A673V:H677L,0.13315534591674805,-2.48344106988254
A673V:H677Q,0.1332714557647705,-0.60972405025227
A673V:H677R,0.3419966697692871,-1.98638838851943
A673V:H677Y,-0.22618615627288818,-2.05662438099729
A673V:H684L,0.19169700145721436,-2.66564081532325
A673V:H684N,0.1288623809814453,-1.14125627887817
A673V:H684Q,0.1356898546218872,-1.38379973141107
A673V:H684R,0.1090087890625,-1.17861952734271
A673V:H684Y,-0.46348416805267334,-2.04530228135294
A673V:H685L,-0.2338806390762329,-0.871209276615466
A673V:H685N,0.10813558101654053,-2.36161978442259
A673V:H685Q,0.08929610252380371,-2.56493453135091
A673V:H685R,0.13467144966125488,-2.11395109898146
A673V:H685Y,-0.620561957359314,-3.88092739855141
A673V:I702F,-1.4462451934814453,-3.17249655124593
A673V:I702N,-2.3163974285125732,-1.85673712836225
A673V:I702T,-1.5683050155639648,-2.3996610104944
A673V:I702V,-0.6201728582382202,-2.61327740611263
A673V:I703F,-1.7744874954223633,-4.47089372167106
A673V:I703N,-3.4241080284118652,-3.64050179253512
A673V:I703T,-1.5124449729919434,-4.80777076441805
A673V:I703V,-0.3938868045806885,-2.88119484682205
A673V:I712K,-3.819725513458252,-5.24795607491931
A673V:I712L,0.32991933822631836,-3.70741321255392
A673V:I712M,-0.8782411813735962,-1.40504272439596
A673V:I712T,-0.9452649354934692,-4.80272865092241
A673V:I712V,0.17171597480773926,-3.43205255965812
A673V:K687E,0.08355569839477539,-2.52334823376315
A673V:K687I,-1.2149181365966797,-5.02677573828296
A673V:K687N,-0.10624814033508301,-2.02075031810897
A673V:K687R,-0.17962384223937988,-2.96372051180892
A673V:K699E,-0.7208341360092163,-5.02783678458855
A673V:K699I,-0.11886239051818848,-2.76471530788158
A673V:K699N,-0.5269378423690796,-1.37642457125785
A673V:K699Q,-0.6407309770584106,-2.59868764401256
A673V:K699R,-0.29835689067840576,-2.70141987717036
A673V:L688F,-0.435483455657959,0.0601774104269983
A673V:L688M,-0.36525392532348633,-1.28066913364864
A673V:L688S,0.7342839241027832,-0.774930767305863
A673V:L705F,-0.6843303442001343,-3.03207837645056
A673V:L705H,-2.969024658203125,-3.95387155600106
A673V:L705I,0.13341379165649414,-0.400162911628979
A673V:L705P,-1.0200740098953247,-4.61109505210269
A673V:M706I,1.4791653156280518,-3.70759992426769
A673V:M706L,0.7121376991271973,-2.96405493160393
A673V:M706T,1.1864027976989746,-3.44930979600865
A673V:M706V,1.9471156597137451,-3.35902543448215
A673V:N698D,-0.5693100690841675,-4.58446749014999
A673V:N698H,-0.7357994318008423,-3.8809065998624
A673V:N698I,-1.446390986442566,-1.0584428272667
A673V:N698S,-0.12601512670516968,-3.08769913885104
A673V:N698Y,-1.3544687032699585,-0.534896905837079
A673V:Q686H,-0.20238518714904785,0.180431303735861
A673V:Q686K,0.3530985116958618,-2.80098644420644
A673V:Q686L,-0.6377620697021484,-1.22413357288741
A673V:Q686P,0.24964690208435059,-0.0117108031816422
A673V:Q686R,0.20019960403442383,-3.15605239522885
A673V:R676L,0.1607372760772705,-2.70155808364152
A673V:R676P,-0.0015649795532226562,-2.60489519115917
A673V:R676Q,-0.05614197254180908,-1.15658294654891
A673V:S679L,-0.32906126976013184,-3.40590471623905
A673V:S679P,-0.2728755474090576,-0.792745240122362
A673V:S679T,-0.3516223430633545,-1.78382275886081
A673V:S697L,0.7565878033638,-2.54134966480211
A673V:S697P,-0.3919483423233032,-3.98709685420141
A673V:S697T,-0.26343095302581787,-1.19695676719876
A673V:V683A,-0.10971260070800781,-1.81440872780889
A673V:V683D,0.1634594202041626,-1.40292783379232
A673V:V683G,0.0012766122817993164,-1.57937348835319
A673V:V683I,-0.3024132251739502,-1.24575684539643
A673V:V689A,0.23109698295593262,-2.03238540028392
A673V:V689E,0.49598538875579834,-2.24855049275682
A673V:V689G,0.5170927047729492,-1.09897516740854
A673V:V689M,-0.49231934547424316,-0.93991972305758
A673V:V695A,0.16331934928894043,-1.99120401918348
A673V:V695E,0.5829901695251465,-1.6806856213096
A673V:V695G,0.3531210422515869,-0.776293591321659
A673V:V695M,-0.6293134689331055,-1.3106525116776
A673V:V707A,-1.076581358909607,-2.99381309387896
A673V:V707E,-4.272577285766602,-4.80736178785768
A673V:V707M,-2.127866268157959,-2.09286931547696
A673V:V710A,-0.2382664680480957,-4.76611792127787
A673V:V710D,-3.9697327613830566,-5.37128833103328
A673V:V710I,-0.23760747909545898,-1.09488248865605
A673V:V711A,-0.6093649864196777,-4.05592610792322
A673V:V711D,-4.21444845199585,-4.53121373096942
A673V:V711I,-0.42287933826446533,-3.24997945875343
A673V:V711L,-0.1504814624786377,-4.08500195620591
A673V:Y681C,-1.322807788848877,-2.00979401141556
A673V:Y681F,0.07731270790100098,-0.666762361320684
A673V:Y681H,0.2564971446990967,-0.291110422835548
A673V:Y681N,0.4697777032852173,-2.2542430300198
A673W,-3.0897226333618164,0.762124581988803
A673Y,-1.2181296348571777,0.807384910007215
A692C,-2.791049003601074,1.18096963225416
A692D,1.5554399490356445,-1.3381710964878222
A692E,1.5570062398910522,-0.7059520252516218
A692E:A701G,0.0092734694480896,-3.7231328235458
A692E:A701T,0.48289722204208374,0.0271430048125058
A692E:A701V,0.8463025689125061,0.712024498352342
A692E:A713S,-0.29804879426956177,-1.60806476093272
A692E:A713V,1.1092114448547363,-0.976714728540108
A692E:D694E,0.8997370600700378,-1.62679079410423
A692E:D694G,0.5213481783866882,0.329853648661242
A692E:D694V,0.4800209403038025,-0.758375761940356
A692E:E693D,0.7378965020179749,-1.39822032661046
A692E:E693G,0.49364417791366577,0.631797314774396
A692E:E693Q,0.1331823468208313,-1.24184927024714
A692E:E693V,-0.08880621194839478,1.49852238820575
A692E:G696C,-0.5594703555107117,-2.42881534207166
A692E:G696D,0.5325701832771301,-4.54224861097065
A692E:G696S,0.9913557171821594,-4.18728080532633
A692E:G700C,-2.4000800251960754,-2.11435394466769
A692E:G700D,-1.1014062762260437,-4.62582202143938
A692E:G704R,-2.532161295413971,-4.77580483945935
A692E:G708C,-0.5544660687446594,-1.15898009547578
A692E:G709A,0.8425955772399902,-2.14119103631052
A692E:G709C,0.12924045324325562,-2.20447240236937
A692E:G709D,-2.3164508938789368,-3.38660798063482
A692E:G709S,0.22712045907974243,-3.06761326516367
A692E:I702F,-0.5679996609687805,-3.93191344778214
A692E:I702T,-0.6900594830513,-3.78746974532724
A692E:I702V,0.2580726742744446,-2.38420992241637
A692E:I703F,-0.8962419629096985,-4.88380819160121
A692E:I703N,-2.5458624958992004,-5.09239823660236
A692E:I703T,-0.6341994404792786,-3.35529717991217
A692E:I703V,0.4843587279319763,-5.00536497271579
A692E:I712K,-2.941479980945587,-1.87498689820532
A692E:I712L,1.2081648707389832,-3.27817398773136
A692E:I712M,4.351139068603516e-06,-3.58062242488578
A692E:I712T,-0.06701940298080444,-3.41682091166844
A692E:I712V,1.049961507320404,-4.2071387525497
A692E:K699E,0.1574113965034485,-1.43280052601998
A692E:K699I,0.7593831419944763,-2.16980827083618
A692E:K699N,0.3513076901435852,-2.30487543446788
A692E:K699R,0.579888641834259,-1.73551209051598
A692E:L705F,0.19391518831253052,-3.48909840755276
A692E:L705H,-2.09077912569046,-2.10193060111367
A692E:L705I,1.011659324169159,-2.08123718859178
A692E:L705P,-0.1418284773826599,-3.67801030602645
A692E:M706K,-1.9284704327583313,-3.52054066788653
A692E:M706L,1.590383231639862,-4.0125612540414
A692E:M706T,2.0646483302116394,-4.65631133787575
A692E:M706V,2.82536119222641,-3.56011622119627
A692E:N698D,0.3089354634284973,-4.25008170656536
A692E:N698I,-0.5681454539299011,-1.01764060473384
A692E:N698S,0.7522304058074951,-4.14850305770589
A692E:N698Y,-0.4762231707572937,-0.650838922826824
A692E:S697L,1.6348333358764648,-1.95103341742229
A692E:S697P,0.4862971901893616,-4.78208038581369
A692E:S697T,0.6148145794868469,-1.10300023734663
A692E:V695A,1.0415648818016052,-3.20144278887176
A692E:V695E,1.4612357020378113,-3.53906049194947
A692E:V695M,0.24893206357955933,-4.2413480265966
A692E:V707A,-0.19833582639694214,-3.04458353408907
A692E:V707E,-3.3943317532539368,-4.51445728893204
A692E:V707M,-1.2496207356452942,-2.35517558236481
A692E:V710A,0.6399790644645691,-4.38499793584799
A692E:V710I,0.6406380534172058,-2.74048089590254
A692E:V711A,0.26888054609298706,-3.00286421042351
A692E:V711D,-3.336202919483185,-4.2246291430363
A692E:V711I,0.45536619424819946,-1.47698028567333
A692F,-0.7176513671875,1.15528665450619
A692G,0.7719640731811523,0.3046458081933245
A692G:A713T,-0.3386569023132324,0.48142740146575
A692G:D694E,0.5072159767150879,0.0733561134069088
A692G:E693D,0.3453754186630249,0.827976330486788
A692G:E693G,0.10112309455871582,1.25631684633531
A692G:E693V,-0.4813272953033447,-0.603761866870219
A692G:G696C,-0.9519914388656616,-1.17285639876019
A692G:G696S,0.5988346338272095,-3.10149729275443
A692G:G708C,-0.9469871520996094,-0.548031686050479
A692G:G709C,-0.26328063011169434,0.351626269077395
A692G:G709S,-0.16540062427520752,-2.47556404377181
A692G:I703N,-2.9383835792541504,-5.01048111413447
A692G:I703T,-1.0267205238342285,-4.8595643571736
A692G:I712K,-3.334001064300537,-4.28421253166587
A692G:I712L,0.8156437873840332,-2.20189428239063
A692G:K699E,-0.23510968685150146,-3.93065343009359
A692G:K699I,0.36686205863952637,-1.33444288529712
A692G:K699N,-0.041213393211364746,-1.22280107527644
A692G:K699R,0.18736755847930908,-0.609463191745664
A692G:L705H,-2.48330020904541,-4.43240326335931
A692G:N698D,-0.08358561992645264,-1.15970792591668
A692G:N698I,-0.9606665372848511,-1.63279234745719
A692G:N698S,0.35970932245254517,-3.95295820048423
A692G:N698Y,-0.8687442541122437,0.607659482570253
A692G:S697P,0.09377610683441162,-4.36186508927536
A692G:S697T,0.22229349613189697,0.0265972964000432
A692G:V695A,0.6490437984466553,0.0587483442278368
A692G:V695E,1.0687146186828613,-2.98330800100039
A692G:V710D,-3.484008312225342,-4.40132388958964
A692G:V711A,-0.12364053726196289,-4.18728080532633
A692G:V711D,-3.7287240028381348,-4.53541103925119
A692H,-0.34787797927856445,0.857822523785
A692I,-0.7686090469360352,0.923594453057645
A692K,0.6779727935791016,-1.20494217890181
A692L,-0.09780573844909668,1.19845750602052
A692M,-1.1962976455688477,1.14018410315756
A692P,0.5563631057739258,-0.760731683977794
A692P:A701V,0.34598100185394287,-0.280969097370892
A692P:E693D,0.23757493495941162,-0.47976417997323
A692P:E693V,-0.589127779006958,1.33645408920022
A692P:G696C,-1.059791922569275,-1.21581411936112
A692P:G709C,-0.3710811138153076,-3.13367448991109
A692P:I702V,-0.24224889278411865,-1.18770975546517
A692P:M706K,-2.4287919998168945,-4.62582202143938
A692P:N698D,-0.19138610363006592,-3.38877310910856
A692P:N698I,-1.0684670209884644,0.826680410538152
A692P:N698Y,-0.9765447378158569,-1.47126243457494
A692P:S697L,1.1345117688179016,-1.02864506083548
A692P:V695E,0.960914134979248,-3.58268702210783
A692P:V695M,-0.2513895034790039,-3.79633385944756
A692Q,0.015727758407592773,-0.313641505525236
A692R,-0.030658721923828125,-1.00939043387088
A692S,0.6421566009521484,-0.81599388898981
A692S:A701T,0.025472402572631836,0.393754304926522
A692S:A713V,0.6517866253852844,0.0817175098075031
A692S:D694E,0.44231224060058594,-2.76749968110091
A692S:E693D,0.28047168254852295,-0.386697361632391
A692S:E693G,0.03621935844421387,0.20141055824528
A692S:G696C,-1.0168951749801636,-2.58967735053923
A692S:G696S,0.5339308977127075,-2.11788959949999
A692S:G700C,-2.8575048446655273,-2.81361774883305
A692S:G700D,-1.5588310956954956,-3.97105769685669
A692S:G708C,-1.0118908882141113,0.0893853136897266
A692S:G709C,-0.3281843662261963,-2.5337573453667
A692S:I702V,-0.19935214519500732,-2.09217636807463
A692S:I703T,-1.0916242599487305,-5.46714644282821
A692S:I703V,0.026933908462524414,-3.44001206540139
A692S:I712L,0.7507400512695312,-3.03037549436219
A692S:I712M,-0.4574204683303833,-3.76039895220872
A692S:I712T,-0.5244442224502563,-4.45390946858028
A692S:K699I,0.3019583225250244,-4.51118606979191
A692S:K699R,0.12246382236480713,-1.10606715973125
A692S:L705F,-0.2635096311569214,-3.30567007787387
A692S:L705H,-2.548203945159912,-3.97793057614445
A692S:L705P,-0.5992532968521118,-5.03457866571353
A692S:M706I,1.8999860286712646,-2.72402540307031
A692S:M706V,2.367936372756958,-2.96461586798824
A692S:N698D,-0.1484893560409546,-5.01433459403184
A692S:N698Y,-0.9336479902267456,0.345818367052434
A692S:S697T,0.15738976001739502,-0.148107212810497
A692S:V695E,1.0038108825683594,-1.89904878882842
A692S:V695G,0.7739417552947998,-1.70237415553833
A692S:V707M,-1.707045555114746,-2.04614569464115
A692S:V710A,0.1825542449951172,-4.92124998040653
A692S:V710D,-3.5489120483398438,-4.3647253653767
A692S:V710I,0.1832132339477539,-1.38928236756118
A692S:V711A,-0.18854427337646484,-4.86490190796066
A692T,0.05977368354797363,-0.6026863958246804
A692T:A701E,-1.1180247068405151,-4.73089625191531
A692T:A701G,-0.7393428087234497,-1.28404842900429
A692T:A701S,-0.8044141530990601,-3.24647238986338
A692T:A701T,-0.26571905612945557,0.607556074189373
A692T:A701V,0.0976862907409668,1.56291125667227
A692T:A713E,-3.393750309944153,-4.97320971933724
A692T:A713S,-1.046665072441101,-1.26015060963526
A692T:A713T,-0.6947520971298218,-0.152136386075827
A692T:A713V,0.360595166683197,0.312873245372907
A692T:D694E,0.15112078189849854,-0.467116725385417
A692T:D694G,-0.22726809978485107,0.198850115812115
A692T:D694N,-0.14815866947174072,1.02960805880998
A692T:D694V,-0.2685953378677368,1.02889575945656
A692T:E693D,-0.010719776153564453,-0.611023201792647
A692T:E693G,-0.25497210025787354,1.42285111133538
A692T:E693K,-0.12148964405059814,-0.586955338375239
A692T:E693V,-0.8374224901199341,0.114064490583605
A692T:G696A,-0.1302645206451416,-3.7231328235458
A692T:G696C,-1.308086633682251,-1.65068202896658
A692T:G696D,-0.21604609489440918,-3.88446834648287
A692T:G696R,-0.2087688446044922,-0.293525189741827
A692T:G696S,0.24273943901062012,-0.56405783201275
A692T:G696V,-0.3404266834259033,-1.16451905964983
A692T:G700C,-3.1486963033676147,-1.07653119288733
A692T:G700D,-1.850022554397583,-4.16954052504973
A692T:G700S,-1.2460957765579224,-4.93061060440744
A692T:G704E,-3.487547278404236,-4.41042435664054
A692T:G704R,-3.2807775735855103,-4.02264575059606
A692T:G708A,-0.0809563398361206,-4.52838427395954
A692T:G708C,-1.3030823469161987,-1.27599352728378
A692T:G708D,-3.3990660905838013,-4.6400724974855
A692T:G708S,-0.7435716390609741,-2.92311228935087
A692T:G708V,-0.34791743755340576,-4.66420487741664
A692T:G709C,-0.6193758249282837,-2.1744644690995
A692T:G709D,-3.065067172050476,-3.13873942912518
A692T:G709S,-0.5214958190917969,-2.65396649698817
A692T:I702F,-1.3166159391403198,-1.67229868452697
A692T:I702N,-2.1867681741714478,-1.41852592931995
A692T:I702T,-1.4386757612228394,-2.88074038977282
A692T:I702V,-0.4905436038970947,-1.86506223583256
A692T:I703F,-1.6448582410812378,-3.87496779939641
A692T:I703M,-1.8156567811965942,-3.57417633243992
A692T:I703N,-3.2944787740707397,-3.70888001153527
A692T:I703T,-1.3828157186508179,-4.49921896845525
A692T:I703V,-0.264257550239563,-2.66521476098209
A692T:I712K,-3.6900962591171265,-4.48932168967469
A692T:I712L,0.45954859256744385,-1.5921716773549
A692T:I712M,-0.7486119270324707,-1.74790049594038
A692T:I712T,-0.8156356811523438,-2.7046799995322
A692T:I712V,0.30134522914886475,-3.00024248324891
A692T:K699E,-0.5912048816680908,-2.70059458710003
A692T:K699I,0.010766863822937012,-2.39259503520783
A692T:K699N,-0.3973085880279541,0.39567375359312
A692T:K699Q,-0.5111017227172852,-2.0091044229608
A692T:K699R,-0.16872763633728027,-1.30454090767935
A692T:L705F,-0.5547010898590088,-1.33598981912821
A692T:L705H,-2.8393954038619995,-2.73356374631523
A692T:L705I,0.26304304599761963,0.391042447506493
A692T:L705P,-0.8904447555541992,-4.61109505210269
A692T:M706I,1.6087945699691772,-3.49762323219517
A692T:M706K,-2.6770867109298706,-3.38585586923827
A692T:M706L,0.8417669534683228,-3.54904392856489
A692T:M706T,1.3160320520401,-4.14261852456898
A692T:M706V,2.0767449140548706,-3.20285879254599
A692T:N698D,-0.439680814743042,-4.04878934168903
A692T:N698I,-1.3167617321014404,-0.425293109957727
A692T:N698S,0.0036141276359558105,-3.69600134899751
A692T:N698T,-0.671302080154419,-2.1390918071506
A692T:N698Y,-1.224839448928833,0.333314736782446
A692T:S697L,0.8862170577049255,-1.52335917902709
A692T:S697P,-0.26231908798217773,-2.43266576262674
A692T:S697T,-0.13380169868469238,-0.217894677227184
A692T:V695A,0.2929486036300659,0.0755223727075156
A692T:V695E,0.712619423866272,-1.0066832689527
A692T:V695G,0.4827502965927124,0.136258699726445
A692T:V695M,-0.49968421459198,-0.431559264572391
A692T:V707A,-0.9469521045684814,-1.64989295329304
A692T:V707E,-4.142948031425476,-4.20951823626346
A692T:V707L,-0.9111316204071045,-1.21531730315832
A692T:V707M,-1.9982370138168335,-0.245263247021388
A692T:V710A,-0.10863721370697021,-4.63611600776795
A692T:V710D,-3.840103507041931,-3.66868758080111
A692T:V710F,-0.5912679433822632,1.08296469964673
A692T:V710I,-0.1079782247543335,-0.0531993399894736
A692T:V711A,-0.47973573207855225,-3.71071989880122
A692T:V711D,-4.084819197654724,-4.19678159344102
A692T:V711I,-0.29325008392333984,-2.5847633357368
A692V,-0.25537872314453125,0.5943037428915985
A692V:A701E,-1.2756009101867676,-3.95366595414482
A692V:A701P,-0.9319486618041992,0.0446564207376446
A692V:A701T,-0.423295259475708,1.09982570446292
A692V:A701V,-0.059889912605285645,2.18500879438171
A692V:A713S,-1.2042412757873535,0.58635992106275
A692V:A713T,-0.8523283004760742,0.89647675359889
A692V:A713V,0.20301896333694458,1.15906746075097
A692V:D694E,-0.006455421447753906,0.198981726011155
A692V:D694G,-0.3848443031311035,1.08695422082569
A692V:D694V,-0.42617154121398926,-2.85667381417439
A692V:E693D,-0.1682959794998169,0.731187165107623
A692V:E693G,-0.412548303604126,2.25683436164163
A692V:E693V,-0.9949986934661865,-2.22043760360177
A692V:G696C,-1.4656628370285034,-1.23808520912644
A692V:G696D,-0.3736222982406616,-1.80544399703075
A692V:G696S,0.08516323566436768,0.440164867974244
A692V:G700C,-3.306272506713867,-1.85020528080774
A692V:G700D,-2.0075987577438354,-3.60843967277413
A692V:G704R,-3.4383537769317627,-3.29844923253592
A692V:G704V,-2.3611814975738525,-4.52838427395954
A692V:G708C,-1.4606585502624512,-0.970272998582242
A692V:G708D,-3.5566422939300537,-3.92170820154815
A692V:G708S,-0.9011478424072266,-3.12879713918734
A692V:G709C,-0.7769520282745361,-1.15262088491508
A692V:G709D,-3.2226433753967285,-1.83515671487876
A692V:G709S,-0.6790720224380493,-3.1925565790653
A692V:I702F,-1.4741921424865723,-0.423807588513798
A692V:I702N,-2.3443443775177,-0.67751922166214
A692V:I702T,-1.5962519645690918,-1.67736903565663
A692V:I702V,-0.6481198072433472,0.440402674254227
A692V:I703F,-1.8024344444274902,-3.25083958705922
A692V:I703N,-3.452054977416992,-2.89009789519607
A692V:I703T,-1.5403919219970703,-4.30679096300696
A692V:I703V,-0.42183375358581543,-1.60639834142329
A692V:I712K,-3.847672462463379,-1.9464121336683
A692V:I712L,0.3019723892211914,-1.43683413187082
A692V:I712M,-0.9061881303787231,-1.42328003694386
A692V:I712T,-0.9732118844985962,-2.582225141066
A692V:I712V,0.1437690258026123,-1.45729166042865
A692V:K699E,-0.7487810850143433,-1.59125328597009
A692V:K699I,-0.14680933952331543,-1.64957578903401
A692V:K699N,-0.5548847913742065,0.499667909775191
A692V:K699R,-0.3263038396835327,0.890849295380988
A692V:K699T,0.555650532245636,-0.131402523932024
A692V:L705F,-0.7122772932052612,-0.324126616506859
A692V:L705H,-2.996971607208252,-1.08606656763017
A692V:L705P,-1.0480209589004517,-1.82834121336221
A692V:M706I,1.4512183666229248,-2.27575737981101
A692V:M706K,-2.834662914276123,-3.47473531224805
A692V:M706L,0.6841907501220703,-2.15417277054887
A692V:M706T,1.1584558486938477,-2.85259726042712
A692V:M706V,1.9191687107086182,-1.03691300172669
A692V:N698D,-0.5972570180892944,-3.19916614366248
A692V:N698I,-1.4743379354476929,-0.197081857081253
A692V:N698S,-0.15396207571029663,-1.39703373148007
A692V:N698T,-0.8288782835006714,-1.91579482093104
A692V:N698Y,-1.3824156522750854,-0.262545514172655
A692V:S697L,0.7286408543586731,-0.64423911325944
A692V:S697P,-0.4198952913284302,-0.799410874984187
A692V:S697T,-0.2913779020309448,0.297553526524204
A692V:V695A,0.13537240028381348,1.49783978421626
A692V:V695E,0.5550432205200195,-0.18526548959511
A692V:V695G,0.32517409324645996,1.65011502580838
A692V:V707A,-1.1045283079147339,0.228093671437199
A692V:V707E,-4.3005242347717285,-1.56520078460711
A692V:V707M,-2.155813217163086,0.391678995012879
A692V:V710A,-0.26621341705322266,-3.13746656929215
A692V:V710D,-3.9976797103881836,-3.9517678326431
A692V:V710I,-0.26555442810058594,0.279363663120528
A692V:V711A,-0.6373119354248047,-2.91659945240219
A692V:V711D,-4.242395401000977,-3.42765948992663
A692V:V711L,-0.17842841148376465,-1.84213609791349
A692W,-1.6939549446105957,-0.827308517938846
A692Y,-0.8058910369873047,0.348127838247708
A701C,-4.336765289306641,-1.17613083334407
A701D,-3.5437021255493164,-3.524566405725005
A701E,-2.295823097229004,-2.906627430061695
A701E:A713S,-2.22446346282959,-4.38178792732077
A701E:A713V,-0.8172032237052917,-3.29316749985201
A701E:G704R,-4.458575963973999,-3.73282439706633
A701E:G708C,-2.4808807373046875,-4.10846715457644
A701E:G708S,-1.921370029449463,-4.54529341895424
A701E:G709C,-1.7971742153167725,-4.14547537502674
A701E:G709D,-4.242865562438965,-4.92124998040653
A701E:I702F,-2.4944143295288086,-4.75628704677239
A701E:I702T,-2.616474151611328,-4.7846359722343
A701E:I702V,-1.6683419942855835,-3.65424999911317
A701E:I703V,-1.4420559406280518,-4.1753139170635
A701E:I712L,-0.7182497978210449,-4.56101983590945
A701E:I712M,-1.9264103174209595,-4.87098000844893
A701E:I712V,-0.876453161239624,-3.97105769685669
A701E:L705H,-4.017193794250488,-5.22936103103842
A701E:M706K,-3.8548851013183594,-5.04888209585859
A701E:M706V,0.8989465236663818,-4.36186508927536
A701E:V707A,-2.12475049495697,-4.57405378042234
A701E:V707E,-5.320746421813965,-4.79626861687992
A701E:V707M,-3.1760354042053223,-3.05792508181458
A701E:V710I,-1.2857766151428223,-3.98854888641441
A701E:V711D,-5.262617588043213,-4.96638912676666
A701E:V711I,-1.4710484743118286,-5.48656378945659
A701F,-0.4859766960144043,-0.759770385538148
A701G,-1.538459300994873,0.5137783328720484
A701G:G708C,-2.102198839187622,-2.54967201592553
A701G:G709C,-1.418492317199707,-2.74619616661777
A701G:G709S,-1.3206123113632202,-2.97978159700768
A701G:I702N,-2.985884666442871,-3.48909840755276
A701G:I702V,-1.289660096168518,-0.367755099377263
A701G:I703T,-2.181932210922241,-4.0030249698981
A701G:I703V,-1.0633740425109863,0.430276937208473
A701G:I712K,-4.48921275138855,-4.13012239148638
A701G:I712L,-0.3395678997039795,-2.20800446875939
A701G:I712M,-1.547728419303894,-4.29264132098416
A701G:I712T,-1.614752173423767,-4.84721977966615
A701G:L705H,-3.638511896133423,-4.97320971933724
A701G:L705P,-1.6895612478256226,-4.55500558545165
A701G:M706I,0.8096780776977539,-2.55922884369828
A701G:M706K,-3.476203203201294,-5.05810916312373
A701G:M706L,0.042650461196899414,-2.05203370648848
A701G:M706T,0.5169155597686768,-4.68590377843864
A701G:M706V,1.2776284217834473,-1.35590847749189
A701G:V707E,-4.942064523696899,-5.24815276601159
A701G:V710D,-4.6392199993133545,-4.86644174391153
A701G:V711D,-4.8839356899261475,-3.20451483764632
A701H,-3.342446804046631,-2.0140648870518
A701I,0.06919193267822266,1.46689877140342
A701K,-1.4017910957336426,-3.05666590988387
A701L,1.0094252824783325,-0.308268449491109
A701M,-0.2616770267486572,-0.723496756355086
A701N,-3.0876379013061523,-0.536069465072639
A701P,-1.6085186004638672,-1.1973227780673086
A701P:G708C,-2.137228488922119,-4.22810279984658
A701P:G708D,-4.233212232589722,-4.76979155080399
A701P:G709C,-1.453521966934204,-0.0100215400284752
A701P:G709D,-3.8992133140563965,-0.404222407436832
A701P:I702F,-2.1507620811462402,-1.13302119232505
A701P:I702T,-2.2728219032287598,-3.27650657376791
A701P:I703T,-2.2169618606567383,-4.27797731691001
A701P:I712L,-0.37459754943847656,-2.36771958346993
A701P:I712V,-0.5328009128570557,-3.77229996190634
A701P:L705P,-1.7245908975601196,-1.29690904743016
A701P:M706L,0.007620811462402344,-1.21994800629404
A701P:V707A,-1.7810982465744019,-2.97517184520741
A701P:V707M,-2.832383155822754,-1.26622401964349
A701P:V710I,-0.9421243667602539,-2.48157062959236
A701P:V711A,-1.3138818740844727,-1.74319615005858
A701Q,-2.214095115661621,-2.33178081561831
A701R,-2.2229490280151367,-4.48903591819311
A701S,-1.6686019897460938,-3.3202421183837254
A701S:A713S,-1.9108529090881348,-3.98815213021599
A701S:A713T,-1.5589399337768555,-2.73837872612079
A701S:A713V,-0.5035926699638367,-1.63338128405138
A701S:G708C,-2.1672701835632324,0.767022624845895
A701S:G708D,-4.263253927230835,-5.05227824281293
A701S:G709C,-1.4835636615753174,-1.18217620533341
A701S:G709S,-1.3856836557388306,-4.28885386008003
A701S:I702F,-2.1808037757873535,-3.01669501703313
A701S:I702N,-3.0509560108184814,-2.27397562396656
A701S:I702V,-1.3547314405441284,-2.70211055192172
A701S:I703T,-2.2470035552978516,-5.01815017912873
A701S:I703V,-1.1284453868865967,-2.94682995849661
A701S:I712K,-4.55428409576416,-4.5061944226724
A701S:I712L,-0.40463924407958984,-4.92906484820239
A701S:I712T,-1.6798235177993774,-2.83854592833475
A701S:I712V,-0.562842607498169,-2.19396841737643
A701S:L705F,-1.4188889265060425,-4.27797731691001
A701S:L705H,-3.703583240509033,-3.6271642028712
A701S:L705I,-0.6011447906494141,-2.84750645984133
A701S:M706I,0.7446067333221436,-4.13012239148638
A701S:M706V,1.212557077407837,-3.78108874897184
A701S:V707A,-1.8111399412155151,-4.16902250299971
A701S:V710D,-4.704291343688965,-5.1784728453736
A701S:V710I,-0.9721660614013672,-2.81506235360026
A701S:V711A,-1.343923568725586,-3.77415645283914
A701S:V711D,-4.949007034301758,-1.4853096503005
A701S:V711I,-1.1574379205703735,-3.36088455262671
A701T,-0.5912117958068848,0.9709584114623224
A701T:A713E,-3.719243049621582,-1.53137571900759
A701T:A713S,-1.3721578121185303,1.26821428358309
A701T:A713T,-1.020244836807251,1.11158663821719
A701T:A713V,0.03510242700576782,0.439526220916866
A701T:G704E,-3.813040018081665,-2.83252859878667
A701T:G704R,-3.6062703132629395,-1.99486548022787
A701T:G704V,-2.5290980339050293,-2.37682920308612
A701T:G708C,-1.628575086593628,0.530892676476783
A701T:G708D,-3.7245588302612305,-2.83843883632828
A701T:G708S,-1.0690643787384033,-2.58348000226579
A701T:G708V,-0.673410177230835,-2.65010917368866
A701T:G709C,-0.9448685646057129,-0.0811396433577101
A701T:G709D,-3.3905599117279053,-1.88030134771787
A701T:G709S,-0.8469885587692261,-0.952306598932311
A701T:I702F,-1.642108678817749,-0.974206865075039
A701T:I702N,-2.512260913848877,-2.21046290683079
A701T:I702T,-1.7641685009002686,0.762973386851929
A701T:I702V,-0.8160363435745239,0.496740778535653
A701T:I703F,-1.970350980758667,-2.82163328038574
A701T:I703N,-3.619971513748169,-3.2132462773301
A701T:I703T,-1.708308458328247,-3.69324115847681
A701T:I703V,-0.5897502899169922,-0.24084563305105
A701T:I712K,-4.015588998794556,-0.927959083200218
A701T:I712L,0.13405585289001465,-0.130128484007746
A701T:I712M,-1.0741046667099,-0.784658961180906
A701T:I712T,-1.141128420829773,-3.28699430048187
A701T:I712V,-0.024147510528564453,-1.33803000329591
A701T:L705F,-0.880193829536438,1.0268349446276
A701T:L705H,-3.1648881435394287,-2.77879100388429
A701T:L705I,-0.06244969367980957,1.27722873608578
A701T:L705P,-1.2159374952316284,-2.49017006770403
A701T:L705R,-2.4233343601226807,-3.70984219759308
A701T:L705V,-0.2656383514404297,1.32559071733611
A701T:M706I,1.283301830291748,0.906600892647564
A701T:M706K,-3.0025794506073,-3.36687145491411
A701T:M706L,0.5162742137908936,-1.68622420608323
A701T:M706T,0.9905393123626709,-3.08317782416156
A701T:M706V,1.7512521743774414,0.767811056634916
A701T:V707A,-1.2724448442459106,-1.87790889159803
A701T:V707E,-4.468440771102905,-2.77200224109075
A701T:V707L,-1.2366243600845337,0.534594779299463
A701T:V707M,-2.3237297534942627,0.853308847316607
A701T:V710A,-0.4341299533843994,-2.68067759379874
A701T:V710D,-4.16559624671936,-1.28328031296376
A701T:V710G,-0.9170529842376709,-4.73089625191531
A701T:V710I,-0.4334709644317627,1.46327495525872
A701T:V711A,-0.8052284717559814,-2.92481438151991
A701T:V711D,-4.410311937332153,-3.37813710479425
A701T:V711G,-1.526907205581665,-5.20893205285831
A701T:V711I,-0.618742823600769,1.37765782775776
A701V,0.13559889793395996,2.177050747191775
A701V:A713E,-3.3558377027511597,-1.57817813181382
A701V:A713S,-1.008752465248108,1.33548805847783
A701V:A713T,-0.6568394899368286,1.14770113341494
A701V:A713V,0.3985077738761902,1.35674859901271
A701V:G704E,-3.4496346712112427,-1.77648212769205
A701V:G704R,-3.242864966392517,-1.79661277939267
A701V:G708C,-1.2651697397232056,-0.897441154423502
A701V:G708D,-3.361153483390808,-1.82169567309269
A701V:G708S,-0.705659031867981,-1.0356246171635
A701V:G708V,-0.3100048303604126,-2.04826983202464
A701V:G709C,-0.5814632177352905,-0.549801931712478
A701V:G709D,-3.027154564857483,-0.810745071564211
A701V:G709R,-3.582048535346985,-2.0992555199551
A701V:G709S,-0.4835832118988037,-0.533398184210926
A701V:I702F,-1.2787033319473267,-0.203201537793495
A701V:I702N,-2.1488555669784546,0.932469101281027
A701V:I702T,-1.4007631540298462,1.60348873011535
A701V:I702V,-0.45263099670410156,0.995607451649896
A701V:I703F,-1.6069456338882446,-2.8475216419275
A701V:I703L,-1.0833169221878052,-4.51578487229837
A701V:I703N,-3.2565661668777466,-2.71462810782764
A701V:I703T,-1.3449031114578247,-3.12834721041238
A701V:I703V,-0.22634494304656982,0.804180618185787
A701V:I712K,-3.6521836519241333,-0.346160302229308
A701V:I712L,0.497461199760437,0.62696945559798
A701V:I712M,-0.7106993198394775,0.0884639130191394
A701V:I712T,-0.7777230739593506,-1.11026865963788
A701V:I712V,0.3392578363418579,-0.327163776522989
A701V:L705F,-0.5167884826660156,2.40976298405861
A701V:L705H,-2.8014827966690063,-0.0646558675365655
A701V:L705I,0.3009556531906128,2.73369812985395
A701V:L705P,-0.852532148361206,-2.66610563573432
A701V:L705R,-2.0599290132522583,-4.12894790876023
A701V:M706I,1.6467071771621704,-0.939641925483088
A701V:M706K,-2.6391741037368774,-2.50064870768358
A701V:M706L,0.8796795606613159,-1.08451338129107
A701V:M706T,1.3539446592330933,-2.70692623428515
A701V:M706V,2.1146575212478638,0.393710519583257
A701V:V707A,-0.9090394973754883,0.635743755110768
A701V:V707E,-4.105035424232483,-0.174852009042621
A701V:V707L,-0.8732190132141113,2.01462804430914
A701V:V707M,-1.9603244066238403,1.78019340611554
A701V:V710A,-0.07072460651397705,-1.12675511704733
A701V:V710D,-3.802190899848938,-0.599398501513491
A701V:V710I,-0.07006561756134033,1.35491645848509
A701V:V710L,-0.10082089900970459,1.28379692717871
A701V:V711A,-0.4418231248855591,-1.60542081624532
A701V:V711D,-4.046906590461731,-0.854256100840718
A701V:V711F,-0.729137659072876,-0.0668060679312906
A701V:V711I,-0.2553374767303467,1.16896060406884
A701V:V711L,0.017060399055480957,0.292591441044126
A701W,-0.49416589736938477,-2.94598121938611
A701Y,-1.5960440635681152,-2.77042425852093
A713C,-2.068154811859131,1.35126407916363
A713D,-7.267537593841553,-2.91533264488154
A713E,-6.847274303436279,-3.5104862138889548
A713F,-0.8671131134033203,-0.39946913426971
A713G,-1.4285492897033691,-2.255575613531245
A713H,-7.750081539154053,-3.1132786617551
A713I,0.44412338733673096,-0.270948134870456
A713K,-7.943522930145264,-4.37288106660394
A713L,0.862526535987854,1.384054625452012
A713M,-1.8210902214050293,0.564517071009348
A713N,-5.915916919708252,1.84079546687175
A713P,-3.8455986976623535,-2.252896058725635
A713Q,-6.716402530670166,-1.11862521154006
A713R,-8.757804870605469,-3.80791163467585
A713S,-2.153103828430176,-0.1232074720747574
A713T,-1.4492778778076172,1.0581064256943615
A713V,0.6614166498184204,0.3621516542915335
A713W,-5.643568992614746,-3.33280515830025
A713Y,-5.516310691833496,-3.15263245069597
D672A,-0.16111516952514648,0.1997576633340574
D672A:A701V,-0.012758135795593262,1.2725549903859
D672A:E682D,0.03503727912902832,0.372511569605647
D672A:F690I,-0.0319056510925293,0.505460600909907
D672A:F690L,0.2914755344390869,-1.87330669339015
D672A:F691L,0.2840697765350342,-0.750833669791267
D672A:G700C,-3.259140729904175,-2.03087822251036
D672A:K699R,-0.27917206287384033,-1.80126818723432
D672A:L688M,-0.3460690975189209,0.307195433808327
D672A:L688S,0.7534687519073486,-0.505321794056966
D672A:Q686H,-0.18320035934448242,-0.204696607227976
D672C,-4.27911376953125,-0.3003345157521663
D672E,0.31493711471557617,0.0174793383789922
D672E:A673E,0.6063530445098877,-0.741291554805371
D672E:A673P,0.1707923412322998,-0.0845434072250753
D672E:A673S,0.30362796783447266,0.0717296216248898
D672E:A673T,0.20938634872436523,-0.0026909619123906
D672E:A673V,0.057726144790649414,-1.75244119521087
D672E:A692E,0.9359716773033142,-1.43232197797716
D672E:A692G,0.5434505939483643,-0.227972526908171
D672E:A692P,0.435650110244751,-2.36474967743152
D672E:A692S,0.4785468578338623,-0.670453241368891
D672E:A692T,0.1873553991317749,-0.0296208022798277
D672E:A692V,0.02977919578552246,0.825289297647133
D672E:A701E,-0.9904429912567139,-3.52041496868068
D672E:A701P,-0.6467907428741455,-1.2235065183786
D672E:A701S,-0.6768324375152588,-2.95373397765006
D672E:A701T,-0.1381373405456543,1.11267472208431
D672E:A701V,0.22526800632476807,2.02845578990438
D672E:A713E,-3.2661685943603516,-2.90267009274731
D672E:A713G,-0.5568060874938965,-2.29561950536127
D672E:A713S,-0.9190833568572998,-0.458252292355972
D672E:A713T,-0.5671703815460205,0.271292298303877
D672E:A713V,0.4881768822669983,0.875027003354356
D672E:D678A,0.0009088516235351562,-1.28874970131821
D672E:D678E,0.24754023551940918,-0.0777452672914825
D672E:D678G,0.11210060119628906,0.260220813083856
D672E:D678N,-0.1728501319885254,-0.54441083438166
D672E:D678V,0.0733191967010498,-0.561817931421873
D672E:D678Y,-0.4617577791213989,0.427037997396899
D672E:D694E,0.2787024974822998,0.59900278143187
D672E:D694G,-0.0996863842010498,0.779140501840017
D672E:D694N,-0.020576953887939453,0.950098524549712
D672E:D694V,-0.14101362228393555,-3.48394365134881
D672E:D694Y,-0.24523508548736572,-3.54820084603666
D672E:E674A,0.025957703590393066,0.0240802152819599
D672E:E674D,0.13478493690490723,0.872683591243969
D672E:E674G,0.08784651756286621,0.380253840724332
D672E:E674K,-0.09571421146392822,0.681826319690921
D672E:E674V,-0.01666402816772461,-1.54535050711909
D672E:E682A,-0.0421069860458374,-0.861590976172319
D672E:E682D,0.27306342124938965,-0.39616896872209
D672E:E682G,0.169000506401062,0.214115956245557
D672E:E682K,-0.013302803039550781,0.0079257003631696
D672E:E682V,0.02845585346221924,0.139893539352312
D672E:E693D,0.11686193943023682,-0.336952152964389
D672E:E693G,-0.12739038467407227,2.40221327509739
D672E:E693K,0.006092071533203125,0.0013680583427579
D672E:E693V,-0.7098407745361328,-0.387795358594707
D672E:F675I,0.577513575553894,-0.809058744495028
D672E:F675L,0.6906007528305054,-0.638233376048844
D672E:F675S,0.9016081094741821,-0.565528961319608
D672E:F675Y,0.21510648727416992,-0.020030786951059
D672E:F690I,0.20612049102783203,1.05616709131914
D672E:F690L,0.5295016765594482,0.114679335802346
D672E:F690S,1.4996452331542969,-0.919747970649258
D672E:F690V,0.6386740207672119,-0.591354103188343
D672E:F690Y,0.4037153720855713,-0.991032316905765
D672E:F691I,0.3581068515777588,0.592385764961084
D672E:F691L,0.5220959186553955,-0.606242099031686
D672E:F691S,1.1660677194595337,0.0611820439891304
D672E:F691V,0.8183200359344482,0.280193484361
D672E:F691Y,0.1472477912902832,-0.127410149956843
D672E:G680E,0.4254351854324341,-0.484305759335423
D672E:G680R,-0.04088246822357178,-0.419569402140452
D672E:G680V,0.05627620220184326,-0.386032410304052
D672E:G696A,-0.002682805061340332,-1.55981295966065
D672E:G696C,-1.1805049180984497,-0.49399355182813
D672E:G696D,-0.08846437931060791,-2.92772141555751
D672E:G696R,-0.08118712902069092,-0.170640567304703
D672E:G696S,0.3703211545944214,-0.16232020516804
D672E:G696V,-0.21284496784210205,0.190481430561095
D672E:G700C,-3.0211145877838135,-0.556434138560788
D672E:G700D,-1.7224408388137817,-3.33549541934217
D672E:G700R,-1.530975103378296,-4.36186508927536
D672E:G700S,-1.118514060974121,-2.32447226958926
D672E:G704E,-3.3599655628204346,-3.51464275269816
D672E:G704R,-3.153195858001709,-3.23808141302838
D672E:G704V,-2.076023578643799,-2.93804136025695
D672E:G708A,0.046625375747680664,-3.41717258363026
D672E:G708C,-1.1755006313323975,-0.851258010810065
D672E:G708D,-3.271484375,-3.75600808052454
D672E:G708R,-3.2406816482543945,-3.49326313199817
D672E:G708S,-0.6159899234771729,-2.62465761021119
D672E:G708V,-0.2203357219696045,-3.03928358523547
D672E:G709A,0.2215610146522522,-3.05734622991623
D672E:G709C,-0.4917941093444824,-0.63521654522295
D672E:G709D,-2.937485456466675,-2.1082983007275
D672E:G709S,-0.3939141035079956,-2.87105553899002
D672E:G709V,0.3593692183494568,-3.65279540337619
D672E:H677D,0.8093584775924683,-1.12161342711104
D672E:H677L,0.3903663158416748,-1.13915838323933
D672E:H677N,0.44617724418640137,-2.00962480829489
D672E:H677P,0.5635079145431519,0.379904703663587
D672E:H677Q,0.39048242568969727,-0.0972146647526652
D672E:H677R,0.5992076396942139,0.256691236766782
D672E:H677Y,0.031024813652038574,-0.665488459835323
D672E:H684L,0.4489079713821411,-0.89224757832596
D672E:H684N,0.38607335090637207,0.995306421047154
D672E:H684Q,0.39290082454681396,-0.490644809085584
D672E:H684R,0.36621975898742676,-0.11141888866898
D672E:H684Y,-0.20627319812774658,0.688039167142401
D672E:H685L,0.023330330848693848,-0.11326862566472
D672E:H685N,0.3653465509414673,-0.0880655405605328
D672E:H685P,0.5664492845535278,-0.361164066808879
D672E:H685Q,0.34650707244873047,-0.83237123606352
D672E:H685R,0.39188241958618164,0.0781860468972155
D672E:H685Y,-0.3633509874343872,-1.11734362077921
D672E:I702F,-1.1890342235565186,-1.63215493848044
D672E:I702N,-2.0591864585876465,-0.9587480403955
D672E:I702T,-1.311094045639038,-0.827785735253717
D672E:I702V,-0.36296188831329346,-1.01620999957712
D672E:I703F,-1.5172765254974365,-3.46017715869484
D672E:I703N,-3.1668970584869385,-3.77997005489307
D672E:I703T,-1.2552340030670166,-2.77997437244983
D672E:I703V,-0.13667583465576172,-1.42674883151978
D672E:I712K,-3.562514543533325,-3.15604149810214
D672E:I712L,0.5871303081512451,-1.68276993443734
D672E:I712M,-0.6210302114486694,-1.81193574004955
D672E:I712T,-0.6880539655685425,-3.38799681446785
D672E:I712V,0.428926944732666,-2.97632376833583
D672E:K687E,0.34076666831970215,-1.70655999818641
D672E:K687I,-0.9577071666717529,-2.10188411603568
D672E:K687N,0.15096282958984375,0.40007082285039
D672E:K687Q,0.025580763816833496,-0.318070449174024
D672E:K687R,0.07758712768554688,-0.322973893848702
D672E:K687T,-0.23311758041381836,0.887040783652642
D672E:K699E,-0.46362316608428955,-2.14657387821166
D672E:K699I,0.13834857940673828,-1.25345672324242
D672E:K699N,-0.26972687244415283,-0.0596301264671949
D672E:K699Q,-0.3835200071334839,-1.72072329420652
D672E:K699R,-0.041145920753479004,-0.652455380018139
D672E:K699T,0.8408084511756897,-1.38323666866684
D672E:L688F,-0.17827248573303223,0.666533777381642
D672E:L688M,-0.10804295539855957,0.124247483517697
D672E:L688S,0.99149489402771,0.0377125374137968
D672E:L688W,-0.8518669605255127,-1.14105352675185
D672E:L705F,-0.4271193742752075,-0.628195056555669
D672E:L705H,-2.7118136882781982,-2.60110745638608
D672E:L705I,0.3906247615814209,1.14968145911931
D672E:L705P,-0.762863039970398,-3.59524697078904
D672E:L705R,-1.9702599048614502,-4.14923862429903
D672E:M706I,1.7363762855529785,-1.4595452515223
D672E:M706K,-2.5495049953460693,-3.18805233250881
D672E:M706L,0.969348669052124,-3.02352294445633
D672E:M706T,1.4436137676239014,-3.57647127862008
D672E:M706V,2.204326629638672,-1.36298435034313
D672E:N698D,-0.3120990991592407,-4.1171089708607
D672E:N698H,-0.4785884618759155,-1.14403208530454
D672E:N698I,-1.1891800165176392,-0.0710286074780881
D672E:N698K,-0.29128360748291016,-3.43697521092643
D672E:N698S,0.13119584321975708,-2.8321842577002
D672E:N698Y,-1.0972577333450317,0.506502917948636
D672E:Q686E,0.6544140577316284,-1.25779124500649
D672E:Q686H,0.054825782775878906,0.258857764839051
D672E:Q686K,0.6103094816207886,-0.691819598760559
D672E:Q686L,-0.3805510997772217,-0.514240682579476
D672E:Q686P,0.5068578720092773,1.75670750428964
D672E:Q686R,0.4574105739593506,-2.59153119971763
D672E:R676L,0.41794824600219727,-0.609268046470649
D672E:R676Q,0.20106899738311768,-0.907301802840191
D672E:S679L,-0.07185029983520508,-0.451804410724155
D672E:S679P,-0.01566457748413086,-0.507899798501538
D672E:S679T,-0.09441137313842773,-0.420994247980519
D672E:S697L,1.0137987732887268,-0.306366343031008
D672E:S697P,-0.13473737239837646,-2.84081476049153
D672E:S697T,-0.006219983100891113,-0.266529966511282
D672E:V683A,0.14749836921691895,-0.454055935691168
D672E:V683D,0.42067039012908936,-0.295586324991483
D672E:V683F,-0.19988858699798584,-0.992709842817758
D672E:V683I,-0.04520225524902344,-0.561300139709598
D672E:V689A,0.4883079528808594,-1.16555834536087
D672E:V689E,0.7531963586807251,-0.569307113665722
D672E:V689G,0.774303674697876,-1.28330339537439
D672E:V689L,0.23746848106384277,-2.57255447486169
D672E:V689M,-0.2351083755493164,-0.634816518579148
D672E:V695A,0.4205303192138672,0.128138902228442
D672E:V695E,0.8402011394500732,-1.53565334830034
D672E:V695G,0.6103320121765137,0.758293949949025
D672E:V695L,0.18138384819030762,-1.3333106837817
D672E:V695M,-0.3721024990081787,0.822563437063882
D672E:V707A,-0.8193703889846802,-1.43186287644513
D672E:V707E,-4.015366315841675,-2.89720180460282
D672E:V707L,-0.7835499048233032,0.556071438783407
D672E:V707M,-1.8706552982330322,0.490163523696271
D672E:V710A,0.018944501876831055,-2.88256697079996
D672E:V710D,-3.71252179145813,-3.59057854995439
D672E:V710F,-0.4636862277984619,-2.30850995910864
D672E:V710I,0.019603490829467773,-0.0879957824472213
D672E:V710L,-0.011151790618896484,-2.74265717337717
D672E:V711A,-0.352154016494751,-3.37748350882701
D672E:V711D,-3.957237482070923,-3.64686053495072
D672E:V711F,-0.6394685506820679,-2.3996610104944
D672E:V711I,-0.16566836833953857,-2.11535881222203
D672E:V711L,0.10672950744628906,-3.29604253603679
D672E:Y681C,-1.0655968189239502,-0.0886487947723044
D672E:Y681F,0.33452367782592773,-0.184947136455121
D672E:Y681H,0.5137081146240234,0.219081214950847
D672E:Y681N,0.726988673210144,-0.401106348209751
D672F,-1.6154708862304688,0.2097841831561785
D672G,-0.6482856273651123,0.403404212674887
D672G:A673E,0.12474167346954346,-0.535228564090262
D672G:A673P,-0.31081902980804443,0.34496414075709
D672G:A673S,-0.17798340320587158,0.177101680407946
D672G:A673T,-0.272225022315979,-0.152375590376048
D672G:A673V,-0.4238852262496948,-0.611201715673467
D672G:A692E,0.45436030626296997,-1.65294751327335
D672G:A692S,-0.0030645132064819336,-1.04440134081699
D672G:A692T,-0.29425597190856934,0.118565778284766
D672G:A692V,-0.4518321752548218,0.911153803581709
D672G:A701E,-1.472054362297058,-3.36356645017421
D672G:A701P,-1.1284021139144897,0.0317663836308394
D672G:A701S,-1.158443808555603,-3.1658391511109
D672G:A701T,-0.6197487115859985,1.52942407060076
D672G:A701V,-0.25634336471557617,1.86280643297596
D672G:A713E,-3.747779965400696,-2.41662190808715
D672G:A713S,-1.400694727897644,0.333234425493161
D672G:A713T,-1.0487817525863647,1.08536262637898
D672G:A713V,0.006565511226654053,0.772848723745705
D672G:D678E,-0.23407113552093506,0.211413603435548
D672G:D678G,-0.3695107698440552,0.180908833052486
D672G:D678N,-0.6544615030288696,1.05266563165616
D672G:D678V,-0.40829217433929443,-0.43031289371953
D672G:D678Y,-0.9433691501617432,0.515487535475662
D672G:D694E,-0.20290887355804443,0.93083230179537
D672G:D694G,-0.581297755241394,1.37160882241893
D672G:D694N,-0.5021883249282837,1.5645545417778
D672G:D694V,-0.6226249933242798,-2.27942474725922
D672G:D694Y,-0.72684645652771,-2.70680221749936
D672G:E674D,-0.346826434135437,-0.420352414327835
D672G:E674G,-0.393764853477478,0.788120128841998
D672G:E674K,-0.5773255825042725,0.617679767865553
D672G:E674V,-0.49827539920806885,-1.99256825968378
D672G:E682D,-0.2085479497909546,0.687729384273837
D672G:E682G,-0.3126108646392822,0.928212866194316
D672G:E682K,-0.494914174079895,0.190697638387276
D672G:E682V,-0.453155517578125,0.759089521859388
D672G:E693D,-0.3647494316101074,0.528560631745601
D672G:E693G,-0.6090017557144165,2.52145904045349
D672G:E693K,-0.4755192995071411,1.26475183081983
D672G:E693V,-1.191452145576477,0.269316383579554
D672G:F675C,-1.440895915031433,0.155760382634599
D672G:F675I,0.0959022045135498,0.388134820886872
D672G:F675L,0.20898938179016113,-0.864720631561242
D672G:F675S,0.4199967384338379,0.0522785184777906
D672G:F675Y,-0.2665048837661743,0.514302083206469
D672G:F690I,-0.2754908800125122,1.32621201333652
D672G:F690L,0.047890305519104004,0.130899375044774
D672G:F690S,1.0180338621139526,-1.62702050208765
D672G:F690V,0.15706264972686768,0.640064259220372
D672G:F690Y,-0.07789599895477295,-0.415933726709335
D672G:F691C,-1.2393943071365356,-2.02608373756718
D672G:F691I,-0.12350451946258545,1.00765709211444
D672G:F691L,0.04048454761505127,0.143643325892414
D672G:F691S,0.6844563484191895,0.492631950007726
D672G:F691V,0.336708664894104,-0.0349124029878506
D672G:F691Y,-0.33436357975006104,0.264380584808935
D672G:G680A,-0.4138273000717163,-0.221332712365118
D672G:G680E,-0.056176185607910156,-1.08627198937173
D672G:G680R,-0.522493839263916,0.727180358837447
D672G:G680V,-0.425335168838501,0.817318095735138
D672G:G696C,-1.662116289138794,0.519323768321492
D672G:G696D,-0.5700757503509521,-1.64805516348507
D672G:G696S,-0.11129021644592285,0.66957734517193
D672G:G696V,-0.6944563388824463,0.136787552584311
D672G:G700A,-1.1712145805358887,-2.76872558198822
D672G:G700C,-3.5027259588241577,-0.365056881342362
D672G:G700D,-2.204052209854126,-3.04241804789632
D672G:G700S,-1.6001254320144653,-2.45322874288156
D672G:G704E,-3.841576933860779,-3.22836185625738
D672G:G704R,-3.6348072290420532,-2.35179853683454
D672G:G704V,-2.557634949684143,-2.64900165006789
D672G:G708A,-0.4349859952926636,-0.0424117383537329
D672G:G708C,-1.6571120023727417,-0.154563162670433
D672G:G708D,-3.7530957460403442,-2.3015106611596
D672G:G708S,-1.097601294517517,-1.86244297904399
D672G:G708V,-0.7019470930099487,-3.02152103802711
D672G:G709A,-0.26005035638809204,-4.80845448626118
D672G:G709C,-0.9734054803848267,-0.0176507597894864
D672G:G709D,-3.419096827507019,-1.98856681913583
D672G:G709S,-0.8755254745483398,-1.9385898694707
D672G:G709V,-0.12224215269088745,-2.78678573199638
D672G:H677D,0.327747106552124,1.37559621625263
D672G:H677L,-0.09124505519866943,-1.53829786773878
D672G:H677N,-0.03543412685394287,0.159452876306443
D672G:H677P,0.08189654350280762,-1.09778037231983
D672G:H677Q,-0.09112894535064697,0.221817340090284
D672G:H677R,0.11759626865386963,0.083976977440469
D672G:H677Y,-0.45058655738830566,0.100625623037443
D672G:H684L,-0.032703399658203125,-0.0136126621488638
D672G:H684N,-0.09553802013397217,1.18022775538709
D672G:H684Q,-0.08871054649353027,0.517910683749946
D672G:H684R,-0.11539161205291748,0.0673029354046345
D672G:H684Y,-0.6878845691680908,1.19821568707211
D672G:H685D,0.09498035907745361,-1.21933801243656
D672G:H685L,-0.4582810401916504,0.387656708680371
D672G:H685N,-0.11626482009887695,0.551162249043899
D672G:H685P,0.0848379135131836,0.301147540949614
D672G:H685Q,-0.13510429859161377,0.112218306986081
D672G:H685R,-0.0897289514541626,-0.314688158677468
D672G:H685Y,-0.8449623584747314,-0.431831887524963
D672G:I702F,-1.6706455945968628,-1.54028084602802
D672G:I702M,-1.2547795176506042,1.03539341370835
D672G:I702N,-2.5407978296279907,-0.726774634702397
D672G:I702T,-1.7927054166793823,-0.100865159336579
D672G:I702V,-0.8445732593536377,-0.760192186252577
D672G:I703F,-1.9988878965377808,-2.548729556877
D672G:I703L,-1.4752591848373413,-4.80845448626118
D672G:I703M,-2.169686436653137,-4.15682849554752
D672G:I703N,-3.6485084295272827,-2.01926636818185
D672G:I703T,-1.7368453741073608,-3.13114388298923
D672G:I703V,-0.618287205696106,-1.6217472781514
D672G:I712K,-4.044125914573669,-2.67319350204622
D672G:I712L,0.10551893711090088,-1.5319493064684
D672G:I712M,-1.1026415824890137,-0.448935845034579
D672G:I712T,-1.1696653366088867,-3.32936225099128
D672G:I712V,-0.05268442630767822,-1.99724923380131
D672G:K687E,-0.1408447027206421,-0.803818075722617
D672G:K687I,-1.4393185377120972,-2.27173575245749
D672G:K687N,-0.3306485414505005,1.16232307774788
D672G:K687Q,-0.45603060722351074,0.4798245403245
D672G:K687R,-0.40402424335479736,-0.660215578484993
D672G:K687T,-0.7147289514541626,1.34937516889125
D672G:K699E,-0.9452345371246338,-1.90739282470963
D672G:K699I,-0.34326279163360596,-0.816073602764334
D672G:K699N,-0.7513382434844971,0.514505722931653
D672G:K699R,-0.5227572917938232,-0.027142496657002
D672G:K699T,0.35919708013534546,0.235988787881602
D672G:L688F,-0.6598838567733765,0.870815254676084
D672G:L688M,-0.5896543264389038,0.619143369027896
D672G:L688S,0.5098835229873657,0.423264678447881
D672G:L688W,-1.333478331565857,0.749127514665574
D672G:L705F,-0.9087307453155518,-0.641555654692033
D672G:L705H,-3.1934250593185425,-2.73494893735629
D672G:L705I,-0.09098660945892334,1.47375832454244
D672G:L705P,-1.2444744110107422,-2.83764371919412
D672G:L705R,-2.4518712759017944,-1.99005622799011
D672G:L705V,-0.29417526721954346,0.87813072046023
D672G:M706I,1.2547649145126343,-1.81525927237603
D672G:M706K,-3.0311163663864136,-3.65246125575076
D672G:M706L,0.4877372980117798,-2.80243916787263
D672G:M706T,0.9620023965835571,-3.12916393548311
D672G:M706V,1.7227152585983276,-1.4532589803102
D672G:N698D,-0.793710470199585,-2.6729520648315
D672G:N698H,-0.9601998329162598,-0.281021637861409
D672G:N698I,-1.6707913875579834,0.685961526293686
D672G:N698K,-0.7728949785232544,-3.94780083469243
D672G:N698S,-0.35041552782058716,-2.03755084432538
D672G:N698T,-1.025331735610962,-0.589440077860871
D672G:N698Y,-1.578869104385376,0.981652743946367
D672G:Q686H,-0.42678558826446533,0.710364365296605
D672G:Q686K,0.12869811058044434,-0.681022145188785
D672G:Q686L,-0.8621624708175659,0.520096075305677
D672G:Q686P,0.025246500968933105,1.98797480655497
D672G:Q686R,-0.024200797080993652,-1.19042282335364
D672G:R676G,-0.0944596529006958,-1.47387032819084
D672G:R676L,-0.06366312503814697,-0.492520189066929
D672G:R676P,-0.22596538066864014,-2.36771958346993
D672G:R676Q,-0.28054237365722656,0.192706021994707
D672G:S679L,-0.5534616708755493,-0.048877469341803
D672G:S679P,-0.4972759485244751,0.133267477515954
D672G:S679T,-0.576022744178772,0.955263693830756
D672G:S697A,-0.5529539585113525,0.0642718749065353
D672G:S697L,0.5321874022483826,0.654268787234898
D672G:S697P,-0.6163487434387207,-2.12270649742417
D672G:S697T,-0.48783135414123535,0.341153110517919
D672G:V683A,-0.3341130018234253,0.694131152425445
D672G:V683D,-0.06094098091125488,0.388824226985505
D672G:V683F,-0.6814999580383301,-0.0578796361882876
D672G:V683G,-0.22312378883361816,0.427181230809834
D672G:V683I,-0.5268136262893677,0.680648181496174
D672G:V683L,-0.40772461891174316,-0.0226799035455424
D672G:V689A,0.006696581840515137,-0.184960748644752
D672G:V689E,0.27158498764038086,-0.0099792120812012
D672G:V689G,0.29269230365753174,0.0414290869793589
D672G:V689L,-0.24414288997650146,-0.109465545055438
D672G:V689M,-0.7167197465896606,0.286380190888485
D672G:V695A,-0.06108105182647705,0.186676468400531
D672G:V695E,0.358589768409729,-0.108407279827515
D672G:V695G,0.12872064113616943,0.995186888514588
D672G:V695L,-0.3002275228500366,-0.1536924525253
D672G:V695M,-0.853713870048523,0.670919800245134
D672G:V707A,-1.3009817600250244,-0.992573150262918
D672G:V707E,-4.496977686882019,-2.94306080955564
D672G:V707G,-2.3552995920181274,-3.22041360786915
D672G:V707L,-1.2651612758636475,0.691210793553273
D672G:V707M,-2.3522666692733765,0.629885503282644
D672G:V710A,-0.4626668691635132,-1.20389736967118
D672G:V710D,-4.194133162498474,-3.41099515829984
D672G:V710G,-0.9455899000167847,-5.17323662209682
D672G:V710I,-0.46200788021087646,1.13186694462571
D672G:V710L,-0.4927631616592407,-0.609124009720319
D672G:V711A,-0.8337653875350952,-2.58509836334429
D672G:V711D,-4.438848853111267,-3.19340949831076
D672G:V711F,-1.121079921722412,-2.62381348567566
D672G:V711G,-1.5554441213607788,-4.06211469253931
D672G:V711I,-0.6472797393798828,-0.514048327954059
D672G:V711L,-0.3748818635940552,-3.08117194602413
D672G:Y681C,-1.5472081899642944,-0.249364274900484
D672G:Y681D,0.5269246101379395,-2.57915168174369
D672G:Y681F,-0.1470876932144165,0.450987929312582
D672G:Y681H,0.0320967435836792,-0.376657043377199
D672G:Y681N,0.2453773021697998,0.515453751967349
D672H,-1.3514416217803955,0.0734453117232002
D672H:A701T,-0.9713267087936401,-0.982239868239184
D672H:A701V,-0.6079213619232178,1.31468088748448
D672H:D694E,-0.554486870765686,0.0446263828617518
D672H:E682D,-0.5601259469985962,0.0136327481690627
D672H:E682V,-0.8047335147857666,-1.49684302532732
D672H:F675I,-0.2556757926940918,-0.784143558846347
D672H:F675S,0.06841874122619629,-1.72671034675137
D672H:F691I,-0.47508251667022705,0.343340031319739
D672H:F691L,-0.31109344959259033,-2.83377626702943
D672H:G680E,-0.40775418281555176,-1.34416193228071
D672H:G696S,-0.46286821365356445,0.257720628508941
D672H:G709C,-1.3249834775924683,-1.68368202252618
D672H:H677Q,-0.4427069425582886,-0.35762879733131
D672H:H677R,-0.23398172855377197,-1.18156574208048
D672H:H684Y,-1.0394625663757324,-0.786083423664173
D672H:H685L,-0.809859037399292,0.59250491140819
D672H:I702N,-2.8923758268356323,-2.88953984154788
D672H:S697P,-0.9679267406463623,-1.78134534918892
D672H:V689E,-0.07999300956726074,-3.21551393355165
D672H:V695E,0.007011771202087402,-2.32141336394455
D672H:Y681N,-0.1062006950378418,-1.47698028567333
D672I,-1.1179323196411133,-2.60883618966851
D672K,-0.35182809829711914,0.1810597396769825
D672L,-0.7186532020568848,-2.12935545180801
D672M,-1.6364502906799316,1.82117190714412
D672N,-0.5695071220397949,0.569730857205408
D672N:A673E,0.16413092613220215,0.0528560407920218
D672N:A673S,-0.1385941505432129,0.532925622230105
D672N:A673T,-0.2328357696533203,0.381523635915929
D672N:A673V,-0.38449597358703613,-0.775517030780802
D672N:A692E,0.49374955892562866,-1.08238361492907
D672N:A692S,0.03632473945617676,-1.72365155398561
D672N:A692T,-0.25486671924591064,-0.334616401241378
D672N:A692V,-0.4124429225921631,1.13068483275289
D672N:A701E,-1.4326651096343994,-3.10951383273493
D672N:A701G,-1.053983211517334,0.105645834561507
D672N:A701P,-1.089012861251831,-0.881256549749337
D672N:A701S,-1.1190545558929443,-2.74525404131743
D672N:A701T,-0.5803594589233398,1.99955608470253
D672N:A701V,-0.21695411205291748,2.01088274882661
D672N:A713E,-3.708390712738037,-2.31441058553597
D672N:A713G,-0.999028205871582,-4.61022371760011
D672N:A713S,-1.3613054752349854,-0.0353977774900884
D672N:A713T,-1.009392499923706,0.747521635496112
D672N:A713V,0.045954763889312744,0.860885439262129
D672N:D678E,-0.19468188285827637,-0.711302126616996
D672N:D678G,-0.3301215171813965,1.09644242780944
D672N:D678N,-0.6150722503662109,0.183774725229007
D672N:D678V,-0.36890292167663574,-0.973903108097211
D672N:D678Y,-0.9039798974990845,-0.304193845699539
D672N:D694E,-0.16351962089538574,1.16946232377616
D672N:D694G,-0.5419085025787354,1.34834315689027
D672N:D694N,-0.462799072265625,0.94460305096672
D672N:D694V,-0.5832357406616211,-2.78597560116302
D672N:D694Y,-0.6874572038650513,-3.27735889821763
D672N:E674D,-0.3074371814727783,-0.404272506453899
D672N:E674G,-0.35437560081481934,0.619823735997075
D672N:E674K,-0.5379363298416138,0.495394152311153
D672N:E674V,-0.45888614654541016,-1.64815169031319
D672N:E682D,-0.1691586971282959,0.629315324826144
D672N:E682G,-0.27322161197662354,0.949357797995335
D672N:E682K,-0.45552492141723633,-0.301687050724341
D672N:E682V,-0.4137662649154663,0.355187493604032
D672N:E693D,-0.32536017894744873,0.752781794159862
D672N:E693G,-0.5696125030517578,2.71551667449899
D672N:E693K,-0.4361300468444824,0.522707376300857
D672N:E693V,-1.1520628929138184,-0.109107816298986
D672N:F675I,0.1352914571762085,0.278593533781047
D672N:F675L,0.24837863445281982,-0.903722911951748
D672N:F675S,0.4593859910964966,-0.205407811456567
D672N:F675Y,-0.22711563110351562,0.15729822067717
D672N:F690I,-0.23610162734985352,1.42011073783
D672N:F690L,0.0872795581817627,0.595526116010796
D672N:F690S,1.0574231147766113,-1.30195689054397
D672N:F690V,0.19645190238952637,0.661613258397221
D672N:F690Y,-0.03850674629211426,-0.644116119737357
D672N:F691I,-0.08411526679992676,1.06940738061806
D672N:F691L,0.07987380027770996,-0.0533751724448265
D672N:F691S,0.7238456010818481,0.3691732012483
D672N:F691Y,-0.29497432708740234,0.100875508867909
D672N:G680E,-0.016786932945251465,-0.930622172647088
D672N:G680R,-0.4831045866012573,-0.03776986179552
D672N:G680V,-0.3859459161758423,-0.22504519775503
D672N:G696C,-1.6227270364761353,0.127121809139427
D672N:G696D,-0.5306864976882935,-2.04255172020061
D672N:G696S,-0.07190096378326416,0.163483765616315
D672N:G700C,-3.463336706161499,0.192639733422951
D672N:G700D,-2.1646629571914673,-2.77546071139527
D672N:G700S,-1.5607361793518066,-2.78765547228679
D672N:G700V,-2.1019293069839478,1.19855014497233
D672N:G704E,-3.80218768119812,-2.81947869127293
D672N:G704R,-3.5954179763793945,-2.72527968190762
D672N:G704V,-2.5182456970214844,-2.94216420011661
D672N:G708C,-1.617722749710083,0.185332724120804
D672N:G708D,-3.7137064933776855,-3.16463807050526
D672N:G708S,-1.0582120418548584,-1.8927194225949
D672N:G708V,-0.66255784034729,0.350759631557321
D672N:G709A,-0.22066110372543335,-4.47588173007259
D672N:G709C,-0.934016227722168,-0.530555707517411
D672N:G709D,-3.3797075748443604,-2.51255911675503
D672N:G709S,-0.8361362218856812,-1.88085194785556
D672N:H677L,-0.05185580253601074,-0.940964842210873
D672N:H677P,0.12128579616546631,0.871085891591117
D672N:H677Q,-0.05173969268798828,-0.0659217361143451
D672N:H677R,0.15698552131652832,-0.0302404728003309
D672N:H677Y,-0.411197304725647,0.713283785781435
D672N:H684L,0.006685853004455566,-0.300604668063933
D672N:H684N,-0.05614876747131348,0.993709433943485
D672N:H684Q,-0.04932129383087158,0.198287007284107
D672N:H684R,-0.07600235939025879,0.0330796892855348
D672N:H684Y,-0.6484953165054321,0.375847115078109
D672N:H685L,-0.4188917875289917,0.882245644639725
D672N:H685N,-0.07687556743621826,-0.0195258169390345
D672N:H685Q,-0.09571504592895508,0.145504279800337
D672N:H685R,-0.050339698791503906,0.359908305132332
D672N:H685Y,-0.8055731058120728,-0.657829088140495
D672N:I702F,-1.631256341934204,-1.48490838251905
D672N:I702N,-2.501408576965332,-1.32307996159318
D672N:I702T,-1.7533161640167236,-1.17537361828462
D672N:I702V,-0.805184006690979,-0.634660210479907
D672N:I703F,-1.959498643875122,-2.23244626087947
D672N:I703N,-3.609119176864624,-3.19103193155993
D672N:I703T,-1.6974561214447021,-3.38106924012685
D672N:I703V,-0.5788979530334473,-1.5162263350668
D672N:I712K,-4.004736661911011,-2.60891251153351
D672N:I712L,0.14490818977355957,-1.62018246425975
D672N:I712M,-1.063252329826355,-1.89986762059641
D672N:I712T,-1.130276083946228,-3.44526712522922
D672N:I712V,-0.013295173645019531,-2.22934337986888
D672N:K687E,-0.1014554500579834,-1.06012673484333
D672N:K687I,-1.3999292850494385,-2.4818540878945
D672N:K687N,-0.2912592887878418,0.734114794097471
D672N:K687Q,-0.41664135456085205,-0.0634648990573732
D672N:K687R,-0.36463499069213867,-0.20128247286108
D672N:K687T,-0.6753396987915039,0.918105965159888
D672N:K699E,-0.9058452844619751,-2.06979824253181
D672N:K699I,-0.30387353897094727,-1.85120175863108
D672N:K699N,-0.7119489908218384,0.0181345201130013
D672N:K699Q,-0.8257421255111694,-0.752475496990767
D672N:K699R,-0.48336803913116455,-0.244287996033725
D672N:K699T,0.39858633279800415,-0.392548779993309
D672N:L688F,-0.6204946041107178,1.2695025909836
D672N:L688M,-0.5502650737762451,0.572741536751139
D672N:L688S,0.5492727756500244,0.352300013625203
D672N:L705F,-0.8693414926528931,-0.0912625592404115
D672N:L705H,-3.154035806655884,-2.530340647618
D672N:L705I,-0.05159735679626465,1.24598823817882
D672N:L705P,-1.2050851583480835,-2.37796037101795
D672N:M706I,1.294154167175293,-1.81712320862264
D672N:M706K,-2.991727113723755,-3.35678776311001
D672N:M706L,0.5271265506744385,-2.39140961926456
D672N:M706T,1.0013916492462158,-3.05099889198135
D672N:M706V,1.7621045112609863,-1.66244624281779
D672N:N698D,-0.7543212175369263,-3.56376038763179
D672N:N698H,-0.9208105802536011,-0.972891770899546
D672N:N698I,-1.6314021348953247,0.864455506645643
D672N:N698S,-0.31102627515792847,-2.4582870575204
D672N:N698Y,-1.5394798517227173,0.869652309394497
D672N:Q686H,-0.38739633560180664,0.686885809974336
D672N:Q686K,0.16808736324310303,-1.62963519457499
D672N:Q686L,-0.8227732181549072,0.0300866247425101
D672N:Q686R,0.015188455581665039,-1.84491719785841
D672N:R676L,-0.02427387237548828,-0.133213258509121
D672N:R676P,-0.18657612800598145,-1.63737581982431
D672N:R676Q,-0.24115312099456787,0.134895466008556
D672N:S679P,-0.4578866958618164,-0.0662632727138075
D672N:S679T,-0.5366334915161133,-0.0090547591235259
D672N:S697L,0.5715766549110413,0.629164017007757
D672N:S697P,-0.576959490776062,-2.51503526895295
D672N:S697T,-0.44844210147857666,-0.0842111838014346
D672N:V683A,-0.2947237491607666,-0.0131764158916995
D672N:V683D,-0.02155172824859619,0.265670247519338
D672N:V683F,-0.6421107053756714,-0.701451651270451
D672N:V683I,-0.487424373626709,0.150011765970842
D672N:V683L,-0.3683353662490845,-0.268998752078799
D672N:V689A,0.04608583450317383,-0.621992087548634
D672N:V689E,0.31097424030303955,-1.03614212861722
D672N:V689G,0.33208155632019043,-0.638041033033922
D672N:V689L,-0.20475363731384277,-1.78134534918892
D672N:V689M,-0.677330493927002,-0.249464520833137
D672N:V695A,-0.02169179916381836,0.237985070163421
D672N:V695E,0.3979790210723877,-1.36460371210148
D672N:V695G,0.16810989379882812,1.45310535277108
D672N:V695L,-0.26083827018737793,0.627249239849672
D672N:V695M,-0.8143246173858643,0.7124638932922
D672N:V707A,-1.2615925073623657,-1.73583044697798
D672N:V707E,-4.45758843421936,-3.0449614820346
D672N:V707L,-1.2257720232009888,0.507753826633799
D672N:V707M,-2.3128774166107178,0.655556561434318
D672N:V710A,-0.4232776165008545,-3.18758021614765
D672N:V710D,-4.154743909835815,-3.88072161079089
D672N:V710I,-0.4226186275482178,0.255022530861225
D672N:V711A,-0.7943761348724365,-2.43451677400705
D672N:V711D,-4.399459600448608,-3.29441169657441
D672N:V711G,-1.5160548686981201,-4.76979155080399
D672N:V711I,-0.6078904867172241,-1.36882483406055
D672N:Y681C,-1.5078189373016357,0.755300655863601
D672N:Y681F,-0.10769844055175781,-0.0869962930113962
D672N:Y681H,0.07148599624633789,0.29265721682191
D672N:Y681N,0.2847665548324585,0.42197202655101
D672P,0.21776199340820312,0.760123569723359
D672Q,-0.8222413063049316,0.724965419158509
D672R,-0.6412575244903564,0.847147757357356
D672S,-0.1902618408203125,0.0254883530218591
D672T,-0.2018599510192871,-1.546891401060534
D672V,-0.4285619258880615,-1.562778216723975
D672V:A673E,0.23460352420806885,-0.801618695870736
D672V:A673G,-0.11012721061706543,-0.445030268173427
D672V:A673P,-0.20095717906951904,-0.650592497304483
D672V:A673S,-0.06812155246734619,-1.17847592466878
D672V:A673T,-0.1623631715774536,-1.52662660132347
D672V:A673V,-0.31402337551116943,-3.85382357374424
D672V:A692E,0.5642221570014954,-2.85640485548198
D672V:A692G,0.1717010736465454,-0.142341773451714
D672V:A692P,0.06390058994293213,-1.84877313871485
D672V:A692S,0.10679733753204346,-2.62221785331491
D672V:A692T,-0.18439412117004395,-2.80901714099417
D672V:A692V,-0.3419703245162964,-1.00209747462831
D672V:A701E,-1.3621925115585327,-5.29968782059012
D672V:A701G,-0.9835106134414673,-0.72439426688368
D672V:A701P,-1.0185402631759644,-3.38840739791894
D672V:A701S,-1.0485819578170776,-4.46934769247401
D672V:A701T,-0.5098868608474731,-0.712434511647875
D672V:A701V,-0.14648151397705078,-0.363939681192694
D672V:A713E,-3.6379181146621704,-3.63824488039942
D672V:A713G,-0.9285556077957153,-5.15554623729017
D672V:A713P,-2.1370803117752075,-4.76264495022989
D672V:A713S,-1.2908328771591187,-1.82952773374002
D672V:A713T,-0.9389199018478394,-1.21707348440494
D672V:A713V,0.11642736196517944,-1.4670581768367
D672V:D678A,-0.3708406686782837,-4.65631133787575
D672V:D678E,-0.12420928478240967,-2.16875746992586
D672V:D678G,-0.2596489191055298,-0.819704434504509
D672V:D678H,-0.6740599870681763,-3.14929313847465
D672V:D678N,-0.5445996522903442,-1.03098643641669
D672V:D678V,-0.29843032360076904,-1.91029604793805
D672V:D678Y,-0.8335072994232178,-3.59115570490085
D672V:D694E,-0.09304702281951904,-0.390727483942916
D672V:D694G,-0.47143590450286865,-0.789363433054117
D672V:D694N,-0.3923264741897583,-0.199691352341757
D672V:D694V,-0.5127631425857544,-4.19418523684087
D672V:D694Y,-0.6169846057891846,-4.25442010816396
D672V:E674D,-0.23696458339691162,-1.00991156755869
D672V:E674G,-0.28390300273895264,-0.716487700157935
D672V:E674K,-0.46746373176574707,-2.97778643903037
D672V:E674V,-0.38841354846954346,-3.89302303810245
D672V:E682D,-0.0986860990524292,-1.50904252432067
D672V:E682G,-0.20274901390075684,-1.19011529106142
D672V:E682K,-0.38505232334136963,-2.12621616597482
D672V:E682V,-0.3432936668395996,-2.57229990911697
D672V:E693A,-0.7663657665252686,-1.16769731595016
D672V:E693D,-0.25488758087158203,-0.724326220575232
D672V:E693G,-0.4991399049758911,2.19145426951423
D672V:E693K,-0.3656574487686157,-1.54745617734953
D672V:E693V,-1.0815902948379517,-2.71565423619596
D672V:F675I,0.2057640552520752,-1.67603811608236
D672V:F675L,0.3188512325286865,-2.99250488863496
D672V:F675S,0.5298585891723633,-0.541867321692982
D672V:F675Y,-0.15664303302764893,-1.35718806095378
D672V:F690C,-1.0455557107925415,-4.55500558545165
D672V:F690I,-0.16562902927398682,0.0554742931881531
D672V:F690L,0.1577521562576294,-1.85040103689108
D672V:F690S,1.127895712852478,-0.681369322177999
D672V:F690V,0.26692450046539307,-0.107713188609971
D672V:F690Y,0.03196585178375244,-1.04198852628286
D672V:F691C,-1.1295324563980103,-4.53110372584084
D672V:F691I,-0.013642668724060059,-0.924607059333928
D672V:F691L,0.15034639835357666,-1.71534425561849
D672V:F691S,0.7943181991577148,0.375922904398685
D672V:F691V,0.4465705156326294,-1.78645418634901
D672V:F691Y,-0.22450172901153564,-1.92203339683199
D672V:G680A,-0.3039654493331909,-2.15435927928139
D672V:G680D,0.042594075202941895,-3.91794787154274
D672V:G680E,0.053685665130615234,-2.28862466096103
D672V:G680R,-0.4126319885253906,-1.97730310668517
D672V:G680V,-0.3154733180999756,-1.28499603520861
D672V:G696C,-1.5522544384002686,-1.68132580978766
D672V:G696D,-0.46021389961242676,-3.71266516603206
D672V:G696R,-0.45293664932250977,-1.94783785378883
D672V:G696S,-0.001428365707397461,-0.86776076544807
D672V:G696V,-0.5845944881439209,-2.42955809461982
D672V:G700C,-3.3928641080856323,-2.18154119366737
D672V:G700D,-2.0941903591156006,-5.26147658968024
D672V:G700S,-1.49026358127594,-3.46596274779969
D672V:G704E,-3.7317150831222534,-4.58994654339575
D672V:G704R,-3.524945378303528,-4.13930281306519
D672V:G704V,-2.4477730989456177,-4.22394937081564
D672V:G708C,-1.5472501516342163,-1.74220961415195
D672V:G708D,-3.643233895301819,-4.0112148016194
D672V:G708R,-3.6124311685562134,-3.92399018599871
D672V:G708S,-0.9877394437789917,-3.60214928011456
D672V:G708V,-0.5920852422714233,-4.2381782908001
D672V:G709C,-0.8635436296463013,-2.89909853396068
D672V:G709D,-3.3092349767684937,-3.85183039960808
D672V:G709R,-3.8641289472579956,-4.42048771557003
D672V:G709S,-0.7656636238098145,-4.33003103017238
D672V:G709V,-0.01238030195236206,-4.81487913182999
D672V:H677D,0.4376089572906494,-2.85667381417439
D672V:H677L,0.018616795539855957,-2.95644468885852
D672V:H677N,0.07442772388458252,-1.20525013990882
D672V:H677P,0.191758394241333,-3.63555075455253
D672V:H677Q,0.018732905387878418,-1.55167191721952
D672V:H677R,0.22745811939239502,-2.08138264522304
D672V:H677Y,-0.3407247066497803,-1.76215279476709
D672V:H684L,0.07715845108032227,-2.60006882308878
D672V:H684N,0.014323830604553223,1.09140458571416
D672V:H684P,0.2941269874572754,0.231948378344597
D672V:H684Q,0.021151304244995117,-0.39099280033686
D672V:H684R,-0.00552976131439209,-1.26805479105379
D672V:H684Y,-0.5780227184295654,-1.18666288525509
D672V:H685D,0.204842209815979,-1.00210950720952
D672V:H685L,-0.348419189453125,-1.01317724100284
D672V:H685N,-0.0064029693603515625,-0.742014442629578
D672V:H685P,0.19469976425170898,-1.71480404868647
D672V:H685Q,-0.02524244785308838,-1.01413034477774
D672V:H685R,0.020132899284362793,-2.30910668006569
D672V:H685Y,-0.735100507736206,-2.44426638115091
D672V:I702F,-1.5607837438583374,-3.27426970632837
D672V:I702N,-2.4309359788894653,-2.67463486876728
D672V:I702S,-2.460537314414978,-3.66451019725114
D672V:I702T,-1.682843565940857,-2.65329294480455
D672V:I702V,-0.7347114086151123,-2.61707076397712
D672V:I703F,-1.8890260457992554,-4.62505858914628
D672V:I703M,-2.059824585914612,-4.68590377843864
D672V:I703N,-3.5386465787887573,-4.20709407764125
D672V:I703S,-2.3472028970718384,-2.57320251333573
D672V:I703T,-1.6269835233688354,-4.55460286863497
D672V:I703V,-0.5084253549575806,-3.68167595826423
D672V:I712K,-3.934264063835144,-4.27605174966335
D672V:I712L,0.21538078784942627,-3.10510976499086
D672V:I712M,-0.9927797317504883,-2.40343316447256
D672V:I712N,-3.52790105342865,-1.37101701958389
D672V:I712T,-1.0598034858703613,-5.10206391190811
D672V:I712V,0.05717742443084717,-4.00911559399398
D672V:K687E,-0.0309828519821167,-2.44037665621763
D672V:K687I,-1.3294566869735718,-3.19656429980008
D672V:K687N,-0.2207866907119751,-0.0131348552503694
D672V:K687Q,-0.34616875648498535,-1.5309714596222
D672V:K687R,-0.294162392616272,-2.58828036707229
D672V:K687T,-0.6048671007156372,-1.86989049165456
D672V:K699E,-0.8353726863861084,-5.20093521469264
D672V:K699I,-0.23340094089508057,-3.0471868135605
D672V:K699N,-0.6414763927459717,-0.413508013857912
D672V:K699Q,-0.7552695274353027,-2.73000203237151
D672V:K699R,-0.41289544105529785,-2.02353068306803
D672V:K699T,0.46905893087387085,-3.98854888641441
D672V:L688F,-0.5500220060348511,-0.513724245885806
D672V:L688M,-0.4797924757003784,-1.05187033250743
D672V:L688S,0.6197453737258911,-0.820144060397085
D672V:L688W,-1.2236164808273315,-3.34788901831297
D672V:L705F,-0.7988688945770264,-3.07307382170447
D672V:L705H,-3.083563208580017,-2.79386383888774
D672V:L705I,0.01887524127960205,-0.394086341989714
D672V:L705P,-1.1346125602722168,-4.11125225971775
D672V:L705R,-2.342009425163269,-0.975344972226696
D672V:L705V,-0.18431341648101807,-1.44209105727466
D672V:M706I,1.3646267652511597,-3.49371936430755
D672V:M706K,-2.921254515647888,-4.75779044560964
D672V:M706L,0.5975991487503052,-4.08505016714879
D672V:M706R,-2.6963623762130737,-4.43929331813752
D672V:M706T,1.0718642473220825,-4.34121822807028
D672V:M706V,1.832577109336853,-3.22758529999877
D672V:N698D,-0.6838486194610596,-4.77897492918821
D672V:N698H,-0.8503379821777344,-1.89021583838485
D672V:N698I,-1.560929536819458,-1.63473415075271
D672V:N698K,-0.663033127784729,-5.45579213078983
D672V:N698S,-0.24055367708206177,-4.12951654864115
D672V:N698T,-0.9154698848724365,-4.19649746043125
D672V:N698V,-1.4097564220428467,-0.638248042941388
D672V:N698Y,-1.4690072536468506,-0.319821109481851
D672V:Q686E,0.28266453742980957,-2.35005896202152
D672V:Q686H,-0.31692373752593994,-1.26621742141963
D672V:Q686K,0.23855996131896973,-3.88386349536287
D672V:Q686L,-0.7523006200790405,-2.34416431739584
D672V:Q686P,0.1351083517074585,-0.218444041567049
D672V:Q686R,0.08566105365753174,-4.13600177937712
D672V:R676G,0.01540219783782959,-1.40904025186824
D672V:R676L,0.04619872570037842,-1.97580606883691
D672V:R676P,-0.11610352993011475,-1.96384170062194
D672V:R676Q,-0.17068052291870117,-1.7725658425768
D672V:S679A,-0.2729358673095703,-4.38178792732077
D672V:S679L,-0.4435998201370239,-2.74933647832773
D672V:S679P,-0.3874140977859497,-1.17948699752951
D672V:S679T,-0.4661608934402466,-1.68417787124216
D672V:S697L,0.642049252986908,-1.56067536744863
D672V:S697P,-0.5064868927001953,-4.15164225910757
D672V:S697T,-0.37796950340270996,-1.66007236689889
D672V:V683A,-0.2242511510848999,-1.45800784350297
D672V:V683D,0.04892086982727051,-0.987880962281747
D672V:V683F,-0.5716381072998047,-1.32803195805046
D672V:V683G,-0.11326193809509277,-1.8149121345196
D672V:V683I,-0.4169517755508423,-1.11177021225386
D672V:V683L,-0.2978627681732178,-2.40671531427826
D672V:V689A,0.11655843257904053,-2.63467042685222
D672V:V689E,0.38144683837890625,-2.01437679200913
D672V:V689G,0.40255415439605713,-0.771819007930388
D672V:V689L,-0.13428103923797607,-2.48624456754193
D672V:V689M,-0.6068578958511353,-2.26037819575117
D672V:V695A,0.04878079891204834,-0.550711278238628
D672V:V695E,0.4684516191482544,-2.31246333223044
D672V:V695G,0.23858249187469482,-0.470904852112554
D672V:V695L,-0.19036567211151123,-2.62847695127826
D672V:V695M,-0.7438520193099976,-1.3264084873377
D672V:V707A,-1.191119909286499,-3.07803543723311
D672V:V707E,-4.387115836143494,-2.89235247532788
D672V:V707G,-2.245437741279602,-3.45174087562739
D672V:V707L,-1.155299425125122,-0.354111062544787
D672V:V707M,-2.242404818534851,-0.72943099776582
D672V:V710A,-0.3528050184249878,-4.3565036913063
D672V:V710D,-4.084271311759949,-4.79737069666691
D672V:V710F,-0.8354357481002808,-3.74258336086622
D672V:V710G,-0.8357280492782593,-4.70037986192233
D672V:V710I,-0.3521460294723511,-0.757972282942795
D672V:V710L,-0.38290131092071533,-2.28054710530497
D672V:V711A,-0.7239035367965698,-3.41338845896994
D672V:V711D,-4.328987002372742,-4.74508062366486
D672V:V711F,-1.0112180709838867,-4.12013694921399
D672V:V711I,-0.5374178886413574,-3.60867991464753
D672V:V711L,-0.2650200128555298,-4.50983550000873
D672V:Y681C,-1.437346339225769,-2.69994110253817
D672V:Y681F,-0.03722584247589111,-0.805459346950854
D672V:Y681H,0.1419585943222046,-2.70182845790587
D672V:Y681N,0.3552391529083252,-1.79696116509342
D672W,-3.505552291870117,-1.14546353606423
D672Y,-1.8191924095153809,-0.1683759214523239
D672Y:A673E,-0.4607117176055908,-0.288244995424994
D672Y:A673P,-0.8962724208831787,-0.891443939322
D672Y:A673T,-0.8576784133911133,-0.842167190881007
D672Y:A673V,-1.009338617324829,-3.57626632917685
D672Y:A692T,-0.8797093629837036,-2.47970580895749
D672Y:A692V,-1.037285566329956,0.0421324288391811
D672Y:A701T,-1.2052021026611328,1.63209206863999
D672Y:A701V,-0.8417967557907104,1.45320170021801
D672Y:A713S,-1.9861481189727783,-1.15030557323829
D672Y:A713T,-1.634235143661499,-0.426094365454741
D672Y:A713V,-0.5788878798484802,0.442659830648599
D672Y:D678E,-0.8195245265960693,-3.50792694689872
D672Y:D678V,-0.9937455654144287,-3.68443303529654
D672Y:D694E,-0.7883622646331787,-0.148164008046042
D672Y:D694G,-1.1667511463165283,-0.801121301028714
D672Y:E674V,-1.0837287902832031,-2.24536025319254
D672Y:E682D,-0.7940013408660889,0.546769155236705
D672Y:E682G,-0.8980642557144165,-0.991815401988974
D672Y:E682V,-1.0386089086532593,-1.31435107487367
D672Y:E693D,-0.9502028226852417,0.168547822412562
D672Y:E693G,-1.1944551467895508,2.75300619865829
D672Y:E693V,-1.7769055366516113,-0.360098878308673
D672Y:F675I,-0.4895511865615845,-1.99359551740976
D672Y:F675L,-0.37646400928497314,-1.51925439551252
D672Y:F675S,-0.1654566526412964,0.502336852063127
D672Y:F675Y,-0.8519582748413086,0.388824524842635
D672Y:F690I,-0.8609442710876465,0.878053392700723
D672Y:F690L,-0.5375630855560303,-1.06329419624866
D672Y:F690Y,-0.6633493900299072,-0.840150644934449
D672Y:F691I,-0.7089579105377197,0.248368935369375
D672Y:F691L,-0.544968843460083,-0.967637351387375
D672Y:F691S,0.09900295734405518,0.535336814929697
D672Y:F691Y,-0.9198169708251953,0.112167968371818
D672Y:G696C,-2.2475696802139282,-1.86122219130219
D672Y:G696D,-1.1555291414260864,-4.80925035111826
D672Y:G696S,-0.6967436075210571,0.327194366079661
D672Y:G700C,-4.088179349899292,-0.632131971209057
D672Y:G704R,-4.2202606201171875,-3.33401196458467
D672Y:G708C,-2.242565393447876,-1.20583904262265
D672Y:G708D,-4.3385491371154785,-4.47496287777811
D672Y:G708S,-1.6830546855926514,-4.29264132098416
D672Y:G708V,-1.287400484085083,-3.81383117776768
D672Y:G709C,-1.558858871459961,-1.94889986542095
D672Y:G709S,-1.4609788656234741,-3.29625673402766
D672Y:H677L,-0.6766984462738037,-2.44999583015705
D672Y:H677Q,-0.6765823364257812,0.301360634556888
D672Y:H677R,-0.46785712242126465,0.32677381612835
D672Y:H684L,-0.6181567907333374,-2.51953185040319
D672Y:H684Q,-0.6741639375686646,0.539267933737649
D672Y:H684R,-0.7008450031280518,-0.91200865923053
D672Y:H685L,-1.0437344312667847,-0.376532426110305
D672Y:H685Q,-0.720557689666748,-0.898951125629227
D672Y:H685R,-0.6751823425292969,-1.45569565816906
D672Y:I702F,-2.256098985671997,-1.46899212842108
D672Y:I702N,-3.126251220703125,-1.30997796078083
D672Y:I702T,-2.3781588077545166,-2.63616516012357
D672Y:I702V,-1.430026650428772,-1.3275910560682
D672Y:I703F,-2.584341287612915,-3.95366595414482
D672Y:I703N,-4.233961820602417,-3.89959873287455
D672Y:I703T,-2.322298765182495,-3.28576729612404
D672Y:I703V,-1.2037405967712402,-1.89161615517686
D672Y:I712K,-4.629579305648804,-2.81019954473835
D672Y:I712L,-0.4799344539642334,-2.5688524605171
D672Y:I712M,-1.688094973564148,-3.31140268850924
D672Y:I712T,-1.755118727684021,-3.87005085538139
D672Y:I712V,-0.6381378173828125,-2.45613195848862
D672Y:K687E,-0.7262980937957764,-1.45884545659717
D672Y:K687I,-2.0247719287872314,-2.92207439479749
D672Y:K687N,-0.9161019325256348,1.71436448333504
D672Y:K687R,-0.9894776344299316,-1.65792239296749
D672Y:K699E,-1.530687928199768,-2.76198721227303
D672Y:K699I,-0.9287161827087402,-1.0465786241749
D672Y:K699N,-1.3367916345596313,-0.107278839413679
D672Y:K699R,-1.1082106828689575,-1.06558970315455
D672Y:L688F,-1.2453372478485107,1.04355602086981
D672Y:L688M,-1.175107717514038,-0.393556801566642
D672Y:L688S,-0.07556986808776855,0.114616481055613
D672Y:L705H,-3.7788784503936768,-2.93763058697471
D672Y:L705P,-1.8299278020858765,-3.09307824408903
D672Y:M706I,0.6693115234375,-3.17256499122501
D672Y:M706K,-3.616569757461548,-3.80921467140628
D672Y:M706L,-0.09771609306335449,-3.53590082035898
D672Y:M706T,0.37654900550842285,-4.6943821126731
D672Y:M706V,1.1372618675231934,-1.71207381219735
D672Y:N698D,-1.3791638612747192,-3.9077872992275
D672Y:N698I,-2.2562447786331177,-0.484716991749404
D672Y:N698Y,-2.1643224954605103,0.364807827176915
D672Y:Q686H,-1.0122389793395996,0.700431591377336
D672Y:Q686L,-1.4476158618927002,-1.9866543820984
D672Y:Q686P,-0.5602068901062012,1.33917687961574
D672Y:Q686R,-0.6096541881561279,-2.9474415296032
D672Y:R676L,-0.6491165161132812,-0.885994334554435
D672Y:R676Q,-0.8659957647323608,-0.660603231088484
D672Y:S679P,-1.0827293395996094,-1.08547982893109
D672Y:S679T,-1.1614761352539062,-0.985466448668949
D672Y:S697L,-0.05326598882675171,-1.45653919302205
D672Y:S697P,-1.201802134513855,-3.75531376586771
D672Y:S697T,-1.0732847452163696,-0.400059178718721
D672Y:V683A,-0.9195663928985596,-0.4964776337885
D672Y:V683D,-0.6463943719863892,0.735461616312022
D672Y:V683G,-0.8085771799087524,0.413431895590417
D672Y:V683I,-1.112267017364502,-0.636421836552827
D672Y:V689A,-0.5787568092346191,-2.33473071184854
D672Y:V689E,-0.3138684034347534,-0.65433741541209
D672Y:V689M,-1.302173137664795,-1.05856599404352
D672Y:V695A,-0.6465344429016113,-0.0227331437497005
D672Y:V695E,-0.22686362266540527,-1.46091497634739
D672Y:V707A,-1.8864351511001587,-2.79158922873632
D672Y:V707E,-5.082431077957153,-2.85301219914174
D672Y:V707M,-2.9377200603485107,0.547885118453977
D672Y:V710A,-1.0481202602386475,-3.33104635873693
D672Y:V710D,-4.779586553573608,-4.91456099225573
D672Y:V711A,-1.4192187786102295,-4.68590377843864
D672Y:V711D,-5.024302244186401,-3.76133601928813
D672Y:V711I,-1.232733130455017,-2.47534107133293
D672Y:Y681C,-2.1326615810394287,-0.626095863548424
D672Y:Y681N,-0.3400760889053345,-0.10733282885827
D678A,-0.31311941146850586,0.409509059537874
D678A:A692V,-0.28424906730651855,0.787197220341706
D678A:E693D,-0.1971663236618042,0.23204161409125
D678A:E693G,-0.4414186477661133,-0.190479320001518
D678A:F690I,-0.10790777206420898,0.906023081867022
D678A:F691L,0.2080676555633545,0.210300973951634
D678A:G696R,-0.39521539211273193,-2.76324611622359
D678A:G708C,-1.4895288944244385,-1.64521574169838
D678A:G709C,-0.8058223724365234,-1.27749096157306
D678A:H684L,0.1348797082901001,-1.01514175035423
D678A:H684Q,0.07887256145477295,-0.27572849889487
D678A:H685L,-0.29069793224334717,-0.428557777845128
D678A:H685Q,0.03247880935668945,0.733582421432377
D678A:I703F,-1.8313047885894775,-3.8809065998624
D678A:I703T,-1.5692622661590576,-4.6130201606187
D678A:I712L,0.2731020450592041,-1.97074444086999
D678A:K699E,-0.7776514291763306,-3.12949051117847
D678A:K699R,-0.35517418384552,-1.17285639876019
D678A:L688M,-0.4220712184906006,-0.050109330950589
D678A:M706K,-2.8635332584381104,-4.79341660889664
D678A:N698D,-0.6261273622512817,-3.82263769173842
D678A:Q686H,-0.2592024803161621,0.563259827390783
D678A:Q686R,0.14338231086730957,-2.96716572727219
D678A:S697T,-0.32024824619293213,1.25253612349541
D678A:V683A,-0.16652989387512207,0.423499554477161
D678A:V689E,0.4391680955886841,-1.79433054085776
D678A:V695E,0.5261728763580322,0.0340160914587254
D678A:V695M,-0.6861307621002197,0.879906658274848
D678A:V707A,-1.1333986520767212,-2.97517184520741
D678A:V707M,-2.1846835613250732,-1.99369761387048
D678A:V711D,-4.271265745162964,-4.51578487229837
D678A:V711I,-0.4796966314315796,-3.27791051629675
D678C,-3.31905460357666,-0.2377303283406735
D678E,0.1801433563232422,-0.0535885846339411
D678E:A692T,0.11995851993560791,-2.72402540307031
D678E:A692V,-0.03761768341064453,1.07021456670145
D678E:A701T,-0.2055342197418213,-0.37744874079473
D678E:A701V,0.15787112712860107,1.30650157191544
D678E:A713T,-0.6345672607421875,0.285860617921775
D678E:A713V,0.4207800030708313,-0.426427851587303
D678E:D694E,0.2113056182861328,0.430941895329101
D678E:D694G,-0.1670832633972168,-0.599986410990324
D678E:D694N,-0.08797383308410645,0.968615418593714
D678E:E682D,0.20566654205322266,-0.0187767676590927
D678E:E682G,0.10160362720489502,-0.320702297511849
D678E:E682K,-0.08069968223571777,-1.38029065636921
D678E:E682V,-0.038941025733947754,-0.449116874342461
D678E:E693D,0.049465060234069824,-0.268539165257288
D678E:E693G,-0.19478726387023926,1.99938874437117
D678E:E693K,-0.06130480766296387,0.136342296777498
D678E:E693V,-0.7772376537322998,-1.2859305138373
D678E:F690I,0.13872361183166504,0.645331372736187
D678E:F690L,0.46210479736328125,-0.189932299535899
D678E:F690S,1.4322483539581299,-1.90304485100048
D678E:F690V,0.5712771415710449,-0.786083423664173
D678E:F690Y,0.3363184928894043,-1.02935545472715
D678E:F691I,0.2907099723815918,0.622804957634536
D678E:F691L,0.4546990394592285,-1.50778636596934
D678E:F691S,1.0986708402633667,-0.625742504067841
D678E:F691Y,0.07985091209411621,-1.23042008678495
D678E:G696C,-1.2479017972946167,-1.03959971808892
D678E:G696D,-0.1558612585067749,-4.49368875147179
D678E:G700C,-3.0885114669799805,-1.99005622799011
D678E:G700D,-1.7898377180099487,-3.86456816909073
D678E:G704E,-3.4273624420166016,-3.08866851665822
D678E:G708C,-1.2428975105285645,-1.26883201352751
D678E:G708D,-3.338881254196167,-3.49413362476638
D678E:G709A,0.1541641354560852,-4.00495924853237
D678E:G709C,-0.5591909885406494,-0.739172962308027
D678E:G709D,-3.004882335662842,-3.65100569321954
D678E:G709S,-0.4613109827041626,-3.40665323099466
D678E:H684L,0.3815110921859741,-1.64194444350582
D678E:H684Q,0.325503945350647,-3.47300093702278
D678E:H684R,0.29882287979125977,-0.878285075881672
D678E:H685L,-0.044066548347473145,0.029681143074959
D678E:H685Q,0.2791101932525635,-0.255288235455653
D678E:H685R,0.32448554039001465,0.622757033454802
D678E:I702F,-1.2564311027526855,-3.26659446950651
D678E:I702T,-1.378490924835205,-2.47556404377181
D678E:I702V,-0.43035876750946045,-1.85259168095475
D678E:I703T,-1.3226308822631836,-3.28835046230778
D678E:I712K,-3.629911422729492,-4.27286838734151
D678E:I712L,0.5197334289550781,-2.24680019855316
D678E:I712T,-0.7554508447647095,-3.70396899756541
D678E:I712V,0.361530065536499,-2.57671562947507
D678E:K687E,0.27336978912353516,-1.80865859958538
D678E:K687I,-1.02510404586792,-3.21488574446281
D678E:K687N,0.08356595039367676,-0.439874011765102
D678E:K687R,0.010190248489379883,-1.37883259724006
D678E:K699E,-0.5310200452804565,-3.11136554787975
D678E:K699I,0.07095170021057129,-2.51972625187025
D678E:K699N,-0.3371237516403198,-0.534417335836612
D678E:K699R,-0.108542799949646,-1.77609142547054
D678E:L688F,-0.24566936492919922,0.0088964373632396
D678E:L688M,-0.17543983459472656,0.12446050980984
D678E:L688S,0.924098014831543,0.0800632745447402
D678E:L705H,-2.7792105674743652,-3.97764166686824
D678E:M706K,-2.6169018745422363,-3.21551393355165
D678E:M706L,0.901951789855957,-3.37106796216778
D678E:M706V,2.136929750442505,-2.42330140717393
D678E:N698D,-0.3794959783554077,-4.54348598061153
D678E:N698I,-1.2565768957138062,-0.235046075852918
D678E:N698Y,-1.1646546125411987,-0.270497009349767
D678E:Q686H,-0.012571096420288086,-0.0063640161264699
D678E:Q686L,-0.44794797897338867,-1.772574327963
D678E:Q686R,0.3900136947631836,-2.00130277622221
D678E:S679P,-0.08306145668029785,-0.18150806758199
D678E:S697L,0.9464018940925598,-1.78645727274887
D678E:S697P,-0.20213425159454346,-3.9438272818876
D678E:S697T,-0.0736168622970581,-0.161107128513174
D678E:V683D,0.35327351093292236,-0.762487615454983
D678E:V683I,-0.11259913444519043,-0.11786033239164
D678E:V689A,0.4209110736846924,-2.30925921351696
D678E:V689E,0.6857994794845581,-0.856262284714334
D678E:V689M,-0.3025052547454834,-2.94271514521677
D678E:V695A,0.3531334400177002,-1.27443619157811
D678E:V695E,0.7728042602539062,-1.16721777647404
D678E:V695M,-0.4394993782043457,-0.161205455044859
D678E:V707A,-0.8867672681808472,-2.89391756748295
D678E:V707E,-4.082763195037842,-3.48166510121854
D678E:V710A,-0.04845237731933594,-4.82326957204632
D678E:V710D,-3.779918670654297,-4.44174667984903
D678E:V711A,-0.41955089569091797,-2.36830549388565
D678E:V711D,-4.02463436126709,-3.84793852693002
D678E:V711I,-0.23306524753570557,-1.29690904743016
D678E:Y681F,0.26712679862976074,-1.69599844611898
D678E:Y681N,0.659591794013977,-0.892284187560469
D678F,-1.1459548473358154,-0.2789101515432525
D678G,-0.09073591232299805,0.293543531637069
D678G:A692T,-0.015481114387512207,-0.917871925575335
D678G:A701S,-0.8796689510345459,-3.27650657376791
D678G:A701T,-0.3409738540649414,0.587227249788985
D678G:A701V,0.022431492805480957,2.00437312136293
D678G:A713S,-1.121919870376587,0.465859665612986
D678G:A713T,-0.7700068950653076,1.19658986664831
D678G:A713V,0.2853403687477112,0.602726493008277
D678G:D694E,0.0758659839630127,1.07573516148066
D678G:D694G,-0.3025228977203369,1.12013274186666
D678G:D694V,-0.34385013580322266,-2.47556404377181
D678G:E682D,0.07022690773010254,0.432869386711784
D678G:E682G,-0.0338360071182251,0.50532627033352
D678G:E682K,-0.2161393165588379,-1.36330754180116
D678G:E682V,-0.17438066005706787,0.289810033548638
D678G:E693D,-0.08597457408905029,0.589431777444014
D678G:E693G,-0.3302268981933594,2.45592679342435
D678G:E693Q,-0.6906887292861938,0.986743304433353
D678G:E693V,-0.9126772880554199,-0.84849691046706
D678G:F690I,0.003283977508544922,0.963514355163966
D678G:F690L,0.32666516304016113,0.113401811612304
D678G:F690S,1.2968087196350098,-1.61276199684864
D678G:F690V,0.4358375072479248,-0.361991767755987
D678G:F690Y,0.20087885856628418,-0.800483292921748
D678G:F691I,0.15527033805847168,0.778067844323825
D678G:F691L,0.3192594051361084,0.159655607428209
D678G:F691S,0.9632312059402466,-0.242064288176911
D678G:F691V,0.6154835224151611,-2.48621761450295
D678G:F691Y,-0.055588722229003906,0.104129526170145
D678G:G680E,0.22259867191314697,-2.68320340855005
D678G:G680R,-0.2437189817428589,1.04508669939071
D678G:G696C,-1.3833414316177368,-1.34125779953664
D678G:G696D,-0.291300892829895,-2.61473643544158
D678G:G700C,-3.2239511013031006,-0.367850202347284
D678G:G700D,-1.9252773523330688,-3.53590082035898
D678G:G704E,-3.5628020763397217,-3.36060223214186
D678G:G704R,-3.356032371520996,-3.47300093702278
D678G:G708C,-1.3783371448516846,-0.866927327384239
D678G:G708D,-3.474320888519287,-2.53165351042285
D678G:G708S,-0.81882643699646,-1.62546952175942
D678G:G708V,-0.4231722354888916,-3.97386146579214
D678G:G709C,-0.6946306228637695,-0.566059788765223
D678G:G709D,-3.140321969985962,-1.85384336025584
D678G:G709S,-0.5967506170272827,-2.98537484820561
D678G:H684L,0.246071457862854,-0.985363872092313
D678G:H684Q,0.19006431102752686,-0.153776346462677
D678G:H684R,0.16338324546813965,-0.648548211399116
D678G:H684Y,-0.4091097116470337,0.908137699757655
D678G:H685L,-0.17950618267059326,0.71335032813549
D678G:H685N,0.16251003742218018,0.0491324086413445
D678G:H685Q,0.14367055892944336,-0.9214816496196
D678G:H685R,0.18904590606689453,-0.0112231614387084
D678G:H685Y,-0.5661875009536743,-2.44360120104448
D678G:I702F,-1.3918707370758057,-1.03580344065197
D678G:I702N,-2.2620229721069336,-2.1929970719868
D678G:I702T,-1.5139305591583252,-1.02441160967077
D678G:I702V,-0.5657984018325806,-0.929345543260329
D678G:I703F,-1.7201130390167236,-2.89709333718186
D678G:I703T,-1.4580705165863037,-3.67392718034685
D678G:I703V,-0.33951234817504883,-1.46503336509032
D678G:I712K,-3.7653510570526123,-1.6235674689767
D678G:I712L,0.384293794631958,-1.38685496795815
D678G:I712M,-0.8238667249679565,-2.03398777603988
D678G:I712T,-0.8908904790878296,-3.63833225760137
D678G:I712V,0.2260904312133789,-2.6895845709556
D678G:K687E,0.13793015480041504,-1.37645688373732
D678G:K687I,-1.16054368019104,-3.18134131714468
D678G:K687N,-0.05187368392944336,0.323081822120403
D678G:K687R,-0.12524938583374023,-0.0821585189702642
D678G:K687T,-0.43595409393310547,0.594639892406262
D678G:K699E,-0.6664596796035767,-2.70084426468659
D678G:K699I,-0.06448793411254883,-0.13217600315843
D678G:K699N,-0.47256338596343994,-1.27126918574988
D678G:K699R,-0.2439824342727661,-0.467289541623291
D678G:L688F,-0.38110899925231934,0.761948434825379
D678G:L688M,-0.3108794689178467,-0.0966166887293608
D678G:L688S,0.7886583805084229,0.11213461069594
D678G:L688V,0.19120371341705322,-0.115775735074051
D678G:L705F,-0.6299558877944946,-0.822883924400002
D678G:L705H,-2.9146502017974854,-3.1561103823206
D678G:L705P,-0.9656995534896851,-2.98048093639031
D678G:M706I,1.5335397720336914,-1.693704298792
D678G:M706K,-2.7523415088653564,-4.07649765096901
D678G:M706L,0.7665121555328369,-3.25506329149151
D678G:M706V,2.0014901161193848,-1.39410575591542
D678G:N698D,-0.5149356126785278,-3.91160733847402
D678G:N698I,-1.3920165300369263,0.237967435970405
D678G:N698S,-0.07164067029953003,-2.7024727276558
D678G:N698Y,-1.3000942468643188,-0.0711956403529448
D678G:Q686H,-0.1480107307434082,0.987433056395854
D678G:Q686K,0.40747296810150146,-1.1806492413143
D678G:Q686L,-0.5833876132965088,0.852291421605846
D678G:Q686R,0.2545740604400635,-1.77803382906944
D678G:S679L,-0.2746868133544922,-2.14727003030082
D678G:S679P,-0.21850109100341797,0.779848428585864
D678G:S679T,-0.29724788665771484,-2.02595417651052
D678G:S697L,0.8109622597694397,0.555287244373058
D678G:S697P,-0.3375738859176636,-2.77796151309648
D678G:S697T,-0.20905649662017822,0.0335782736817542
D678G:V683A,-0.055338144302368164,0.146124284730635
D678G:V683D,0.21783387660980225,0.23891554755231
D678G:V689A,0.28547143936157227,0.0261876167911386
D678G:V689E,0.550359845161438,-0.716408979394187
D678G:V689G,0.5714671611785889,0.154524615860688
D678G:V689M,-0.4379448890686035,-0.0238877187793867
D678G:V695A,0.21769380569458008,0.194139455754214
D678G:V695E,0.6373646259307861,-0.102061983263411
D678G:V695G,0.40749549865722656,0.423730399936644
D678G:V695M,-0.5749390125274658,0.689714717806726
D678G:V707A,-1.0222069025039673,-2.10522310830096
D678G:V707E,-4.218202829360962,-3.34409735957357
D678G:V707M,-2.0734918117523193,0.0858178652525217
D678G:V710A,-0.18389201164245605,-3.67452093103514
D678G:V710D,-3.915358304977417,-4.36793985609899
D678G:V710I,-0.18323302268981934,0.407040671938238
D678G:V711A,-0.5549905300140381,-3.29693509519843
D678G:V711D,-4.16007399559021,-3.92161490517822
D678G:V711I,-0.3685048818588257,-0.105675268881658
D678G:Y681C,-1.2684333324432373,-0.16662942288247
D678G:Y681F,0.13168716430664062,0.539237428420016
D678G:Y681H,0.31087160110473633,0.713636162458288
D678G:Y681N,0.5241521596908569,-0.21467040757731
D678H,-0.919558048248291,0.7068449888234944
D678H:A692E,0.3187240958213806,-2.15417277054887
D678H:G709C,-1.109041690826416,-0.429408479725441
D678H:K687E,-0.27648091316223145,-0.269988687218171
D678H:S697P,-0.7519849538803101,-4.10980854231006
D678H:V683I,-0.662449836730957,-1.89653016997929
D678H:V695E,0.22295355796813965,-1.18249869625242
D678I,-0.7001392841339111,-0.6259576661792334
D678K,-0.45668697357177734,0.891915658859437
D678L,-0.2780752182006836,0.299880634154425
D678M,-1.5184340476989746,0.934200021158745
D678N,-0.660637378692627,0.358661929080312
D678N:A701T,-0.6259245872497559,1.05233173720468
D678N:A701V,-0.2625192403793335,1.81982740457351
D678N:A713S,-1.4068706035614014,-0.676063995636067
D678N:A713V,0.0003896355628967285,0.123946604408384
D678N:D694E,-0.20908474922180176,1.28310159871553
D678N:D694G,-0.5874736309051514,1.45516531690716
D678N:D694V,-0.6288008689880371,-3.58268702210783
D678N:E682D,-0.21472382545471191,0.118135644346856
D678N:E682G,-0.31878674030303955,0.764630993958873
D678N:E682V,-0.4593313932418823,0.289239305796777
D678N:E693D,-0.37092530727386475,0.205409151128485
D678N:E693G,-0.6151776313781738,2.36846609499562
D678N:E693V,-1.1976280212402344,-0.4514211422882
D678N:F690I,-0.28166675567626953,1.86300124618049
D678N:F690L,0.04171442985534668,0.308767478419281
D678N:F690V,0.15088677406311035,-0.448248170280601
D678N:F690Y,-0.08407187461853027,-0.927431369028169
D678N:F691I,-0.12968039512634277,1.25816403551436
D678N:F691L,0.034308671951293945,0.110949050053512
D678N:F691S,0.6782804727554321,0.570577453915944
D678N:F691Y,-0.34053945541381836,0.189708352536105
D678N:G696C,-1.6682921648025513,0.246145092818249
D678N:G696D,-0.5762516260147095,-2.13474051318071
D678N:G696R,-0.5689743757247925,-0.999657523962232
D678N:G700C,-3.508901834487915,-0.541540959142602
D678N:G708C,-1.663287878036499,-0.743230245866787
D678N:G708D,-3.7592716217041016,-3.94177811039317
D678N:G708S,-1.1037771701812744,-2.76872558198822
D678N:G708V,-0.708122968673706,-3.37635058911
D678N:G709C,-0.979581356048584,-1.25127022662932
D678N:G709D,-3.4252727031707764,-2.19540808672222
D678N:G709S,-0.8817013502120972,-4.14221061150312
D678N:H684L,-0.03887927532196045,-0.589762865414823
D678N:H684N,-0.10171389579772949,0.930804563683872
D678N:H684P,0.17808926105499268,-0.565295586042423
D678N:H684Q,-0.0948864221572876,-0.261562887829488
D678N:H684R,-0.1215674877166748,1.51497705456548
D678N:H684Y,-0.6940604448318481,0.596815348454579
D678N:H685L,-0.4644569158554077,0.597338159179854
D678N:H685Q,-0.1412801742553711,-0.0384779560189872
D678N:H685Y,-0.8511382341384888,-1.83099153336042
D678N:I702F,-1.6768214702606201,-0.516153632137828
D678N:I702N,-2.546973705291748,-1.96452771439764
D678N:I702T,-1.7988812923431396,0.0601149313896133
D678N:I702V,-0.850749135017395,-1.26125490012185
D678N:I703F,-2.005063772201538,-3.74584920893517
D678N:I703N,-3.65468430519104,-4.96433679408635
D678N:I703T,-1.7430212497711182,-2.82400810709201
D678N:I703V,-0.6244630813598633,-3.03522467176873
D678N:I712K,-4.050301790237427,-3.00166078395865
D678N:I712L,0.09934306144714355,-1.55488989242111
D678N:I712M,-1.108817458152771,-2.41387047476647
D678N:I712T,-1.175841212272644,-3.7419384261133
D678N:I712V,-0.05886030197143555,-1.35497172926537
D678N:K687E,-0.14702057838439941,-1.17645383652449
D678N:K687N,-0.3368244171142578,0.5050028623037
D678N:K687R,-0.4102001190185547,0.689319924366857
D678N:K699E,-0.9514104127883911,-2.62461995833998
D678N:K699I,-0.3494386672973633,-0.956583241492961
D678N:K699N,-0.7575141191482544,0.529383865772558
D678N:K699R,-0.5289331674575806,-0.0470840261010853
D678N:L688F,-0.6660597324371338,-0.144090842788241
D678N:L688M,-0.5958302021026611,1.71255014650948
D678N:L688S,0.5037076473236084,0.441572696186511
D678N:L705F,-0.9149066209793091,-0.309647429817217
D678N:L705H,-3.1996009349823,-2.49376625636113
D678N:L705I,-0.09716248512268066,0.391104471441315
D678N:L705P,-1.2506502866744995,-3.79350041174825
D678N:M706I,1.248589038848877,-2.41667234314917
D678N:M706K,-3.037292242050171,-2.84183398901875
D678N:M706L,0.48156142234802246,-3.50219661680588
D678N:M706T,0.9558265209197998,-3.62346725208705
D678N:M706V,1.7165393829345703,-2.25968906734355
D678N:N698D,-0.7998863458633423,-4.3235383345369
D678N:N698I,-1.6769672632217407,0.15865513750613
D678N:N698S,-0.3565914034843445,-3.51326631740249
D678N:N698Y,-1.5850449800491333,0.272181965313764
D678N:Q686H,-0.43296146392822266,0.694058025789749
D678N:Q686L,-0.8683383464813232,0.579264649555019
D678N:Q686R,-0.030376672744750977,-1.61757958722102
D678N:S679T,-0.5821986198425293,-0.461791605599831
D678N:S697L,0.5260115265846252,0.209634441841303
D678N:S697P,-0.622524619102478,-1.77186313225601
D678N:S697T,-0.4940072298049927,-0.080477665429678
D678N:V683A,-0.3402888774871826,1.39363790871594
D678N:V683D,-0.06711685657501221,-1.03195522605594
D678N:V689A,0.0005207061767578125,-1.07933918415832
D678N:V689E,0.26540911197662354,-0.281461712464602
D678N:V689M,-0.722895622253418,-0.426168584588631
D678N:V695A,-0.06725692749023438,0.828274341073013
D678N:V695E,0.3524138927459717,-0.366263205332574
D678N:V695M,-0.8598897457122803,0.433167812236272
D678N:V707A,-1.3071576356887817,-1.20288009778189
D678N:V707E,-4.503153562545776,-3.04589437576025
D678N:V707M,-2.358442544937134,0.807659573026946
D678N:V710A,-0.4688427448272705,-2.10919113043634
D678N:V710D,-4.2003090381622314,-5.02769993567886
D678N:V710I,-0.4681837558746338,0.476668102714701
D678N:V711D,-4.445024728775024,-4.66217892496124
D678N:Y681F,-0.15326356887817383,-0.282366251681271
D678N:Y681H,0.025920867919921875,1.47331839862394
D678P,-0.11712288856506348,1.22504073771108
D678Q,-0.6465730667114258,1.19776979944854
D678R,-0.3890995979309082,0.552782121489649
D678S,0.0700221061706543,0.8015094986563797
D678T,-0.4028334617614746,1.42403459877308
D678V,-0.16829872131347656,-0.4505432578384715
D678V:A692E,0.6943537592887878,-2.06829281919576
D678V:A692G,0.3018326759338379,-0.163205438950784
D678V:A692T,-0.054262518882751465,-2.68515178256041
D678V:A692V,-0.2118387222290039,-1.25344536159889
D678V:A701E,-1.2320609092712402,-4.14472119090753
D678V:A701S,-0.9184503555297852,-3.31520636201717
D678V:A701T,-0.37975525856018066,0.614206441763548
D678V:A701V,-0.0163499116897583,0.979337212065228
D678V:A713E,-3.507786512374878,-4.66420487741664
D678V:A713S,-1.1607012748718262,-0.702165707212437
D678V:A713T,-0.8087882995605469,-0.876121967475667
D678V:A713V,0.24655896425247192,-0.0948918985978033
D678V:D694E,0.03708457946777344,0.67107978575941
D678V:D694G,-0.34130430221557617,0.648132850101936
D678V:D694N,-0.2621948719024658,0.332253166785749
D678V:D694V,-0.3826315402984619,-3.78181569721817
D678V:E682D,0.03144550323486328,-1.21931196512122
D678V:E682G,-0.07261741161346436,-0.852889676926944
D678V:E682K,-0.25492072105407715,-2.15711031265328
D678V:E682V,-0.21316206455230713,-1.95565330031513
D678V:E693D,-0.12475597858428955,-0.667948134932662
D678V:E693G,-0.36900830268859863,2.09502708327764
D678V:E693V,-0.9514586925506592,-1.24374903784701
D678V:F690I,-0.035497426986694336,1.2143502211607
D678V:F690L,0.2878837585449219,-0.801439702537097
D678V:F690S,1.2580273151397705,-1.80913727667862
D678V:F690Y,0.16209745407104492,-0.39641621958454
D678V:F691I,0.11648893356323242,0.262793607270508
D678V:F691L,0.28047800064086914,-1.34599328173366
D678V:F691S,0.9244498014450073,-0.916112788288338
D678V:F691Y,-0.09437012672424316,-1.07401837224039
D678V:G680R,-0.28250038623809814,0.123286865365408
D678V:G680V,-0.1853417158126831,-0.269988687218171
D678V:G696C,-1.422122836112976,-1.129854962767
D678V:G696D,-0.3300822973251343,-3.50335027987131
D678V:G696S,0.12870323657989502,-0.487701472610918
D678V:G696V,-0.4544628858566284,-2.14119103631052
D678V:G700C,-3.26273250579834,-2.80734938858774
D678V:G700D,-1.964058756828308,-3.66403266156178
D678V:G700S,-1.3601319789886475,-3.76782945524342
D678V:G704E,-3.601583480834961,-4.76264495022989
D678V:G704R,-3.3948137760162354,-3.97386146579214
D678V:G708C,-1.4171185493469238,-1.32754561031048
D678V:G708D,-3.5131022930145264,-4.18295334912088
D678V:G708S,-0.8576078414916992,-5.09239823660236
D678V:G709C,-0.7334120273590088,-1.89434989100825
D678V:G709D,-3.179103374481201,-3.38391499248851
D678V:G709S,-0.635532021522522,-3.16463453410882
D678V:H684L,0.20729005336761475,-1.29135310315581
D678V:H684N,0.1444554328918457,0.565804993125327
D678V:H684Q,0.1512829065322876,-1.08213378369188
D678V:H684R,0.12460184097290039,-1.48791098607053
D678V:H684Y,-0.44789111614227295,0.427454106409232
D678V:H685L,-0.21828758716583252,-0.425574017647475
D678V:H685Q,0.1048891544342041,-0.561813028614347
D678V:H685R,0.15026450157165527,-1.88019604086233
D678V:H685Y,-0.6049689054489136,-3.01967564517127
D678V:I702F,-1.430652141571045,-2.73228180408482
D678V:I702N,-2.300804376602173,-1.78154302000372
D678V:I702T,-1.5527119636535645,-1.88936204611618
D678V:I702V,-0.6045798063278198,-1.81533648171079
D678V:I703F,-1.758894443511963,-4.03049140792672
D678V:I703N,-3.408514976501465,-3.09542117121177
D678V:I703T,-1.496851921081543,-4.67361138964679
D678V:I703V,-0.3782937526702881,-3.40834446612131
D678V:I712K,-3.8041324615478516,-1.37118423057274
D678V:I712L,0.34551239013671875,-2.86790044821535
D678V:I712M,-0.8626481294631958,-3.52451987246725
D678V:I712T,-0.9296718835830688,-4.01800626508527
D678V:I712V,0.18730902671813965,-3.77444907829474
D678V:K687E,0.09914875030517578,-1.03242577814362
D678V:K687I,-1.1993250846862793,-3.41310450641015
D678V:K687N,-0.09065508842468262,0.430739340644773
D678V:K687R,-0.1640307903289795,-3.04085668896806
D678V:K687T,-0.4747354984283447,-1.02441160967077
D678V:K699E,-0.7052410840988159,-3.57017660802236
D678V:K699I,-0.10326933860778809,-2.44520707296736
D678V:K699N,-0.5113447904586792,-1.05171857416483
D678V:K699Q,-0.6251379251480103,-0.166700118863675
D678V:K699R,-0.28276383876800537,-1.47961789156365
D678V:K699T,0.5991905331611633,-1.53800148843889
D678V:L688F,-0.4198904037475586,0.673079376884294
D678V:L688M,-0.34966087341308594,-0.077518812342035
D678V:L688S,0.7498769760131836,-0.899089977726118
D678V:L705F,-0.6687372922897339,-2.16939715664593
D678V:L705H,-2.9534316062927246,-2.45972594145404
D678V:L705P,-1.0044809579849243,-3.36161164035565
D678V:L705R,-2.2118778228759766,-5.04179625899914
D678V:M706I,1.4947583675384521,-3.18117691598537
D678V:M706K,-2.7911229133605957,-3.78604331269937
D678V:M706L,0.7277307510375977,-4.0321080551666
D678V:M706T,1.201995849609375,-4.64332370102945
D678V:M706V,1.9627087116241455,-2.23587493383146
D678V:N698D,-0.5537170171737671,-4.28114454193595
D678V:N698H,-0.7202063798904419,-2.83735408837731
D678V:N698I,-1.4307979345321655,-1.30151006682855
D678V:N698S,-0.11042207479476929,-3.45639329678354
D678V:N698Y,-1.338875651359558,-0.854637803017322
D678V:Q686H,-0.18679213523864746,-0.170791874277465
D678V:Q686L,-0.622169017791748,-0.0402080137269417
D678V:Q686R,0.21579265594482422,-2.85911881870981
D678V:S679L,-0.31346821784973145,-1.82753729849233
D678V:S679P,-0.2572824954986572,0.271260526569487
D678V:S679T,-0.3360292911529541,-1.85894726409474
D678V:S697L,0.7721808552742004,-0.760954289420327
D678V:S697P,-0.37635529041290283,-3.3992951210884
D678V:S697T,-0.24783790111541748,-0.62603120647934
D678V:V683A,-0.09411954879760742,-0.805513990982847
D678V:V683D,0.179052472114563,-0.394439496826059
D678V:V683I,-0.2868201732635498,-0.792353036677769
D678V:V683L,-0.1677311658859253,-4.65298323699077
D678V:V689A,0.246690034866333,-0.897043384958272
D678V:V689E,0.5115784406661987,-1.46821927283207
D678V:V689M,-0.4767262935638428,-0.822021854871958
D678V:V695A,0.17891240119934082,-1.12259604930204
D678V:V695E,0.5985832214355469,-1.83757555839532
D678V:V695L,-0.06023406982421875,-1.92049657796872
D678V:V695M,-0.6137204170227051,-1.36127302049212
D678V:V707A,-1.0609883069992065,-2.45446687652834
D678V:V707E,-4.256984233856201,-3.929246875602
D678V:V707L,-1.0251678228378296,-0.453558471337614
D678V:V707M,-2.1122732162475586,-0.967706733094408
D678V:V710A,-0.2226734161376953,-4.07654403477506
D678V:V710D,-3.9541397094726562,-4.00347028747101
D678V:V710I,-0.2220144271850586,-0.200105550743398
D678V:V711A,-0.5937719345092773,-3.53676691952713
D678V:V711D,-4.198855400085449,-4.19811205306295
D678V:V711I,-0.40728628635406494,-2.4626318556716
D678V:Y681C,-1.3072147369384766,-0.754842179414806
D678V:Y681F,0.09290575981140137,-0.73007018591039
D678V:Y681H,0.27209019660949707,-0.897177855978093
D678V:Y681N,0.4853707551956177,-0.547349829935934
D678W,-2.7541775703430176,0.597222966157466
D678Y,-1.238452672958374,0.5351991280342103
D678Y:A692T,-0.5893394947052002,-2.50231508503293
D678Y:A692V,-0.7469156980514526,-0.182309947586187
D678Y:A701V,-0.551426887512207,1.7264383931568
D678Y:A713S,-1.695778250694275,-0.468221096104927
D678Y:A713T,-1.3438652753829956,0.977888022891587
D678Y:A713V,-0.2885180115699768,0.115067132278111
D678Y:D694E,-0.4979923963546753,1.20904741987358
D678Y:D694Y,-1.0219299793243408,-3.70396899756541
D678Y:E682D,-0.5036314725875854,-0.0790074830499074
D678Y:E682G,-0.6076943874359131,0.160123645220321
D678Y:E682V,-0.7482390403747559,-0.994221774709668
D678Y:E693D,-0.6598329544067383,-0.230662043264086
D678Y:F690I,-0.5705744028091431,0.558508273569869
D678Y:F690L,-0.24719321727752686,-0.0843709810190214
D678Y:F690Y,-0.3729795217514038,-2.62055960203047
D678Y:F691I,-0.4185880422592163,1.20056499907865
D678Y:F691L,-0.2545989751815796,0.638070980122407
D678Y:F691S,0.3893728256225586,-1.77540981312621
D678Y:F691V,0.041625142097473145,-2.19076118248394
D678Y:F691Y,-0.6294471025466919,0.187004444355481
D678Y:G696C,-1.9571998119354248,-2.21239655217543
D678Y:G696D,-0.865159273147583,-3.37060037651974
D678Y:G700C,-3.7978094816207886,-1.82934925008834
D678Y:G708C,-1.9521955251693726,-1.06688994817024
D678Y:G708D,-4.048179268836975,-4.47588173007259
D678Y:G708S,-1.392684817314148,-2.90917635806134
D678Y:G709C,-1.2684890031814575,-0.875886890636207
D678Y:G709S,-1.1706089973449707,-2.8396326448373
D678Y:H684L,-0.327786922454834,-0.950334152792632
D678Y:H684Q,-0.38379406929016113,-1.94585640856674
D678Y:H684R,-0.41047513484954834,-1.70073290400658
D678Y:H685L,-0.7533645629882812,-0.136665934959138
D678Y:H685R,-0.38481247425079346,-0.869728766674329
D678Y:I702F,-1.9657291173934937,-3.27791051629675
D678Y:I702T,-2.087788939476013,-1.38546244477161
D678Y:I702V,-1.1396567821502686,-1.89536198998614
D678Y:I703F,-2.2939714193344116,-3.87934356031529
D678Y:I703T,-2.0319288969039917,-3.89959873287455
D678Y:I703V,-0.9133707284927368,-2.80127979967183
D678Y:I712K,-4.3392094373703,-2.59383910236595
D678Y:I712L,-0.18956458568572998,-2.4431543364005
D678Y:I712T,-1.4647488594055176,-3.89959873287455
D678Y:I712V,-0.3477679491043091,-3.05498609399755
D678Y:K687E,-0.43592822551727295,-0.479201561207741
D678Y:K687I,-1.734402060508728,-2.90273427981087
D678Y:K687N,-0.6257320642471313,0.479755795575406
D678Y:K699E,-1.2403180599212646,-2.1360532975455
D678Y:K699I,-0.6383463144302368,-2.66795442004973
D678Y:K699R,-0.8178408145904541,-0.291638921993621
D678Y:L688F,-0.9549673795700073,0.849088143613182
D678Y:L688M,-0.8847378492355347,0.968746695789985
D678Y:L688S,0.21480000019073486,0.0912184502366942
D678Y:L705H,-3.4885085821151733,-1.35416307364275
D678Y:M706K,-3.3261998891830444,-3.47191008799464
D678Y:M706L,0.19265377521514893,-3.22801186376795
D678Y:M706T,0.6669188737869263,-3.79550109312748
D678Y:M706V,1.4276317358016968,-0.500078105685167
D678Y:N698D,-1.0887939929962158,-3.89029634021223
D678Y:N698I,-1.9658749103546143,-0.204854159308213
D678Y:N698Y,-1.8739526271820068,-0.478375882376272
D678Y:Q686H,-0.7218691110610962,0.342819396049518
D678Y:Q686L,-1.1572459936141968,-0.506123397306303
D678Y:Q686R,-0.3192843198776245,-2.25163490757141
D678Y:S679P,-0.792359471321106,-2.69858864933059
D678Y:S697P,-0.9114322662353516,-1.54105567620803
D678Y:S697T,-0.7829148769378662,0.259161387659813
D678Y:V683A,-0.6291965246200562,-0.217505097577255
D678Y:V683D,-0.35602450370788574,-0.204932864315708
D678Y:V689E,-0.02349853515625,0.0781965166944238
D678Y:V689M,-1.0118032693862915,-2.15130238216966
D678Y:V695A,-0.3561645746231079,-0.603761866870219
D678Y:V695E,0.06350624561309814,-1.59118221553792
D678Y:V695M,-1.1487973928451538,0.309960314818746
D678Y:V707A,-1.5960652828216553,-2.67324548449551
D678Y:V707E,-4.79206120967865,-3.8388176131758
D678Y:V707M,-2.6473501920700073,-0.0875795928077738
D678Y:V710A,-0.757750391960144,-4.86644174391153
D678Y:V710D,-4.489216685295105,-4.25586498845864
D678Y:V711A,-1.128848910331726,-0.259665705138346
D678Y:V711D,-4.733932375907898,-2.52889512079217
D678Y:Y681N,-0.049706220626831055,1.17557508235928
D694A,-0.16566729545593262,-0.911988461096805
D694A:L705H,-2.9521158933639526,-3.75364482025147
D694A:M706K,-2.7898072004318237,-3.58268702210783
D694C,-2.770888328552246,-1.92058216350325
D694E,0.24246788024902344,0.631693399271919
D694E:A701E,-1.0266776084899902,-3.17706070098172
D694E:A701G,-0.6479957103729248,-1.42070706946798
D694E:A701P,-0.6830253601074219,-1.75981150928693
D694E:A701S,-0.7130670547485352,-2.69691882248342
D694E:A701T,-0.17437195777893066,1.38008485276572
D694E:A701V,0.1890333890914917,1.99050634250814
D694E:A713E,-3.302403211593628,-2.4007702630616
D694E:A713G,-0.5930407047271729,-1.88469571233228
D694E:A713S,-0.9553179740905762,-0.127745035136198
D694E:A713T,-0.6034049987792969,0.384193535494635
D694E:A713V,0.4519422650337219,1.13499580905681
D694E:G696A,-0.0389174222946167,-1.34249441964081
D694E:G696C,-1.216739535331726,-0.444363465967812
D694E:G696D,-0.12469899654388428,-2.72309747026923
D694E:G696R,-0.11742174625396729,-2.39552133609827
D694E:G696S,0.334086537361145,-0.0131602572546128
D694E:G696V,-0.24907958507537842,-2.56961708548636
D694E:G700C,-3.05734920501709,-1.12388389681393
D694E:G700D,-1.758675456047058,-3.07799018416674
D694E:G704E,-3.396200180053711,-2.21299004078078
D694E:G704R,-3.1894304752349854,-2.79421976497308
D694E:G704V,-2.112258195877075,-3.67181480200384
D694E:G708C,-1.2117352485656738,-1.05623913432025
D694E:G708D,-3.3077189922332764,-3.49345104139885
D694E:G708S,-0.6522245407104492,-1.96405804170609
D694E:G708V,-0.25657033920288086,-2.7516100999919
D694E:G709C,-0.5280287265777588,-0.777889015354251
D694E:G709D,-2.973720073699951,-0.706613047731115
D694E:G709S,-0.430148720741272,-2.22857940716303
D694E:I702F,-1.225268840789795,-2.21389173179006
D694E:I702N,-2.095421075820923,-0.417521015420243
D694E:I702T,-1.3473286628723145,-0.785009904479391
D694E:I702V,-0.3991965055465698,-0.189077967431825
D694E:I703F,-1.553511142730713,-2.78170173495333
D694E:I703N,-3.203131675720215,-2.94673165528007
D694E:I703T,-1.291468620300293,-2.73062682321938
D694E:I703V,-0.17291045188903809,-1.85486095122075
D694E:I712K,-3.5987491607666016,-3.05903573771358
D694E:I712L,0.5508956909179688,-0.97414899775335
D694E:I712M,-0.6572648286819458,-2.12324496573044
D694E:I712T,-0.7242885828018188,-3.91084862303983
D694E:I712V,0.39269232749938965,-1.46382637667431
D694E:K699E,-0.4998577833175659,-3.37557730643874
D694E:K699I,0.10211396217346191,-1.75931856288889
D694E:K699N,-0.3059614896774292,0.0840043944672723
D694E:K699R,-0.07738053798675537,0.110907469014507
D694E:K699T,0.8045738339424133,-2.69105250589471
D694E:L705F,-0.4633539915084839,0.0077950966046811
D694E:L705H,-2.7480483055114746,-1.75440947321052
D694E:L705I,0.35439014434814453,0.986678209778064
D694E:L705P,-0.7990976572036743,-2.58983488783674
D694E:L705V,0.15120148658752441,1.29829994057938
D694E:M706I,1.7001416683197021,-1.99083292985253
D694E:M706K,-2.5857396125793457,-3.49781948557008
D694E:M706L,0.9331140518188477,-2.1853335524789
D694E:M706T,1.407379150390625,-3.12344544695849
D694E:M706V,2.1680920124053955,-1.10458648439486
D694E:N698D,-0.3483337163925171,-3.9792784255708
D694E:N698I,-1.2254146337509155,-0.113025053982709
D694E:N698K,-0.3275182247161865,-2.84750645984133
D694E:N698S,0.09496122598648071,-2.13948319580933
D694E:N698T,-0.579954981803894,-3.52054066788653
D694E:N698Y,-1.133492350578308,-0.092184261289162
D694E:S697L,0.9775641560554504,-0.13767213694562
D694E:S697P,-0.17097198963165283,-1.87506117065975
D694E:S697T,-0.04245460033416748,0.978699922539221
D694E:V695A,0.3842957019805908,-0.649162530877951
D694E:V695E,0.8039665222167969,-1.14599818108191
D694E:V695M,-0.4083371162414551,0.171746470549432
D694E:V707A,-0.8556050062179565,-1.80385398006863
D694E:V707E,-4.051600933074951,-2.67305135079431
D694E:V707G,-1.9099228382110596,-4.61023492797235
D694E:V707L,-0.8197845220565796,-0.935101258121741
D694E:V707M,-1.9068899154663086,-0.255323031001594
D694E:V710A,-0.017290115356445312,-2.26530675658791
D694E:V710D,-3.7487564086914062,-3.40912007797241
D694E:V710G,-0.5002131462097168,-4.59274591343449
D694E:V710I,-0.016631126403808594,1.06835964052257
D694E:V710L,-0.04738640785217285,-2.58967735053923
D694E:V711A,-0.38838863372802734,-2.95495432582421
D694E:V711D,-3.993472099304199,-3.22093588002915
D694E:V711G,-1.110067367553711,-4.01729571192901
D694E:V711I,-0.20190298557281494,-0.314478036547742
D694F,-0.17658281326293945,-4.34105104472884
D694G,-0.5143098831176758,1.0574930868493035
D694G:A701E,-1.4050664901733398,-2.87735942299101
D694G:A701P,-1.0614142417907715,0.504900757651392
D694G:A701S,-1.0914559364318848,-1.92864237001731
D694G:A701T,-0.5527608394622803,1.68114814556508
D694G:A701V,-0.1893554925918579,2.22712545020728
D694G:A713E,-3.6807920932769775,-2.45408138142214
D694G:A713S,-1.3337068557739258,0.782992600026941
D694G:A713T,-0.9817938804626465,1.54041599569781
D694G:A713V,0.07355338335037231,1.86321050415483
D694G:G696C,-1.5951284170150757,-0.896543256836897
D694G:G696D,-0.5030878782272339,0.0588961399420165
D694G:G696S,-0.04430234432220459,-0.0804213260924003
D694G:G696V,-0.627468466758728,-1.76299877735476
D694G:G700C,-3.4357380867004395,-0.0210385039246463
D694G:G700D,-2.1370643377304077,-3.23609273403737
D694G:G700S,-1.533137559890747,-1.96933636444075
D694G:G704E,-3.7745890617370605,-2.86812574704407
D694G:G708C,-1.5901241302490234,-1.0597425074275
D694G:G708D,-3.686107873916626,-2.53266839269802
D694G:G708V,-0.6349592208862305,-2.72818108989347
D694G:G709A,-0.19306248426437378,-3.33444617374632
D694G:G709C,-0.9064176082611084,-1.03325189948193
D694G:G709D,-3.352108955383301,-0.0550316677409487
D694G:G709S,-0.8085376024246216,-1.78104551346376
D694G:I702F,-1.6036577224731445,-0.906685461798997
D694G:I702N,-2.4738099575042725,-1.13307679931605
D694G:I702V,-0.7775853872299194,0.666343778757412
D694G:I703F,-1.9319000244140625,-2.92174764111807
D694G:I703N,-3.5815205574035645,-1.73261554104489
D694G:I703T,-1.6698575019836426,-3.27528086521527
D694G:I703V,-0.5512993335723877,0.0289070044981815
D694G:I712K,-3.977138042449951,-2.14956793642094
D694G:I712L,0.17250680923461914,-0.952970739701693
D694G:I712M,-1.0356537103652954,-1.10716751619392
D694G:I712T,-1.1026774644851685,-2.15265409531026
D694G:I712V,0.014303445816040039,-1.46376394137516
D694G:K699E,-0.8782466650009155,-0.0319861823636567
D694G:K699I,-0.2762749195098877,-2.13521651962053
D694G:K699N,-0.6843503713607788,0.698714946445063
D694G:K699R,-0.455769419670105,1.19440487080435
D694G:L705F,-0.8417428731918335,-0.260012507638768
D694G:L705H,-3.126437187194824,-1.97423691185055
D694G:L705I,-0.023998737335205078,1.83858516849899
D694G:L705P,-1.177486538887024,-2.41644922629316
D694G:L705R,-2.384883403778076,-2.44204135173317
D694G:M706I,1.3217527866363525,-1.54618904375057
D694G:M706K,-2.9641284942626953,-2.27169463276657
D694G:M706L,0.554725170135498,-2.26883133771877
D694G:M706T,1.0289902687072754,-3.3623441998166
D694G:M706V,1.789703130722046,0.0555586157793051
D694G:N698D,-0.7267225980758667,-3.15958767269664
D694G:N698I,-1.6038035154342651,0.359534975413629
D694G:N698S,-0.2834276556968689,-1.12388843037199
D694G:N698Y,-1.5118812322616577,0.389939039527029
D694G:S697L,0.5991752743721008,1.15526847928748
D694G:S697P,-0.5493608713150024,-0.215690361567098
D694G:S697T,-0.4208434820175171,0.802741027267631
D694G:V695A,0.005906820297241211,1.46201957283913
D694G:V695E,0.42557764053344727,0.402210370043608
D694G:V695G,0.1957085132598877,0.942046201110401
D694G:V695M,-0.7867259979248047,0.455464170091389
D694G:V707A,-1.2339938879013062,0.3543245951018
D694G:V707E,-4.429989814758301,-2.13111627567351
D694G:V707G,-2.288311719894409,-4.51578487229837
D694G:V707L,-1.1981734037399292,0.667070390298075
D694G:V707M,-2.285278797149658,1.00424866152248
D694G:V710A,-0.3956789970397949,-2.2228892895019
D694G:V710D,-4.127145290374756,-3.25013443943715
D694G:V710G,-0.8786020278930664,-4.36496198256378
D694G:V710I,-0.3950200080871582,0.84370606868556
D694G:V711A,-0.766777515411377,-3.17064457130361
D694G:V711D,-4.371860980987549,-3.60308294128796
D694G:V711I,-0.5802918672561646,-1.41287768797457
D694H,-0.9502513408660889,-0.273098371114364
D694H:K699R,-0.6737401485443115,-1.13784435280048
D694H:S697T,-0.6388142108917236,0.799924236961541
D694H:V707E,-4.647960543632507,-4.08500195620591
D694I,-0.8862478733062744,-4.2138009733879
D694K,0.29935383796691895,-0.213650592911483
D694L,-0.3064899444580078,-4.19661287617531
D694M,-1.399064064025879,-3.34633226635916
D694N,-0.3560910224914551,1.6764705353352198
D694N:A701V,-0.11024606227874756,1.78508463802092
D694N:A713P,-2.1008448600769043,-1.89653016997929
D694N:A713V,0.15266281366348267,1.44623247348332
D694N:G696C,-1.5160189867019653,0.464437472216978
D694N:G696D,-0.42397844791412354,-0.338058701137213
D694N:G700C,-3.356628656387329,0.357245711628134
D694N:G700D,-2.0579549074172974,-2.57915168174369
D694N:G708C,-1.511014699935913,-0.49273501024197
D694N:G708D,-3.6069984436035156,-3.42310292040669
D694N:G708S,-0.9515039920806885,-2.93103957245464
D694N:G708V,-0.5558497905731201,-3.06304406018449
D694N:G709C,-0.827308177947998,-0.494545039028071
D694N:G709D,-3.2729995250701904,-0.375428236946089
D694N:G709S,-0.7294281721115112,-1.24823051476319
D694N:I702L,-0.5358456373214722,-2.90634695986426
D694N:I702N,-2.394700527191162,-1.49544081176875
D694N:I702T,-1.6466081142425537,-0.578243374381461
D694N:I702V,-0.6984759569168091,1.42515026751129
D694N:I703F,-1.8527905941009521,-2.94271514521677
D694N:I703N,-3.502411127090454,-3.37060037651974
D694N:I703T,-1.5907480716705322,-0.944325036283536
D694N:I703V,-0.47218990325927734,-0.119064215023117
D694N:I712K,-3.898028612136841,-3.31934261588711
D694N:I712L,0.2516162395477295,-0.562844861307101
D694N:I712T,-1.023568034172058,-2.64957523885644
D694N:I712V,0.09341287612915039,-1.03855412567632
D694N:K699E,-0.7991372346878052,-2.49502996670911
D694N:K699I,-0.19716548919677734,-1.06638538881833
D694N:K699N,-0.6052409410476685,2.03763464509821
D694N:K699R,-0.37665998935699463,1.13031907543283
D694N:L705H,-3.047327756881714,-2.68905112785834
D694N:L705P,-1.0983771085739136,-2.41525931433368
D694N:M706I,1.400862216949463,-0.08824474971055
D694N:M706K,-2.885019063949585,-2.56987472324305
D694N:M706L,0.6338346004486084,-2.31245473739966
D694N:N698D,-0.6476131677627563,-3.0729382832822
D694N:N698I,-1.5246940851211548,0.643662281596481
D694N:N698K,-0.6267976760864258,-1.26939280880594
D694N:N698Y,-1.4327718019485474,-0.336889121988283
D694N:S697T,-0.34173405170440674,0.594557942451667
D694N:V695A,0.08501625061035156,-0.584101402213557
D694N:V695E,0.5046870708465576,-0.0789513043457234
D694N:V695M,-0.7076165676116943,0.331045266004761
D694N:V707A,-1.1548844575881958,-2.25629590917109
D694N:V707E,-4.35088038444519,-3.26961975094605
D694N:V707M,-2.206169366836548,0.713534086498781
D694N:V710A,-0.31656956672668457,-2.5445495573536
D694N:V710D,-4.0480358600616455,-4.23325571238321
D694N:V710I,-0.31591057777404785,1.02511381065709
D694N:V711A,-0.6876680850982666,-3.25170814390272
D694N:V711D,-4.2927515506744385,-3.43498453653429
D694N:V711I,-0.5011824369430542,0.184695493494051
D694P,0.24610424041748047,1.74077661198143
D694Q,-0.6534905433654785,-0.410190747557149
D694R,-0.29486799240112305,1.14168179461011
D694S,0.07947850227355957,-0.1920501549417998
D694T,-0.28098058700561523,-0.297854600539949
D694V,-0.5969643592834473,-3.92610316238225
D694V:A701G,-1.0677118301391602,-3.66011876224064
D694V:A701T,-0.594088077545166,-2.48510274057134
D694V:A701V,-0.23068273067474365,-2.53471140756993
D694V:A713S,-1.3750340938568115,-3.55575085735755
D694V:A713T,-1.0231211185455322,-2.68285125871658
D694V:A713V,0.03222614526748657,-1.325873004075
D694V:G696C,-1.6364556550979614,-4.4104300245117
D694V:G696D,-0.5444151163101196,-4.96433679408635
D694V:G696S,-0.08562958240509033,-3.66168960728134
D694V:G700C,-3.477065324783325,-4.26732351299987
D694V:G700D,-2.1783915758132935,-4.12471181641996
D694V:G704E,-3.8159162998199463,-1.70237415553833
D694V:G708C,-1.6314513683319092,-3.59750448833579
D694V:G708D,-3.7274351119995117,-4.18645329957699
D694V:G708S,-1.0719406604766846,-5.19983034078398
D694V:G709C,-0.9477448463439941,-2.59336785512742
D694V:G709D,-3.3934361934661865,-1.82400651464614
D694V:G709S,-0.8498648405075073,-4.14074383410941
D694V:I702F,-1.6449849605560303,-4.0764960469635
D694V:I702N,-2.515137195587158,-1.76967984244093
D694V:I702T,-1.7670447826385498,-4.95321988048287
D694V:I702V,-0.8189126253128052,-2.14535279166297
D694V:I703N,-3.62284779548645,-1.32654082761583
D694V:I703T,-1.7111847400665283,-2.67669837893127
D694V:I703V,-0.5926265716552734,-3.62961272463523
D694V:I712K,-4.018465280532837,-4.8158894647487
D694V:I712L,0.1311795711517334,-1.86461975335987
D694V:I712M,-1.0769809484481812,-3.92699770706266
D694V:I712T,-1.1440047025680542,-5.1768118585242
D694V:I712V,-0.027023792266845703,-3.96274211062161
D694V:K699E,-0.9195739030838013,-2.76708489253076
D694V:K699I,-0.31760215759277344,-2.73012911641944
D694V:K699N,-0.7256776094436646,-2.99986732947628
D694V:K699Q,-0.8394707441329956,-4.53558749959454
D694V:K699R,-0.4970966577529907,-4.08924702150582
D694V:L705F,-0.8830701112747192,-3.9876390988263
D694V:L705H,-3.16776442527771,-1.06812299784638
D694V:L705P,-1.2188137769699097,-1.97047418412233
D694V:M706I,1.2804255485534668,-3.44521268041565
D694V:M706K,-3.005455732345581,-5.2424150552867
D694V:M706L,0.5133979320526123,-4.13012239148638
D694V:M706T,0.9876630306243896,-2.61600500252334
D694V:M706V,1.7483758926391602,-4.64118217391183
D694V:N698D,-0.7680498361587524,-3.68814092835099
D694V:N698I,-1.6451307535171509,-3.39759604894757
D694V:N698S,-0.32475489377975464,-5.21326750819946
D694V:N698T,-0.9996711015701294,-4.73089625191531
D694V:N698Y,-1.5532084703445435,-3.2141513912577
D694V:S697L,0.5578480362892151,-3.82983543314508
D694V:S697P,-0.5906881093978882,-4.26297301969157
D694V:S697T,-0.46217072010040283,-2.82447648471188
D694V:V695A,-0.03542041778564453,-0.104055211600759
D694V:V695E,0.3842504024505615,0.0563913987540105
D694V:V695G,0.15438127517700195,0.343009344977781
D694V:V695M,-0.8280532360076904,-3.32169774586823
D694V:V707A,-1.275321125984192,-2.73931164853489
D694V:V707E,-4.4713170528411865,-2.0214113813117
D694V:V707M,-2.326606035232544,-3.02015393604113
D694V:V710A,-0.43700623512268066,-3.88900832910088
D694V:V710D,-4.168472528457642,-3.31796562780128
D694V:V710I,-0.43634724617004395,-3.2988039822358
D694V:V711D,-4.413188219070435,-4.13781899618175
D694V:V711I,-0.6216191053390503,-4.3992371223914
D694V:V711L,-0.34922122955322266,-4.09109937849784
D694W,-0.7826120853424072,-1.84750524374505
D694Y,-0.8054072856903076,-2.78038408860492
D694Y:A701V,-0.33490419387817383,-1.99005622799011
D694Y:A713T,-1.1273425817489624,-3.6322839632472
D694Y:A713V,-0.0719953179359436,-1.6211485253772
D694Y:G696C,-1.7406771183013916,-4.53558749959454
D694Y:G708C,-1.7356728315353394,-4.19467711167413
D694Y:G709C,-1.0519663095474243,-4.06120794803683
D694Y:I702V,-0.9231340885162354,-4.15910992835963
D694Y:I703T,-1.8154062032699585,-5.2655113401491
D694Y:I712K,-4.122686743736267,-4.99821102154266
D694Y:I712L,0.026958107948303223,-3.03133860083923
D694Y:K699E,-1.0237953662872314,-5.16134443428683
D694Y:K699N,-0.8298990726470947,-3.4599349034468
D694Y:K699R,-0.6013181209564209,-4.6415520942248
D694Y:L705H,-3.27198588848114,-2.07466023858417
D694Y:L705P,-1.3230352401733398,-4.40132388958964
D694Y:M706L,0.40917646884918213,-4.29264132098416
D694Y:M706V,1.64415442943573,-4.76979155080399
D694Y:N698I,-1.749352216720581,-3.33401196458467
D694Y:N698Y,-1.6574299335479736,-3.57090691189344
D694Y:S697T,-0.566392183303833,-3.69098726332707
D694Y:V695A,-0.1396418809890747,-3.79633385944756
D694Y:V695E,0.28002893924713135,-4.00662227538086
D694Y:V707A,-1.379542589187622,-3.79633385944756
D694Y:V707E,-4.575538516044617,-3.37635058911
D694Y:V707M,-2.430827498435974,-4.96047069355981
D694Y:V710D,-4.272693991661072,-4.70070214507712
D694Y:V711D,-4.517409682273865,-4.51118606979191
E674A,-0.26302170753479004,0.193964149981918
E674A:E682D,-0.015915989875793457,1.58602375642469
E674A:F675S,0.612628698348999,-0.555496554820434
E674A:F691L,0.2331165075302124,-2.02970397751366
E674A:G709C,-0.7807735204696655,-2.51815904152742
E674A:G709S,-0.6828935146331787,-3.47300093702278
E674A:H677L,0.1013869047164917,-1.34794738932871
E674A:H684Q,0.10392141342163086,-1.68019379001881
E674A:H685R,0.10290300846099854,-1.26516034911558
E674A:I712L,0.298150897026062,-3.26460027570302
E674A:K687I,-1.246686577796936,-3.8618584048917
E674A:L688M,-0.3970223665237427,-1.52871066148749
E674A:L688S,0.7025154829025269,-1.44000989107084
E674A:N698D,-0.6010785102844238,-4.05902646980265
E674A:V683I,-0.33418166637420654,-1.27749096157306
E674C,-3.892110824584961,0.905741711625846
E674D,-0.04536724090576172,-0.0965864149454114
E674D:A692T,0.007203221321105957,-1.87227319233373
E674D:A692V,-0.15037298202514648,-0.808556279516232
E674D:A701T,-0.31828951835632324,0.160403624489191
E674D:A701V,0.04511582851409912,1.17663384370752
E674D:A713V,0.30802470445632935,-0.715522795950345
E674D:D678G,-0.06805157661437988,-2.77099906008796
E674D:D678V,-0.10683298110961914,-0.654192720497111
E674D:D694E,0.09855031967163086,-0.099006907623572
E674D:D694G,-0.27983856201171875,-0.650592497304483
E674D:E682D,0.0929112434387207,-0.504941767269157
E674D:E682G,-0.011151671409606934,0.0389544600628347
E674D:E682V,-0.1516963243484497,0.589766978294634
E674D:E693D,-0.06329023838043213,-0.092936243104228
E674D:E693G,-0.3075425624847412,1.99095964892499
E674D:E693K,-0.17406010627746582,-1.8208041495032
E674D:E693V,-0.8899929523468018,-0.487689695617465
E674D:F675I,0.3973613977432251,-2.74984506634521
E674D:F675L,0.5104485750198364,-0.739921081235979
E674D:F675S,0.7214559316635132,-1.12326986922534
E674D:F675Y,0.03495430946350098,-1.54286572870996
E674D:F690I,0.025968313217163086,1.3681946145883
E674D:F690L,0.3493494987487793,-1.69328300467438
E674D:F690V,0.45852184295654297,-0.0441460789347961
E674D:F691I,0.17795467376708984,0.0992649386066972
E674D:F691L,0.34194374084472656,-1.07663594698618
E674D:F691S,0.9859155416488647,-0.275257799898183
E674D:F691Y,-0.03290438652038574,-0.661740259775311
E674D:G696D,-0.26861655712127686,-4.69810642909232
E674D:G696S,0.19016897678375244,-2.05068084980654
E674D:G700D,-1.9025930166244507,-4.89422130801861
E674D:G708C,-1.3556528091430664,-1.83996797548358
E674D:G709C,-0.6719462871551514,-1.51367291739961
E674D:G709D,-3.1176376342773438,-2.02142862974634
E674D:H677L,0.21021413803100586,-1.08787394151698
E674D:H677Q,0.21033024787902832,-0.025817996414002
E674D:H677R,0.4190554618835449,0.140841955481909
E674D:H677Y,-0.14912736415863037,-2.2330024066005
E674D:H684L,0.26875579357147217,-1.46454979141507
E674D:H684N,0.20592117309570312,-0.840150644934449
E674D:H684Q,0.21274864673614502,-0.461445644689963
E674D:H684R,0.1860675811767578,-1.82590799412318
E674D:H685L,-0.1568218469619751,-1.30387886528214
E674D:H685Q,0.16635489463806152,-0.0259092416520532
E674D:H685R,0.2117302417755127,-0.475638078918472
E674D:I702F,-1.3691864013671875,-1.71934126181738
E674D:I702T,-1.491246223449707,-2.18788197132003
E674D:I702V,-0.5431140661239624,-1.36456769590398
E674D:I712K,-3.742666721343994,-4.30506384098271
E674D:I712L,0.40697813034057617,-1.78213417606472
E674D:I712M,-0.8011823892593384,-1.89064922741789
E674D:I712V,0.24877476692199707,-3.86456816909073
E674D:K687N,-0.029189348220825195,-1.34909480060073
E674D:K687R,-0.10256505012512207,0.178326459328752
E674D:K699E,-0.6437753438949585,-3.24281919648548
E674D:K699I,-0.041803598403930664,-3.35612429303604
E674D:K699N,-0.4498790502548218,-1.56717552125643
E674D:K699R,-0.22129809856414795,-1.45394749014543
E674D:L688F,-0.35842466354370117,0.752227144754343
E674D:L688M,-0.2881951332092285,-0.171979450444681
E674D:L688S,0.811342716217041,0.604629147615163
E674D:L705F,-0.6072715520858765,-2.58722011808128
E674D:L705H,-2.891965866088867,-3.98876836868069
E674D:M706K,-2.7296571731567383,-3.36157726272394
E674D:N698D,-0.49225127696990967,-3.5939813805787
E674D:N698Y,-1.2774099111557007,0.0124412411499976
E674D:Q686H,-0.12532639503479004,0.175074497018695
E674D:Q686L,-0.5607032775878906,-1.77335163620157
E674D:Q686R,0.27725839614868164,-2.57915168174369
E674D:R676L,0.23779606819152832,-1.55068956820626
E674D:R676Q,0.02091681957244873,-2.5008818517561
E674D:S697P,-0.3148895502090454,-4.39941261135839
E674D:S697T,-0.18637216091156006,-1.01369288790557
E674D:V683A,-0.03265380859375,-1.23237052629259
E674D:V689E,0.5730441808700562,-2.37985297411474
E674D:V689M,-0.41526055335998535,-1.48183138592418
E674D:V695A,0.24037814140319824,-0.399147956608495
E674D:V695E,0.6600489616394043,-1.35563398593195
E674D:V695M,-0.5522546768188477,0.0814171440405498
E674D:V707E,-4.195518493652344,-3.76778580123359
E674D:V707M,-2.050807476043701,-1.63677687305252
E674D:V711D,-4.137389659881592,-3.37710122667294
E674D:Y681C,-1.2457489967346191,-1.6009872440955
E674D:Y681N,0.5468364953994751,-0.638853186681489
E674F,-1.2903616428375244,1.10282671608641
E674G,-0.13924407958984375,0.262258857688467
E674G:A692E,0.7088810801506042,-1.97589059247128
E674G:A692T,-0.03973519802093506,-0.0490337308509984
E674G:A692V,-0.1973114013671875,0.602213335344994
E674G:A701E,-1.2175335884094238,-3.31520636201717
E674G:A701G,-0.8388516902923584,0.227937827821513
E674G:A701T,-0.36522793769836426,1.04274733088124
E674G:A701V,-0.0018225908279418945,1.93727370278912
E674G:A713S,-1.1461739540100098,0.243987394797572
E674G:A713T,-0.7942609786987305,1.79497015315863
E674G:A713V,0.26108628511428833,0.906012338903031
E674G:D678E,0.02044963836669922,-0.200755772393762
E674G:D678G,-0.1149899959564209,1.07424476378484
E674G:D678N,-0.39994072914123535,0.80835889380957
E674G:D678V,-0.15377140045166016,-0.361164066808879
E674G:D678Y,-0.6888483762741089,-0.456905737605792
E674G:D694E,0.051611900329589844,1.13869784434858
E674G:D694G,-0.32677698135375977,1.16146635122965
E674G:D694N,-0.24766755104064941,1.34138902694163
E674G:D694V,-0.3681042194366455,-2.84212550448521
E674G:E682D,0.04597282409667969,0.447420878352879
E674G:E682G,-0.05809009075164795,0.666004720329879
E674G:E682K,-0.24039340019226074,-0.31289781775481
E674G:E682V,-0.19863474369049072,0.629704559939642
E674G:E693D,-0.11022865772247314,0.707567505061542
E674G:E693G,-0.3544809818267822,2.3846233794117
E674G:E693V,-0.9369313716888428,-0.702571742001101
E674G:F675I,0.3504229784011841,0.453152319651089
E674G:F675L,0.4635101556777954,-0.0737950941815987
E674G:F675S,0.6745175123214722,0.459211356529283
E674G:F675Y,-0.011984109878540039,0.362745719478442
E674G:F690I,-0.02097010612487793,0.983588081733264
E674G:F690L,0.3024110794067383,-0.329288759516287
E674G:F690S,1.272554636001587,-0.455841736793596
E674G:F690Y,0.17662477493286133,-0.766238771442441
E674G:F691I,0.13101625442504883,0.783921184655555
E674G:F691L,0.29500532150268555,-0.14070894805925
E674G:F691S,0.9389771223068237,0.877134192728767
E674G:F691Y,-0.07984280586242676,0.245186235279251
E674G:G680A,-0.15930652618408203,-0.253104995257049
E674G:G696C,-1.4075955152511597,0.212238562062863
E674G:G696D,-0.31555497646331787,-1.75351602886749
E674G:G696S,0.14323055744171143,-0.0696453248429029
E674G:G700C,-3.2482051849365234,-0.661441796905227
E674G:G700D,-1.9495314359664917,-3.35402007453821
E674G:G704E,-3.5870561599731445,-2.42831115892126
E674G:G708C,-1.4025912284851074,-0.6379812477969
E674G:G708D,-3.49857497215271,-3.30727032695152
E674G:G708S,-0.8430805206298828,-2.12816922271014
E674G:G708V,-0.44742631912231445,-4.0030249698981
E674G:G709C,-0.7188847064971924,-0.737848934364272
E674G:G709D,-3.1645760536193848,-1.98085266524869
E674G:G709S,-0.6210047006607056,-2.84877604576294
E674G:H677L,0.16327571868896484,-1.16746033276517
E674G:H677Q,0.1633918285369873,0.202159664281939
E674G:H677R,0.3721170425415039,0.562650571099949
E674G:H677Y,-0.1960657835006714,-0.205901358147274
E674G:H684L,0.22181737422943115,-0.461497745621611
E674G:H684Q,0.165810227394104,0.180984640478431
E674G:H684R,0.1391291618347168,0.172973912949392
E674G:H685L,-0.2037602663040161,0.74370188653112
E674G:H685Q,0.11941647529602051,-0.346139091175082
E674G:H685R,0.16479182243347168,0.468173053393049
E674G:I702F,-1.4161248207092285,-1.28420324591101
E674G:I702N,-2.2862770557403564,-0.485570277992496
E674G:I702T,-1.538184642791748,-0.022943871284193
E674G:I702V,-0.5900524854660034,-0.727224562424639
E674G:I703F,-1.7443671226501465,-2.86899205652194
E674G:I703N,-3.3939876556396484,-2.85881855263104
E674G:I703T,-1.4823246002197266,-3.19243365212327
E674G:I703V,-0.3637664318084717,-2.42538172319764
E674G:I712K,-3.789605140686035,-3.14157388697957
E674G:I712L,0.36003971099853516,-1.17902292615136
E674G:I712M,-0.8481208086013794,-1.56488950787437
E674G:I712T,-0.9151445627212524,-3.37889235444605
E674G:I712V,0.20183634757995605,-1.78021163629479
E674G:K687E,0.11367607116699219,-1.03204303089424
E674G:K687I,-1.184797763824463,-1.32896103748664
E674G:K687N,-0.07612776756286621,0.775364004771059
E674G:K687Q,-0.20150983333587646,0.113678006258771
E674G:K687R,-0.14950346946716309,0.0480720615815136
E674G:K687T,-0.4602081775665283,0.417323855741774
E674G:K699E,-0.6907137632369995,-2.71252292634668
E674G:K699I,-0.08874201774597168,-0.325479175698651
E674G:K699N,-0.4968174695968628,-0.312130115127906
E674G:K699R,-0.26823651790618896,0.304278344376113
E674G:L688F,-0.4053630828857422,0.999947344425661
E674G:L688M,-0.33513355255126953,0.133849850834311
E674G:L688S,0.764404296875,-0.200959916747537
E674G:L705F,-0.6542099714279175,-0.558087338822932
E674G:L705H,-2.938904285430908,-3.24881289529982
E674G:L705I,0.16353416442871094,0.185382505395901
E674G:L705P,-0.9899536371231079,-3.17270850211328
E674G:L705R,-2.19735050201416,-4.53558749959454
E674G:L705V,-0.03965449333190918,-0.760819791081601
E674G:M706I,1.5092856884002686,-1.88232495287902
E674G:M706K,-2.7765955924987793,-3.83608510034358
E674G:M706L,0.7422580718994141,-2.46902967214466
E674G:M706V,1.977236032485962,-1.02953341414365
E674G:N698D,-0.5391896963119507,-4.2370069548101
E674G:N698I,-1.4162706136703491,0.510011988358936
E674G:N698S,-0.09589475393295288,-1.27058030664195
E674G:N698Y,-1.3243483304977417,0.955758907545095
E674G:Q686H,-0.17226481437683105,0.962248839610881
E674G:Q686K,0.3832188844680786,-0.355223914660748
E674G:Q686L,-0.6076416969299316,-0.225133061247711
E674G:Q686R,0.23031997680664062,-2.0167504634311
E674G:R676G,0.16006112098693848,-1.09661912228397
E674G:R676L,0.1908576488494873,-0.449921623899243
E674G:R676Q,-0.026021599769592285,-0.643953152521922
E674G:S679P,-0.24275517463684082,0.421340314050497
E674G:S679T,-0.3215019702911377,1.0045173838573
E674G:S697L,0.7867081761360168,-0.609522695133624
E674G:S697P,-0.3618279695510864,-1.53446311617847
E674G:S697T,-0.23331058025360107,0.171926895496512
E674G:V683A,-0.07959222793579102,0.237556875456089
E674G:V683D,0.1935797929763794,0.177322801526027
E674G:V683I,-0.2722928524017334,-0.572499872754947
E674G:V689A,0.2612173557281494,-0.325331966967053
E674G:V689E,0.5261057615280151,-0.440250606126812
E674G:V689L,0.010377883911132812,-0.764609138101708
E674G:V689M,-0.46219897270202637,-0.775133687150857
E674G:V695A,0.19343972206115723,0.645030414403162
E674G:V695E,0.6131105422973633,0.0897887703950307
E674G:V695G,0.3832414150238037,-0.432804068726579
E674G:V695L,-0.045706748962402344,0.11782324901026
E674G:V707A,-1.0464609861373901,-1.32948686323329
E674G:V707E,-4.242456912994385,-3.07191014879952
E674G:V707M,-2.097745895385742,-0.183896061757325
E674G:V710A,-0.2081460952758789,-2.88965147423184
E674G:V710D,-3.93961238861084,-4.07612340473766
E674G:V710I,-0.2074871063232422,0.224117907659883
E674G:V710L,-0.23824238777160645,-2.1039249076476
E674G:V711A,-0.5792446136474609,-3.17307156250392
E674G:V711D,-4.184328079223633,-2.69197382829099
E674G:V711G,-1.3009233474731445,-2.83223898771054
E674G:V711I,-0.39275896549224854,-1.2344482980852
E674G:Y681C,-1.2926874160766602,0.356171497317887
E674G:Y681F,0.10743308067321777,-0.499437953449945
E674G:Y681H,0.2866175174713135,-1.25429186601944
E674G:Y681N,0.4998980760574341,0.0409329303037799
E674H,-1.1317884922027588,0.242478432396605
E674I,-0.9118154048919678,-1.9629410830307
E674K,-0.5063655376434326,0.8846115286018444
E674K:A692T,-0.2232959270477295,0.219390106089611
E674K:A692V,-0.38087213039398193,0.499696316848827
E674K:A701T,-0.5487886667251587,1.67472853109602
E674K:A701V,-0.18538331985473633,1.98271134426262
E674K:A713S,-1.3297346830368042,0.702053209761574
E674K:A713T,-0.9778217077255249,1.1027671697392
E674K:A713V,0.0775255560874939,0.641120840199843
E674K:D678V,-0.3373321294784546,-0.496673010070021
E674K:D694E,-0.1319488286972046,0.964958985157698
E674K:E682D,-0.13758790493011475,0.527708539707704
E674K:E682G,-0.24165081977844238,1.16427162871021
E674K:E682K,-0.4239541292190552,-1.10464365491147
E674K:E682V,-0.38219547271728516,-0.262288839058148
E674K:E693D,-0.2937893867492676,0.633129609052041
E674K:E693G,-0.5380417108535767,1.8358085675171
E674K:E693V,-1.1204921007156372,-0.10170640661479
E674K:F675I,0.16686224937438965,-0.640273259521923
E674K:F675L,0.279949426651001,-0.581356754601798
E674K:F675S,0.49095678329467773,-0.257629707576192
E674K:F675Y,-0.19554483890533447,0.319807919277563
E674K:F690I,-0.20453083515167236,0.903608405583604
E674K:F690L,0.11885035037994385,-0.803621137512965
E674K:F690Y,-0.0069359540939331055,-0.0243012932326135
E674K:F691I,-0.052544474601745605,1.0258908675902
E674K:F691L,0.11144459247589111,-0.286465198043377
E674K:F691S,0.7554163932800293,-0.132617356278507
E674K:F691Y,-0.2634035348892212,0.459724061486633
E674K:G696C,-1.591156244277954,-0.444674050899397
E674K:G696D,-0.4991157054901123,-2.75928681553788
E674K:G696S,-0.04033017158508301,0.657317059121431
E674K:G700C,-3.431765913963318,-0.0376143770715808
E674K:G700D,-2.133092164993286,-5.0388946345693
E674K:G704E,-3.770616888999939,-3.02577793152157
E674K:G704R,-3.5638471841812134,-3.29747953704556
E674K:G708C,-1.5861519575119019,-1.18551733386868
E674K:G708S,-1.0266412496566772,-3.43697521092643
E674K:G709C,-0.9024454355239868,-1.27275750370232
E674K:G709D,-3.348136782646179,-2.16840935388225
E674K:G709S,-0.8045654296875,-2.13267237545802
E674K:H677L,-0.02028501033782959,-1.72712845069484
E674K:H677Q,-0.02016890048980713,-0.0782437221649472
E674K:H677R,0.18855631351470947,0.484601869421562
E674K:H677Y,-0.3796265125274658,-0.620856300229519
E674K:H684L,0.03825664520263672,-2.12065827375753
E674K:H684Q,-0.01775050163269043,1.15725463729991
E674K:H684R,-0.04443156719207764,0.2324861573304
E674K:H685L,-0.38732099533081055,0.306557636198383
E674K:H685Q,-0.06414425373077393,-0.0177830766487832
E674K:H685Y,-0.7740023136138916,-1.64521574169838
E674K:I702F,-1.599685549736023,-2.04134952237766
E674K:I702N,-2.469837784767151,-0.353334685315468
E674K:I702V,-0.7736132144927979,-1.05306598914521
E674K:I703F,-1.927927851676941,-3.29500494965605
E674K:I703N,-3.577548384666443,-3.59979655793748
E674K:I703T,-1.665885329246521,-3.46055963489992
E674K:I712K,-3.9731658697128296,-2.32369412378669
E674K:I712L,0.17647898197174072,-1.99093545539863
E674K:I712M,-1.0316815376281738,-2.11656224412565
E674K:I712T,-1.0987052917480469,-4.39048736607444
E674K:I712V,0.01827561855316162,-2.59280705059313
E674K:K687E,-0.06988465785980225,-0.978182089773175
E674K:K687I,-1.3683584928512573,-2.77969462367919
E674K:K687N,-0.25968849658966064,-0.648222483382883
E674K:K699E,-0.874274492263794,-2.43886794541236
E674K:K699I,-0.2723027467727661,-0.50332405106035
E674K:K699N,-0.6803781986236572,0.70134778367114
E674K:K699R,-0.4517972469329834,-0.934620939547999
E674K:K699T,0.4301571249961853,-1.76299877735476
E674K:L688F,-0.5889238119125366,0.504524995827103
E674K:L688M,-0.518694281578064,0.9294766532108
E674K:L688S,0.5808435678482056,0.831428848475347
E674K:L705F,-0.8377707004547119,-2.03087822251036
E674K:L705H,-3.1224650144577026,-2.82852042877333
E674K:L705P,-1.1735143661499023,-3.05692811159652
E674K:M706K,-2.9601563215255737,-3.47300093702278
E674K:M706L,0.5586973428726196,-2.83088923635267
E674K:M706V,1.7936753034591675,-0.710730684403209
E674K:N698D,-0.7227504253387451,-3.68704535453592
E674K:N698H,-0.8892397880554199,-0.97981308977209
E674K:N698I,-1.5998313426971436,0.746639571189065
E674K:N698S,-0.2794554829597473,-3.07267555855223
E674K:N698Y,-1.5079090595245361,0.73750822328766
E674K:Q686H,-0.3558255434036255,0.750893253115105
E674K:Q686L,-0.7912024259567261,0.398207093942326
E674K:Q686R,0.04675924777984619,-2.71718567504558
E674K:R676L,0.007296919822692871,-2.46698030008042
E674K:R676Q,-0.20958232879638672,1.00285174287891
E674K:S679P,-0.42631590366363525,0.925797448399222
E674K:S679T,-0.5050626993179321,-0.476062451950987
E674K:S697L,0.6031474471092224,-0.771952750593653
E674K:S697P,-0.5453886985778809,-2.6099440996887
E674K:S697T,-0.4168713092803955,0.514892644085197
E674K:V683A,-0.26315295696258545,0.853991458231817
E674K:V683D,0.010019063949584961,0.216123258852989
E674K:V683I,-0.45585358142852783,-1.63206672864141
E674K:V689A,0.07765662670135498,-0.154457378883954
E674K:V689E,0.3425450325012207,0.064489117074576
E674K:V689M,-0.6457597017288208,0.182041863588144
E674K:V695A,0.009878993034362793,-0.333160298214007
E674K:V695E,0.42954981327056885,-0.820705997150496
E674K:V695M,-0.7827538251876831,0.0138238316546234
E674K:V707A,-1.2300217151641846,-1.52325294418117
E674K:V707E,-4.426017642021179,-3.45451566371064
E674K:V707M,-2.2813066244125366,0.401950300340581
E674K:V710A,-0.39170682430267334,-2.6457821136544
E674K:V710D,-4.123173117637634,-3.84090770883122
E674K:V710I,-0.3910478353500366,-0.20910767486627
E674K:V711A,-0.7628053426742554,-2.92614958716044
E674K:V711D,-4.367888808250427,-3.50457763895032
E674K:Y681C,-1.4762481451034546,-1.87519958283746
E674K:Y681F,-0.07612764835357666,0.620237131212024
E674K:Y681H,0.10305678844451904,0.411777287608382
E674K:Y681N,0.31633734703063965,-2.26171948265321
E674L,-0.659203052520752,-2.54625763295896
E674M,-1.6230449676513672,-0.6984197530060761
E674N,-0.6615273952484131,0.6395463795211095
E674P,-0.4505453109741211,0.691805070334031
E674Q,-1.0164709091186523,0.147978104042503
E674Q:G704E,-4.025669574737549,-4.61109505210269
E674Q:Q686H,-0.6108782291412354,0.164280274447325
E674R,-0.5982728004455566,1.19519928789429
E674S,0.08824396133422852,0.643632421767054
E674T,-0.33588457107543945,-0.776901366433235
E674V,-0.3482651710510254,-1.1751664686834364
E674V:A692E,0.6043705344200134,-3.19898657717349
E674V:A692T,-0.14424574375152588,-1.82181551438701
E674V:A692V,-0.3018219470977783,-0.592533035658552
E674V:A701E,-1.3220441341400146,-4.8595643571736
E674V:A701S,-1.0084335803985596,-1.6711144819944
E674V:A701T,-0.4697384834289551,0.5245758599481
E674V:A701V,-0.10633313655853271,0.599377797818841
E674V:A713E,-3.5977697372436523,-3.46155634675912
E674V:A713S,-1.2506844997406006,-0.90221713618776
E674V:A713T,-0.8987715244293213,-0.622835369858189
E674V:A713V,0.1565757393836975,-0.954558704813573
E674V:D678E,-0.0840609073638916,-0.771331558123028
E674V:D678G,-0.21950054168701172,-0.781722596586457
E674V:D678N,-0.5044512748718262,-2.14119103631052
E674V:D678V,-0.258281946182251,-2.06879102419837
E674V:D678Y,-0.7933589220046997,-0.999510052378548
E674V:D694E,-0.05289864540100098,-0.269674945024724
E674V:D694G,-0.4312875270843506,-0.0527195454302482
E674V:D694N,-0.35217809677124023,0.976975706712528
E674V:D694V,-0.47261476516723633,-3.32955399809116
E674V:E682D,-0.05853772163391113,-0.954792991317489
E674V:E682G,-0.16260063648223877,-1.27042620919808
E674V:E682V,-0.30314528942108154,-0.702518351005299
E674V:E693D,-0.21473920345306396,-0.502910459799832
E674V:E693G,-0.45899152755737305,1.73360025101119
E674V:E693V,-1.0414419174194336,-2.89263734232668
E674V:F675I,0.24591243267059326,-3.03725046062135
E674V:F675L,0.3589996099472046,-2.77986666017258
E674V:F675S,0.5700069665908813,-2.0861854234048
E674V:F675Y,-0.11649465560913086,-0.901941340005364
E674V:F690I,-0.12548065185546875,0.462972757853291
E674V:F690L,0.19790053367614746,-0.645805029879374
E674V:F690S,1.168044090270996,-1.87631675171341
E674V:F690V,0.30707287788391113,-1.3907653595232
E674V:F690Y,0.07211422920227051,-0.870039790110869
E674V:F691I,0.026505708694458008,-0.520463299796448
E674V:F691L,0.19049477577209473,-1.2224784577542
E674V:F691S,0.8344665765762329,-0.472661680236833
E674V:F691V,0.48671889305114746,-3.4851112716246
E674V:F691Y,-0.18435335159301758,-2.00636387437029
E674V:G680E,0.0938340425491333,-3.98248639268032
E674V:G696A,-0.3342839479446411,-4.80845448626118
E674V:G696C,-1.5121060609817505,-1.93672922419177
E674V:G696D,-0.4200655221939087,-3.74597508611682
E674V:G696S,0.038720011711120605,-0.948990632504705
E674V:G700C,-3.3527157306671143,-3.03141663401308
E674V:G700D,-2.0540419816970825,-3.80300635644699
E674V:G700S,-1.4501152038574219,-3.38840739791894
E674V:G704E,-3.6915667057037354,-3.66353724034663
E674V:G704R,-3.4847970008850098,-3.68700575016366
E674V:G708C,-1.5071017742156982,-2.37501247876175
E674V:G708D,-3.603085517883301,-5.42455019576086
E674V:G708S,-0.9475910663604736,-3.69494556936299
E674V:G708V,-0.5519368648529053,-4.29961407435538
E674V:G709C,-0.8233952522277832,-1.42913052505641
E674V:G709D,-3.2690865993499756,-3.14600843257583
E674V:G709S,-0.7255152463912964,-3.13646141757731
E674V:H677D,0.4777573347091675,-1.06805524297641
E674V:H677L,0.05876517295837402,-2.91131585400827
E674V:H677Q,0.058881282806396484,-1.69861339878297
E674V:H677R,0.2676064968109131,-0.793423500362477
E674V:H677Y,-0.3005763292312622,-2.40856947743754
E674V:H684L,0.11730682849884033,-2.11721514166929
E674V:H684N,0.05447220802307129,0.432611081909053
E674V:H684Q,0.061299681663513184,-0.182793260218473
E674V:H684R,0.03461861610412598,-2.13129971553134
E674V:H684Y,-0.5378743410110474,-0.0307654305729689
E674V:H685L,-0.30827081203460693,-0.0171479967931275
E674V:H685N,0.033745408058166504,-0.617291617479488
E674V:H685Q,0.014905929565429688,-1.06223691136788
E674V:H685R,0.06028127670288086,-2.33739091348332
E674V:I702F,-1.5206353664398193,-2.30229508997596
E674V:I702N,-2.3907876014709473,-2.38691404898285
E674V:I702T,-1.6426951885223389,-2.07182040259708
E674V:I702V,-0.6945630311965942,-2.8012567336344
E674V:I703F,-1.8488776683807373,-4.05226584475117
E674V:I703N,-3.4984982013702393,-4.36065091772221
E674V:I703T,-1.5868351459503174,-4.43286731400973
E674V:I703V,-0.4682769775390625,-2.75403377740875
E674V:I712K,-3.894115686416626,-4.12409810029904
E674V:I712L,0.25552916526794434,-3.30714524106441
E674V:I712M,-0.9526313543319702,-2.90284342218878
E674V:I712T,-1.0196551084518433,-4.62121354444489
E674V:I712V,0.09732580184936523,-3.50123032521398
E674V:K687E,0.009165525436401367,-2.92803317293482
E674V:K687I,-1.2893083095550537,-3.75471571669348
E674V:K687N,-0.18063831329345703,0.822317595640969
E674V:K687Q,-0.3060203790664673,-0.068361901424153
E674V:K687R,-0.2540140151977539,-2.23751159248724
E674V:K687T,-0.5647187232971191,-2.44729318086703
E674V:K699E,-0.7952243089675903,-3.44371040982066
E674V:K699I,-0.1932525634765625,-2.94092651663588
E674V:K699N,-0.6013280153274536,-0.315997937489535
E674V:K699R,-0.3727470636367798,-2.32206495665848
E674V:L688F,-0.509873628616333,-0.504962356691651
E674V:L688M,-0.43964409828186035,-0.653591881505971
E674V:L688S,0.6598937511444092,-0.310160125548883
E674V:L688V,0.06243908405303955,-0.603761866870219
E674V:L688W,-1.1834681034088135,-2.95338448271177
E674V:L705F,-0.7587205171585083,-1.04863394059525
E674V:L705H,-3.043414831161499,-2.94189270842155
E674V:L705I,0.05902361869812012,0.179014233707165
E674V:L705P,-1.0944641828536987,-4.34893961323123
E674V:L705R,-2.301861047744751,-3.80361227108471
E674V:M706I,1.4047751426696777,-3.74331242901163
E674V:M706K,-2.88110613822937,-4.71624441211959
E674V:M706L,0.6377475261688232,-4.16988116381444
E674V:M706T,1.1120126247406006,-4.92670999721025
E674V:M706V,1.872725486755371,-3.01468586293578
E674V:N698D,-0.6437002420425415,-5.38989637863229
E674V:N698I,-1.52078115940094,-0.691868264721559
E674V:N698S,-0.2004052996635437,-3.41395973311816
E674V:N698Y,-1.4288588762283325,0.670706210433881
E674V:Q686H,-0.2767753601074219,-0.521830184647706
E674V:Q686K,0.2787083387374878,-2.93456948649557
E674V:Q686L,-0.7121522426605225,-2.17646663540575
E674V:Q686R,0.1258094310760498,-3.70808700792401
E674V:R676L,0.08634710311889648,-1.90302952831603
E674V:R676Q,-0.1305321455001831,-2.09976426396355
E674V:S679L,-0.40345144271850586,-2.21198500643766
E674V:S679P,-0.34726572036743164,-1.18973519488995
E674V:S679T,-0.4260125160217285,-1.27855160569138
E674V:S697L,0.682197630405426,-0.366896677444243
E674V:S697P,-0.46633851528167725,-3.71352254907083
E674V:S697T,-0.3378211259841919,-1.35851817100124
E674V:V683A,-0.18410277366638184,-0.950792077350865
E674V:V683D,0.08906924724578857,-0.382422070322513
E674V:V683F,-0.5314897298812866,-2.80127979967183
E674V:V683I,-0.3768033981323242,-1.39221922723449
E674V:V683L,-0.2577143907546997,-0.948602353161948
E674V:V689A,0.1567068099975586,-2.73663675284244
E674V:V689E,0.4215952157974243,-1.49418565579797
E674V:V689G,0.4427025318145752,-1.9569969576434
E674V:V689L,-0.09413266181945801,-2.78229431119429
E674V:V689M,-0.5667095184326172,-1.89544693284615
E674V:V695A,0.0889291763305664,-0.652487777409967
E674V:V695E,0.5085999965667725,-0.960450877891115
E674V:V695G,0.2787308692932129,0.373661087072533
E674V:V695M,-0.7037036418914795,-0.632675010549478
E674V:V707A,-1.150971531867981,-3.25428960786995
E674V:V707E,-4.346967458724976,-3.31642474301075
E674V:V707G,-2.205289363861084,-3.8424403190346
E674V:V707L,-1.115151047706604,-1.92994331821587
E674V:V707M,-2.202256441116333,-0.55985609020813
E674V:V710A,-0.3126566410064697,-3.92918010754335
E674V:V710D,-4.044122934341431,-3.65307494600263
E674V:V710I,-0.311997652053833,-0.477481328543971
E674V:V711A,-0.6837551593780518,-4.26794711701049
E674V:V711D,-4.288838624954224,-4.04996017596635
E674V:V711I,-0.49726951122283936,-3.09018728655382
E674V:V711L,-0.22487163543701172,-4.65631133787575
E674V:Y681C,-1.397197961807251,-1.68146763966698
E674V:Y681F,0.002922534942626953,-1.08460266465099
E674V:Y681H,0.18210697174072266,-1.63861872206101
E674V:Y681N,0.39538753032684326,-0.523958814800355
E674W,-3.017043113708496,0.0847525546617764
E674Y,-1.6192541122436523,-0.498457776551894
E682A,-0.399151086807251,0.1601219962083612
E682A:A713G,-0.9138501882553101,-4.92124998040653
E682A:F690I,-0.15092360973358154,0.186666987465642
E682A:F690L,0.17245757579803467,-0.31719518452401
E682A:G696C,-1.5375490188598633,0.073469858383827
E682A:G700C,-3.378158688545227,-1.54650488297152
E682A:G709S,-0.7509582042694092,-3.13745868082765
E682A:I712V,0.07188284397125244,-3.31181206797243
E682A:K699R,-0.3981900215148926,-0.0141553652511137
E682A:L688S,0.6344507932662964,-0.901701187904843
E682A:L705H,-3.068857789039612,-3.97105769685669
E682A:M706K,-2.906549096107483,-4.36496198256378
E682A:M706V,1.8472825288772583,-3.59949414042421
E682A:Q686H,-0.30221831798553467,-4.0030249698981
E682A:V683A,-0.20954573154449463,-0.216962988767058
E682A:V683D,0.06362628936767578,0.0391234789088383
E682A:V707E,-4.372410416603088,-4.38178792732077
E682A:V707M,-2.227699398994446,-0.646934038735428
E682C,-3.5622215270996094,1.33031134132831
E682D,0.23118972778320312,0.5562798236608045
E682D:A692E,0.8940979838371277,-1.13016261567345
E682D:A692G,0.5015769004821777,0.691632515293891
E682D:A692S,0.4366731643676758,0.0387361097238498
E682D:A692T,0.14548170566558838,-0.0371371268505726
E682D:A692V,-0.012094497680664062,0.656155855411066
E682D:A701E,-1.0323166847229004,-3.1002435138686
E682D:A701P,-0.688664436340332,0.104470253494551
E682D:A701S,-0.7187061309814453,-2.59339801888209
E682D:A701T,-0.18001103401184082,1.47048397930403
E682D:A701V,0.18339431285858154,2.08833825250415
E682D:A713E,-3.308042287826538,-3.09891643380364
E682D:A713S,-0.9609570503234863,0.174314359311702
E682D:A713T,-0.609044075012207,0.644421466159568
E682D:A713V,0.44630318880081177,0.834837936091971
E682D:D694E,0.23682880401611328,0.842707229954204
E682D:D694G,-0.14156007766723633,1.16858859047481
E682D:D694N,-0.06245064735412598,1.27671063348299
E682D:D694V,-0.18288731575012207,-1.58847409887975
E682D:D694Y,-0.28710877895355225,-4.69810642909232
E682D:E693D,0.07498824596405029,0.199803331414825
E682D:E693G,-0.1692640781402588,2.12906028338196
E682D:E693V,-0.7517144680023193,0.506480077044212
E682D:F690I,0.1642467975616455,0.990548375188146
E682D:F690L,0.4876279830932617,-0.284336426766039
E682D:F690S,1.4577715396881104,-1.15969667787309
E682D:F690V,0.5968003273010254,-0.354872131686042
E682D:F690Y,0.36184167861938477,-0.549629375955244
E682D:F691C,-0.7996566295623779,-1.48983128301771
E682D:F691I,0.31623315811157227,0.582138728821681
E682D:F691L,0.480222225189209,-0.237927840161211
E682D:F691S,1.1241940259933472,-0.891790713626637
E682D:F691V,0.7764463424682617,-0.343005854448756
E682D:F691Y,0.10537409782409668,0.049567524320884
E682D:G696A,-0.044556498527526855,-0.239118753282309
E682D:G696C,-1.2223786115646362,-0.438822361448118
E682D:G696D,-0.13033807277679443,-2.40414817790485
E682D:G696R,-0.12306082248687744,0.388964738155689
E682D:G696S,0.32844746112823486,-0.101289763844983
E682D:G696V,-0.2547186613082886,-0.8193334063611
E682D:G700C,-3.06298828125,-0.701468447794561
E682D:G700D,-1.7643145322799683,-2.53809597862371
E682D:G700R,-1.5728487968444824,-2.86088458578751
E682D:G700S,-1.1603877544403076,-1.46685655733812
E682D:G704E,-3.401839256286621,-2.77101855298976
E682D:G704R,-3.1950695514678955,-2.19598859975538
E682D:G704V,-2.1178972721099854,-2.36771958346993
E682D:G708C,-1.217374324798584,-0.261156904061381
E682D:G708D,-3.3133580684661865,-3.18510335284855
E682D:G708S,-0.6578636169433594,-2.34057782240815
E682D:G708V,-0.262209415435791,-3.18763614833453
E682D:G709C,-0.533667802810669,-0.212941873929948
E682D:G709D,-2.9793591499328613,-1.80553711798154
E682D:G709S,-0.43578779697418213,-2.5542793446033
E682D:G709V,0.31749552488327026,-2.45454389236215
E682D:H684L,0.4070342779159546,-0.977607981480988
E682D:H684N,0.34419965744018555,0.149345660772283
E682D:H684Q,0.35102713108062744,-0.067755835751189
E682D:H684R,0.32434606552124023,0.197596880183589
E682D:H684Y,-0.2481468915939331,0.262489697655171
E682D:H685D,0.5347180366516113,-0.752181871988492
E682D:H685L,-0.018543362617492676,-0.180021125620473
E682D:H685N,0.32347285747528076,0.420412636088294
E682D:H685Q,0.30463337898254395,-0.090540190779282
E682D:H685R,0.3500087261199951,-0.0518937380777547
E682D:H685Y,-0.40522468090057373,-0.334495882538297
E682D:I702F,-1.230907917022705,-1.13711521150653
E682D:I702N,-2.101060152053833,-1.75599690875168
E682D:I702S,-2.1306614875793457,-3.8424403190346
E682D:I702T,-1.3529677391052246,-0.517320093994998
E682D:I702V,-0.40483558177948,-0.514718236168638
E682D:I703F,-1.559150218963623,-2.36306507064624
E682D:I703M,-1.7299487590789795,-3.8618584048917
E682D:I703N,-3.208770751953125,-3.8347139438575
E682D:I703T,-1.2971076965332031,-0.952424578612749
E682D:I703V,-0.17854952812194824,-1.37207698990464
E682D:I712K,-3.6043882369995117,-3.72003243471659
E682D:I712L,0.5452566146850586,-1.67640190454708
E682D:I712M,-0.662903904914856,-1.71383924545687
E682D:I712T,-0.729927659034729,-3.24763414043991
E682D:I712V,0.3870532512664795,-2.0779784926429
E682D:K687E,0.2988929748535156,-1.33332177253144
E682D:K687I,-0.9995808601379395,-1.48550335718397
E682D:K687N,0.10908913612365723,0.271065800852139
E682D:K687Q,-0.016292929649353027,-0.122789206253909
E682D:K687R,0.03571343421936035,0.0920027374777209
E682D:K687T,-0.2749912738800049,0.746648980905151
E682D:K699E,-0.5054968595504761,-2.75309938445624
E682D:K699I,0.09647488594055176,-0.883471252284706
E682D:K699N,-0.31160056591033936,-0.511976289615087
E682D:K699Q,-0.4253937005996704,-0.796307206098104
E682D:K699R,-0.08301961421966553,-0.353884641805308
E682D:K699T,0.7989347577095032,-0.963764600901626
E682D:L688F,-0.22014617919921875,0.846539505002153
E682D:L688M,-0.1499166488647461,0.302681300681138
E682D:L688S,0.9496212005615234,0.334927953153553
E682D:L705F,-0.46899306774139404,-1.08116174659939
E682D:L705H,-2.7536873817443848,-3.34072703912294
E682D:L705I,0.3487510681152344,1.04182978357948
E682D:L705P,-0.8047367334365845,-3.05103547410007
E682D:L705R,-2.0121335983276367,-3.25658373572251
E682D:L705V,0.14556241035461426,0.730346741079102
E682D:M706I,1.694502592086792,-1.93989532853979
E682D:M706K,-2.591378688812256,-3.80577033151532
E682D:M706L,0.9274749755859375,-2.34567099865268
E682D:M706R,-2.3664865493774414,-3.14722313791665
E682D:M706T,1.4017400741577148,-3.18437635241078
E682D:M706V,2.1624529361724854,-1.16278060900757
E682D:N698D,-0.35397279262542725,-3.40882405331343
E682D:N698H,-0.520462155342102,0.579211279201472
E682D:N698I,-1.2310537099838257,0.269045312252258
E682D:N698K,-0.3331573009490967,-1.73415017791072
E682D:N698S,0.08932214975357056,-1.90943782729417
E682D:N698T,-0.5855940580368042,-2.03094353715847
E682D:N698Y,-1.1391314268112183,0.861918187370562
E682D:Q686H,0.012952089309692383,-0.253302444849174
E682D:Q686K,0.568435788154602,-0.872993844707508
E682D:Q686L,-0.4224247932434082,-0.118226881866227
E682D:Q686P,0.4649841785430908,1.15077424253446
E682D:Q686R,0.41553688049316406,-1.54342574822261
E682D:S697A,-0.11321628093719482,-0.485410023657605
E682D:S697L,0.9719250798225403,0.0191925339881559
E682D:S697P,-0.176611065864563,-1.74486919313641
E682D:S697T,-0.04809367656707764,-0.110426377243611
E682D:V683A,0.10562467575073242,-1.54923759501315
E682D:V683D,0.37879669666290283,-0.653853302131741
E682D:V683F,-0.24176228046417236,0.322690714411636
E682D:V683G,0.21661388874053955,-0.825041701978969
E682D:V683I,-0.08707594871520996,0.27703890202088
E682D:V689A,0.44643425941467285,-0.763000745375867
E682D:V689E,0.7113226652145386,-0.618680980135066
E682D:V689G,0.7324299812316895,-0.451440127582889
E682D:V689L,0.19559478759765625,-3.42310292040669
E682D:V689M,-0.27698206901550293,-0.442758145098079
E682D:V695A,0.37865662574768066,0.253655138122429
E682D:V695E,0.7983274459838867,-0.912250350126509
E682D:V695G,0.5684583187103271,-0.780207441940984
E682D:V695L,0.1395101547241211,-0.591791822076532
E682D:V695M,-0.41397619247436523,0.238868490967885
E682D:V707A,-0.8612440824508667,-2.65319220219926
E682D:V707E,-4.057240009307861,-3.13955726077387
E682D:V707G,-1.9155619144439697,-3.44001206540139
E682D:V707L,-0.8254235982894897,0.502026202794733
E682D:V707M,-1.9125289916992188,-0.0226279951127383
E682D:V710A,-0.02292919158935547,-2.63824275930274
E682D:V710D,-3.7543954849243164,-3.95827634064317
E682D:V710F,-0.5055599212646484,-1.98175470296095
E682D:V710G,-0.505852222442627,-3.8618584048917
E682D:V710I,-0.02227020263671875,0.585717239944672
E682D:V710L,-0.05302548408508301,-2.28005606875164
E682D:V711A,-0.3940277099609375,-2.9916605048737
E682D:V711D,-3.9991111755371094,-3.48820843653394
E682D:V711F,-0.6813422441482544,-1.79567568638535
E682D:V711G,-1.115706443786621,-4.19649746043125
E682D:V711I,-0.2075420618057251,-1.00383782286334
E682D:V711L,0.06485581398010254,-2.29366090967768
E682F,-1.0816473960876465,0.172112993741652
E682G,0.02306389808654785,0.693961905576207
E682G:A692E,0.7900350689888,-1.53137571900759
E682G:A692G,0.3975139856338501,0.584587240933079
E682G:A692S,0.33261024951934814,-0.142726907607244
E682G:A692T,0.04141879081726074,0.482630450576858
E682G:A692V,-0.1161574125289917,1.46513595280427
E682G:A701E,-1.136379599571228,-3.74706339126994
E682G:A701S,-0.822769045829773,-2.60506971228154
E682G:A701T,-0.28407394886016846,1.17897773312872
E682G:A701V,0.0793313980102539,2.43686296121289
E682G:A713E,-3.4121052026748657,-2.2413704005241
E682G:A713S,-1.065019965171814,0.850804727292942
E682G:A713T,-0.7131069898605347,1.05984653453357
E682G:A713V,0.34224027395248413,1.66408672113895
E682G:D694E,0.13276588916778564,0.900706146301601
E682G:D694G,-0.24562299251556396,1.19784881073162
E682G:D694N,-0.1665135622024536,1.40609977538828
E682G:D694V,-0.2869502305984497,-2.56654531739631
E682G:D694Y,-0.3911716938018799,-2.88380432500162
E682G:E693D,-0.029074668884277344,1.17689537719446
E682G:E693G,-0.2733269929885864,2.68771862387149
E682G:E693K,-0.13984453678131104,0.722287205578635
E682G:E693V,-0.855777382850647,0.543255344129441
E682G:F690I,0.06018388271331787,1.21147627348448
E682G:F690L,0.3835650682449341,0.306042995529116
E682G:F690S,1.3537086248397827,-0.863932740279268
E682G:F690V,0.49273741245269775,0.358691863506149
E682G:F690Y,0.25777876377105713,-0.634743973484149
E682G:F691C,-0.9037195444107056,-1.67113163123507
E682G:F691I,0.21217024326324463,1.40510158575309
E682G:F691L,0.37615931034088135,0.18440212859536
E682G:F691S,1.0201311111450195,-0.142213560362441
E682G:F691V,0.6723834276199341,-1.87883059287989
E682G:F691Y,0.001311182975769043,0.296925322922327
E682G:G696C,-1.3264415264129639,-0.176125452280617
E682G:G696D,-0.23440098762512207,-1.54940266429173
E682G:G696R,-0.22712373733520508,0.334136457899142
E682G:G696S,0.22438454627990723,0.956338897928226
E682G:G696V,-0.3587815761566162,0.125543565379878
E682G:G700A,-0.8355398178100586,-2.82539449342223
E682G:G700C,-3.1670511960983276,-0.296792143219164
E682G:G700D,-1.868377447128296,-3.01958050889851
E682G:G700S,-1.2644506692886353,-1.69661066269644
E682G:G704E,-3.5059021711349487,-3.04317983366838
E682G:G704R,-3.299132466316223,-2.90079393898839
E682G:G704V,-2.221960186958313,-2.68320340855005
E682G:G708C,-1.3214372396469116,-0.360670795291615
E682G:G708D,-3.417420983314514,-2.69513807549257
E682G:G708R,-3.3866182565689087,-2.90634695986426
E682G:G708S,-0.761926531791687,-2.36867303680989
E682G:G708V,-0.36627233028411865,-2.14804005533325
E682G:G709A,0.07562440633773804,-4.09731940174609
E682G:G709C,-0.6377307176589966,-0.0306127486905815
E682G:G709D,-3.083422064781189,-1.41666956835001
E682G:G709R,-3.638316035270691,-4.71463573104353
E682G:G709S,-0.5398507118225098,-1.10847771280113
E682G:H684L,0.30297136306762695,0.59426630533762
E682G:H684N,0.2401367425918579,-0.230528646230591
E682G:H684Q,0.2469642162322998,-0.217115983123774
E682G:H684R,0.2202831506729126,0.379131737601916
E682G:H684Y,-0.35220980644226074,0.785061192678052
E682G:H685L,-0.12260627746582031,0.809761752707408
E682G:H685N,0.21940994262695312,-0.30896366879402
E682G:H685Q,0.2005704641342163,0.251808498203027
E682G:H685R,0.24594581127166748,0.179722530904846
E682G:H685Y,-0.5092875957489014,0.354973253878205
E682G:I702F,-1.3349708318710327,-0.485452972633004
E682G:I702N,-2.2051230669021606,-0.623927070138367
E682G:I702T,-1.4570306539535522,-0.0629279062022231
E682G:I702V,-0.5088984966278076,-0.549581953588836
E682G:I703F,-1.6632131338119507,-2.9343777806369
E682G:I703N,-3.3128336668014526,-3.3962846981838
E682G:I703T,-1.4011706113815308,-3.42992920590409
E682G:I703V,-0.2826124429702759,-1.14631830613962
E682G:I712K,-3.7084511518478394,-2.92184218753989
E682G:I712L,0.44119369983673096,-0.659169242241259
E682G:I712M,-0.7669668197631836,-1.02734097086472
E682G:I712T,-0.8339905738830566,-3.57589675717797
E682G:I712V,0.28299033641815186,-1.91013964105479
E682G:K687E,0.194830060005188,-1.09905249710009
E682G:K687I,-1.103643774986267,-0.937431891104141
E682G:K687N,0.00502622127532959,1.48672582741201
E682G:K687Q,-0.12035584449768066,0.506406160432115
E682G:K687R,-0.06834948062896729,0.43614623593911
E682G:K699E,-0.6095597743988037,-2.38856113627334
E682G:K699I,-0.007588028907775879,-0.931141352883647
E682G:K699N,-0.415663480758667,0.521192752161933
E682G:K699Q,-0.529456615447998,-1.5941605708981
E682G:K699R,-0.18708252906799316,0.130590396606603
E682G:K699T,0.6948718428611755,-0.896455187775245
E682G:L688F,-0.3242090940475464,1.24543164572542
E682G:L688M,-0.25397956371307373,0.955056156276693
E682G:L688S,0.8455582857131958,0.474933754319527
E682G:L688W,-0.9978035688400269,0.863578525552302
E682G:L705F,-0.5730559825897217,0.126674938002047
E682G:L705H,-2.8577502965927124,-2.32552708571485
E682G:L705I,0.24468815326690674,1.27079518802816
E682G:L705P,-0.9087996482849121,-2.96793520526541
E682G:L705R,-2.1161965131759644,-4.64118217391183
E682G:L705V,0.04149949550628662,-0.198916949879122
E682G:M706I,1.5904396772384644,-2.13573481166748
E682G:M706K,-2.6954416036605835,-3.62715390208028
E682G:M706L,0.8234120607376099,-1.74715884981076
E682G:M706T,1.2976771593093872,-3.39008142519339
E682G:M706V,2.0583900213241577,-1.01543976332616
E682G:N698D,-0.4580357074737549,-4.0565606727738
E682G:N698H,-0.6245250701904297,-1.70073290400658
E682G:N698I,-1.3351166248321533,0.795977263543616
E682G:N698K,-0.4372202157974243,-3.67953684809775
E682G:N698S,-0.01474076509475708,-2.03207300287194
E682G:N698T,-0.6896569728851318,-2.1227305102151
E682G:N698Y,-1.243194341659546,1.20973288926636
E682G:Q686H,-0.09111082553863525,0.570695886566934
E682G:Q686K,0.4643728733062744,-0.672958724261981
E682G:Q686L,-0.5264877080917358,-1.20400235599933
E682G:Q686P,0.3609212636947632,1.46731736363212
E682G:Q686R,0.3114739656448364,-1.27897325313569
E682G:S697L,0.8678621649742126,-0.0300699026223559
E682G:S697P,-0.2806739807128906,-1.42369062141091
E682G:S697T,-0.15215659141540527,0.347937055816141
E682G:V683A,0.0015617609024047852,-0.229438036971302
E682G:V683D,0.2747337818145752,-0.521036656893293
E682G:V683G,0.11255097389221191,-0.404048567364395
E682G:V683I,-0.1911388635635376,0.595402020224279
E682G:V683L,-0.07204985618591309,-3.91286882557588
E682G:V689A,0.3423713445663452,-0.231980989164485
E682G:V689E,0.6072597503662109,-0.279497431024625
E682G:V689G,0.6283670663833618,-0.546384659876701
E682G:V689L,0.09153187274932861,-1.90133275198833
E682G:V689M,-0.38104498386383057,0.0977466839789826
E682G:V695A,0.274593710899353,0.273262345972155
E682G:V695E,0.6942645311355591,-0.0013802750680284
E682G:V695L,0.03544723987579346,-0.164210343184715
E682G:V695M,-0.5180391073226929,1.08729620001374
E682G:V707A,-0.9653069972991943,-2.24176472753828
E682G:V707E,-4.161302924156189,-2.3707979401811
E682G:V707L,-0.9294865131378174,1.2243074534476
E682G:V707M,-2.0165919065475464,0.499853161873344
E682G:V710A,-0.1269921064376831,-2.71957039127656
E682G:V710D,-3.858458399772644,-4.09953082487219
E682G:V710I,-0.1263331174850464,1.65129802428241
E682G:V711A,-0.49809062480926514,-3.34546393859729
E682G:V711D,-4.103174090385437,-3.3570372665224
E682G:V711F,-0.785405158996582,-2.08961872786407
E682G:V711G,-1.2197693586349487,-3.7231328235458
E682G:V711I,-0.31160497665405273,-0.949723733346998
E682H,-0.7342319488525391,1.93442471172964
E682I,-0.8439803123474121,-0.1557087932839394
E682K,-0.34154272079467773,0.2480999777049974
E682K:A692E,0.6077317595481873,-2.62814363136703
E682K:A692T,-0.14088451862335205,-1.80773467119616
E682K:A701T,-0.46637725830078125,1.05513667573228
E682K:A701V,-0.10297191143035889,1.44704786213529
E682K:A713S,-1.2473232746124268,0.542481931030845
E682K:A713T,-0.8954102993011475,-0.198296758762054
E682K:A713V,0.15993696451187134,0.837316387953387
E682K:D694E,-0.04953742027282715,0.699258131063304
E682K:D694G,-0.42792630195617676,-0.413112631216393
E682K:E693D,-0.21137797832489014,0.293980935714345
E682K:F690I,-0.12211942672729492,0.790129149357984
E682K:F690L,0.2012617588043213,0.149349201924538
E682K:F690Y,0.07547545433044434,-1.04557357111434
E682K:F691I,0.029866933822631836,1.1894018287216
E682K:F691L,0.19385600090026855,-0.392539054166164
E682K:F691S,0.8378278017044067,-1.15179114418977
E682K:F691Y,-0.18099212646484375,-0.752360430807064
E682K:G696C,-1.5087448358535767,-1.06739869357854
E682K:G696D,-0.41670429706573486,-1.95830752967553
E682K:G696S,0.042081236839294434,-0.177929455937621
E682K:G700C,-3.3493545055389404,-2.49268754319584
E682K:G700D,-2.0506807565689087,-3.93596637704542
E682K:G708C,-1.5037405490875244,-0.771677464794365
E682K:G708D,-3.599724292755127,-4.43929331813752
E682K:G709C,-0.8200340270996094,-1.44271330926133
E682K:G709D,-3.2657253742218018,-3.09505058063787
E682K:G709S,-0.7221540212631226,-2.50003115568779
E682K:H684L,0.12066805362701416,0.958314950651278
E682K:H684Q,0.06466090679168701,-0.53457848318426
E682K:H684R,0.037979841232299805,-0.582857747448486
E682K:H685L,-0.3049095869064331,0.167563136893227
E682K:H685Q,0.018267154693603516,-0.186462301115051
E682K:H685R,0.06364250183105469,-0.877611843298697
E682K:I702F,-1.5172741413116455,-3.40155883283146
E682K:I702T,-1.639333963394165,0.163493285843449
E682K:I702V,-0.6912018060684204,-0.222257306123967
E682K:I703T,-1.5834739208221436,-3.6913750789508
E682K:I703V,-0.46491575241088867,-2.85505366547671
E682K:I712K,-3.890754461288452,-3.84347535588555
E682K:I712L,0.25889039039611816,-1.9358922389048
E682K:I712M,-0.9492701292037964,-2.53752911286805
E682K:I712T,-1.0162938833236694,-4.63800250502261
E682K:I712V,0.10068702697753906,-3.06777574860585
E682K:K687E,0.012526750564575195,-2.04170574890934
E682K:K687I,-1.2859470844268799,-2.30709320639097
E682K:K687N,-0.1772770881652832,0.36319203964789
E682K:K699E,-0.7918630838394165,-3.18624635651202
E682K:K699I,-0.18989133834838867,-1.1180298120609
E682K:K699N,-0.5979667901992798,-1.20851994643499
E682K:K699R,-0.36938583850860596,-0.561328363246955
E682K:L688F,-0.5065124034881592,0.362823468633839
E682K:L688M,-0.4362828731536865,0.0841633697085749
E682K:L688S,0.663254976272583,-0.430190801244572
E682K:L705H,-3.040053606033325,-3.12672826959485
E682K:L705P,-1.091102957725525,-3.88092739855141
E682K:M706I,1.4081363677978516,-3.5215325989545
E682K:M706K,-2.8777449131011963,-3.41717258363026
E682K:M706L,0.6411087512969971,-3.91186882546636
E682K:M706V,1.876086711883545,-2.45129016710134
E682K:N698D,-0.6403390169143677,-3.86396219000596
E682K:N698I,-1.5174199342727661,-0.172978950777764
E682K:N698Y,-1.4254976511001587,0.264564703050429
E682K:Q686H,-0.27341413497924805,-0.235820094065981
E682K:Q686L,-0.7087910175323486,-0.510163868025467
E682K:Q686R,0.12917065620422363,-2.77871856146926
E682K:S697P,-0.4629772901535034,-2.32319244731814
E682K:S697T,-0.33445990085601807,-0.763263727021555
E682K:V683A,-0.180741548538208,-1.0582797750145
E682K:V683D,0.0924304723739624,-2.03642971039151
E682K:V683F,-0.5281285047531128,-1.99005622799011
E682K:V683I,-0.3734421730041504,0.192825723892032
E682K:V689A,0.16006803512573242,-1.60326847066198
E682K:V689E,0.42495644092559814,-0.421354967773482
E682K:V689M,-0.5633482933044434,-0.118859081301348
E682K:V695A,0.09229040145874023,-0.753991858259669
E682K:V695E,0.5119612216949463,-0.394712982580874
E682K:V707A,-1.1476103067398071,-2.60990291943404
E682K:V707M,-2.198895215988159,0.7328568026166
E682K:V710A,-0.3092954158782959,-3.38840739791894
E682K:V710D,-4.040761709213257,-5.02260247466682
E682K:V710I,-0.3086364269256592,-0.516750489880589
E682K:V711A,-0.6803939342498779,-3.21383165961223
E682K:V711D,-4.28547739982605,-2.92182356033751
E682K:V711G,-1.4020726680755615,-4.51578487229837
E682K:V711I,-0.4939082860946655,-2.35630062294499
E682L,-0.6661355495452881,-1.264405627469686
E682M,-1.7698307037353516,-1.15654694678199
E682N,-0.4011263847351074,0.6638807200750695
E682P,-0.27260351181030273,1.44597392988869
E682Q,-0.6769435405731201,0.9777361279526174
E682Q:F690I,-0.2898198366165161,-1.27277023799551
E682Q:F691L,0.026155591011047363,-1.20159886762584
E682Q:I702V,-0.8589022159576416,-3.08117194602413
E682Q:I712L,0.09118998050689697,-3.00661410554119
E682Q:Q686H,-0.44111454486846924,-2.41912139371922
E682Q:V695E,0.3442608118057251,-2.38381705399991
E682R,-0.5292730331420898,0.9050354142377
E682S,-0.06600379943847656,-0.0486686856518397
E682T,-0.3993828296661377,0.2206166271227699
E682V,-0.2580254077911377,0.2777395993824325
E682V:A692E,0.6494904160499573,-1.2174597371419
E682V:A692G,0.2569693326950073,0.218496458410935
E682V:A692T,-0.09912586212158203,-0.458125904617747
E682V:A692V,-0.2567020654678345,-0.0543778933831909
E682V:A701E,-1.2769242525100708,-3.09603323405164
E682V:A701G,-0.8982423543930054,-0.438437886444835
E682V:A701P,-0.9332720041275024,-1.28292280545542
E682V:A701S,-0.9633136987686157,-2.48108678900707
E682V:A701T,-0.42461860179901123,0.994072670426987
E682V:A701V,-0.06121325492858887,1.16045286087799
E682V:A713E,-3.5526498556137085,-2.93247550395454
E682V:A713G,-0.8432873487472534,-2.57152955823178
E682V:A713P,-2.0518120527267456,-3.95366595414482
E682V:A713S,-1.2055646181106567,-0.19179323422525
E682V:A713T,-0.8536516427993774,0.419981165970939
E682V:A713V,0.20169562101364136,0.152924937926067
E682V:D694E,-0.007778763771057129,0.569610649829567
E682V:D694G,-0.38616764545440674,0.566633905579293
E682V:D694H,-0.6041383743286133,-2.02779655597296
E682V:D694N,-0.3070582151412964,1.26532168579238
E682V:D694V,-0.4274948835372925,-2.6453120621432
E682V:D694Y,-0.5317163467407227,-2.95476116822786
E682V:E693D,-0.16961932182312012,0.778898944932605
E682V:E693G,-0.4138716459274292,2.28517194582103
E682V:E693K,-0.2803891897201538,-0.463064059436828
E682V:E693V,-0.9963220357894897,-1.39123390598443
E682V:F690I,-0.0803607702255249,0.944814846604215
E682V:F690L,0.2430204153060913,0.0195159173695879
E682V:F690S,1.21316397190094,-1.54582166906953
E682V:F690V,0.352192759513855,1.24241206600847
E682V:F690Y,0.11723411083221436,-0.600682859932137
E682V:F691I,0.07162559032440186,0.755564784380714
E682V:F691L,0.23561465740203857,-0.352806260088539
E682V:F691S,0.8795864582061768,0.186086597963574
E682V:F691V,0.5318387746810913,-0.760426025694798
E682V:F691Y,-0.13923346996307373,0.292837796133052
E682V:G696C,-1.4669861793518066,-0.750085891327427
E682V:G696D,-0.37494564056396484,-1.66081314847342
E682V:G696R,-0.36766839027404785,-1.60834520589005
E682V:G696S,0.08383989334106445,0.266106879719309
E682V:G700C,-3.3075958490371704,-2.32696399836697
E682V:G700D,-2.0089221000671387,-3.03696058599495
E682V:G700S,-1.404995322227478,-2.7870002022317
E682V:G700V,-1.9461884498596191,0.148302651326788
E682V:G704E,-3.6464468240737915,-2.94210715507003
E682V:G704R,-3.439677119255066,-2.57552132532007
E682V:G704V,-2.3625048398971558,-0.0956669424168737
E682V:G708A,-0.23985588550567627,-3.80320488999135
E682V:G708C,-1.4619818925857544,-1.08401365257953
E682V:G708D,-3.557965636253357,-3.37746863584286
E682V:G708R,-3.5271629095077515,-4.35175374341623
E682V:G708S,-0.9024711847305298,-2.65803687127152
E682V:G708V,-0.5068169832229614,-3.0685432495305
E682V:G709A,-0.06492024660110474,-4.57828229057563
E682V:G709C,-0.7782753705978394,-0.991236703928703
E682V:G709D,-3.2239667177200317,-2.22417784859606
E682V:G709S,-0.6803953647613525,-2.55536452469261
E682V:G709V,0.07288795709609985,-3.12145833948121
E682V:H684L,0.16242671012878418,-2.13165042005227
E682V:H684N,0.09959208965301514,0.353873930933619
E682V:H684Q,0.10641956329345703,-0.0937611690419078
E682V:H684R,0.07973849773406982,-2.6229263386954
E682V:H684Y,-0.4927544593811035,0.442601372893565
E682V:H685L,-0.2631509304046631,-0.130838347872324
E682V:H685N,0.07886528968811035,-0.25483989755822
E682V:H685P,0.2799680233001709,-0.535939270531458
E682V:H685Q,0.060025811195373535,0.122503457087112
E682V:H685R,0.10540115833282471,-0.782523670628075
E682V:H685Y,-0.6498322486877441,-2.2075493982827
E682V:I702F,-1.4755154848098755,-2.11270344591597
E682V:I702N,-2.3456677198410034,-0.161051701258348
E682V:I702T,-1.597575306892395,-0.82059517385137
E682V:I702V,-0.6494431495666504,-0.700608611709327
E682V:I703F,-1.8037577867507935,-3.09895742063971
E682V:I703N,-3.4533783197402954,-3.55929163414945
E682V:I703T,-1.5417152643203735,-3.77441629024871
E682V:I703V,-0.42315709590911865,-1.05951513290331
E682V:I712K,-3.848995804786682,-2.59969734941482
E682V:I712L,0.3006490468978882,-1.38890053130252
E682V:I712M,-0.9075114727020264,-1.58018980334837
E682V:I712T,-0.9745352268218994,-3.3548016722291
E682V:I712V,0.14244568347930908,-2.14502312213635
E682V:K687E,0.054285407066345215,-0.66436369550412
E682V:K687I,-1.2441884279251099,-2.55904197398013
E682V:K687N,-0.13551843166351318,1.30173229728462
E682V:K687Q,-0.26090049743652344,1.38080043661937
E682V:K687R,-0.20889413356781006,-0.680335132966517
E682V:K687T,-0.5195988416671753,1.50990435890875
E682V:K699E,-0.7501044273376465,-1.90133933122067
E682V:K699I,-0.14813268184661865,-2.16803991308907
E682V:K699N,-0.5562081336975098,-0.279025718898809
E682V:K699Q,-0.6700012683868408,-2.38381705399991
E682V:K699R,-0.32762718200683594,-0.222370814683264
E682V:L688F,-0.46475374698638916,0.329354895197995
E682V:L688M,-0.3945242166519165,0.656259528125073
E682V:L688S,0.705013632774353,0.321996601808485
E682V:L688V,0.1075589656829834,1.17816157828739
E682V:L688W,-1.1383482217788696,-3.06457096507916
E682V:L705F,-0.7136006355285645,-1.12850684368194
E682V:L705H,-2.998294949531555,-2.25947001928551
E682V:L705I,0.10414350032806396,0.705246969699194
E682V:L705P,-1.0493443012237549,-1.28193484575013
E682V:L705V,-0.09904515743255615,0.652173125763145
E682V:M706I,1.4498950242996216,-2.69203426193917
E682V:M706K,-2.8359862565994263,-3.55602885713977
E682V:M706L,0.6828674077987671,-2.85393086518003
E682V:M706T,1.1571325063705444,-3.75692660872223
E682V:M706V,1.917845368385315,-1.37694692982769
E682V:N698D,-0.5985803604125977,-3.76069476538539
E682V:N698I,-1.475661277770996,0.464394793546534
E682V:N698S,-0.15528541803359985,-2.84561903924732
E682V:N698Y,-1.3837389945983887,-0.298943626431551
E682V:Q686H,-0.23165547847747803,-0.752942055453455
E682V:Q686K,0.32382822036743164,-2.19300636395609
E682V:Q686L,-0.6670323610305786,-1.58904578064429
E682V:Q686P,0.2203766107559204,0.958641096858908
E682V:Q686R,0.17092931270599365,-3.43373245946308
E682V:S697A,-0.35782384872436523,-1.99005622799011
E682V:S697L,0.7273175120353699,-0.536381905976812
E682V:S697P,-0.4212186336517334,-2.361952812039
E682V:S697T,-0.29270124435424805,-0.0184425152146121
E682V:V683A,-0.138982892036438,-0.461790230746511
E682V:V683D,0.13418912887573242,-0.962311214825636
E682V:V683F,-0.4863698482513428,-1.12344925747897
E682V:V683G,-0.02799367904663086,-0.0177128218666405
E682V:V683I,-0.33168351650238037,-0.447458573239174
E682V:V683L,-0.21259450912475586,-3.77852683804836
E682V:V689A,0.20182669162750244,-0.883069924386444
E682V:V689E,0.46671509742736816,-0.292619450852539
E682V:V689G,0.48782241344451904,-0.148328881069377
E682V:V689M,-0.5215896368026733,-0.0482299499091403
E682V:V695A,0.13404905796051025,0.164439752739463
E682V:V695E,0.5537198781967163,-0.558540567688943
E682V:V695G,0.32385075092315674,0.989958291588444
E682V:V695M,-0.6585837602615356,0.56526415340465
E682V:V707A,-1.105851650238037,-1.84261275311093
E682V:V707E,-4.301847577095032,-1.80925442447311
E682V:V707G,-2.16016948223114,-3.70396899756541
E682V:V707L,-1.0700311660766602,0.33587882226858
E682V:V707M,-2.157136559486389,0.111683018310084
E682V:V710A,-0.2675367593765259,-3.31653732829815
E682V:V710D,-3.999003052711487,-3.83492572673641
E682V:V710F,-0.7501674890518188,-2.96715530522691
E682V:V710I,-0.26687777042388916,0.224221945353128
E682V:V710L,-0.2976330518722534,-2.6243013044915
E682V:V711A,-0.6386352777481079,-3.40039943032106
E682V:V711D,-4.24371874332428,-3.5907309858701
E682V:V711F,-0.9259498119354248,-3.12025357509473
E682V:V711G,-1.3603140115737915,-4.0872357224757
E682V:V711I,-0.4521496295928955,-0.952556356911985
E682V:V711L,-0.17975175380706787,-2.65511759865587
E682W,-2.789875030517578,-2.65078160423977
E682Y,-1.166964054107666,-0.180294655641756
E693A,-1.1041696071624756,1.3535049205916598
E693A:A701E,-1.6999963521957397,-4.59274591343449
E693A:G696S,-0.3392322063446045,-1.78072919025053
E693A:K699E,-1.1731765270233154,-0.967006847837182
E693A:K699I,-0.5712047815322876,-3.01669501703313
E693A:L705H,-3.421367049217224,-2.36145901289755
E693A:V695E,0.13064777851104736,0.541152994796215
E693A:V707E,-4.724919676780701,-1.24668472132881
E693C,-3.7429871559143066,1.07349066877899
E693D,-0.08121323585510254,0.28913028477536
E693D:A701E,-1.1885181665420532,-2.78487611381626
E693D:A701G,-0.8098362684249878,-0.0432678914553018
E693D:A701P,-0.8448659181594849,-0.888157786338546
E693D:A701S,-0.8749076128005981,-1.65657215453814
E693D:A701T,-0.33621251583099365,1.53879386951705
E693D:A701V,0.02719283103942871,2.18309096418748
E693D:A713E,-3.464243769645691,-2.59927222914894
E693D:A713S,-1.1171585321426392,-0.0053035309978872
E693D:A713T,-0.7652455568313599,0.780107125302311
E693D:A713V,0.29010170698165894,1.02659643188652
E693D:D694A,-0.12344026565551758,0.46882591009298
E693D:D694E,0.08062732219696045,1.0776763753392
E693D:D694G,-0.29776155948638916,1.43395025957691
E693D:D694N,-0.2186521291732788,0.968247505591876
E693D:D694V,-0.3390887975692749,-1.13455102484442
E693D:D694Y,-0.4433102607727051,-0.289058240251366
E693D:G696A,-0.2007579803466797,-0.0966665636858577
E693D:G696C,-1.378580093383789,-0.289846341313243
E693D:G696D,-0.28653955459594727,-1.89094276662611
E693D:G696S,0.17224597930908203,-0.223679243041062
E693D:G696V,-0.4109201431274414,0.0989547647058772
E693D:G700A,-0.8876783847808838,-1.55686657186709
E693D:G700C,-3.219189763069153,-0.5915836926864
E693D:G700D,-1.920516014099121,-2.92844112452311
E693D:G700R,-1.7290502786636353,-3.54500559240282
E693D:G700S,-1.3165892362594604,-0.859492325314949
E693D:G700V,-1.8577823638916016,-0.169476320226562
E693D:G704E,-3.558040738105774,-3.23595547884277
E693D:G704R,-3.3512710332870483,-3.03105152219724
E693D:G704V,-2.274098753929138,-1.35047481036829
E693D:G708C,-1.3735758066177368,0.478718851963706
E693D:G708D,-3.4695595502853394,-3.3931864829185
E693D:G708R,-3.438756823539734,-3.41296441646036
E693D:G708S,-0.8140650987625122,-2.67102348163967
E693D:G708V,-0.41841089725494385,-3.17489577800005
E693D:G709A,0.023485839366912842,-2.66809933289422
E693D:G709C,-0.6898692846298218,0.0140237472092119
E693D:G709D,-3.135560631752014,-1.98058942227187
E693D:G709R,-3.690454602241516,-3.90574150762458
E693D:G709S,-0.591989278793335,-2.50062100163382
E693D:I702F,-1.387109398841858,-0.369609737537591
E693D:I702L,-0.3984067440032959,-3.66451019725113
E693D:I702M,-0.9712433218955994,-3.10519781860943
E693D:I702N,-2.257261633872986,-1.86410967518198
E693D:I702T,-1.5091692209243774,-0.690424429155616
E693D:I702V,-0.5610370635986328,-0.641137772490773
E693D:I703F,-1.7153517007827759,-3.1260863862766
E693D:I703N,-3.364972233772278,-3.06339350968537
E693D:I703T,-1.453309178352356,-3.94724386732377
E693D:I703V,-0.3347510099411011,-2.18766447497289
E693D:I712K,-3.7605897188186646,-2.58987115809213
E693D:I712L,0.38905513286590576,-1.37208385258091
E693D:I712M,-0.8191053867340088,-1.59065647146969
E693D:I712T,-0.8861291408538818,-3.8400398588498
E693D:I712V,0.23085176944732666,-3.16827965994886
E693D:K699E,-0.6616983413696289,-2.58551223607784
E693D:K699I,-0.059726595878601074,-1.13034212479282
E693D:K699N,-0.4678020477294922,-0.191639582662412
E693D:K699Q,-0.5815951824188232,-0.761261146844092
E693D:K699R,-0.23922109603881836,-0.0391400135675259
E693D:L705F,-0.6251945495605469,-0.943078276909989
E693D:L705H,-2.9098888635635376,-3.05524916184889
E693D:L705I,0.19254958629608154,1.0697022215608
E693D:L705P,-0.9609382152557373,-3.40990578972021
E693D:L705R,-2.1683350801467896,-2.57867442122567
E693D:L705V,-0.010639071464538574,-0.739766630377961
E693D:M706I,1.5383011102676392,-1.50945055921664
E693D:M706K,-2.7475801706314087,-3.39056832750507
E693D:M706L,0.7712734937667847,-2.76553085624002
E693D:M706T,1.245538592338562,-3.83821154316226
E693D:M706V,2.0062514543533325,-1.20377115949
E693D:N698D,-0.5101742744445801,-3.80408802897901
E693D:N698H,-0.6766636371612549,0.303082478610889
E693D:N698I,-1.3872551918029785,0.155641918786433
E693D:N698S,-0.06687933206558228,-1.66531782144432
E693D:N698T,-0.741795539855957,-1.7962205688047
E693D:N698Y,-1.295332908630371,0.710333926889551
E693D:S697A,-0.26941776275634766,-0.0572181605021488
E693D:S697L,0.8157235980033875,-0.101773515304589
E693D:S697P,-0.3328125476837158,-1.71189077130913
E693D:S697T,-0.20429515838623047,0.370742115416464
E693D:V695A,0.22245514392852783,0.369588394470556
E693D:V695E,0.6421259641647339,-0.789916517100802
E693D:V695G,0.4122568368911743,1.19054859629471
E693D:V695L,-0.01669132709503174,-0.324954252448733
E693D:V695M,-0.5701776742935181,-0.273323251036192
E693D:V707A,-1.0174455642700195,-2.71030287784906
E693D:V707E,-4.213441491127014,-2.46732985886587
E693D:V707G,-2.0717633962631226,-3.06304406018449
E693D:V707L,-0.9816250801086426,0.707942232764508
E693D:V707M,-2.0687304735183716,-0.144388340043351
E693D:V710A,-0.1791306734085083,-2.90792211811726
E693D:V710D,-3.9105969667434692,-3.95076859266943
E693D:V710F,-0.6617614030838013,-2.96191681101908
E693D:V710I,-0.17847168445587158,0.377671044928357
E693D:V710L,-0.20922696590423584,-2.72073420111966
E693D:V711A,-0.5502291917800903,-3.99688293826829
E693D:V711D,-4.155312657356262,-3.61976997780906
E693D:V711G,-1.271907925605774,-5.20893205285831
E693D:V711I,-0.36374354362487793,-1.01666776035507
E693F,-2.0126028060913086,-2.72815838501326
E693G,-0.5697178840637207,2.536781801347895
E693G:A701E,-1.4327704906463623,-0.878198712571979
E693G:A701S,-1.1191599369049072,1.16647343848636
E693G:A701T,-0.5804648399353027,2.65859199551422
E693G:A701V,-0.21705949306488037,3.33024926198835
E693G:A713E,-3.70849609375,-0.916758147028429
E693G:A713P,-2.207658290863037,-0.557241851235326
E693G:A713S,-1.3614108562469482,1.87464584156941
E693G:A713T,-1.009497880935669,1.82464346128668
E693G:A713V,0.045849382877349854,2.91682360268687
E693G:D694E,-0.16362500190734863,1.40329011436436
E693G:D694G,-0.5420138835906982,1.5841971783229
E693G:D694N,-0.4629044532775879,1.68625933218005
E693G:D694V,-0.583341121673584,-2.22521644739221
E693G:D694Y,-0.6875625848770142,-1.46402494968569
E693G:G696C,-1.6228324174880981,1.08682567248239
E693G:G696D,-0.5307918787002563,1.15799275533725
E693G:G696R,-0.5235146284103394,0.605460293341861
E693G:G696S,-0.07200634479522705,1.88216619503864
E693G:G700C,-3.463442087173462,1.27401011507303
E693G:G700D,-2.16476833820343,-1.43922442589215
E693G:G700S,-1.5608415603637695,0.915734011797195
E693G:G704E,-3.802293062210083,0.0718881232900035
E693G:G704R,-3.5955233573913574,-0.680694089196371
E693G:G708C,-1.617828130722046,0.18967621929482
E693G:G708D,-3.7138118743896484,-1.12013326112196
E693G:G708S,-1.0583174228668213,-0.964222361648265
E693G:G708V,-0.6626632213592529,-0.585412728202022
E693G:G709A,-0.22076648473739624,1.30520346780892
E693G:G709C,-0.9341216087341309,1.31680874453319
E693G:G709D,-3.3798129558563232,0.962592535462352
E693G:G709S,-0.836241602897644,0.574396900812482
E693G:I702F,-1.631361722946167,1.28257560663804
E693G:I702N,-2.501513957977295,1.3241344236856
E693G:I702T,-1.7534215450286865,0.679246668132706
E693G:I702V,-0.8052893877029419,2.4185520494694
E693G:I703F,-1.959604024887085,-1.01123799477618
E693G:I703M,-2.1304025650024414,-1.47849920208606
E693G:I703N,-3.609224557876587,-1.9170311915663
E693G:I703T,-1.697561502456665,-0.712487067721109
E693G:I703V,-0.5790033340454102,1.2271163643575
E693G:I712K,-4.004842042922974,-0.870940049494472
E693G:I712L,0.14480280876159668,1.08999788674386
E693G:I712M,-1.0633577108383179,1.19357336587822
E693G:I712T,-1.130381464958191,-1.48132862120083
E693G:I712V,-0.013400554656982422,0.595792317403863
E693G:K699E,-0.905950665473938,1.06366000549287
E693G:K699I,-0.30397891998291016,1.23854532643454
E693G:K699N,-0.7120543718338013,1.74206888467759
E693G:K699R,-0.48347342014312744,2.46512935701725
E693G:L705F,-0.869446873664856,1.27523793651913
E693G:L705H,-3.1541411876678467,-0.012993344563589
E693G:L705I,-0.05170273780822754,2.71917522561728
E693G:L705P,-1.2051905393600464,-0.995522193562755
E693G:L705R,-2.4125874042510986,-2.96461586798824
E693G:L705V,-0.25489139556884766,1.95390049743462
E693G:M706I,1.29404878616333,1.29402856291581
E693G:M706K,-2.9918324947357178,-1.45493408286488
E693G:M706L,0.5270211696624756,0.316843672599946
E693G:M706T,1.001286268234253,-0.658926603351283
E693G:M706V,1.7619991302490234,1.38913755630772
E693G:N698D,-0.7544265985488892,-0.477596570441312
E693G:N698H,-0.920915961265564,2.32260802762417
E693G:N698I,-1.6315075159072876,1.29776811855253
E693G:N698S,-0.31113165616989136,1.42792866828573
E693G:N698T,-0.9860478639602661,1.6293409981309
E693G:N698Y,-1.5395852327346802,1.79335516494604
E693G:S697L,0.5714712738990784,2.18826541383358
E693G:S697P,-0.5770648717880249,1.32992377387993
E693G:S697T,-0.44854748249053955,2.24622208940224
E693G:V695A,-0.02179718017578125,2.02608170571027
E693G:V695E,0.3978736400604248,0.855872423764415
E693G:V695G,0.16800451278686523,1.50866617380592
E693G:V695L,-0.2609436511993408,1.54800033638924
E693G:V695M,-0.8144299983978271,2.06240947111993
E693G:V707A,-1.2616978883743286,-0.267175868682684
E693G:V707E,-4.457693815231323,-0.960436837991544
E693G:V707L,-1.2258774042129517,2.00074765529115
E693G:V707M,-2.3129827976226807,2.53047599053542
E693G:V710A,-0.4233829975128174,-0.721113011090659
E693G:V710D,-4.154849290847778,-1.38652729400871
E693G:V710I,-0.42272400856018066,2.59307151125245
E693G:V710L,-0.4534792900085449,0.306214380152369
E693G:V711A,-0.7944815158843994,-1.43423439901275
E693G:V711D,-4.399564981460571,-1.33815634911735
E693G:V711G,-1.516160249710083,-2.75498722145879
E693G:V711I,-0.607995867729187,1.82261119536695
E693H,-1.7128791809082031,1.54612294286746
E693I,-2.4550600051879883,-1.8268050705286
E693K,-0.3027529716491699,0.561646185363005
E693K:A701T,-0.44698238372802734,0.940835038374429
E693K:A701V,-0.08357703685760498,0.866961173866463
E693K:A713E,-3.5750136375427246,-3.8424403190346
E693K:A713V,0.17933183908462524,0.0596885311329581
E693K:D694E,-0.030142545700073242,1.15452377816278
E693K:D694G,-0.40853142738342285,0.0182893920059963
E693K:G696C,-1.4893499612808228,-1.66221832754806
E693K:G696D,-0.39730942249298096,0.88436958574698
E693K:G696S,0.06147611141204834,0.631106213691093
E693K:G700D,-2.031285881996155,-3.86456816909073
E693K:G704R,-3.462040901184082,-3.40402501177915
E693K:G708C,-1.4843456745147705,-1.19465603056921
E693K:G708V,-0.5291807651519775,-4.57828229057563
E693K:G709C,-0.8006391525268555,-0.924481780815136
E693K:G709S,-0.7027591466903687,-2.62814363136703
E693K:I702F,-1.4978792667388916,-2.46276502702486
E693K:I702N,-2.3680315017700195,0.0488939523349897
E693K:I702T,-1.6199390888214111,-1.01744915666225
E693K:I702V,-0.6718069314956665,0.0454740904384559
E693K:I703F,-1.8261215686798096,-3.93596637704542
E693K:I703T,-1.5640790462493896,-3.4467313858718
E693K:I703V,-0.44552087783813477,0.140417918029017
E693K:I712K,-3.8713595867156982,-3.5510299843229
E693K:I712L,0.27828526496887207,-1.1866240518374
E693K:I712T,-0.9968990087509155,-4.05374941270181
E693K:I712V,0.12008190155029297,-3.51277174554067
E693K:K699E,-0.7724682092666626,0.84917845100681
E693K:K699I,-0.17049646377563477,-2.43494905501563
E693K:K699N,-0.5785719156265259,1.97231417005607
E693K:K699R,-0.34999096393585205,0.921343933285361
E693K:L705H,-3.0206587314605713,-2.82838541839455
E693K:M706K,-2.8583500385284424,-3.51248276343458
E693K:M706L,0.660503625869751,-2.61612431000745
E693K:N698D,-0.6209441423416138,-3.13367448991109
E693K:N698I,-1.4980250597000122,-1.579771833446
E693K:N698S,-0.17764919996261597,-1.31878388522275
E693K:N698Y,-1.4061027765274048,0.0511549863434514
E693K:S697T,-0.31506502628326416,0.521552261956711
E693K:V695A,0.11168527603149414,-0.177184314565103
E693K:V695E,0.5313560962677002,-0.163676159735655
E693K:V707A,-1.1282154321670532,-1.07699365438104
E693K:V707E,-4.324211359024048,-1.45231316465612
E693K:V710A,-0.289900541305542,-4.15910992835963
E693K:V710D,-4.021366834640503,-4.14939182407707
E693K:V711D,-4.266082525253296,-3.56475265372075
E693K:V711I,-0.4745134115219116,-0.975955835038927
E693L,-1.8240365982055664,-1.8405720170090447
E693M,-2.580463409423828,-1.64880069218326
E693N,-0.9290990829467773,2.28471959661338
E693P,-0.4822056293487549,3.23887893194424
E693Q,-1.2906415462493896,1.951304820450155
E693Q:K699R,-0.8439352512359619,0.79640536572959
E693Q:M706V,1.401537299156189,-2.26531902296689
E693Q:N698D,-1.1148884296417236,-2.90634695986426
E693R,-0.9836747646331787,0.7625939910713779
E693S,-0.4634706974029541,2.31713374425093
E693T,-1.2447891235351562,1.3507394514634
E693V,-1.7346186637878418,-0.1980429599824401
E693V:A701E,-2.015220880508423,-3.56096978901963
E693V:A701P,-1.6715686321258545,-2.12358762061463
E693V:A701S,-1.7016103267669678,-2.4191421310533
E693V:A701T,-1.1629152297973633,0.0290540330672245
E693V:A701V,-0.7995098829269409,-0.71767399299732
E693V:A713E,-4.2909464836120605,-3.67783582841454
E693V:A713G,-1.5815839767456055,-3.2616015538273
E693V:A713S,-1.9438612461090088,-1.49243355525577
E693V:A713T,-1.5919482707977295,-0.853118942337125
E693V:A713V,-0.5366010069847107,0.097782412726828
E693V:D694E,-0.7460753917694092,-2.45000330119576
E693V:D694G,-1.1244642734527588,-2.64624627504139
E693V:D694V,-1.1657915115356445,-3.25813512419572
E693V:G696C,-2.2052828073501587,-1.90317800362757
E693V:G696D,-1.113242268562317,-2.143373534373
E693V:G696S,-0.6544567346572876,-2.41382897172882
E693V:G700A,-1.7143810987472534,-4.67121635781637
E693V:G700C,-4.0458924770355225,-2.66434334245646
E693V:G700D,-2.7472187280654907,-3.81542266315238
E693V:G700S,-2.14329195022583,-3.68054012762028
E693V:G704E,-4.3847434520721436,-2.30925921351696
E693V:G704R,-4.177973747253418,-2.66949398183721
E693V:G708C,-2.2002785205841064,-2.04198759842568
E693V:G708D,-4.296262264251709,-3.67687583673707
E693V:G708S,-1.6407678127288818,-3.31187972969208
E693V:G708V,-1.2451136112213135,-3.39550675162117
E693V:G709A,-0.8032168745994568,-3.49413362476638
E693V:G709C,-1.5165719985961914,-1.67843483126381
E693V:G709D,-3.962263345718384,-0.187294133117188
E693V:G709R,-4.517157316207886,-4.23845597802824
E693V:G709S,-1.4186919927597046,-3.25877889531274
E693V:I702F,-2.2138121128082275,-3.49668382233239
E693V:I702N,-3.0839643478393555,-1.18490326741098
E693V:I702T,-2.335871934890747,-1.42971305040172
E693V:I702V,-1.3877397775650024,0.119410225229586
E693V:I703F,-2.5420544147491455,-3.25420730067079
E693V:I703N,-4.1916749477386475,-1.25386673037073
E693V:I703T,-2.2800118923187256,-1.99632026611625
E693V:I703V,-1.1614537239074707,-1.03819310615904
E693V:I712K,-4.587292432785034,-1.22067722163069
E693V:I712L,-0.43764758110046387,-1.3689785079331
E693V:I712M,-1.6458081007003784,-1.12191556208227
E693V:I712T,-1.7128318548202515,-1.86708113966862
E693V:I712V,-0.595850944519043,-0.788241922850749
E693V:K699E,-1.4884010553359985,-0.511412562604941
E693V:K699I,-0.8864293098449707,-3.07408251154583
E693V:K699N,-1.2945047616958618,0.403400643598174
E693V:K699R,-1.065923810005188,-1.23152978773007
E693V:K699T,-0.1839694380760193,-0.728059583547796
E693V:L705F,-1.4518972635269165,-1.44162450245001
E693V:L705H,-3.7365915775299072,0.870262130572578
E693V:L705I,-0.6341531276702881,-0.379723464747976
E693V:L705P,-1.787640929222107,0.27015312946617
E693V:M706I,0.7115983963012695,-3.04732814473879
E693V:M706K,-3.5742828845977783,-3.84064863525309
E693V:M706L,-0.05542922019958496,-2.90193719293134
E693V:M706T,0.4188358783721924,-3.28498488844487
E693V:M706V,1.179548740386963,-2.30189979802791
E693V:N698D,-1.3368769884109497,-3.51123666188325
E693V:N698I,-2.213957905769348,-2.11456874450866
E693V:N698S,-0.8935820460319519,-2.70921707965082
E693V:N698T,-1.5684982538223267,-3.61602344237542
E693V:N698Y,-2.1220356225967407,-2.06496737967208
E693V:S697A,-1.0961204767227173,-3.18357250652718
E693V:S697L,-0.010979115962982178,-0.515981830260222
E693V:S697P,-1.1595152616500854,-2.95352982519438
E693V:S697T,-1.0309978723526,0.945941998229255
E693V:V695A,-0.6042475700378418,0.949766629684306
E693V:V695E,-0.18457674980163574,-1.13335015485734
E693V:V695G,-0.4144458770751953,1.33984844430187
E693V:V695M,-1.3968803882598877,-2.42454211353602
E693V:V707A,-1.8441482782363892,1.28527288555211
E693V:V707E,-5.040144205093384,1.25790471776376
E693V:V707G,-2.898466110229492,-1.95083551483683
E693V:V707L,-1.8083277940750122,-0.817335967168278
E693V:V707M,-2.895433187484741,1.33581130201934
E693V:V710A,-1.005833387374878,-2.81558488641245
E693V:V710D,-4.737299680709839,-3.15402779237422
E693V:V710I,-1.0051743984222412,-0.519075767814621
E693V:V711A,-1.37693190574646,-3.60542671000922
E693V:V711D,-4.982015371322632,-4.05968175786581
E693V:V711G,-2.0986106395721436,-4.50573453644486
E693V:V711I,-1.1904462575912476,-2.25068932779628
E693W,-3.27455472946167,-4.78491608181219
E693Y,-2.4774813652038574,-1.7086532926496298
F675A,1.2670764923095703,-0.505432227397701
F675C,-2.233506202697754,-0.593419901824371
F675C:E682G,-1.105221152305603,-4.23325571238321
F675C:E682V,-1.2457658052444458,-2.04531890666516
F675C:E693V,-1.9840624332427979,-0.714109924039084
F675C:F690I,-1.068101167678833,-1.16003766941403
F675C:H677Q,-0.8837392330169678,-0.896149830359412
F675C:I702V,-1.6371835470199585,-4.51118606979191
F675C:I703T,-2.5294556617736816,-4.42048771557003
F675C:K699N,-1.5439485311508179,-3.25700383147743
F675C:Q686L,-1.6547727584838867,-0.373238208258386
F675C:S697P,-1.4089590311050415,-3.14273573792849
F675D,1.3136327266693115,-0.433909735094036
F675E,1.8762896060943604,-0.718458564855257
F675G,1.1604487895965576,0.929937254805529
F675H,0.6984572410583496,-0.2417981852383289
F675I,0.8400900363922119,-0.0219821488074389
F675I:A692E,1.198548138141632,-2.37310105439797
F675I:A692T,0.4499318599700928,-0.868354752013705
F675I:A692V,0.29235565662384033,-0.699496378154554
F675I:A701E,-0.727866530418396,-4.16220946514937
F675I:A701T,0.12443912029266357,1.05352890417414
F675I:A701V,0.48784446716308594,0.929925921853807
F675I:A713E,-3.0035921335220337,-2.19639266098794
F675I:A713G,-0.2942296266555786,-2.70854982421483
F675I:A713S,-0.6565068960189819,-0.183043637383728
F675I:A713T,-0.30459392070770264,-0.0965546604835177
F675I:A713V,0.7507533431053162,0.211677357123218
F675I:D678A,0.263485312461853,0.028230890536396
F675I:D678E,0.510116696357727,-0.208833128971097
F675I:D678G,0.37467706203460693,-1.14811095448206
F675I:D678N,0.08972632884979248,-0.652451350474097
F675I:D678V,0.3358956575393677,-1.60019406234122
F675I:D694E,0.5412789583206177,0.142979991544673
F675I:D694G,0.16289007663726807,0.945042395910262
F675I:D694V,0.12156283855438232,-2.70737144653563
F675I:E682D,0.5356398820877075,-0.037105529331073
F675I:E682G,0.4315769672393799,-0.318267764195091
F675I:E682K,0.2492736577987671,-0.848360353185688
F675I:E682V,0.2910323143005371,-0.941652068106572
F675I:E693D,0.3794384002685547,0.422922566556921
F675I:E693G,0.1351860761642456,1.56149229318099
F675I:E693V,-0.44726431369781494,-1.59826965207111
F675I:F690I,0.4686969518661499,0.454296175438155
F675I:F690L,0.7920781373977661,-0.391687360276161
F675I:F690V,0.9012504816055298,-0.229902098177385
F675I:F690Y,0.6662918329238892,-0.649661211737187
F675I:F691I,0.6206833124160767,-0.349935042941533
F675I:F691L,0.7846723794937134,-0.685234731640635
F675I:F691S,1.4286441802978516,-1.0373980075789
F675I:F691Y,0.4098242521286011,-1.31147197584346
F675I:G680E,0.688011646270752,-2.01904376486336
F675I:G680R,0.2216939926147461,-1.47095992950667
F675I:G680V,0.31885266304016113,-1.02017194707777
F675I:G696A,0.25989365577697754,-1.92106335650316
F675I:G696C,-0.9179284572601318,-0.838766075986379
F675I:G696D,0.17411208152770996,-3.01072095882799
F675I:G696S,0.6328976154327393,-0.167512353540506
F675I:G700C,-2.7585381269454956,-1.24464792472629
F675I:G700D,-1.4598643779754639,-3.30011731998591
F675I:G700S,-0.8559376001358032,-2.87244540818858
F675I:G704E,-3.0973891019821167,-3.65318475487564
F675I:G704R,-2.890619397163391,-2.14119103631052
F675I:G708C,-0.9129241704940796,-1.91157239187764
F675I:G708D,-3.008907914161682,-3.99050003034238
F675I:G708S,-0.353413462638855,-3.22681575566329
F675I:G708V,0.04224073886871338,-3.7135965394025
F675I:G709C,-0.22921764850616455,-1.21475314911077
F675I:G709D,-2.674908995628357,-2.20111467391535
F675I:G709S,-0.13133764266967773,-3.28854573914177
F675I:H677D,1.0719349384307861,-1.3103320677623
F675I:H677L,0.6529427766799927,-0.819624526614706
F675I:H677Q,0.6530588865280151,-1.5160540150816
F675I:H677R,0.8617841005325317,-0.607163209578326
F675I:H677Y,0.29360127449035645,-0.565062752380857
F675I:H684L,0.711484432220459,-1.6362474986744
F675I:H684N,0.6486498117446899,0.189449247339296
F675I:H684Q,0.6554772853851318,-0.433293333762619
F675I:H684R,0.6287962198257446,-1.08381794697641
F675I:H684Y,0.05630326271057129,-0.626864142061844
F675I:H685L,0.2859067916870117,-0.60110864036863
F675I:H685N,0.6279230117797852,-1.93066632970546
F675I:H685Q,0.6090835332870483,0.0007755119938598
F675I:H685R,0.6544588804244995,-1.09178417255669
F675I:H685Y,-0.10077452659606934,-2.10783926364649
F675I:I702F,-0.9264577627182007,-2.50057983231512
F675I:I702N,-1.7966099977493286,-2.7988665101215
F675I:I702T,-1.0485175848007202,-0.390268469948252
F675I:I702V,-0.10038542747497559,-1.21951316322652
F675I:I703F,-1.2547000646591187,-4.17133179664311
F675I:I703N,-2.9043205976486206,-3.80563979953849
F675I:I703T,-0.9926575422286987,-3.8641064405899
F675I:I703V,0.12590062618255615,-2.24979825223355
F675I:I712K,-3.2999380826950073,-4.57475640915629
F675I:I712L,0.849706768989563,-2.254664360445
F675I:I712M,-0.35845375061035156,-2.57430792630618
F675I:I712T,-0.4254775047302246,-4.14505566896657
F675I:I712V,0.6915034055709839,-3.51972911979691
F675I:K687E,0.60334312915802,-1.05676051286915
F675I:K687I,-0.6951307058334351,-3.00833221630949
F675I:K687N,0.4135392904281616,0.604825839935072
F675I:K687Q,0.28815722465515137,-1.53986159939793
F675I:K687R,0.34016358852386475,-0.964601756484167
F675I:K687T,0.02945888042449951,-1.76031962027337
F675I:K699E,-0.20104670524597168,-1.91475029366252
F675I:K699I,0.40092504024505615,-1.63567210578146
F675I:K699N,-0.007150411605834961,-0.79118954842323
F675I:K699R,0.22143054008483887,-1.12406887911233
F675I:L688F,0.08430397510528564,0.331978060926621
F675I:L688M,0.1545335054397583,-0.249347068172744
F675I:L688S,1.2540713548660278,-0.414906158447867
F675I:L705F,-0.16454291343688965,-1.54206224339615
F675I:L705H,-2.4492372274398804,-3.10091491966659
F675I:L705I,0.6532012224197388,1.39514081232561
F675I:L705P,-0.5002865791320801,-3.76739668279142
F675I:L705V,0.45001256465911865,-1.17098898834272
F675I:M706I,1.9989527463912964,-3.02899839821626
F675I:M706K,-2.2869285345077515,-3.63455028282989
F675I:M706L,1.231925129890442,-1.66091341464302
F675I:M706T,1.7061902284622192,-3.73292333299772
F675I:M706V,2.4669030904769897,-2.56134767729287
F675I:N698D,-0.04952263832092285,-4.21822246926934
F675I:N698I,-0.9266035556793213,0.116805798215958
F675I:N698K,-0.028707146644592285,-3.8809065998624
F675I:N698S,0.39377230405807495,-3.74758566990389
F675I:N698Y,-0.8346812725067139,-0.106672767169169
F675I:Q686H,0.3174022436141968,-0.303511065561648
F675I:Q686K,0.8728859424591064,-1.29571910802676
F675I:Q686L,-0.11797463893890381,-0.673263433431779
F675I:Q686R,0.7199870347976685,-2.14604655730641
F675I:R676L,0.6805247068405151,-2.71515889910588
F675I:R676Q,0.46364545822143555,-0.88280928192306
F675I:S679L,0.1907261610031128,-1.9796657205198
F675I:S679P,0.246911883354187,-0.936455104385855
F675I:S679T,0.16816508769989014,-0.488698327615056
F675I:S697L,1.2763752341270447,-0.451241079730068
F675I:S697P,0.1278390884399414,-3.17323640904899
F675I:S697T,0.25635647773742676,-0.608110094978721
F675I:V683A,0.4100748300552368,-0.452216965690148
F675I:V683D,0.6832468509674072,-0.809132643130589
F675I:V683F,0.06268787384033203,-1.13439011793239
F675I:V683G,0.521064043045044,-0.144082447893046
F675I:V683I,0.21737420558929443,-0.64836419222844
F675I:V689A,0.7508844137191772,-2.36864443656784
F675I:V689E,1.015772819519043,-1.4028324689947
F675I:V689G,1.0368801355361938,-2.11227386071436
F675I:V689L,0.5000449419021606,-3.89702486908138
F675I:V689M,0.027468085289001465,-0.863595517549133
F675I:V695A,0.6831067800521851,-0.375098104828816
F675I:V695E,1.1027776002883911,-1.28128725987675
F675I:V695G,0.8729084730148315,-0.092936243104228
F675I:V695L,0.4439603090286255,-0.361164066808879
F675I:V695M,-0.10952603816986084,-0.0333982690354362
F675I:V707A,-0.5567939281463623,-3.07832615254498
F675I:V707E,-3.752789855003357,-3.30817663276816
F675I:V707L,-0.5209734439849854,-0.856887048646829
F675I:V707M,-1.6080788373947144,0.0948123634697605
F675I:V710A,0.2815209627151489,-4.27827102141986
F675I:V710D,-3.449945330619812,-3.86650085596167
F675I:V710I,0.28217995166778564,-0.606549176073514
F675I:V711A,-0.0895775556564331,-4.28182316892462
F675I:V711D,-3.694661021232605,-4.17549324753926
F675I:V711F,-0.37689208984375,-3.70984219759308
F675I:V711I,0.0969080924987793,-1.2793000746185
F675I:Y681C,-0.8030203580856323,-1.48995307871329
F675I:Y681F,0.5971001386642456,-0.585421306440581
F675I:Y681H,0.7762845754623413,-0.314206904003993
F675I:Y681N,0.9895651340484619,-0.602219548989817
F675K,1.6137807369232178,-1.0175207112331
F675L,1.0662643909454346,-0.6980205935696979
F675L:A692E,1.3116353154182434,-2.62293044137127
F675L:A692S,0.8542104959487915,-4.45775384423295
F675L:A692T,0.5630190372467041,-1.64086548002905
F675L:A692V,0.40544283390045166,-0.899955232176706
F675L:A701E,-0.6147793531417847,-5.04641312336054
F675L:A701P,-0.2711271047592163,-1.75366744992588
F675L:A701S,-0.3011687994003296,-4.2277134715958
F675L:A701T,0.2375262975692749,0.441683022359791
F675L:A701V,0.6009316444396973,1.11122072793501
F675L:A713E,-2.8905049562454224,-3.48014738279164
F675L:A713S,-0.5434197187423706,-0.599179361558953
F675L:A713T,-0.1915067434310913,-0.911096166936437
F675L:A713V,0.8638405203819275,-0.267829542412563
F675L:D678A,0.37657248973846436,-0.458854969084421
F675L:D678E,0.6232038736343384,-1.83139144604341
F675L:D678G,0.48776423931121826,-0.368904319841145
F675L:D678N,0.2028135061264038,-1.99016133450218
F675L:D678V,0.448982834815979,-1.29681107864091
F675L:D678Y,-0.08609414100646973,-2.07410522392482
F675L:D694E,0.654366135597229,0.245330644542378
F675L:D694G,0.2759772539138794,0.240655156492583
F675L:D694N,0.35508668422698975,0.703195752013151
F675L:D694V,0.23465001583099365,-3.463671637551
F675L:E682A,0.3335566520690918,-0.0507691452834428
F675L:E682D,0.6487270593643188,-0.704338658498906
F675L:E682G,0.5446641445159912,-0.278749003675597
F675L:E682K,0.3623608350753784,1.10892179266557
F675L:E682V,0.40411949157714844,-0.597851955639274
F675L:E693D,0.492525577545166,-0.549441851377458
F675L:E693G,0.24827325344085693,1.84919397429558
F675L:E693V,-0.3341771364212036,-1.04436227433442
F675L:F690I,0.5817841291427612,0.317027133268484
F675L:F690L,0.9051653146743774,-1.18792602739292
F675L:F690S,1.875308871269226,-2.03541267914031
F675L:F690V,1.0143376588821411,-1.39383449456147
F675L:F690Y,0.7793790102005005,-0.955411459905914
F675L:F691C,-0.3821192979812622,-1.61968243969322
F675L:F691I,0.733770489692688,0.255671417246895
F675L:F691L,0.8977595567703247,-1.09891804207702
F675L:F691S,1.541731357574463,-0.972681286409029
F675L:F691Y,0.5229114294052124,-0.863493920548515
F675L:G680E,0.8010988235473633,-3.91186882546636
F675L:G680R,0.3347811698913574,-0.13948109711374
F675L:G680V,0.43193984031677246,-1.39956320149025
F675L:G696C,-0.8048412799835205,-1.59154277539786
F675L:G696D,0.2871992588043213,-2.8644667981542
F675L:G696R,0.2944765090942383,-0.0731336158080483
F675L:G696S,0.7459847927093506,-1.34255473419534
F675L:G696V,0.16281867027282715,-2.29958265986286
F675L:G700C,-2.6454509496688843,-2.30120707410016
F675L:G700D,-1.3467772006988525,-2.73410738779928
F675L:G700S,-0.7428504228591919,-3.74969074959467
F675L:G700V,-1.284043550491333,0.0814171440405498
F675L:G704E,-2.9843019247055054,-3.9258444482542
F675L:G704R,-2.77753221988678,-3.30224261695628
F675L:G708A,0.42228901386260986,-1.99005622799011
F675L:G708C,-0.7998369932174683,-1.89541827217797
F675L:G708D,-2.895820736885071,-4.26508594399152
F675L:G708S,-0.24032628536224365,-2.01953674550151
F675L:G708V,0.1553279161453247,-4.36217638352451
F675L:G709C,-0.11613047122955322,-1.78972247947798
F675L:G709D,-2.5618218183517456,-3.55854646983093
F675L:G709R,-3.1167157888412476,-4.62911355760537
F675L:G709S,-0.018250465393066406,-3.87496470931247
F675L:H677D,1.1850221157073975,-2.61785146999295
F675L:H677L,0.766029953956604,-2.49272101635036
F675L:H677N,0.8218408823013306,-1.41229554515353
F675L:H677Q,0.7661460638046265,-1.26212417873782
F675L:H677R,0.9748712778091431,-0.824692188070802
F675L:H677Y,0.4066884517669678,-1.02917485807243
F675L:H684L,0.8245716094970703,-2.84413077891979
F675L:H684N,0.7617369890213013,0.174082152993982
F675L:H684Q,0.7685644626617432,-1.63984451458495
F675L:H684R,0.741883397102356,-1.47141512929031
F675L:H684Y,0.16939043998718262,-0.403691750768233
F675L:H685L,0.39899396896362305,-0.240273090409214
F675L:H685N,0.7410101890563965,-0.557455965153785
F675L:H685Q,0.7221707105636597,-1.10268585294957
F675L:H685R,0.7675460577011108,-1.18499925932978
F675L:H685Y,0.012312650680541992,-2.59868764401256
F675L:I702F,-0.8133705854415894,-2.12778226611019
F675L:I702N,-1.6835228204727173,-2.49241694962174
F675L:I702T,-0.9354304075241089,-1.9953421993047
F675L:I702V,0.012701749801635742,-1.61873990439678
F675L:I703F,-1.1416128873825073,-3.73333124670178
F675L:I703N,-2.7912334203720093,-3.80514246983642
F675L:I703T,-0.8795703649520874,-4.44080400266319
F675L:I703V,0.23898780345916748,-3.60992013055058
F675L:I712K,-3.186850905418396,-3.29394233349947
F675L:I712L,0.9627939462661743,-2.90669462063906
F675L:I712M,-0.24536657333374023,-2.68121260921824
F675L:I712T,-0.3123903274536133,-3.70358797954297
F675L:I712V,0.8045905828475952,-3.37232712437108
F675L:K687E,0.7164303064346313,-2.50934885960048
F675L:K687I,-0.5820435285568237,-3.09418896626684
F675L:K687N,0.526626467704773,0.0111087958239232
F675L:K687Q,0.4012444019317627,-2.83540732279759
F675L:K687R,0.4532507658004761,-1.55229039024828
F675L:K699E,-0.08795952796936035,-2.736938239371
F675L:K699I,0.5140122175216675,-2.45419476385655
F675L:K699N,0.10593676567077637,-1.10985995221062
F675L:K699Q,-0.007856369018554688,-1.527432706042
F675L:K699R,0.3345177173614502,-1.3344558628471
F675L:L688F,0.19739115238189697,-0.182481722086902
F675L:L688M,0.26762068271636963,-0.386149277744657
F675L:L688S,1.3671585321426392,-0.725547008830392
F675L:L688V,0.7697038650512695,-2.49730403040822
F675L:L688W,-0.4762033224105835,-0.315458350347307
F675L:L705F,-0.05145573616027832,-2.28869398939272
F675L:L705H,-2.336150050163269,-3.25427708795795
F675L:L705I,0.7662883996963501,0.495489056417273
F675L:L705P,-0.38719940185546875,-4.3079416207159
F675L:L705V,0.56309974193573,-0.550273181919232
F675L:M706I,2.1120399236679077,-2.67327513707741
F675L:M706K,-2.17384135723114,-5.29969629931686
F675L:M706L,1.3450123071670532,-3.93683472412248
F675L:M706T,1.8192774057388306,-3.50126670868237
F675L:M706V,2.579990267753601,-2.49699322966338
F675L:N698D,0.06356453895568848,-3.8657964376699
F675L:N698H,-0.10292482376098633,-2.426035994439
F675L:N698I,-0.81351637840271,-0.490424362920865
F675L:N698S,0.5068594813346863,-4.03805851231861
F675L:N698T,-0.16805672645568848,-3.45436950393825
F675L:N698Y,-0.7215940952301025,-0.437706261319222
F675L:Q686H,0.4304894208908081,-0.752676329799315
F675L:Q686K,0.9859731197357178,-2.25549592483956
F675L:Q686L,-0.0048874616622924805,-0.886598502292333
F675L:Q686P,0.8825215101242065,0.0815245245394054
F675L:Q686R,0.8330742120742798,-3.02457516932041
F675L:R676L,0.7936118841171265,-2.56473698706263
F675L:R676P,0.6313096284866333,-0.33397131836632
F675L:R676Q,0.5767326354980469,-1.63079832709042
F675L:S679L,0.3038133382797241,-2.19769559276835
F675L:S679P,0.35999906063079834,-0.559891486125327
F675L:S679T,0.28125226497650146,-0.524066151124361
F675L:S697A,0.3043210506439209,-4.12471181641996
F675L:S697L,1.389462411403656,-0.206585424801258
F675L:S697P,0.24092626571655273,-3.14561209041031
F675L:S697T,0.3694436550140381,-0.986301835385239
F675L:V683A,0.5231620073318481,-0.289100157907428
F675L:V683D,0.7963340282440186,-0.891547108661226
F675L:V683F,0.17577505111694336,-1.93182206842471
F675L:V683I,0.33046138286590576,-1.70247139012127
F675L:V689A,0.8639715909957886,-1.50749533041891
F675L:V689E,1.1288599967956543,-1.46636779168871
F675L:V689G,1.1499673128128052,-2.49863196414742
F675L:V689L,0.613132119178772,-1.3388732465292
F675L:V689M,0.1405552625656128,-1.41743507429701
F675L:V695A,0.7961939573287964,-0.621643681405065
F675L:V695E,1.2158647775650024,-1.98051709177346
F675L:V695G,0.9859956502914429,-0.305608494551142
F675L:V695M,0.0035611391067504883,-0.117214617517685
F675L:V707A,-0.443706750869751,-2.7739015914148
F675L:V707E,-3.6397026777267456,-3.93718639505288
F675L:V707L,-0.407886266708374,-0.82460429391287
F675L:V707M,-1.494991660118103,-1.04808168516969
F675L:V710A,0.39460813999176025,-3.624414964493
F675L:V710D,-3.3368581533432007,-2.99075221377411
F675L:V710I,0.395267128944397,-0.666980640076699
F675L:V711A,0.023509621620178223,-3.7822445071319
F675L:V711D,-3.5815738439559937,-4.501473271981
F675L:V711F,-0.26380491256713867,-4.13012239148638
F675L:V711G,-0.6981691122055054,-3.53495561928664
F675L:V711I,0.20999526977539062,-2.11935677008733
F675L:Y681C,-0.689933180809021,-0.964480729188358
F675L:Y681F,0.7101873159408569,-0.707671762510008
F675L:Y681H,0.8893717527389526,-0.201662641683247
F675L:Y681N,1.1026523113250732,-1.30627540719209
F675M,0.23621797561645508,-0.67355177373691
F675N,0.9784605503082275,-0.17298176961667
F675P,1.2555842399597168,-0.2452262433226841
F675Q,1.1085858345031738,0.0896584520812766
F675R,1.2176017761230469,0.339235653940347
F675S,1.488279104232788,-0.8528914644576135
F675S:A692E,1.5226426720619202,-1.35024523098428
F675S:A692G,1.1301215887069702,0.25228878462658
F675S:A692P,1.022321105003357,-2.44958855736855
F675S:A692S,1.0652178525924683,-2.57066158541438
F675S:A692T,0.7740263938903809,-1.14760702739774
F675S:A692V,0.6164501905441284,0.377554774213456
F675S:A701E,-0.4037719964981079,-4.72008533581109
F675S:A701S,-0.09016144275665283,-2.87017604300687
F675S:A701T,0.44853365421295166,1.28722542579069
F675S:A701V,0.811939001083374,1.41407659291313
F675S:A713E,-2.6794975996017456,-2.72577492925691
F675S:A713G,0.029864907264709473,-2.68345948536667
F675S:A713P,-1.1786597967147827,-4.56096420593691
F675S:A713S,-0.33241236209869385,-0.807855507487669
F675S:A713T,0.01950061321258545,0.315293756156448
F675S:A713V,1.0748478770256042,-0.0273132538435384
F675S:D678E,0.8342112302780151,-1.59630601765345
F675S:D678G,0.698771595954895,-0.29194242696767
F675S:D678N,0.41382086277008057,-0.333836730024475
F675S:D678V,0.6599901914596558,-0.28800816945999
F675S:D678Y,0.12491321563720703,-0.0091447901303192
F675S:D694E,0.8653734922409058,0.195015330911458
F675S:D694G,0.48698461055755615,0.555521737124168
F675S:D694H,0.2690138816833496,-3.49413362476638
F675S:D694N,0.5660940408706665,1.10693214518289
F675S:D694V,0.4456573724746704,-3.27173814734553
F675S:D694Y,0.34143590927124023,-3.61910458521427
F675S:E682D,0.8597344160079956,-0.4914033051917
F675S:E682G,0.755671501159668,0.104482477304378
F675S:E682K,0.5733681917190552,0.105082648112643
F675S:E682V,0.6151268482208252,-0.0484600981181071
F675S:E693D,0.7035329341888428,-0.187935033163883
F675S:E693G,0.4592806100845337,2.02786815494742
F675S:E693K,0.5927630662918091,0.5376376970031
F675S:E693V,-0.12316977977752686,-0.25524109271513
F675S:F690I,0.792791485786438,0.74005459043407
F675S:F690L,1.1161726713180542,-0.663923329694213
F675S:F690S,2.086316227912903,-1.19274126150642
F675S:F690V,1.2253450155258179,-0.241089511151465
F675S:F690Y,0.9903863668441772,-1.30667430038842
F675S:F691C,-0.17111194133758545,-2.63665707256044
F675S:F691I,0.9447778463363647,0.717623358904246
F675S:F691L,1.1087669134140015,-0.611889415282915
F675S:F691S,1.7527387142181396,-1.17890768812555
F675S:F691V,1.4049910306930542,-0.513633940176037
F675S:F691Y,0.7339187860488892,-0.57342276818379
F675S:G680A,0.6544550657272339,-3.88092739855141
F675S:G680E,1.01210618019104,-0.677966801517066
F675S:G680R,0.5457885265350342,-1.00316767179602
F675S:G680V,0.6429471969604492,-2.061848442369
F675S:G696A,0.5839881896972656,1.04663774457974
F675S:G696C,-0.5938339233398438,-1.50014086388371
F675S:G696D,0.49820661544799805,-2.78964763510225
F675S:G696S,0.9569921493530273,-0.400768581807849
F675S:G696V,0.3738260269165039,-0.0587186733358101
F675S:G700C,-2.4344435930252075,-0.647349954076667
F675S:G700D,-1.1357698440551758,-3.25708162981874
F675S:G700S,-0.5318430662155151,-2.47556404377181
F675S:G700V,-1.0730361938476562,-0.318855266108768
F675S:G704A,-0.4966052770614624,-4.59437976110561
F675S:G704E,-2.7732945680618286,-3.65977966082818
F675S:G704R,-2.566524863243103,-3.52207507305473
F675S:G704V,-1.4893525838851929,-3.11647628574345
F675S:G708A,0.6332963705062866,-1.10831787762261
F675S:G708C,-0.5888296365737915,-0.594944765661386
F675S:G708D,-2.684813380241394,-3.90391126315858
F675S:G708S,-0.029318928718566895,-2.79195023015481
F675S:G708V,0.36633527278900146,-3.98379750228902
F675S:G709C,0.09487688541412354,-0.894620546669084
F675S:G709D,-2.350814461708069,-2.83832542360998
F675S:G709S,0.19275689125061035,-3.6272174821273
F675S:H677L,0.9770373106002808,-0.942579623102055
F675S:H677Q,0.9771534204483032,-0.76287043927466
F675S:H677R,1.1858786344528198,-0.139514680967359
F675S:H677Y,0.6176958084106445,-0.744593992204328
F675S:H684L,1.035578966140747,-1.55162140236367
F675S:H684N,0.972744345664978,-0.0429240523504235
F675S:H684Q,0.9795718193054199,-0.591093988569357
F675S:H684R,0.9528907537460327,-0.703717989103658
F675S:H684Y,0.3803977966308594,0.476685759202225
F675S:H685L,0.6100013256072998,-0.520516728114263
F675S:H685N,0.9520175457000732,-0.401434179362549
F675S:H685Q,0.9331780672073364,-1.37475232091338
F675S:H685R,0.9785534143447876,-0.786345003108954
F675S:H685Y,0.22332000732421875,-1.39016632976781
F675S:I702F,-0.6023632287979126,-2.41174585179596
F675S:I702M,-0.18649715185165405,-2.49258813056544
F675S:I702N,-1.4725154638290405,-2.51809094374238
F675S:I702T,-0.7244230508804321,-1.81042457341381
F675S:I702V,0.2237091064453125,-1.63898591597323
F675S:I703F,-0.9306055307388306,-2.62489171877696
F675S:I703N,-2.5802260637283325,-2.51306652641315
F675S:I703S,-1.3887823820114136,-4.32945529410687
F675S:I703T,-0.6685630083084106,-3.44601167417645
F675S:I703V,0.44999516010284424,-2.95921952313253
F675S:I712K,-2.9758435487747192,-3.50226871587851
F675S:I712L,1.173801302909851,-2.8106621039309
F675S:I712M,-0.03435921669006348,-2.65273387505538
F675S:I712T,-0.10138297080993652,-2.77343659805246
F675S:I712V,1.015597939491272,-3.43038303450594
F675S:K687E,0.9274376630783081,-2.01107418606532
F675S:K687I,-0.371036171913147,-1.60497410375956
F675S:K687N,0.7376338243484497,-0.170185106575553
F675S:K687Q,0.6122517585754395,0.323908875572264
F675S:K687R,0.6642581224441528,-1.71447730707617
F675S:K687T,0.3535534143447876,-1.17784469081324
F675S:K699E,0.1230478286743164,-2.90031853075948
F675S:K699I,0.7250195741653442,-1.39724879363179
F675S:K699N,0.3169441223144531,-0.581649052726749
F675S:K699Q,0.20315098762512207,-2.93451783683096
F675S:K699R,0.545525074005127,-0.865233133197073
F675S:L688F,0.40839850902557373,0.102893821300447
F675S:L688M,0.4786280393600464,-0.215216384999226
F675S:L688S,1.578165888786316,0.0138279579083311
F675S:L688W,-0.26519596576690674,-1.03885571837512
F675S:L705F,0.15955162048339844,-1.17194395748031
F675S:L705H,-2.1251426935195923,-3.56787434938788
F675S:L705I,0.9772957563400269,0.162229276743929
F675S:L705P,-0.176192045211792,-3.84826228678576
F675S:L705R,-1.3835889101028442,-3.84793852693002
F675S:M706I,2.3230472803115845,-2.43032725463819
F675S:M706K,-1.9628340005874634,-4.72262954927745
F675S:M706L,1.55601966381073,-3.83849712226016
F675S:M706R,-1.737941861152649,-3.52054066788653
F675S:M706T,2.0302847623825073,-3.74286098537127
F675S:M706V,2.790997624397278,-2.59016478605709
F675S:N698D,0.27457189559936523,-4.77102649984205
F675S:N698H,0.10808253288269043,-0.794280190868352
F675S:N698I,-0.6025090217590332,-0.37562090613169
F675S:N698S,0.717866837978363,-3.3560794110445
F675S:N698T,0.04295063018798828,-2.80031538764237
F675S:N698Y,-0.5105867385864258,0.521805746387013
F675S:Q686E,1.2410850524902344,-2.53165351042285
F675S:Q686H,0.6414967775344849,-0.38845668516627
F675S:Q686K,1.1969804763793945,-1.01670860863513
F675S:Q686L,0.20611989498138428,-0.141479990301768
F675S:Q686R,1.0440815687179565,-2.72268461464855
F675S:R676L,1.0046192407608032,-1.62497522657426
F675S:R676Q,0.7877399921417236,-1.3094291830426
F675S:S679L,0.5148206949234009,-1.47897921182728
F675S:S679P,0.5710064172744751,-0.400375072637911
F675S:S679T,0.4922596216201782,-0.839459775476339
F675S:S697L,1.6004697680473328,-0.702859667996538
F675S:S697P,0.4519336223602295,-2.97375392455114
F675S:S697T,0.5804510116577148,-0.432512733898503
F675S:V683A,0.7341693639755249,-0.116074109049587
F675S:V683D,1.0073413848876953,-0.21287423039309
F675S:V683F,0.3867824077606201,-0.770850901407163
F675S:V683I,0.5414687395095825,-0.277062036456725
F675S:V689A,1.0749789476394653,-1.52461329612546
F675S:V689E,1.339867353439331,-0.695104828254973
F675S:V689G,1.360974669456482,-1.87003855453231
F675S:V689L,0.8241394758224487,-2.0228460508131
F675S:V689M,0.35156261920928955,-0.584123815672618
F675S:V695A,1.0072013139724731,-0.524179984925668
F675S:V695E,1.4268721342086792,-1.27254632193109
F675S:V695G,1.1970030069351196,0.0295537455387102
F675S:V695L,0.7680548429489136,-1.58883492385708
F675S:V695M,0.21456849575042725,-0.136728896982825
F675S:V707A,-0.23269939422607422,-2.60656069082722
F675S:V707E,-3.428695321083069,-2.95656886995255
F675S:V707L,-0.19687891006469727,-0.438882777616374
F675S:V707M,-1.2839843034744263,-0.634920044585754
F675S:V710A,0.605615496635437,-3.73747487076072
F675S:V710D,-3.125850796699524,-4.49258418083183
F675S:V710F,0.12298476696014404,-4.71465060395323
F675S:V710I,0.6062744855880737,-0.0012066595364635
F675S:V710L,0.5755192041397095,-2.69691882248342
F675S:V711A,0.23451697826385498,-3.77006735475346
F675S:V711D,-3.370566487312317,-4.36277256522324
F675S:V711G,-0.4871617555618286,-3.69225544256993
F675S:V711I,0.4210026264190674,-2.33187918195391
F675S:V711L,0.693400502204895,-3.49901681430869
F675S:Y681C,-0.47892582416534424,-0.737730537382382
F675S:Y681F,0.9211946725845337,-0.612729077578897
F675S:Y681H,1.1003791093826294,-0.280704913675763
F675S:Y681N,1.31365966796875,-0.256721518782757
F675T,1.3536438941955566,-0.0837408098722939
F675V,1.3854200839996338,-0.4776203082837105
F675V:F690I,0.7413619756698608,0.121320235202692
F675V:F691L,1.0573374032974243,-2.75515510359347
F675V:F691Y,0.682489275932312,-1.75057625735621
F675V:G709S,0.1413273811340332,-3.70396899756541
F675V:H677Q,0.9257239103317261,-0.26245870297934
F675V:K699R,0.4940955638885498,-0.900027683013391
F675V:N698Y,-0.5620162487030029,-0.436707782207052
F675V:Q686R,0.9926520586013794,-3.53050126893726
F675V:R676L,0.9531897306442261,-1.19154853177234
F675V:V689E,1.288437843322754,-3.48909840755276
F675V:V695E,1.375442624092102,-2.28312604436609
F675V:Y681H,1.0489495992660522,-2.67324548449551
F675W,-1.4598112106323242,-1.04847308545087
F675Y,0.11527585983276367,-0.5143655489361725
F675Y:A692E,0.836141049861908,-0.726074485878655
F675Y:A692G,0.443619966506958,-1.33612976058345
F675Y:A692S,0.37871623039245605,-0.502060282366925
F675Y:A692T,0.08752477169036865,-0.947652508737538
F675Y:A692V,-0.07005143165588379,0.881378737246413
F675Y:A701G,-0.7115917205810547,-0.676063995636067
F675Y:A701P,-0.7466213703155518,-2.17615850762397
F675Y:A701S,-0.776663064956665,-3.06869904719994
F675Y:A701T,-0.23796796798706055,0.887742416678554
F675Y:A701V,0.12543737888336182,1.5423588185961
F675Y:A713E,-3.365999221801758,-3.76837574007018
F675Y:A713G,-0.6566367149353027,-2.40162407539911
F675Y:A713S,-1.018913984298706,-0.512609463099074
F675Y:A713T,-0.6670010089874268,0.246785572239266
F675Y:A713V,0.38834625482559204,0.271581755233472
F675Y:D678E,0.14770960807800293,-0.0751288071011877
F675Y:D678G,0.012269973754882812,-0.47497166966563
F675Y:D678N,-0.27268075942993164,-0.141062798488189
F675Y:D678V,-0.026511430740356445,-1.01488302497711
F675Y:D678Y,-0.5615884065628052,0.622192756559689
F675Y:D694E,0.17887187004089355,0.753305494834743
F675Y:D694G,-0.19951701164245605,1.02719572894036
F675Y:D694N,-0.1204075813293457,1.32035325760429
F675Y:D694V,-0.2408442497253418,-4.27187413373959
F675Y:D694Y,-0.345065712928772,-3.18357250652718
F675Y:E682A,-0.14193761348724365,-0.916347589812177
F675Y:E682D,0.1732327938079834,-0.519596214590307
F675Y:E682G,0.06916987895965576,0.428294417138087
F675Y:E682K,-0.11313343048095703,-0.248672105881508
F675Y:E682V,-0.07137477397918701,0.107884209535966
F675Y:E693D,0.017031311988830566,-0.0750853105515523
F675Y:E693G,-0.22722101211547852,2.23143298265056
F675Y:E693K,-0.09373855590820312,0.217218685199612
F675Y:E693V,-0.8096714019775391,-0.201617423494209
F675Y:F690I,0.10628986358642578,0.958848678662383
F675Y:F690L,0.429671049118042,-0.424458451100586
F675Y:F690S,1.3998146057128906,-1.05150971920442
F675Y:F690V,0.5388433933258057,0.385698972372584
F675Y:F690Y,0.30388474464416504,-1.13461277407569
F675Y:F691C,-0.8576135635375977,-2.35580167593887
F675Y:F691I,0.25827622413635254,0.985259075510468
F675Y:F691L,0.42226529121398926,-0.657301963051107
F675Y:F691S,1.0662370920181274,-0.491722927473574
F675Y:F691Y,0.04741716384887695,0.126223290736774
F675Y:G680E,0.32560455799102783,-0.978757036314632
F675Y:G680R,-0.14071309566497803,0.34150188638559
F675Y:G680V,-0.04355442523956299,-0.294306771233549
F675Y:G696C,-1.280335545539856,-0.598830092576899
F675Y:G696D,-0.18829500675201416,-2.72808563546821
F675Y:G696R,-0.18101775646209717,-0.0792949875016705
F675Y:G696S,0.27049052715301514,-0.43577357147297
F675Y:G696V,-0.3126755952835083,-0.56043635298226
F675Y:G700C,-3.1209452152252197,-0.7691875627033
F675Y:G700D,-1.822271466255188,-3.22375710153787
F675Y:G700S,-1.2183446884155273,-3.23073007378369
F675Y:G704E,-3.459796190261841,-3.44827966266246
F675Y:G704R,-3.2530264854431152,-2.63911473238606
F675Y:G704V,-2.175854206085205,-2.96956516008009
F675Y:G708C,-1.2753312587738037,-0.645392811994188
F675Y:G708D,-3.3713150024414062,-3.03469762775984
F675Y:G708S,-0.7158205509185791,-3.26873940453736
F675Y:G708V,-0.32016634941101074,-3.93135613497775
F675Y:G709C,-0.5916247367858887,-0.952856860322037
F675Y:G709D,-3.037316083908081,-2.53876608238736
F675Y:G709R,-3.592210054397583,-3.8424403190346
F675Y:G709S,-0.49374473094940186,-2.81802443162857
F675Y:G709V,0.25953859090805054,-4.35326594280059
F675Y:H677D,0.709527850151062,-1.42100606990321
F675Y:H677L,0.29053568840026855,-1.59949583787699
F675Y:H677N,0.3463466167449951,-1.57987042900756
F675Y:H677P,0.4636772871017456,-1.49726836984525
F675Y:H677Q,0.290651798248291,-0.544000632807002
F675Y:H677R,0.4993770122528076,0.236038209123215
F675Y:H677Y,-0.06880581378936768,-1.27889449601852
F675Y:H684L,0.34907734394073486,-1.34765305247221
F675Y:H684N,0.2862427234649658,0.600741150498564
F675Y:H684Q,0.2930701971054077,-1.07543566550017
F675Y:H684R,0.2663891315460205,-0.663683737241805
F675Y:H684Y,-0.30610382556915283,-0.283401213801357
F675Y:H685L,-0.0765002965927124,-0.409560520571185
F675Y:H685N,0.26551592350006104,0.509791194696843
F675Y:H685Q,0.24667644500732422,0.578583470342235
F675Y:H685R,0.2920517921447754,-1.17077124929251
F675Y:H685Y,-0.46318161487579346,-1.84693731865407
F675Y:I702F,-1.2888648509979248,-2.36581003479536
F675Y:I702L,-0.3001621961593628,-4.96047069355981
F675Y:I702M,-0.8729987740516663,-2.43631959788686
F675Y:I702N,-2.1590170860290527,-2.14322806842265
F675Y:I702T,-1.4109246730804443,-1.0234118166946
F675Y:I702V,-0.4627925157546997,-1.06214106768405
F675Y:I703F,-1.6171071529388428,-3.78978442340626
F675Y:I703N,-3.2667276859283447,-3.97163740456683
F675Y:I703T,-1.3550646305084229,-2.92702130279088
F675Y:I703V,-0.23650646209716797,-1.97337296273831
F675Y:I712K,-3.6623451709747314,-3.31673337089712
F675Y:I712L,0.48729968070983887,-2.04500289196851
F675Y:I712M,-0.7208608388900757,-2.07941297618426
F675Y:I712R,-4.254522085189819,-4.70037986192233
F675Y:I712T,-0.7878845930099487,-2.09198187385119
F675Y:I712V,0.32909631729125977,-3.07515514476705
F675Y:K687E,0.2409360408782959,-1.46186533742874
F675Y:K687I,-1.0575377941131592,-2.76898524093798
F675Y:K687N,0.0511322021484375,0.320552278038777
F675Y:K687Q,-0.07424986362457275,-0.758943072415962
F675Y:K687R,-0.022243499755859375,-0.292719590218558
F675Y:K687T,-0.3329482078552246,1.09925781482908
F675Y:K699E,-0.5634537935256958,-3.62564639746873
F675Y:K699I,0.03851795196533203,-1.09653669656517
F675Y:K699N,-0.3695574998855591,-0.681377699735775
F675Y:K699Q,-0.48335063457489014,-0.821115148934199
F675Y:K699R,-0.14097654819488525,-0.622994553064837
F675Y:K699T,0.7409778237342834,-0.714109924039084
F675Y:L688F,-0.2781031131744385,-0.244985162965628
F675Y:L688M,-0.20787358283996582,-0.170496652276662
F675Y:L688S,0.8916642665863037,-0.0760301838568011
F675Y:L688W,-0.951697587966919,-0.327830810953956
F675Y:L705F,-0.5269500017166138,-1.3893593159236
F675Y:L705H,-2.8116443157196045,-3.26986678346665
F675Y:L705I,0.29079413414001465,0.0744400464740105
F675Y:L705P,-0.8626936674118042,-3.72150439313231
F675Y:L705R,-2.0700905323028564,-3.69064301914579
F675Y:L705V,0.08760547637939453,0.435152893979494
F675Y:M706I,1.6365456581115723,-2.54975954496062
F675Y:M706K,-2.6493356227874756,-4.18934923267723
F675Y:M706L,0.8695180416107178,-3.24572888105564
F675Y:M706R,-2.424443483352661,-3.25658373572251
F675Y:M706T,1.3437831401824951,-3.67744253792427
F675Y:M706V,2.1044960021972656,-1.78102472889739
F675Y:N698D,-0.411929726600647,-4.51350515686701
F675Y:N698I,-1.2890106439590454,0.206345359742308
F675Y:N698S,0.03136521577835083,-3.39337204920443
F675Y:N698T,-0.6435509920120239,-3.3346672916722
F675Y:N698Y,-1.197088360786438,0.354854537795499
F675Y:Q686H,-0.045004844665527344,0.169001885035758
F675Y:Q686K,0.5104788541793823,-1.52799972190824
F675Y:Q686L,-0.48038172721862793,-0.265548744004371
F675Y:Q686R,0.35757994651794434,-2.05019249806863
F675Y:R676L,0.318117618560791,-0.921986261484832
F675Y:R676Q,0.10123836994171143,-1.2719399602478
F675Y:S679L,-0.17168092727661133,-1.201913207067
F675Y:S679P,-0.11549520492553711,-0.0353315351326422
F675Y:S679T,-0.19424200057983398,-0.151600141960624
F675Y:S697L,0.9139681458473206,0.112782528976417
F675Y:S697P,-0.23456799983978271,-2.71719721427102
F675Y:S697T,-0.10605061054229736,-0.621212375494502
F675Y:V683A,0.047667741775512695,-0.242103286443642
F675Y:V683D,0.3208397626876831,-0.676109514278751
F675Y:V683F,-0.2997192144393921,-1.25768833427688
F675Y:V683G,0.15865695476531982,0.722428570179966
F675Y:V683I,-0.1450328826904297,0.244199856298658
F675Y:V689A,0.3884773254394531,-1.22594574375004
F675Y:V689E,0.6533657312393188,-0.952892391797194
F675Y:V689G,0.6744730472564697,-1.62131372151775
F675Y:V689L,0.13763785362243652,-2.40289117252741
F675Y:V689M,-0.33493900299072266,-0.718296873089257
F675Y:V695A,0.32069969177246094,0.0529615428191259
F675Y:V695E,0.740370512008667,-1.42821947851269
F675Y:V695G,0.5105013847351074,0.16770616958771
F675Y:V695M,-0.47193312644958496,0.0937839009585168
F675Y:V707A,-0.9192010164260864,-2.34239516298043
F675Y:V707E,-4.115196943283081,-3.07408867799753
F675Y:V707L,-0.8833805322647095,0.396107985606464
F675Y:V707M,-1.9704859256744385,-0.235331894181485
F675Y:V710A,-0.0808861255645752,-3.22331004177153
F675Y:V710D,-3.812352418899536,-3.94861815646703
F675Y:V710F,-0.5635168552398682,-1.54636990706175
F675Y:V710G,-0.5638091564178467,-4.9857885015441
F675Y:V710I,-0.08022713661193848,-0.012247040312024
F675Y:V710L,-0.11098241806030273,-1.80389500450849
F675Y:V711A,-0.4519846439361572,-3.09425693885583
F675Y:V711D,-4.057068109512329,-3.87320389868909
F675Y:V711F,-0.7392991781234741,-3.76647794619902
F675Y:V711I,-0.2654989957809448,-1.60724311705171
F675Y:Y681C,-1.1654274463653564,-1.05566359562553
F675Y:Y681F,0.23469305038452148,-0.283188462955141
F675Y:Y681H,0.4138774871826172,0.162346323117786
F675Y:Y681N,0.6271580457687378,-0.330920584953978
F690A,2.007965564727783,-1.53124930748975
F690C,-1.6625494956970215,-1.93340009188437
F690C:A692T,-0.8013879060745239,-2.78856392420788
F690C:F691I,-0.63063645362854,-3.56559258874853
F690C:F691L,-0.4666473865509033,-4.49368875147179
F690C:G709C,-1.4805374145507812,-4.8595643571736
F690C:L705H,-3.700556993484497,-4.49368875147179
F690D,3.0340027809143066,0.5061471340806941
F690E,2.929960250854492,-1.94738232441429
F690G,1.9905359745025635,-0.946736153232188
F690H,1.5925266742706299,-1.10209457588915
F690I,0.09730386734008789,1.224977105541549
F690I:A692E,0.8271550536155701,-0.401697237229119
F690I:A692G,0.4346339702606201,0.979700255127995
F690I:A692P,0.32683348655700684,-2.77281556723974
F690I:A692S,0.36973023414611816,-0.281251890385979
F690I:A692T,0.07853877544403076,0.110761931494705
F690I:A692V,-0.07903742790222168,0.260971876197638
F690I:A701E,-1.099259614944458,-2.91698001158799
F690I:A701G,-0.7205777168273926,0.9888689272475
F690I:A701P,-0.7556073665618896,1.52210046287499
F690I:A701S,-0.7856490612030029,-1.28398800910046
F690I:A701T,-0.24695396423339844,1.80687726468479
F690I:A701V,0.11645138263702393,2.41199171645006
F690I:A713E,-3.3749852180480957,-2.20990803665167
F690I:A713P,-1.8741474151611328,-2.14119103631052
F690I:A713S,-1.027899980545044,1.00909516437868
F690I:A713T,-0.6759870052337646,0.98759408823281
F690I:A713V,0.37936025857925415,1.46364490137821
F690I:D694E,0.16988587379455566,1.35423115005818
F690I:D694G,-0.20850300788879395,1.50062696425939
F690I:D694N,-0.1293935775756836,1.20893809807593
F690I:D694V,-0.2498302459716797,-1.73607116841161
F690I:D694Y,-0.35405170917510986,-2.64851785056216
F690I:E693A,-0.5034328699111938,0.70566405417404
F690I:E693D,0.008045315742492676,0.877175022265463
F690I:E693G,-0.2362070083618164,2.25150184296802
F690I:E693K,-0.10272455215454102,1.05750111342847
F690I:E693V,-0.818657398223877,-1.41016365499356
F690I:F691I,0.24929022789001465,1.22208760430677
F690I:F691L,0.41327929496765137,0.637836135592462
F690I:F691S,1.0572510957717896,-0.0467466962605858
F690I:F691V,0.7095034122467041,0.929683576027608
F690I:F691Y,0.03843116760253906,1.04380295696069
F690I:G696C,-1.2893215417861938,0.590237952217379
F690I:G696D,-0.19728100299835205,0.0759127642824554
F690I:G696S,0.26150453090667725,1.06501185829791
F690I:G696V,-0.3216615915298462,-0.603621971799321
F690I:G700A,-0.7984198331832886,-0.40828734405554
F690I:G700C,-3.1299312114715576,-0.113593480390683
F690I:G700D,-1.8312574625015259,-2.88864998781879
F690I:G700R,-1.63979172706604,-2.61785146999295
F690I:G700S,-1.2273306846618652,-2.06418887575558
F690I:G700V,-1.7685238122940063,1.26663192125384
F690I:G704A,-1.1920928955078125,-1.23331143768123
F690I:G704E,-3.4687821865081787,-2.12030609390053
F690I:G704R,-3.262012481689453,-1.98565913673668
F690I:G704V,-2.184840202331543,-2.13853648369911
F690I:G708A,-0.06219124794006348,-2.35136035400926
F690I:G708C,-1.2843172550201416,-0.0501054979320417
F690I:G708D,-3.380300998687744,-2.03844609558164
F690I:G708R,-3.3494982719421387,-3.36969986986034
F690I:G708S,-0.724806547164917,-1.73076075449901
F690I:G708V,-0.32915234565734863,-2.14828494200761
F690I:G709C,-0.6006107330322266,-0.161708894172676
F690I:G709D,-3.046302080154419,-1.18125038713028
F690I:G709R,-3.601196050643921,-3.12949051117847
F690I:G709S,-0.5027307271957397,-1.92797948521682
F690I:G709V,0.25055259466171265,-2.31266510098569
F690I:I702F,-1.2978508472442627,-1.05187836429094
F690I:I702N,-2.1680030822753906,-0.329334899491069
F690I:I702T,-1.4199106693267822,-0.117405190144787
F690I:I702V,-0.4717785120010376,0.544136598326394
F690I:I703F,-1.6260931491851807,-2.25608275133783
F690I:I703M,-1.796891689300537,-4.51578487229837
F690I:I703N,-3.2757136821746826,-2.83449292239167
F690I:I703T,-1.3640506267547607,-2.85731335186921
F690I:I703V,-0.24549245834350586,-0.829580851610175
F690I:I712K,-3.6713311672210693,-2.12955848832161
F690I:I712L,0.478313684463501,-0.233386035208998
F690I:I712M,-0.7298468351364136,-1.42440077521422
F690I:I712T,-0.7968705892562866,-2.45062878781499
F690I:I712V,0.3201103210449219,-1.64904487443628
F690I:K699E,-0.5724397897720337,-1.20278572781395
F690I:K699I,0.02953195571899414,-1.60657027791858
F690I:K699N,-0.378543496131897,0.5927394445639
F690I:K699Q,-0.492336630821228,-1.20949058852134
F690I:K699R,-0.14996254444122314,0.667926473379643
F690I:K699T,0.7319918274879456,0.334639423370996
F690I:L705F,-0.5359359979629517,0.952415593424642
F690I:L705H,-2.8206303119659424,-2.13830161906685
F690I:L705I,0.28180813789367676,1.19613733128854
F690I:L705P,-0.8716796636581421,-2.27595356868565
F690I:L705R,-2.0790765285491943,-3.42501045545026
F690I:L705V,0.07861948013305664,0.988882271155877
F690I:M706I,1.6275596618652344,-1.06841634615375
F690I:M706K,-2.6583216190338135,-3.53484633181036
F690I:M706L,0.8605320453643799,-2.44600089447964
F690I:M706T,1.3347971439361572,-2.35816593773393
F690I:M706V,2.0955100059509277,-0.300218969327627
F690I:N698D,-0.42091572284698486,-2.93163045573924
F690I:N698H,-0.5874050855636597,-1.26602760201304
F690I:N698I,-1.2979966402053833,0.655749804652743
F690I:N698K,-0.4001002311706543,-3.2248006909828
F690I:N698S,0.02237921953201294,-1.41863293982945
F690I:N698T,-0.6525369882583618,-0.848663218877491
F690I:N698Y,-1.2060743570327759,-0.125950830276663
F690I:S697L,0.9049821496009827,0.677864331670992
F690I:S697P,-0.2435539960861206,-0.424821255439297
F690I:S697T,-0.11503660678863525,0.955942476884019
F690I:V695A,0.31171369552612305,0.759355539945766
F690I:V695E,0.7313845157623291,-0.988721193508841
F690I:V695G,0.5015153884887695,0.838276926235344
F690I:V695L,0.07256722450256348,-0.048485544536083
F690I:V695M,-0.48091912269592285,0.196010702929144
F690I:V707A,-0.9281870126724243,-1.05667540990855
F690I:V707E,-4.124182939529419,-2.0292116986094
F690I:V707G,-1.9825048446655273,-3.06049763969152
F690I:V707L,-0.8923665285110474,1.35800599531433
F690I:V707M,-1.9794719219207764,0.335342578483882
F690I:V710A,-0.08987212181091309,-2.19693060315637
F690I:V710D,-3.821338415145874,-3.4336451177784
F690I:V710G,-0.5727951526641846,-4.12496661367847
F690I:V710I,-0.08921313285827637,1.46869298203832
F690I:V710L,-0.11996841430664062,-1.08473452748653
F690I:V711A,-0.4609706401824951,-2.59459400464423
F690I:V711D,-4.066054105758667,-2.93039860609297
F690I:V711F,-0.748285174369812,-0.262012573148162
F690I:V711G,-1.1826493740081787,-3.31520636201717
F690I:V711I,-0.2744849920272827,0.476594648195077
F690I:V711L,-0.002087116241455078,-0.935886372151813
F690K,2.359062671661377,0.564964793180509
F690L,0.7440662384033203,0.83842683841742
F690L:A692E,1.1505362391471863,-1.86720853647769
F690L:A692G,0.7580151557922363,-1.57987042900756
F690L:A692S,0.6931114196777344,-1.40069193637844
F690L:A692T,0.401919960975647,-3.06541772926071
F690L:A692V,0.24434375762939453,-0.759692573984061
F690L:A701E,-0.7758784294128418,-4.56192306111496
F690L:A701G,-0.39719653129577637,-1.6114023773326
F690L:A701S,-0.4622678756713867,-3.31805425928255
F690L:A701T,0.07642722129821777,0.574538746546358
F690L:A701V,0.43983256816864014,1.48681927496497
F690L:A713E,-3.0516040325164795,-2.73819144362315
F690L:A713S,-0.7045187950134277,-0.256974637488905
F690L:A713T,-0.35260581970214844,0.387840189805
F690L:A713V,0.7027414441108704,0.694138339557427
F690L:D694E,0.4932670593261719,0.20313615019791
F690L:D694G,0.11487817764282227,0.803465342834681
F690L:D694N,0.19398760795593262,0.178203900208549
F690L:D694V,0.07355093955993652,-2.58657398268901
F690L:D694Y,-0.030670523643493652,-3.97914538072495
F690L:E693A,-0.18005168437957764,0.661379966698909
F690L:E693D,0.3314265012741089,-0.217180134652674
F690L:E693G,0.0871741771697998,1.20080996222372
F690L:E693K,0.2206566333770752,0.396916694952933
F690L:E693V,-0.49527621269226074,0.509503016589479
F690L:F691I,0.5726714134216309,-0.610300994950155
F690L:F691L,0.7366604804992676,-1.02611341502003
F690L:F691S,1.3806322813034058,-0.125611469747152
F690L:F691Y,0.3618123531341553,-0.563232614300264
F690L:G696A,0.21188175678253174,-1.88179678971946
F690L:G696C,-0.9659403562545776,-0.950933807534933
F690L:G696D,0.12610018253326416,-3.51663830956699
F690L:G696R,0.13337743282318115,-0.994591680383307
F690L:G696S,0.5848857164382935,-0.678855940745431
F690L:G696V,0.0017195940017700195,-2.87227211801367
F690L:G700C,-2.8065500259399414,-1.57144502727321
F690L:G700D,-1.5078762769699097,-3.51991472306879
F690L:G700S,-0.903949499130249,-3.53050126893726
F690L:G704A,-0.8687117099761963,-3.60129210093628
F690L:G704E,-3.1454010009765625,-3.90510918699148
F690L:G704R,-2.938631296157837,-3.60827535139809
F690L:G704V,-1.8614590167999268,-3.47388325909837
F690L:G708C,-0.9609360694885254,-0.325864681653208
F690L:G708D,-3.056919813156128,-3.56662803208823
F690L:G708S,-0.4014253616333008,-3.23116477367794
F690L:G708V,-0.005771160125732422,-3.50944733171035
F690L:G709C,-0.27722954750061035,-0.651531701281895
F690L:G709D,-2.7229208946228027,-2.91101805276162
F690L:G709R,-3.2778148651123047,-4.08500195620591
F690L:G709S,-0.17934954166412354,-3.08064650401607
F690L:G709V,0.5739337801933289,-3.16721327706651
F690L:I702F,-0.9744696617126465,-3.11665394343463
F690L:I702N,-1.8446218967437744,-2.32288502805063
F690L:I702T,-1.096529483795166,-1.35179327738129
F690L:I702V,-0.1483973264694214,-1.54608106076026
F690L:I703F,-1.3027119636535645,-2.9855142880545
F690L:I703N,-2.9523324966430664,-2.76220903704004
F690L:I703T,-1.0406694412231445,-4.20396558185588
F690L:I703V,0.07788872718811035,-2.17390530450847
F690L:I712K,-3.347949981689453,-3.64795051690592
F690L:I712L,0.8016948699951172,-1.57010154754565
F690L:I712M,-0.40646564960479736,-2.1491485367389
F690L:I712T,-0.4734894037246704,-4.56005615747581
F690L:I712V,0.6434915065765381,-2.48651210844489
F690L:K699E,-0.24905860424041748,-2.82233783599466
F690L:K699I,0.35291314125061035,-2.86912913701645
F690L:K699N,-0.05516231060028076,-1.18774261600782
F690L:K699Q,-0.16895544528961182,-0.285484005970351
F690L:K699R,0.17341864109039307,-1.07904246012183
F690L:K699T,1.0553730130195618,-0.32009426463802
F690L:L705F,-0.21255481243133545,-0.70855165722896
F690L:L705H,-2.497249126434326,-3.28258911796382
F690L:L705P,-0.5482984781265259,-3.84154247245964
F690L:M706I,1.9509408473968506,-3.26628527761463
F690L:M706K,-2.3349404335021973,-3.82759981733423
F690L:M706L,1.183913230895996,-3.65279693798966
F690L:M706R,-2.110048294067383,-4.51578487229837
F690L:M706T,1.6581783294677734,-4.00042819628269
F690L:M706V,2.418891191482544,-2.63116480293998
F690L:N698D,-0.09753453731536865,-4.16467085795226
F690L:N698I,-0.9746154546737671,-0.12631002399797
F690L:N698K,-0.07671904563903809,-3.98368016096229
F690L:N698S,0.34576040506362915,-3.50411697920806
F690L:N698T,-0.3291558027267456,-4.12471181641996
F690L:N698Y,-0.8826931715011597,-1.14332608592294
F690L:S697L,1.2283633351325989,-0.582697208879943
F690L:S697P,0.0798271894454956,-1.68876877288285
F690L:S697T,0.20834457874298096,-0.263660493956311
F690L:V695A,0.6350948810577393,-1.55309934712004
F690L:V695E,1.0547657012939453,-2.62162707278544
F690L:V695G,0.8248965740203857,-1.72359074597444
F690L:V695L,0.3959484100341797,-2.76324611622359
F690L:V695M,-0.15753793716430664,-0.838805608026698
F690L:V707A,-0.6048058271408081,-2.17421746538745
F690L:V707E,-3.8008017539978027,-2.59969877244935
F690L:V707L,-0.5689853429794312,-1.18634914081517
F690L:V707M,-1.6560907363891602,-0.491984285899091
F690L:V710A,0.23350906372070312,-3.04403798304496
F690L:V710D,-3.497957229614258,-4.12737075584062
F690L:V710F,-0.24912166595458984,-3.66451019725113
F690L:V710I,0.23416805267333984,-0.185839481274468
F690L:V711A,-0.1375894546508789,-3.70140489414414
F690L:V711D,-3.742672920227051,-3.91493133492406
F690L:V711I,0.048896193504333496,-1.60734335412819
F690M,0.049040794372558594,0.656107260875032
F690N,2.15124249458313,-0.7945084889822824
F690P,2.018806219100952,-1.475158769303855
F690Q,1.8967127799987793,-1.33877757847882
F690R,1.8493294715881348,-1.71128402029972
F690S,2.6843533515930176,-1.3280709075984598
F690S:A692S,1.663254976272583,-3.95895644585153
F690S:A692T,1.3720635175704956,-0.911131356959991
F690S:A692V,1.2144873142242432,0.451465615553536
F690S:A701T,1.0465707778930664,0.488671433180892
F690S:A701V,1.4099761247634888,0.520883176080202
F690S:A713G,0.6279020309448242,-4.36186508927536
F690S:A713S,0.2656247615814209,-0.937487222840037
F690S:A713V,1.672885000705719,-1.20397785996411
F690S:D694E,1.4634106159210205,-1.00029735333718
F690S:D694G,1.085021734237671,-1.42537561819087
F690S:D694V,1.0436944961547852,0.707460980758176
F690S:E693D,1.3015700578689575,-1.76742339179693
F690S:E693G,1.0573177337646484,0.691663312115694
F690S:E693V,0.4748673439025879,0.687354257628728
F690S:F691I,1.5428149700164795,-0.642458141140862
F690S:F691L,1.7068040370941162,-2.08254575969351
F690S:F691S,2.3507758378982544,-0.91096343237224
F690S:F691Y,1.331955909729004,-1.149987950705
F690S:G696C,0.004203200340270996,-1.42242481697444
F690S:G696S,1.555029273033142,-0.769098621223222
F690S:G700C,-1.8364064693450928,-0.281575697874356
F690S:G700D,-0.537732720375061,-3.20881376701178
F690S:G700S,0.06619405746459961,-3.14929313847465
F690S:G704E,-2.175257444381714,-4.68129931077594
F690S:G704R,-1.9684877395629883,-3.77766660686419
F690S:G708C,0.009207487106323242,0.853963451014375
F690S:G708D,-2.0867762565612793,-4.13736695742562
F690S:G708S,0.5687181949615479,-3.81958838112178
F690S:G709C,0.6929140090942383,-0.608193508300233
F690S:G709D,-1.752777338027954,-2.68503953535799
F690S:G709S,0.7907940149307251,-2.98494484274849
F690S:I702F,-0.0043261051177978516,-3.09658067564782
F690S:I702N,-0.8744783401489258,-2.86858011223929
F690S:I702T,-0.12638592720031738,-2.82008540223933
F690S:I702V,0.8217462301254272,-2.66597404772647
F690S:I703F,-0.3325684070587158,-4.70037986192233
F690S:I703N,-1.9821889400482178,-3.60225918233115
F690S:I703T,-0.0705258846282959,-3.99120698587702
F690S:I703V,1.048032283782959,-4.14999120890852
F690S:I712K,-2.3778064250946045,-2.14514081777301
F690S:I712L,1.7718384265899658,-4.31199854768104
F690S:I712M,0.5636779069900513,-2.70784104829882
F690S:I712T,0.4966541528701782,-3.27661405334997
F690S:I712V,1.6136350631713867,-4.98268766189199
F690S:K699E,0.7210849523544312,-4.109937011461
F690S:K699I,1.323056697845459,-3.54846783767249
F690S:K699N,0.9149812459945679,-1.13216178027339
F690S:K699R,1.1435621976852417,-1.64214003598512
F690S:L705H,-1.5271055698394775,-4.83888094198856
F690S:L705I,1.5753328800201416,-0.0266868575630275
F690S:L705P,0.42184507846832275,-3.61602344237542
F690S:M706I,2.921084403991699,-0.663185287341019
F690S:M706K,-1.3647968769073486,-5.13664821016175
F690S:M706L,2.1540567874908447,-3.72001261066769
F690S:M706T,2.628321886062622,-4.77057268939578
F690S:M706V,3.3890347480773926,-3.32573867725615
F690S:N698D,0.87260901927948,-4.81341727560331
F690S:N698I,-0.004471898078918457,-1.01641949620892
F690S:N698S,1.3159039616584778,-1.44518985017339
F690S:N698Y,0.08745038509368896,-1.15794265061178
F690S:S697P,1.0499707460403442,-2.67501740170014
F690S:S697T,1.1784881353378296,-1.98329006879284
F690S:V695A,1.605238437652588,-0.574749195039616
F690S:V695E,2.024909257888794,-1.9663667590299
F690S:V695M,0.812605619430542,-1.9057216415702
F690S:V707A,0.3653377294540405,-3.82226815697082
F690S:V707E,-2.830658197402954,-4.18628674741805
F690S:V707M,-0.6859471797943115,-1.84969887029519
F690S:V710A,1.2036526203155518,-4.04884927811292
F690S:V710D,-2.527813673019409,-4.4195337445108
F690S:V710I,1.2043116092681885,-2.05957302338384
F690S:V711A,0.8325541019439697,-4.13416345241925
F690S:V711D,-2.772529363632202,-4.01969744560186
F690S:V711I,1.0190397500991821,-2.40506455039123
F690T,1.9277024269104004,-0.3200077439863718
F690V,0.9624109268188477,0.6458011110562395
F690V:A692G,0.8671875,-0.62146144396962
F690V:A692T,0.5110923051834106,-0.889706921744755
F690V:A692V,0.3535161018371582,-0.0102147364658358
F690V:A701T,0.18559956550598145,1.49670746415014
F690V:A713V,0.811913788318634,0.911483460016061
F690V:D694N,0.3031599521636963,0.565170347300885
F690V:E693D,0.44059884548187256,0.225677705015097
F690V:E693G,0.19634652137756348,1.8995055210826
F690V:E693V,-0.38610386848449707,-1.80389500450849
F690V:F691I,0.6818437576293945,1.10416589929292
F690V:F691L,0.8458328247070312,-0.107146818198412
F690V:F691S,1.4898046255111694,-1.98430964113668
F690V:F691Y,0.47098469734191895,0.397081317079172
F690V:G696C,-0.856768012046814,-0.725331586143352
F690V:G696D,0.23527252674102783,-1.78421573756813
F690V:G700C,-2.6973776817321777,-0.685107506324171
F690V:G708C,-0.8517637252807617,-0.301927336143228
F690V:G708S,-0.2922530174255371,-2.76258001142257
F690V:G709C,-0.16805720329284668,-1.5254928462256
F690V:G709S,-0.07017719745635986,-2.32842303949734
F690V:I702F,-0.8652973175048828,-2.51330437175466
F690V:I702T,-0.9873571395874023,-2.24719113712725
F690V:I702V,-0.039224982261657715,-1.92523103585632
F690V:I703F,-1.1935396194458008,-3.91794787154274
F690V:I703T,-0.9314970970153809,-4.07967457254809
F690V:I703V,0.18706107139587402,-2.83854592833475
F690V:I712K,-3.2387776374816895,-3.42133067648204
F690V:I712L,0.9108672142028809,-2.13235609658305
F690V:I712V,0.7526638507843018,-2.54967201592553
F690V:K699E,-0.1398862600326538,-0.250482511932625
F690V:K699I,0.462085485458374,-2.77099906008796
F690V:K699N,0.05401003360748291,-0.586062289770818
F690V:K699R,0.28259098529815674,-0.255614355340375
F690V:L705F,-0.10338246822357178,0.620013564751897
F690V:L705H,-2.3880767822265625,-3.7134986080189
F690V:L705I,0.7143616676330566,0.114752075669309
F690V:M706I,2.0601131916046143,-3.14648808754705
F690V:M706K,-2.2257680892944336,-3.91794787154274
F690V:N698D,0.01163780689239502,-1.38453580126378
F690V:N698I,-0.8654431104660034,-0.0897084725381417
F690V:N698Y,-0.773520827293396,0.414689012390821
F690V:S697A,0.25239431858062744,0.224458113763264
F690V:S697P,0.18899953365325928,-2.05323512961164
F690V:S697T,0.31751692295074463,0.162617097732497
F690V:V695A,0.7442672252655029,-1.60880394786975
F690V:V695E,1.163938045501709,-3.33401196458467
F690V:V707A,-0.49563348293304443,-2.21319977930432
F690V:V707M,-1.5469183921813965,0.079533017246715
F690V:V710A,0.3426814079284668,-3.69480432022853
F690V:V710D,-3.388784885406494,-4.14472119090753
F690V:V710I,0.3433403968811035,0.535217458733506
F690V:V711D,-3.633500576019287,-4.38178792732077
F690W,-1.0147919654846191,-2.06342345936576
F690Y,0.4924936294555664,-0.778882373580897
F690Y:A692E,1.0247499346733093,-2.82144103652638
F690Y:A692T,0.27613365650177,-0.882937393955732
F690Y:A692V,0.11855745315551758,-1.50820124245454
F690Y:A701E,-0.9016647338867188,-4.57405378042234
F690Y:A701S,-0.5880541801452637,-2.13999637528102
F690Y:A701T,-0.04935908317565918,0.819808477643675
F690Y:A701V,0.3140462636947632,1.11990352439087
F690Y:A713E,-3.1773903369903564,-3.07500042720352
F690Y:A713S,-0.8303050994873047,-1.39431560691437
F690Y:A713T,-0.4783921241760254,0.643647479629997
F690Y:A713V,0.5769551396369934,-0.310734554981225
F690Y:D694E,0.3674807548522949,0.475787814099404
F690Y:D694G,-0.010908126831054688,-0.604897577196379
F690Y:D694N,0.06820130348205566,0.226036263803667
F690Y:D694V,-0.05223536491394043,-2.856808396322
F690Y:D694Y,-0.1564568281173706,-2.00465502741126
F690Y:E693D,0.20564019680023193,-0.635606439334944
F690Y:E693G,-0.03861212730407715,1.86214535714676
F690Y:E693V,-0.6210625171661377,0.526382293425022
F690Y:F691I,0.4468851089477539,-0.274237724212728
F690Y:F691L,0.6108741760253906,0.0716261269051117
F690Y:F691S,1.2548459768295288,-0.569864508595807
F690Y:F691Y,0.23602604866027832,-0.718604792802859
F690Y:G696C,-1.0917266607284546,-2.03055593063656
F690Y:G696D,0.00031387805938720703,-3.27478117831579
F690Y:G696S,0.4590994119644165,-0.381665451323006
F690Y:G696V,-0.12406671047210693,-0.329210229495746
F690Y:G700C,-2.9323363304138184,-1.04582542360115
F690Y:G700D,-1.6336625814437866,-4.06817521663717
F690Y:G700S,-1.029735803604126,-4.36186508927536
F690Y:G700V,-1.570928931236267,-1.26975805836421
F690Y:G704E,-3.2711873054504395,-3.52927542130527
F690Y:G704R,-3.064417600631714,-4.6553564470485
F690Y:G708C,-1.0867223739624023,0.339473872025
F690Y:G708D,-3.182706117630005,-4.88982037837192
F690Y:G708S,-0.5272116661071777,-3.22646152733065
F690Y:G708V,-0.13155746459960938,-3.45250999561769
F690Y:G709C,-0.4030158519744873,-1.52621394941259
F690Y:G709D,-2.8487071990966797,-2.61491243187281
F690Y:G709S,-0.3051358461380005,-3.02899413886967
F690Y:G709V,0.4481474757194519,-3.7419384261133
F690Y:I702F,-1.1002559661865234,-2.26852308723587
F690Y:I702N,-1.9704082012176514,-2.51420935442006
F690Y:I702T,-1.222315788269043,-1.77809377512826
F690Y:I702V,-0.27418363094329834,-1.36881659253061
F690Y:I703F,-1.4284982681274414,-4.14463074347621
F690Y:I703N,-3.0781188011169434,-3.8102464337589
F690Y:I703T,-1.1664557456970215,-2.89034908680264
F690Y:I703V,-0.0478975772857666,-2.05648108862397
F690Y:I712K,-3.47373628616333,-3.98376591007044
F690Y:I712L,0.6759085655212402,-2.40258674392556
F690Y:I712M,-0.5322519540786743,-3.06154566447216
F690Y:I712T,-0.5992757081985474,-4.87487213451609
F690Y:I712V,0.5177052021026611,-3.89403045134608
F690Y:K699E,-0.37484490871429443,-3.17062259256885
F690Y:K699I,0.2271268367767334,-0.943292071126355
F690Y:K699N,-0.18094861507415771,-0.326763269355011
F690Y:K699R,0.04763233661651611,-0.851287144436879
F690Y:L705F,-0.3383411169052124,-2.02533809950421
F690Y:L705H,-2.623035430908203,-3.9090237762419
F690Y:L705I,0.479403018951416,0.254769433428573
F690Y:L705P,-0.6740847826004028,-4.17155887631082
F690Y:L705V,0.2762143611907959,-1.75587385085733
F690Y:M706I,1.8251545429229736,-1.7470925198288
F690Y:M706K,-2.460726737976074,-4.72512036469017
F690Y:M706L,1.0581269264221191,-3.49639862940621
F690Y:M706T,1.5323920249938965,-4.48805154923268
F690Y:M706V,2.293104887008667,-1.77307860108644
F690Y:N698D,-0.2233208417892456,-4.12052601572733
F690Y:N698I,-1.100401759147644,-0.0931332228830645
F690Y:N698S,0.2199741005897522,-3.57463075873562
F690Y:N698Y,-1.0084794759750366,-1.67614958371517
F690Y:S697L,1.102577030658722,-0.666437055254141
F690Y:S697P,-0.04595911502838135,-3.16652594283887
F690Y:S697T,0.082558274269104,-0.626328237670438
F690Y:V695A,0.5093085765838623,-0.898976633205388
F690Y:V695E,0.9289793968200684,-1.58267546534909
F690Y:V695G,0.6991102695465088,0.171414844116056
F690Y:V695L,0.27016210556030273,-4.32543114380715
F690Y:V695M,-0.2833242416381836,-1.49594033757282
F690Y:V707A,-0.7305921316146851,-3.21574834051503
F690Y:V707E,-3.9265880584716797,-3.80795700819012
F690Y:V707G,-1.784909963607788,-3.76039895220872
F690Y:V707L,-0.6947716474533081,0.17935621422363
F690Y:V707M,-1.781877040863037,-0.95057028788692
F690Y:V710A,0.10772275924682617,-4.10291255265899
F690Y:V710D,-3.6237435340881348,-4.38342244429502
F690Y:V710I,0.10838174819946289,-0.597370513906664
F690Y:V710L,0.07762646675109863,-4.62582202143938
F690Y:V711A,-0.26337575912475586,-4.0772976381769
F690Y:V711D,-3.8684592247009277,-4.35316450509963
F690Y:V711I,-0.07689011096954346,-2.06662825902652
F691A,1.617518424987793,-1.54975669862909
F691C,-1.830502986907959,-1.578283675305775
F691C:A692V,-1.0429408550262451,-0.148286338187393
F691C:A713T,-1.639890432357788,-1.72179224139543
F691C:A713V,-0.5845431685447693,-1.87672754268311
F691C:E693D,-0.9558581113815308,-2.08841613322802
F691C:E693V,-1.7825608253479004,0.494850421797891
F691C:G696C,-2.2532249689102173,0.394102834859009
F691C:G708C,-2.248220682144165,0.0410297840843814
F691C:G708V,-1.293055772781372,-4.57405378042234
F691C:G709C,-1.56451416015625,-1.68209048234038
F691C:G709S,-1.4666341543197632,-3.30567007787388
F691C:I702F,-2.261754274368286,-1.16290805779325
F691C:I702T,-2.3838140964508057,-2.16122201417744
F691C:I703N,-4.239617109298706,-5.04910863544045
F691C:I703T,-2.327954053878784,-4.36496198256378
F691C:I703V,-1.2093958854675293,-3.47544149175423
F691C:I712L,-0.48558974266052246,-4.17329456335159
F691C:I712V,-0.6437931060791016,-3.7231328235458
F691C:K699N,-1.3424469232559204,-2.86892025854559
F691C:K699R,-1.1138659715652466,-1.03714029447284
F691C:L705H,-3.784533739089966,-4.5386482819115
F691C:L705P,-1.8355830907821655,-2.54300154925117
F691C:M706V,1.1316065788269043,-4.94197875298399
F691C:N698D,-1.3848191499710083,-4.72249726724067
F691C:N698Y,-2.1699777841567993,-1.49901405650946
F691C:S697T,-1.0789400339126587,-1.36105938983373
F691C:V695A,-0.6521897315979004,-0.787078785052139
F691C:V695E,-0.23251891136169434,-3.45571123543831
F691C:V711D,-5.02995753288269,-3.81383117776768
F691D,1.8850140571594238,-1.957887932518205
F691E,2.162731170654297,-1.04326851462619
F691G,1.5470643043518066,0.735081018404542
F691H,0.8125693798065186,-0.47618299482236
F691I,0.4012765884399414,0.7291061164472
F691I:A692E,0.9791414141654968,-1.01520579697713
F691I:A692P,0.4788198471069336,-3.05476696498254
F691I:A692S,0.5217165946960449,-0.35947090092561
F691I:A692T,0.23052513599395752,-0.0943819916038098
F691I:A692V,0.07294893264770508,1.73954309055686
F691I:A701E,-0.9472732543945312,-2.50121605217311
F691I:A701G,-0.5685913562774658,-0.816213805584163
F691I:A701P,-0.6036210060119629,0.570317735857316
F691I:A701S,-0.6336627006530762,-0.863513138473533
F691I:A701T,-0.09496760368347168,1.748224334106
F691I:A701V,0.2684377431869507,2.48712319494364
F691I:A713E,-3.222998857498169,-2.568860217006
F691I:A713G,-0.5136363506317139,-2.1163499533144
F691I:A713S,-0.8759136199951172,0.886035438701575
F691I:A713T,-0.5240006446838379,1.50627703562537
F691I:A713V,0.5313466191291809,1.82252899550906
F691I:D694E,0.3218722343444824,0.333976812355474
F691I:D694G,-0.05651664733886719,0.908399409945481
F691I:D694N,0.022592782974243164,1.20767040295709
F691I:D694V,-0.09784388542175293,-0.594643162594938
F691I:D694Y,-0.2020653486251831,-3.00661410554119
F691I:E693A,-0.3514465093612671,1.51514481701858
F691I:E693D,0.16003167629241943,1.01487714565427
F691I:E693G,-0.08422064781188965,2.49627976615416
F691I:E693K,0.04926180839538574,2.23584815147724
F691I:E693V,-0.6666710376739502,-1.07410746230997
F691I:G696C,-1.137335181236267,-0.380169210994824
F691I:G696D,-0.04529464244842529,-0.108556771359072
F691I:G696S,0.413490891456604,0.10623607190356
F691I:G696V,-0.16967523097991943,-1.23966365844685
F691I:G700A,-0.6464334726333618,-1.5789187558979
F691I:G700C,-2.977944850921631,-0.593270480550152
F691I:G700D,-1.6792711019515991,-2.71655162507968
F691I:G700S,-1.0753443241119385,-2.79385408338576
F691I:G704E,-3.316795825958252,-2.44903170228665
F691I:G704R,-3.1100261211395264,-2.61929446233511
F691I:G708A,0.08979511260986328,-3.49413362476638
F691I:G708C,-1.1323308944702148,-0.141312943810789
F691I:G708D,-3.2283146381378174,-3.24183670260375
F691I:G708S,-0.5728201866149902,-2.4079207693937
F691I:G708V,-0.17716598510742188,-2.36954781342086
F691I:G709C,-0.4486243724822998,-0.700346848490035
F691I:G709D,-2.894315719604492,-1.73052762920817
F691I:G709S,-0.350744366645813,-2.12468251139713
F691I:I702F,-1.145864486694336,-0.927602577684419
F691I:I702N,-2.016016721725464,-1.18451845826516
F691I:I702T,-1.2679243087768555,-0.104368193438922
F691I:I702V,-0.31979215145111084,-0.0610302513391945
F691I:I703F,-1.474106788635254,-3.19187063084338
F691I:I703N,-3.123727321624756,-3.41880167483374
F691I:I703T,-1.212064266204834,-3.26912680714211
F691I:I703V,-0.0935060977935791,-0.791553184261084
F691I:I712K,-3.5193448066711426,-2.52263475973188
F691I:I712L,0.6303000450134277,-0.724072031435754
F691I:I712M,-0.5778604745864868,-0.911107314492361
F691I:I712T,-0.6448842287063599,-2.32723960626096
F691I:I712V,0.47209668159484863,-1.56558744994772
F691I:K699E,-0.42045342922210693,-1.57835224142608
F691I:K699I,0.1815183162689209,-2.0824063001246
F691I:K699N,-0.22655713558197021,0.862718984664493
F691I:K699Q,-0.34035027027130127,-0.731595238380104
F691I:K699R,0.0020238161087036133,1.28121530070076
F691I:K699T,0.8839781880378723,-1.12699572038266
F691I:L705F,-0.3839496374130249,0.0725599200851571
F691I:L705H,-2.6686439514160156,-2.40102503995955
F691I:L705I,0.4337944984436035,1.19020801162299
F691I:L705P,-0.7196933031082153,-3.17616230986597
F691I:L705R,-1.9270901679992676,-3.59339305000799
F691I:M706I,1.7795460224151611,-0.992672308958604
F691I:M706K,-2.5063352584838867,-3.17471096712679
F691I:M706L,1.0125184059143066,-1.86460513010819
F691I:M706R,-2.2814431190490723,-5.18872934554079
F691I:M706T,1.486783504486084,-3.04248001997211
F691I:M706V,2.2474963665008545,-0.334245882692826
F691I:N698D,-0.2689293622970581,-3.7714145775287
F691I:N698I,-1.1460102796554565,0.686362474623833
F691I:N698S,0.1743655800819397,-1.81952015379502
F691I:N698Y,-1.0540879964828491,-0.0673891534480444
F691I:S697L,1.0569685101509094,-0.0630367889362633
F691I:S697P,-0.09156763553619385,-1.04201936573274
F691I:S697T,0.036949753761291504,0.562130187529823
F691I:V695A,0.4637000560760498,0.789234403627129
F691I:V695E,0.8833708763122559,-0.326867724126358
F691I:V695G,0.6535017490386963,1.38353771428972
F691I:V695M,-0.3289327621459961,1.06153495815664
F691I:V707A,-0.7762006521224976,-1.51019249091017
F691I:V707E,-3.972196578979492,-2.26502998583675
F691I:V707L,-0.7403801679611206,0.552920034719226
F691I:V707M,-1.8274855613708496,0.856552043918943
F691I:V710A,0.06211423873901367,-2.78241858909241
F691I:V710D,-3.6693520545959473,-3.44149541233935
F691I:V710I,0.06277322769165039,1.07249251754396
F691I:V711A,-0.30898427963256836,-2.69217274473304
F691I:V711D,-3.9140677452087402,-2.89099177033491
F691I:V711F,-0.5962988138198853,-1.99585651797686
F691I:V711G,-1.030663013458252,-4.51578487229837
F691I:V711I,-0.12249863147735596,0.819051031916793
F691I:V711L,0.14989924430847168,-2.45614595791471
F691K,1.7585244178771973,0.942873323325448
F691L,0.7292547225952148,-0.1982455088343046
F691L:A692E,1.1431304812431335,-2.07414485135382
F691L:A692G,0.7506093978881836,0.812299379091361
F691L:A692P,0.6428089141845703,-1.84942055833597
F691L:A692S,0.6857056617736816,-0.384928173207146
F691L:A692T,0.39451420307159424,-1.03146832446994
F691L:A692V,0.2369379997253418,0.206399294261809
F691L:A701E,-0.7832841873168945,-3.99180881053956
F691L:A701G,-0.4046022891998291,-1.19641095141204
F691L:A701P,-0.43963193893432617,-1.17321962604193
F691L:A701S,-0.46967363357543945,-3.34198644714983
F691L:A701T,0.06902146339416504,0.821402934390009
F691L:A701V,0.4324268102645874,1.75990914567711
F691L:A713E,-3.0590097904205322,-3.41691893252147
F691L:A713G,-0.34964728355407715,-3.94298027867574
F691L:A713S,-0.7119245529174805,-0.205370117771667
F691L:A713T,-0.36001157760620117,0.317578112045279
F691L:A713V,0.6953356862068176,0.547910823235661
F691L:D694E,0.48586130142211914,-0.108750523817314
F691L:D694G,0.10747241973876953,0.246933338233128
F691L:D694N,0.18658185005187988,0.317544192367512
F691L:D694V,0.06614518165588379,-1.9198502228341
F691L:D694Y,-0.03807628154754639,-3.96564651563104
F691L:E693A,-0.18745744228363037,1.071175643181
F691L:E693D,0.32402074337005615,-0.241998534775
F691L:E693G,0.07976841926574707,1.90645109876946
F691L:E693K,0.21325087547302246,0.997707055036642
F691L:E693V,-0.5026819705963135,0.248550861225787
F691L:G696A,0.204475998878479,-1.6954980174578
F691L:G696C,-0.9733461141586304,-1.09811871354856
F691L:G696D,0.11869442462921143,-1.56057220649983
F691L:G696R,0.12597167491912842,-2.30851244901209
F691L:G696S,0.5774799585342407,-0.720838335250089
F691L:G696V,-0.005686163902282715,-1.21094357035552
F691L:G700A,-0.4824444055557251,-3.84793852693002
F691L:G700C,-2.813955783843994,-0.948865265261367
F691L:G700D,-1.5152820348739624,-2.41675033047424
F691L:G700S,-0.9113552570343018,-2.1016803604952
F691L:G700V,-1.4525483846664429,-0.033993707470778
F691L:G704E,-3.1528067588806152,-3.31632203297352
F691L:G704R,-2.9460370540618896,-2.13827820949217
F691L:G704V,-1.8688647747039795,-4.26615799835996
F691L:G708A,0.2537841796875,-4.32043922310817
F691L:G708C,-0.9683418273925781,-0.518826840372516
F691L:G708D,-3.0643255710601807,-3.89552959226597
F691L:G708R,-3.033522844314575,-4.33882325148239
F691L:G708S,-0.4088311195373535,-3.13474485814979
F691L:G708V,-0.013176918029785156,-3.5557051462374
F691L:G709A,0.42871981859207153,-3.7338771952352
F691L:G709C,-0.2846353054046631,-0.38902025549272
F691L:G709D,-2.7303266525268555,-2.5358165456566
F691L:G709R,-3.2852206230163574,-3.18357250652718
F691L:G709S,-0.18675529956817627,-2.59092688706015
F691L:G709V,0.5665280222892761,-3.06843539953121
F691L:I702F,-0.9818754196166992,-1.33184451432052
F691L:I702N,-1.8520276546478271,-2.40844289952057
F691L:I702T,-1.1039352416992188,-0.872879406918149
F691L:I702V,-0.15580308437347412,-0.754223298685916
F691L:I703F,-1.3101177215576172,-3.3357374352242
F691L:I703L,-0.7864890098571777,-0.384171470523366
F691L:I703M,-1.4809162616729736,-5.02260247466682
F691L:I703N,-2.959738254547119,-3.0152549280619
F691L:I703S,-1.7682945728302002,-4.80845448626118
F691L:I703T,-1.0480751991271973,-4.06885851655533
F691L:I703V,0.07048296928405762,-2.90812098240194
F691L:I712K,-3.355355739593506,-3.92853835859461
F691L:I712L,0.7942891120910645,-2.29942745585592
F691L:I712M,-0.4138714075088501,-2.40511986234565
F691L:I712T,-0.48089516162872314,-3.76984155630082
F691L:I712V,0.6360857486724854,-3.14233795996666
F691L:K699E,-0.2564643621444702,-2.75147255922038
F691L:K699I,0.3455073833465576,-2.58639805869679
F691L:K699N,-0.0625680685043335,-0.567476317250366
F691L:K699R,0.16601288318634033,-0.414637684591647
F691L:L705F,-0.21996057033538818,-1.74790492397604
F691L:L705H,-2.504654884338379,-3.25490118075857
F691L:L705I,0.5977835655212402,0.745449870734542
F691L:L705P,-0.5557042360305786,-3.92387728531917
F691L:L705R,-1.7631011009216309,-2.30389078272301
F691L:L705V,0.3945949077606201,0.642486420603956
F691L:M706I,1.9435350894927979,-3.40717312841192
F691L:M706K,-2.34234619140625,-3.98180894028669
F691L:M706L,1.1765074729919434,-3.34528344129449
F691L:M706R,-2.1174540519714355,-3.00661410554119
F691L:M706T,1.6507725715637207,-3.99441857445247
F691L:M706V,2.411485433578491,-1.96551339979302
F691L:N698D,-0.10494029521942139,-4.30607927487212
F691L:N698H,-0.2714296579360962,-1.42643596671271
F691L:N698I,-0.9820212125778198,0.24439412815416
F691L:N698K,-0.08412480354309082,-1.15380820378949
F691L:N698S,0.3383546471595764,-3.17882159620525
F691L:N698T,-0.33656156063079834,-3.21732431154804
F691L:N698Y,-0.8900989294052124,-1.34559009673316
F691L:S697A,0.13581621646881104,-3.69545325527232
F691L:S697L,1.2209575772285461,-0.998393765252185
F691L:S697P,0.07242143154144287,-2.4422735090103
F691L:S697T,0.20093882083892822,-0.27751647180174
F691L:V695A,0.6276891231536865,-0.0372101405768517
F691L:V695E,1.0473599433898926,-0.590288104660881
F691L:V695G,0.817490816116333,0.370116484815864
F691L:V695K,1.0028276443481445,-1.27277023799551
F691L:V695L,0.38854265213012695,-0.923594504621293
F691L:V695M,-0.16494369506835938,-0.381478055556185
F691L:V707A,-0.6122115850448608,-2.42779242719867
F691L:V707E,-3.8082075119018555,-3.58329691666378
F691L:V707G,-1.6665294170379639,-3.87022232177736
F691L:V707L,-0.5763911008834839,0.308285819259838
F691L:V707M,-1.663496494293213,-0.252697246241719
F691L:V710A,0.2261033058166504,-3.70208892074747
F691L:V710D,-3.5053629875183105,-4.28639166173727
F691L:V710I,0.2267622947692871,-0.131864853361183
F691L:V710L,0.19600701332092285,-3.31934508146503
F691L:V711A,-0.14499521255493164,-4.00779891587704
F691L:V711D,-3.7500786781311035,-3.43735812690337
F691L:V711F,-0.43230974674224854,-3.35072236462606
F691L:V711G,-0.8666739463806152,-4.08269959074247
F691L:V711I,0.04149043560028076,-2.00260239698579
F691L:V711L,0.3138883113861084,-3.09307824408903
F691M,-0.04093217849731445,-0.156900062776933
F691N,1.2224535942077637,-0.2225103581520459
F691P,1.5096604824066162,-1.40880151099761
F691Q,1.2448785305023193,-0.503714361159459
F691R,1.0532286167144775,-0.2752516816301519
F691S,2.017198324203491,-0.3185144238307247
F691S:A692E,1.7871022820472717,-0.227164079505684
F691S:A692S,1.3296774625778198,-0.660171756186228
F691S:A692T,1.0384860038757324,-2.35587369908523
F691S:A692V,0.88090980052948,-0.210820570338923
F691S:A701E,-0.13931238651275635,-4.88734842873085
F691S:A701G,0.23936951160430908,-2.0796683866798
F691S:A701S,0.17429816722869873,-0.885791382324935
F691S:A701T,0.7129932641983032,0.582692014359338
F691S:A701V,1.0763986110687256,1.50597302001015
F691S:A713E,-2.415037989616394,-3.62344039508027
F691S:A713G,0.29432451725006104,-3.40590471623905
F691S:A713S,-0.06795275211334229,-0.762631389105968
F691S:A713T,0.283960223197937,0.339234069942844
F691S:A713V,1.3393074870109558,0.805887151648011
F691S:D694E,1.1298331022262573,0.0968129451608511
F691S:D694G,0.7514442205429077,0.155666617480746
F691S:D694H,0.5334734916687012,0.225797169179603
F691S:D694N,0.8305536508560181,0.328943272620882
F691S:D694V,0.710116982460022,1.05894101820715
F691S:E693D,0.9679925441741943,-0.0428025058854577
F691S:E693G,0.7237402200698853,0.81541105403518
F691S:E693K,0.8572226762771606,-0.0112524097798038
F691S:E693Q,0.3632783889770508,-0.963764600901626
F691S:E693V,0.1412898302078247,1.03697447034355
F691S:G696A,0.8484477996826172,-1.14090479895358
F691S:G696C,-0.3293743133544922,-0.845504851520382
F691S:G696D,0.7626662254333496,-0.696220874145203
F691S:G696R,0.7699434757232666,0.112903528150061
F691S:G696S,1.221451759338379,-1.07190381755245
F691S:G696V,0.6382856369018555,-1.63573260195252
F691S:G700C,-2.169983983039856,0.102402868224959
F691S:G700D,-0.8713102340698242,-3.87583989631406
F691S:G700S,-0.2673834562301636,-3.59515042887103
F691S:G704E,-2.508834958076477,-3.6798541696156
F691S:G704R,-2.3020652532577515,-2.50446999627152
F691S:G704V,-1.2248929738998413,-1.75223922364609
F691S:G708C,-0.32437002658843994,0.335657197779677
F691S:G708D,-2.4203537702560425,-3.67885956406333
F691S:G708R,-2.389551043510437,-5.07914281934499
F691S:G708S,0.23514068126678467,-3.51051839259777
F691S:G708V,0.630794882774353,-4.08706233145362
F691S:G709A,1.0726916193962097,-1.79590021354915
F691S:G709C,0.3593364953994751,0.925241144700666
F691S:G709D,-2.0863548517227173,-2.39944784149104
F691S:G709R,-2.6412488222122192,-4.69810642909232
F691S:G709S,0.4572165012359619,-1.69558684624488
F691S:G709V,1.2104998230934143,-2.16793070194321
F691S:I702F,-0.33790361881256104,-0.988563688111014
F691S:I702N,-1.208055853843689,-1.97288876670024
F691S:I702T,-0.45996344089508057,-1.82584943903405
F691S:I702V,0.48816871643066406,-0.90997220993803
F691S:I703F,-0.666145920753479,-3.79361012580588
F691S:I703N,-2.315766453742981,-4.27508467312356
F691S:I703T,-0.4041033983230591,-1.54391010199603
F691S:I703V,0.7144547700881958,-1.47912780705429
F691S:I712K,-2.7113839387893677,-3.68532517211034
F691S:I712L,1.4382609128952026,-2.21406220026998
F691S:I712M,0.23010039329528809,-2.18372743670744
F691S:I712T,0.16307663917541504,-4.19522290644881
F691S:I712V,1.2800575494766235,-3.86139251458365
F691S:K699E,0.38750743865966797,-3.67673470583365
F691S:K699I,0.9894791841506958,-1.98131168876065
F691S:K699N,0.5814037322998047,-0.574311378740001
F691S:K699R,0.8099846839904785,-0.102220669668516
F691S:K699T,1.6919390559196472,-1.39955205681117
F691S:L705F,0.42401123046875,-0.372139140411283
F691S:L705H,-1.8606830835342407,-3.0354978841625
F691S:L705I,1.2417553663253784,0.486252885480166
F691S:L705P,0.08826756477355957,-4.29438900190165
F691S:L705V,1.0385667085647583,-0.955381080272536
F691S:M706I,2.587506890296936,-2.43557780446199
F691S:M706K,-1.6983743906021118,-4.56256781737863
F691S:M706L,1.8204792737960815,-3.40924565341646
F691S:M706T,2.294744372367859,-4.85535128236237
F691S:M706V,3.0554572343826294,-0.987313032613487
F691S:N698D,0.5390315055847168,-3.3497817956193
F691S:N698H,0.372542142868042,-0.884393029329082
F691S:N698I,-0.33804941177368164,0.000816924143024
F691S:N698K,0.5598469972610474,-2.89195822241216
F691S:N698S,0.9823264479637146,-0.669032432041901
F691S:N698T,0.30741024017333984,-0.377955198136525
F691S:N698Y,-0.24612712860107422,0.303818199197856
F691S:S697A,0.7797880172729492,-0.102558585796799
F691S:S697L,1.8649293780326843,-0.203763378127202
F691S:S697P,0.716393232345581,-0.72062324593618
F691S:S697T,0.8449106216430664,-0.0268951430635803
F691S:V695A,1.2716609239578247,-0.312302003673822
F691S:V695E,1.6913317441940308,-1.23958909946985
F691S:V695G,1.4614626169204712,-1.3907653595232
F691S:V695M,0.4790281057357788,-0.187953068404507
F691S:V707A,0.031760215759277344,-3.09721201203233
F691S:V707E,-3.1642357110977173,-3.03884313408263
F691S:V707L,0.0675806999206543,-0.123158787534311
F691S:V707M,-1.0195246934890747,-1.30651424520826
F691S:V710A,0.8700751066207886,-3.8315201846151
F691S:V710D,-2.8613911867141724,-5.06032584122046
F691S:V710I,0.8707340955734253,-0.337646032216856
F691S:V711A,0.49897658824920654,-3.58466910082682
F691S:V711D,-3.1061068773269653,-2.99612714602343
F691S:V711I,0.685462236404419,-1.59399134552593
F691T,1.7439970970153809,0.485309869216652
F691V,1.3217029571533203,0.3102451173310365
F691V:A701V,0.7286509275436401,0.142227630224871
F691V:D694E,0.7820854187011719,-0.764104516945398
F691V:E693G,0.3759925365447998,1.8166397126277
F691V:G696C,-0.6771219968795776,-0.549816767705057
F691V:G696D,0.41491854190826416,-4.71463573104353
F691V:G708C,-0.6721177101135254,-0.154904343219901
F691V:G708D,-2.768101453781128,-4.80949876908124
F691V:G709C,0.011588811874389648,-2.20630984793859
F691V:I703T,-0.7518510818481445,-4.47588173007259
F691V:I703V,0.36670708656311035,-2.86254433720587
F691V:I712K,-3.059131622314453,-4.66420487741664
F691V:I712M,-0.11764729022979736,-3.59949414042421
F691V:K699E,0.03975975513458252,-3.40590471623905
F691V:K699N,0.23365604877471924,-1.14995021834199
F691V:L705H,-2.208430767059326,-4.80019140502681
F691V:L705P,-0.2594801187515259,-3.9438272818876
F691V:M706L,1.472731590270996,-3.83588291848844
F691V:N698D,0.19128382205963135,-3.8809065998624
F691V:N698Y,-0.5938748121261597,0.0878321968906043
F691V:S697A,0.43204033374786377,-1.04889141699602
F691V:S697L,1.5171816945075989,-0.527388888085645
F691V:S697T,0.49716293811798096,-2.29814229991348
F691V:V695E,1.3435840606689453,-4.29264132098416
F691V:V707A,-0.3159874677658081,-3.00661410554119
F691W,-1.4144563674926758,-3.04127550348035
F691Y,-0.020441532135009766,-0.126768184727222
F691Y:A692E,0.7682823538780212,-3.67060077760643
F691Y:A692G,0.3757612705230713,-1.37005971778008
F691Y:A692S,0.31085753440856934,-0.288602653272481
F691Y:A692T,0.019666075706481934,-0.639607038593759
F691Y:A692V,-0.1379101276397705,0.832409773935375
F691Y:A701E,-1.1581323146820068,-3.08575189555912
F691Y:A701S,-0.8445217609405518,-2.68694341535977
F691Y:A701T,-0.30582666397094727,1.14491478626624
F691Y:A701V,0.0575786828994751,1.73349381580148
F691Y:A713E,-3.4338579177856445,-2.83213848755598
F691Y:A713G,-0.7244954109191895,-2.69238898840714
F691Y:A713S,-1.0867726802825928,-0.134010483163537
F691Y:A713T,-0.7348597049713135,0.648705942439044
F691Y:A713V,0.3204875588417053,0.695211924850325
F691Y:D694E,0.11101317405700684,0.313526613016631
F691Y:D694G,-0.2673757076263428,-0.332130046281518
F691Y:D694N,-0.18826627731323242,1.12314172734585
F691Y:D694V,-0.3087029457092285,-3.13279176984413
F691Y:D694Y,-0.4129244089126587,-3.4885662789547
F691Y:E693D,-0.05082738399505615,0.449373898370927
F691Y:E693G,-0.29507970809936523,2.25688567580804
F691Y:E693K,-0.16159725189208984,0.551883682199811
F691Y:E693V,-0.8775300979614258,1.22970221009581
F691Y:G696A,-0.1703721284866333,-1.51134689807545
F691Y:G696C,-1.3481942415237427,-0.67480400383791
F691Y:G696D,-0.2561537027359009,-2.36577026741975
F691Y:G696R,-0.2488764524459839,-0.416994966348697
F691Y:G696S,0.20263183116912842,-0.0569054043506818
F691Y:G696V,-0.380534291267395,-1.73366822144035
F691Y:G700A,-0.8572925329208374,-2.65511759865587
F691Y:G700C,-3.1888039112091064,-1.50569978896293
F691Y:G700D,-1.8901301622390747,-3.94148518199001
F691Y:G700R,-1.6986644268035889,-3.27650657376791
F691Y:G700S,-1.286203384399414,-1.77436522966823
F691Y:G700V,-1.8273965120315552,0.34330052367069
F691Y:G704A,-1.2509655952453613,-4.40132388958964
F691Y:G704E,-3.5276548862457275,-3.30268226326785
F691Y:G704R,-3.320885181427002,-3.66415798171531
F691Y:G704V,-2.243712902069092,-3.23241101888754
F691Y:G708A,-0.1210639476776123,-3.63630811354693
F691Y:G708C,-1.3431899547576904,-0.482971961691125
F691Y:G708D,-3.439173698425293,-3.32046374968053
F691Y:G708R,-3.4083709716796875,-3.28470236273122
F691Y:G708S,-0.7836792469024658,-3.23016681135165
F691Y:G708V,-0.38802504539489746,-3.35393523972229
F691Y:G709A,0.05387169122695923,-3.09122968035378
F691Y:G709C,-0.6594834327697754,-0.769567418108835
F691Y:G709D,-3.1051747798919678,-1.42293362145735
F691Y:G709R,-3.6600687503814697,-4.64118217391183
F691Y:G709S,-0.5616034269332886,-3.23719559727518
F691Y:I702F,-1.3567235469818115,-2.80028063196648
F691Y:I702N,-2.2268757820129395,-1.54823392928341
F691Y:I702T,-1.478783369064331,-1.16906996504332
F691Y:I702V,-0.5306512117385864,-1.02815345837493
F691Y:I703F,-1.6849658489227295,-3.6719282247162
F691Y:I703L,-1.16133713722229,-4.02148855048358
F691Y:I703N,-3.3345863819122314,-4.33900672099312
F691Y:I703T,-1.4229233264923096,-4.37481580708399
F691Y:I703V,-0.3043651580810547,-1.75232625030811
F691Y:I712K,-3.730203866958618,-3.35705042040493
F691Y:I712L,0.41944098472595215,-1.44885307674947
F691Y:I712M,-0.7887195348739624,-2.4324174905583
F691Y:I712T,-0.8557432889938354,-3.94251958652498
F691Y:I712V,0.26123762130737305,-3.01508260399494
F691Y:K699E,-0.6313124895095825,-2.59778584534602
F691Y:K699I,-0.029340744018554688,-1.84066491048852
F691Y:K699N,-0.4374161958694458,-0.80681995715527
F691Y:K699Q,-0.5512093305587769,-2.90184166862843
F691Y:K699R,-0.20883524417877197,-1.52385754438427
F691Y:K699T,0.6731191277503967,-1.89021583838485
F691Y:L705F,-0.5948086977005005,-0.848763161224947
F691Y:L705H,-2.879503011703491,-3.18559131699138
F691Y:L705I,0.22293543815612793,0.90576513467362
F691Y:L705P,-0.9305523633956909,-3.17182060086681
F691Y:L705R,-2.137949228286743,-4.39740727169854
F691Y:L705V,0.019746780395507812,-0.523847941047195
F691Y:M706I,1.5686869621276855,-3.1879767199556
F691Y:M706K,-2.7171943187713623,-3.78870527601404
F691Y:M706L,0.801659345626831,-3.12649274570182
F691Y:M706R,-2.492302179336548,-3.29604253603679
F691Y:M706T,1.2759244441986084,-4.11057016423845
F691Y:M706V,2.036637306213379,-2.07072937035666
F691Y:N698D,-0.4797884225845337,-3.95252878082805
F691Y:N698I,-1.3568693399429321,-0.155453062327972
F691Y:N698S,-0.03649348020553589,-3.01649719844115
F691Y:N698T,-0.7114096879959106,-3.25700383147743
F691Y:N698Y,-1.2649470567703247,-2.15949725440632
F691Y:S697A,-0.23903191089630127,-0.576944716082561
F691Y:S697L,0.8461094498634338,-1.55759139193872
F691Y:S697P,-0.30242669582366943,-3.53584319252773
F691Y:S697T,-0.17390930652618408,-0.141596741006937
F691Y:V695A,0.2528409957885742,-0.116237075967291
F691Y:V695E,0.6725118160247803,-1.21754883530763
F691Y:V695G,0.4426426887512207,-0.575815388742247
F691Y:V695L,0.013694524765014648,-0.896431480833039
F691Y:V695M,-0.5397918224334717,0.43158387196799
F691Y:V707A,-0.9870597124099731,-2.2357553653524
F691Y:V707E,-4.183055639266968,-3.57918287249348
F691Y:V707G,-2.041377544403076,-3.8809065998624
F691Y:V707L,-0.9512392282485962,0.375839595598065
F691Y:V707M,-2.038344621658325,-0.149641396343633
F691Y:V710A,-0.14874482154846191,-3.51860876563484
F691Y:V710D,-3.880211114883423,-3.64485535318014
F691Y:V710I,-0.1480858325958252,0.427541076298232
F691Y:V710L,-0.17884111404418945,-3.36757259606655
F691Y:V711A,-0.519843339920044,-3.81516142128602
F691Y:V711D,-4.124926805496216,-3.71988969597406
F691Y:V711F,-0.8071578741073608,-3.61929676772039
F691Y:V711G,-1.2415220737457275,-4.28092815433918
F691Y:V711I,-0.33335769176483154,-1.41918203671115
F691Y:V711L,-0.060959815979003906,-4.83472184944985
G680A,-0.1793689727783203,0.058496417274247
G680A:A701V,-0.021885037422180176,0.762726277451851
G680A:F690I,-0.04103255271911621,-0.377008023303377
G680A:F691C,-1.0049359798431396,-4.86644174391153
G680A:F691L,0.27494287490844727,-1.69650903608593
G680A:G696D,-0.33561742305755615,-4.22810279984658
G680A:G708C,-1.4226536750793457,-2.49362737156406
G680A:G709C,-0.7389471530914307,-2.60316070087652
G680A:G709S,-0.6410671472549438,-3.06304406018449
G680A:I703F,-1.7644295692443848,-4.13838140739233
G680A:I712L,0.3399772644042969,-2.78229431119429
G680A:I712V,0.18177390098571777,-3.43697521092644
G680A:K687I,-1.2048602104187012,-2.85505366547671
G680A:K687N,-0.09619021415710449,-2.04530228135294
G680A:K699E,-0.7107762098312378,-4.99821102154266
G680A:K699I,-0.10880446434020996,-3.15320703779579
G680A:K699R,-0.28829896450042725,-1.17280424406289
G680A:N698D,-0.559252142906189,-2.93451783683096
G680A:V683A,-0.0996546745300293,-1.85554367033658
G680A:V711A,-0.5993070602416992,-4.62911355760537
G680C,-3.39530348777771,-0.158776873369839
G680D,0.5137500762939453,-0.7598817301020004
G680E,0.535933256149292,-0.81440605660277
G680E:A692E,1.0464697480201721,-4.80845448626118
G680E:A692V,0.14027726650238037,-1.04753709231528
G680E:A701T,-0.027639269828796387,-0.834020826983365
G680E:A701V,0.335766077041626,1.37456895697172
G680E:A713S,-0.8085852861404419,-2.40346264262136
G680E:A713T,-0.4566723108291626,-0.736009230738899
G680E:A713V,0.5986749529838562,0.170511164684686
G680E:D694E,0.3892005681991577,-0.304906493820313
G680E:E682D,0.38356149196624756,-0.169317051504953
G680E:E682G,0.2794985771179199,-0.179707722538763
G680E:E682V,0.13895392417907715,-0.240655780203856
G680E:E693D,0.22736001014709473,-0.739456078645117
G680E:E693G,-0.016892313957214355,1.53761484673572
G680E:E693V,-0.5993427038192749,0.125065469366724
G680E:F690I,0.31661856174468994,0.374805541623649
G680E:F690L,0.6399997472763062,-2.14350689246297
G680E:F690Y,0.5142134428024292,-0.797696648915732
G680E:F691I,0.4686049222946167,-0.399264230259742
G680E:F691L,0.6325939893722534,-1.8998816114855
G680E:F691Y,0.2577458620071411,-0.582099775954153
G680E:G696C,-1.0700068473815918,-1.85610848922251
G680E:G700C,-2.9106165170669556,-1.08068593896053
G680E:G700S,-1.0080159902572632,-4.79341660889664
G680E:G704E,-3.2494674921035767,-3.84793852693002
G680E:G704R,-3.042697787284851,-3.7419384261133
G680E:G708C,-1.0650025606155396,-1.65484746981344
G680E:G708S,-0.5054918527603149,-2.41525931433368
G680E:G709C,-0.3812960386276245,-1.81355363853156
G680E:G709D,-2.826987385749817,-3.96830399580822
G680E:G709S,-0.2834160327911377,-2.19345058368439
G680E:H684L,0.559406042098999,-0.797503880520988
G680E:H684Q,0.5033988952636719,-2.6252617581825
G680E:H684R,0.47671782970428467,-0.892631881718973
G680E:H684Y,-0.09577512741088867,-2.42831115892126
G680E:H685L,0.13382840156555176,-2.34639211816509
G680E:H685N,0.4758446216583252,-3.21551393355165
G680E:H685Q,0.4570051431655884,-2.39546102166915
G680E:H685R,0.5023804903030396,-1.19534200913335
G680E:I702F,-1.0785361528396606,-2.1504133733128
G680E:I702T,-1.2005959749221802,-1.94902073601369
G680E:I702V,-0.25246381759643555,-2.27608757553082
G680E:I703N,-3.0563989877700806,-4.57807367851887
G680E:I703T,-1.1447359323501587,-4.09734910140611
G680E:I712K,-3.4520164728164673,-4.61022371760011
G680E:I712L,0.697628378868103,-2.1186103214668
G680E:I712T,-0.5775558948516846,-2.36474967743152
G680E:I712V,0.5394250154495239,-3.19433272080253
G680E:K687E,0.45126473903656006,-3.25658373572251
G680E:K687I,-0.847209095954895,-4.01600908471896
G680E:K687Q,0.1360788345336914,-0.408701284298834
G680E:K687R,0.18808519840240479,-2.31031378464969
G680E:K699E,-0.35312509536743164,-2.72211521209872
G680E:K699I,0.2488466501235962,-2.84761799183938
G680E:K699N,-0.15922880172729492,-0.785273671670445
G680E:K699R,0.0693521499633789,-1.94736714434311
G680E:L688F,-0.06777441501617432,-0.467164167625601
G680E:L688M,0.00245511531829834,-1.35716253146348
G680E:L688S,1.1019929647445679,-0.8909158972729
G680E:L688V,0.5045382976531982,-0.835563480927543
G680E:L705H,-2.6013156175613403,-3.72046657608133
G680E:L705I,0.5011228322982788,-0.119964915492147
G680E:L705P,-0.65236496925354,-5.20893205285831
G680E:M706I,1.8468743562698364,-4.40132388958964
G680E:M706K,-2.4390069246292114,-4.13999676712298
G680E:M706L,1.079846739768982,-4.24978951235119
G680E:M706V,2.31482470035553,-3.10484528401204
G680E:N698D,-0.2016010284423828,-3.37989578047413
G680E:N698I,-1.0786819458007812,-1.19781814478593
G680E:N698S,0.241693913936615,-4.13066490708607
G680E:N698Y,-0.9867596626281738,-0.74880163942987
G680E:Q686H,0.16532385349273682,-1.2781025767219
G680E:Q686L,-0.27005302906036377,-0.551956716689387
G680E:Q686R,0.5679086446762085,-3.15479597561139
G680E:S697L,1.1242968440055847,-1.86187395167406
G680E:S697P,-0.024239301681518555,-4.12739483607148
G680E:V683A,0.25799643993377686,-1.10050758514478
G680E:V683D,0.5311684608459473,-1.67827660395927
G680E:V683I,0.06529581546783447,-1.21830495120643
G680E:V689A,0.5988060235977173,-3.97386146579214
G680E:V689E,0.863694429397583,-0.507416067083312
G680E:V695A,0.5310283899307251,-1.76166836372976
G680E:V695E,0.9506992101669312,-3.0356166224406
G680E:V695G,0.7208300828933716,-2.68345948536667
G680E:V695M,-0.2616044282913208,-2.45322874288156
G680E:V707A,-0.7088723182678223,-2.55346338124674
G680E:V707E,-3.904868245124817,-3.91286882557588
G680E:V710D,-3.602023720741272,-4.64118217391183
G680E:V711A,-0.24165594577789307,-3.65725423351124
G680E:V711D,-3.846739411354065,-4.45390946858028
G680E:Y681C,-0.9550987482070923,-1.00064323128699
G680E:Y681F,0.44502174854278564,-1.5950147791769
G680F,-0.9346311092376709,0.355840674135154
G680H,-0.7964704036712646,0.530211797990401
G680I,-0.7716834545135498,0.471379794883097
G680K,-0.05395150184631348,0.827860093430058
G680L,-0.4329793453216553,-0.6489553917111981
G680M,-1.5115673542022705,-0.657015330386502
G680N,-0.22416353225708008,0.241387419355111
G680P,-0.09900903701782227,1.1712642986356
G680Q,-0.5323061943054199,0.716447621702349
G680R,-0.3967020511627197,0.5245292611851164
G680R:A692T,-0.16846418380737305,0.0014004310893418
G680R:A701T,-0.49395692348480225,1.32319076804712
G680R:A701V,-0.13055157661437988,1.71069280167921
G680R:D694E,-0.07711708545684814,-0.684699846466821
G680R:E682D,-0.0827561616897583,0.528867833986077
G680R:E682G,-0.18681907653808594,0.242097022463525
G680R:E682V,-0.3273637294769287,-0.259665705138346
G680R:E693D,-0.23895764350891113,0.502190669961633
G680R:E693G,-0.4832099676132202,1.88853182888709
G680R:E693K,-0.3497275114059448,-1.21994800629404
G680R:E693V,-1.0656603574752808,-0.0969442645017669
G680R:F690I,-0.14969909191131592,0.935033952068005
G680R:F690L,0.1736820936203003,0.200165014123774
G680R:F690S,1.143825650215149,-2.33473071184854
G680R:F691I,0.00228726863861084,0.686851845661206
G680R:F691L,0.16627633571624756,0.267870022094218
G680R:F691S,0.8102481365203857,-0.766280796367994
G680R:F691Y,-0.20857179164886475,-0.168925840931835
G680R:G696S,0.014501571655273438,-1.22314168594449
G680R:G700D,-2.0782604217529297,-3.89959873287455
G680R:G704R,-3.509015440940857,-3.24281919648548
G680R:G708C,-1.5313202142715454,-1.82603374731809
G680R:G708S,-0.9718095064163208,-3.03737522227067
G680R:G708V,-0.5761553049087524,-4.10627682329822
G680R:G709C,-0.8476136922836304,-0.70418161424983
G680R:G709D,-3.2933050394058228,-3.27099007345217
G680R:G709S,-0.7497336864471436,-0.834020826983365
G680R:H684L,0.09308838844299316,-1.33103824433401
G680R:H684Q,0.037081241607666016,0.507120514389705
G680R:H684R,0.010400176048278809,-0.552738760385403
G680R:H685L,-0.3324892520904541,-0.375358383152772
G680R:H685R,0.03606283664703369,-0.215466870753956
G680R:I702V,-0.7187814712524414,-0.924570559580614
G680R:I703T,-1.6110535860061646,-4.32945529410687
G680R:I703V,-0.49249541759490967,-0.253104995257049
G680R:I712K,-3.918334126472473,-2.84011214366962
G680R:I712L,0.23131072521209717,-0.965206591802122
G680R:I712T,-1.0438735485076904,-1.36457703148943
G680R:I712V,0.07310736179351807,-3.03353499484277
G680R:K687E,-0.0150529146194458,-1.57287616237112
G680R:K687I,-1.3135267496109009,-2.93610961208741
G680R:K687N,-0.2048567533493042,-0.519678749659677
G680R:K687R,-0.2782324552536011,-2.30925921351696
G680R:K699E,-0.8194427490234375,-3.57076555156725
G680R:K699I,-0.21747100353240967,-1.40000440082237
G680R:K699N,-0.6255464553833008,-0.634812414407049
G680R:K699R,-0.39696550369262695,-0.249697261003423
G680R:L688S,0.635675311088562,-0.0348490033919968
G680R:L705H,-3.067633271217346,-2.43150970689264
G680R:M706K,-2.9053245782852173,-3.79633385944756
G680R:M706L,0.6135290861129761,-3.54820084603666
G680R:N698D,-0.6679186820983887,-4.06949776966994
G680R:N698I,-1.544999599456787,-0.115626571207555
G680R:N698Y,-1.4530773162841797,-0.114808650106592
G680R:Q686H,-0.30099380016326904,0.15216324962984
G680R:Q686L,-0.7363706827163696,0.884814723695027
G680R:Q686R,0.10159099102020264,-2.36934097051621
G680R:S697P,-0.4905569553375244,-2.03776275373598
G680R:S697T,-0.36203956604003906,-1.12344925747897
G680R:V683A,-0.208321213722229,-1.35904082853717
G680R:V683D,0.0648508071899414,-1.44644078140113
G680R:V689A,0.13248836994171143,-0.307548108449008
G680R:V689E,0.39737677574157715,-0.863273062355303
G680R:V689G,0.418484091758728,-3.25658373572251
G680R:V689M,-0.5909279584884644,-3.76039895220872
G680R:V695A,0.06471073627471924,0.327796337134725
G680R:V695E,0.4843815565109253,-0.743656055324014
G680R:V695M,-0.7279220819473267,-1.22672656788017
G680R:V707L,-1.1393694877624512,-1.73896470586263
G680R:V707M,-2.22647488117218,-1.16141868602685
G680R:V710A,-0.3368750810623169,-3.37060037651974
G680R:V710D,-4.068341374397278,-3.76039895220872
G680R:V711D,-4.313057065010071,-3.63846309799952
G680R:Y681F,-0.021295905113220215,-0.816122442580763
G680R:Y681N,0.3711690902709961,0.0568091432551139
G680S,0.3020663261413574,-2.136543952659115
G680T,-0.22445011138916016,0.076163679972186
G680V,-0.20238471031188965,-0.527781354952872
G680V:A701T,-0.3967982530593872,1.06630066738032
G680V:A701V,-0.033392906188964844,0.580861959814166
G680V:A713S,-1.1777442693710327,-2.09757743899314
G680V:A713V,0.22951596975326538,-0.216698051521976
G680V:D694E,0.020041584968566895,-0.0179941538520868
G680V:D694G,-0.3583472967147827,-0.242666035775859
G680V:E682D,0.014402508735656738,-1.75599061339859
G680V:E682G,-0.0896604061126709,-0.874108617905479
G680V:E682V,-0.23020505905151367,-0.944385665424647
G680V:E693D,-0.1417989730834961,-0.514404592370552
G680V:E693G,-0.3860512971878052,2.16926897885955
G680V:E693V,-0.9685016870498657,-1.49262639631364
G680V:F690I,-0.05254042148590088,0.455901013183553
G680V:F690L,0.27084076404571533,-0.289726052077143
G680V:F691I,0.09944593906402588,-0.476501251295079
G680V:F691L,0.2634350061416626,-1.23312008520912
G680V:F691S,0.9074068069458008,-0.398871504304774
G680V:F691Y,-0.11141312122344971,-1.53137571900759
G680V:G696C,-1.4391658306121826,-1.93865226524783
G680V:G696S,0.11166024208068848,-0.0037561038886046
G680V:G700C,-3.2797755002975464,-2.22873061103182
G680V:G708C,-1.4341615438461304,-1.05796981857809
G680V:G708D,-3.530145287513733,-3.70396899756541
G680V:G708S,-0.8746508359909058,-2.75928681553788
G680V:G709C,-0.7504550218582153,-1.73166498463458
G680V:G709D,-3.1961463689804077,-3.19901657382708
G680V:G709S,-0.6525750160217285,-2.91758604737224
G680V:H684L,0.1902470588684082,-3.24843099920756
G680V:H684Q,0.13423991203308105,-1.98619394212268
G680V:H684R,0.10755884647369385,-1.21078888421086
G680V:H685L,-0.23533058166503906,0.653111884321724
G680V:H685Q,0.08784615993499756,-2.37176816215056
G680V:H685R,0.13322150707244873,-1.67827660395927
G680V:I702F,-1.4476951360702515,-3.58399082261948
G680V:I702N,-2.3178473711013794,-2.78695089137244
G680V:I702V,-0.6216228008270264,-0.835844106778148
G680V:I703T,-1.5138949155807495,-4.66948799351086
G680V:I712K,-3.821175456047058,-2.68935229531644
G680V:I712L,0.3284693956375122,-2.6766372806497
G680V:I712M,-0.8796911239624023,-3.38840739791894
G680V:I712T,-0.9467148780822754,-4.0452439103372
G680V:I712V,0.1702660322189331,-3.34184166438202
G680V:K687E,0.08210575580596924,-2.22511423625638
G680V:K687I,-1.2163680791854858,-2.04224198116068
G680V:K687N,-0.10769808292388916,-0.313497057756024
G680V:K687R,-0.18107378482818604,-2.36568916816027
G680V:K699E,-0.7222840785980225,-1.98768112970451
G680V:K699I,-0.12031233310699463,-2.84960782220689
G680V:K699N,-0.5283877849578857,-1.13082559354459
G680V:K699R,-0.2998068332672119,-0.48759720577035
G680V:L688S,0.732833981513977,-1.19534200913335
G680V:L705H,-2.970474600791931,-3.65016285014495
G680V:L705P,-1.0215239524841309,-3.10752774563197
G680V:M706I,1.4777153730392456,-2.45907482807306
G680V:M706K,-2.8081659078598022,-5.53101555202742
G680V:M706L,0.7106877565383911,-4.39925105604241
G680V:M706V,1.945665717124939,-2.04314001602874
G680V:N698D,-0.5707600116729736,-3.81620892950241
G680V:N698S,-0.12746506929397583,-4.91911253132053
G680V:N698Y,-1.3559186458587646,0.701898346304875
G680V:Q686H,-0.203835129737854,0.143708581837217
G680V:Q686L,-0.6392120122909546,0.845226223794873
G680V:Q686R,0.19874966144561768,-2.14355658868158
G680V:S697A,-0.3300034999847412,-0.885994334554435
G680V:S697P,-0.3933982849121094,-2.18258405107072
G680V:S697T,-0.264880895614624,-0.880156943129749
G680V:V683A,-0.11116254329681396,-1.67891931750302
G680V:V689A,0.22964704036712646,-2.20992500846432
G680V:V689E,0.4945354461669922,-0.9684348023956
G680V:V689M,-0.4937692880630493,-1.68554647502248
G680V:V695A,0.16186940670013428,-1.44594462659065
G680V:V695E,0.5815402269363403,-1.04931102949427
G680V:V707A,-1.078031301498413,-2.20992500846432
G680V:V707E,-4.274027228355408,-3.53034943850207
G680V:V707M,-2.129316210746765,-0.691220421720695
G680V:V710A,-0.23971641063690186,-4.64681313470477
G680V:V710I,-0.23905742168426514,-1.26516034911558
G680V:V711A,-0.6108149290084839,-4.35214754395655
G680V:V711D,-4.215898394584656,-3.5215325989545
G680V:Y681C,-1.324257731437683,-4.28885386008003
G680V:Y681F,0.07586276531219482,-1.39955205681117
G680V:Y681N,0.46832776069641113,-2.5008818517561
G680W,-2.530963659286499,0.2332146388388567
G680Y,-1.2142212390899658,-0.505858435933835
G696A,-0.32030272483825684,-0.4492229580670285
G696A:G700C,-3.33873450756073,-2.15931892215016
G696A:G708C,-1.493120551109314,-2.31674045824516
G696A:G709C,-0.8094140291213989,-3.73925608279937
G696A:I703T,-1.572853922843933,-3.84793852693002
G696A:I712K,-3.8801344633102417,-4.27416036232415
G696A:K699E,-0.781243085861206,-3.81755639414596
G696A:K699N,-0.5873467922210693,-4.45775384423295
G696A:L705H,-3.0294336080551147,-3.0305165792937
G696A:S697T,-0.3238399028778076,-1.13764885282323
G696A:V707E,-4.332986235618591,-3.56559258874853
G696A:V710I,-0.29801642894744873,-2.78211597369144
G696A:V711D,-4.274857401847839,-3.8424403190346
G696C,-2.6759469509124756,-0.094967722212649
G696C:A701E,-2.4858850240707397,-3.40590471623905
G696C:A701P,-2.1422327756881714,-0.822958578558267
G696C:A701S,-2.1722744703292847,-2.31180891341262
G696C:A701T,-1.6335793733596802,-0.674751688219813
G696C:A701V,-1.2701740264892578,1.40655286721805
G696C:A713E,-4.761610627174377,-3.52502515719442
G696C:A713G,-2.0522481203079224,-4.2413480265966
G696C:A713S,-2.4145253896713257,-1.10199529143444
G696C:A713T,-2.0626124143600464,-0.482209952053819
G696C:A713V,-1.0072651505470276,-0.034824858798821
G696C:G700C,-4.516556620597839,-1.81682717121537
G696C:G700D,-3.2178828716278076,-3.74217213642585
G696C:G700S,-2.613956093788147,-0.187601469645306
G696C:G704E,-4.8554075956344604,-1.88261276801065
G696C:G704R,-4.648637890815735,-4.59051768073176
G696C:G708C,-2.6709426641464233,-1.76916672179143
G696C:G708D,-4.766926407814026,-4.59561704306534
G696C:G708S,-2.1114319562911987,-2.34802308870866
G696C:G708V,-1.7157777547836304,-2.41263990471882
G696C:G709C,-1.9872361421585083,-2.84435514975278
G696C:G709D,-4.432927489280701,-1.75263192705061
G696C:G709S,-1.8893561363220215,-3.12960544658834
G696C:I702F,-2.6844762563705444,-2.4910530897912
G696C:I702N,-3.5546284914016724,-2.10462173515793
G696C:I702T,-2.806536078453064,-3.44969643454961
G696C:I702V,-1.8584039211273193,-1.50087390419634
G696C:I703F,-3.0127185583114624,-4.03799509296126
G696C:I703N,-4.662339091300964,-5.22502993436175
G696C:I703T,-2.7506760358810425,-4.52897204587684
G696C:I703V,-1.6321178674697876,-3.84086095310034
G696C:I712K,-5.057956576347351,-4.2257071472869
G696C:I712L,-0.9083117246627808,-1.92986958270728
G696C:I712M,-2.1164722442626953,-1.50631889219925
G696C:I712T,-2.1834959983825684,-3.71847547159875
G696C:I712V,-1.0665150880813599,-3.93644444103652
G696C:K699E,-1.9590651988983154,-2.95272751623761
G696C:K699I,-1.3570934534072876,-2.77551174381789
G696C:K699N,-1.7651689052581787,-1.26470566464393
G696C:K699R,-1.5365879535675049,-1.47756158453931
G696C:K699T,-0.6546335816383362,-4.20107412745867
G696C:L705F,-1.9225614070892334,-1.34073996170364
G696C:L705H,-4.207255721092224,-3.29299104810451
G696C:L705I,-1.104817271232605,0.0013680583427579
G696C:L705P,-2.258305072784424,-2.9324649858071
G696C:M706I,0.24093425273895264,-3.13031301782832
G696C:M706K,-4.044947028160095,-4.09133605329912
G696C:M706L,-0.5260933637619019,-3.21451729360164
G696C:M706T,-0.05182826519012451,-3.66132715273518
G696C:M706V,0.708884596824646,-2.84260387287373
G696C:N698D,-1.8075411319732666,-4.6045525390316
G696C:N698I,-2.684622049331665,-2.72948134509626
G696C:N698K,-1.786725640296936,-2.04530228135294
G696C:N698S,-1.3642461895942688,-4.75628704677239
G696C:N698Y,-2.5926997661590576,-2.67124426410115
G696C:S697L,-0.4816432595252991,1.22138461839057
G696C:S697P,-1.6301794052124023,-0.635064001263116
G696C:S697T,-1.501662015914917,0.297821608847885
G696C:V707A,-2.314812421798706,-3.63968915432428
G696C:V707E,-5.510808348655701,-2.99564057743373
G696C:V707M,-3.366097331047058,-1.15612344342752
G696C:V710A,-1.4764975309371948,-4.05571309933969
G696C:V710D,-5.207963824272156,-3.72469566825553
G696C:V710I,-1.475838541984558,-0.259696312625457
G696C:V711A,-1.8475960493087769,-3.44579009607072
G696C:V711D,-5.452679514884949,-4.39848302098371
G696C:V711I,-1.6611104011535645,-2.85622155820541
G696D,-0.491865873336792,-2.00001327195194
G696D:A701E,-1.393844485282898,-4.66420487741664
G696D:A701S,-1.0802339315414429,-4.74259880236143
G696D:A701T,-0.5415388345718384,-1.90760015393815
G696D:A701V,-0.17813348770141602,0.661891367856934
G696D:A713E,-3.6695700883865356,-3.72465728337822
G696D:A713S,-1.3224848508834839,-2.62177202575241
G696D:A713T,-0.9705718755722046,-3.13934250740691
G696D:A713V,0.08477538824081421,-0.471883186470522
G696D:G700C,-3.4245160818099976,-1.92289141451097
G696D:G700D,-2.125842332839966,-4.49558216498085
G696D:G704E,-3.7633670568466187,-0.535939270531458
G696D:G708C,-1.5789021253585815,-1.90516003902837
G696D:G708D,-3.674885869026184,-5.39125360965226
G696D:G708S,-1.019391417503357,-3.75428300362075
G696D:G708V,-0.6237372159957886,-4.40132388958964
G696D:G709C,-0.8951956033706665,-3.87430668646519
G696D:G709D,-3.340886950492859,-3.98123197820373
G696D:G709S,-0.7973155975341797,-4.17199211592577
G696D:I702F,-1.5924357175827026,-3.92515546083297
G696D:I702N,-2.4625879526138306,-3.70396899756541
G696D:I702T,-1.7144955396652222,-3.21507986956144
G696D:I702V,-0.7663633823394775,-4.14879554104114
G696D:I703F,-1.9206780195236206,-4.69810642909232
G696D:I703T,-1.6586354970932007,-3.20356767110588
G696D:I703V,-0.5400773286819458,-4.47496287777811
G696D:I712K,-3.9659160375595093,-4.60358599572826
G696D:I712L,0.18372881412506104,-3.92974668446225
G696D:I712M,-1.0244317054748535,-2.59354284191853
G696D:I712T,-1.0914554595947266,-4.95495935200555
G696D:I712V,0.025525450706481934,-2.84190525924161
G696D:K699E,-0.8670246601104736,-4.20628211296999
G696D:K699I,-0.2650529146194458,-2.74701724608549
G696D:K699N,-0.6731283664703369,-3.49237765279891
G696D:K699R,-0.4445474147796631,-2.99448389482151
G696D:L705F,-0.8305208683013916,-2.14554640720894
G696D:L705H,-3.1152151823043823,-4.51900672128893
G696D:L705P,-1.166264533996582,-3.6738998589928
G696D:M706I,1.3329747915267944,-2.59401681098857
G696D:M706K,-2.9529064893722534,-4.23709449915628
G696D:M706L,0.5659471750259399,-4.17843675959648
G696D:M706T,1.0402122735977173,-5.56774033765684
G696D:M706V,1.8009251356124878,-3.18606823530569
G696D:N698D,-0.7155005931854248,-4.99062909173494
G696D:N698I,-1.5925815105438232,-2.44959881981219
G696D:N698S,-0.272205650806427,-4.0453398833109
G696D:N698Y,-1.5006592273712158,-0.86108304725235
G696D:S697L,0.6103972792625427,-0.0380907419715198
G696D:S697P,-0.5381388664245605,-3.88577629272003
G696D:S697T,-0.4096214771270752,-2.46556353044624
G696D:V707A,-1.2227718830108643,-3.4206661360278
G696D:V707E,-4.418767809867859,-5.26892094591838
G696D:V707L,-1.1869513988494873,-0.352447438589313
G696D:V707M,-2.2740567922592163,-1.43821828379563
G696D:V710A,-0.384456992149353,-4.88380819160121
G696D:V710D,-4.115923285484314,-5.3482830036838
G696D:V710I,-0.3837980031967163,-2.26407790477999
G696D:V710L,-0.41455328464508057,-4.36186508927536
G696D:V711A,-0.7555555105209351,-1.92825554987764
G696D:V711D,-4.360638976097107,-5.23422926231308
G696D:V711G,-1.4772342443466187,-4.59274591343449
G696D:V711I,-0.5690698623657227,-4.11200044738402
G696E,-0.21515202522277832,-1.93355688498987
G696F,-0.3856492042541504,-0.1830456928448349
G696H,-1.0813922882080078,-0.740962157151785
G696I,-1.020972490310669,0.120725823296488
G696K,0.1733081340789795,1.32759404900796
G696L,-0.31424379348754883,-1.79174843276363
G696M,-1.582305669784546,0.0734219287088394
G696N,-0.5941288471221924,0.1664713262815178
G696P,-0.2088611125946045,-3.08063712696236
G696Q,-0.8787858486175537,0.0025349761092477
G696R,-0.477311372756958,0.1455287651443297
G696R:A701G,-1.0078853368759155,-3.68443303529654
G696R:A701T,-0.5342615842819214,1.42458959545556
G696R:A701V,-0.17085623741149902,1.1942028090227
G696R:G700C,-3.4172388315200806,-0.603761866870219
G696R:G708C,-1.5716248750686646,-3.33605441620757
G696R:G709C,-0.8879183530807495,-1.81728799251414
G696R:G709D,-3.333609700202942,-3.44001206540139
G696R:G709S,-0.7900383472442627,-3.71884256782936
G696R:I702N,-2.4553107023239136,-3.7419384261133
G696R:I702V,-0.7590861320495605,-1.05503444725207
G696R:I703N,-3.5630213022232056,-4.55209103295285
G696R:I703T,-1.6513582468032837,-4.20107412745867
G696R:I712K,-3.9586387872695923,-4.76979155080399
G696R:I712L,0.19100606441497803,-3.45851642715379
G696R:I712V,0.032802700996398926,-1.58640380460985
G696R:K699E,-0.8597474098205566,-3.81383117776768
G696R:K699I,-0.2577756643295288,-4.82153859302239
G696R:K699N,-0.6658511161804199,-1.6153627785487
G696R:K699R,-0.4372701644897461,0.356239160611643
G696R:L705H,-3.1079379320144653,-3.09740991810984
G696R:M706K,-2.9456292390823364,-3.89959873287455
G696R:M706L,0.5732244253158569,-4.95321988048287
G696R:M706T,1.0474895238876343,-3.92846712941516
G696R:N698D,-0.7082233428955078,-1.80230522082587
G696R:N698Y,-1.4933819770812988,-0.950555793111682
G696R:S697L,0.6176745295524597,-0.214826060713265
G696R:S697T,-0.4023442268371582,-2.65503253158336
G696R:V707A,-1.2154946327209473,-2.46828986970341
G696R:V707E,-4.411490559577942,-3.08117194602413
G696R:V707M,-2.2667795419692993,-0.444899968022239
G696S,0.4257051944732666,0.1865444176263606
G696S:A701E,-0.9350589513778687,-3.41155908326249
G696S:A701S,-0.6214483976364136,-3.55854060511627
G696S:A701T,-0.08275330066680908,1.27286368044859
G696S:A701V,0.2806520462036133,2.31889227803348
G696S:A713S,-0.8636993169784546,-0.741165078734812
G696S:A713T,-0.5117863416671753,0.810672965870458
G696S:A713V,0.5435609221458435,-0.226361176999066
G696S:G700C,-2.9657305479049683,-1.04935672814962
G696S:G700D,-1.6670567989349365,-3.53015423350573
G696S:G700S,-1.0631300210952759,-3.25406541039142
G696S:G704E,-3.3045815229415894,-2.75695503766708
G696S:G704R,-3.0978118181228638,-3.30235086518235
G696S:G708C,-1.1201165914535522,-1.07962410272833
G696S:G708D,-3.216100335121155,-4.51547931031172
G696S:G708S,-0.5606058835983276,-3.17112222177348
G696S:G709C,-0.4364100694656372,-2.27015444604578
G696S:G709D,-2.8821014165878296,-1.40588474387823
G696S:G709S,-0.3385300636291504,-3.0221016694011
G696S:I702F,-1.1336501836776733,-0.679513803925534
G696S:I702N,-2.0038024187088013,-2.14040184223075
G696S:I702T,-1.2557100057601929,-3.10803319278994
G696S:I702V,-0.30757784843444824,-0.65565742094388
G696S:I703F,-1.4618924856185913,-3.04159442836234
G696S:I703N,-3.1115130186080933,-2.85544424305344
G696S:I703T,-1.1998499631881714,-4.23684231221292
G696S:I703V,-0.0812917947769165,-3.09890602972993
G696S:I712K,-3.50713050365448,-2.81315866344327
G696S:I712L,0.6425143480300903,-1.42528099459766
G696S:I712M,-0.5656461715698242,-2.42867198573394
G696S:I712T,-0.6326699256896973,-3.68275843715069
G696S:I712V,0.48431098461151123,-2.10215122979973
G696S:K699E,-0.40823912620544434,-3.06530535729134
G696S:K699I,0.1937326192855835,-2.70313238339254
G696S:K699N,-0.21434283256530762,-0.973301744221139
G696S:K699R,0.014238119125366211,-0.0703077675343271
G696S:L705F,-0.3717353343963623,-0.251686295426476
G696S:L705H,-2.656429648399353,-3.30433163944578
G696S:L705P,-0.7074790000915527,-3.8382607488018
G696S:M706I,1.7917603254318237,-2.38907334707802
G696S:M706K,-2.494120955467224,-3.67912239453707
G696S:M706L,1.0247327089309692,-2.57079895611018
G696S:M706T,1.4989978075027466,-3.90089060659503
G696S:M706V,2.259710669517517,-1.51546868940988
G696S:N698D,-0.2567150592803955,-2.59075579734864
G696S:N698I,-1.133795976638794,-0.334508975069911
G696S:N698S,0.1865798830986023,-2.65768628937561
G696S:N698T,-0.48833632469177246,-1.19998097278155
G696S:N698Y,-1.0418736934661865,-0.951828717590554
G696S:S697P,-0.07935333251953125,-1.98626907592098
G696S:S697T,0.0491640567779541,-0.393412313006061
G696S:V707A,-0.763986349105835,-3.35785684063041
G696S:V707E,-3.9599822759628296,-3.55032780591147
G696S:V707L,-0.728165864944458,0.222916706314249
G696S:V707M,-1.815271258354187,-0.381711511999734
G696S:V710A,0.07432854175567627,-3.33553549411803
G696S:V710D,-3.6571377515792847,-4.06135002690681
G696S:V710I,0.07498753070831299,0.546458586232381
G696S:V711A,-0.29676997661590576,-4.09800272395087
G696S:V711D,-3.9018534421920776,-4.22774579397365
G696S:V711I,-0.11028432846069336,-1.55959156853294
G696T,-0.3089287281036377,-1.4557373382709335
G696V,-0.7406270503997803,-0.2748327872048766
G696V:A701T,-0.6659194231033325,1.00059989253202
G696V:G700C,-3.5488966703414917,-3.58062242488578
G696V:G704R,-3.680977940559387,-3.68443303529654
G696V:G708C,-1.7032827138900757,-2.80764294509644
G696V:G708D,-3.7992664575576782,-4.59437976110561
G696V:G708S,-1.143772006034851,-4.85225710891958
G696V:G708V,-0.7481178045272827,-3.43697521092644
G696V:G709C,-1.0195761919021606,-2.71397506721681
G696V:G709S,-0.9216961860656738,-3.90697884017217
G696V:I702N,-2.5869685411453247,-3.53495561928664
G696V:I702V,-0.8907439708709717,-3.12949051117847
G696V:I703N,-3.6946791410446167,-4.42048771557003
G696V:I703V,-0.6644579172134399,-2.04787579887894
G696V:I712K,-4.090296626091003,-0.710040109659693
G696V:I712L,0.059348225593566895,-0.878192843088239
G696V:I712M,-1.1488122940063477,-2.96715530522691
G696V:I712V,-0.09885513782501221,-3.23095308151009
G696V:K699E,-0.9914052486419678,-2.97344201810771
G696V:K699I,-0.38943350315093994,-3.71870001550749
G696V:K699N,-0.797508955001831,-1.66428979531692
G696V:L705F,-0.9549014568328857,-3.16871122433176
G696V:L705H,-3.2395957708358765,-3.93596637704542
G696V:M706I,1.2085942029953003,-4.0452439103372
G696V:M706L,0.4415665864944458,-4.92124998040653
G696V:N698D,-0.839881181716919,-4.2147507154019
G696V:N698S,-0.39658623933792114,-3.70396899756541
G696V:N698Y,-1.62503981590271,-2.84961367435682
G696V:S697P,-0.6625194549560547,-3.97386146579214
G696V:S697T,-0.5340020656585693,-1.27259213289512
G696V:V707E,-4.543148398399353,-1.94217474136642
G696V:V707M,-2.3984373807907104,-1.14007889963969
G696V:V710I,-0.5081785917282104,-1.02017194707777
G696W,-2.0138962268829346,-3.43156707528389
G696Y,-1.593106985092163,-0.3689332078259335
G700A,-1.694143533706665,-1.721360869838465
G700A:G708S,-1.6205302476882935,-4.62911355760537
G700A:I703V,-1.1412161588668823,-4.56192306111496
G700A:L705H,-3.716354012489319,-3.97105769685669
G700A:M706L,-0.03519165515899658,-4.59437976110561
G700A:V707A,-1.8239107131958008,-4.51578487229837
G700A:V710A,-0.9855958223342896,-3.25658373572251
G700A:V711D,-4.9617778062820435,-2.46036405415983
G700A:V711I,-1.1702086925506592,-1.48076364179752
G700C,-6.357166290283203,0.3966530212334219
G700C:A701E,-4.3264946937561035,-4.51118606979191
G700C:A701P,-3.982842445373535,-3.49413362476638
G700C:A701T,-3.474189043045044,0.688203879581171
G700C:A701V,-3.1107836961746216,0.792778274526672
G700C:A713E,-6.602220296859741,-4.08576228994317
G700C:A713S,-4.2551350593566895,-1.69927433441182
G700C:A713T,-3.90322208404541,-1.27227280428303
G700C:A713V,-2.8478748202323914,0.558095421359725
G700C:G704E,-6.696017265319824,-3.45664170756211
G700C:G704R,-6.489247560501099,-3.76329500399383
G700C:G704V,-5.4120752811431885,-3.85844372276845
G700C:G708C,-4.511552333831787,-2.61555654317331
G700C:G708D,-6.60753607749939,-4.8855218949819
G700C:G708S,-3.9520416259765625,-4.00043246962486
G700C:G708V,-3.556387424468994,-3.66718036980787
G700C:G709C,-3.827845811843872,-1.73779600256047
G700C:G709D,-6.2735371589660645,-2.67242869693414
G700C:G709R,-6.828431129455566,-4.45775384423295
G700C:G709S,-3.7299658060073853,-2.73611422031191
G700C:I702F,-4.525085926055908,-1.48456312752587
G700C:I702N,-5.395238161087036,-3.09219161858914
G700C:I702T,-4.647145748138428,-3.8809065998624
G700C:I702V,-3.699013590812683,-1.73640373075239
G700C:I703F,-4.853328227996826,-4.09130482009137
G700C:I703N,-6.502948760986328,-3.41600473083357
G700C:I703T,-4.591285705566406,-5.11127551368556
G700C:I703V,-3.4727275371551514,-2.21936618216864
G700C:I712K,-6.898566246032715,-4.21335551057113
G700C:I712L,-2.7489213943481445,-2.84877122923811
G700C:I712M,-3.957081913948059,-1.35992801437484
G700C:I712T,-4.024105668067932,-4.44840798059844
G700C:I712V,-2.9071247577667236,-3.61974128769938
G700C:L705F,-3.763171076774597,-2.12633387919437
G700C:L705H,-6.047865390777588,-3.29444244498373
G700C:L705I,-2.9454269409179688,-1.05382387963478
G700C:L705P,-4.098914742469788,-4.25008170656536
G700C:L705R,-5.30631160736084,-4.80925035111826
G700C:M706I,-1.5996754169464111,-3.44943910607539
G700C:M706K,-5.885556697845459,-4.30063684396069
G700C:M706L,-2.3667030334472656,-4.04732680469532
G700C:M706T,-1.8924379348754883,-4.2671102460845
G700C:M706V,-1.1317250728607178,-2.10171588108355
G700C:V707A,-4.15542209148407,-3.20624426450051
G700C:V707E,-7.3514180183410645,-3.58177905786108
G700C:V707L,-4.119601607322693,-2.5008818517561
G700C:V707M,-5.206707000732422,-2.60792642745807
G700C:V710A,-3.3171072006225586,-3.80152474208532
G700C:V710D,-7.0485734939575195,-3.80276970489194
G700C:V710G,-3.80003023147583,-2.69858864933059
G700C:V710I,-3.316448211669922,-1.20485724447979
G700C:V711A,-3.6882057189941406,-3.51377405242757
G700C:V711D,-7.2932891845703125,-3.76496167230516
G700C:V711I,-3.5017200708389282,-1.40551735248061
G700D,-3.7598187923431396,-3.18654794693329
G700D:A701T,-2.175515294075012,-2.30724311837887
G700D:A701V,-1.8121099472045898,0.276234986064515
G700D:A713S,-2.9564613103866577,-3.99111690711003
G700D:A713T,-2.6045483350753784,-4.2494291573955
G700D:A713V,-1.5492010712623596,-3.20757761203225
G700D:G704E,-5.3973435163497925,-3.38840739791894
G700D:G704R,-5.190573811531067,-4.89422130801861
G700D:G708C,-3.2128785848617554,-4.07475810738234
G700D:G708V,-2.2577136754989624,-2.18413946587545
G700D:G709C,-2.5291720628738403,-4.63995903615212
G700D:G709D,-4.974863409996033,-4.78971438884939
G700D:G709S,-2.4312920570373535,-5.53234216612924
G700D:I702F,-3.2264121770858765,-3.91723877824861
G700D:I702N,-4.096564412117004,-4.53953224210595
G700D:I702T,-3.348471999168396,-3.81383117776768
G700D:I702V,-2.4003398418426514,-4.85937457668844
G700D:I703F,-3.5546544790267944,-4.79195600380335
G700D:I703N,-5.204275012016296,-2.56184758467246
G700D:I703T,-3.2926119565963745,-4.01530923301638
G700D:I703V,-2.1740537881851196,-5.29968782059012
G700D:I712K,-5.599892497062683,-4.68228279897652
G700D:I712L,-1.4502476453781128,-3.63094397383092
G700D:I712M,-2.6584081649780273,-4.64629697570836
G700D:I712T,-2.7254319190979004,-5.23849085509985
G700D:I712V,-1.608451008796692,-3.82127351879364
G700D:L705F,-2.4644973278045654,-3.19918436421574
G700D:L705H,-4.749191641807556,-5.19578366462758
G700D:L705I,-1.646753191947937,-3.60936925040038
G700D:L705P,-2.800240993499756,-4.13437298049654
G700D:M706I,-0.3010016679763794,-4.80340830369329
G700D:M706K,-4.586882948875427,-4.63800250502261
G700D:M706L,-1.0680292844772339,-4.2518193264639
G700D:M706V,0.16694867610931396,-5.34573627755606
G700D:V707A,-2.856748342514038,-3.71409752316321
G700D:V707E,-6.052744269371033,-5.59419445364895
G700D:V707M,-3.90803325176239,-4.39279499966307
G700D:V710A,-2.018433451652527,-4.09582659659056
G700D:V710D,-5.749899744987488,-5.70448712974347
G700D:V710I,-2.01777446269989,-3.08866851665822
G700D:V711A,-2.389531970024109,-4.24703255670201
G700D:V711D,-5.994615435600281,-3.86116196718303
G700D:V711F,-2.676846504211426,-4.62582202143938
G700D:V711I,-2.2030463218688965,-3.80921467140628
G700E,-3.619096517562866,-1.965398190937801
G700F,-4.4969329833984375,-0.689123815692656
G700H,-4.715585708618164,-2.46727006481497
G700I,-4.288995742797852,0.987766336983131
G700K,-2.695675849914551,-4.37249035336342
G700L,-3.7914445400238037,-1.32328734525903
G700M,-4.128023147583008,-1.40086434459892
G700N,-3.265953779220581,-2.067843450140395
G700P,-2.9529707431793213,-2.81554213743829
G700Q,-4.512081146240234,-0.491146020022667
G700R,-3.376887321472168,-2.241962906787815
G700R:G708C,-3.0214128494262695,-3.19966997705715
G700R:G709C,-2.3377063274383545,-4.71463573104353
G700R:I702F,-3.0349464416503906,-4.62911355760537
G700R:I702N,-3.9050986766815186,-4.9857885015441
G700R:I703N,-5.0128092765808105,-4.88042798588627
G700S,-2.5519652366638184,-2.524560637828145
G700S:A701G,-2.0452122688293457,-4.89422130801861
G700S:A701T,-1.5715885162353516,-1.76329875868644
G700S:A701V,-1.2081831693649292,0.822461089552689
G700S:A713T,-2.0006215572357178,-2.69105250589471
G700S:A713V,-0.945274293422699,0.542581824619081
G700S:G708C,-2.6089518070220947,-4.09869938918059
G700S:G708S,-2.04944109916687,-4.62000580157934
G700S:G709C,-1.9252452850341797,-2.35631990490715
G700S:G709D,-4.370936632156372,-5.04641312336054
G700S:G709S,-1.8273652791976929,-3.94193039323677
G700S:I702F,-2.622485399246216,-2.0992555199551
G700S:I702V,-1.7964130640029907,-1.22791617594321
G700S:I703N,-4.600348234176636,-4.9857885015441
G700S:I703T,-2.688685178756714,-4.99023297998076
G700S:I712L,-0.8463208675384521,-4.16959611332039
G700S:I712M,-2.0544813871383667,-3.76039895220872
G700S:I712V,-1.0045242309570312,-4.64649142218885
G700S:L705H,-4.1452648639678955,-3.11647628574345
G700S:M706L,-0.46410250663757324,-4.21589589284442
G700S:M706T,0.010162591934204102,-4.51578487229837
G700S:M706V,0.7708754539489746,-3.80220017603627
G700S:V707E,-5.448817491531372,-4.76264495022989
G700S:V707M,-3.3041064739227295,-3.06304406018449
G700S:V710D,-5.145972967147827,-3.61602344237542
G700S:V711D,-5.39068865776062,-5.29173465312984
G700S:V711I,-1.5991195440292358,-4.83786837146748
G700T,-2.94134521484375,-0.464338038206272
G700V,-3.6343514919281006,1.16729959506228
G700V:A713G,-2.531450390815735,-1.66665607293625
G700V:G709C,-2.466438412666321,-1.78669680034086
G700V:I702N,-4.033830761909485,-2.2080606908749
G700V:I702V,-2.337606191635132,-2.99363237130284
G700V:I703T,-3.229878306388855,-3.27791051629675
G700V:I703V,-2.1113201379776,0.277328547343184
G700V:I712K,-5.537158846855164,-3.29500494965605
G700V:I712L,-1.3875139951705933,-2.09714100204683
G700V:L705H,-4.686457991600037,-1.88179678971946
G700V:M706V,0.2296823263168335,0.215866512066924
G700V:V707E,-5.990010619163513,-3.8590554405335
G700V:V710D,-5.687166094779968,-3.31520636201717
G700V:V711D,-5.931881785392761,-2.11167390194806
G700W,-3.307546377182007,-3.48591256862383
G700Y,-3.8382394313812256,-3.80056212033563
G704A,-2.481489658355713,-3.299423899515125
G704A:G708C,-2.573714017868042,-4.55500558545165
G704A:G708S,-2.0142033100128174,-4.70037986192233
G704A:V707E,-5.413579702377319,-2.34722864206484
G704A:V711D,-5.355450868606567,-4.25442010816396
G704C,-5.458620071411133,-2.225157947602747
G704D,-7.937882423400879,-2.424530018973325
G704E,-7.034868240356445,-2.25464664188589
G704E:A713S,-4.5939860343933105,-4.56192306111496
G704E:A713T,-4.242073059082031,-2.86893785273273
G704E:A713V,-3.1867257952690125,-2.44768261256266
G704E:G708C,-4.850403308868408,-2.76933065677181
G704E:G708D,-6.946387052536011,-3.99289760413137
G704E:G708S,-4.290892601013184,-5.41594622224263
G704E:G708V,-3.8952383995056152,-0.778965955895309
G704E:G709C,-4.166696786880493,-3.22790465434624
G704E:G709D,-6.6123881340026855,-3.69851276005081
G704E:G709S,-4.068816781044006,-4.89056289653799
G704E:I712K,-7.237417221069336,-3.95182573273079
G704E:I712L,-3.0877723693847656,-4.78231102763491
G704E:I712M,-4.29593288898468,-4.49758466938111
G704E:I712T,-4.362956643104553,-5.42404343247525
G704E:I712V,-3.2459757328033447,-4.53795926953601
G704E:L705F,-4.102022051811218,-4.32366931792656
G704E:L705H,-6.386716365814209,-5.46705931377188
G704E:L705P,-4.437765717506409,-5.3628301667209
G704E:M706I,-1.9385263919830322,-3.97907678766606
G704E:M706K,-6.22440767288208,-4.11189545909404
G704E:M706L,-2.7055540084838867,-4.84507118541035
G704E:M706T,-2.2312889099121094,-3.89959873287455
G704E:M706V,-1.4705760478973389,-5.42116252881618
G704E:V707A,-4.494273066520691,-3.62222230753055
G704E:V707E,-7.6902689933776855,-5.37080141975456
G704E:V707M,-5.545557975769043,-3.23380688595181
G704E:V710A,-3.6559581756591797,-4.99201905129474
G704E:V710D,-7.387424468994141,-4.23031088966433
G704E:V710L,-3.6860544681549072,-4.57405378042234
G704E:V711A,-4.027056694030762,-4.7068023533314
G704E:V711D,-7.632140159606934,-2.09141237486949
G704E:V711I,-3.8405710458755493,-4.71465060395323
G704F,-5.2009453773498535,-1.78423297987803
G704H,-8.292130470275879,0.0415722922398497
G704I,-4.878591060638428,-1.99110340506362
G704K,-6.492002487182617,-0.5361583328164055
G704L,-4.139920711517334,-3.38060284388429
G704M,-5.431181907653809,-3.2079088695172
G704N,-7.101252555847168,0.842857969097859
G704P,-5.078244209289551,-4.11421336481668
G704Q,-7.4415364265441895,-1.53916148682544
G704R,-6.621328830718994,-3.3631285599390948
G704R:A713T,-4.035303354263306,-2.88953984154788
G704R:A713V,-2.979956090450287,-3.23111223739093
G704R:G708C,-4.643633604049683,-1.89917413702796
G704R:G708D,-6.739617347717285,-5.02260247466682
G704R:G708S,-4.084122896194458,-3.41650091855146
G704R:G709C,-3.9599270820617676,-4.38086448178646
G704R:G709D,-6.40561842918396,-4.69635451333101
G704R:G709S,-3.8620470762252808,-2.45818381821286
G704R:I712L,-2.88100266456604,-3.91755440404649
G704R:I712M,-4.089163184165955,-5.21888238371148
G704R:I712T,-4.156186938285828,-5.22420156960359
G704R:I712V,-3.039206027984619,-4.46367684294573
G704R:L705F,-3.8952523469924927,-5.39955241246696
G704R:L705H,-6.179946660995483,-3.70081770843711
G704R:M706I,-1.7317566871643066,-4.16001477082021
G704R:M706K,-6.0176379680633545,-4.53558749959454
G704R:M706L,-2.498784303665161,-4.59458006236635
G704R:M706T,-2.024519205093384,-3.57417633243992
G704R:M706V,-1.2638063430786133,-4.60866818776166
G704R:V707A,-4.287503361701965,-3.89168761282675
G704R:V707E,-7.48349928855896,-4.63128022634254
G704R:V707L,-4.251682877540588,-3.47544149175423
G704R:V707M,-5.338788270950317,-2.96155684816921
G704R:V710A,-3.449188470840454,-4.96735612084077
G704R:V710D,-7.180654764175415,-4.62014488762261
G704R:V710I,-3.4485294818878174,-3.48846880577044
G704R:V711D,-7.425370454788208,-4.75480177276886
G704R:V711I,-3.6338013410568237,-4.84214211958411
G704S,-4.091778755187988,-2.656495250871445
G704T,-5.020139217376709,-2.61517552287512
G704V,-4.466984272003174,-3.17865685520969
G704V:A713V,-1.9027838110923767,-3.90296719195103
G704V:G708C,-3.5664613246917725,-3.31520636201717
G704V:G709C,-2.8827548027038574,-4.79626861687992
G704V:G709S,-2.7848747968673706,-4.0030249698981
G704V:I712T,-3.0790146589279175,-3.98815213021599
G704V:I712V,-1.962033748626709,-2.98228784993591
G704V:L705F,-2.8180800676345825,-4.07097440872651
G704V:L705P,-3.153823733329773,-4.97320971933724
G704V:M706L,-1.421612024307251,-2.67324548449551
G704V:V710D,-6.103482484817505,-4.57405378042234
G704V:V711D,-6.348198175430298,-4.80845448626118
G704W,-5.752692222595215,-2.408178392484095
G704Y,-5.8609113693237305,-2.64749400553756
G708A,-0.22168636322021484,-2.533268530601895
G708A:G709C,-0.7601058483123779,-3.3524724906801
G708A:I712L,0.3188185691833496,-4.68129931077594
G708A:V710A,-0.24936723709106445,-4.55500558545165
G708C,-2.665938377380371,-0.808935153528856
G708C:A713E,-4.756606340408325,-2.6017658617537
G708C:A713G,-2.04724383354187,-1.97681100124009
G708C:A713P,-3.2557685375213623,-3.73925608279937
G708C:A713S,-2.4095211029052734,-0.739786067096048
G708C:A713T,-2.057608127593994,-1.78968829897219
G708C:A713V,-1.0022608637809753,-0.260823209706287
G708C:G709C,-1.982231855392456,-3.18413927422252
G708C:G709D,-4.427923202514648,-3.15500073205366
G708C:G709R,-4.98281717300415,-4.08151214829304
G708C:G709S,-1.8843518495559692,-3.40422135019602
G708C:G709V,-1.1310685276985168,-4.05893215474817
G708C:I712K,-5.052952289581299,-2.75016121564394
G708C:I712L,-0.9033074378967285,-1.65448836068344
G708C:I712M,-2.111467957496643,-2.85233530108219
G708C:I712T,-2.178491711616516,-3.8274196630406
G708C:I712V,-1.0615108013153076,-3.58887036392889
G708C:V710A,-1.4714932441711426,-3.93849143526833
G708C:V710D,-5.2029595375061035,-4.45615857861197
G708C:V710F,-1.9541239738464355,-0.664330301700261
G708C:V710G,-1.954416275024414,-5.37444649133588
G708C:V710I,-1.4708342552185059,0.453578969292029
G708C:V710L,-1.5015895366668701,-0.403091171408067
G708C:V711A,-1.8425917625427246,-3.51811667672577
G708C:V711D,-5.4476752281188965,-4.5917012710765
G708C:V711I,-1.6561061143875122,-2.09099730174648
G708C:V711L,-1.3837082386016846,-2.34673117192884
G708D,-6.857905864715576,-3.66578408100516
G708D:A713E,-6.852590084075928,-3.67181480200384
G708D:A713S,-4.505504846572876,-3.7716953348459
G708D:A713T,-4.153591871261597,-4.05597013182397
G708D:A713V,-3.098244607448578,-3.5563663784561
G708D:G709C,-4.078215599060059,-2.6741285353175
G708D:G709D,-6.523906946182251,-2.64219148682834
G708D:G709S,-3.9803355932235718,-4.40140902648615
G708D:I712K,-7.148936033248901,-4.82068704589962
G708D:I712L,-2.999291181564331,-1.71766525026308
G708D:I712M,-4.207451701164246,-4.7300353284824
G708D:I712T,-4.274475455284119,-5.06034959228552
G708D:I712V,-3.15749454498291,-4.46473178881304
G708D:V710A,-3.567476987838745,-5.21888238371148
G708D:V710I,-3.5668179988861084,-4.37419354995637
G708D:V711A,-3.938575506210327,-3.60805293390261
G708D:V711D,-7.543658971786499,-5.99728148161315
G708D:V711I,-3.7520898580551147,-5.38288535998175
G708E,-5.943131446838379,-3.6760949591191943
G708F,-1.7037904262542725,-2.525623688693965
G708H,-7.4406657218933105,-3.96507165259527
G708I,-1.496582269668579,-3.44894291259446
G708K,-6.149463653564453,-3.6077774301944
G708L,-0.943711519241333,-3.76188291208288
G708M,-2.8618998527526855,-3.61600660424502
G708N,-5.931791305541992,-1.666754560804371
G708P,-3.8214406967163086,-3.60029504453861
G708Q,-6.326137065887451,-3.74301566283391
G708R,-6.796300411224365,-3.22606820497181
G708R:G709S,-3.9495328664779663,-5.33996031526471
G708R:I712L,-2.9684884548187256,-4.79341660889664
G708R:I712T,-4.243672728538513,-4.82326957204632
G708S,-1.5469169616699219,-1.48953593694488
G708S:A713E,-4.197095632553101,-4.56192306111496
G708S:A713S,-1.8500103950500488,-3.22907957702683
G708S:A713T,-1.4980974197387695,-3.33098630621488
G708S:A713V,-0.44275015592575073,-2.77392146349765
G708S:G709C,-1.4227211475372314,-3.6471220970653
G708S:G709D,-3.868412494659424,-4.67893889267795
G708S:G709S,-1.3248411417007446,-4.46528839669984
G708S:I712K,-4.493441581726074,-3.69110127777154
G708S:I712L,-0.3437967300415039,-4.80845448626118
G708S:I712M,-1.5519572496414185,-3.64604243228199
G708S:I712T,-1.6189810037612915,-4.68116507982847
G708S:I712V,-0.502000093460083,-4.59530248913393
G708S:V710D,-4.643448829650879,-5.1304400161874
G708S:V710G,-1.3949055671691895,-4.46449157791081
G708S:V710I,-0.9113235473632812,-3.40876095562584
G708S:V711A,-1.2830810546875,-5.80085896079895
G708S:V711D,-4.888164520263672,-5.65242576479897
G708S:V711I,-1.0965954065322876,-3.98779559843039
G708T,-2.0902740955352783,-4.81057264731632
G708V,-0.7556085586547852,-2.63486346925781
G708V:A713V,-0.04709595441818237,-3.14198048741162
G708V:G709C,-1.027066946029663,-3.15542424369386
G708V:G709S,-0.9291869401931763,-4.29692882374941
G708V:I712K,-4.097787380218506,-5.4190656684212
G708V:I712L,0.05185747146606445,-3.85106279705764
G708V:I712T,-1.2233268022537231,-4.71709187739215
G708V:I712V,-0.10634589195251465,-5.21846864174713
G708V:V710A,-0.5163283348083496,-2.12725734950359
G708V:V710D,-4.2477946281433105,-4.46097663580337
G708V:V710I,-0.5156693458557129,-4.91911253132053
G708V:V711A,-0.8874268531799316,-4.8595643571736
G708V:V711D,-4.4925103187561035,-5.25772221702774
G708V:V711I,-0.7009412050247192,-3.53050126893726
G708V:V711L,-0.4285433292388916,-4.37652280496486
G708W,-5.56085205078125,-3.66936192292761
G708Y,-5.748294353485107,-3.574669772718355
G709A,0.12818491458892822,-3.49202799626414
G709A:I712M,-0.7144063115119934,-4.51578487229837
G709A:V710A,-0.07443159818649292,-4.02148855048358
G709C,-1.298525333404541,0.0623396384925125
G709C:A713E,-4.07289981842041,-3.98964672149502
G709C:A713G,-1.363537311553955,-3.50514721992928
G709C:A713P,-2.5720620155334473,-2.77281556723974
G709C:A713S,-1.7258145809173584,-2.15146674470806
G709C:A713T,-1.373901605606079,-1.00176125661279
G709C:A713V,-0.3185543417930603,-1.65197341147413
G709C:I712K,-4.369245767593384,-3.39529137100892
G709C:I712L,-0.21960091590881348,-2.04094175077884
G709C:I712M,-1.427761435508728,-2.40929596615297
G709C:I712T,-1.494785189628601,-3.54599514554799
G709C:I712V,-0.3778042793273926,-3.99157504209473
G709C:V710A,-0.7877867221832275,-5.26187501254719
G709C:V710D,-4.5192530155181885,-5.09254018889488
G709C:V710F,-1.2704174518585205,-2.98707814327231
G709C:V710G,-1.270709753036499,-4.71463573104353
G709C:V710I,-0.7871277332305908,-1.81698622160266
G709C:V711A,-1.1588852405548096,-3.58502685867293
G709C:V711D,-4.7639687061309814,-4.0550774348573
G709C:V711F,-1.4461997747421265,-4.05374941270181
G709C:V711G,-1.8805639743804932,-4.04069513858009
G709C:V711I,-0.9723995923995972,-1.84137101313689
G709C:V711L,-0.7000017166137695,-2.83230875381977
G709D,-6.189908027648926,-1.99655426088759
G709D:A713E,-6.5185911655426025,-4.16959611332039
G709D:A713G,-3.8092286586761475,-2.15417277054887
G709D:A713S,-4.171505928039551,-2.87429933978282
G709D:A713T,-3.8195929527282715,-2.45210021764416
G709D:A713V,-2.7642456889152527,-2.64001414959013
G709D:I712K,-6.814937114715576,-5.72879907694063
G709D:I712L,-2.665292263031006,-2.99116053888995
G709D:I712M,-3.8734527826309204,-4.79626861687992
G709D:I712T,-3.9404765367507935,-4.92015673758613
G709D:I712V,-2.823495626449585,-4.08870099323512
G709D:V710A,-3.23347806930542,-3.66525233727807
G709D:V710D,-6.964944362640381,-3.70829744422972
G709D:V710G,-3.7164011001586914,-2.66809933289422
G709D:V710I,-3.232819080352783,-1.8171328154267
G709D:V711A,-3.604576587677002,-4.01120421809636
G709D:V711D,-7.209660053253174,-4.39574722204696
G709D:V711F,-3.891891121864319,-0.159076045608773
G709D:V711I,-3.4180909395217896,-2.12359848145136
G709D:V711L,-3.145693063735962,-2.96461586798824
G709E,-5.8597917556762695,-3.8726822084091097
G709F,-0.700660228729248,-2.18346920563484
G709H,-6.805726051330566,-3.10472428123082
G709I,0.0803290605545044,-3.31812906661914
G709K,-6.603488922119141,-3.47865854462953
G709L,0.31779277324676514,-3.70005233808194
G709M,-1.8026103973388672,-2.24470590486275
G709N,-5.13611364364624,-0.8699945599281166
G709P,-3.6445703506469727,-1.61110770840704
G709Q,-5.906988620758057,-1.47072480772026
G709R,-7.29969596862793,-3.506929728902265
G709R:A713T,-4.374486923217773,-4.88042798588627
G709R:I712V,-3.378389596939087,-5.11702884058262
G709R:V710D,-7.519838333129883,-4.53558749959454
G709R:V711D,-7.764554023742676,-5.18217952937569
G709S,-1.1027653217315674,-1.91742209730236
G709S:A713E,-3.9750198125839233,-2.7392928752011
G709S:A713S,-1.6279345750808716,-3.49369464698681
G709S:A713T,-1.2760215997695923,-1.57058667269633
G709S:A713V,-0.2206743359565735,-2.58648343052633
G709S:I712K,-4.271365761756897,-5.24311907537882
G709S:I712L,-0.12172091007232666,-2.65272536541362
G709S:I712M,-1.3298814296722412,-3.60055842889318
G709S:I712T,-1.3969051837921143,-4.66418931941255
G709S:I712V,-0.27992427349090576,-1.71727114111341
G709S:V710A,-0.6899067163467407,-4.11875515735367
G709S:V710D,-4.421373009681702,-4.22387099432617
G709S:V710I,-0.689247727394104,-2.58342606900261
G709S:V711A,-1.0610052347183228,-1.18316063887922
G709S:V711D,-4.666088700294495,-4.68494704898099
G709S:V711I,-0.8745195865631104,-1.51154844192454
G709T,-1.505122184753418,-0.504284308285028
G709V,0.4038013219833374,-2.967743718445025
G709V:I712L,0.6315624117851257,-5.13664821016175
G709V:I712V,0.47335904836654663,-4.77814913676586
G709W,-5.668465614318848,-3.15567596506023
G709Y,-5.0888590812683105,-3.157165865240315
H677A,0.7796506881713867,-0.0024495186043354
H677C,-2.5909271240234375,-0.3233641070807135
H677D,1.3037798404693604,-0.622296786108949
H677D:A713V,0.9825982451438904,-1.39488945579037
H677D:D678G,0.6065219640731812,-0.978455316311629
H677D:E682D,0.7674847841262817,-1.0305363350384
H677D:E682G,0.6634218692779541,-0.124510980191769
H677D:E682V,0.5228772163391113,-0.515185321276759
H677D:E693D,0.6112833023071289,-2.10783926364649
H677D:E693G,0.3670309782028198,0.855741095106829
H677D:E693V,-0.21541941165924072,-1.78134534918892
H677D:F690I,0.7005418539047241,-0.165950718125514
H677D:F690L,1.0239230394363403,-1.86600357932013
H677D:F690Y,0.8981367349624634,-0.706946103105449
H677D:F691C,-0.2633615732192993,-3.18775941930245
H677D:F691L,1.0165172815322876,-1.20122062876204
H677D:F691Y,0.6416691541671753,-2.37001240897116
H677D:G696S,0.8647425174713135,-1.51356869760839
H677D:G704R,-2.658774495124817,-4.68590377843864
H677D:G708S,-0.12156856060028076,-4.66420487741664
H677D:G709S,0.10050725936889648,-2.99101580170191
H677D:H684L,0.9433293342590332,-1.10391329521009
H677D:H685L,0.5177516937255859,-3.38840739791894
H677D:H685Q,0.8409284353256226,-1.64512444736299
H677D:I702V,0.13145947456359863,-2.32085210688347
H677D:I712L,1.0815516710281372,-2.55922884369828
H677D:K687E,0.8351880311965942,-2.7785102585462
H677D:K687R,0.572008490562439,-1.99005622799011
H677D:K699I,0.6327699422836304,-3.92399018599871
H677D:K699N,0.22469449043273926,-1.59583110335025
H677D:K699R,0.4532754421234131,-4.15910992835963
H677D:L688M,0.3863784074783325,-1.26642286271887
H677D:L688S,1.485916256904602,-2.74182879247226
H677D:L705F,0.06730198860168457,-3.32690731554313
H677D:L705H,-2.217392325401306,-4.43199580582824
H677D:N698I,-0.6947586536407471,-1.24184927024714
H677D:Q686H,0.549247145652771,-2.22873061103182
H677D:Q686R,0.9518319368362427,-3.97105769685669
H677D:S697P,0.3596839904785156,-4.68590377843864
H677D:S697T,0.488201379776001,-1.36836801141231
H677D:V695E,1.3346225023269653,-0.839286452920402
H677D:V710I,0.5140248537063599,-2.64683576437918
H677D:V711D,-3.4628161191940308,-3.63731744880858
H677E,1.4780235290527344,-1.5836908683295672
H677F,-0.27790069580078125,-0.8212447252998745
H677G,0.7288703918457031,0.220982672509624
H677I,0.07279086112976074,-0.854079590813575
H677K,1.179786205291748,-0.820274476964499
H677L,0.46579551696777344,-1.227487573339885
H677L:A692E,1.0114008784294128,-3.19415990683218
H677L:A692G,0.6188797950744629,-1.47560083617354
H677L:A692T,0.26278460025787354,-1.5261367335441
H677L:A692V,0.1052083969116211,-0.753790692177123
H677L:A701E,-0.9150137901306152,-4.50696310014007
H677L:A701G,-0.5363318920135498,-1.4503697273962
H677L:A701S,-0.6014032363891602,-3.60800466503887
H677L:A701T,-0.06270813941955566,-0.215150435931199
H677L:A701V,0.3006972074508667,0.651296810285565
H677L:A713E,-3.190739393234253,-4.72872174863313
H677L:A713S,-0.8436541557312012,-1.66176768729558
H677L:A713T,-0.4917411804199219,-0.417114429745655
H677L:A713V,0.5636060833930969,-1.34319462300232
H677L:D678A,0.07633805274963379,-0.501979172560276
H677L:D678E,0.3229694366455078,-2.89262643788805
H677L:D678G,0.1875298023223877,-1.08789893636263
H677L:D678N,-0.09742093086242676,-0.116116098929126
H677L:D678Y,-0.3863285779953003,-1.75587385085733
H677L:D694E,0.35413169860839844,-0.158434367076884
H677L:D694G,-0.024257183074951172,-0.17002737160886
H677L:D694N,0.05485224723815918,0.515590810996297
H677L:D694V,-0.06558442115783691,-4.49075246641056
H677L:D694Y,-0.1698058843612671,-5.29510974909936
H677L:E682D,0.3484926223754883,-1.18757235000365
H677L:E682G,0.24442970752716064,-0.246093877685062
H677L:E682K,0.06212639808654785,-1.8532330499497
H677L:E682V,0.10388505458831787,-1.24371848535972
H677L:E693D,0.19229114055633545,-1.33749714464666
H677L:E693G,-0.05196118354797363,1.15520069089683
H677L:E693K,0.08152127265930176,-0.357694384300376
H677L:E693V,-0.6344115734100342,-2.1233309260895
H677L:F690I,0.28154969215393066,0.150279885368069
H677L:F690L,0.6049308776855469,-1.87807839782524
H677L:F690S,1.5750744342803955,-3.99874214216428
H677L:F690V,0.7141032218933105,-0.996029715662217
H677L:F690Y,0.4791445732116699,-2.02073778206315
H677L:F691C,-0.6823537349700928,-2.58793986498009
H677L:F691I,0.4335360527038574,-0.498299438717712
H677L:F691L,0.5975251197814941,-1.71754083195101
H677L:F691S,1.2414969205856323,-1.17690041853067
H677L:F691V,0.8937492370605469,-0.777616730652584
H677L:F691Y,0.22267699241638184,-1.18560046385664
H677L:G680E,0.5008643865585327,-2.93159327240986
H677L:G680R,0.034546732902526855,-2.45299497746141
H677L:G680V,0.1317054033279419,-0.782810098319204
H677L:G696A,0.0727463960647583,-3.16871122433176
H677L:G696C,-1.105075716972351,-2.41760305971403
H677L:G696D,-0.013035178184509277,-3.77926068596318
H677L:G696R,-0.005757927894592285,-1.08718851644809
H677L:G696S,0.44575035572052,-1.12416619232336
H677L:G696V,-0.13741576671600342,-2.83854592833475
H677L:G700A,-0.6141740083694458,-0.855076295151125
H677L:G700C,-2.945685386657715,-1.91652837159826
H677L:G700D,-1.647011637687683,-4.32539775461918
H677L:G704E,-3.284536361694336,-3.15225953456965
H677L:G704R,-3.0777666568756104,-4.30198500329805
H677L:G704V,-2.0005943775177,-4.00073503705051
H677L:G708A,0.1220545768737793,-3.82263769173842
H677L:G708C,-1.1000714302062988,-1.47160066315861
H677L:G708D,-3.1960551738739014,-4.33982670686369
H677L:G708R,-3.165252447128296,-3.89547222340464
H677L:G708S,-0.5405607223510742,-3.6074255332477
H677L:G708V,-0.14490652084350586,-5.16918448506757
H677L:G709A,0.29699021577835083,-4.66420487741664
H677L:G709C,-0.4163649082183838,-2.42107768646849
H677L:G709D,-2.862056255340576,-3.74484866351007
H677L:G709S,-0.318484902381897,-4.10893753403639
H677L:H684L,0.5243371725082397,-1.9146525617094
H677L:H684N,0.4615025520324707,0.259838778174517
H677L:H684Q,0.4683300256729126,-1.536741231152
H677L:H684R,0.4416489601135254,-0.848105646076237
H677L:H684Y,-0.13084399700164795,-2.02325543520293
H677L:H685L,0.09875953197479248,-1.19347190380938
H677L:H685N,0.4407757520675659,-2.03986161247469
H677L:H685Q,0.4219362735748291,-1.9100309711941
H677L:H685R,0.4673116207122803,-2.39678648938947
H677L:H685Y,-0.2879217863082886,-2.92608550305605
H677L:I702F,-1.11360502243042,-3.78138234954958
H677L:I702N,-1.9837572574615479,-3.63901412748767
H677L:I702T,-1.2356648445129395,-2.62542411431217
H677L:I702V,-0.2875326871871948,-2.08163052945901
H677L:I703F,-1.441847324371338,-5.64071446928385
H677L:I703L,-0.9182186126708984,-4.74689659326175
H677L:I703N,-3.09146785736084,-3.63253362266246
H677L:I703T,-1.179804801940918,-5.57186332078051
H677L:I703V,-0.061246633529663086,-3.95985735364528
H677L:I712K,-3.4870853424072266,-4.69937006330126
H677L:I712L,0.6625595092773438,-3.11619282081826
H677L:I712M,-0.5456010103225708,-2.25292241454879
H677L:I712T,-0.6126247644424438,-4.91371072678515
H677L:I712V,0.5043561458587646,-2.91402136753905
H677L:K687E,0.4161958694458008,-2.21322461618817
H677L:K687I,-0.8822779655456543,-4.00023359586653
H677L:K687N,0.22639203071594238,-0.268760153594105
H677L:K687R,0.1530163288116455,-2.82199237077324
H677L:K687T,-0.15768837928771973,-1.66834702954786
H677L:K699E,-0.3881939649581909,-4.09101339741984
H677L:K699I,0.21377778053283691,-3.48771616693459
H677L:K699N,-0.1942976713180542,-2.30860157537812
H677L:K699R,0.03428328037261963,-2.44709032328096
H677L:L688F,-0.1028432846069336,-0.0961482491946228
H677L:L688M,-0.03261375427246094,-1.1050456900618
H677L:L688S,1.0669240951538086,-1.30560585987808
H677L:L705F,-0.3516901731491089,-1.60345136593525
H677L:L705H,-2.6363844871520996,-4.24246234272039
H677L:L705I,0.46605396270751953,0.374011402748783
H677L:L705P,-0.6874338388442993,-3.90240881765437
H677L:L705V,0.2628653049468994,-1.05155650582459
H677L:M706I,1.8118054866790771,-3.38629072424384
H677L:M706K,-2.4740757942199707,-5.16540641496771
H677L:M706L,1.0447778701782227,-4.26804537218278
H677L:M706T,1.51904296875,-2.81104045161988
H677L:M706V,2.2797558307647705,-2.58675236118895
H677L:N698D,-0.2366698980331421,-4.55105710328308
H677L:N698I,-1.1137508153915405,-1.18930785747043
H677L:N698S,0.2066250443458557,-4.00812108298362
H677L:N698Y,-1.021828532218933,-0.994216577324635
H677L:Q686H,0.13025498390197754,-0.897435080694043
H677L:Q686K,0.6857386827468872,-3.51031083002058
H677L:Q686L,-0.30512189865112305,-2.25701468940657
H677L:Q686P,0.582287073135376,-1.09535612870832
H677L:Q686R,0.5328397750854492,-2.15799309188517
H677L:S679L,0.0035789012908935547,-0.781445859453768
H677L:S679P,0.05976462364196777,0.0067265175862533
H677L:S679T,-0.0189821720123291,-1.89874026536707
H677L:S697A,0.004086613655090332,-3.47300093702278
H677L:S697L,1.0892279744148254,-2.65229466321683
H677L:S697P,-0.05930817127227783,-3.65864033900879
H677L:S697T,0.06920921802520752,-1.54712241854646
H677L:V683A,0.22292757034301758,-0.710462031438379
H677L:V683D,0.496099591255188,-1.46514993508173
H677L:V683F,-0.12445938587188721,-3.3423862680715
H677L:V683G,0.3339167833328247,-1.80747851833979
H677L:V683I,0.030226945877075195,-1.4491579304696
H677L:V683L,0.1493159532546997,-5.0388946345693
H677L:V689A,0.563737154006958,-3.11047087420755
H677L:V689E,0.8286255598068237,-2.03743597716139
H677L:V689G,0.8497328758239746,-0.538036214384878
H677L:V689L,0.3128976821899414,-4.19835959764188
H677L:V689M,-0.15967917442321777,-1.02200149817736
H677L:V695A,0.4959595203399658,-1.88901738435781
H677L:V695E,0.9156303405761719,-1.75997609379387
H677L:V695G,0.6857612133026123,0.171697291909344
H677L:V695M,-0.2966732978820801,-0.574511409131783
H677L:V707A,-0.7439411878585815,-2.73283525841229
H677L:V707E,-3.939937114715576,-4.64620352909105
H677L:V707L,-0.7081207036972046,-1.2642138920275
H677L:V707M,-1.7952260971069336,-1.07831288233072
H677L:V710A,0.09437370300292969,-4.60626946486492
H677L:V710D,-3.6370925903320312,-5.51072163643613
H677L:V710G,-0.3885493278503418,-5.30424223266263
H677L:V710I,0.0950326919555664,-1.49924509173266
H677L:V710L,0.06427741050720215,-3.8618584048917
H677L:V711A,-0.27672481536865234,-3.19889571111734
H677L:V711D,-3.881808280944824,-4.32496089267375
H677L:V711G,-0.9984035491943359,-4.71463573104353
H677L:V711I,-0.09023916721343994,-2.74141808908304
H677L:Y681C,-0.9901676177978516,-2.07614179475831
H677L:Y681F,0.40995287895202637,-0.925880798277313
H677L:Y681H,0.5891373157501221,-1.58430479782263
H677L:Y681N,0.8024178743362427,-1.80055136517356
H677M,-0.33400630950927734,0.0805010207867112
H677N,0.5774173736572266,0.0468369260347645
H677N:A701T,-0.0068972110748291016,-0.178767075451439
H677N:A713V,0.6194170117378235,0.0512437849555396
H677N:D678G,0.24334073066711426,1.00333171194502
H677N:D678V,0.204559326171875,-0.774387383900982
H677N:D694E,0.409942626953125,0.189014564920488
H677N:E682D,0.40430355072021484,-0.44422225129438
H677N:E682V,0.15969598293304443,-0.192444464779641
H677N:E693V,-0.5786006450653076,-1.52005259874437
H677N:F690I,0.3373606204986572,-0.693410467498975
H677N:F690L,0.6607418060302734,-3.91286882557588
H677N:F690Y,0.5349555015563965,-2.7870002022317
H677N:F691L,0.6533360481262207,-0.786459924911529
H677N:F691Y,0.2784879207611084,-2.00803615269001
H677N:G709C,-0.3605539798736572,-1.7781403114761
H677N:G709D,-2.8062453269958496,-3.68293112104207
H677N:G709S,-0.2626739740371704,-3.48909840755276
H677N:H684L,0.5801481008529663,-0.268299790449132
H677N:H684Q,0.5241409540176392,-2.86434401989903
H677N:H685L,0.15457046031951904,-1.33200036724143
H677N:H685Q,0.47774720191955566,-1.26891589364104
H677N:H685R,0.5231225490570068,-1.2641340441267
H677N:I702V,-0.23172175884246826,-2.97517184520741
H677N:I703T,-1.1239938735961914,-4.61022371760011
H677N:I712L,0.7183704376220703,-2.24005035827281
H677N:I712T,-0.5568138360977173,-2.61785146999295
H677N:K687E,0.47200679779052734,-3.44001206540139
H677N:K687I,-0.8264670372009277,-4.47588173007259
H677N:K687R,0.20882725715637207,-2.08536640779443
H677N:K699I,0.2695887088775635,-3.46249016678397
H677N:K699N,-0.13848674297332764,-2.59383910236595
H677N:K699R,0.09009420871734619,-1.34794738932871
H677N:L688M,0.023197174072265625,-0.572013168555638
H677N:L705H,-2.580573558807373,-3.91393698029308
H677N:M706I,1.8676164150238037,-2.17497856648412
H677N:M706K,-2.418264865875244,-4.61022371760011
H677N:M706V,2.335566759109497,-2.93913678268726
H677N:N698D,-0.18085896968841553,-4.55531781425385
H677N:Q686H,0.1860659122467041,-0.267108480678889
H677N:Q686L,-0.24931097030639648,-0.328055985465153
H677N:S679P,0.11557555198669434,-0.751397865676283
H677N:S697T,0.12502014636993408,0.115360800092987
H677N:V683A,0.27873849868774414,-0.283262281597913
H677N:V683D,0.5519105195999146,0.189569980364864
H677N:V689A,0.6195480823516846,-3.59509850836948
H677N:V689E,0.8844364881515503,-0.337652279672566
H677N:V689M,-0.10386824607849121,-2.11986012183589
H677N:V695E,0.9714412689208984,-1.8173975804259
H677N:V707A,-0.688130259513855,-1.61056660628521
H677N:V707E,-3.8841261863708496,-1.78134534918892
H677N:V707M,-1.739415168762207,-0.659851333521262
H677N:V710D,-3.5812816619873047,-4.27042997094862
H677N:V711I,-0.03442823886871338,-3.54820084603666
H677N:Y681C,-0.934356689453125,-3.12339088646323
H677P,0.8120787143707275,0.2083522511511095
H677P:D694E,0.5272732973098755,0.292777493663554
H677P:E682D,0.5216342210769653,-1.08399045716469
H677P:E682G,0.4175713062286377,0.590160601602216
H677P:E682V,0.2770266532897949,-1.00922697497838
H677P:E693D,0.3654327392578125,-1.92049657796872
H677P:F690Y,0.652286171913147,-2.34722864206484
H677P:F691I,0.6066776514053345,0.260449715959047
H677P:F691L,0.7706667184829712,-1.70237415553833
H677P:F691S,1.4146385192871094,-2.84750645984133
H677P:G696C,-0.931934118270874,-0.368722589795811
H677P:G700C,-2.772543787956238,-1.76541013500063
H677P:G709C,-0.24322330951690674,-2.14119103631052
H677P:G709D,-2.688914656639099,-5.01815017912873
H677P:G709S,-0.14534330368041992,-4.86644174391153
H677P:H684R,0.6147905588150024,-2.08752122179204
H677P:H685Q,0.5950778722763062,-4.65631133787575
H677P:H685R,0.6404532194137573,-1.65173042271957
H677P:I712L,0.8357011079788208,-3.03595756812427
H677P:K687I,-0.7091363668441772,-3.66451019725113
H677P:K699E,-0.21505236625671387,-3.16871122433176
H677P:K699I,0.38691937923431396,-4.62582202143938
H677P:K699N,-0.02115607261657715,-1.12344925747897
H677P:L688M,0.1405278444290161,-1.08068593896053
H677P:L705I,0.6391955614089966,0.187183056965853
H677P:M706I,1.9849470853805542,-4.68129931077594
H677P:N698D,-0.06352829933166504,-3.66266710981317
H677P:N698S,0.37976664304733276,-3.7419384261133
H677P:Q686L,-0.131980299949646,-3.49413362476638
H677P:S697T,0.24235081672668457,-1.12812414141222
H677P:V689E,1.0017671585083008,-0.836384162138972
H677P:V689M,0.013462424278259277,-2.97533983135122
H677P:V695A,0.6691011190414429,-2.19076118248394
H677P:V695E,1.088771939277649,-2.11806196149221
H677P:V707M,-1.6220844984054565,-0.696856760622366
H677P:V711D,-3.708666682243347,-4.73089625191531
H677Q,0.46602773666381836,0.2544248771619889
H677Q:A692E,1.0115169882774353,-2.2327296643937
H677Q:A692G,0.6189959049224854,0.114077926280098
H677Q:A692S,0.5540921688079834,-2.01386002101916
H677Q:A692T,0.262900710105896,-1.26849798901653
H677Q:A692V,0.10532450675964355,0.055472039711866
H677Q:A701E,-0.9148976802825928,-4.02343229812464
H677Q:A701G,-0.5362157821655273,-1.94749661357131
H677Q:A701P,-0.5712454319000244,-1.85903196299631
H677Q:A701S,-0.6012871265411377,-3.77082176445909
H677Q:A701T,-0.0625920295715332,0.878610680892806
H677Q:A701V,0.30081331729888916,1.50483998074024
H677Q:A713E,-3.1906232833862305,-3.62397393128885
H677Q:A713G,-0.4812607765197754,-3.91286882557588
H677Q:A713S,-0.8435380458831787,-1.15008981870694
H677Q:A713T,-0.4916250705718994,0.208014797305987
H677Q:A713V,0.5637221932411194,0.102136222104819
H677Q:D678E,0.3230855464935303,-2.8027296336285
H677Q:D678G,0.18764591217041016,0.0026304023383766
H677Q:D678N,-0.0973048210144043,0.290519988549868
H677Q:D678V,0.1488645076751709,-2.54090763981297
H677Q:D678Y,-0.38621246814727783,-0.396867112497696
H677Q:D694E,0.3542478084564209,0.429370267519811
H677Q:D694G,-0.02414107322692871,0.425538451702562
H677Q:D694N,0.05496835708618164,0.345551520789344
H677Q:D694V,-0.06546831130981445,-2.72435266666071
H677Q:D694Y,-0.16968977451324463,-4.14954047734348
H677Q:E682D,0.34860873222351074,0.551531511615268
H677Q:E682G,0.2445458173751831,0.436644968817699
H677Q:E682K,0.06224250793457031,-0.561760896006061
H677Q:E682V,0.10400116443634033,0.260413418904021
H677Q:E693D,0.1924072504043579,-0.245897318675775
H677Q:E693G,-0.05184507369995117,2.1536550110453
H677Q:E693K,0.08163738250732422,0.777418166568967
H677Q:E693V,-0.6342954635620117,0.0130408171989426
H677Q:F690I,0.2816658020019531,0.702938607196068
H677Q:F690L,0.6050469875335693,-0.436014391358796
H677Q:F690S,1.575190544128418,-1.89602080815217
H677Q:F690V,0.714219331741333,0.334507771722711
H677Q:F690Y,0.4792606830596924,-0.279054847423673
H677Q:F691C,-0.6822376251220703,-3.00661410554119
H677Q:F691I,0.4336521625518799,0.520830974420769
H677Q:F691L,0.5976412296295166,-0.899109729270451
H677Q:F691S,1.2416130304336548,-0.740159507465762
H677Q:F691V,0.8938653469085693,0.0428652980548337
H677Q:F691Y,0.2227931022644043,-0.425987006879358
H677Q:G680E,0.5009804964065552,-0.744626734727343
H677Q:G680R,0.034662842750549316,-0.522243281684152
H677Q:G680V,0.13182151317596436,-0.43206795374507
H677Q:G696A,0.07286250591278076,-2.93913678268726
H677Q:G696C,-1.1049596071243286,-1.23561449999754
H677Q:G696D,-0.012919068336486816,-3.14002884040078
H677Q:G696R,-0.005641818046569824,-0.367471739160078
H677Q:G696S,0.4458664655685425,-0.0538733319023657
H677Q:G696V,-0.13729965686798096,-1.47129396200834
H677Q:G700C,-2.9455692768096924,-1.7951364351474
H677Q:G700D,-1.6468955278396606,-3.87989593146447
H677Q:G700S,-1.04296875,-2.83735408837731
H677Q:G704E,-3.2844202518463135,-3.90946598033646
H677Q:G704R,-3.077650547027588,-3.31006008793157
H677Q:G704V,-2.0004782676696777,-3.60164949742805
H677Q:G708C,-1.0999553203582764,-1.16507674810174
H677Q:G708D,-3.195939064025879,-3.5631180937667
H677Q:G708R,-3.1651363372802734,-3.51611253148516
H677Q:G708S,-0.5404446125030518,-2.79263990990235
H677Q:G708V,-0.1447904109954834,-2.77266503111069
H677Q:G709A,0.2971063256263733,-3.83159679342534
H677Q:G709C,-0.41624879837036133,-1.2749040614409
H677Q:G709D,-2.8619401454925537,-1.96307695581495
H677Q:G709S,-0.3183687925338745,-2.5129273849936
H677Q:H684L,0.5244532823562622,-1.70151355091001
H677Q:H684N,0.46161866188049316,0.643575861810588
H677Q:H684Q,0.46844613552093506,-0.996999446449727
H677Q:H684R,0.44176506996154785,-0.518758622450562
H677Q:H684Y,-0.1307278871536255,-0.412973815828404
H677Q:H685L,0.09887564182281494,-0.49175868830814
H677Q:H685N,0.4408918619155884,0.152754927622316
H677Q:H685P,0.6419945955276489,-1.51839398476924
H677Q:H685Q,0.42205238342285156,-1.36041860267911
H677Q:H685R,0.46742773056030273,-1.17674825934769
H677Q:H685Y,-0.2878056764602661,-0.780640867200267
H677Q:I702F,-1.1134889125823975,-2.01610449044301
H677Q:I702N,-1.9836411476135254,-1.60589930681128
H677Q:I702T,-1.235548734664917,-1.10469567519206
H677Q:I702V,-0.28741657733917236,-1.41106448663256
H677Q:I703F,-1.4417312145233154,-4.52165025892896
H677Q:I703N,-3.0913517475128174,-3.18736865963455
H677Q:I703T,-1.1796886920928955,-3.29408955025004
H677Q:I703V,-0.061130523681640625,-2.31023434365196
H677Q:I712K,-3.486969232559204,-3.33108516963827
H677Q:I712L,0.6626756191253662,-2.28255838546228
H677Q:I712M,-0.5454849004745483,-2.36481957457969
H677Q:I712T,-0.6125086545944214,-3.81276524331976
H677Q:I712V,0.5044722557067871,-3.12718779488774
H677Q:K687E,0.41631197929382324,-1.10106526597388
H677Q:K687I,-0.8821618556976318,-1.89607655010451
H677Q:K687N,0.22650814056396484,0.505775436040373
H677Q:K687Q,0.10112607479095459,-1.59630601765345
H677Q:K687R,0.15313243865966797,-1.13121227318711
H677Q:K687T,-0.15757226943969727,0.765438060890372
H677Q:K699E,-0.38807785511016846,-2.4542379942128
H677Q:K699I,0.21389389038085938,-1.82263115361898
H677Q:K699N,-0.19418156147003174,-0.391788022127974
H677Q:K699Q,-0.3079746961593628,-1.11473676972011
H677Q:K699R,0.03439939022064209,-1.02980693284851
H677Q:K699T,0.9163537621498108,-2.46891045672766
H677Q:L688F,-0.10272717475891113,0.823995948049624
H677Q:L688M,-0.03249764442443848,0.0302478405220038
H677Q:L688S,1.067040205001831,-0.439380780969492
H677Q:L705F,-0.3515740633010864,-0.918752050324681
H677Q:L705H,-2.636268377304077,-3.83455168541211
H677Q:L705I,0.466170072555542,0.968813456491257
H677Q:L705P,-0.6873177289962769,-3.69263165118101
H677Q:L705R,-1.894714593887329,-3.89959873287455
H677Q:L705V,0.2629814147949219,0.202679532888366
H677Q:M706I,1.8119215965270996,-1.87570820863403
H677Q:M706K,-2.4739596843719482,-4.42781859801296
H677Q:M706L,1.0448939800262451,-3.68543209390382
H677Q:M706T,1.5191590785980225,-3.51925112050094
H677Q:M706V,2.279871940612793,-2.74793864985372
H677Q:N698D,-0.23655378818511963,-3.72428285848923
H677Q:N698H,-0.40304315090179443,-2.65511759865587
H677Q:N698I,-1.113634705543518,-0.299201391263455
H677Q:N698S,0.20674115419387817,-3.68936257451423
H677Q:N698T,-0.4681750535964966,-4.1350792160676
H677Q:N698Y,-1.0217124223709106,0.0072705042462904
H677Q:Q686H,0.13037109375,-0.242880274821255
H677Q:Q686K,0.6858547925949097,-1.50801434510173
H677Q:Q686L,-0.3050057888031006,0.206027513235347
H677Q:Q686P,0.5824031829833984,1.19629640517253
H677Q:Q686R,0.5329558849334717,-2.29952269654609
H677Q:S679L,0.0036950111389160156,-1.32581187950243
H677Q:S679P,0.059880733489990234,-0.617126769736409
H677Q:S679T,-0.01886606216430664,-0.41258188289571
H677Q:S697L,1.089344084262848,-0.913716545176205
H677Q:S697P,-0.05919206142425537,-2.98107767928836
H677Q:S697T,0.06932532787322998,-0.7226432484194
H677Q:V683A,0.22304368019104004,-1.00678596327427
H677Q:V683D,0.49621570110321045,-0.372884056386589
H677Q:V683F,-0.12434327602386475,0.0589855803814891
H677Q:V683I,0.030343055725097656,-0.570774004555287
H677Q:V683L,0.14943206310272217,-2.54967201592553
H677Q:V689A,0.5638532638549805,-1.31956167021407
H677Q:V689E,0.8287416696548462,-0.989371772692721
H677Q:V689G,0.8498489856719971,-1.08399045716469
H677Q:V689M,-0.1595630645751953,-0.795693104235414
H677Q:V695A,0.4960756301879883,-0.79899433853929
H677Q:V695E,0.9157464504241943,-1.56498316021516
H677Q:V695G,0.6858773231506348,0.723918982689978
H677Q:V695L,0.2569291591644287,-1.46472417025076
H677Q:V695M,-0.2965571880340576,0.250480245176296
H677Q:V707A,-0.7438250780105591,-2.34972508828753
H677Q:V707E,-3.9398210048675537,-2.16899456837905
H677Q:V707G,-1.798142910003662,-3.97105769685669
H677Q:V707L,-0.7080045938491821,-0.175675589871118
H677Q:V707M,-1.7951099872589111,-0.377491067356446
H677Q:V710A,0.09448981285095215,-3.72679519002082
H677Q:V710D,-3.636976480484009,-4.47910177073306
H677Q:V710F,-0.3881409168243408,-2.68320340855005
H677Q:V710I,0.09514880180358887,-0.55047255202635
H677Q:V710L,0.06439352035522461,-2.27146868742829
H677Q:V711A,-0.2766087055206299,-3.87277562851592
H677Q:V711D,-3.8816921710968018,-4.02314390119139
H677Q:V711F,-0.5639232397079468,-3.31520636201717
H677Q:V711G,-0.9982874393463135,-4.43240326335931
H677Q:V711I,-0.09012305736541748,-1.74435355275182
H677Q:V711L,0.18227481842041016,-4.62911355760537
H677Q:Y681C,-0.9900515079498291,-0.185447121382112
H677Q:Y681F,0.41006898880004883,-0.351128292516167
H677Q:Y681H,0.5892534255981445,-0.265905157572667
H677Q:Y681N,0.8025339841842651,-0.0273441194089658
H677Q:Y681S,1.0518522262573242,-0.439139887175665
H677R,0.8834781646728516,-0.0416330279451225
H677R:A692E,1.220242202281952,-1.31556694117247
H677R:A692G,0.827721118927002,-0.646788823796547
H677R:A692T,0.4716259241104126,0.251433820252568
H677R:A692V,0.31404972076416016,0.667689381743239
H677R:A701E,-0.7061724662780762,-3.38816698872555
H677R:A701S,-0.3925619125366211,-2.39552133609827
H677R:A701T,0.1461331844329834,0.897825429094625
H677R:A701V,0.5095385313034058,1.68948930555157
H677R:A713E,-2.981898069381714,-3.30909237116687
H677R:A713P,-1.481060266494751,-1.25916871944732
H677R:A713S,-0.6348128318786621,-0.478859317169709
H677R:A713T,-0.2828998565673828,0.154730482687524
H677R:A713V,0.772447407245636,0.630995774435859
H677R:D678E,0.5318107604980469,-1.031673912021
H677R:D678G,0.39637112617492676,0.202105358354459
H677R:D678N,0.1114203929901123,0.44076865169261
H677R:D678V,0.3575897216796875,-0.928130572277522
H677R:D678Y,-0.17748725414276123,-1.45000526544687
H677R:D694E,0.5629730224609375,0.407764531243696
H677R:D694G,0.1845841407775879,0.850824068643069
H677R:D694N,0.26369357109069824,0.697143936369546
H677R:D694V,0.14325690269470215,-3.2439415756159
H677R:D694Y,0.03903543949127197,-2.83854592833475
H677R:E682A,0.2421635389328003,-0.0893064750536494
H677R:E682D,0.5573339462280273,0.29318815776118
H677R:E682G,0.4532710313796997,0.081632788955612
H677R:E682K,0.2709677219390869,0.765395475512517
H677R:E682V,0.31272637844085693,0.316649886158973
H677R:E693D,0.4011324644088745,0.104469576478315
H677R:E693G,0.15688014030456543,2.09866208859239
H677R:E693K,0.2903625965118408,0.586678892025359
H677R:E693V,-0.4255702495574951,-0.543734358604126
H677R:F690I,0.4903910160064697,0.764228321010433
H677R:F690L,0.8137722015380859,-0.206623635045109
H677R:F690S,1.7839157581329346,-1.567621435086
H677R:F690V,0.9229445457458496,0.826984256820505
H677R:F690Y,0.687985897064209,-1.33724848747442
H677R:F691C,-0.4735124111175537,-2.64505313548446
H677R:F691I,0.6423773765563965,0.794022472705886
H677R:F691L,0.8063664436340332,-0.355912346681965
H677R:F691S,1.4503382444381714,-0.49968558393441
H677R:F691Y,0.4315183162689209,-0.0920503116929955
H677R:G680E,0.7097057104110718,-1.15619558262376
H677R:G680R,0.24338805675506592,0.0322836799081219
H677R:G680V,0.34054672718048096,-0.61009713163967
H677R:G696C,-0.896234393119812,-0.50842450500828
H677R:G696D,0.19580614566802979,-2.15679812025485
H677R:G696R,0.20308339595794678,-1.03438772235829
H677R:G696S,0.6545916795730591,0.340486662609465
H677R:G696V,0.07142555713653564,-0.454527266205147
H677R:G700A,-0.40533268451690674,-1.13302119232505
H677R:G700C,-2.736844062805176,-1.04245361446037
H677R:G700D,-1.438170313835144,-3.17827074986813
H677R:G700S,-0.8342435359954834,-2.89774361634525
H677R:G700V,-1.3754366636276245,0.476095417961245
H677R:G704E,-3.075695037841797,-2.59751434302855
H677R:G704R,-2.8689253330230713,-2.23755190262862
H677R:G704V,-1.7917530536651611,-3.22408843905638
H677R:G708C,-0.8912301063537598,-0.662271156643318
H677R:G708D,-2.9872138500213623,-0.72355879543262
H677R:G708S,-0.33171939849853516,-2.78376324139153
H677R:G708V,0.0639348030090332,-2.50518459161208
H677R:G709C,-0.20752358436584473,-0.564240081399174
H677R:G709D,-2.653214931488037,-2.5326658727168
H677R:G709R,-3.208108901977539,-3.42310292040669
H677R:G709S,-0.10964357852935791,-1.74636144415067
H677R:H684L,0.7331784963607788,-0.63689578857594
H677R:H684N,0.6703438758850098,0.392865398384112
H677R:H684Q,0.6771713495254517,-0.238134923150773
H677R:H684R,0.6504902839660645,-0.217940010078629
H677R:H684Y,0.07799732685089111,0.264792411017576
H677R:H685L,0.30760085582733154,-0.0239942703490722
H677R:H685N,0.649617075920105,-0.122124958601618
H677R:H685P,0.8507198095321655,0.347379571186855
H677R:H685Q,0.6307775974273682,-0.860793020835667
H677R:H685R,0.6761529445648193,-0.18474887554777
H677R:H685Y,-0.07908046245574951,-1.26928235327829
H677R:I702F,-0.9047636985778809,-2.35218880024104
H677R:I702N,-1.7749159336090088,-1.29417247406931
H677R:I702T,-1.0268235206604004,-0.351431722129481
H677R:I702V,-0.07869136333465576,-1.08211125550558
H677R:I703F,-1.2330060005187988,-3.459366542762
H677R:I703N,-2.882626533508301,-3.58272542895812
H677R:I703T,-0.9709634780883789,-3.4227270306327
H677R:I703V,0.14759469032287598,-1.48115536345752
H677R:I712K,-3.2782440185546875,-3.1971597478543
H677R:I712L,0.8714008331298828,-1.55018070910888
H677R:I712M,-0.33675968647003174,-2.25125748999741
H677R:I712T,-0.4037834405899048,-3.44962953547995
H677R:I712V,0.7131974697113037,-2.45998063224724
H677R:K687E,0.6250371932983398,-0.771776205217984
H677R:K687I,-0.6734366416931152,-2.53593030850688
H677R:K687N,0.43523335456848145,0.31598236617776
H677R:K687Q,0.3098512887954712,0.0986019687946507
H677R:K687R,0.36185765266418457,-0.700344645353527
H677R:K687T,0.051152944564819336,0.176534094517847
H677R:K699E,-0.17935264110565186,-2.56454761496567
H677R:K699I,0.422619104385376,-1.07587856251819
H677R:K699N,0.014543652534484863,-0.660163686421596
H677R:K699Q,-0.09924948215484619,-2.30850995910864
H677R:K699R,0.2431246042251587,-0.531132438832709
H677R:L688F,0.10599803924560547,0.695965544243391
H677R:L688M,0.17622756958007812,0.293537174883292
H677R:L688S,1.2757654190063477,0.387628395762507
H677R:L688V,0.678310751914978,0.853484230221956
H677R:L688W,-0.567596435546875,0.0101423474276118
H677R:L705F,-0.14284884929656982,-0.697718179247033
H677R:L705H,-2.4275431632995605,-2.69173714842773
H677R:L705I,0.6748952865600586,1.31901660707816
H677R:L705P,-0.47859251499176025,-3.63901245580428
H677R:L705R,-1.6859893798828125,-2.96225869179018
H677R:M706I,2.020646810531616,-2.14221124476697
H677R:M706K,-2.2652344703674316,-3.94232159803572
H677R:M706L,1.2536191940307617,-2.90687205678839
H677R:M706T,1.727884292602539,-2.75353444709704
H677R:M706V,2.4885971546173096,-2.32579547227046
H677R:N698D,-0.027828574180603027,-3.66590488565066
H677R:N698I,-0.9049094915390015,0.152363858679189
H677R:N698S,0.4154663681983948,-3.00712354071365
H677R:N698Y,-0.812987208366394,0.464474108526434
H677R:Q686H,0.3390963077545166,0.365951675004706
H677R:Q686K,0.8945800065994263,-0.843711974883317
H677R:Q686L,-0.09628057479858398,0.132381708886131
H677R:Q686P,0.791128396987915,0.648045189547439
H677R:Q686R,0.7416810989379883,-2.47766779186513
H677R:S679L,0.21242022514343262,-1.5038964183771
H677R:S679P,0.26860594749450684,0.205558044202123
H677R:S679T,0.18985915184020996,-0.448187842640326
H677R:S697A,0.2129279375076294,-1.77788170804647
H677R:S697L,1.2980692982673645,-0.511398536584687
H677R:S697P,0.14953315258026123,-1.96756445161892
H677R:S697T,0.2780505418777466,0.12833728356292
H677R:V683A,0.43176889419555664,-0.161888722825306
H677R:V683D,0.704940915107727,-0.173277283716962
H677R:V683F,0.08438193798065186,0.308882136038751
H677R:V683I,0.23906826972961426,0.23535531571863
H677R:V689A,0.7725784778594971,-1.00797962134637
H677R:V689E,1.0374668836593628,-0.504382299260838
H677R:V689G,1.0585741996765137,-0.221675214598629
H677R:V689M,0.04916214942932129,-0.276530101342132
H677R:V695A,0.7048008441925049,0.159239353944373
H677R:V695E,1.124471664428711,-0.791036913194627
H677R:V695G,0.8946025371551514,-0.888416260317632
H677R:V695M,-0.08783197402954102,0.167440342592845
H677R:V707A,-0.5350998640060425,-1.56619171631506
H677R:V707E,-3.731095790863037,-3.38686143312449
H677R:V707L,-0.4992793798446655,0.420631623340332
H677R:V707M,-1.5863847732543945,0.575316077707801
H677R:V710A,0.30321502685546875,-3.56189032727637
H677R:V710D,-3.428251266479492,-4.40641920783
H677R:V710I,0.30387401580810547,0.238394501262453
H677R:V711A,-0.06788349151611328,-3.56365286153316
H677R:V711D,-3.672966957092285,-3.73980014018284
H677R:V711F,-0.3551980257034302,-1.41287768797457
H677R:V711I,0.11860215663909912,-1.52713380687333
H677R:Y681C,-0.7813262939453125,-0.175773812956905
H677R:Y681F,0.6187942028045654,-0.414620352329029
H677R:Y681H,0.7979786396026611,-0.45944139484652
H677R:Y681L,0.9020465612411499,-1.56796413094266
H677R:Y681N,1.0112591981887817,-0.319107390999867
H677R:Y681S,1.2605774402618408,-1.18107723190504
H677S,1.1297276020050049,-0.540891620005969
H677T,0.9099447727203369,-0.35087409494441
H677V,0.6598606109619141,-1.35196365869939
H677W,-1.997532844543457,-0.375729250219004
H677Y,-0.252887487411499,-0.0001624512049459
H677Y:A692E,0.6520593762397766,-3.21551393355165
H677Y:A692T,-0.0965569019317627,-1.47729073940629
H677Y:A692V,-0.25413310527801514,0.478973869488393
H677Y:A701S,-0.9607447385787964,-4.51578487229837
H677Y:A701T,-0.4220496416091919,0.57206247929623
H677Y:A701V,-0.05864429473876953,0.508870977741247
H677Y:A713S,-1.2029956579208374,-1.00363614253788
H677Y:A713T,-0.8510826826095581,-0.764609138101708
H677Y:A713V,0.2042645812034607,0.377470955422901
H677Y:D678G,-0.17181169986724854,-0.293329457950835
H677Y:D678N,-0.456762433052063,-0.395849967740493
H677Y:D678V,-0.2105931043624878,-0.987145347313829
H677Y:D694E,-0.005209803581237793,0.0726951403050242
H677Y:D694G,-0.3835986852645874,0.58604563517639
H677Y:D694V,-0.42492592334747314,-4.32543114380715
H677Y:E682D,-0.01084887981414795,-0.600338285007475
H677Y:E682G,-0.11491179466247559,-0.136090535517812
H677Y:E682V,-0.25545644760131836,-0.227276252123279
H677Y:E693D,-0.16705036163330078,-0.0834552987965319
H677Y:E693G,-0.41130268573760986,2.12730997272089
H677Y:E693V,-0.9937530755996704,-0.380014971057967
H677Y:F690I,-0.07779181003570557,0.346515569707781
H677Y:F690L,0.24558937549591064,0.075738621273706
H677Y:F690S,1.2157329320907593,-3.28827361369092
H677Y:F690Y,0.11980307102203369,-2.43763043904229
H677Y:F691I,0.07419455051422119,-0.174415169701433
H677Y:F691L,0.2381836175918579,-1.59111898586818
H677Y:F691S,0.8821554183959961,-0.500927715042162
H677Y:F691Y,-0.1366645097732544,-0.728870762010642
H677Y:G680E,0.14152288436889648,-3.9438272818876
H677Y:G680R,-0.3247947692871094,-0.389613878464587
H677Y:G680V,-0.22763609886169434,-0.587761525523778
H677Y:G696C,-1.4644172191619873,-0.392184977934346
H677Y:G696D,-0.3723766803741455,-3.40936795698926
H677Y:G696S,0.08640885353088379,0.208930160535443
H677Y:G700C,-3.305026888847351,-1.75870527772844
H677Y:G700D,-2.0063531398773193,-4.01729571192901
H677Y:G700S,-1.4024263620376587,-3.2248006909828
H677Y:G704E,-3.643877863883972,-3.44990294878725
H677Y:G708C,-1.459412932395935,-0.355698375299293
H677Y:G708D,-3.5553966760635376,-3.24631611069349
H677Y:G708S,-0.8999022245407104,-4.33837642600821
H677Y:G708V,-0.5042480230331421,-4.23920417138926
H677Y:G709C,-0.77570641040802,-1.52296765464227
H677Y:G709S,-0.6778264045715332,-3.15829902914146
H677Y:G709V,0.07545691728591919,-4.1103197641902
H677Y:H684L,0.16499567031860352,-1.250846864252
H677Y:H684Q,0.10898852348327637,-1.2338262971387
H677Y:H684R,0.08230745792388916,-0.816475603637488
H677Y:H684Y,-0.4901854991912842,0.677171978591846
H677Y:H685L,-0.26058197021484375,-0.524148651597369
H677Y:H685N,0.08143424987792969,-0.69598683368147
H677Y:H685Q,0.06259477138519287,-0.447701390896843
H677Y:H685R,0.10797011852264404,-2.29963881139034
H677Y:I702F,-1.4729465246200562,-2.14101891460532
H677Y:I702N,-2.343098759651184,-2.06020834524519
H677Y:I702T,-1.5950063467025757,-1.7920054413749
H677Y:I702V,-0.646874189376831,-2.55638955835162
H677Y:I703F,-1.8011888265609741,-4.2929708664184
H677Y:I703N,-3.450809359550476,-1.88656157816777
H677Y:I703T,-1.5391463041305542,-3.64399249994434
H677Y:I703V,-0.4205881357192993,-2.53036525484154
H677Y:I712K,-3.846426844596863,-3.53277357502314
H677Y:I712L,0.3032180070877075,-2.94395778902604
H677Y:I712M,-0.904942512512207,-2.67932867857406
H677Y:I712T,-0.9719662666320801,-4.17563553079798
H677Y:I712V,0.14501464366912842,-3.44978704124183
H677Y:K687E,0.05685436725616455,-2.61071827103146
H677Y:K687I,-1.2416194677352905,-3.63569613717302
H677Y:K687N,-0.13294947147369385,-0.384885298626672
H677Y:K687R,-0.20632517337799072,-1.43026257761811
H677Y:K699E,-0.7475354671478271,-2.47110730640214
H677Y:K699I,-0.14556372165679932,-1.755691874199
H677Y:K699N,-0.5536391735076904,-1.55273331498958
H677Y:K699R,-0.3250582218170166,-2.3700411562301
H677Y:L688F,-0.4621847867965698,0.479416042043509
H677Y:L688M,-0.39195525646209717,0.0585341724237734
H677Y:L688S,0.7075825929641724,-0.647853626205133
H677Y:L705F,-0.7110316753387451,-0.935539259187224
H677Y:L705H,-2.995725989341736,-3.62902113931982
H677Y:L705P,-1.0467753410339355,-3.73677900501839
H677Y:M706I,1.452463984489441,-2.87944130129795
H677Y:M706K,-2.833417296409607,-3.85453920536198
H677Y:M706L,0.6854363679885864,-3.45059619213314
H677Y:M706T,1.1597014665603638,-3.41801769835868
H677Y:M706V,1.9204143285751343,-1.98013489761547
H677Y:N698D,-0.5960114002227783,-4.39275620847169
H677Y:N698I,-1.4730923175811768,-0.211155300845703
H677Y:N698S,-0.15271645784378052,-3.53659931469218
H677Y:N698Y,-1.3811700344085693,-0.230535203976431
H677Y:Q686H,-0.2290865182876587,0.247468131230968
H677Y:Q686L,-0.6644634008407593,-1.85802376825411
H677Y:Q686R,0.173498272895813,-3.42184383517479
H677Y:S679P,-0.29957687854766846,-0.692397797584651
H677Y:S679T,-0.37832367420196533,-1.13954672800894
H677Y:S697L,0.7298864722251892,-0.969696136221748
H677Y:S697P,-0.41864967346191406,-3.12790446245359
H677Y:S697T,-0.2901322841644287,-0.438054478750156
H677Y:V683A,-0.13641393184661865,-0.184183261882881
H677Y:V683D,0.13675808906555176,-1.05242570291855
H677Y:V683F,-0.48380088806152344,-1.36836801141231
H677Y:V683I,-0.32911455631256104,-0.163288322721559
H677Y:V689A,0.20439565181732178,-1.22847009532471
H677Y:V689E,0.4692840576171875,-1.45085892635973
H677Y:V689G,0.4903913736343384,-3.45250999561769
H677Y:V689M,-0.519020676612854,-0.691414759710468
H677Y:V695A,0.1366180181503296,-0.529800211613608
H677Y:V695E,0.5562888383865356,-1.32818938311352
H677Y:V695M,-0.6560148000717163,-1.7779861793087
H677Y:V707A,-1.1032826900482178,-1.89161615517686
H677Y:V707E,-4.299278616905212,-4.29249368119681
H677Y:V707M,-2.15456759929657,0.606533179287535
H677Y:V710A,-0.26496779918670654,-3.83049506040693
H677Y:V710D,-3.9964340925216675,-3.60653125008557
H677Y:V710I,-0.2643088102340698,-0.341775020740516
H677Y:V711A,-0.6360663175582886,-3.44740694301585
H677Y:V711D,-4.2411497831344604,-3.93348828929928
H677Y:V711I,-0.44958066940307617,-2.11455646662888
H677Y:V711L,-0.17718279361724854,-4.71463573104353
H677Y:Y681C,-1.3495091199874878,-0.253200901087454
H677Y:Y681F,0.05061137676239014,0.201456724920822
H677Y:Y681H,0.22979581356048584,0.496555086858198
H677Y:Y681N,0.44307637214660645,-1.83549157012546
H684A,0.4339444637298584,-0.445826210797478
H684C,-3.017254590988159,0.579878203652201
H684D,1.1630585193634033,-1.055280256029195
H684D:F690L,0.9535623788833618,-3.43697521092644
H684D:I702S,-1.6647270917892456,-4.51578487229837
H684D:I703F,-1.093215823173523,-4.1002694283367
H684E,1.2302391529083252,-1.20501421118868
H684F,-0.3911154270172119,0.8485024886858781
H684G,0.740525484085083,-0.562128448783658
H684I,0.16343331336975098,1.1656131002872856
H684K,0.9039657115936279,-0.739589522098851
H684L,0.582878828048706,-1.041769051668574
H684L:A692E,1.0699425339698792,-1.42388362740426
H684L:A692S,0.6125177145004272,0.0272264324508694
H684L:A692T,0.32132625579833984,-2.62119076027471
H684L:A692V,0.1637500524520874,-0.147774929368544
H684L:A701E,-0.8564721345901489,-3.60445716875243
H684L:A701S,-0.5428615808486938,-4.24688803308656
H684L:A701T,-0.0041664838790893555,-0.108935372079728
H684L:A701V,0.359238862991333,0.436480773054614
H684L:A713E,-3.1321977376937866,-3.89893911428312
H684L:A713G,-0.42283523082733154,-3.77852683804836
H684L:A713S,-0.7851125001907349,-1.05175270746423
H684L:A713T,-0.43319952487945557,0.829724935639176
H684L:A713V,0.6221477389335632,-0.446396088304639
H684L:D694E,0.41267335414886475,-0.268729714314478
H684L:D694G,0.03428447246551514,-0.245241291197131
H684L:D694N,0.11339390277862549,-0.330205610497154
H684L:D694V,-0.0070427656173706055,-0.982930266853254
H684L:D694Y,-0.11126422882080078,-3.51277174554067
H684L:E693D,0.25083279609680176,-0.0943575769044221
H684L:E693G,0.006580471992492676,1.57395215417656
H684L:E693K,0.14006292819976807,-2.51372663696256
H684L:E693V,-0.5758699178695679,-2.51203718783739
H684L:F690I,0.340091347694397,0.17057783592847
H684L:F690L,0.6634725332260132,-1.74616456674965
H684L:F690S,1.6336160898208618,-1.34345254064626
H684L:F690V,0.7726448774337769,-2.24536025319254
H684L:F690Y,0.5376862287521362,-1.03510606237272
H684L:F691C,-0.6238120794296265,-4.43929331813752
H684L:F691I,0.49207770824432373,0.0106570702020265
H684L:F691L,0.6560667753219604,-1.25677417130797
H684L:F691S,1.3000385761260986,-0.389874670853058
H684L:F691Y,0.28121864795684814,-1.05639902946591
H684L:G696C,-1.0465340614318848,-2.34690058741297
H684L:G696D,0.04550647735595703,-3.82614561171602
H684L:G696S,0.5042920112609863,-0.415105545857257
H684L:G700A,-0.5556323528289795,-4.64118217391183
H684L:G700C,-2.8871437311172485,-2.39493994046127
H684L:G700D,-1.5884699821472168,-4.30696007263399
H684L:G704E,-3.2259947061538696,-4.22810279984658
H684L:G704R,-3.019225001335144,-4.81195316056695
H684L:G704V,-1.9420527219772339,-4.25442010816396
H684L:G708C,-1.0415297746658325,-2.4074518386262
H684L:G708D,-3.137513518333435,-4.42418779272594
H684L:G708S,-0.4820190668106079,-2.77964538288201
H684L:G708V,-0.08636486530303955,-4.05964134934048
H684L:G709C,-0.3578232526779175,-2.47139259969138
H684L:G709D,-2.80351459980011,-2.44819846630403
H684L:G709S,-0.25994324684143066,-2.84665439612368
H684L:H685L,0.1573011875152588,-2.75858214266283
H684L:H685N,0.4993174076080322,-1.03673183071014
H684L:H685Q,0.4804779291152954,-1.55174410079581
H684L:H685R,0.5258532762527466,-1.02490678238403
H684L:H685Y,-0.22938013076782227,-3.66403266156178
H684L:I702F,-1.0550633668899536,-3.38437309051491
H684L:I702N,-1.9252156019210815,-1.77147729670343
H684L:I702T,-1.1771231889724731,-1.80931106719108
H684L:I702V,-0.22899103164672852,-2.72792373020464
H684L:I703F,-1.3833056688308716,-3.59949473591994
H684L:I703N,-3.0329262018203735,-4.81578664317948
H684L:I703T,-1.1212631464004517,-4.83012380402192
H684L:I703V,-0.0027049779891967773,-3.61803577682767
H684L:I712K,-3.4285436868667603,-4.42711876473607
H684L:I712L,0.7211011648178101,-3.51250965343373
H684L:I712M,-0.4870593547821045,-1.99501662444873
H684L:I712R,-4.020720601081848,-4.62911355760537
H684L:I712T,-0.5540831089019775,-3.57192636873459
H684L:I712V,0.562897801399231,-2.55632501251194
H684L:K687E,0.4747375249862671,-1.98531356465772
H684L:K687I,-0.823736310005188,-3.16277648881194
H684L:K687N,0.2849336862564087,-0.736464036569032
H684L:K687Q,0.15955162048339844,-0.444131721278335
H684L:K687R,0.21155798435211182,-2.48462239521117
H684L:K687T,-0.09914672374725342,-1.0887380355944
H684L:K699E,-0.3296523094177246,-2.79965328850324
H684L:K699I,0.2723194360733032,-3.10033948812307
H684L:K699N,-0.1357560157775879,-0.865051602086822
H684L:K699R,0.09282493591308594,-2.65196163624556
H684L:K699T,0.9747793078422546,-2.69105250589471
H684L:L688F,-0.044301629066467285,-0.675392362994733
H684L:L688M,0.02592790126800537,-0.288110016654612
H684L:L688S,1.125465750694275,-0.931901641253928
H684L:L705F,-0.2931485176086426,-2.3288454170411
H684L:L705H,-2.5778428316116333,-3.91710990041239
H684L:L705I,0.5245956182479858,0.38558969449168
H684L:L705P,-0.628892183303833,-3.43549337157246
H684L:L705R,-1.8362890481948853,-4.68590377843864
H684L:M706I,1.8703471422195435,-3.47684111211049
H684L:M706K,-2.4155341386795044,-4.52294227213121
H684L:M706L,1.103319525718689,-3.54492971993063
H684L:M706T,1.5775846242904663,-4.68448852490178
H684L:M706V,2.338297486305237,-3.3533519738825
H684L:N698D,-0.17812824249267578,-4.39255670257871
H684L:N698I,-1.0552091598510742,-1.030289563707
H684L:N698S,0.265166699886322,-3.6006930040295
H684L:N698Y,-0.9632868766784668,-2.04167448323978
H684L:Q686H,0.18879663944244385,-1.58904614343434
H684L:Q686K,0.7442803382873535,-3.40835759454703
H684L:Q686L,-0.24658024311065674,-3.57673658017767
H684L:Q686P,0.6408287286758423,1.08351364444953
H684L:Q686R,0.5913814306259155,-2.92328610483749
H684L:S697L,1.1477696299552917,-1.42993930132231
H684L:S697P,-0.0007665157318115234,-3.32705199933305
H684L:S697T,0.12775087356567383,-0.608958544553442
H684L:V689A,0.6222788095474243,-2.7157395777207
H684L:V689E,0.88716721534729,-1.73530262566274
H684L:V689G,0.9082745313644409,-3.07897323000356
H684L:V689L,0.3714393377304077,-4.53558749959454
H684L:V689M,-0.10113751888275146,-0.358245286059146
H684L:V695A,0.5545011758804321,-0.203257119059543
H684L:V695E,0.9741719961166382,-0.59876843057212
H684L:V695G,0.7443028688430786,-0.0814324186227434
H684L:V695L,0.31535470485687256,-3.78991041834879
H684L:V695M,-0.23813164234161377,-1.06835153255014
H684L:V707A,-0.6853995323181152,-2.48071665184316
H684L:V707E,-3.88139545917511,-3.53240266531044
H684L:V707G,-1.7397173643112183,-1.87723410414651
H684L:V707L,-0.6495790481567383,-0.997526318616845
H684L:V707M,-1.7366844415664673,-1.20137162717918
H684L:V710A,0.152915358543396,-4.02148855048358
H684L:V710D,-3.578550934791565,-5.07127003398381
H684L:V710F,-0.329715371131897,-3.86456816909073
H684L:V710I,0.15357434749603271,-1.07628440062682
H684L:V710L,0.12281906604766846,-2.98707814327231
H684L:V711A,-0.21818315982818604,-4.4299258707609
H684L:V711D,-3.823266625404358,-4.94292650860778
H684L:V711F,-0.5054976940155029,-2.65511759865587
H684L:V711I,-0.03169751167297363,-3.09996280974086
H684L:V711L,0.240700364112854,-4.57405378042234
H684M,-0.6946074962615967,0.598851757702398
H684N,0.45720958709716797,1.498661875676213
H684N:A692T,0.2584916353225708,0.0489283168576112
H684N:A701V,0.29640424251556396,1.59059724322213
H684N:A713S,-0.8479471206665039,0.110020932502719
H684N:A713T,-0.4960341453552246,1.95134904159103
H684N:A713V,0.5593131184577942,1.80701226861465
H684N:D694E,0.3498387336730957,0.377067386141507
H684N:D694G,-0.028550148010253906,0.402184691886892
H684N:D694Y,-0.17409884929656982,-3.59949414042421
H684N:E693D,0.18799817562103271,0.960547393574901
H684N:E693G,-0.05625414848327637,2.16984749082582
H684N:E693V,-0.6387045383453369,0.255052917910501
H684N:F690I,0.27725672721862793,1.06666500225714
H684N:F690L,0.6006379127502441,0.590391941655833
H684N:F690Y,0.4748516082763672,1.59772710925246
H684N:F691I,0.4292430877685547,0.527473035305364
H684N:F691L,0.5932321548461914,-0.0074734822104256
H684N:F691S,1.2372039556503296,-0.223544287069221
H684N:F691Y,0.2183840274810791,0.759377536613536
H684N:G696D,-0.01732814311981201,-2.60909543639633
H684N:G700C,-2.9499783515930176,0.68396642912692
H684N:G700D,-1.6513046026229858,-3.0073198533033
H684N:G704E,-3.2888293266296387,-3.8809065998624
H684N:G708C,-1.1043643951416016,0.158361101642113
H684N:G708D,-3.200348138809204,-2.54934915058371
H684N:G709C,-0.4206578731536865,0.34475458370848
H684N:G709D,-2.866349220275879,-1.80189259489335
H684N:G709S,-0.3227778673171997,-1.79942196845437
H684N:H685L,0.09446656703948975,-0.416376490490553
H684N:H685N,0.4364827871322632,-0.502957167748253
H684N:H685Q,0.41764330863952637,0.206353946034708
H684N:H685R,0.46301865577697754,0.79489308844811
H684N:H685Y,-0.2922147512435913,0.717993973112101
H684N:I702F,-1.1178979873657227,-0.979479728114365
H684N:I702N,-1.9880502223968506,-2.0992555199551
H684N:I702T,-1.2399578094482422,-1.2123516594021
H684N:I702V,-0.29182565212249756,0.658511501497241
H684N:I703F,-1.4461402893066406,-3.00165713966859
H684N:I703V,-0.06553959846496582,-1.67737285333291
H684N:I712K,-3.4913783073425293,-2.66468935594952
H684N:I712L,0.658266544342041,-0.960196696443562
H684N:I712V,0.5000631809234619,-2.30793192514507
H684N:K687E,0.41190290451049805,-2.46065365071067
H684N:K687I,-0.886570930480957,-1.17371283581522
H684N:K687N,0.22209906578063965,0.976014829790548
H684N:K687R,0.14872336387634277,0.116255855593861
H684N:K699E,-0.39248692989349365,-2.33691750987094
H684N:K699I,0.20948481559753418,-1.65922296091998
H684N:K699N,-0.19859063625335693,-0.253284397479288
H684N:K699Q,-0.312383770942688,-1.7990009912274
H684N:K699R,0.029990315437316895,0.553435530542238
H684N:L688M,-0.03690671920776367,0.193832297707326
H684N:L688S,1.0626311302185059,0.562258967462879
H684N:L705H,-2.6406774520874023,-2.88311257492484
H684N:L705P,-0.691726803779602,-3.58062242488578
H684N:M706I,1.8075125217437744,-0.85322527078302
H684N:M706K,-2.4783687591552734,-3.6052755342112
H684N:M706L,1.04048490524292,-1.04871221086265
H684N:M706V,2.2754628658294678,-0.654122436745209
H684N:N698D,-0.24096286296844482,-3.33539720191619
H684N:N698I,-1.1180437803268433,0.20716834934611
H684N:N698Y,-1.0261214971542358,0.259151105474514
H684N:Q686H,0.1259620189666748,0.381783689981346
H684N:Q686L,-0.3094148635864258,0.315795191857839
H684N:Q686R,0.5285468101501465,-0.491700407174895
H684N:S697L,1.0849350094795227,0.454688856248368
H684N:S697P,-0.06360113620758057,-0.0534722436454353
H684N:S697T,0.06491625308990479,0.960090805055449
H684N:V689A,0.5594441890716553,-0.451565863786325
H684N:V689E,0.824332594871521,-0.40382306079909
H684N:V689M,-0.1639721393585205,0.271260526569486
H684N:V695A,0.4916665554046631,0.193990889620266
H684N:V695E,0.9113373756408691,-0.821023025073913
H684N:V707A,-0.7482341527938843,-1.84297066521972
H684N:V707E,-3.944230079650879,-2.4008693846451
H684N:V707M,-1.7995190620422363,0.462589559579669
H684N:V710A,0.09008073806762695,-2.71919492386129
H684N:V710D,-3.641385555267334,-3.97386146579214
H684N:V711A,-0.2810177803039551,-2.67888080000961
H684N:V711D,-3.886101245880127,-2.97376247825748
H684N:V711I,-0.09453213214874268,-0.159377293165902
H684P,1.0168159008026123,0.866840812462206
H684P:A701V,0.5762073993682861,-0.144090842788241
H684P:F690L,0.8804410696029663,-0.272049436076547
H684P:F691Y,0.49818718433380127,-2.51815904152742
H684P:G709S,-0.04297471046447754,-0.499965073188575
H684P:K699R,0.30979347229003906,0.52833663747029
H684P:L705F,-0.07617998123168945,-1.62715073430074
H684P:M706K,-2.1985656023025513,-3.82263769173842
H684P:V707E,-3.6644269227981567,-2.27146868742829
H684Q,0.47086453437805176,-0.3265910776037303
H684Q:A692E,1.013935387134552,-1.52729958418611
H684Q:A692G,0.621414303779602,-1.51932682715825
H684Q:A692S,0.5565105676651001,-1.74680394121048
H684Q:A692T,0.2653191089630127,-1.44887008354955
H684Q:A692V,0.10774290561676025,-0.109162361139294
H684Q:A701E,-0.9124792814254761,-3.59104659441968
H684Q:A701G,-0.5337973833084106,-1.39534912024342
H684Q:A701S,-0.598868727684021,-3.29500494965605
H684Q:A701T,-0.060173630714416504,0.783671967070656
H684Q:A701V,0.30323171615600586,0.796698452586102
H684Q:A713E,-3.1882048845291138,-4.1557121210732
H684Q:A713S,-0.841119647026062,-1.52182355790393
H684Q:A713T,-0.4892066717147827,-0.42530106032086
H684Q:A713V,0.5661405920982361,0.107106231917543
H684Q:D694E,0.3566662073135376,0.891779220643323
H684Q:D694G,-0.02172267436981201,0.108604780326331
H684Q:D694N,0.05738675594329834,0.508197511868742
H684Q:D694V,-0.06304991245269775,-3.98104816135595
H684Q:D694Y,-0.16727137565612793,-5.07914281934499
H684Q:E693D,0.1948256492614746,-0.637977788472218
H684Q:E693G,-0.04942667484283447,2.35580346121888
H684Q:E693K,0.08405578136444092,0.878841237967067
H684Q:E693V,-0.631877064704895,-1.15228469045727
H684Q:F690I,0.2840842008590698,0.787863583636936
H684Q:F690L,0.607465386390686,-0.325713009251743
H684Q:F690S,1.5776089429855347,-0.703134340683422
H684Q:F690V,0.7166377305984497,0.0900625452613427
H684Q:F690Y,0.4816790819168091,-0.786082741106144
H684Q:F691I,0.4360705614089966,-0.0887868235030992
H684Q:F691L,0.6000596284866333,-0.887276055522194
H684Q:F691S,1.2440314292907715,-0.478779292047412
H684Q:F691V,0.896283745765686,-1.40226956308799
H684Q:F691Y,0.225211501121521,-0.293301991514007
H684Q:G696C,-1.102541208267212,-1.29169466071024
H684Q:G696D,-0.010500669479370117,-3.45661663475783
H684Q:G696S,0.4482848644256592,-0.640165198606702
H684Q:G700C,-2.9431508779525757,-0.766922932478718
H684Q:G700D,-1.644477128982544,-4.58956331843562
H684Q:G700R,-1.453011393547058,-4.14298252525086
H684Q:G700S,-1.0405503511428833,-4.09891372485569
H684Q:G704E,-3.2820018529891968,-3.67989432954089
H684Q:G704R,-3.075232148170471,-4.01967262128013
H684Q:G704V,-1.998059868812561,-4.0030249698981
H684Q:G708C,-1.0975369215011597,-0.670073378595244
H684Q:G708D,-3.193520665168762,-2.48968492204905
H684Q:G708S,-0.5380262136459351,-3.73534562272646
H684Q:G708V,-0.1423720121383667,-3.39646894841489
H684Q:G709C,-0.41383039951324463,-1.6011348460587
H684Q:G709D,-2.859521746635437,-1.79091594084586
H684Q:G709S,-0.3159503936767578,-3.65789071685474
H684Q:H685L,0.10129404067993164,-0.822614760103153
H684Q:H685P,0.6444129943847656,-0.765988464417048
H684Q:H685Q,0.42447078227996826,-0.605451196431034
H684Q:H685R,0.46984612941741943,-1.07334376858222
H684Q:H685Y,-0.2853872776031494,-0.988926654737452
H684Q:I702F,-1.1110705137252808,-3.15490530710979
H684Q:I702N,-1.9812227487564087,-2.51385149702008
H684Q:I702T,-1.2331303358078003,-1.56580730834385
H684Q:I702V,-0.28499817848205566,-2.03076371365573
H684Q:I703F,-1.4393128156661987,-4.7890767991455
H684Q:I703N,-3.0889333486557007,-4.83432194181128
H684Q:I703T,-1.1772702932357788,-3.76255782174611
H684Q:I703V,-0.058712124824523926,-2.50579216419912
H684Q:I712K,-3.4845508337020874,-3.84753589646988
H684Q:I712L,0.6650940179824829,-3.16231429763549
H684Q:I712M,-0.5430665016174316,-3.11792677819717
H684Q:I712T,-0.6100902557373047,-4.32606639635754
H684Q:I712V,0.5068906545639038,-2.87210089453175
H684Q:K687E,0.41873037815093994,-3.12483853953023
H684Q:K687I,-0.8797434568405151,-2.17040080804249
H684Q:K687N,0.22892653942108154,-0.310143836047969
H684Q:K687Q,0.10354447364807129,0.138175477859159
H684Q:K687R,0.15555083751678467,-1.31429073371355
H684Q:K687T,-0.15515387058258057,0.445486399985656
H684Q:K699E,-0.38565945625305176,-4.07892111200847
H684Q:K699I,0.21631228923797607,-2.53030358425266
H684Q:K699N,-0.19176316261291504,-0.228684621412984
H684Q:K699Q,-0.3055562973022461,-3.01967564517127
H684Q:K699R,0.03681778907775879,-1.93622246742766
H684Q:L688F,-0.10030877590179443,0.175614476423523
H684Q:L688M,-0.030079245567321777,-0.557446069431177
H684Q:L688S,1.0694586038589478,-0.552828779993117
H684Q:L705F,-0.3491556644439697,-1.43135993375549
H684Q:L705H,-2.6338499784469604,-3.53552067348263
H684Q:L705P,-0.6848993301391602,-4.35043443748858
H684Q:L705V,0.2653998136520386,-0.217127280765529
H684Q:M706I,1.8143399953842163,-3.41547851411642
H684Q:M706K,-2.4715412855148315,-4.1459045609367
H684Q:M706L,1.0473123788833618,-3.26322923552487
H684Q:M706T,1.5215774774551392,-4.53970897887831
H684Q:M706V,2.2822903394699097,-2.32535701434398
H684Q:N698D,-0.23413538932800293,-3.84082824870432
H684Q:N698I,-1.1112163066864014,-0.306095772473853
H684Q:N698S,0.20915955305099487,-2.36343622447366
H684Q:N698T,-0.4657566547393799,-3.16721327706651
H684Q:N698Y,-1.019294023513794,0.117495537322999
H684Q:Q686H,0.1327894926071167,-1.22018768289946
H684Q:Q686K,0.6882731914520264,-1.82125970406407
H684Q:Q686L,-0.3025873899459839,-2.22975104750435
H684Q:Q686P,0.5848215818405151,-1.8208041495032
H684Q:Q686R,0.5353742837905884,-2.79635341652124
H684Q:S697A,0.006621122360229492,-4.08576228994317
H684Q:S697L,1.0917624831199646,0.108755627004176
H684Q:S697P,-0.05677366256713867,-3.38652341939566
H684Q:S697T,0.07174372673034668,-0.315321633566304
H684Q:V689A,0.5662716627120972,-2.20703946473367
H684Q:V689E,0.8311600685119629,-1.88408809835901
H684Q:V689G,0.8522673845291138,0.0114237722200148
H684Q:V689M,-0.1571446657180786,-1.65542113019495
H684Q:V695A,0.498494029045105,-1.54848354904576
H684Q:V695E,0.918164849281311,-1.92051065137842
H684Q:V695G,0.6882957220077515,-0.567674047110056
H684Q:V695M,-0.2941387891769409,-1.01555620821308
H684Q:V707A,-0.7414066791534424,-2.7562876279468
H684Q:V707E,-3.937402606010437,-2.50712196786848
H684Q:V707L,-0.7055861949920654,-0.229068417428808
H684Q:V707M,-1.7926915884017944,-1.00524211990732
H684Q:V710A,0.09690821170806885,-4.08960394366547
H684Q:V710D,-3.634558081626892,-3.72764346116846
H684Q:V710I,0.09756720066070557,-0.268551394061525
H684Q:V710L,0.06681191921234131,-4.06165459220892
H684Q:V711A,-0.2741903066635132,-4.01137521439213
H684Q:V711D,-3.879273772239685,-3.69571338499786
H684Q:V711F,-0.5615048408508301,-5.31329206818255
H684Q:V711G,-0.9958690404891968,-3.18775941930245
H684Q:V711I,-0.08770465850830078,-1.76143789301645
H684R,0.41750240325927734,-0.0096547441400865
H684R:A692E,0.9872543215751648,-1.63704303342988
H684R:A692G,0.5947332382202148,-0.663185287341019
H684R:A692P,0.48693275451660156,-4.43929331813752
H684R:A692T,0.2386380434036255,-1.17627329082147
H684R:A692V,0.08106184005737305,0.0667335221845919
H684R:A701E,-0.9391603469848633,-4.54529341895424
H684R:A701S,-0.6255497932434082,-3.07162364203383
H684R:A701T,-0.08685469627380371,0.624489952478255
H684R:A701V,0.27655065059661865,1.87335605257194
H684R:A713E,-3.214885950088501,-2.79963272845431
H684R:A713S,-0.8678007125854492,0.112352550258029
H684R:A713T,-0.5158877372741699,0.014864613222863
H684R:A713V,0.5394595265388489,0.454635527534089
H684R:D694E,0.3299851417541504,1.21628608037814
H684R:D694G,-0.04840373992919922,1.14771040975586
H684R:D694V,-0.08973097801208496,-3.80346079034002
H684R:E693D,0.1681445837020874,0.143070411534509
H684R:E693G,-0.07610774040222168,2.43410902778973
H684R:E693K,0.05737471580505371,0.0823181464666342
H684R:E693V,-0.6585581302642822,-0.884031780675284
H684R:F690I,0.2574031352996826,1.21995818690161
H684R:F690L,0.5807843208312988,-0.422849562093172
H684R:F690S,1.5509278774261475,-1.23495754742226
H684R:F690V,0.6899566650390625,0.119574788846556
H684R:F690Y,0.4549980163574219,-1.20644508691715
H684R:F691I,0.4093894958496094,0.523232612747942
H684R:F691L,0.5733785629272461,-0.868925127257118
H684R:F691S,1.2173503637313843,-0.76788471315674
H684R:F691Y,0.1985304355621338,-0.555805940208086
H684R:G696C,-1.1292222738265991,-0.417104908703997
H684R:G696D,-0.037181735038757324,-1.97375859918758
H684R:G696R,-0.029904484748840332,-1.00452108394097
H684R:G696S,0.421603798866272,0.146893057383619
H684R:G696V,-0.16156232357025146,-1.15691147067177
H684R:G700A,-0.6383205652236938,-4.03869393094784
H684R:G700C,-2.969831943511963,-1.93406633600587
H684R:G700D,-1.6711581945419312,-3.51143419620895
H684R:G700S,-1.0672314167022705,-4.42048771557003
H684R:G704E,-3.308682918548584,-3.62787069072847
H684R:G704R,-3.1019132137298584,-2.37103047999713
H684R:G704V,-2.0247409343719482,-3.16721327706651
H684R:G708C,-1.1242179870605469,-0.467438918326686
H684R:G708D,-3.2202017307281494,-3.86815760310444
H684R:G708S,-0.5647072792053223,-3.38569014976948
H684R:G708V,-0.1690530776977539,-2.62923387175941
H684R:G709C,-0.44051146507263184,-0.268261842047287
H684R:G709D,-2.886202812194824,-2.42353437553145
H684R:G709S,-0.342631459236145,-3.11898454561365
H684R:G709V,0.4106518626213074,-3.2064515523146
H684R:H685L,0.07461297512054443,-0.972716132249986
H684R:H685N,0.41662919521331787,-0.682620806924585
H684R:H685Q,0.39778971672058105,-0.448412020615768
H684R:H685R,0.4431650638580322,-0.663089823257644
H684R:H685Y,-0.3120683431625366,-0.242917924702493
H684R:I702F,-1.137751579284668,-2.45315248347841
H684R:I702N,-2.007903814315796,-1.93881637078622
H684R:I702T,-1.2598114013671875,-1.45193473425426
H684R:I702V,-0.31167924404144287,-1.60743293803592
H684R:I703F,-1.465993881225586,-3.75295699979872
H684R:I703N,-3.115614414215088,-4.49338016359667
H684R:I703T,-1.203951358795166,-4.01445776889293
H684R:I703V,-0.08539319038391113,-3.23912329455222
H684R:I712K,-3.5112318992614746,-3.42652047984802
H684R:I712L,0.6384129524230957,-2.17513435157974
H684R:I712M,-0.5697475671768188,-2.67528891915522
H684R:I712T,-0.6367713212966919,-4.34952882592261
H684R:I712V,0.4802095890045166,-1.13391742459244
H684R:K687E,0.39204931259155273,-2.42405974480829
H684R:K687I,-0.9064245223999023,-2.37727683533057
H684R:K687N,0.20224547386169434,0.006857887999776
H684R:K687Q,0.07686340808868408,0.003352957509029
H684R:K687R,0.12886977195739746,-1.00079731897516
H684R:K699E,-0.41234052181243896,-2.43668266326893
H684R:K699I,0.18963122367858887,-1.68770215144274
H684R:K699N,-0.21844422817230225,-0.179566082286974
H684R:K699R,0.010136723518371582,-1.48092897701703
H684R:L688F,-0.12698984146118164,-0.493382924912164
H684R:L688M,-0.056760311126708984,-0.249300404509667
H684R:L688S,1.0427775382995605,0.0587379972504278
H684R:L688W,-0.8005843162536621,-1.30260001499403
H684R:L705F,-0.37583673000335693,-0.603083161166105
H684R:L705H,-2.6605310440063477,-3.01667263378685
H684R:L705I,0.4419074058532715,0.682609173077835
H684R:L705P,-0.7115803956985474,-3.09133180524818
H684R:L705R,-1.9189772605895996,-4.38178792732077
H684R:M706I,1.787658929824829,-3.02218231603333
H684R:M706K,-2.4982223510742188,-4.34149930678967
H684R:M706L,1.0206313133239746,-3.6257284379929
H684R:M706T,1.494896411895752,-3.70433516449016
H684R:M706V,2.2556092739105225,-2.85301086826284
H684R:N698D,-0.26081645488739014,-3.39520915421098
H684R:N698I,-1.1378973722457886,0.0591404929571101
H684R:N698S,0.18247848749160767,-3.43460821574839
H684R:N698Y,-1.0459750890731812,0.26365569878323
H684R:Q686E,0.705696702003479,-0.355925702965637
H684R:Q686H,0.10610842704772949,-0.559386014633261
H684R:Q686K,0.6615921258926392,-2.6559944148301
H684R:Q686L,-0.3292684555053711,-2.69442088931535
H684R:Q686R,0.5086932182312012,-3.422563196457
H684R:S697A,-0.020059943199157715,-2.96715530522691
H684R:S697L,1.0650814175605774,0.298278612334405
H684R:S697P,-0.08345472812652588,-3.5095165366979
H684R:S697T,0.04506266117095947,-0.553615702543983
H684R:V689A,0.53959059715271,-1.46752384256927
H684R:V689E,0.8044790029525757,-0.796553864320937
H684R:V689M,-0.18382573127746582,-1.40569565741158
H684R:V695A,0.4718129634857178,-0.632104091004055
H684R:V695E,0.8914837837219238,-1.5420304695621
H684R:V695L,0.2326664924621582,-1.88777737886969
H684R:V695M,-0.3208198547363281,-0.0894760258581311
H684R:V707A,-0.7680877447128296,-2.21119188810943
H684R:V707E,-3.964083671569824,-3.17912578474739
H684R:V707M,-1.8193726539611816,0.0247402854449159
H684R:V710A,0.07022714614868164,-3.45442915755556
H684R:V710D,-3.6612391471862793,-4.34264986209516
H684R:V710I,0.07088613510131836,0.263414094388672
H684R:V711A,-0.3008713722229004,-3.09032269025647
H684R:V711D,-3.9059548377990723,-3.49283160768573
H684R:V711F,-0.5881859064102173,-3.47544149175423
H684R:V711I,-0.11438572406768799,-2.51003289624967
H684S,0.6913340091705322,-0.2829739398921584
H684T,0.4260671138763428,0.134918213500159
H684V,0.5872299671173096,1.5281394321065
H684W,-2.0660455226898193,-0.626347013478793
H684Y,-0.7274835109710693,0.675901499020047
H684Y:A692E,0.41476136445999146,-2.87448083557359
H684Y:A692T,-0.33385491371154785,-1.75906266634617
H684Y:A701S,-1.1980427503585815,-2.48157062959236
H684Y:A701T,-0.659347653388977,0.716079681925706
H684Y:A701V,-0.2959423065185547,1.59355989986057
H684Y:A713S,-1.4402936697006226,0.402103135109956
H684Y:A713V,-0.03303343057632446,0.60373885104591
H684Y:D694E,-0.24250781536102295,0.373950903180557
H684Y:D694G,-0.6208966970443726,0.370706399355681
H684Y:E693D,-0.40434837341308594,1.69537619752299
H684Y:E693G,-0.648600697517395,2.09542289389679
H684Y:E693V,-1.2310510873794556,-1.32225980975213
H684Y:F690I,-0.3150898218154907,0.790630833859389
H684Y:F690L,0.008291363716125488,0.358587251788593
H684Y:F690Y,-0.11749494075775146,-1.63334346795547
H684Y:F691I,-0.16310346126556396,1.10538671478705
H684Y:F691L,0.0008856058120727539,-0.448528946172252
H684Y:F691S,0.6448574066162109,0.542762361392702
H684Y:F691Y,-0.37396252155303955,0.276867098194424
H684Y:G696A,-0.5238931179046631,-1.68368202252618
H684Y:G700C,-3.5423249006271362,-1.28583547183878
H684Y:G700D,-2.2436511516571045,-2.75928681553788
H684Y:G704E,-3.8811758756637573,-2.74382803036649
H684Y:G704R,-3.6744061708450317,-2.76324611622359
H684Y:G708C,-1.6967109441757202,-1.00903535295878
H684Y:G708D,-3.7926946878433228,-2.7186551780994
H684Y:G708V,-0.7415460348129272,-3.26051877358488
H684Y:G709C,-1.0130044221878052,-1.14645482172656
H684Y:G709D,-3.4586957693099976,-2.32458769743081
H684Y:G709S,-0.9151244163513184,-2.00432389586534
H684Y:H685L,-0.4978799819946289,-0.15383737316421
H684Y:H685Q,-0.17470324039459229,0.533084507843452
H684Y:H685R,-0.1293278932571411,-0.564669366830271
H684Y:I702F,-1.7102445363998413,-2.11590441607246
H684Y:I702N,-2.5803967714309692,-2.03884639215954
H684Y:I702T,-1.8323043584823608,-0.426094365454741
H684Y:I702V,-0.8841722011566162,0.000637698641381
H684Y:I703F,-2.0384868383407593,-2.80364981359343
H684Y:I703N,-3.6881073713302612,-3.81397886191757
H684Y:I703T,-1.7764443159103394,-2.94563417681016
H684Y:I703V,-0.6578861474990845,-1.13383149300577
H684Y:I712K,-4.083724856376648,-2.56601630962172
H684Y:I712L,0.06591999530792236,-1.06406409043396
H684Y:I712M,-1.1422405242919922,-2.73385738206504
H684Y:I712T,-1.2092642784118652,-4.93449520715655
H684Y:I712V,-0.09228336811065674,-2.68582428475244
H684Y:K687E,-0.1804436445236206,-2.23273956087757
H684Y:K687I,-1.4789174795150757,-2.62851486639813
H684Y:K687N,-0.370247483253479,0.143979881958619
H684Y:K687R,-0.4436231851577759,-1.24284182615989
H684Y:K699E,-0.9848334789276123,-2.02138177138039
H684Y:K699I,-0.3828617334365845,-2.76324611622359
H684Y:K699N,-0.7909371852874756,0.130290438345481
H684Y:K699R,-0.5623562335968018,0.038403315891716
H684Y:L688F,-0.699482798576355,0.475298771003599
H684Y:L688M,-0.6292532682418823,1.11512284820943
H684Y:L688S,0.4702845811843872,-0.262962808330142
H684Y:L705F,-0.9483296871185303,-0.393239996017207
H684Y:L705H,-3.233024001121521,-2.74088543828536
H684Y:L705P,-1.2840733528137207,-3.45157401034759
H684Y:M706I,1.2151659727096558,-2.82177769943307
H684Y:M706K,-3.070715308189392,-3.84297861690093
H684Y:M706L,0.44813835620880127,-2.14659868956309
H684Y:M706T,0.9224034547805786,-3.24281919648548
H684Y:M706V,1.6831163167953491,-1.46895697086169
H684Y:N698D,-0.8333094120025635,-4.64213452463574
H684Y:N698I,-1.710390329360962,-0.519382742801489
H684Y:N698Y,-1.6184680461883545,-0.690574341710795
H684Y:Q686H,-0.46638453006744385,-1.15129842088163
H684Y:Q686L,-0.9017614126205444,-2.10119949019919
H684Y:Q686P,-0.01435244083404541,-1.25050964184887
H684Y:Q686R,-0.06379973888397217,-1.64778406634343
H684Y:S697L,0.49258846044540405,-0.826905418184428
H684Y:S697P,-0.6559476852416992,-2.5737264860845
H684Y:S697T,-0.5274302959442139,0.386926337047006
H684Y:V689A,-0.03290235996246338,-0.976338493434652
H684Y:V689E,0.23198604583740234,-1.47561958599783
H684Y:V689M,-0.7563186883926392,-0.360811021077801
H684Y:V695A,-0.10067999362945557,0.670187885293561
H684Y:V695E,0.3189908266067505,0.467715158136517
H684Y:V695M,-0.8933128118515015,1.0584936014033
H684Y:V707A,-1.340580701828003,-0.582971044602713
H684Y:V707E,-4.536576628684998,-3.00653329963551
H684Y:V707M,-2.391865611076355,-0.563784344239876
H684Y:V710A,-0.5022658109664917,-2.57066158541438
H684Y:V710D,-4.233732104301453,-3.15925241414858
H684Y:V710I,-0.501606822013855,-0.0817629425061028
H684Y:V711D,-4.478447794914246,-3.00829807788396
H684Y:V711G,-1.5950430631637573,-4.86644174391153
H684Y:V711I,-0.6868786811828613,-1.48665411448079
H685A,0.023419857025146484,0.829179235349485
H685C,-3.1340205669403076,-0.4246672680752218
H685D,0.8382463455200195,-0.710497216066702
H685D:F691L,0.7837505340576172,-2.00934288595367
H685D:F691S,1.4277223348617554,-3.91794787154274
H685D:F691Y,0.4089024066925049,-0.847958827382261
H685D:G709C,-0.23013949394226074,-2.00803615269001
H685D:N698D,-0.05044448375701904,-4.92670982041373
H685D:N698I,-0.9275254011154175,-2.06522511939834
H685D:Q686R,0.7190651893615723,-2.30925921351696
H685D:V689E,1.0148509740829468,-2.46698030008042
H685E,1.0758154392242432,-0.918738094399028
H685F,-1.0210497379302979,-1.61875940009414
H685G,0.855724573135376,0.682717654149122
H685I,-0.7756290435791016,1.27408719023181
H685K,0.8912723064422607,-0.1577309979315495
H685L,-0.2682764530181885,-0.137639498911781
H685L:A692E,0.6443648934364319,-2.38537953487653
H685L:A692G,0.25184381008148193,0.480011430875449
H685L:A692S,0.18694007396697998,-0.846708045480608
H685L:A692T,-0.10425138473510742,-1.54008328583167
H685L:A692V,-0.26182758808135986,-0.324482622099961
H685L:A701E,-1.2820497751235962,-3.27300044829122
H685L:A701G,-0.9033678770065308,-1.84630119106343
H685L:A701P,-0.9383975267410278,-1.20851994643499
H685L:A701S,-0.9684392213821411,-2.77040182260266
H685L:A701T,-0.4297441244125366,0.824386068792651
H685L:A701V,-0.06633877754211426,1.16798788334551
H685L:A713E,-3.557775378227234,-3.75428300362075
H685L:A713S,-1.2106901407241821,-0.93405369196667
H685L:A713T,-0.8587771654129028,0.708509873441744
H685L:A713V,0.19657009840011597,0.291351856547105
H685L:D694E,-0.01290428638458252,-0.825172857705819
H685L:D694G,-0.39129316806793213,0.681830075626017
H685L:D694N,-0.3121837377548218,0.139626671079492
H685L:D694V,-0.43262040615081787,-3.43193640420977
H685L:D694Y,-0.536841869354248,-3.25891414689669
H685L:E693D,-0.1747448444366455,0.0813624194584006
H685L:E693G,-0.4189971685409546,1.52988323822251
H685L:E693K,-0.2855147123336792,-0.452995022824301
H685L:E693V,-1.0014475584030151,-2.55684684392247
H685L:F690I,-0.08548629283905029,1.05388069560179
H685L:F690L,0.23789489269256592,0.157137679376809
H685L:F690S,1.2080384492874146,-2.22766620701322
H685L:F690V,0.3470672369003296,-0.311625444069058
H685L:F690Y,0.11210858821868896,-0.240769478785571
H685L:F691C,-1.0493897199630737,-3.84793852693002
H685L:F691I,0.06650006771087646,0.500660039431495
H685L:F691L,0.23048913478851318,-0.266985615040703
H685L:F691S,0.8744609355926514,-0.264017899616197
H685L:F691V,0.5267132520675659,-0.356353693556378
H685L:F691Y,-0.14435899257659912,-0.636985098804082
H685L:G696C,-1.472111701965332,-2.12217940550891
H685L:G696D,-0.38007116317749023,-2.66317464691909
H685L:G696R,-0.37279391288757324,-2.12618840231469
H685L:G696S,0.07871437072753906,-0.754901474457317
H685L:G700C,-3.312721371650696,-1.75600108635689
H685L:G700D,-2.014047622680664,-3.40000019326416
H685L:G704E,-3.651572346687317,-3.2135043900423
H685L:G704R,-3.4448026418685913,-3.46334828685017
H685L:G708C,-1.4671074151992798,-1.5984394503968
H685L:G708D,-3.5630911588668823,-3.7254078673584
H685L:G708S,-0.9075967073440552,-3.09138065520692
H685L:G708V,-0.5119425058364868,-2.71694628735748
H685L:G709C,-0.7834008932113647,-1.87436527477311
H685L:G709D,-3.229092240333557,-2.27601233481324
H685L:G709R,-3.783986210823059,-4.83786837146748
H685L:G709S,-0.6855208873748779,-0.977259968301165
H685L:I702F,-1.4806410074234009,-1.77356185795532
H685L:I702N,-2.350793242454529,-1.23372551734868
H685L:I702T,-1.6027008295059204,-0.973448633089632
H685L:I702V,-0.6545686721801758,-0.233756131669298
H685L:I703F,-1.8088833093643188,-3.521646376602
H685L:I703N,-3.458503842353821,-4.22519445126524
H685L:I703T,-1.546840786933899,-3.27632808428545
H685L:I703V,-0.42828261852264404,-2.78596238727192
H685L:I712K,-3.8541213274002075,-3.85994436709584
H685L:I712L,0.2955235242843628,-2.00566584760593
H685L:I712M,-0.9126369953155518,-2.95756303627111
H685L:I712T,-0.9796607494354248,-3.68827391069055
H685L:I712V,0.1373201608657837,-1.69622136853152
H685L:K687E,0.049159884452819824,-1.10856893137146
H685L:K687I,-1.2493139505386353,-2.7609080106614
H685L:K687N,-0.14064395427703857,0.477418413185248
H685L:K687Q,-0.26602602005004883,0.338601105313711
H685L:K687R,-0.21401965618133545,-0.655589077752938
H685L:K699E,-0.7552299499511719,-1.83764689805573
H685L:K699I,-0.15325820446014404,-1.37788581710877
H685L:K699N,-0.5613336563110352,-0.230681052465502
H685L:K699Q,-0.6751267910003662,-2.36771958346993
H685L:K699R,-0.33275270462036133,0.215763857769929
H685L:K699T,0.5492016673088074,-1.91316901138535
H685L:L688F,-0.46987926959991455,1.12685134065963
H685L:L688M,-0.3996497392654419,0.126908781335271
H685L:L688S,0.6998881101608276,-1.19550617781153
H685L:L688V,0.10243344306945801,0.83615358568877
H685L:L705F,-0.7187261581420898,-1.65242532097701
H685L:L705H,-3.0034204721450806,-2.84806521553822
H685L:L705I,0.09901797771453857,-0.201301472182896
H685L:L705P,-1.0544698238372803,-3.67650865219462
H685L:L705V,-0.10417068004608154,-0.178878672904953
H685L:M706I,1.4447695016860962,-2.51876665462783
H685L:M706K,-2.8411117792129517,-4.09095242604701
H685L:M706L,0.6777418851852417,-2.64859572968256
H685L:M706T,1.152006983757019,-4.1715843484589
H685L:M706V,1.9127198457717896,-1.44324001355831
H685L:N698D,-0.603705883026123,-3.83872421925847
H685L:N698H,-0.7701952457427979,-0.491024664100603
H685L:N698I,-1.4807868003845215,-0.771360508002297
H685L:N698K,-0.5828903913497925,-1.02438371093212
H685L:N698S,-0.16041094064712524,-1.88891554507859
H685L:N698Y,-1.388864517211914,-0.0977949498724246
H685L:Q686E,0.3628072738647461,-0.438247428392645
H685L:Q686H,-0.23678100109100342,-0.27156000961374
H685L:Q686K,0.31870269775390625,-1.55097941848944
H685L:Q686L,-0.672157883644104,-3.17636498895672
H685L:Q686R,0.16580379009246826,-0.879366635861668
H685L:S697L,0.7221919894218445,-1.29766467214976
H685L:S697P,-0.4263441562652588,-1.96475288929414
H685L:S697T,-0.29782676696777344,-0.307869511393305
H685L:V689A,0.19670116901397705,-1.47633026888178
H685L:V689E,0.4615895748138428,-0.932818803835596
H685L:V689G,0.48269689083099365,-1.06844690083353
H685L:V689L,-0.05413830280303955,-0.810893877150097
H685L:V689M,-0.5267151594161987,-1.5703598847805
H685L:V695A,0.12892353534698486,-0.0535439587507615
H685L:V695E,0.5485943555831909,-2.29337426393427
H685L:V695G,0.31872522830963135,0.626951705452079
H685L:V695L,-0.11022293567657471,-0.663257206420993
H685L:V695M,-0.663709282875061,-0.614550395099889
H685L:V707A,-1.1109771728515625,-1.87635148689584
H685L:V707E,-4.306973099708557,-2.92397642408898
H685L:V707G,-2.1652950048446655,-4.62582202143938
H685L:V707L,-1.0751566886901855,0.221290811297598
H685L:V707M,-2.1622620820999146,-0.858284991868835
H685L:V710A,-0.27266228199005127,-3.40752886812397
H685L:V710D,-4.004128575325012,-3.52240060131817
H685L:V710F,-0.7552930116653442,-2.90634695986426
H685L:V710G,-0.7555853128433228,-4.58042484629088
H685L:V710I,-0.27200329303741455,0.239492686198511
H685L:V711A,-0.6437608003616333,-3.06120304710895
H685L:V711D,-4.248844265937805,-4.27905966451501
H685L:V711F,-0.9310753345489502,-3.76039895220872
H685L:V711G,-1.365439534187317,-3.86885789729445
H685L:V711I,-0.4572751522064209,-1.02046207440762
H685L:V711L,-0.18487727642059326,-3.05812035051755
H685M,-1.2085645198822021,-1.16946163419823
H685N,0.4157559871673584,0.1586472241672268
H685N:A692E,0.9863811135292053,-3.09544268805504
H685N:A692T,0.23776483535766602,-1.53137571900759
H685N:A692V,0.08018863201141357,-0.500652205937689
H685N:A701T,-0.08772790431976318,0.536676589438096
H685N:A701V,0.2756774425506592,1.95073807471698
H685N:A713S,-0.8686739206314087,-0.776515436166607
H685N:D694E,0.3291119337081909,0.668204648929952
H685N:D694V,-0.09060418605804443,-4.36186508927536
H685N:E693D,0.16727137565612793,0.54890804982146
H685N:E693G,-0.07698094844818115,2.36467826439577
H685N:E693V,-0.6594313383102417,0.431174174727397
H685N:F690I,0.25652992725372314,0.857601616671881
H685N:F690L,0.5799111127853394,-0.709622031529291
H685N:F690V,0.689083456993103,-1.00943261668174
H685N:F690Y,0.4541248083114624,-0.728504530188693
H685N:F691I,0.4085162878036499,0.673071039510134
H685N:F691L,0.5725053548812866,-0.445925689348886
H685N:F691S,1.2164771556854248,-1.8208041495032
H685N:F691Y,0.19765722751617432,-1.3029264982721
H685N:G696C,-1.1300954818725586,-0.415362215524108
H685N:G696S,0.4207305908203125,0.0839251294150251
H685N:G708C,-1.1250911951065063,-0.579878275696888
H685N:G709C,-0.4413846731185913,-0.885286141300906
H685N:G709D,-2.8870760202407837,-2.8474812675406
H685N:G709S,-0.3435046672821045,-2.76258001142257
H685N:I702F,-1.1386247873306274,-0.627059486254103
H685N:I702N,-2.0087770223617554,-1.48909674591466
H685N:I702V,-0.31255245208740234,-1.81480696848836
H685N:I703F,-1.4668670892715454,-4.74259880236143
H685N:I703N,-3.1164876222610474,-3.40712224777675
H685N:I703T,-1.2048245668411255,-4.06165459220892
H685N:I703V,-0.0862663984298706,-3.11647628574345
H685N:I712K,-3.512105107307434,-2.20709609428305
H685N:I712L,0.6375397443771362,-1.96194408370147
H685N:I712M,-0.5706207752227783,-2.91201435837615
H685N:I712T,-0.6376445293426514,-3.80274659198422
H685N:I712V,0.47933638095855713,-2.45375843312973
H685N:K687E,0.39117610454559326,-1.37663754201
H685N:K687I,-0.9072977304458618,-0.0147115316625763
H685N:K687N,0.20137226581573486,-0.397344947523071
H685N:K699E,-0.41321372985839844,-3.04350121598362
H685N:K699I,0.1887580156326294,-1.68351575131004
H685N:K699N,-0.21931743621826172,-0.727779509392439
H685N:K699R,0.00926351547241211,-0.104209234968492
H685N:L688F,-0.1278630495071411,-1.3809362609501
H685N:L688M,-0.05763351917266846,0.489657840196273
H685N:L688S,1.041904330253601,0.198638128600669
H685N:L705H,-2.661404252052307,-3.46590994217514
H685N:L705I,0.441034197807312,-0.452227534605613
H685N:L705P,-0.7124536037445068,-3.58062242488578
H685N:M706K,-2.4990955591201782,-3.35364018631048
H685N:M706L,1.0197581052780151,-3.82263769173842
H685N:M706T,1.4940232038497925,-3.83913030052876
H685N:M706V,2.254736065864563,-1.38613679221497
H685N:N698D,-0.2616896629333496,-3.62469752835013
H685N:N698I,-1.138770580291748,-0.161230102172801
H685N:N698S,0.1816052794456482,-3.67783582841454
H685N:N698Y,-1.0468482971191406,0.835429727493362
H685N:Q686H,0.10523521900177002,-0.258232653666155
H685N:Q686L,-0.33014166355133057,0.342383824073927
H685N:Q686R,0.5078200101852417,-0.396122502091974
H685N:S697P,-0.08432793617248535,-1.22350163345196
H685N:S697T,0.044189453125,0.333184428735137
H685N:V689A,0.5387173891067505,0.0383938470424148
H685N:V689E,0.8036057949066162,-1.10286679177055
H685N:V695A,0.4709397554397583,-0.0468135213219179
H685N:V695E,0.8906105756759644,-1.29541389396244
H685N:V695M,-0.3216930627822876,-0.148714826808481
H685N:V707E,-3.9649568796157837,-3.04158311398987
H685N:V707M,-1.8202458620071411,-1.24308545409314
H685N:V710A,0.06935393810272217,-4.08287778341622
H685N:V710D,-3.6621123552322388,-3.56593500426352
H685N:V710I,0.07001292705535889,-0.0965140644521119
H685N:V711A,-0.30174458026885986,-4.01631854261801
H685N:V711D,-3.9068280458450317,-3.47197444296132
H685N:V711I,-0.11525893211364746,-1.09549978669638
H685P,0.8179614543914795,0.450033156694362
H685P:D694G,0.15182578563690186,0.147881520371335
H685P:E693D,0.3683741092681885,-1.0510388467216
H685P:E693V,-0.45832860469818115,-0.263436060933016
H685P:F690I,0.4576326608657837,0.988540031420379
H685P:F691I,0.6096190214157104,0.346430416679618
H685P:F691L,0.7736080884933472,0.405716002173486
H685P:G696C,-0.928992748260498,0.01298227614883
H685P:G708S,-0.3644777536392212,-3.18357250652718
H685P:G709C,-0.24028193950653076,-0.461326010533531
H685P:G709D,-2.685973286628723,-0.984534362388011
H685P:I702T,-1.0595818758010864,-1.87883059287989
H685P:I702V,-0.1114497184753418,-1.04475834836674
H685P:I703T,-1.003721833229065,-4.83786837146748
H685P:K687I,-0.7061949968338013,-1.27853570044705
H685P:K687R,0.32909929752349854,0.521806231786419
H685P:K687T,0.0183945894241333,-2.1039249076476
H685P:L688S,1.2430070638656616,0.933919896105963
H685P:L705H,-2.4603015184402466,-3.12036486188983
H685P:M706L,1.2208608388900757,-4.01922922883635
H685P:N698D,-0.06058692932128906,-3.84793852693002
H685P:N698I,-0.9376678466796875,-1.41061752778816
H685P:N698Y,-0.8457455635070801,0.73768192808432
H685P:Q686R,0.7089227437973022,-0.426094365454741
H685P:V689E,1.0047085285186768,-2.14727003030082
H685P:V695A,0.6720424890518188,-1.77250349301805
H685P:V695E,1.091713309288025,-0.159318453977607
H685P:V710D,-3.4610096216201782,-2.99022844384497
H685P:V711D,-3.705725312232971,-3.56593500426352
H685Q,0.37807703018188477,-0.6224903410855696
H685Q:A692E,0.9675416350364685,-2.05505195063523
H685Q:A692G,0.5750205516815186,-1.40009328366539
H685Q:A692S,0.5101168155670166,-2.28972325124808
H685Q:A692T,0.2189253568649292,-0.914605327320874
H685Q:A692V,0.06134915351867676,1.05565424334107
H685Q:A701E,-0.9588730335235596,-3.87824182339069
H685Q:A701S,-0.6452624797821045,-2.1861711069164
H685Q:A701T,-0.1065673828125,0.63625306006607
H685Q:A701V,0.25683796405792236,1.60704194690841
H685Q:A713E,-3.2345986366271973,-5.19888171700481
H685Q:A713S,-0.8875133991241455,-1.12511607036357
H685Q:A713T,-0.5356004238128662,0.943348950996889
H685Q:A713V,0.5197468400001526,-0.412433373102463
H685Q:D694E,0.3102724552154541,-0.372410661875436
H685Q:D694G,-0.06811642646789551,0.380000872100742
H685Q:D694V,-0.10944366455078125,-4.21093637568254
H685Q:D694Y,-0.21366512775421143,-3.51257271348728
H685Q:E693D,0.1484318971633911,-0.146094649648957
H685Q:E693G,-0.09582042694091797,1.84067774072085
H685Q:E693K,0.03766202926635742,0.373004320242373
H685Q:E693V,-0.6782708168029785,-0.159680416015171
H685Q:F690I,0.23769044876098633,0.823674851744445
H685Q:F690L,0.5610716342926025,-0.554727397986185
H685Q:F690S,1.5312151908874512,-0.535931833285027
H685Q:F690Y,0.4352853298187256,-1.00077159631138
H685Q:F691C,-0.7262129783630371,-1.62613469232544
H685Q:F691I,0.3896768093109131,0.401506516418959
H685Q:F691L,0.5536658763885498,-0.579936566693184
H685Q:F691S,1.197637677192688,-1.49045527965085
H685Q:F691Y,0.1788177490234375,-0.29840171706583
H685Q:G696A,0.028887152671813965,-1.54585180249129
H685Q:G696C,-1.1489349603652954,-0.304080322014553
H685Q:G696D,-0.05689442157745361,-1.52870590479858
H685Q:G696S,0.4018911123275757,-1.07072348424949
H685Q:G700C,-2.989544630050659,-1.54326869199453
H685Q:G700D,-1.6908708810806274,-3.4190687165314
H685Q:G700S,-1.0869441032409668,-2.30902539561127
H685Q:G700V,-1.628137230873108,0.621045024358559
H685Q:G704E,-3.3283956050872803,-3.9611916399636
H685Q:G704R,-3.1216259002685547,-4.8753734100312
H685Q:G704V,-2.0444536209106445,-3.70396899756541
H685Q:G708C,-1.1439306735992432,-0.888137886504946
H685Q:G708D,-3.2399144172668457,-5.44285744188029
H685Q:G708R,-3.2091116905212402,-4.57405378042234
H685Q:G708S,-0.5844199657440186,-2.75266783728271
H685Q:G708V,-0.1887657642364502,-4.31563379692997
H685Q:G709C,-0.4602241516113281,-2.03681214908481
H685Q:G709D,-2.9059154987335205,-3.16522147019059
H685Q:G709S,-0.3623441457748413,-2.65862908406927
H685Q:I702F,-1.1574642658233643,-2.32532471841542
H685Q:I702N,-2.027616500854492,-2.6469251467069
H685Q:I702T,-1.2795240879058838,-0.583769268466942
H685Q:I702V,-0.33139193058013916,-1.52886857721619
H685Q:I703F,-1.4857065677642822,-4.42678361693171
H685Q:I703N,-3.135327100753784,-3.98522178477471
H685Q:I703T,-1.2236640453338623,-3.03417852230491
H685Q:I703V,-0.10510587692260742,-3.29175300929629
H685Q:I712K,-3.530944585800171,-4.29308743796856
H685Q:I712L,0.6187002658843994,-2.18094330618041
H685Q:I712M,-0.5894602537155151,-2.19290700604061
H685Q:I712T,-0.6564840078353882,-4.16328721585207
H685Q:I712V,0.4604969024658203,-2.49523295684504
H685Q:K687E,0.37233662605285645,-2.47510494005019
H685Q:K687I,-0.9261372089385986,-0.492332542848084
H685Q:K687N,0.18253278732299805,-0.651162418248769
H685Q:K687Q,0.05715072154998779,1.22360286687983
H685Q:K687R,0.10915708541870117,-1.72654193347516
H685Q:K699E,-0.43205320835113525,-2.57567054041251
H685Q:K699I,0.16991853713989258,-2.02912595522262
H685Q:K699N,-0.23815691471099854,-0.551972760902534
H685Q:K699R,-0.009575963020324707,-0.368442761000889
H685Q:K699T,0.872378408908844,-2.53890349696799
H685Q:L688F,-0.14670252799987793,0.484285430465062
H685Q:L688M,-0.07647299766540527,0.277633105345019
H685Q:L688S,1.0230648517608643,-0.351706203731767
H685Q:L688V,0.42561018466949463,-0.0114193854322391
H685Q:L688W,-0.8202970027923584,-1.00495122644595
H685Q:L705F,-0.3955494165420532,-1.00691499514479
H685Q:L705H,-2.680243730545044,-3.33339188153706
H685Q:L705I,0.4221947193145752,0.0152773415360048
H685Q:L705P,-0.7312930822372437,-4.12905159066501
H685Q:L705V,0.21900606155395508,-1.57649390964933
H685Q:M706I,1.7679462432861328,-3.1339561573669
H685Q:M706K,-2.517935037612915,-4.33727327308176
H685Q:M706L,1.0009186267852783,-3.42311397727072
H685Q:M706T,1.4751837253570557,-3.76940680884362
H685Q:M706V,2.235896587371826,-1.2109566541163
H685Q:N698D,-0.2805291414260864,-4.98254399660395
H685Q:N698I,-1.1576100587844849,0.340556029794173
H685Q:N698S,0.16276580095291138,-4.49812978743609
H685Q:N698Y,-1.0656877756118774,0.0713190803156225
H685Q:Q686E,0.6859840154647827,-2.0796683866798
H685Q:Q686H,0.0863957405090332,-0.433141466405993
H685Q:Q686K,0.6418794393539429,-0.800359651316251
H685Q:Q686L,-0.3489811420440674,-1.22549847591867
H685Q:Q686R,0.4889805316925049,-1.79258449408247
H685Q:S697L,1.045368731021881,-1.02266765057398
H685Q:S697P,-0.10316741466522217,-2.50947457629804
H685Q:S697T,0.025349974632263184,-0.206517388364217
H685Q:V689A,0.5198779106140137,-1.01174110869726
H685Q:V689E,0.7847663164138794,-1.33106758501787
H685Q:V689G,0.8058736324310303,-1.91129071207448
H685Q:V689L,0.26903843879699707,-2.1227305102151
H685Q:V689M,-0.2035384178161621,-0.542328076099542
H685Q:V695A,0.4521002769470215,-0.925090768207216
H685Q:V695E,0.8717710971832275,-1.10508086284449
H685Q:V695G,0.641901969909668,0.291251466556651
H685Q:V695L,0.21295380592346191,-1.0271509780161
H685Q:V695M,-0.3405325412750244,0.0610928617563019
H685Q:V707A,-0.7878004312515259,-3.07215938057882
H685Q:V707E,-3.9837963581085205,-3.42183652121539
H685Q:V707L,-0.7519799470901489,-0.721222927031074
H685Q:V707M,-1.839085340499878,-0.519063563523764
H685Q:V710A,0.05051445960998535,-3.87724742893899
H685Q:V710D,-3.6809518337249756,-3.6772478888752
H685Q:V710F,-0.4321162700653076,-4.62582202143938
H685Q:V710I,0.05117344856262207,-0.744196817666335
H685Q:V710L,0.020418167114257812,-2.59619203156043
H685Q:V711A,-0.3205840587615967,-4.46097663580337
H685Q:V711D,-3.9256675243377686,-4.27595471708189
H685Q:V711I,-0.13409841060638428,-2.33232073119403
H685R,0.4688277244567871,-0.1941332527409465
H685R:A692E,1.0129169821739197,-0.737238422319527
H685R:A692P,0.5125954151153564,-0.820516322951772
H685R:A692T,0.26430070400238037,-2.09834056586353
H685R:A692V,0.10672450065612793,-0.477566616609705
H685R:A701E,-0.9134976863861084,-2.11367018395729
H685R:A701S,-0.5998871326446533,-3.715888227332
H685R:A701T,-0.06119203567504883,0.925738095621607
H685R:A701V,0.30221331119537354,1.39453091792034
H685R:A713E,-3.189223289489746,-3.91794787154274
H685R:A713P,-1.6883854866027832,-4.57405378042234
H685R:A713S,-0.8421380519866943,-0.621068688295813
H685R:A713T,-0.49022507667541504,-0.0538543323618891
H685R:A713V,0.5651221871376038,0.306756157474267
H685R:D694E,0.3556478023529053,0.680150117986419
H685R:D694G,-0.022741079330444336,1.36656117373072
H685R:D694N,0.056368350982666016,-0.117327696228387
H685R:D694V,-0.06406831741333008,-3.1935974308432
H685R:D694Y,-0.16828978061676025,-3.58268702210783
H685R:E693D,0.19380724430084229,0.552669665730953
H685R:E693G,-0.0504450798034668,1.97051490603953
H685R:E693K,0.0830373764038086,-1.25205863437112
H685R:E693V,-0.6328954696655273,-0.768113177722436
H685R:F690I,0.2830657958984375,0.876105715004427
H685R:F690L,0.6064469814300537,-0.43775204926893
H685R:F690S,1.5765905380249023,-0.471567195474495
H685R:F690V,0.7156193256378174,-0.0814415818165999
H685R:F690Y,0.48066067695617676,-1.30132397717417
H685R:F691I,0.43505215644836426,0.397514971274429
H685R:F691L,0.599041223526001,-0.769714726113434
H685R:F691S,1.2430130243301392,0.124078968221365
H685R:F691Y,0.22419309616088867,-0.326775055959248
H685R:G696C,-1.1035596132278442,-1.36326327649814
H685R:G696D,-0.011519074440002441,-3.77194499006158
H685R:G696S,0.44726645946502686,0.619197261868662
H685R:G696V,-0.13589966297149658,-0.731595238380104
H685R:G700C,-2.944169282913208,-0.664434464523212
H685R:G700D,-1.6454955339431763,-3.67060166500324
H685R:G700S,-1.0415687561035156,-3.18357250652718
H685R:G704E,-3.283020257949829,-3.0241198686414
H685R:G704R,-3.0762505531311035,-3.31776727369437
H685R:G704V,-1.9990782737731934,-4.43929331813752
H685R:G708C,-1.098555326461792,-0.603494507091648
H685R:G708D,-3.1945390701293945,-4.129010978153
H685R:G708S,-0.5390446186065674,-2.10279198635061
H685R:G708V,-0.14339041709899902,-4.03641543514853
H685R:G709C,-0.41484880447387695,-1.97156474159962
H685R:G709D,-2.8605401515960693,-2.86328872151656
H685R:G709S,-0.31696879863739014,-3.45032386735891
H685R:G709V,0.43631452322006226,-5.25772221702774
H685R:I702F,-1.112088918685913,-2.65328628296905
H685R:I702N,-1.982241153717041,-1.7553869200947
H685R:I702T,-1.2341487407684326,-1.30444265990604
H685R:I702V,-0.286016583442688,-2.05987409741333
H685R:I703F,-1.440331220626831,-3.74632078867249
H685R:I703L,-0.9167025089263916,-2.92614958716044
H685R:I703N,-3.089951753616333,-3.81546800065136
H685R:I703S,-1.898508071899414,-4.59274591343449
H685R:I703T,-1.1782886981964111,-3.38340999805228
H685R:I703V,-0.05973052978515625,-2.74387683112392
H685R:I712K,-3.4855692386627197,-2.56786312404578
H685R:I712L,0.6640756130218506,-2.21822722416922
H685R:I712M,-0.544084906578064,-2.6198494438252
H685R:I712R,-4.077746152877808,-4.66420487741664
H685R:I712T,-0.611108660697937,-2.82619106696204
H685R:I712V,0.5058722496032715,-3.53606714339821
H685R:K687E,0.4177119731903076,-1.1551928994231
H685R:K687I,-0.8807618618011475,-3.31531155689466
H685R:K687N,0.22790813446044922,0.249290181793714
H685R:K687Q,0.10252606868743896,-0.790846680554269
H685R:K687R,0.15453243255615234,-0.731312328326554
H685R:K699E,-0.3866778612136841,-2.89788951895217
H685R:K699I,0.21529388427734375,-2.40298946213208
H685R:K699N,-0.19278156757354736,-0.723617732632067
H685R:K699R,0.035799384117126465,-2.51616093648669
H685R:L688F,-0.10132718086242676,0.0153626411486794
H685R:L688M,-0.0310976505279541,-0.257258020172013
H685R:L688S,1.0684401988983154,-0.543073719608778
H685R:L705F,-0.35017406940460205,-1.59875598866833
H685R:L705H,-2.6348683834075928,-3.7555059432269
H685R:L705I,0.46757006645202637,0.354675792899514
H685R:L705P,-0.6859177350997925,-3.87722578569306
H685R:M706I,1.813321590423584,-3.27079244347713
H685R:M706K,-2.472559690475464,-3.67577486008498
H685R:M706L,1.0462939739227295,-3.06325008601548
H685R:M706T,1.5205590724945068,-3.88239870920193
H685R:M706V,2.2812719345092773,-2.75975606265685
H685R:N698D,-0.23515379428863525,-4.91384260420511
H685R:N698I,-1.1122347116470337,0.0272113512041004
H685R:N698S,0.20814114809036255,-4.29285771726705
H685R:N698Y,-1.0203124284744263,-0.307523572907651
H685R:Q686H,0.13177108764648438,-0.702952381441683
H685R:Q686K,0.687254786491394,-2.21182146603712
H685R:Q686L,-0.3036057949066162,-3.85403375549735
H685R:Q686P,0.5838031768798828,-0.940234103491432
H685R:Q686R,0.534355878829956,-2.31114624659217
H685R:S697L,1.0907440781593323,0.0768238030124698
H685R:S697P,-0.057792067527770996,-2.62968683324948
H685R:S697T,0.07072532176971436,-0.623224895264808
H685R:V689A,0.5652532577514648,-1.99478533263974
H685R:V689E,0.8301416635513306,-0.776255041693336
H685R:V689G,0.8512489795684814,-1.14096535804446
H685R:V689L,0.31441378593444824,-1.3769517551037
H685R:V689M,-0.15816307067871094,-0.56004927552141
H685R:V695A,0.49747562408447266,-0.502104769675041
H685R:V695E,0.9171464443206787,-0.914915996129195
H685R:V695G,0.6872773170471191,-0.100563539338096
H685R:V695M,-0.29515719413757324,0.238247872485859
H685R:V707A,-0.7424250841140747,-2.78189916514931
H685R:V707E,-3.9384210109710693,-3.02083787642498
H685R:V707L,-0.7066045999526978,0.109032311073523
H685R:V707M,-1.7937099933624268,0.159126300903298
H685R:V710A,0.09588980674743652,-3.94222496834749
H685R:V710D,-3.6355764865875244,-4.62825006401073
H685R:V710I,0.09654879570007324,-1.41641497806663
H685R:V710L,0.06579351425170898,-4.62582202143938
H685R:V711A,-0.2752087116241455,-3.91805895230912
H685R:V711D,-3.8802921772003174,-3.61664132263649
H685R:V711I,-0.0887230634689331,-1.97568214248273
H685S,0.48259949684143066,-0.6311088051378055
H685T,0.28068041801452637,-0.757308841132034
H685V,-0.11290645599365234,1.32376402672553
H685W,-2.4290192127227783,-3.74683324845036
H685Y,-1.0416390895843506,-0.6470430593932439
H685Y:A692E,0.25768357515335083,-2.03261584240891
H685Y:A692T,-0.4909327030181885,-0.384399038395915
H685Y:A701V,-0.4530200958251953,0.0888053579924505
H685Y:A713T,-1.2454584836959839,-0.0696793809399609
H685Y:A713V,-0.1901112198829651,-0.487877068274849
H685Y:D694E,-0.3995856046676636,0.505938210132053
H685Y:D694V,-0.8193017244338989,-4.68590377843864
H685Y:E693D,-0.5614261627197266,0.42058150708603
H685Y:E693G,-0.8056784868240356,1.77071510456701
H685Y:E693V,-1.3881288766860962,-2.07863381102874
H685Y:F690I,-0.47216761112213135,0.121205106735752
H685Y:F690L,-0.14878642559051514,-2.14656402519123
H685Y:F690Y,-0.2745727300643921,-1.54398493876893
H685Y:F691I,-0.3201812505722046,-0.293624769770955
H685Y:F691L,-0.15619218349456787,-0.664364985155976
H685Y:F691S,0.4877796173095703,-0.676984909376835
H685Y:F691Y,-0.5310403108596802,-0.361191160810667
H685Y:G696C,-1.858793020248413,-1.3496070493312
H685Y:G700C,-3.699402689933777,-3.00165713966859
H685Y:G704E,-4.038253664970398,-3.66451019725113
H685Y:G704R,-3.8314839601516724,-4.57405378042234
H685Y:G708C,-1.8537887334823608,-1.56649418562024
H685Y:G708D,-3.9497724771499634,-4.31559059572397
H685Y:G708S,-1.2942780256271362,-4.51578487229837
H685Y:G709C,-1.1700822114944458,-1.10486538964421
H685Y:G709D,-3.615773558616638,-3.88608625466567
H685Y:G709S,-1.072202205657959,-4.06795526854396
H685Y:I702F,-1.867322325706482,-2.68320340855005
H685Y:I702N,-2.73747456073761,-0.585232496102155
H685Y:I702V,-1.0412499904632568,-2.08186377724323
H685Y:I703F,-2.1955646276474,-4.52838427395954
H685Y:I703T,-1.93352210521698,-5.38491462237708
H685Y:I703V,-0.8149639368057251,-3.44001206540139
H685Y:I712K,-4.240802645683289,-4.73089625191531
H685Y:I712L,-0.09115779399871826,-1.84156592164529
H685Y:I712M,-1.2993183135986328,-3.72452036746068
H685Y:I712T,-1.3663420677185059,-3.85591576051181
H685Y:I712V,-0.24936115741729736,-3.53498332341285
H685Y:K687E,-0.33752143383026123,-4.05893215474817
H685Y:K687I,-1.6359952688217163,-4.69483990699461
H685Y:K687N,-0.5273252725601196,0.605151810063469
H685Y:K687R,-0.6007009744644165,-2.75145993219195
H685Y:K699E,-1.141911268234253,-3.21062330769633
H685Y:K699I,-0.5399395227432251,-1.32137343212988
H685Y:K699N,-0.9480149745941162,-0.537307278163946
H685Y:K699R,-0.7194340229034424,-2.59099179817456
H685Y:L688F,-0.8565605878829956,-0.603761866870219
H685Y:L688M,-0.786331057548523,-0.855427388696241
H685Y:L688S,0.3132067918777466,0.0310658875669171
H685Y:L705F,-1.105407476425171,-2.93996255678435
H685Y:L705H,-3.3901017904281616,-1.82417926799788
H685Y:L705P,-1.4411511421203613,-4.45145938777992
H685Y:L705R,-2.6485480070114136,-3.16871122433176
H685Y:M706K,-3.2277930974960327,-1.41119915135274
H685Y:M706L,0.29106056690216064,-4.0452439103372
H685Y:M706T,0.765325665473938,-5.05810916312373
H685Y:M706V,1.5260385274887085,-3.48806195943556
H685Y:N698D,-0.9903872013092041,-4.34836058524377
H685Y:N698I,-1.8674681186676025,-1.43068470937377
H685Y:N698S,-0.5470922589302063,-4.57405378042234
H685Y:N698Y,-1.7755458354949951,-1.15518437915143
H685Y:Q686H,-0.6234623193740845,0.30890903011334
H685Y:Q686K,-0.0679786205291748,-3.16871122433175
H685Y:Q686L,-1.058839201927185,-2.6656467836704
H685Y:Q686R,-0.2208775281906128,-3.28355811609427
H685Y:S697P,-0.8130254745483398,-3.66092630389203
H685Y:S697T,-0.6845080852508545,1.54121518268213
H685Y:V689A,-0.189980149269104,-2.74382803036649
H685Y:V689E,0.07490825653076172,-2.08439107777904
H685Y:V689M,-0.9133964776992798,-1.9542691855131
H685Y:V695A,-0.2577577829360962,-1.38938481913037
H685Y:V695E,0.16191303730010986,-2.03393111570307
H685Y:V695M,-1.050390601158142,-1.21702525788371
H685Y:V707A,-1.4976584911346436,-2.01562586076502
H685Y:V707E,-4.693654417991638,-4.24726290940113
H685Y:V707M,-2.5489434003829956,-1.47703521366068
H685Y:V710A,-0.6593436002731323,-3.57417633243992
H685Y:V710D,-4.390809893608093,-3.88717621287599
H685Y:V711D,-4.635525584220886,-3.25255138385367
I702A,-3.0436859130859375,-2.552058469006365
I702C,-6.091691017150879,-0.877209110085199
I702D,-5.708731174468994,-3.4849079103911
I702E,-4.836030960083008,-4.86632949138211
I702F,-2.6930055618286133,-1.40851936405413
I702F:A713E,-4.770139932632446,-4.22810279984658
I702F:A713S,-2.4230546951293945,-2.55855338463939
I702F:A713T,-2.0711417198181152,-1.72818695675023
I702F:A713V,-1.0157944560050964,-0.573180199369427
I702F:G704E,-4.863936901092529,-4.86094365620968
I702F:G704R,-4.657167196273804,-4.80995535083936
I702F:G704V,-3.5799949169158936,-3.89702486908138
I702F:G708C,-2.679471969604492,-2.25565173634798
I702F:G708D,-4.775455713272095,-4.78576152956057
I702F:G708S,-2.1199612617492676,-4.44569874180144
I702F:G708V,-1.7243070602416992,-5.17620049588394
I702F:G709C,-1.9957654476165771,-3.23621211203803
I702F:G709D,-4.4414567947387695,-5.41318196160349
I702F:G709R,-4.9963507652282715,-4.30506384098271
I702F:G709S,-1.8978854417800903,-4.93554982166865
I702F:I703N,-4.670868396759033,-5.78549264718711
I702F:I703T,-2.7592053413391113,-5.07573769733303
I702F:I703V,-1.6406471729278564,-4.19650071692224
I702F:I712K,-5.06648588180542,-3.0593690219257
I702F:I712L,-0.9168410301208496,-4.26183473886134
I702F:I712M,-2.125001549720764,-3.48299700198841
I702F:I712T,-2.192025303840637,-4.02850634798823
I702F:I712V,-1.0750443935394287,-4.05515430101287
I702F:L705F,-1.9310907125473022,-2.4525113110986
I702F:L705H,-4.215785026550293,-3.35365506518779
I702F:L705I,-1.1133465766906738,-1.66407023078411
I702F:L705P,-2.2668343782424927,-5.70771291581528
I702F:M706I,0.2324049472808838,-4.47496287777811
I702F:M706K,-4.053476333618164,-4.90641839880014
I702F:M706L,-0.5346226692199707,-4.12701970150355
I702F:M706T,-0.06035757064819336,-3.89029634021223
I702F:M706V,0.7003552913665771,-3.69946765491476
I702F:V707A,-2.323341727256775,-3.55697874396303
I702F:V707E,-5.5193376541137695,-4.99784395392954
I702F:V707L,-2.287521243095398,-1.89492980970058
I702F:V707M,-3.374626636505127,-1.32507300911463
I702F:V710A,-1.4850268363952637,-3.06058001794427
I702F:V710D,-5.216493129730225,-5.54648439309022
I702F:V710F,-1.9676575660705566,-4.67121635781637
I702F:V710I,-1.484367847442627,-1.82857254201648
I702F:V711A,-1.8561253547668457,-5.26049310679889
I702F:V711D,-5.461208820343018,-3.55483952834997
I702F:V711I,-1.6696397066116333,-3.69849098620084
I702F:V711L,-1.3972418308258057,-4.93449520715655
I702G,-4.693921089172363,-2.40460077282007
I702H,-5.474819183349609,-1.24710979460953
I702K,-3.3151025772094727,-2.740760763801135
I702L,-0.7156002521514893,-3.02782800469645
I702L:I712L,0.0718616247177124,-4.57405378042234
I702L:V707L,-1.298818588256836,-3.47544149175423
I702M,-1.8612734079360962,-1.262764029262815
I702M:I712L,-0.5009749531745911,-4.87175929975187
I702M:I712V,-0.6591783165931702,-4.47588173007259
I702M:V710D,-4.800627052783966,-3.82263769173842
I702M:V711D,-5.045342743396759,-4.68590377843864
I702N,-4.433310031890869,-1.39739741937233
I702N:A713S,-3.2932069301605225,-1.35596392930921
I702N:A713T,-2.941293954849243,-0.986675038134305
I702N:A713V,-1.8859466910362244,-0.188571985848471
I702N:G704E,-5.734089136123657,-1.84454864431887
I702N:G704R,-5.527319431304932,-4.38073749070474
I702N:G708C,-3.54962420463562,-2.09279606882142
I702N:G708D,-5.645607948303223,-5.10565331803111
I702N:G708S,-2.9901134967803955,-4.09891372485569
I702N:G708V,-2.594459295272827,-1.62743480160278
I702N:G709A,-2.1525625586509705,-4.8595643571736
I702N:G709C,-2.865917682647705,0.520282698686666
I702N:G709D,-5.3116090297698975,-4.07462984884628
I702N:G709S,-2.7680376768112183,-2.78571929591709
I702N:I703N,-5.541020631790161,-4.52065031553982
I702N:I703T,-3.6293575763702393,-3.16592390817669
I702N:I703V,-2.5107994079589844,-3.46029309971933
I702N:I712K,-5.936638116836548,-5.73579349984966
I702N:I712L,-1.7869932651519775,-3.86561434392341
I702N:I712M,-2.995153784751892,-4.52413293655812
I702N:I712V,-1.9451966285705566,-3.62356070482352
I702N:L705F,-2.80124294757843,-1.70237415553833
I702N:L705H,-5.085937261581421,-4.54019723764597
I702N:L705I,-1.9834988117218018,-2.08476108166722
I702N:L705P,-3.1369866132736206,-4.65554681467352
I702N:M706I,-0.6377472877502441,-2.83681730815125
I702N:M706K,-4.923628568649292,-4.90782696007439
I702N:M706L,-1.4047749042510986,-5.16239063521418
I702N:M706T,-0.9305098056793213,-3.43580404518911
I702N:M706V,-0.16979694366455078,-1.19824820278457
I702N:V707A,-3.193493962287903,-3.45447047478262
I702N:V707E,-6.3894898891448975,-4.12134181746151
I702N:V707L,-3.157673478126526,-3.12949051117847
I702N:V707M,-4.244778871536255,-0.723951046816902
I702N:V710A,-2.3551790714263916,-4.61995235594648
I702N:V710D,-6.0866453647613525,-4.83472184944985
I702N:V710I,-2.354520082473755,-0.413045754634767
I702N:V711A,-2.7262775897979736,-5.07540066023379
I702N:V711D,-6.3313610553741455,-4.2960597806476
I702N:V711I,-2.5397919416427612,-3.98244419703247
I702P,-6.042296409606934,-3.49253705744347
I702Q,-4.345810413360596,-0.290338780056019
I702R,-4.12127161026001,-1.73059423746397
I702S,-4.4925127029418945,-1.97500600777644
I702T,-2.9371252059936523,-0.641136060584877
I702T:A713E,-4.892199754714966,-4.22810279984658
I702T:A713S,-2.545114517211914,-0.956200398431878
I702T:A713T,-2.1932015419006348,0.131852536725616
I702T:A713V,-1.137854278087616,-0.170030629793919
I702T:G704E,-4.985996723175049,-3.53050126893726
I702T:G704R,-4.779227018356323,-3.4927907453404
I702T:G708C,-2.8015317916870117,-3.08355768963732
I702T:G708D,-4.897515535354614,-3.76089276412593
I702T:G708S,-2.242021083831787,-4.02766815418085
I702T:G708V,-1.8463668823242188,-4.54534367453991
I702T:G709C,-2.1178252696990967,-1.46601645846727
I702T:G709D,-4.563516616821289,-3.24055547460309
I702T:G709S,-2.01994526386261,-4.63025123328454
I702T:I703F,-3.143307685852051,-3.45075471294027
I702T:I703N,-4.792928218841553,-4.00864387615849
I702T:I703T,-2.881265163421631,-5.10245527014038
I702T:I703V,-1.762706995010376,-4.59086591381999
I702T:I712K,-5.1885457038879395,-4.74283852434186
I702T:I712L,-1.0389008522033691,-2.44371967903945
I702T:I712M,-2.2470613718032837,-2.99711532592142
I702T:I712T,-2.3140851259231567,-5.16811005833805
I702T:I712V,-1.1971042156219482,-2.22652586081609
I702T:L705F,-2.0531505346298218,-0.996877004132493
I702T:L705H,-4.3378448486328125,-3.44112784269918
I702T:L705I,-1.2354063987731934,-1.41287768797457
I702T:L705P,-2.388894200325012,-4.90473179310348
I702T:M706I,0.11034512519836426,-4.05281437480581
I702T:M706K,-4.175536155700684,-4.31351697389229
I702T:M706L,-0.6566824913024902,-3.70396899756541
I702T:M706T,-0.1824173927307129,-2.1733935289039
I702T:M706V,0.5782954692840576,-2.5221010345283
I702T:V707A,-2.4454015493392944,-3.8473703496149
I702T:V707E,-5.641397476196289,-3.67531014413831
I702T:V707G,-3.4997193813323975,-4.9475672887239
I702T:V707M,-3.4966864585876465,-1.34088535410609
I702T:V710A,-1.6070866584777832,-3.49220117845873
I702T:V710D,-5.338552951812744,-5.59306938169034
I702T:V710I,-1.6064276695251465,-0.369762812334661
I702T:V711A,-1.9781851768493652,-4.57477788883671
I702T:V711D,-5.583268642425537,-4.00159532320673
I702T:V711I,-1.7916995286941528,-1.46501735703542
I702T:V711L,-1.5193016529083252,-1.37446728177604
I702V,-1.040860891342163,-1.08400911760349
I702V:A713E,-3.944067597389221,-4.82326957204632
I702V:A713S,-1.5969823598861694,-1.17465646967218
I702V:A713T,-1.2450693845748901,-0.930862472647705
I702V:A713V,-0.18972212076187134,-0.287819851399793
I702V:G704E,-4.037864565849304,-4.65871853093283
I702V:G704R,-3.8310948610305786,-1.79415566897022
I702V:G708C,-1.853399634361267,-0.861336708873612
I702V:G708D,-3.9493833780288696,-4.18977964330917
I702V:G708R,-3.918580651283264,-3.05476696498254
I702V:G708S,-1.2938889265060425,-4.76294204866554
I702V:G708V,-0.8982347249984741,-4.42553436795853
I702V:G709C,-1.169693112373352,-0.474868428800809
I702V:G709D,-3.6153844594955444,-2.92099506250611
I702V:G709S,-1.0718131065368652,-2.85261239578951
I702V:I703F,-2.195175528526306,-4.25336658561266
I702V:I703N,-3.844796061515808,-4.78205789310901
I702V:I703T,-1.9331330060958862,-4.41809783609529
I702V:I703V,-0.8145748376846313,-2.32320198279155
I702V:I712K,-4.240413546562195,-5.14789753373829
I702V:I712L,-0.09076869487762451,-2.98573366808829
I702V:I712M,-1.298929214477539,-3.58760673865149
I702V:I712R,-4.832590460777283,-3.79633385944756
I702V:I712T,-1.365952968597412,-4.91436417419563
I702V:I712V,-0.2489720582962036,-3.77674564306926
I702V:L705F,-1.1050183773040771,-0.369148422821974
I702V:L705H,-3.389712691307068,-2.96217120108119
I702V:L705I,-0.28727424144744873,1.03750112913722
I702V:L705P,-1.4407620429992676,-4.33347246800885
I702V:M706I,1.0584772825241089,-3.11285026853239
I702V:M706K,-3.227403998374939,-4.44648403020348
I702V:M706L,0.2914496660232544,-3.40930351224054
I702V:M706T,0.7657147645950317,-4.8685237081287
I702V:M706V,1.5264276266098022,-1.95161628948946
I702V:V707A,-1.4972693920135498,-3.27125477838553
I702V:V707E,-4.693265318870544,-0.752881698299272
I702V:V707L,-1.4614489078521729,-1.21662130672479
I702V:V707M,-2.548554301261902,-0.844362585079031
I702V:V710A,-0.6589545011520386,-4.40503702416784
I702V:V710D,-4.3904207944869995,-3.58120625905109
I702V:V710F,-1.1415852308273315,-5.04641312336054
I702V:V710G,-1.14187753200531,-4.04844436047211
I702V:V710I,-0.6582955121994019,0.0873046714322582
I702V:V711A,-1.0300530195236206,-2.17886586752707
I702V:V711D,-4.6351364850997925,-4.1939801981744
I702V:V711F,-1.3173675537109375,-4.59274591343449
I702V:V711I,-0.8435673713684082,-2.63852374567187
I702V:V711L,-0.5711694955825806,-3.02048798925438
I702W,-3.138828754425049,-3.31626136084439
I702Y,-3.0860819816589355,-2.1611534735696702
I703A,-0.8888745307922363,-3.225165131030655
I703C,-4.923567771911621,-3.35275745137968
I703D,-7.178891658782959,-3.092377228136045
I703E,-6.255595684051514,-3.46588899483334
I703F,-3.349490165710449,-2.11424645079994
I703F:A713S,-2.7512969970703125,-3.78446795414579
I703F:A713T,-2.399384021759033,-2.20992500846432
I703F:A713V,-1.3440367579460144,-2.99354594943485
I703F:G708C,-3.00771427154541,-2.91598915396436
I703F:G708S,-2.4482035636901855,-2.5847633357368
I703F:G708V,-2.052549362182617,-3.29500494965605
I703F:G709C,-2.324007749557495,-2.49058867871795
I703F:G709D,-4.7696990966796875,-4.48541024931798
I703F:G709S,-2.2261277437210083,-4.72171077639697
I703F:I712L,-1.2450833320617676,-3.3031532633247
I703F:I712M,-2.453243851661682,-4.25039789461531
I703F:I712T,-2.520267605781555,-3.7396653933892
I703F:I712V,-1.4032866954803467,-4.84471420972482
I703F:L705H,-4.544027328491211,-4.43159227835533
I703F:L705I,-1.4415888786315918,-3.06186759586926
I703F:L705P,-2.5950766801834106,-5.4319877897786
I703F:M706I,-0.09583735466003418,-4.52838427395954
I703F:M706K,-4.381718635559082,-5.45364193879662
I703F:M706L,-0.8628649711608887,-5.10357153720049
I703F:M706T,-0.38859987258911133,-4.9475672887239
I703F:M706V,0.3721129894256592,-3.86824820299047
I703F:V707A,-2.651584029197693,-3.3565018034565
I703F:V707E,-5.8475799560546875,-4.5450360735063
I703F:V707M,-3.702868938446045,-3.62911883788065
I703F:V710A,-1.8132691383361816,-4.74689659326175
I703F:V710D,-5.544735431671143,-4.73625819505669
I703F:V710I,-1.812610149383545,-2.5206250940533
I703F:V711A,-2.1843676567077637,-3.79468367199034
I703F:V711D,-5.7894511222839355,-4.51578487229837
I703F:V711I,-1.9978820085525513,-3.64828430459364
I703G,-3.242504119873047,-3.86984516192413
I703H,-7.503622531890869,-3.54548128661766
I703K,-6.903183937072754,-3.2484958892166347
I703L,-2.3022327423095703,-3.3120237688438
I703M,-3.691087245941162,-3.35239817543258
I703M:I712L,-1.415881872177124,-5.02260247466682
I703M:L705H,-4.714825868606567,-5.21888238371148
I703M:V707E,-6.018378496170044,-0.530866802367495
I703M:V710D,-5.715533971786499,-5.22873468015449
I703N,-6.648731231689453,-3.969881479790645
I703N:A713S,-4.4009175300598145,-3.83409248342161
I703N:A713T,-4.049004554748535,-4.45775384423295
I703N:A713V,-2.9936572909355164,-3.77861306343006
I703N:G704E,-6.841799736022949,-5.21717681264689
I703N:G704V,-5.5578577518463135,-4.36452199180131
I703N:G708C,-4.657334804534912,-4.53608394591407
I703N:G708D,-6.753318548202515,-3.93677312539572
I703N:G708S,-4.0978240966796875,-5.29552053260012
I703N:G708V,-3.702169895172119,-2.82440731098074
I703N:G709C,-3.973628282546997,-1.95350586558762
I703N:G709D,-6.4193196296691895,-2.16880692706722
I703N:G709S,-3.8757482767105103,-4.18653178573796
I703N:I712K,-7.04434871673584,-3.15191040283622
I703N:I712L,-2.8947038650512695,-4.09276416982685
I703N:I712M,-4.102864384651184,-5.38185380057172
I703N:I712T,-4.169888138771057,-3.51066292671759
I703N:I712V,-3.0529072284698486,-5.6994144295335
I703N:L705F,-3.908953547477722,-4.49558216498085
I703N:L705H,-6.193647861480713,-4.14642165133518
I703N:L705I,-3.0912094116210938,-1.33171684227597
I703N:L705P,-4.244697213172913,-3.95623950075965
I703N:M706I,-1.7454578876495361,-0.831486778411155
I703N:M706K,-6.031339168548584,-5.30940431120736
I703N:M706L,-2.5124855041503906,-5.99738941322258
I703N:M706T,-2.0382204055786133,-3.19227237150335
I703N:M706V,-1.2775075435638428,-3.6764505066104
I703N:V707A,-4.301204562187195,-4.86161509158203
I703N:V707E,-7.4972004890441895,-3.58957448011105
I703N:V707L,-4.265384078025818,-4.68129931077594
I703N:V707M,-5.352489471435547,-4.83843018420134
I703N:V710A,-3.4628896713256836,-5.15686613834885
I703N:V710D,-7.1943559646606445,-5.55456335902603
I703N:V710I,-3.462230682373047,-3.72097995376618
I703N:V711A,-3.8339881896972656,-4.09854077691876
I703N:V711D,-7.4390716552734375,-5.38476676895145
I703N:V711I,-3.6475025415420532,-5.16468587307926
I703P,-5.411845684051514,-3.42383674110665
I703Q,-7.232901096343994,-3.7785034803236
I703R,-6.8744001388549805,-4.41599348414679
I703S,-4.265843868255615,-4.164794596917675
I703T,-2.8254051208496094,-3.946231578538395
I703T:A713E,-4.836339712142944,-3.75364482025147
I703T:A713S,-2.4892544746398926,-4.73490615049542
I703T:A713T,-2.1373414993286133,-3.89511662822875
I703T:A713V,-1.0819942355155945,-3.98022780469102
I703T:G704E,-4.930136680603027,-5.27355581192561
I703T:G704R,-4.723366975784302,-4.04375503264284
I703T:G704V,-3.6461946964263916,-4.62911355760537
I703T:G708C,-2.7456717491149902,-4.66343078321217
I703T:G708D,-4.841655492782593,-4.04311101449675
I703T:G708R,-4.810852766036987,-1.32754020139956
I703T:G708S,-2.1861610412597656,-4.14406008542483
I703T:G708V,-1.7905068397521973,-2.20710207121239
I703T:G709C,-2.061965227127075,-2.76870511623513
I703T:G709D,-4.507656574249268,-4.66610507751295
I703T:G709R,-5.0625505447387695,-4.89422130801861
I703T:G709S,-1.9640852212905884,-4.30755027987436
I703T:I712K,-5.132685661315918,-5.25384966681561
I703T:I712L,-0.9830408096313477,-4.0848370418047
I703T:I712M,-2.191201329231262,-3.7338064780318
I703T:I712T,-2.2582250833511353,-4.50131104905776
I703T:I712V,-1.1412441730499268,-2.24485041983918
I703T:L705F,-1.9972904920578003,-4.61025601595764
I703T:L705H,-4.281984806060791,-4.13173255146817
I703T:L705I,-1.1795463562011719,-2.7553975632232
I703T:L705P,-2.3330341577529907,-3.42653940675526
I703T:M706I,0.16620516777038574,-3.84734673864631
I703T:M706K,-4.119676113128662,-6.27026894923158
I703T:M706L,-0.6008224487304688,0.813345627053749
I703T:M706R,-3.8947839736938477,-2.12428332237454
I703T:M706T,-0.1265573501586914,-5.74829137076643
I703T:M706V,0.6341555118560791,-5.02608184038593
I703T:V707A,-2.389541506767273,-4.61563020726808
I703T:V707E,-5.585537433624268,-4.36597618305432
I703T:V707G,-3.443859338760376,-2.97912270428796
I703T:V707L,-2.353721022605896,-3.90838150310226
I703T:V707M,-3.440826416015625,-4.15596231665602
I703T:V710A,-1.5512266159057617,-4.81913475818829
I703T:V710D,-5.282692909240723,-4.04623784209377
I703T:V710I,-1.550567626953125,-4.24186361591254
I703T:V710L,-1.5813229084014893,-4.73089625191531
I703T:V711A,-1.9223251342773438,-5.24210933307032
I703T:V711D,-5.527408599853516,-5.76206088143279
I703T:V711G,-2.6440038681030273,-4.20107412745867
I703T:V711I,-1.7358394861221313,-4.27292752480619
I703V,-0.5882887840270996,-1.8625425277842949
I703V:A713P,-2.2169437408447266,-4.83786837146748
I703V:A713S,-1.3706963062286377,-3.05636108744905
I703V:A713T,-1.0187833309173584,-2.47360550434555
I703V:A713V,0.0365639328956604,-0.684847206417521
I703V:G704R,-3.604808807373047,-4.28097629856125
I703V:G704V,-2.5276365280151367,-1.78487817187734
I703V:G708C,-1.6271135807037354,-2.07421169654148
I703V:G708D,-3.723097324371338,-4.01820447528239
I703V:G708S,-1.0676028728485107,-5.20985319313959
I703V:G708V,-0.6719486713409424,-0.851208858260571
I703V:G709C,-0.9434070587158203,-0.460651384271808
I703V:G709D,-3.3890984058380127,-4.10048269854237
I703V:G709R,-3.9439923763275146,-3.91286882557588
I703V:G709S,-0.8455270528793335,-0.778715085927826
I703V:I712K,-4.014127492904663,-3.80823014045355
I703V:I712L,0.13551735877990723,-3.85559468958199
I703V:I712M,-1.0726431608200073,-3.8012698074984
I703V:I712T,-1.1396669149398804,-5.67012656165737
I703V:I712V,-0.022686004638671875,-4.61087183489427
I703V:L705F,-0.8787323236465454,-1.88664797257932
I703V:L705H,-3.163426637649536,-3.37376648321674
I703V:L705I,-0.06098818778991699,-0.724679973044991
I703V:L705P,-1.2144759893417358,-4.72279904168269
I703V:L705V,-0.2641768455505371,-3.8809065998624
I703V:M706I,1.2847633361816406,-5.60483642161335
I703V:M706K,-3.0011179447174072,-4.59274591343449
I703V:M706L,0.5177357196807861,-4.14989521202968
I703V:M706T,0.9920008182525635,-5.09640921672822
I703V:M706V,1.752713680267334,-3.60342363512395
I703V:V707A,-1.270983338356018,-4.66625969734479
I703V:V707E,-4.466979265213013,-3.66285392706494
I703V:V707L,-1.2351628541946411,-2.63519418936369
I703V:V707M,-2.32226824760437,-0.842396155190306
I703V:V710A,-0.43266844749450684,-4.16278312033645
I703V:V710D,-4.164134740829468,-4.47686194386777
I703V:V710I,-0.4320094585418701,-1.365506721818
I703V:V711A,-0.8037669658660889,-4.69907976374114
I703V:V711D,-4.408850431442261,-4.30976734162893
I703V:V711G,-1.5254456996917725,-3.14273573792849
I703V:V711I,-0.6172813177108765,-1.48918175569612
I703W,-4.871933460235596,-3.15465371672513
I703Y,-3.643545627593994,-3.668555179134845
I712A,0.06729316711425781,-3.1407034640888503
I712C,-2.438516616821289,-4.18533698887737
I712D,-7.681710243225098,-2.26576861891065
I712E,-6.70844841003418,-4.70313976785232
I712F,-0.511991024017334,0.600553201574907
I712G,-1.3220958709716797,-3.021391866683
I712H,-7.993621826171875,-0.896017038030821
I712K,-7.439966201782227,-3.05937029088188
I712K:A713E,-7.143620252609253,-3.23256269631829
I712K:A713S,-4.796535015106201,0.322785365171125
I712K:A713T,-4.444622039794922,-2.85575310086146
I712K:A713V,-3.389274775981903,-0.151502079837323
I712L,0.8593235015869141,-1.50756860743962
I712L:A713E,-2.9939754009246826,-4.22491342712235
I712L:A713G,-0.28461289405822754,-1.19154853177234
I712L:A713S,-0.6468901634216309,-1.15480074989473
I712L:A713T,-0.29497718811035156,-1.4879412236397
I712L:A713V,0.7603700757026672,-1.36070842294788
I712M,-1.556997537612915,-1.91723416664429
I712M:A713E,-4.202135920524597,-1.87672754268311
I712M:A713S,-1.8550506830215454,-2.95076550293652
I712M:A713T,-1.5031377077102661,0.436407013176159
I712M:A713V,-0.4477904438972473,-0.996815903593147
I712N,-6.627240180969238,-1.1056535589826697
I712P,-4.729903221130371,-3.65628686754378
I712Q,-6.9568071365356445,-2.877071494088905
I712R,-8.624320030212402,-3.2957107407713853
I712S,-2.688042163848877,-4.73456721108777
I712T,-1.6910450458526611,-3.388714857163305
I712T:A713E,-4.26915967464447,-4.01729571192901
I712T:A713S,-1.9220744371414185,-4.08489171341509
I712T:A713T,-1.5701614618301392,-2.99034252969952
I712T:A713V,-0.5148141980171204,-3.23840317673327
I712V,0.5429167747497559,-2.61895842473095
I712V:A713E,-3.1521787643432617,-5.50160166682113
I712V:A713G,-0.44281625747680664,-4.86644174391153
I712V:A713S,-0.80509352684021,-2.91372651443738
I712V:A713T,-0.45318055152893066,-1.5556474907969
I712V:A713V,0.6021667122840881,-1.14145675619703
I712W,-5.741585731506348,-1.67935787486653
I712Y,-5.613554000854492,-0.542776608624785
K687A,-0.8040330410003662,-1.06807953573939
K687C,-3.9553451538085938,-1.5248947587984
K687D,0.6649008989334106,-1.879433097276825
K687E,0.3665962219238281,-1.19344031237355
K687E:A692E,0.9618012309074402,-3.80921467140628
K687E:A692S,0.5043764114379883,-0.249830408877237
K687E:A692T,0.21318495273590088,-1.40069064829262
K687E:A692V,0.05560874938964844,-0.54255165398633
K687E:A701E,-0.9646134376525879,-4.90748152958912
K687E:A701P,-0.6209611892700195,-2.76872558198822
K687E:A701S,-0.6510028839111328,-4.46385499143876
K687E:A701T,-0.11230778694152832,-0.298852916698802
K687E:A701V,0.25109755992889404,0.487533701877399
K687E:A713E,-3.2403390407562256,-3.5510299843229
K687E:A713G,-0.5309765338897705,-2.78229431119429
K687E:A713S,-0.8932538032531738,-0.559890955709625
K687E:A713T,-0.5413408279418945,-0.409483561523853
K687E:A713V,0.5140064358711243,-0.317224515084388
K687E:D694E,0.3045320510864258,-0.123874483391552
K687E:D694G,-0.07385683059692383,-0.472016397505599
K687E:D694N,0.0052525997161865234,0.559396891988526
K687E:D694V,-0.11518406867980957,-3.57483291166385
K687E:D694Y,-0.21940553188323975,-4.61022371760011
K687E:E693D,0.1426914930343628,-0.850363851191401
K687E:E693G,-0.10156083106994629,0.556523333956473
K687E:E693K,0.0319216251373291,-2.00933626617037
K687E:E693V,-0.6840112209320068,-0.584335019008533
K687E:F690C,-0.6479766368865967,-3.8809065998624
K687E:F690I,0.231950044631958,0.0040113816877483
K687E:F690L,0.5553312301635742,-0.799583045597403
K687E:F690S,1.5254747867584229,-2.04699295330599
K687E:F690Y,0.42954492568969727,-1.66286032673462
K687E:F691C,-0.7319533824920654,-1.48957341035936
K687E:F691I,0.38393640518188477,-1.51220416509321
K687E:F691L,0.5479254722595215,-2.82886040607187
K687E:F691S,1.1918972730636597,-2.11234821662417
K687E:F691V,0.8441495895385742,-1.78421573756813
K687E:F691Y,0.17307734489440918,-1.34361398542605
K687E:G696A,0.023146748542785645,-2.80098644420644
K687E:G696C,-1.1546753644943237,-1.39372919444411
K687E:G696D,-0.06263482570648193,-4.93449520715655
K687E:G696S,0.39615070819854736,-1.33138320527756
K687E:G696V,-0.18701541423797607,-0.283818932200216
K687E:G700C,-2.9952850341796875,-2.05816827796439
K687E:G700D,-1.6966112852096558,-3.66873162320098
K687E:G700S,-1.0926845073699951,-3.98982603904683
K687E:G704E,-3.3341360092163086,-3.86617058469405
K687E:G704R,-3.127366304397583,-3.67241615985291
K687E:G704V,-2.050194025039673,-4.00495924853237
K687E:G708C,-1.1496710777282715,-1.7116319506929
K687E:G708D,-3.245654821395874,-2.43909015897858
K687E:G708S,-0.5901603698730469,-3.96075497261106
K687E:G708V,-0.19450616836547852,-5.02650323809733
K687E:G709C,-0.46596455574035645,-2.84140524938204
K687E:G709D,-2.911655902862549,-3.92031148371074
K687E:G709S,-0.36808454990386963,-4.22233271482565
K687E:I702F,-1.1632046699523926,-4.02143730334951
K687E:I702M,-0.747338593006134,-4.51118606979191
K687E:I702N,-2.0333569049835205,-3.51416098375195
K687E:I702T,-1.285264492034912,-2.36498146018087
K687E:I702V,-0.3371323347091675,-2.38725881925812
K687E:I703F,-1.4914469718933105,-3.90985317055043
K687E:I703N,-3.1410675048828125,-4.68142228532666
K687E:I703T,-1.2294044494628906,-4.99362789896024
K687E:I703V,-0.11084628105163574,-4.16850067025884
K687E:I712K,-3.536684989929199,-3.91519278212029
K687E:I712L,0.6129598617553711,-1.38334173824316
K687E:I712M,-0.5952006578445435,-3.91076130478788
K687E:I712T,-0.6622244119644165,-2.56641788986001
K687E:I712V,0.454756498336792,-3.99714176818485
K687E:K699E,-0.4377936124801636,-4.2572591152299
K687E:K699I,0.16417813301086426,-2.49531474693095
K687E:K699N,-0.24389731884002686,-2.55403203258767
K687E:K699R,-0.015316367149353027,-1.55497256250342
K687E:K699T,0.8666380047798157,-3.24913636990003
K687E:L688F,-0.15244293212890625,0.107807639836144
K687E:L688M,-0.0822134017944336,-1.15540231711577
K687E:L688S,1.017324447631836,-1.08992869236078
K687E:L688V,0.4198697805404663,-0.310000748342055
K687E:L705F,-0.40128982067108154,-1.74250501922893
K687E:L705H,-2.6859841346740723,-4.11115505852827
K687E:L705I,0.4164543151855469,-1.05339111868759
K687E:L705P,-0.737033486366272,-4.11830035361896
K687E:M706I,1.7622058391571045,-3.2802008319327
K687E:M706K,-2.5236754417419434,-3.11985959096186
K687E:M706L,0.99517822265625,-3.53767494985591
K687E:M706R,-2.298783302307129,-4.66420487741664
K687E:M706T,1.4694433212280273,-5.04305478205484
K687E:M706V,2.230156183242798,-3.41749756278556
K687E:N698D,-0.28626954555511475,-4.11077810847085
K687E:N698I,-1.1633504629135132,-1.05706559259109
K687E:N698K,-0.2654540538787842,-0.922215597988753
K687E:N698S,0.15702539682388306,-4.46410804133853
K687E:N698T,-0.5178908109664917,-3.22843045903338
K687E:N698Y,-1.0714281797409058,-0.65347325832437
K687E:S697A,-0.045513033866882324,-4.63253461364569
K687E:S697L,1.0396283268928528,-1.80081422835158
K687E:S697P,-0.10890781879425049,-3.18161699308799
K687E:S697T,0.019609570503234863,-1.23495817647246
K687E:V689A,0.5141375064849854,-2.47829544498218
K687E:V689E,0.7790259122848511,-2.55810864035276
K687E:V689M,-0.20927882194519043,-1.17932368986573
K687E:V695A,0.44635987281799316,-1.9514082831364
K687E:V695E,0.8660306930541992,-1.63945720884453
K687E:V695G,0.6361615657806396,-2.46276502702486
K687E:V695L,0.2072134017944336,-3.72465728337822
K687E:V695M,-0.34627294540405273,-0.738847217194864
K687E:V707A,-0.7935408353805542,-2.55757156997162
K687E:V707E,-3.989536762237549,-3.91170476081157
K687E:V707G,-1.8478586673736572,-4.57405378042234
K687E:V707L,-0.7577203512191772,-1.87988359266911
K687E:V707M,-1.8448257446289062,-1.27750418121572
K687E:V710A,0.04477405548095703,-4.10388998149263
K687E:V710D,-3.686692237854004,-3.94481583800549
K687E:V710F,-0.43785667419433594,-2.43188898026915
K687E:V710I,0.04543304443359375,-0.097002588601927
K687E:V711A,-0.326324462890625,-2.86131780746701
K687E:V711D,-3.931407928466797,-4.56643131658151
K687E:V711F,-0.6136389970779419,-4.07011483333675
K687E:V711I,-0.1398388147354126,-3.46286627568739
K687E:V711L,0.13255906105041504,-4.50047952682148
K687F,-2.3591718673706055,-3.90558192508406
K687G,0.035807132720947266,-0.9113722345311084
K687H,-0.9385344982147217,0.054591368709198
K687I,-2.230351448059082,-2.325854649260835
K687I:A692E,-0.3366726040840149,-3.72111305941543
K687I:A692G,-0.7291936874389648,-0.231357621022942
K687I:A692T,-1.0852888822555542,-3.16668382877467
K687I:A692V,-1.2428650856018066,-1.71290821683966
K687I:A701G,-1.8844053745269775,-0.721544902526602
K687I:A701P,-1.9194350242614746,-3.49413362476638
K687I:A701S,-1.949476718902588,-4.39160332658431
K687I:A701T,-1.4107816219329834,-1.54637608255408
K687I:A701V,-1.047376275062561,-1.38665073718003
K687I:A713S,-2.191727638244629,-2.98496853925427
K687I:A713T,-1.8398146629333496,-2.20289278402469
K687I:A713V,-0.7844673991203308,-2.41912707194654
K687I:D694E,-0.9939417839050293,-1.84130696971064
K687I:D694G,-1.372330665588379,-3.11041833592928
K687I:D694N,-1.2932212352752686,-1.07306964070932
K687I:D694V,-1.4136579036712646,-4.10488490148587
K687I:D694Y,-1.5178793668746948,-1.56634844134687
K687I:E693D,-1.1557823419570923,-1.68704863536142
K687I:E693G,-1.4000346660614014,1.14968926027512
K687I:E693V,-1.982485055923462,-3.66961340361298
K687I:F690C,-1.9464504718780518,-0.346130052623338
K687I:F690I,-1.066523790359497,-1.63959226989141
K687I:F690L,-0.7431426048278809,-1.25710021730876
K687I:F690S,0.22700095176696777,-0.120686031639952
K687I:F690V,-0.6339702606201172,-0.0161141996709056
K687I:F690Y,-0.8689289093017578,-0.683747737768503
K687I:F691C,-2.0304272174835205,-1.61190432149273
K687I:F691I,-0.9145374298095703,-2.04414906529221
K687I:F691L,-0.7505483627319336,-1.64172556021636
K687I:F691S,-0.10657656192779541,0.88835461350204
K687I:F691V,-0.45432424545288086,-2.63519418936369
K687I:F691Y,-1.125396490097046,-1.28523137383959
K687I:G696C,-2.453149199485779,-2.86017826784827
K687I:G696D,-1.361108660697937,-2.59247643106751
K687I:G696R,-1.35383141040802,-3.86147182996233
K687I:G696S,-0.9023231267929077,-3.18343535100976
K687I:G696V,-1.4854892492294312,-3.00165713966859
K687I:G700C,-4.293758869171143,-3.7571809226814
K687I:G700D,-2.995085120201111,-3.77534462213464
K687I:G704E,-4.632609844207764,-5.38325867046286
K687I:G704R,-4.425840139389038,-5.33996031526471
K687I:G704V,-3.348667860031128,-4.36186508927536
K687I:G708C,-2.4481449127197266,-3.31702432033308
K687I:G708D,-4.544128656387329,-2.13479766034054
K687I:G708S,-1.888634204864502,-4.76587009052496
K687I:G708V,-1.4929800033569336,-5.0161479181748
K687I:G709C,-1.7644383907318115,-3.3193688539928
K687I:G709D,-4.210129737854004,-4.49777877444418
K687I:G709S,-1.6665583848953247,-2.02187547974353
K687I:I702F,-2.4616785049438477,-3.33357084250306
K687I:I702N,-3.3318307399749756,-0.196591272195467
K687I:I702T,-2.583738327026367,-1.66287142448338
K687I:I702V,-1.6356061697006226,-2.67487277269032
K687I:I703F,-2.7899208068847656,-4.45001467298543
K687I:I703N,-4.439541339874268,-4.26674748757569
K687I:I703T,-2.5278782844543457,-4.73472898418514
K687I:I703V,-1.4093201160430908,-2.93385094792594
K687I:I712K,-4.835158824920654,-3.9700759035538
K687I:I712L,-0.685513973236084,-4.0668802630321
K687I:I712M,-1.8936744928359985,-4.46155963087941
K687I:I712R,-5.427335739135742,-2.14968637358199
K687I:I712T,-1.9606982469558716,-5.81324801971164
K687I:I712V,-0.8437173366546631,-2.82585313319371
K687I:K699E,-1.7362674474716187,-4.1975987015951
K687I:K699I,-1.1342957019805908,-3.00625910257296
K687I:K699N,-1.542371153831482,-3.17018178354706
K687I:K699R,-1.313790202140808,-3.25594706322343
K687I:L688F,-1.4509167671203613,-1.09043623391134
K687I:L688M,-1.3806872367858887,-0.826108376677971
K687I:L688S,-0.28114938735961914,0.753866497709906
K687I:L705F,-1.6997636556625366,-3.55186463028557
K687I:L705H,-3.9844579696655273,-0.0324125181450372
K687I:L705I,-0.8820195198059082,-1.92394044254746
K687I:L705P,-2.035507321357727,-2.40997117129403
K687I:L705V,-1.0852081775665283,-2.02684175525751
K687I:M706I,0.4637320041656494,-4.14564016688162
K687I:M706L,-0.3032956123352051,-2.88066324921164
K687I:M706R,-3.597257137298584,-4.51118606979191
K687I:M706T,0.17096948623657227,-5.58213320912388
K687I:M706V,0.9316823482513428,-3.90920421377994
K687I:N698D,-1.5847433805465698,-4.28906357093919
K687I:N698I,-2.4618242979049683,-3.19900559006218
K687I:N698S,-1.141448438167572,-5.31329206818255
K687I:N698Y,-2.369902014732361,-2.7421556853499
K687I:S697L,-0.2588455080986023,-3.22086921403287
K687I:S697P,-1.4073816537857056,-4.18354473038129
K687I:S697T,-1.2788642644882202,-3.18676570899319
K687I:V689A,-0.7843363285064697,-2.70824523022714
K687I:V689E,-0.519447922706604,-1.1433076288101
K687I:V689G,-0.4983406066894531,-1.77214108794425
K687I:V689M,-1.5077526569366455,-1.24633399184454
K687I:V695A,-0.8521139621734619,-3.09647915686044
K687I:V695E,-0.43244314193725586,-2.7157266266347
K687I:V695G,-0.6623122692108154,-2.05099799359888
K687I:V695L,-1.0912604331970215,-4.42986326438667
K687I:V695M,-1.6447467803955078,-2.54583964922195
K687I:V707A,-2.0920146703720093,-0.0484441879812022
K687I:V707E,-5.288010597229004,-3.38761001481336
K687I:V707G,-3.1463325023651123,-3.43644047627803
K687I:V707M,-3.1432995796203613,-0.635983481795412
K687I:V710A,-1.253699779510498,-4.10099163200397
K687I:V710D,-4.985166072845459,-4.87903007529327
K687I:V710I,-1.2530407905578613,-2.71411379249703
K687I:V711A,-1.62479829788208,-5.40854359334466
K687I:V711D,-5.229881763458252,-5.06798640967651
K687I:V711G,-2.3464770317077637,-4.65098632265666
K687I:V711I,-1.4383126497268677,-3.49532593465754
K687I:V711L,-1.16591477394104,-4.4625203589384
K687L,-1.4463996887207031,-2.482125161970005
K687M,-2.201870918273926,-1.8876028309447
K687N,-0.013011455535888672,0.587873198789311
K687N:A692E,0.7719973921775818,-2.47504277669107
K687N:A692G,0.37947630882263184,-1.61190432149273
K687N:A692T,0.02338111400604248,0.125904566191114
K687N:A692V,-0.13419508934020996,0.50223473978469
K687N:A701E,-1.1544172763824463,-1.87672754268311
K687N:A701P,-0.8107650279998779,0.785773988173843
K687N:A701T,-0.3021116256713867,1.14400817025361
K687N:A701V,0.061293721199035645,2.16943046162178
K687N:A713E,-3.430142879486084,-2.65235024102795
K687N:A713S,-1.0830576419830322,-0.130199646536352
K687N:A713T,-0.7311446666717529,0.884211408350544
K687N:A713V,0.32420259714126587,0.853891892163175
K687N:D694E,0.11472821235656738,0.967242738957698
K687N:D694G,-0.2636606693267822,1.21735657823511
K687N:D694V,-0.30498790740966797,-1.34432488170228
K687N:E693D,-0.047112345695495605,-0.216576420882219
K687N:E693G,-0.2913646697998047,1.76907658164409
K687N:E693V,-0.8738150596618652,0.445417309186042
K687N:F690I,0.04214620590209961,1.08668316805579
K687N:F690L,0.3655273914337158,0.559364372368619
K687N:F690S,1.3356709480285645,-0.860850962178365
K687N:F690Y,0.23974108695983887,0.143136072272928
K687N:F691C,-0.9217572212219238,-0.19113219707561
K687N:F691I,0.19413256645202637,0.655908181643095
K687N:F691L,0.3581216335296631,-0.0355367630267664
K687N:F691S,1.0020934343338013,-0.671373042883492
K687N:F691Y,-0.01672649383544922,0.564772845895452
K687N:G696A,-0.16665709018707275,-2.05904909947706
K687N:G696C,-1.3444792032241821,0.366050511922187
K687N:G696D,-0.25243866443634033,-2.676558850066
K687N:G696S,0.20634686946868896,0.512681441825023
K687N:G700C,-3.185088872909546,-0.155631097709825
K687N:G700D,-1.8864151239395142,-3.7419384261133
K687N:G700R,-1.6949493885040283,-2.83140088110323
K687N:G704E,-3.523939847946167,-1.99776255048919
K687N:G704R,-3.3171701431274414,-1.1892783832378
K687N:G704V,-2.2399978637695312,-4.05374941270181
K687N:G708C,-1.3394749164581299,-0.0522722686861465
K687N:G708D,-3.4354586601257324,-2.67632483280804
K687N:G708S,-0.7799642086029053,-2.54012028775413
K687N:G708V,-0.3843100070953369,-2.46985838504228
K687N:G709C,-0.6557683944702148,0.40001228769528
K687N:G709D,-3.1014597415924072,-2.10680483175078
K687N:G709S,-0.557888388633728,-1.83512756761831
K687N:I702F,-1.353008508682251,-1.01377862313414
K687N:I702N,-2.223160743713379,-0.740339011641705
K687N:I702T,-1.4750683307647705,-0.071374590301128
K687N:I702V,-0.5269361734390259,-0.170262065018806
K687N:I703F,-1.681250810623169,-3.40003381000684
K687N:I703N,-3.330871343612671,-3.44017040674789
K687N:I703T,-1.419208288192749,-3.22842622677218
K687N:I703V,-0.30065011978149414,-0.916753947523182
K687N:I712K,-3.7264888286590576,-3.56785483635565
K687N:I712L,0.4231560230255127,-1.58884547821483
K687N:I712M,-0.7850044965744019,-1.37945954334928
K687N:I712T,-0.8520282506942749,-3.19135647876858
K687N:I712V,0.2649526596069336,-1.80643650399821
K687N:K699E,-0.627597451210022,-2.46359625902559
K687N:K699I,-0.02562570571899414,-2.08981315757838
K687N:K699N,-0.43370115756988525,-0.404043212322136
K687N:K699R,-0.20512020587921143,0.285279855384593
K687N:L688F,-0.34224677085876465,1.22652391894293
K687N:L688M,-0.272017240524292,0.51760354955573
K687N:L688S,0.8275206089019775,0.185138940523291
K687N:L705F,-0.5910936594009399,0.30016388317929
K687N:L705H,-2.8757879734039307,-3.26826814932643
K687N:L705I,0.22665047645568848,0.772482158396171
K687N:L705P,-0.9268373250961304,-3.47415614724019
K687N:M706I,1.572402000427246,-0.608294902436951
K687N:M706K,-2.7134792804718018,-3.47415665362532
K687N:M706L,0.8053743839263916,-2.95868765103246
K687N:M706T,1.279639482498169,-3.53634887485701
K687N:M706V,2.0403523445129395,-0.393934205464057
K687N:N698D,-0.47607338428497314,-4.04674936122949
K687N:N698I,-1.3531543016433716,0.179765569275009
K687N:N698K,-0.4552578926086426,-0.97981308977209
K687N:N698S,-0.03277844190597534,-0.449160980357861
K687N:N698Y,-1.2612320184707642,0.551478548919998
K687N:S697L,0.8498244881629944,0.727704984222426
K687N:S697P,-0.2987116575241089,-0.66582787844465
K687N:S697T,-0.17019426822662354,0.447102113895093
K687N:V689A,0.32433366775512695,-0.862281792544929
K687N:V689E,0.5892220735549927,-0.383492673586877
K687N:V689M,-0.39908266067504883,-0.427055679087785
K687N:V695A,0.25655603408813477,0.628290482441337
K687N:V695E,0.6762268543243408,-0.849917724365854
K687N:V695G,0.44635772705078125,0.128750127909472
K687N:V695M,-0.5360767841339111,-0.0868332520676629
K687N:V707A,-0.9833446741104126,-1.74027872995884
K687N:V707E,-4.179340600967407,-3.16519147789044
K687N:V707G,-2.0376625061035156,-4.00495924853237
K687N:V707M,-2.0346295833587646,0.429518900650242
K687N:V710A,-0.14502978324890137,-2.85908121044385
K687N:V710D,-3.8764960765838623,-2.99043984538544
K687N:V710I,-0.14437079429626465,0.515723809833832
K687N:V711A,-0.5161283016204834,-2.89654395225387
K687N:V711D,-4.121211767196655,-3.51556606984422
K687N:V711I,-0.329642653465271,0.249427837613914
K687P,1.007073998451233,1.62792973205996
K687Q,-0.2637755870819092,0.4072828329369551
K687Q:A692V,-0.2595771551132202,-0.703127629766566
K687Q:E693D,-0.17249441146850586,-0.345624353759844
K687Q:E693V,-0.9991971254348755,-3.02320934870448
K687Q:F690I,-0.08323585987091064,1.42805266134018
K687Q:F690L,0.24014532566070557,-0.263041122045738
K687Q:F691I,0.06875050067901611,-1.95752410273436
K687Q:F691L,0.23273956775665283,-0.212763129597591
K687Q:F691Y,-0.14210855960845947,-3.3524724906801
K687Q:G696C,-1.4698612689971924,-2.07009893566365
K687Q:G696R,-0.3705434799194336,-2.38641484565839
K687Q:G696V,-0.5022013187408447,-1.76919948202074
K687Q:G700C,-3.310470938682556,-1.76299877735476
K687Q:G704R,-3.4425522089004517,-3.80221116156762
K687Q:G708C,-1.4648569822311401,-1.6821748935287
K687Q:G708D,-3.5608407258987427,-4.97320971933724
K687Q:G709C,-0.7811504602432251,-2.22564010071614
K687Q:G709S,-0.6832704544067383,-2.72768515051828
K687Q:I702F,-1.4783905744552612,-3.2248006909828
K687Q:I702T,-1.6004503965377808,-2.83854592833475
K687Q:I703F,-1.8066328763961792,-4.57405378042234
K687Q:I703N,-3.456253409385681,-4.52838427395954
K687Q:I703T,-1.5445903539657593,-3.43988681164653
K687Q:I712K,-3.851870894432068,-4.14001687785047
K687Q:I712L,0.29777395725250244,-0.925845366039332
K687Q:I712T,-0.9774103164672852,-5.39745864629359
K687Q:I712V,0.13957059383392334,-3.23922224581919
K687Q:K699E,-0.7529795169830322,-3.11087739687611
K687Q:K699I,-0.1510077714920044,-4.53558749959454
K687Q:K699R,-0.3305022716522217,-2.17122522021506
K687Q:L688M,-0.39739930629730225,1.27068931820295
K687Q:L688S,0.7021385431289673,-1.09081708518571
K687Q:L705H,-3.001170039176941,-3.31520636201717
K687Q:L705P,-1.0522193908691406,-3.98854888641441
K687Q:M706I,1.4470199346542358,-3.74720115415541
K687Q:M706K,-2.838861346244812,-3.78181569721816
K687Q:N698D,-0.6014554500579834,-4.32945529410687
K687Q:S697P,-0.42409372329711914,-3.79633385944756
K687Q:S697T,-0.2955763339996338,-0.362585464620262
K687Q:V689A,0.1989516019821167,0.718453257468453
K687Q:V695E,0.5508447885513306,-2.41205063804948
K687Q:V707E,-4.3047226667404175,-3.98367686505568
K687Q:V710A,-0.2704118490219116,-4.19835959764188
K687Q:V711A,-0.6415103673934937,-3.49413362476638
K687Q:V711D,-4.2465938329696655,-4.55059186247796
K687R,-0.15976285934448242,-0.2861177331783719
K687R:A692E,0.6986216902732849,-2.36161978442259
K687R:A692G,0.30610060691833496,-1.43373155755279
K687R:A692T,-0.049994587898254395,-2.405118772023
K687R:A692V,-0.20757079124450684,-0.762060311201069
K687R:A701E,-1.2277929782867432,-4.39061821011436
K687R:A701S,-0.9141824245452881,-3.91580624975195
K687R:A701T,-0.3754873275756836,0.546249627475446
K687R:A701V,-0.01208198070526123,1.3143504221153
K687R:A713E,-3.503518581390381,-3.39185477564597
K687R:A713G,-0.7941560745239258,-4.03774907135536
K687R:A713S,-1.156433343887329,-1.52870241899985
K687R:A713T,-0.8045203685760498,-0.116079579948156
K687R:A713V,0.250826895236969,0.214669521319971
K687R:D694E,0.04135251045227051,0.0540739836197136
K687R:D694G,-0.3370363712310791,0.307115245362682
K687R:D694N,-0.25792694091796875,0.468731941901209
K687R:D694V,-0.37836360931396484,-4.01102773638367
K687R:E693A,-0.631966233253479,-1.47387032819084
K687R:E693D,-0.12048804759979248,-0.153960739082212
K687R:E693G,-0.36474037170410156,2.17038565149281
K687R:E693K,-0.23125791549682617,-0.143236981579027
K687R:E693V,-0.9471907615661621,-2.14452200731021
K687R:F690I,-0.031229496002197266,0.463946264441997
K687R:F690L,0.29215168952941895,-1.13149454844783
K687R:F690Y,0.166365385055542,-0.790968064379942
K687R:F691C,-0.9951329231262207,-1.04769325580618
K687R:F691I,0.12075686454772949,0.329479534764928
K687R:F691L,0.2847459316253662,-1.43610647706303
K687R:F691S,0.9287177324295044,-0.76613064744469
K687R:F691Y,-0.0901021957397461,-0.33399052420975
K687R:G696C,-1.417854905128479,-1.34327986577519
K687R:G696D,-0.3258143663406372,-3.88475445197134
K687R:G696R,-0.3185371160507202,-2.75692791540807
K687R:G696S,0.1329711675643921,-0.142482684299999
K687R:G700C,-3.2584645748138428,-1.14010361912071
K687R:G700D,-1.959790825843811,-3.41715308107263
K687R:G704E,-3.597315549850464,-4.68089326451904
K687R:G704R,-3.3905458450317383,-3.64650659434467
K687R:G704V,-2.313373565673828,-4.25590765088675
K687R:G708C,-1.4128506183624268,-1.15636432466295
K687R:G708D,-3.5088343620300293,-3.654398851392
K687R:G708S,-0.8533399105072021,-3.03924627783444
K687R:G708V,-0.4576857089996338,-3.37773538465532
K687R:G709C,-0.7291440963745117,-2.1297939930688
K687R:G709D,-3.174835443496704,-3.19190960497355
K687R:G709R,-3.729729413986206,-4.74689659326175
K687R:G709S,-0.6312640905380249,-3.46911515037067
K687R:G709V,0.12201923131942749,-4.23325571238321
K687R:I702F,-1.4263842105865479,-2.29955359316882
K687R:I702N,-2.296536445617676,-2.9952701036752
K687R:I702T,-1.5484440326690674,-0.704246403536973
K687R:I702V,-0.6003118753433228,-2.66889782918789
K687R:I703F,-1.7546265125274658,-3.63924999433844
K687R:I703N,-3.4042470455169678,-3.65908875049537
K687R:I703T,-1.492583990097046,-4.26383761403454
K687R:I703V,-0.374025821685791,-3.27396479632242
K687R:I712K,-3.7998645305633545,-3.9162199353139
K687R:I712L,0.3497803211212158,-2.15399580989409
K687R:I712M,-0.8583801984786987,-3.54973853829528
K687R:I712T,-0.9254039525985718,-4.03979377778001
K687R:I712V,0.19157695770263672,-3.25554935028363
K687R:K699E,-0.7009731531143188,-3.50590779270609
K687R:K699I,-0.09900140762329102,-3.08062718767925
K687R:K699N,-0.5070768594741821,-0.973918296347377
K687R:K699R,-0.2784959077835083,-2.62917407570375
K687R:L688F,-0.4156224727630615,-0.0150743397372471
K687R:L688M,-0.34539294242858887,0.0397664458642978
K687R:L688S,0.7541449069976807,0.418252965864582
K687R:L705F,-0.6644693613052368,-1.9898793594274
K687R:L705H,-2.9491636753082275,-2.9278403615706
K687R:L705I,0.1532747745513916,0.694390298753583
K687R:L705P,-1.0002130270004272,-3.96782181123136
K687R:M706I,1.4990262985229492,-3.7755445222851
K687R:M706K,-2.7868549823760986,-4.75797629692111
K687R:M706L,0.7319986820220947,-3.77404545427981
K687R:M706T,1.206263780593872,-2.5736101312714
K687R:M706V,1.9669766426086426,-2.34496782823641
K687R:N698D,-0.54944908618927,-4.36057177923999
K687R:N698H,-0.7159384489059448,-1.12344925747897
K687R:N698I,-1.4265300035476685,0.164860677632162
K687R:N698S,-0.10615414381027222,-4.27066040869933
K687R:N698T,-0.781070351600647,-4.45775384423295
K687R:N698Y,-1.334607720375061,0.357678196299958
K687R:S697L,0.7764487862586975,-1.27242366440712
K687R:S697P,-0.37208735942840576,-3.8985709692544
K687R:S697T,-0.2435699701309204,-1.08657886193837
K687R:V689A,0.2509579658508301,-1.80594364962451
K687R:V689E,0.5158463716506958,-0.0385432303466384
K687R:V689M,-0.4724583625793457,-1.06153433968526
K687R:V695A,0.1831803321838379,-1.89798364284799
K687R:V695E,0.602851152420044,-1.39801527769914
K687R:V695G,0.3729820251464844,0.702489786576135
K687R:V695M,-0.609452486038208,-1.12776591531312
K687R:V707A,-1.0567203760147095,-1.96633895997604
K687R:V707E,-4.252716302871704,-3.24815727458268
K687R:V707G,-2.1110382080078125,-3.94093374612007
K687R:V707L,-1.0208998918533325,-1.18224003819173
K687R:V707M,-2.1080052852630615,-0.0069386554459045
K687R:V710A,-0.21840548515319824,-4.01737617081873
K687R:V710D,-3.949871778488159,-4.97692685694607
K687R:V710I,-0.21774649620056152,0.0604836075562713
K687R:V711A,-0.5895040035247803,-4.37451152252771
K687R:V711D,-4.194587469100952,-4.56158273403896
K687R:V711I,-0.40301835536956787,-2.24543025645672
K687S,-0.0313720703125,0.4163412164938933
K687T,-0.7811722755432129,1.090037067274289
K687T:A692T,-0.36069929599761963,-0.657829088140495
K687T:A692V,-0.5182754993438721,-1.07001703192001
K687T:A701T,-0.6861920356750488,0.526934943321238
K687T:A713V,-0.05987781286239624,0.893500376767088
K687T:D694E,-0.2693521976470947,0.452959480088731
K687T:E693G,-0.6754450798034668,1.7822789063936
K687T:F690I,-0.3419342041015625,1.62705033229876
K687T:F691I,-0.18994784355163574,0.347687932945074
K687T:F691L,-0.025958776473999023,0.251716121400773
K687T:F691S,0.6180130243301392,-1.681045675339
K687T:F691Y,-0.40080690383911133,1.46870344304665
K687T:G700C,-3.569169282913208,-0.323693804951695
K687T:G708C,-1.723555326461792,-1.29155486446706
K687T:G708S,-1.1640446186065674,-1.91937934249081
K687T:G709C,-1.039848804473877,-0.704801866715049
K687T:G709D,-3.4855401515960693,-3.32982985580908
K687T:I702F,-1.737088918685913,-1.20005183384084
K687T:I702V,-0.911016583442688,0.242841540618303
K687T:I703T,-1.8032886981964111,-3.38548437321494
K687T:I712L,0.039075613021850586,-1.01721645699441
K687T:I712T,-1.236108660697937,-4.25282416821533
K687T:I712V,-0.11912775039672852,-2.0996977146872
K687T:K699E,-1.011677861213684,-2.92608550305605
K687T:K699I,-0.40970611572265625,-0.440995235694074
K687T:K699N,-0.8177815675735474,0.212954631105619
K687T:K699R,-0.5892006158828735,-0.850197077483507
K687T:L688W,-1.3999216556549072,0.150754260066019
K687T:L705H,-3.2598683834075928,-2.03059730249069
K687T:L705P,-1.3109177350997925,-2.82008540223933
K687T:M706L,0.4212939739227295,-3.10519781860943
K687T:M706V,1.6562719345092773,-1.8208041495032
K687T:N698D,-0.8601537942886353,-4.28524139499783
K687T:N698Y,-1.6453124284744263,0.183720951848191
K687T:S697T,-0.5542746782302856,0.845354151985037
K687T:V689L,-0.31058621406555176,0.22363483919969
K687T:V695A,-0.12752437591552734,0.200547004241115
K687T:V695E,0.2921464443206787,-0.91474878437173
K687T:V707A,-1.3674250841140747,-0.908578667466312
K687T:V707E,-4.563421010971069,-2.26750297716593
K687T:V710D,-4.260576486587524,-3.10519781860943
K687T:V711A,-0.9002087116241455,-4.12169940958787
K687T:V711D,-4.505292177200317,-3.60936925040038
K687V,-1.6115460395812988,-0.8834541743584685
K687W,-3.3962106704711914,-3.83306176208702
K687Y,-2.093649387359619,-0.8612964120992459
K699A,-0.0576319694519043,0.382127993446263
K699C,-4.2728776931762695,-0.303615341215838
K699D,-1.6902501583099365,-3.571253277164235
K699E,-1.2421834468841553,-1.65008650089418
K699E:A701E,-1.7690032720565796,-4.96330638729847
K699E:A701G,-1.3903213739395142,-4.14472119090753
K699E:A701S,-1.4553927183151245,-4.21012663756489
K699E:A701T,-0.91669762134552,-1.43219583669011
K699E:A701V,-0.5532922744750977,-0.675861808933381
K699E:A713G,-1.3353663682937622,-3.2248006909828
K699E:A713S,-1.6976436376571655,-2.59471162503936
K699E:A713T,-1.3457306623458862,-2.16337027204476
K699E:A713V,-0.29038339853286743,-2.2408125871393
K699E:G700C,-3.799674868583679,-3.52417986825883
K699E:G700D,-2.5010011196136475,-3.60329432669908
K699E:G700S,-1.8970743417739868,-3.80020072960549
K699E:G704E,-4.1385258436203,-5.04641312336054
K699E:G704R,-3.9317561388015747,-4.6925081785539
K699E:G704V,-2.8545838594436646,-4.82326957204632
K699E:G708C,-1.9540609121322632,-2.48902764059199
K699E:G708D,-4.050044655799866,-5.00966934678707
K699E:G708S,-1.3945502042770386,-3.65373103870725
K699E:G709C,-1.2703543901443481,-2.87276530288998
K699E:G709D,-3.7160457372665405,-4.80554815722886
K699E:G709S,-1.1724743843078613,-5.13298173979784
K699E:I702F,-1.9675945043563843,-3.83813863229475
K699E:I702L,-0.9788918495178223,-2.65145471023547
K699E:I702N,-2.837746739387512,-5.09383023996726
K699E:I702T,-2.089654326438904,-2.78629991723358
K699E:I702V,-1.1415221691131592,-4.10620137675251
K699E:I703F,-2.2958368062973022,-4.30140721972674
K699E:I703N,-3.945457339286804,-4.52838427395954
K699E:I703T,-2.0337942838668823,-2.7408303787741
K699E:I703V,-0.9152361154556274,-1.40320095981069
K699E:I712K,-4.341074824333191,-3.90775446935137
K699E:I712L,-0.1914299726486206,-3.88453946140591
K699E:I712M,-1.3995904922485352,-3.97884548605411
K699E:I712T,-1.4666142463684082,-4.55043260518455
K699E:I712V,-0.3496333360671997,-3.91873839906032
K699E:L705F,-1.2056796550750732,-2.79492935646244
K699E:L705H,-3.490373969078064,-4.45068998032681
K699E:L705I,-0.3879355192184448,-1.07754621895586
K699E:L705P,-1.5414233207702637,-4.53730521473989
K699E:L705V,-0.5911241769790649,-2.88102915187997
K699E:M706I,0.9578160047531128,-3.59481893869536
K699E:M706K,-3.328065276145935,-4.91679563005715
K699E:M706L,0.1907883882522583,-4.17285397494183
K699E:M706T,0.6650534868240356,-4.50003643107787
K699E:M706V,1.4257663488388062,-2.22875422390409
K699E:V707A,-1.597930669784546,-3.16069125264816
K699E:V707E,-4.7939265966415405,-4.94642028666702
K699E:V707L,-1.562110185623169,-2.11409694161301
K699E:V707M,-2.649215579032898,-3.08057394433407
K699E:V710A,-0.7596157789230347,-3.01833165834658
K699E:V710D,-4.491082072257996,-3.46951307218786
K699E:V710I,-0.758956789970398,-2.54629982516627
K699E:V711A,-1.1307142972946167,-3.90320027472363
K699E:V711D,-4.735797762870789,-3.29760164955323
K699E:V711I,-0.9442286491394043,-4.59593580985386
K699F,-1.6841232776641846,-3.64510018578669
K699G,-1.3755290508270264,-1.091203553972655
K699H,-1.6568286418914795,-0.115507057964452
K699I,-0.03823995590209961,-0.8455137006456486
K699I:A701E,-1.1670315265655518,-4.37652280496486
K699I:A701G,-0.7883496284484863,-2.57480489788681
K699I:A701P,-0.8233792781829834,-1.39474980213493
K699I:A701S,-0.8534209728240967,-2.22813695725667
K699I:A701T,-0.3147258758544922,-1.57979748659746
K699I:A701V,0.048679471015930176,-2.3392834529155
K699I:A713E,-3.4427571296691895,-3.89029634021223
K699I:A713S,-1.0956718921661377,-2.08778397911585
K699I:A713T,-0.7437589168548584,-1.20992926031346
K699I:A713V,0.3115883469581604,-0.903268903620479
K699I:G700A,-0.8661917448043823,-4.57828229057563
K699I:G700C,-3.1977031230926514,-4.45528255176634
K699I:G700D,-1.8990293741226196,-5.37592047858384
K699I:G700S,-1.295102596282959,-3.13095492550478
K699I:G704E,-3.5365540981292725,-4.00829830997277
K699I:G704R,-3.329784393310547,-3.89853081123533
K699I:G708C,-1.3520891666412354,0.104990397752238
K699I:G708D,-3.448072910308838,-3.80035085100887
K699I:G708R,-3.4172701835632324,-5.07914281934499
K699I:G708S,-0.7925784587860107,-4.31282766233202
K699I:G708V,-0.3969242572784424,-4.24422718840499
K699I:G709A,0.04497247934341431,-4.97320971933724
K699I:G709C,-0.6683826446533203,-3.59838989362124
K699I:G709D,-3.1140739917755127,-3.08846410209436
K699I:G709S,-0.5705026388168335,-3.04617023775157
K699I:G709V,0.1827806830406189,-4.77814913676586
K699I:I702F,-1.3656227588653564,-2.33272393854989
K699I:I702N,-2.2357749938964844,-2.18592347334774
K699I:I702S,-2.265376329421997,-2.76258001142257
K699I:I702T,-1.487682580947876,-2.56003539375394
K699I:I702V,-0.5395504236221313,-0.841981262114431
K699I:I703F,-1.6938650608062744,-5.01971855023017
K699I:I703N,-3.3434855937957764,-4.80690268213761
K699I:I703T,-1.4318225383758545,-5.11633490833612
K699I:I703V,-0.3132643699645996,-2.93049536418531
K699I:I712K,-3.739103078842163,-2.68827304296954
K699I:I712L,0.4105417728424072,-3.73098757965949
K699I:I712M,-0.7976187467575073,-3.6993025610709
K699I:I712T,-0.8646425008773804,-3.4431909512192
K699I:I712V,0.2523384094238281,-3.85836877287933
K699I:L705F,-0.6037079095840454,-1.78977159357377
K699I:L705H,-2.888402223587036,-4.06778738377854
K699I:L705I,0.214036226272583,-1.83046717298858
K699I:L705P,-0.9394515752792358,-3.78750036026898
K699I:L705V,0.01084756851196289,-2.101209466203
K699I:M706I,1.5597877502441406,-3.42645409359671
K699I:M706K,-2.7260935306549072,-4.26363947661211
K699I:M706L,0.7927601337432861,-3.74050071258087
K699I:M706T,1.2670252323150635,-3.67562488563301
K699I:M706V,2.027738094329834,-2.45037809537543
K699I:V707A,-0.9959589242935181,-2.70637016469026
K699I:V707E,-4.191954851150513,-4.74556546380509
K699I:V707L,-0.9601384401321411,-3.2862097883019
K699I:V707M,-2.04724383354187,-3.03150231068478
K699I:V710A,-0.15764403343200684,-4.35782701104274
K699I:V710D,-3.8891103267669678,-2.95004388821509
K699I:V710F,-0.6402747631072998,-3.34788901831297
K699I:V710I,-0.15698504447937012,-0.902472295096722
K699I:V711A,-0.5287425518035889,-4.41591960400239
K699I:V711D,-4.133826017379761,-3.02025484232059
K699I:V711F,-0.8160570859909058,-4.47588173007259
K699I:V711I,-0.34225690364837646,-3.06814383224629
K699L,-0.2906620502471924,-3.335727259619455
K699M,-0.8031213283538818,-2.383128857956315
K699N,-0.8543908596038818,0.1584780598322228
K699N:A701E,-1.5751069784164429,-4.1193270346937
K699N:A701S,-1.2614964246749878,-2.8117722638328
K699N:A701T,-0.7228013277053833,0.791703318645803
K699N:A701V,-0.35939598083496094,1.35212332904619
K699N:A713E,-3.8508325815200806,-3.9553127020746
K699N:A713S,-1.5037473440170288,-0.501819354665868
K699N:A713T,-1.1518343687057495,0.198571045779894
K699N:A713V,-0.09648710489273071,0.750852383872895
K699N:G700A,-1.2742671966552734,-4.64118217391183
K699N:G700C,-3.6057785749435425,-1.77845157122978
K699N:G700D,-2.3071048259735107,-2.80379998196946
K699N:G700S,-1.70317804813385,-2.77970406024497
K699N:G700V,-2.244371175765991,0.411870886053876
K699N:G704E,-3.9446295499801636,-3.51993330358051
K699N:G704R,-3.737859845161438,-3.18704684577558
K699N:G704V,-2.660687565803528,-3.65100569321954
K699N:G708A,-0.5380386114120483,-4.51578487229837
K699N:G708C,-1.7601646184921265,-1.71754991277156
K699N:G708D,-3.856148362159729,-3.27226539733543
K699N:G708R,-3.8253456354141235,-3.44001206540139
K699N:G708S,-1.2006539106369019,-3.24980658458383
K699N:G708V,-0.8049997091293335,-3.01952388263876
K699N:G709C,-1.0764580965042114,-1.0434590429214
K699N:G709D,-3.522149443626404,-2.85875278992873
K699N:G709S,-0.9785780906677246,-2.90298275763568
K699N:G709V,-0.22529476881027222,-4.53604277045761
K699N:I702F,-1.7736982107162476,-1.67096366012831
K699N:I702N,-2.6438504457473755,-2.13031658597468
K699N:I702T,-1.895758032798767,-2.03054226156919
K699N:I702V,-0.9476258754730225,-1.37535194126506
K699N:I703F,-2.1019405126571655,-3.3753293067661
K699N:I703N,-3.7515610456466675,-3.48173624155662
K699N:I703T,-1.8398979902267456,-3.81229236952615
K699N:I703V,-0.7213398218154907,-1.45067703977436
K699N:I712K,-4.147178530693054,-3.49053385192474
K699N:I712L,0.0024663209915161133,-2.93308891056689
K699N:I712M,-1.2056941986083984,-2.47386388897523
K699N:I712T,-1.2727179527282715,-4.49702034450075
K699N:I712V,-0.155737042427063,-3.59721957048953
K699N:L705F,-1.0117833614349365,-1.39401924165023
K699N:L705H,-3.2964776754379272,-2.87433675035505
K699N:L705I,-0.1940392255783081,0.164106057518146
K699N:L705P,-1.347527027130127,-3.68845745547312
K699N:L705V,-0.3972278833389282,-1.2290864510914
K699N:M706I,1.1517122983932495,-1.38375121664811
K699N:M706K,-3.1341689825057983,-3.96632620338454
K699N:M706L,0.384684681892395,-2.61904258203857
K699N:M706T,0.8589497804641724,-4.28667076420349
K699N:M706V,1.6196626424789429,-1.26141716919275
K699N:V707A,-1.4040343761444092,-2.38975724424694
K699N:V707E,-4.600030303001404,-2.5948459737126
K699N:V707G,-2.458352208137512,-4.49368875147179
K699N:V707M,-2.4553192853927612,-0.652238391747324
K699N:V710A,-0.565719485282898,-3.62674991624582
K699N:V710D,-4.297185778617859,-4.75524000278206
K699N:V710G,-1.0486425161361694,-3.47544149175423
K699N:V710I,-0.5650604963302612,0.0810715993874653
K699N:V711A,-0.93681800365448,-3.23051208665906
K699N:V711D,-4.541901469230652,-4.13876168878387
K699N:V711I,-0.7503323554992676,-2.00982812361504
K699N:V711L,-0.47793447971343994,-1.64791068513591
K699P,-0.14267635345458984,-2.92203812898334
K699Q,-1.081977128982544,-0.7568813795390821
K699Q:A701S,-1.3752895593643188,-4.17329456335159
K699Q:A701T,-0.8365944623947144,-0.869465032603224
K699Q:A713V,-0.21028023958206177,-0.105707478647413
K699Q:G700C,-3.7195717096328735,-3.61191666042277
K699Q:G708C,-1.8739577531814575,-2.13507508772255
K699Q:I712L,-0.11132681369781494,-3.40202139346149
K699Q:I712V,-0.26953017711639404,-4.31357967139867
K699Q:L705H,-3.4102708101272583,-3.44001206540139
K699Q:M706L,0.27089154720306396,-4.93449520715655
K699R,-0.3972289562225342,-0.768324040636716
K699R:A701E,-1.346526026725769,-3.56559258874853
K699R:A701P,-1.0028737783432007,-0.411027801891703
K699R:A701S,-1.032915472984314,-3.18096125992975
K699R:A701T,-0.4942203760147095,0.604909065401541
K699R:A701V,-0.1308150291442871,1.04499643295307
K699R:A713E,-3.6222516298294067,-3.12167178561112
K699R:A713G,-0.9128891229629517,-4.74259880236143
K699R:A713S,-1.275166392326355,1.07611603137459
K699R:A713T,-0.9232534170150757,1.06731294923659
K699R:A713V,0.13209384679794312,-0.263764949408284
K699R:G700A,-1.0456862449645996,-1.84964963585381
K699R:G700C,-3.3771976232528687,-1.76234371092265
K699R:G700D,-2.078523874282837,-3.7060340803845
K699R:G700S,-1.4745970964431763,-4.02200468629147
K699R:G700V,-2.0157902240753174,-2.14119103631052
K699R:G704E,-3.7160485982894897,-3.82617919742235
K699R:G704R,-3.509278893470764,-4.00453668940192
K699R:G704V,-2.432106614112854,-4.05133360758787
K699R:G708C,-1.5315836668014526,-0.848238148141177
K699R:G708D,-3.627567410469055,-4.89836745479918
K699R:G708R,-3.5967646837234497,-3.19819951866859
K699R:G708S,-0.972072958946228,-1.98624618479165
K699R:G708V,-0.5764187574386597,-3.92093443517283
K699R:G709C,-0.8478771448135376,-2.18164109025184
K699R:G709D,-3.29356849193573,-1.767269879847
K699R:G709S,-0.7499971389770508,-3.2833344563538
K699R:I702F,-1.5451172590255737,-2.25092763343047
K699R:I702M,-1.1292511820793152,-4.02148855048358
K699R:I702N,-2.4152694940567017,-0.95285447319925
K699R:I702T,-1.6671770811080933,-0.450587149875568
K699R:I702V,-0.7190449237823486,-1.40909555029241
K699R:I703F,-1.8733595609664917,-3.89387770577403
K699R:I703N,-3.5229800939559937,-3.98779691338293
K699R:I703T,-1.6113170385360718,-2.65599579881428
K699R:I703V,-0.4927588701248169,-2.08429103081979
K699R:I712K,-3.9185975790023804,-3.4135064864335
K699R:I712L,0.23104727268218994,-1.74258906295863
K699R:I712M,-0.9771132469177246,-2.6645389190288
K699R:I712R,-4.510774493217468,-3.37060037651974
K699R:I712T,-1.0441370010375977,-4.36613194678282
K699R:I712V,0.07284390926361084,-2.93511846699188
K699R:L705F,-0.7832024097442627,-2.3040314859208
K699R:L705H,-3.0678967237472534,-2.83251962295992
K699R:L705I,0.03454172611236572,0.725374080409723
K699R:L705P,-1.1189460754394531,-4.35218984760851
K699R:L705V,-0.1686469316482544,0.336482106026429
K699R:M706I,1.3802932500839233,-3.21136776301306
K699R:M706K,-2.9055880308151245,-3.13816875460037
K699R:M706L,0.6132656335830688,-3.20810043556112
K699R:M706T,1.0875307321548462,-3.7443477639268
K699R:M706V,1.8482435941696167,-1.43541020750542
K699R:V707A,-1.1754534244537354,-2.29166232090806
K699R:V707E,-4.37144935131073,-2.77800325242859
K699R:V707G,-2.2297712564468384,-5.07914281934499
K699R:V707L,-1.1396329402923584,-0.275457197463513
K699R:V707M,-2.2267383337020874,-0.334184945355074
K699R:V710A,-0.3371385335922241,-2.84401214730513
K699R:V710D,-4.068604826927185,-4.82851234878522
K699R:V710F,-0.8197692632675171,-3.77852683804836
K699R:V710I,-0.3364795446395874,-0.329084337248616
K699R:V710L,-0.36723482608795166,-3.13745868082765
K699R:V711A,-0.7082370519638062,-3.32957224131845
K699R:V711D,-4.313320517539978,-3.69724561828579
K699R:V711F,-0.995551586151123,-1.21067403946428
K699R:V711G,-1.4299157857894897,-5.32226073816531
K699R:V711I,-0.5217514038085938,-2.24575598825565
K699R:V711L,-0.2493535280227661,-4.51578487229837
K699S,-0.17299151420593262,-0.5247434064747211
K699T,1.3666797876358032,-0.6102873411241929
K699T:G700V,-1.1338358521461487,-4.66420487741664
K699T:G708C,-0.6496292948722839,-0.179495787751141
K699T:G709C,0.034077227115631104,-2.09653212667019
K699T:G709S,0.13195723295211792,-4.57405378042234
K699T:I712L,1.1130016446113586,-3.99151211103634
K699T:M706I,2.262247622013092,-4.97320971933724
K699T:V707E,-3.4894949793815613,-4.53377572671019
K699T:V710D,-3.1866504549980164,-3.94172606142224
K699V,0.44535279273986816,-1.2126017051994151
K699W,-1.5482542514801025,-2.70824442336222
K699Y,-1.4751532077789307,-0.5355550770693975
L688A,0.9096546173095703,-1.024986675289
L688C,-2.9638938903808594,-1.3351965011159717
L688D,1.893782615661621,-1.6851776757603
L688E,1.9379863739013672,-0.923657979900067
L688F,-0.6714820861816406,0.891137448290584
L688F:A692S,-0.014662742614746094,-0.0465703225463023
L688F:A692T,-0.3058542013168335,0.43317121534328
L688F:A692V,-0.46343040466308594,1.32996973629428
L688F:A701E,-1.4836525917053223,-3.75081436213121
L688F:A701G,-1.1049706935882568,-1.05184612992021
L688F:A701P,-1.140000343322754,-3.68443303529654
L688F:A701S,-1.1700420379638672,-2.33473071184854
L688F:A701T,-0.6313469409942627,0.968339565364555
L688F:A701V,-0.26794159412384033,2.29343212751996
L688F:A713E,-3.75937819480896,-2.08186377724323
L688F:A713S,-1.4122929573059082,0.478411953256967
L688F:A713T,-1.060379981994629,0.957496538165421
L688F:A713V,-0.005032718181610107,1.41420712929869
L688F:D694E,-0.2145071029663086,1.00903631802599
L688F:D694G,-0.5928959846496582,0.215966457627221
L688F:D694V,-0.634223222732544,-4.0030249698981
L688F:D694Y,-0.7384446859359741,-3.21551393355165
L688F:E693D,-0.3763476610183716,1.30916935296892
L688F:E693G,-0.6205999851226807,2.4304142022456
L688F:E693K,-0.4871175289154053,0.797053263729233
L688F:E693V,-1.2030503749847412,-0.372822937811295
L688F:F690I,-0.28708910942077637,1.05717368635244
L688F:F690L,0.036292076110839844,-0.121437292096041
L688F:F690S,1.0064356327056885,-1.43128897050124
L688F:F690V,0.14546442031860352,0.470922628810448
L688F:F690Y,-0.08949422836303711,-0.250798674875835
L688F:F691I,-0.1351027488708496,1.34784820580904
L688F:F691L,0.02888631820678711,0.403862048435468
L688F:F691S,0.6728581190109253,-0.111206397166018
L688F:F691Y,-0.3459618091583252,0.789504516129271
L688F:G696C,-1.673714518547058,-0.529044080972475
L688F:G696R,-0.5743967294692993,-0.640129511041094
L688F:G696S,-0.12288844585418701,0.442777899584558
L688F:G700C,-3.514324188232422,-0.64214312285735
L688F:G700D,-2.21565043926239,-2.03437780176415
L688F:G700S,-1.6117236614227295,-2.90184166862843
L688F:G704E,-3.853175163269043,-2.84865727419389
L688F:G704R,-3.6464054584503174,-2.17576730668595
L688F:G708C,-1.6687102317810059,0.250508593647166
L688F:G708D,-3.7646939754486084,-3.06267621001261
L688F:G708S,-1.1091995239257812,-2.88508888471672
L688F:G708V,-0.7135453224182129,-3.03646211521118
L688F:G709C,-0.9850037097930908,-0.152607305506797
L688F:G709D,-3.430695056915283,-0.810799338289496
L688F:G709S,-0.887123703956604,-2.57495118190455
L688F:I702F,-1.682243824005127,-1.25398796843591
L688F:I702N,-2.552396059036255,-1.13162808681667
L688F:I702T,-1.8043036460876465,-0.0916142800351273
L688F:I702V,-0.8561714887619019,-0.304113054812992
L688F:I703F,-2.010486125946045,-3.56456941956451
L688F:I703N,-3.660106658935547,-2.75380854009369
L688F:I703T,-1.748443603515625,-2.86896926385388
L688F:I703V,-0.6298854351043701,-0.919672492918194
L688F:I712K,-4.055724143981934,-1.71062703527977
L688F:I712L,0.09392070770263672,-0.974903443711762
L688F:I712M,-1.1142398118972778,-0.899021247864792
L688F:I712T,-1.1812635660171509,-3.25656870180773
L688F:I712V,-0.06428265571594238,-1.33394414583402
L688F:K699E,-0.956832766532898,-1.98702747861151
L688F:K699I,-0.3548610210418701,-1.7309334278231
L688F:K699N,-0.7629364728927612,0.0647185010937273
L688F:K699Q,-0.8767296075820923,-1.26243822991708
L688F:K699R,-0.5343555212020874,0.135907179211959
L688F:L705F,-0.9203289747238159,0.248807081055916
L688F:L705H,-3.2050232887268066,-2.43198247164638
L688F:L705P,-1.2560726404190063,-3.12563915848492
L688F:M706I,1.2431666851043701,-1.72981497247533
L688F:M706K,-3.0427145957946777,-2.94650676773139
L688F:M706L,0.4761390686035156,-2.36782836108759
L688F:M706T,0.950404167175293,-2.27046209484608
L688F:M706V,1.7111170291900635,-0.120489483441807
L688F:N698D,-0.8053086996078491,-3.77910591717074
L688F:N698I,-1.6823896169662476,0.597166178834162
L688F:N698K,-0.7844932079315186,-3.8809065998624
L688F:N698S,-0.3620137572288513,-1.309890131291
L688F:N698Y,-1.5904673337936401,-0.783882682248637
L688F:S697L,0.5205891728401184,-0.495024913473962
L688F:S697P,-0.6279469728469849,-1.29265763800643
L688F:S697T,-0.4994295835494995,0.540367000149522
L688F:V689A,-0.0049016475677490234,-0.637872050193964
L688F:V689E,0.2599867582321167,0.95050227248877
L688F:V689G,0.2810940742492676,-1.10532137163933
L688F:V689M,-0.7283179759979248,-1.49030591683673
L688F:V695A,-0.07267928123474121,0.466510571381856
L688F:V695E,0.34699153900146484,-1.16735856990392
L688F:V695G,0.11712241172790527,0.962775880057384
L688F:V695L,-0.3118257522583008,-0.973009799421476
L688F:V695M,-0.8653120994567871,1.07331620618153
L688F:V707A,-1.3125799894332886,-1.95202184265119
L688F:V707E,-4.508575916290283,-2.44089806274464
L688F:V707G,-2.3668978214263916,-3.44001206540139
L688F:V707M,-2.3638648986816406,-0.180676877651166
L688F:V710A,-0.47426509857177734,-2.93675426534606
L688F:V710D,-4.205731391906738,-2.73436763484637
L688F:V710F,-0.9568958282470703,-2.54911749783915
L688F:V710G,-0.9571881294250488,-4.31733393357453
L688F:V710I,-0.4736061096191406,0.703659514163013
L688F:V711A,-0.8453636169433594,-2.77959180144012
L688F:V711D,-4.450447082519531,-2.95056521847695
L688F:V711F,-1.1326781511306763,-1.80773467119616
L688F:V711I,-0.658877968788147,-1.0101537480684
L688G,1.3126001358032227,0.729844871855723
L688H,0.7686460018157959,1.2320652316805
L688I,-0.3014960289001465,1.05388461362661
L688K,1.6413164138793945,0.7613619617842224
L688M,-0.5310230255126953,0.197316048296779
L688M:A692E,0.5129916071891785,-2.11465356662248
L688M:A692S,0.05556678771972656,-2.09183892230005
L688M:A692T,-0.23562467098236084,-0.125535289636079
L688M:A692V,-0.3932008743286133,-0.30346890109502
L688M:A701E,-1.4134230613708496,-3.66451019725113
L688M:A701G,-1.0347411632537842,-1.14495025892247
L688M:A701P,-1.0697708129882812,-0.702201939683471
L688M:A701S,-1.0998125076293945,-2.4994107586216
L688M:A701T,-0.56111741065979,1.5708887254647
L688M:A701V,-0.19771206378936768,2.10273414058297
L688M:A713E,-3.6891486644744873,-3.34114996543925
L688M:A713G,-0.9797861576080322,-2.48157062959236
L688M:A713S,-1.3420634269714355,-0.7436168789705
L688M:A713T,-0.9901504516601562,0.857007860608459
L688M:A713V,0.06519681215286255,0.86749480740035
L688M:D694E,-0.14427757263183594,0.817582482604683
L688M:D694G,-0.5226664543151855,1.31398538409779
L688M:D694N,-0.4435570240020752,-0.686527404543324
L688M:D694V,-0.5639936923980713,-2.6302240983707
L688M:D694Y,-0.6682151556015015,-3.7112830701522
L688M:E693D,-0.3061181306838989,0.364858492919564
L688M:E693G,-0.550370454788208,2.11392234145787
L688M:E693V,-1.1328208446502686,-0.534511667139943
L688M:F690I,-0.2168595790863037,1.30249854395882
L688M:F690L,0.1065216064453125,-0.819952821449654
L688M:F690S,1.0766651630401611,-1.89210834566134
L688M:F690Y,-0.019264698028564453,-0.988692018451539
L688M:F691I,-0.06487321853637695,0.12160604444843
L688M:F691L,0.09911584854125977,-0.47548523748386
L688M:F691S,0.743087649345398,-0.790040536092203
L688M:F691V,0.3953399658203125,0.757575762275804
L688M:F691Y,-0.27573227882385254,-0.107134029506108
L688M:G696C,-1.6034849882125854,-0.619821582318563
L688M:G696D,-0.5114444494247437,-2.2567668092469
L688M:G696S,-0.052658915519714355,0.398678926666138
L688M:G700C,-3.444094657897949,-0.870352079831431
L688M:G700D,-2.1454209089279175,-2.80366727737511
L688M:G700S,-1.5414941310882568,-4.0452439103372
L688M:G700V,-2.082687258720398,-0.908578667466313
L688M:G704A,-1.506256341934204,-3.44001206540139
L688M:G704E,-3.7829456329345703,-3.07248495711566
L688M:G704R,-3.5761759281158447,-2.7870652090047
L688M:G704V,-2.4990036487579346,-2.97949970716825
L688M:G708C,-1.5984807014465332,-0.262469358165872
L688M:G708D,-3.6944644451141357,-3.66496424069448
L688M:G708S,-1.0389699935913086,-3.06732766986957
L688M:G708V,-0.6433157920837402,-3.57199772447725
L688M:G709C,-0.9147741794586182,-0.187475956889786
L688M:G709D,-3.3604655265808105,-2.23834100793605
L688M:G709R,-3.9153594970703125,-3.29604253603679
L688M:G709S,-0.8168941736221313,-1.6060912933574
L688M:G709V,-0.06361085176467896,-2.98707814327231
L688M:I702F,-1.6120142936706543,-1.28737879155292
L688M:I702N,-2.4821665287017822,-1.80633437775716
L688M:I702T,-1.7340741157531738,-1.26523182180073
L688M:I702V,-0.7859419584274292,-1.14762189574899
L688M:I703F,-1.9402565956115723,-3.13634407270674
L688M:I703N,-3.589877128601074,-4.25442010816396
L688M:I703T,-1.6782140731811523,-3.88240531179577
L688M:I703V,-0.5596559047698975,-1.87109486378417
L688M:I712K,-3.985494613647461,-3.31917720246869
L688M:I712L,0.16415023803710938,-1.51085055918859
L688M:I712M,-1.0440102815628052,-2.54084536298912
L688M:I712T,-1.1110340356826782,-2.93108818370026
L688M:I712V,0.0059468746185302734,-2.68552836877818
L688M:K699E,-0.8866032361984253,-2.67221914590058
L688M:K699I,-0.28463149070739746,-1.15876565367177
L688M:K699N,-0.6927069425582886,-0.718839786264836
L688M:K699R,-0.46412599086761475,-1.04562037288534
L688M:L705F,-0.8500994443893433,-0.419980344477471
L688M:L705H,-3.134793758392334,-2.11049504576066
L688M:L705I,-0.032355308532714844,1.23916334878311
L688M:L705P,-1.1858431100845337,-2.85961154515091
L688M:L705R,-2.393239974975586,-5.06923071508359
L688M:M706I,1.3133962154388428,-2.25947860740946
L688M:M706K,-2.972485065460205,-3.97193361898863
L688M:M706L,0.5463685989379883,-2.44574559481093
L688M:M706T,1.0206336975097656,-3.66549467889712
L688M:M706V,1.7813465595245361,-1.57685908746178
L688M:N698D,-0.7350791692733765,-4.00355477508097
L688M:N698H,-0.9015685319900513,0.954344676562811
L688M:N698I,-1.612160086631775,0.996845387023809
L688M:N698K,-0.7142636775970459,-4.22375096132617
L688M:N698S,-0.29178422689437866,-3.14085559995973
L688M:N698T,-0.9667004346847534,-3.3524724906801
L688M:N698Y,-1.5202378034591675,0.655137411245285
L688M:S697L,0.5908187031745911,-0.230410399695716
L688M:S697P,-0.5577174425125122,-3.52801089198524
L688M:S697T,-0.42920005321502686,-0.569209747358664
L688M:V689A,0.06532788276672363,-0.619027173624405
L688M:V689E,0.33021628856658936,-1.02531849360846
L688M:V689G,0.35132360458374023,-1.57060487790721
L688M:V689M,-0.6580884456634521,0.554377535199004
L688M:V695A,-0.0024497509002685547,-0.125040903429182
L688M:V695E,0.4172210693359375,-1.31251974217946
L688M:V695M,-0.7950825691223145,0.184611539564276
L688M:V707A,-1.242350459098816,-1.57550462814272
L688M:V707E,-4.4383463859558105,-3.50999570163929
L688M:V707M,-2.293635368347168,-0.154802784512561
L688M:V710A,-0.4040355682373047,-3.13639211894705
L688M:V710D,-4.135501861572266,-2.33180248359058
L688M:V710I,-0.40337657928466797,0.61134343923268
L688M:V711A,-0.7751340866088867,-2.53349124695197
L688M:V711D,-4.380217552185059,-3.89477531556166
L688M:V711I,-0.5886484384536743,-1.01775357656597
L688N,1.4364228248596191,0.545619942487181
L688P,2.2191216945648193,0.3931324685751605
L688Q,1.1578025817871094,-1.130964271480475
L688R,1.5208139419555664,1.11454728767097
L688S,1.6680526733398438,-0.0051129142267647
L688S:A692E,1.612529456615448,-0.35473686103404
L688S:A692T,0.8639131784439087,-0.992090149828218
L688S:A692V,0.7063369750976562,-0.0116176609570056
L688S:A701E,-0.3138852119445801,-3.91186882546636
L688S:A701T,0.5384204387664795,0.665569490738637
L688S:A701V,0.9018257856369019,1.75081711418163
L688S:A713E,-2.5896108150482178,-3.00232700514187
L688S:A713S,-0.24252557754516602,-0.336138262018755
L688S:A713T,0.10938739776611328,-0.546622811797427
L688S:A713V,1.164734661579132,0.966267999349101
L688S:D694E,0.9552602767944336,0.822720456232701
L688S:D694G,0.576871395111084,0.303534708551626
L688S:D694N,0.6559808254241943,0.472309564272304
L688S:D694V,0.5355441570281982,-0.474736160007672
L688S:D694Y,0.43132269382476807,-1.47764001405376
L688S:E693D,0.7934197187423706,0.102568081493264
L688S:E693G,0.5491673946380615,1.2175309993122
L688S:E693K,0.6826498508453369,-1.14317828266617
L688S:E693V,-0.03328299522399902,0.877067047283902
L688S:F690C,0.002751588821411133,-4.59437976110561
L688S:F690I,0.8826782703399658,0.222139398189404
L688S:F690L,1.206059455871582,-0.724676029645859
L688S:F690S,2.1762030124664307,-0.62982631563143
L688S:F690V,1.3152318000793457,-2.41525931433368
L688S:F690Y,1.080273151397705,0.274880212418134
L688S:F691I,1.0346646308898926,-0.284275020018228
L688S:F691L,1.1986536979675293,-0.745370957946685
L688S:F691S,1.8426254987716675,0.189929666206072
L688S:F691V,1.494877815246582,-0.928345809072002
L688S:F691Y,0.823805570602417,-0.412122789147254
L688S:G696A,0.6738749742507935,-0.948037467780591
L688S:G696C,-0.5039471387863159,-0.974996556718625
L688S:G696D,0.5880934000015259,-2.68621654953965
L688S:G696S,1.0468789339065552,-0.272486750214292
L688S:G700C,-2.3445568084716797,-0.822431185827867
L688S:G700D,-1.045883059501648,-3.93451457107244
L688S:G700R,-0.8544173240661621,-2.49604766729677
L688S:G700S,-0.4419562816619873,-2.97517184520741
L688S:G700V,-0.9831494092941284,0.591647413376815
L688S:G704E,-2.683407783508301,-2.79174351552853
L688S:G704R,-2.476638078689575,-2.12850533266267
L688S:G704V,-1.399465799331665,-1.77745170716974
L688S:G708C,-0.49894285202026367,1.85218619404473
L688S:G708D,-2.594926595687866,-3.5571229655507
L688S:G708S,0.06056785583496094,-2.79080882252994
L688S:G708V,0.4562220573425293,-3.36943036276428
L688S:G709A,0.898118793964386,-3.7419384261133
L688S:G709C,0.18476366996765137,-0.864740489483317
L688S:G709D,-2.260927677154541,-2.37845445089037
L688S:G709S,0.2826436758041382,-2.40347655641883
L688S:I702F,-0.5124764442443848,-0.603860574556909
L688S:I702N,-1.3826286792755127,-2.83456097895753
L688S:I702T,-0.6345362663269043,-1.84333077759516
L688S:I702V,0.31359589099884033,-0.784509980664985
L688S:I703F,-0.8407187461853027,-3.69426184247703
L688S:I703N,-2.4903392791748047,-4.35536372186032
L688S:I703T,-0.5786762237548828,-3.85306500656111
L688S:I703V,0.5398819446563721,-2.08791249330883
L688S:I712K,-2.8859567642211914,-3.76249082788792
L688S:I712L,1.263688087463379,-1.51472632715984
L688S:I712M,0.055527567863464355,-1.66967375342507
L688S:I712T,-0.011496186256408691,-3.73085971706968
L688S:I712V,1.1054847240447998,-3.42177037361895
L688S:K699E,0.21293461322784424,-3.5231488336841
L688S:K699I,0.8149063587188721,-0.6881469504436
L688S:K699N,0.40683090686798096,-0.772146215799809
L688S:K699R,0.6354118585586548,-1.02758242195135
L688S:L705F,0.24943840503692627,0.459676721196479
L688S:L705H,-2.0352559089660645,-3.15080222946198
L688S:L705I,1.0671825408935547,1.18417258858566
L688S:L705P,-0.08630526065826416,-4.14141068206325
L688S:M706I,2.4129340648651123,-1.55888827766322
L688S:M706K,-1.8729472160339355,-4.36222354264014
L688S:M706L,1.6459064483642578,-3.43071206040259
L688S:M706T,2.120171546936035,-3.64769341803535
L688S:M706V,2.8808844089508057,-1.36266556439101
L688S:N698D,0.36445868015289307,-4.06500313159935
L688S:N698H,0.19796931743621826,-0.499295401356506
L688S:N698I,-0.5126222372055054,-0.788000145367675
L688S:N698K,0.38527417182922363,-1.7332645747819
L688S:N698S,0.8077536225318909,-0.988570911563226
L688S:N698T,0.1328374147415161,-4.72872174863313
L688S:N698Y,-0.42069995403289795,0.39541822094905
L688S:S697A,0.6052151918411255,-0.58574336136754
L688S:S697L,1.6903565526008606,-0.0579980624127827
L688S:S697P,0.5418204069137573,-1.82586147339978
L688S:S697T,0.6703377962112427,-0.576311664128621
L688S:V689A,1.1648657321929932,-1.10331676467055
L688S:V689E,1.4297541379928589,-0.287437181983536
L688S:V689G,1.4508614540100098,-0.203438158262473
L688S:V689L,0.9140262603759766,-2.81600107929813
L688S:V689M,0.4414494037628174,0.0202008818274855
L688S:V695A,1.097088098526001,-0.448223636170717
L688S:V695E,1.516758918762207,-1.72479752320145
L688S:V695G,1.2868897914886475,0.570815011695032
L688S:V695L,0.8579416275024414,-0.607413565036367
L688S:V695M,0.3044552803039551,-0.109589394453775
L688S:V707A,-0.1428126096725464,-2.66112122129528
L688S:V707E,-3.338808536529541,-2.78996818975994
L688S:V707M,-1.1940975189208984,-0.651786332594921
L688S:V710A,0.6955022811889648,-3.41997615933175
L688S:V710D,-3.035964012145996,-3.80919461671227
L688S:V710F,0.21287155151367188,-2.60168186815374
L688S:V710G,0.21257925033569336,-4.05374941270181
L688S:V710I,0.6961612701416016,0.41993369529369
L688S:V711A,0.3244037628173828,-3.48838442481373
L688S:V711D,-3.280679702758789,-3.94295791625536
L688S:V711I,0.5108894109725952,-1.29289042322803
L688S:V711L,0.7832872867584229,-3.73568093369619
L688T,1.279878854751587,0.987204870226826
L688V,0.4731433391571045,1.3918341619204486
L688V:A701V,0.3043711185455322,1.92768154889315
L688V:D694E,0.35780560970306396,-0.487387009811981
L688V:F690L,0.6086047887802124,-0.590140209627138
L688V:F691I,0.43720996379852295,1.08348556491431
L688V:F691L,0.6011990308761597,-0.464794153704001
L688V:F691Y,0.22635090351104736,-0.200455582133643
L688V:G696S,0.44942426681518555,0.629624822662011
L688V:G709D,-2.8583823442459106,-1.28330339537439
L688V:G709S,-0.31481099128723145,-0.355688932513484
L688V:I712K,-3.483411431312561,-4.71463573104353
L688V:I712T,-0.6089508533477783,-3.95366595414482
L688V:I712V,0.5080300569534302,-3.28367904480307
L688V:K699I,0.21745169162750244,-2.55346338124674
L688V:K699R,0.037957191467285156,0.933487196239303
L688V:N698D,-0.23299598693847656,-4.61109505210269
L688V:N698I,-1.110076904296875,0.627712829340479
L688V:S697P,-0.055634260177612305,-0.0515952460031128
L688V:V689M,-0.15600526332855225,0.65623876892538
L688V:V695E,0.9193042516708374,-1.93066632970546
L688V:V710A,0.09804761409759521,-4.1103197641902
L688V:V710D,-3.6334186792373657,-2.41525931433368
L688V:V711D,-3.8781343698501587,-2.92614958716044
L688W,-2.0186710357666016,0.2088696354615229
L688W:A701V,-0.9415360689163208,1.26903881236096
L688W:D694E,-0.8881015777587891,-0.7716528339289
L688W:E693V,-1.8766448497772217,-0.542308467142621
L688W:F690I,-0.9606835842132568,0.857521279327119
L688W:F691I,-0.8086972236633301,0.76959328794462
L688W:F691L,-0.6447081565856934,-0.0334133964181374
L688W:F691Y,-1.0195562839508057,-0.837834488716619
L688W:G704R,-4.319999933242798,-4.90782696007439
L688W:G709S,-1.5607181787490845,-2.30905230587269
L688W:I703N,-4.333701133728027,-5.08109868134843
L688W:I712L,-0.5796737670898438,-2.73410429318944
L688W:I712V,-0.7378771305084229,-0.956118398330061
L688W:K699E,-1.6304272413253784,-3.08866851665822
L688W:K699I,-1.0284554958343506,-1.56517303402484
L688W:K699N,-1.4365309476852417,-0.186868062938432
L688W:L705H,-3.878617763519287,-4.07374058206882
L688W:M706T,0.2768096923828125,-4.38178792732077
L688W:N698D,-1.4789031744003296,-4.51793676274391
L688W:N698I,-2.355984091758728,-1.47698028567333
L688W:N698Y,-2.2640618085861206,-1.78831658533905
L688W:S697L,-0.15300530195236206,-2.47556404377181
L688W:S697P,-1.3015414476394653,-2.96461586798824
L688W:S697T,-1.17302405834198,-1.09860674975522
L688W:V695E,-0.3266029357910156,-2.60524186708034
L688W:V710D,-4.879325866699219,-3.47372555549392
L688W:V711A,-1.5189580917358398,-4.59274591343449
L688Y,-0.26425743103027344,0.9079087738436254
L705A,1.461104393005371,-4.23219290609298
L705C,-0.7445828914642334,-0.911470767913182
L705D,-5.450733184814453,-4.0094283059224605
L705E,-4.244437217712402,-4.73134855232443
L705F,-1.1691758632659912,-1.708420692177699
L705F:A713S,-1.6611398458480835,0.518009556029109
L705F:A713T,-1.3092268705368042,-0.645827416579841
L705F:A713V,-0.2538796067237854,-0.609086917057114
L705F:G708C,-1.9175571203231812,-2.3765232834493
L705F:G708S,-1.3580464124679565,-3.43668711307844
L705F:G708V,-0.9623922109603882,-3.53590082035898
L705F:G709C,-1.2338505983352661,-2.84357004940864
L705F:G709D,-3.6795419454574585,-1.28055497414047
L705F:G709S,-1.1359705924987793,-3.59923282106502
L705F:I712K,-4.304571032524109,-3.96317685254505
L705F:I712L,-0.15492618083953857,-2.67616795766688
L705F:I712M,-1.3630867004394531,-4.01631854261801
L705F:I712T,-1.4301104545593262,-3.93436177416324
L705F:I712V,-0.3131295442581177,-3.50911064887098
L705F:M706I,0.9943197965621948,-3.13779330693858
L705F:M706K,-3.291561484336853,-4.12781091170448
L705F:M706L,0.22729218006134033,-4.05902646980265
L705F:M706T,0.7015572786331177,-5.24264831097847
L705F:M706V,1.4622701406478882,-0.0192595449391965
L705F:V707A,-1.5614268779754639,-1.18133787201789
L705F:V707E,-4.7574228048324585,-3.71713791873401
L705F:V707M,-2.612711787223816,-2.01560693076246
L705F:V710A,-0.7231119871139526,-3.92206644804786
L705F:V710D,-4.454578280448914,-2.25160429102331
L705F:V710I,-0.7224529981613159,0.155623474307629
L705F:V711A,-1.0942105054855347,-4.9432288871253
L705F:V711D,-4.6992939710617065,-4.87425899150736
L705F:V711I,-0.9077248573303223,-4.47030610290177
L705G,3.1420116424560547,-4.81598069827221
L705H,-5.738564491271973,-3.17195606685096
L705H:A713E,-6.292919397354126,-4.42993445581718
L705H:A713S,-3.945834159851074,-2.76566283276563
L705H:A713T,-3.593921184539795,-1.7828866181976
L705H:A713V,-2.538573920726776,-1.54724749874764
L705H:G708C,-4.202251434326172,-3.97569871961097
L705H:G708D,-6.298235177993774,-5.41174362162536
L705H:G708R,-6.267432451248169,-5.06923071508359
L705H:G708S,-3.6427407264709473,-5.44325603695971
L705H:G708V,-3.247086524963379,-4.70194685087802
L705H:G709C,-3.518544912338257,-0.426578088048698
L705H:G709D,-5.964236259460449,-3.29071049447969
L705H:G709R,-6.519130229949951,-5.09239823660236
L705H:G709S,-3.42066490650177,-3.28198533630852
L705H:G709V,-2.6673815846443176,-1.98371719826407
L705H:I712K,-6.5892653465271,-5.55686521686506
L705H:I712L,-2.4396204948425293,-4.70778994648168
L705H:I712M,-3.647781014442444,-4.88192144734488
L705H:I712T,-3.714804768562317,-5.58814435299491
L705H:I712V,-2.5978238582611084,-3.990900733043
L705H:M706I,-1.290374517440796,-3.99806661681716
L705H:M706K,-5.576255798339844,-4.94052634223225
L705H:M706L,-2.0574021339416504,-2.87205865708152
L705H:M706T,-1.583137035369873,-3.86357466900996
L705H:M706V,-0.8224241733551025,-3.03532722433148
L705H:V707A,-3.8461211919784546,-3.21594849847351
L705H:V707E,-7.042117118835449,-2.87407806902422
L705H:V707G,-4.900439023971558,-3.48296032416826
L705H:V707L,-3.8103007078170776,-4.13416345241925
L705H:V707M,-4.897406101226807,-2.55361289587374
L705H:V710A,-3.0078063011169434,-4.55325211898359
L705H:V710D,-6.739272594451904,-5.39250366027139
L705H:V710F,-3.4904370307922363,-4.49368875147179
L705H:V710G,-3.490729331970215,-4.88042798588627
L705H:V710I,-3.0071473121643066,-3.1894098589213
L705H:V711A,-3.3789048194885254,-4.52507493487286
L705H:V711D,-6.983988285064697,-4.22988309345197
L705H:V711F,-3.6662193536758423,-4.79341660889664
L705H:V711I,-3.192419171333313,-3.87162440730071
L705I,0.4663124084472656,1.203345765498445
L705I:A713E,-3.190480947494507,-3.18775941930245
L705I:A713T,-0.4914827346801758,1.12703690256815
L705I:G708C,-1.0998129844665527,-3.36459396796611
L705I:G708R,-3.16499400138855,-4.55500558545165
L705I:G709C,-0.4161064624786377,-1.73881902355419
L705I:G709D,-2.86179780960083,-3.68506861637207
L705I:G709S,-0.3182264566421509,-2.45332416007518
L705I:I712K,-3.4868268966674805,-1.93454087129488
L705I:I712L,0.6628179550170898,-0.26984168635776
L705I:I712M,-0.5453425645828247,-0.260793921615498
L705I:I712T,-0.6123663187026978,-2.7870002022317
L705I:I712V,0.5046145915985107,-1.80967109130527
L705I:M706I,1.8120639324188232,-2.87448083557359
L705I:M706K,-2.4738173484802246,-3.45664170756211
L705I:M706L,1.0450363159179688,-1.68881135952472
L705I:M706T,1.519301414489746,-1.1016002951094
L705I:M706V,2.2800142765045166,-0.981639285176682
L705I:V707A,-0.7436827421188354,0.264001824109276
L705I:V707E,-3.93967866897583,-2.50346461018469
L705I:V707M,-1.7949676513671875,0.831451352232715
L705I:V710A,0.09463214874267578,-3.13320199338469
L705I:V710D,-3.636834144592285,-4.09203562533902
L705I:V710I,0.0952911376953125,2.27243583798858
L705I:V711D,-3.881549835205078,-2.6677742047648
L705I:V711I,-0.08998072147369385,0.275971269270139
L705K,-4.381689071655273,-3.0306093867154
L705M,-1.0792615413665771,-0.371761917685317
L705N,-4.4791765213012695,-3.7701930856777945
L705P,-1.840663194656372,-3.15972396901733
L705P:A713S,-1.996883511543274,-3.38259711054116
L705P:A713T,-1.6449705362319946,-4.26054644001141
L705P:A713V,-0.5896232724189758,-3.27211743445569
L705P:G708A,-1.0311747789382935,-3.6322839632472
L705P:G708C,-2.2533007860183716,-2.99715565175873
L705P:G708D,-4.349284529685974,-3.5020388042735
L705P:G708S,-1.693790078163147,-3.86984839005791
L705P:G708V,-1.2981358766555786,-4.77494786046332
L705P:G709C,-1.5695942640304565,-1.39093391807768
L705P:G709D,-4.015285611152649,-5.76281716608475
L705P:G709S,-1.4717142581939697,-4.17142072665162
L705P:I712K,-4.640314698219299,-5.13247139533234
L705P:I712L,-0.490669846534729,-3.88244783159851
L705P:I712M,-1.6988303661346436,-3.85219649397996
L705P:I712T,-1.7658541202545166,-4.48015769465521
L705P:I712V,-0.6488732099533081,-4.56499116893221
L705P:M706I,0.6585761308670044,-4.08904163939797
L705P:M706K,-3.6273051500320435,-4.11074882770094
L705P:M706L,-0.1084514856338501,-5.94609611883503
L705P:M706T,0.36581361293792725,-2.61982877608463
L705P:M706V,1.1265264749526978,-2.53483496906117
L705P:V707A,-1.8971705436706543,-4.48199467265331
L705P:V707E,-5.093166470527649,-4.77190620385388
L705P:V707L,-1.8613500595092773,-3.84793852693002
L705P:V707M,-2.9484554529190063,-4.21625557321346
L705P:V710A,-1.058855652809143,-6.0064392487425
L705P:V710D,-4.790321946144104,-5.87814076900094
L705P:V710I,-1.0581966638565063,-3.62685347234237
L705P:V711D,-5.035037636756897,-4.74699530957479
L705P:V711I,-1.2434685230255127,-4.48800617259324
L705Q,-4.8281402587890625,-1.707869954294505
L705R,-4.255456924438477,-3.35041546707277
L705R:A713S,-3.204280376434326,-3.8809065998624
L705R:A713T,-2.852367401123047,-2.71829472836132
L705R:A713V,-1.797020137310028,-3.8618584048917
L705R:G709C,-2.776991128921509,-1.54362115387828
L705R:I712K,-5.847711563110352,-4.61022371760011
L705R:I712M,-2.906227231025696,-4.26679375625337
L705R:I712V,-1.8562700748443604,-5.51856567283814
L705R:M706I,-0.5488207340240479,-4.64118217391183
L705R:M706V,-0.08087038993835449,-4.75628704677239
L705R:V707E,-6.300563335418701,-3.47245045399272
L705R:V707M,-4.155852317810059,-4.62582202143938
L705R:V710A,-2.2662525177001953,0.481282574935533
L705R:V711D,-6.242434501647949,-4.58840199118663
L705R:V711I,-2.450865387916565,-3.09307824408903
L705S,0.5596380233764648,-2.9702756274925903
L705T,-0.9019224643707275,-0.777460492394668
L705V,0.05993509292602539,1.450595820120682
L705V:A713S,-1.0465843677520752,1.94110952450806
L705V:G709C,-0.6192951202392578,-3.06635239491483
L705V:G709D,-3.06498646736145,-1.90684548054557
L705V:I712L,0.4596292972564697,-1.86350460292939
L705V:I712M,-0.7485312223434448,-3.03710342197756
L705V:I712V,0.3014259338378906,-3.02634044260495
L705V:M706L,0.8418476581573486,-3.7231328235458
L705V:V707E,-4.14286732673645,-3.68506861637207
L705V:V710D,-3.8400228023529053,-4.43929331813752
L705V:V711D,-4.084738492965698,-3.39179721827921
L705W,-2.2580206394195557,-3.59313172135304
L705Y,-2.387624502182007,-2.54533845373167
M706A,3.419550895690918,-3.83036798642408
M706C,2.3895959854125977,-3.13228694651082
M706D,-4.8911895751953125,-3.79398001462505
M706E,-3.678800582885742,-4.365770436408905
M706F,0.3502163887023926,-3.768525987175845
M706G,1.3737502098083496,-4.32031140143494
M706H,-4.823375701904297,-3.42756574131995
M706I,3.157815456390381,-1.97310041533968
M706I:A713E,-1.8447294235229492,-4.38178792732077
M706I:A713S,0.5023558139801025,-3.50792694689872
M706I:A713T,0.8542687892913818,-3.00600236349311
M706I:A713V,1.9096160531044006,-0.496690328564428
M706I:G708C,0.24593853950500488,-0.827373001308642
M706I:G708D,-1.8500452041625977,-3.87886503978977
M706I:G708S,0.8054492473602295,-3.85633933127283
M706I:G708V,1.2011034488677979,-4.93978250851721
M706I:G709C,0.9296450614929199,-4.2893136691956
M706I:G709D,-1.5160462856292725,-0.999074421214897
M706I:G709S,1.0275250673294067,-3.26689802705422
M706I:I712K,-2.141075372695923,-3.98438367524412
M706I:I712L,2.0085694789886475,-3.74381029150241
M706I:I712M,0.8004089593887329,-3.70763116127635
M706I:I712T,0.7333852052688599,-3.63474899593175
M706I:I712V,1.8503661155700684,-4.27829537780733
M706I:V707A,0.6020687818527222,-1.45844465514401
M706I:V707E,-2.5939271450042725,-4.37984245524989
M706I:V707M,-0.4492161273956299,-1.60626360322926
M706I:V710A,1.4403836727142334,-4.18066401506963
M706I:V710D,-2.2910826206207275,-4.78647665030798
M706I:V710I,1.4410426616668701,-2.74030656880183
M706I:V711A,1.0692851543426514,-3.30319185522564
M706I:V711D,-2.5357983112335205,-3.71944475203907
M706I:V711I,1.2557708024978638,-2.74227487842956
M706K,-5.413947105407715,-4.3505014628957
M706K:A713S,-3.7835254669189453,-4.03774907135536
M706K:A713T,-3.431612491607666,-3.55155654670782
M706K:A713V,-2.376265227794647,-4.34354887982966
M706K:G708C,-4.039942741394043,-5.20123442892744
M706K:G708D,-6.1359264850616455,-4.38795150078848
M706K:G708S,-3.4804320335388184,-4.16252162477375
M706K:G708V,-3.08477783203125,-4.87345931657018
M706K:G709C,-3.356236219406128,-4.00140346627689
M706K:G709D,-5.80192756652832,-4.52958538849064
M706K:G709S,-3.258356213569641,-4.82774622640132
M706K:I712K,-6.426956653594971,-4.82274009700168
M706K:I712L,-2.2773118019104004,-4.64774424319441
M706K:I712M,-3.485472321510315,-5.27277652496859
M706K:I712T,-3.552496075630188,-5.01637045864248
M706K:I712V,-2.4355151653289795,-5.11816470849676
M706K:V707A,-3.6838124990463257,-4.77042709067195
M706K:V707E,-6.87980842590332,-5.16381547648236
M706K:V707M,-4.735097408294678,-3.22383372971273
M706K:V710A,-2.8454976081848145,-4.62640434301901
M706K:V710D,-6.576963901519775,-5.96047956906741
M706K:V710I,-2.8448386192321777,-3.80030546521222
M706K:V711A,-3.2165961265563965,-4.9278945231252
M706K:V711D,-6.821679592132568,-4.26579222644304
M706K:V711F,-3.5039106607437134,-4.66420487741664
M706K:V711I,-3.030110478401184,-4.75480177276886
M706K:V711L,-2.7577126026153564,-5.05810916312373
M706L,1.6237602233886719,-2.92076165688421
M706L:A713S,-0.26467180252075195,-4.52838427395954
M706L:A713T,0.08724117279052734,-2.56998869114964
M706L:A713V,1.1425884366035461,-3.09480077708931
M706L:G708C,-0.5210890769958496,-0.593508450329785
M706L:G708D,-2.617072820663452,-3.34460189079542
M706L:G708S,0.038421630859375,-2.67040039237237
M706L:G708V,0.43407583236694336,-4.42048771557003
M706L:G709C,0.16261744499206543,-3.06604635345689
M706L:G709D,-2.283073902130127,-2.49627656200159
M706L:G709R,-2.837967872619629,-4.76979155080399
M706L:G709S,0.26049745082855225,-2.01555386768173
M706L:I712K,-2.9081029891967773,-4.29762886249519
M706L:I712L,1.241541862487793,-4.4296985182663
M706L:I712M,0.03338134288787842,-3.3365046805628
M706L:I712T,-0.03364241123199463,-5.499365450736
M706L:I712V,1.0833384990692139,-2.72786124116186
M706L:V707A,-0.16495883464813232,-3.76647794619902
M706L:V707E,-3.360954761505127,-3.49993228903423
M706L:V707L,-0.12913835048675537,-4.42048771557003
M706L:V707M,-1.2162437438964844,-2.37613036494718
M706L:V710A,0.6733560562133789,-4.63834892291688
M706L:V710D,-3.058110237121582,-4.79193073707118
M706L:V710I,0.6740150451660156,-3.39789046475346
M706L:V710L,0.6432597637176514,-4.68129931077594
M706L:V711A,0.3022575378417969,-3.42801250825727
M706L:V711D,-3.302825927734375,-4.45269280602526
M706L:V711I,0.4887431859970093,-4.39109715744351
M706N,-3.0960092544555664,-1.812988852065837
M706P,-1.5030665397644043,-3.44353938599498
M706Q,-4.00474739074707,-3.02699299202685
M706R,-4.964162826538086,-3.8078527597471545
M706R:V710I,-2.6199464797973633,-4.55500558545165
M706S,3.1098155975341797,-3.830014422683615
M706T,2.5722904205322266,-3.684350342411235
M706T:A713E,-2.1374919414520264,-1.73516397836132
M706T:A713S,0.2095932960510254,-3.42398943389374
M706T:A713T,0.5615062713623047,-3.36928796779129
M706T:A713V,1.6168535351753235,-3.47446318040354
M706T:G708C,-0.046823978424072266,-4.28540732732852
M706T:G708D,-2.142807722091675,-5.38590118976139
M706T:G708S,0.5126867294311523,-4.00176045162666
M706T:G709C,0.6368825435638428,-4.51127696128688
M706T:G709D,-1.8088088035583496,-3.9397058374164
M706T:G709S,0.7347625494003296,-4.14127037546418
M706T:I712K,-2.433837890625,-4.2131833312214
M706T:I712L,1.7158069610595703,-5.45648875588197
M706T:I712M,0.5076464414596558,-5.27563718259986
M706T:I712T,0.4406226873397827,-4.95410844040793
M706T:I712V,1.5576035976409912,-5.87148934261441
M706T:V707A,0.309306263923645,-5.7855454171623
M706T:V707E,-2.8866896629333496,-3.37587712130939
M706T:V707M,-0.741978645324707,-3.36117187165463
M706T:V710A,1.1476211547851562,-4.60696066357445
M706T:V710D,-2.5838451385498047,-3.26250044153902
M706T:V710I,1.148280143737793,-4.18769905053583
M706T:V711A,0.7765226364135742,-4.84721977966615
M706T:V711D,-2.8285608291625977,-3.16471642884438
M706T:V711I,0.9630082845687866,-4.70852430102708
M706V,4.093716144561768,-1.0092901278037631
M706V:A713E,-1.3767790794372559,-3.94570180091116
M706V:A713G,1.3325834274291992,-2.1919310433993
M706V:A713S,0.9703061580657959,-2.50413030622064
M706V:A713T,1.3222191333770752,-1.96344376152971
M706V:A713V,2.377566397190094,-0.357549054387087
M706V:G708C,0.7138888835906982,-1.24673113559856
M706V:G708D,-1.3820948600769043,-4.42179101224226
M706V:G708S,1.2733995914459229,-4.22934965230511
M706V:G708V,1.6690537929534912,-4.65716140282321
M706V:G709C,1.3975954055786133,-2.64035046748414
M706V:G709D,-1.048095941543579,-0.254337407251869
M706V:G709S,1.4954754114151,-2.50269559274537
M706V:I712K,-1.6731250286102295,-3.517427440225
M706V:I712L,2.476519823074341,-2.72155955794542
M706V:I712M,1.2683593034744263,-3.67312663664583
M706V:I712T,1.2013355493545532,-4.67423379010387
M706V:I712V,2.3183164596557617,-4.20144919139756
M706V:V707A,1.0700191259384155,-2.94657636132044
M706V:V707E,-2.125976800918579,-2.99236642975363
M706V:V707L,1.1058396100997925,-1.81636823323224
M706V:V707M,0.018734216690063477,-2.08153464577236
M706V:V710A,1.9083340167999268,-4.52531167366351
M706V:V710D,-1.8231322765350342,-2.9174669277226
M706V:V710F,1.4257032871246338,-3.43697521092644
M706V:V710I,1.9089930057525635,-0.822104640307635
M706V:V711A,1.5372354984283447,-5.40239798535972
M706V:V711D,-2.067847967147827,-4.06573012797818
M706V:V711G,0.8155567646026611,-3.27624926797159
M706V:V711I,1.7237211465835571,-0.836849132803124
M706W,-3.174595832824707,-3.12194783893076
M706Y,-2.2628207206726074,-4.14273862738284
N698A,-2.065905809402466,-2.1662176726181253
N698C,-4.681312561035156,-2.552448928994845
N698D,-0.9391353130340576,-3.989307000573095
N698D:A701E,-1.6174792051315308,-4.61581686161104
N698D:A701G,-1.2387973070144653,-4.60233292856589
N698D:A701P,-1.2738269567489624,-3.84793852693002
N698D:A701S,-1.3038686513900757,-4.23337374932494
N698D:A701T,-0.7651735544204712,-3.84596630735506
N698D:A701V,-0.40176820755004883,-2.0482773948786
N698D:A713E,-3.8932048082351685,-3.02210085390052
N698D:A713S,-1.5461195707321167,-4.24420083712399
N698D:A713T,-1.1942065954208374,-3.46300515675905
N698D:A713V,-0.1388593316078186,-3.57046925526038
N698D:G700C,-3.6481508016586304,-3.80416069528558
N698D:G700D,-2.3494770526885986,-3.21934525240983
N698D:G700S,-1.745550274848938,-2.87448083557359
N698D:G700V,-2.286743402481079,-1.97203772248743
N698D:G704E,-3.9870017766952515,-4.53579776461246
N698D:G704R,-3.780232071876526,-4.91011292239573
N698D:G704V,-2.7030597925186157,-4.02148855048358
N698D:G708A,-0.5804108381271362,-4.74259880236143
N698D:G708C,-1.8025368452072144,-4.74265598418755
N698D:G708D,-3.898520588874817,-4.98289433705428
N698D:G708R,-3.8677178621292114,-4.36186508927536
N698D:G708S,-1.2430261373519897,-4.69569781376664
N698D:G708V,-0.8473719358444214,-4.54817717212292
N698D:G709C,-1.1188303232192993,-2.32703607077395
N698D:G709D,-3.5645216703414917,-5.30392969853435
N698D:G709S,-1.0209503173828125,-3.53203103013205
N698D:G709V,-0.2676669955253601,-5.02260247466682
N698D:I702F,-1.8160704374313354,-3.62837023743409
N698D:I702M,-1.400204360485077,-4.77814913676586
N698D:I702N,-2.6862226724624634,-5.44983358771791
N698D:I702T,-1.938130259513855,-2.63145043558746
N698D:I702V,-0.9899981021881104,-4.15460893289551
N698D:I703F,-2.1443127393722534,-4.28166961564539
N698D:I703N,-3.7939332723617554,-3.22589592391128
N698D:I703T,-1.8822702169418335,-3.27665173164808
N698D:I703V,-0.7637120485305786,-3.97916394400567
N698D:I712K,-4.189550757408142,-4.02189104787744
N698D:I712L,-0.03990590572357178,-4.04170423353688
N698D:I712M,-1.2480664253234863,-4.11099808854708
N698D:I712T,-1.3150901794433594,-4.87999517651361
N698D:I712V,-0.19810926914215088,-5.03813843645373
N698D:K699E,-1.0906593799591064,-4.03285022503132
N698D:K699I,-0.4886876344680786,-4.11321566187149
N698D:K699N,-0.8967630863189697,-4.04617897920954
N698D:K699Q,-1.0105562210083008,-3.41717258363026
N698D:K699R,-0.6681821346282959,-3.84497578456525
N698D:L705F,-1.0541555881500244,-4.16731124677706
N698D:L705H,-3.338849902153015,-5.87879654103765
N698D:L705I,-0.236411452293396,-3.70981970558427
N698D:L705P,-1.3898992538452148,-4.8794770043885
N698D:L705R,-2.597296118736267,-4.25442010816396
N698D:L705V,-0.4396001100540161,-4.34153974254507
N698D:M706I,1.1093400716781616,-5.36033807248884
N698D:M706K,-3.1765412092208862,-2.91185343772295
N698D:M706L,0.34231245517730713,-4.23686154232169
N698D:M706T,0.8165775537490845,-3.13373926069526
N698D:M706V,1.577290415763855,-5.74834033736156
N698D:V707A,-1.446406602859497,-5.18720644907314
N698D:V707E,-4.642402529716492,-4.4109955248179
N698D:V707G,-2.5007244348526,-4.29264132098416
N698D:V707L,-1.4105861186981201,-4.13319695372211
N698D:V707M,-2.497691512107849,-2.29217055236663
N698D:V710A,-0.6080917119979858,-5.32545656298064
N698D:V710D,-4.339558005332947,-4.01744914969342
N698D:V710F,-1.0907224416732788,-4.74689659326175
N698D:V710G,-1.0910147428512573,-4.36043157350643
N698D:V710I,-0.6074327230453491,-4.20660784115805
N698D:V710L,-0.6381880044937134,-5.35735205797658
N698D:V711A,-0.9791902303695679,-4.24987398111574
N698D:V711D,-4.58427369594574,-4.51300619528891
N698D:V711F,-1.2665047645568848,-4.87477849038005
N698D:V711G,-1.7008689641952515,-3.69933947539393
N698D:V711I,-0.7927045822143555,-5.33192629953121
N698D:V711L,-0.5203067064285278,-3.54820084603666
N698E,-1.3263599872589111,-4.65532788975639
N698F,-2.9384591579437256,1.1542705966954483
N698G,-1.5056710243225098,-4.850428440881745
N698H,-1.2721140384674072,-0.7116878000666615
N698H:A713V,-0.3053486943244934,-2.48621761450295
N698H:I702F,-1.9825598001480103,-4.36186508927536
N698H:I702N,-2.852712035179138,-5.01048111413447
N698H:I703T,-2.0487595796585083,-4.52838427395954
N698H:I703V,-0.9302014112472534,-3.58268702210783
N698H:I712L,-0.20639526844024658,-2.43634333061853
N698H:I712V,-0.3645986318588257,-3.78181569721816
N698H:K699R,-0.8346714973449707,-0.538717458470478
N698H:V710I,-0.7739220857620239,0.126599777360129
N698H:V711D,-4.7507630586624146,-5.0388946345693
N698I,-2.6932971477508545,0.3857717688767375
N698I:A701E,-2.494560122489929,-3.58691535821735
N698I:A701G,-2.1158782243728638,-1.90354146954826
N698I:A701S,-2.180949568748474,-1.95944172785702
N698I:A701T,-1.6422544717788696,0.539132590498437
N698I:A701V,-1.2788491249084473,0.943905758189944
N698I:A713E,-4.770285725593567,-2.89234288111319
N698I:A713G,-2.060923218727112,-0.728925009824225
N698I:A713S,-2.423200488090515,-0.180125589817326
N698I:A713T,-2.071287512779236,0.208328583477671
N698I:A713V,-1.015940248966217,0.208329342441221
N698I:G700A,-2.1937203407287598,0.520601166142976
N698I:G700C,-4.525231719017029,0.551177250933878
N698I:G700D,-3.226557970046997,-3.54275048969862
N698I:G700S,-2.6226311922073364,-1.29384137943358
N698I:G700V,-3.1638243198394775,0.664499567475845
N698I:G704E,-4.86408269405365,-2.45887999171317
N698I:G704R,-4.657312989234924,-3.19134259049189
N698I:G708C,-2.679617762565613,-1.66002495116372
N698I:G708D,-4.775601506233215,-3.43852686940347
N698I:G708S,-2.120107054710388,-3.15081310120649
N698I:G708V,-1.7244528532028198,-3.83881677845897
N698I:G709C,-1.9959112405776978,-0.688540560134227
N698I:G709D,-4.44160258769989,0.88993101005163
N698I:G709R,-4.996496558189392,-3.82263769173842
N698I:G709S,-1.898031234741211,-0.576689209055698
N698I:G709V,-1.1447479128837585,-2.35465354989394
N698I:I702F,-2.693151354789734,0.510750339980612
N698I:I702M,-2.2772852778434753,-2.84991407691131
N698I:I702N,-3.563303589820862,-1.31249309073727
N698I:I702T,-2.8152111768722534,-0.67264693021103
N698I:I702V,-1.8670790195465088,0.0755018614445834
N698I:I703F,-3.021393656730652,-3.6298343429831
N698I:I703N,-4.671014189720154,-3.18624839209161
N698I:I703T,-2.759351134300232,-3.87802572721721
N698I:I703V,-1.640792965888977,0.251932029672904
N698I:I712K,-5.0666316747665405,-2.03252516470101
N698I:I712L,-0.9169868230819702,-2.38249539608089
N698I:I712M,-2.1251473426818848,-1.62134331054368
N698I:I712T,-2.192171096801758,-3.45220559694068
N698I:I712V,-1.0751901865005493,-1.46101878893085
N698I:K699E,-1.9677402973175049,-2.9573188936702
N698I:K699I,-1.365768551826477,-4.24233698169302
N698I:K699N,-1.7738440036773682,0.169160049732938
N698I:K699R,-1.5452630519866943,0.0460915418060581
N698I:L705F,-1.9312365055084229,-1.13159552381104
N698I:L705H,-4.215930819511414,-2.32957918772859
N698I:L705I,-1.1134923696517944,0.902262950190451
N698I:L705P,-2.2669801712036133,-4.3674658192959
N698I:L705R,-3.4743770360946655,-3.83208617297378
N698I:M706I,0.23225915431976318,-2.20969341733418
N698I:M706K,-4.053622126579285,-4.33612227225503
N698I:M706L,-0.5347684621810913,-1.36326608639058
N698I:M706T,-0.060503363609313965,-3.49549541567808
N698I:M706V,0.7002094984054565,0.878422863129991
N698I:V707A,-2.3234875202178955,-2.0934413427562
N698I:V707E,-5.51948344707489,-3.52708328150579
N698I:V707L,-2.2876670360565186,-1.26670860269016
N698I:V707M,-3.3747724294662476,-0.637554136792684
N698I:V710A,-1.4851726293563843,-3.19890166800226
N698I:V710D,-5.216638922691345,-3.10766906808654
N698I:V710I,-1.4845136404037476,0.165549543742448
N698I:V710L,-1.5152689218521118,-2.47556404377181
N698I:V711A,-1.8562711477279663,-2.78820272992525
N698I:V711D,-5.461354613304138,-3.69961094796175
N698I:V711G,-2.57794988155365,-1.49361934167622
N698I:V711I,-1.669785499572754,-1.48956380896853
N698I:V711L,-1.3973876237869263,-3.9438272818876
N698K,-0.8975043296813965,-2.82716689997003
N698K:A701V,-0.38095271587371826,-0.940234103491432
N698K:G708C,-1.7817213535308838,-4.70874281878741
N698K:I702V,-0.9691826105117798,-3.23886206801238
N698K:I703T,-1.861454725265503,-4.67278862110803
N698K:K699E,-1.0698438882827759,-3.30581731734215
N698K:K699N,-0.8759475946426392,-4.73089625191531
N698K:K699Q,-0.9897407293319702,-4.00560595727561
N698K:K699R,-0.6473666429519653,-3.35346351263869
N698K:L705H,-3.3180344104766846,-4.42048771557003
N698K:M706L,0.3631279468536377,-4.61109505210269
N698K:M706V,1.5981059074401855,-4.88042798588627
N698L,-2.0673203468322754,-1.064126642281977
N698M,-2.76985239982605,-0.0853925005101425
N698P,-1.794830560684204,-2.55659750130012
N698Q,-1.5892601013183594,-2.9256216602943
N698R,-1.1250383853912354,-4.23254799891001
N698S,-0.05254542827606201,-2.08932005697102
N698S:A701G,-0.7955023646354675,-4.80845448626118
N698S:A701S,-0.8605737090110779,-3.66451019725114
N698S:A701T,-0.3218786120414734,-1.27761619294598
N698S:A701V,0.041526734828948975,-0.667134488283366
N698S:A713S,-1.102824628353119,-1.72803608122143
N698S:A713T,-0.7509116530418396,-2.9696123509634
N698S:A713V,0.3044356107711792,-2.47418397907526
N698S:G700C,-3.2048558592796326,-1.31893287000853
N698S:G700D,-1.9061821103096008,-4.34749299961356
N698S:G704E,-3.5437068343162537,-4.88042798588627
N698S:G704R,-3.336937129497528,-5.33853706593606
N698S:G708C,-1.3592419028282166,-3.67282017101196
N698S:G708D,-3.455225646495819,-4.96686049165858
N698S:G708S,-0.7997311949729919,-3.95895644585153
N698S:G708V,-0.4040769934654236,-2.51815904152742
N698S:G709C,-0.6755353808403015,-3.9534743157415
N698S:G709D,-3.121226727962494,-4.92684911363668
N698S:G709S,-0.5776553750038147,-3.61063977227564
N698S:I702F,-1.3727754950523376,-3.53950349583912
N698S:I702N,-2.2429277300834656,-3.26354131856597
N698S:I702T,-1.4948353171348572,-1.42577829711284
N698S:I702V,-0.5467031598091125,-3.51422642742066
N698S:I703F,-1.7010177969932556,-4.13736695742562
N698S:I703N,-3.3506383299827576,-3.2064515523146
N698S:I703T,-1.4389752745628357,-4.90062221961452
N698S:I703V,-0.3204171061515808,-3.07132323191664
N698S:I712K,-3.7462558150291443,-5.00906782114989
N698S:I712L,0.403389036655426,-4.58825124853967
N698S:I712M,-0.8047714829444885,-4.39605480531591
N698S:I712T,-0.8717952370643616,-5.14806864307323
N698S:I712V,0.24518567323684692,-4.34884945598622
N698S:K699E,-0.6473644375801086,-3.6144796865218
N698S:K699I,-0.04539269208908081,-3.87073525352505
N698S:K699N,-0.4534681439399719,-3.49086596256125
N698S:K699R,-0.2248871922492981,-2.92726785682824
N698S:L705F,-0.6108606457710266,-4.83472184944985
N698S:L705H,-2.8955549597740173,-3.41042115475398
N698S:L705I,0.2068834900856018,-1.66170479736397
N698S:L705P,-0.946604311466217,-2.9188004581021
N698S:M706I,1.5526350140571594,-2.90491764798352
N698S:M706K,-2.7332462668418884,-5.44402465972714
N698S:M706L,0.7856073975563049,-2.83864659640789
N698S:M706V,2.020585358142853,-5.31123095621161
N698S:V707A,-1.0031116604804993,-5.11462137338707
N698S:V707E,-4.199107587337494,-4.48427614130723
N698S:V707L,-0.9672911763191223,-2.1714223578785
N698S:V707M,-2.0543965697288513,-1.71961464909181
N698S:V710A,-0.16479676961898804,-3.27567497851766
N698S:V710D,-3.896263062953949,-3.41235436897221
N698S:V710I,-0.16413778066635132,-2.53664901001808
N698S:V711A,-0.5358952879905701,-4.62582202143938
N698S:V711D,-4.140978753566742,-3.96896517549364
N698S:V711I,-0.34940963983535767,-3.7715235264086
N698T,-1.4023778438568115,-2.175860239974205
N698T:A701T,-0.9967948198318481,-3.06304406018449
N698T:A701V,-0.6333894729614258,-1.77233274414524
N698T:A713S,-1.7777408361434937,-3.37060037651974
N698T:A713T,-1.4258278608322144,-3.13441695659069
N698T:A713V,-0.37048059701919556,-3.02729957028193
N698T:G700C,-3.8797720670700073,-0.356901788938693
N698T:G709C,-1.3504515886306763,-4.31026042179291
N698T:I702N,-2.9178439378738403,-2.66057775101054
N698T:I702T,-2.169751524925232,-2.99258376820147
N698T:I702V,-1.2216193675994873,-4.03774907135536
N698T:I712V,-0.42973053455352783,-4.08576228994317
N698T:K699N,-1.1283843517303467,-4.47588173007259
N698T:K699R,-0.8998034000396729,-1.88425906941116
N698T:L705H,-3.570471167564392,-3.66603797530695
N698T:M706K,-3.408162474632263,-4.08538170526215
N698T:V710I,-0.8390539884567261,-3.23111223739093
N698T:V711D,-4.815894961357117,-4.62911355760537
N698V,-2.390950918197632,0.2075592869028229
N698W,-3.096059560775757,-1.14284155099994
N698Y,-2.5094525814056396,0.4988310726483275
N698Y:A701E,-2.4026378393173218,-2.44360120104448
N698Y:A701P,-2.0589855909347534,1.53070784245447
N698Y:A701S,-2.0890272855758667,-2.40749039198782
N698Y:A701T,-1.5503321886062622,-0.0372366087477276
N698Y:A701V,-1.1869268417358398,1.27717346213523
N698Y:A713E,-4.6783634424209595,-2.431596194997
N698Y:A713S,-2.3312782049179077,0.924425235558094
N698Y:A713T,-1.9793652296066284,0.753770297664613
N698Y:A713V,-0.9240179657936096,0.327181388076009
N698Y:G700C,-4.433309435844421,-1.2532563078198
N698Y:G700D,-3.1346356868743896,-2.95367746694566
N698Y:G700S,-2.530708909034729,-0.244087570794518
N698Y:G704E,-4.7721604108810425,-3.64933705296447
N698Y:G704R,-4.565390706062317,-3.01501037465951
N698Y:G704V,-3.4882184267044067,-4.26328989628774
N698Y:G708C,-2.5876954793930054,-1.78974890677126
N698Y:G708D,-4.683679223060608,-3.08318342593637
N698Y:G708R,-4.652876496315002,-2.96715530522691
N698Y:G708S,-2.0281847715377808,-2.58944049564096
N698Y:G708V,-1.6325305700302124,-3.59822060581251
N698Y:G709A,-1.1906338334083557,-4.89422130801861
N698Y:G709C,-1.9039889574050903,-1.7971443016192
N698Y:G709D,-4.349680304527283,-0.663911194440449
N698Y:G709R,-4.904574275016785,-3.33401196458467
N698Y:G709S,-1.8061089515686035,-2.05047775369695
N698Y:G709V,-1.0528256297111511,-3.77852683804836
N698Y:I702F,-2.6012290716171265,-0.875893604706943
N698Y:I702N,-3.4713813066482544,-1.77622572166174
N698Y:I702T,-2.723288893699646,-0.167924398590293
N698Y:I702V,-1.7751567363739014,0.0927440613400234
N698Y:I703F,-2.9294713735580444,-3.19523255894004
N698Y:I703M,-3.100269913673401,-3.65100569321954
N698Y:I703N,-4.579091906547546,-3.48878607210451
N698Y:I703T,-2.6674288511276245,-3.70822620599911
N698Y:I703V,-1.5488706827163696,-1.81927711167675
N698Y:I712K,-4.974709391593933,-2.85546254582924
N698Y:I712L,-0.8250645399093628,-1.45893951589399
N698Y:I712M,-2.0332250595092773,-0.807851553306891
N698Y:I712T,-2.1002488136291504,-2.12995891849316
N698Y:I712V,-0.9832679033279419,-2.19441782420546
N698Y:K699E,-1.8758180141448975,-1.83078416783632
N698Y:K699I,-1.2738462686538696,-3.06399128973653
N698Y:K699N,-1.6819217205047607,-0.466686033156303
N698Y:K699R,-1.453340768814087,0.616089673351717
N698Y:K699T,-0.5713863968849182,-0.683456492240577
N698Y:L705F,-1.8393142223358154,-1.01027214161084
N698Y:L705H,-4.124008536338806,-2.53363982264609
N698Y:L705I,-1.021570086479187,0.63333491076833
N698Y:L705P,-2.175057888031006,-3.59693369102148
N698Y:L705R,-3.382454752922058,-4.45873726423361
N698Y:L705V,-1.2247587442398071,0.292436685861224
N698Y:M706I,0.3241814374923706,-1.91452583124603
N698Y:M706K,-3.9616998434066772,-3.67289290683294
N698Y:M706L,-0.4428461790084839,-2.04195524347214
N698Y:M706T,0.03141891956329346,-3.39702321607783
N698Y:M706V,0.792131781578064,-1.40740237544349
N698Y:V707A,-2.231565237045288,-1.65554354041179
N698Y:V707E,-5.427561163902283,-2.70346977808547
N698Y:V707G,-3.285883069038391,-4.80845448626118
N698Y:V707M,-3.28285014629364,-0.146325484377341
N698Y:V710A,-1.3932503461837769,-2.46860163390212
N698Y:V710D,-5.124716639518738,-3.20056586964251
N698Y:V710F,-1.8758810758590698,-1.26040781460742
N698Y:V710G,-1.8761733770370483,-3.84793852693002
N698Y:V710I,-1.3925913572311401,0.277648465021282
N698Y:V710L,-1.4233466386795044,-2.33974852995333
N698Y:V711A,-1.7643488645553589,-3.20961741949057
N698Y:V711D,-5.369432330131531,-3.67433572542387
N698Y:V711F,-2.051663398742676,-3.56593500426352
N698Y:V711I,-1.5778632164001465,-0.765990675348024
Q686A,-0.41147375106811523,0.446177669500208
Q686C,-3.352621078491211,1.40946567301544
Q686D,1.0189733505249023,-1.7961337455286863
Q686E,0.9938910007476807,-0.219704089231234
Q686E:A692V,0.3692561388015747,-1.93289781415016
Q686E:A701T,0.20133960247039795,-0.285308135751684
Q686E:K687R,0.4170640707015991,-4.64118217391183
Q686E:K699R,0.29833102226257324,-1.01870571893293
Q686F,-1.6441245079040527,-1.03652924868236
Q686G,0.8521726131439209,0.0161991825414512
Q686H,-0.20528554916381836,0.366726872814554
Q686H:A692E,0.6758603453636169,-1.18995189152087
Q686H:A692S,0.21843552589416504,-0.609133045280693
Q686H:A692T,-0.07275593280792236,-0.112321589498997
Q686H:A692V,-0.2303321361541748,1.26654584553141
Q686H:A701E,-1.2505543231964111,-2.54530877036373
Q686H:A701G,-0.8718724250793457,-0.0817629425061028
Q686H:A701P,-0.9069020748138428,-2.66428859716239
Q686H:A701S,-0.936943769454956,-2.58361985935
Q686H:A701T,-0.39824867248535156,1.47627414759388
Q686H:A701V,-0.0348433256149292,1.93102609019121
Q686H:A713E,-3.526279926300049,-3.11058072009913
Q686H:A713G,-0.8169174194335938,0.178513093585734
Q686H:A713S,-1.179194688796997,0.101154904143675
Q686H:A713T,-0.8272817134857178,0.870132169918355
Q686H:A713V,0.22806555032730103,0.543909637494084
Q686H:D694E,0.01859116554260254,0.445053657784284
Q686H:D694G,-0.35979771614074707,1.06445545971663
Q686H:D694N,-0.2806882858276367,1.13766733604652
Q686H:D694V,-0.4011249542236328,-3.45517332359383
Q686H:D694Y,-0.505346417427063,-3.34838318909546
Q686H:E693D,-0.14324939250946045,1.1178059395432
Q686H:E693G,-0.38750171661376953,2.35220707019543
Q686H:E693V,-0.9699521064758301,0.366698679120703
Q686H:F690I,-0.053990840911865234,1.04616139375776
Q686H:F690L,0.269390344619751,0.467688428207935
Q686H:F690S,1.2395339012145996,-0.706132608617354
Q686H:F690V,0.37856268882751465,-0.298688051706569
Q686H:F690Y,0.14360404014587402,0.20450591578101
Q686H:F691C,-1.0178942680358887,-1.04411903105746
Q686H:F691I,0.09799551963806152,1.00285409500982
Q686H:F691L,0.26198458671569824,0.168638147366329
Q686H:F691S,0.9059563875198364,-0.464646768179315
Q686H:F691Y,-0.11286354064941406,0.445105232419895
Q686H:G696C,-1.440616250038147,-0.483553056594203
Q686H:G696D,-0.3485757112503052,-1.26185191978376
Q686H:G696S,0.11020982265472412,0.135928959904675
Q686H:G700A,-0.9497145414352417,-3.45157401034759
Q686H:G700C,-3.2812259197235107,-0.849893331068855
Q686H:G700D,-1.982552170753479,-3.30208637504057
Q686H:G700R,-1.7910864353179932,-4.21992364349417
Q686H:G700S,-1.3786253929138184,-2.90634695986426
Q686H:G700V,-1.9198185205459595,0.594214461910817
Q686H:G704A,-1.3433876037597656,-4.69563744381608
Q686H:G704E,-3.620076894760132,-2.78445331240219
Q686H:G704R,-3.4133071899414062,-2.97522299342084
Q686H:G704V,-2.336134910583496,-2.60524186708034
Q686H:G708A,-0.2134859561920166,-4.42048771557003
Q686H:G708C,-1.4356119632720947,-0.97113685144119
Q686H:G708D,-3.5315957069396973,-2.48728974374787
Q686H:G708S,-0.8761012554168701,-2.89181685689407
Q686H:G708V,-0.48044705390930176,-2.66645091702278
Q686H:G709A,-0.03855031728744507,-4.09011705687268
Q686H:G709C,-0.7519054412841797,-1.32560348045742
Q686H:G709D,-3.197596788406372,-1.07102687936702
Q686H:G709R,-3.752490758895874,-3.25685802223642
Q686H:G709S,-0.6540254354476929,-1.48538251569984
Q686H:I702F,-1.4491455554962158,-1.92708463312773
Q686H:I702N,-2.3192977905273438,-0.635445656090078
Q686H:I702T,-1.5712053775787354,-0.0121011224688827
Q686H:I702V,-0.6230732202529907,0.0500613569036979
Q686H:I703F,-1.7773878574371338,-2.86002585063975
Q686H:I703M,-1.9481863975524902,-5.29173465312984
Q686H:I703N,-3.4270083904266357,-3.65282316920185
Q686H:I703T,-1.5153453350067139,-2.78590066114606
Q686H:I703V,-0.396787166595459,-1.68458250447058
Q686H:I712K,-3.8226258754730225,-2.53062081862037
Q686H:I712L,0.32701897621154785,-1.82558129303605
Q686H:I712M,-0.8811415433883667,-1.74838895342628
Q686H:I712T,-0.9481652975082397,-3.73527206174101
Q686H:I712V,0.16881561279296875,-2.91847793309392
Q686H:K687E,0.08065533638000488,-0.0661834620417019
Q686H:K687I,-1.2178184986114502,-1.04960988179744
Q686H:K687N,-0.10914850234985352,1.35611521897332
Q686H:K687Q,-0.23453056812286377,0.271260526569487
Q686H:K687R,-0.1825242042541504,0.165625031378072
Q686H:K687T,-0.4932289123535156,1.15329882924318
Q686H:K699E,-0.7237344980239868,-1.83457930327442
Q686H:K699I,-0.12176275253295898,-0.699878042844893
Q686H:K699N,-0.5298382043838501,0.772660144426263
Q686H:K699R,-0.30125725269317627,-0.829180502286343
Q686H:K699T,0.5806971192359924,-0.520380257931168
Q686H:L688F,-0.4383838176727295,0.260701159219841
Q686H:L688M,-0.36815428733825684,0.126849205298974
Q686H:L688S,0.7313835620880127,0.34653753760808
Q686H:L705F,-0.6872307062149048,-0.429238967884943
Q686H:L705H,-2.9719250202178955,-2.82220586866655
Q686H:L705I,0.13051342964172363,1.08075298198073
Q686H:L705P,-1.0229743719100952,-3.40072767365056
Q686H:L705R,-2.2303712368011475,-3.11917495048043
Q686H:L705V,-0.07267522811889648,0.385032556214941
Q686H:M706I,1.4762649536132812,-2.46586794716014
Q686H:M706K,-2.8096163272857666,-4.26112316558687
Q686H:M706L,0.7092373371124268,-2.86892133683198
Q686H:M706T,1.183502435684204,-3.08593666684309
Q686H:M706V,1.9442152976989746,-1.07627269818781
Q686H:N698D,-0.572210431098938,-4.58788309507111
Q686H:N698H,-0.7386997938156128,-2.43034416927202
Q686H:N698I,-1.4492913484573364,0.0581080992570878
Q686H:N698K,-0.5513949394226074,-4.03560256720686
Q686H:N698S,-0.12891548871994019,-2.60705468979292
Q686H:N698T,-0.8038316965103149,-2.89774361634525
Q686H:N698Y,-1.357369065284729,0.0994328845924417
Q686H:S697A,-0.33145391941070557,-0.513379772452474
Q686H:S697L,0.7536874413490295,0.0344985019047634
Q686H:S697P,-0.39484870433807373,-2.27996821890567
Q686H:S697T,-0.2663313150405884,0.792043220537078
Q686H:V689A,0.2281966209411621,-0.717371511927582
Q686H:V689E,0.49308502674102783,-0.797623770896037
Q686H:V689G,0.5141923427581787,-0.0032868829903462
Q686H:V689L,-0.022642850875854492,0.630044772703369
Q686H:V689M,-0.49521970748901367,-0.0294044778851364
Q686H:V695A,0.16041898727416992,0.341620254135526
Q686H:V695E,0.580089807510376,-1.67175724285556
Q686H:V695G,0.3502206802368164,1.1872885019211
Q686H:V695L,-0.07872748374938965,-0.481783439983733
Q686H:V695M,-0.632213830947876,0.966717859287443
Q686H:V707A,-1.0794817209243774,-2.3606668392397
Q686H:V707E,-4.275477647781372,-2.67469466468417
Q686H:V707G,-2.1337995529174805,-4.54529341895424
Q686H:V707M,-2.1307666301727295,0.30787980770677
Q686H:V710A,-0.2411668300628662,-2.93224738574178
Q686H:V710D,-3.972633123397827,-3.65294346706125
Q686H:V710F,-0.7237975597381592,-2.78211597369144
Q686H:V710I,-0.2405078411102295,1.19088540835683
Q686H:V710L,-0.27126312255859375,-0.463179916249029
Q686H:V711A,-0.6122653484344482,-3.23996401849499
Q686H:V711D,-4.21734881401062,-3.9748028906544
Q686H:V711G,-1.3339440822601318,-3.37060037651974
Q686H:V711I,-0.42577970027923584,-0.718592964999803
Q686H:V711L,-0.1533818244934082,-3.70396899756541
Q686I,-1.5920319557189941,1.1951375552269283
Q686K,0.905681848526001,-0.822473145925747
Q686K:A692E,1.2313440442085266,-1.01810588704939
Q686K:A692T,0.4827277660369873,-2.4651815355726
Q686K:A692V,0.32515156269073486,-2.07579159778931
Q686K:A701V,0.5206403732299805,0.0780299711162706
Q686K:A713E,-2.970796227455139,-4.25586498845864
Q686K:A713S,-0.6237109899520874,-1.95883814280509
Q686K:A713T,-0.2717980146408081,0.0495236307608686
Q686K:A713V,0.7835492491722107,0.008147229299533
Q686K:D694E,0.5740748643875122,0.25765598794545
Q686K:D694G,0.1956859827041626,-1.3907653595232
Q686K:D694V,0.15435874462127686,-4.51118606979191
Q686K:E693D,0.4122343063354492,-0.196445023955588
Q686K:E693G,0.16798198223114014,1.5654555685771
Q686K:E693V,-0.4144684076309204,-0.673257331561084
Q686K:F690I,0.5014928579330444,0.404445456906588
Q686K:F690L,0.8248740434646606,-2.66711900878281
Q686K:F690Y,0.6990877389907837,-0.963326953858769
Q686K:F691C,-0.462410569190979,-3.27650657376791
Q686K:F691I,0.6534792184829712,-0.855478246812086
Q686K:F691L,0.8174682855606079,-1.65678424168108
Q686K:F691S,1.461440086364746,-0.853100180815707
Q686K:F691Y,0.4426201581954956,-0.906970662456966
Q686K:G696C,-0.8851325511932373,-3.67119507529736
Q686K:G696D,0.2069079875946045,-4.07075715368826
Q686K:G696S,0.6656935214996338,-3.01624164737827
Q686K:G700C,-2.725742220878601,-1.9128588798437
Q686K:G700D,-1.4270684719085693,-3.92846712941516
Q686K:G704E,-3.064593195915222,-4.71463573104353
Q686K:G708C,-0.8801282644271851,-0.756363329190021
Q686K:G708S,-0.32061755657196045,-3.8809065998624
Q686K:G708V,0.07503664493560791,-4.57405378042234
Q686K:G709C,-0.19642174243927002,-2.95817146435604
Q686K:G709D,-2.6421130895614624,-4.28440421224487
Q686K:G709S,-0.0985417366027832,-2.12646128366757
Q686K:I702F,-0.8936618566513062,-3.4651993790082
Q686K:I702N,-1.763814091682434,-2.25790787496883
Q686K:I702T,-1.0157216787338257,-2.59868764401256
Q686K:I702V,-0.06758952140808105,-2.22518243045635
Q686K:I703F,-1.2219041585922241,-3.21872164490642
Q686K:I703N,-2.871524691581726,-3.80921467140628
Q686K:I703T,-0.9598616361618042,-3.36606733296813
Q686K:I703V,0.15869653224945068,-4.05893215474817
Q686K:I712K,-3.267142176628113,-3.93931899441825
Q686K:I712L,0.8825026750564575,-3.29569556270591
Q686K:I712M,-0.32565784454345703,-4.12100106900776
Q686K:I712T,-0.3926815986633301,-4.52838427395954
Q686K:I712V,0.7242993116378784,-3.52577512281513
Q686K:K687E,0.6361390352249146,-4.47588173007259
Q686K:K687I,-0.6623347997665405,-3.33684745602291
Q686K:K687N,0.44633519649505615,-1.88573444814906
Q686K:K699E,-0.16825079917907715,-3.57393845507136
Q686K:K699I,0.4337209463119507,-3.90440375810349
Q686K:K699N,0.02564549446105957,-1.87097722113328
Q686K:K699Q,-0.08814764022827148,-3.7231328235458
Q686K:K699R,0.2542264461517334,-3.45948924234137
Q686K:L688F,0.11709988117218018,-1.99369761387048
Q686K:L688M,0.18732941150665283,-0.748096391826694
Q686K:L688S,1.2868672609329224,-0.72554632372813
Q686K:L688W,-0.5564945936203003,-2.84572233804783
Q686K:L705F,-0.13174700736999512,-3.2761701872439
Q686K:L705H,-2.416441321372986,-2.52687652239869
Q686K:L705P,-0.46749067306518555,-4.46367149287711
Q686K:M706I,2.031748652458191,-4.70626529194276
Q686K:M706K,-2.254132628440857,-5.02260247466682
Q686K:M706L,1.2647210359573364,-4.20790035788017
Q686K:M706V,2.4996989965438843,-3.63392451990424
Q686K:N698D,-0.01672673225402832,-4.6379959741915
Q686K:N698H,-0.18321609497070312,-4.64681313470477
Q686K:N698I,-0.8938076496124268,-1.62826618338461
Q686K:N698S,0.4265682101249695,-5.04910863544045
Q686K:N698Y,-0.8018853664398193,-1.43836879959345
Q686K:S697A,0.2240297794342041,-1.11458749063621
Q686K:S697P,0.16063499450683594,-2.12300508109157
Q686K:S697T,0.2891523838043213,-1.01797061262164
Q686K:V689E,1.0485687255859375,-1.92104207385368
Q686K:V689M,0.060263991355895996,-1.39703373148007
Q686K:V695A,0.7159026861190796,-1.91666431479588
Q686K:V695E,1.1355735063552856,-2.99968241703793
Q686K:V695M,-0.07673013210296631,-2.15600353344399
Q686K:V707A,-0.5239980220794678,-2.39733336818197
Q686K:V707E,-3.7199939489364624,-3.42379196114606
Q686K:V707M,-1.5752829313278198,-1.53137571900759
Q686K:V710A,0.31431686878204346,-4.12224992663114
Q686K:V710D,-3.4171494245529175,-3.76500857890178
Q686K:V710I,0.3149758577346802,-0.949058722679126
Q686K:V711D,-3.6618651151657104,-4.64518181496492
Q686K:V711I,0.12970399856567383,-3.11150802653843
Q686L,-1.0760393142700195,-0.2725918181824149
Q686L:A692E,0.24048346281051636,-0.520697821533293
Q686L:A692T,-0.508132815361023,-0.402090488359387
Q686L:A692V,-0.6657090187072754,-0.988396018931802
Q686L:A701E,-1.6859312057495117,-3.56433914685472
Q686L:A701S,-1.3723206520080566,-2.98833553730601
Q686L:A701T,-0.8336255550384521,0.915954002477394
Q686L:A701V,-0.4702202081680298,0.696114273216276
Q686L:A713E,-3.9616568088531494,-3.24333519003788
Q686L:A713G,-1.2522943019866943,-2.4041424007302
Q686L:A713S,-1.6145715713500977,-0.122968905171293
Q686L:A713T,-1.2626585960388184,-0.191716840306706
Q686L:A713V,-0.20731133222579956,-0.0201154087888239
Q686L:D694E,-0.41678571701049805,-0.23474104274585
Q686L:D694G,-0.7951745986938477,-0.186386760550502
Q686L:D694N,-0.7160651683807373,0.661527455895968
Q686L:D694V,-0.8365018367767334,-3.82171602391082
Q686L:D694Y,-0.9407232999801636,-4.05893215474817
Q686L:E693D,-0.578626275062561,0.657429954944063
Q686L:E693G,-0.8228785991668701,1.52483511188994
Q686L:E693K,-0.6893961429595947,-0.848935774840641
Q686L:E693V,-1.4053289890289307,-1.42959180420141
Q686L:F690C,-1.3692944049835205,-4.82206670844419
Q686L:F690I,-0.4893677234649658,0.88052656716649
Q686L:F690L,-0.1659865379333496,-0.711213206609863
Q686L:F690S,0.804157018661499,-1.33255966281937
Q686L:F690V,-0.05681419372558594,0.141994291597989
Q686L:F690Y,-0.29177284240722656,-1.36687427969845
Q686L:F691C,-1.4532711505889893,0.75573487165407
Q686L:F691I,-0.33738136291503906,0.955329563789196
Q686L:F691L,-0.17339229583740234,0.18624298924614
Q686L:F691S,0.47057950496673584,1.25972738660477
Q686L:F691V,0.12283182144165039,0.179674337423479
Q686L:F691Y,-0.5482404232025146,0.305350937174561
Q686L:G696A,-0.6981710195541382,-3.4599349034468
Q686L:G696C,-1.8759931325912476,-1.67817089363469
Q686L:G696D,-0.7839525938034058,-1.72885768639083
Q686L:G696S,-0.32516705989837646,-0.0795803770554395
Q686L:G696V,-0.9083331823348999,-0.260817115743388
Q686L:G700A,-1.3850914239883423,-3.98771591647117
Q686L:G700C,-3.7166028022766113,-2.11371459579749
Q686L:G700D,-2.4179290533065796,-2.95012871574976
Q686L:G700S,-1.814002275466919,-3.46134297987603
Q686L:G704A,-1.7787644863128662,-3.93596637704542
Q686L:G704E,-4.055453777313232,-3.37871899632854
Q686L:G704R,-3.848684072494507,-3.1661773916455
Q686L:G704V,-2.7715117931365967,-2.73288865253521
Q686L:G708C,-1.8709888458251953,-2.28399836099231
Q686L:G708D,-3.966972589492798,-3.4325432131154
Q686L:G708R,-3.9361698627471924,-3.33401196458467
Q686L:G708S,-1.3114781379699707,-3.25072128997125
Q686L:G708V,-0.9158239364624023,-3.12668083479616
Q686L:G709A,-0.47392719984054565,-3.8618584048917
Q686L:G709C,-1.1872823238372803,-1.97624118514074
Q686L:G709D,-3.6329736709594727,-3.09823924329925
Q686L:G709R,-4.187867641448975,-2.99101580170191
Q686L:G709S,-1.0894023180007935,-3.08151165425915
Q686L:G709V,-0.33611899614334106,-2.92608550305605
Q686L:I702F,-1.8845224380493164,-2.90714364798052
Q686L:I702N,-2.7546746730804443,-0.146601512962694
Q686L:I702T,-2.006582260131836,-0.768261576363863
Q686L:I702V,-1.0584501028060913,-0.721700692649587
Q686L:I703F,-2.2127647399902344,-3.81581156518397
Q686L:I703N,-3.8623852729797363,-4.52435390360847
Q686L:I703T,-1.9507222175598145,-2.98925274450586
Q686L:I703V,-0.8321640491485596,-1.86521901979931
Q686L:I712K,-4.258002758026123,-3.15770638779902
Q686L:I712L,-0.10835790634155273,-1.78101241234044
Q686L:I712M,-1.3165184259414673,-1.80454851163494
Q686L:I712T,-1.3835421800613403,-3.0225346598964
Q686L:I712V,-0.26656126976013184,-2.05650275548322
Q686L:K687E,-0.3547215461730957,-1.80907950323384
Q686L:K687I,-1.6531953811645508,-3.50878878803102
Q686L:K687N,-0.5445253849029541,0.0224324243752747
Q686L:K687R,-0.617901086807251,-3.12320902606628
Q686L:K687T,-0.9286057949066162,-0.433849867704717
Q686L:K699E,-1.1591113805770874,-1.73692584266537
Q686L:K699I,-0.5571396350860596,-3.29019282530571
Q686L:K699N,-0.9652150869369507,0.617394142753145
Q686L:K699R,-0.7366341352462769,0.627941591510825
Q686L:K699T,0.14532023668289185,0.148574185080057
Q686L:L688F,-0.8737607002258301,0.576818440870316
Q686L:L688M,-0.8035311698913574,-0.0798866123198245
Q686L:L688S,0.2960066795349121,-0.506830362229027
Q686L:L705F,-1.1226075887680054,-1.91122236496192
Q686L:L705H,-3.407301902770996,-1.79503629147533
Q686L:L705I,-0.30486345291137695,-0.0979680802223062
Q686L:L705P,-1.4583512544631958,-3.30398664475159
Q686L:L705R,-2.665748119354248,-3.83588291848844
Q686L:L705V,-0.5080521106719971,0.95379108142193
Q686L:M706I,1.0408880710601807,-2.80661823263711
Q686L:M706K,-3.244993209838867,-2.77314200760891
Q686L:M706L,0.27386045455932617,-3.0979640883797
Q686L:M706T,0.7481255531311035,-3.29107965623275
Q686L:M706V,1.508838415145874,-1.67293865098667
Q686L:N698D,-1.0075873136520386,-4.01345850468867
Q686L:N698H,-1.1740766763687134,0.423754500114161
Q686L:N698I,-1.884668231010437,-1.36212261018737
Q686L:N698S,-0.5642923712730408,-0.923037255050293
Q686L:N698Y,-1.7927459478378296,-0.459153444328126
Q686L:S697L,0.31831055879592896,-1.00507152041834
Q686L:S697P,-0.8302255868911743,-1.45362827483126
Q686L:S697T,-0.701708197593689,-0.102471216349414
Q686L:V689A,-0.20718026161193848,-0.786091660678734
Q686L:V689E,0.057708144187927246,0.251675765338655
Q686L:V689G,0.07881546020507812,-0.473185727015053
Q686L:V689L,-0.4580197334289551,-2.1343033102202
Q686L:V689M,-0.9305965900421143,-0.768447506216661
Q686L:V695A,-0.27495789527893066,0.730852695602737
Q686L:V695E,0.1447129249572754,-0.490497359591082
Q686L:V695G,-0.08515620231628418,1.04624267378814
Q686L:V695L,-0.5141043663024902,-0.366433680564053
Q686L:V695M,-1.0675907135009766,0.0893790374052077
Q686L:V707A,-1.514858603477478,-0.817411888593449
Q686L:V707E,-4.710854530334473,-2.53244265298547
Q686L:V707G,-2.569176435470581,-3.1089776260241
Q686L:V707L,-1.479038119316101,-0.54305992026691
Q686L:V707M,-2.56614351272583,-0.117155413260688
Q686L:V710A,-0.6765437126159668,-0.687419385015549
Q686L:V710D,-4.408010005950928,-4.09082203001012
Q686L:V710F,-1.1591744422912598,-2.67361957269835
Q686L:V710G,-1.1594667434692383,-4.83647890543864
Q686L:V710I,-0.6758847236633301,-0.315187686036691
Q686L:V711A,-1.0476422309875488,-3.08988191421137
Q686L:V711D,-4.652725696563721,-3.7824183538224
Q686L:V711F,-1.3349567651748657,-3.3524724906801
Q686L:V711G,-1.7693209648132324,-4.12080082481895
Q686L:V711I,-0.8611565828323364,-1.89383023623434
Q686L:V711L,-0.5887587070465088,-3.80921467140628
Q686M,-1.8155107498168945,0.266868476936084
Q686N,0.5544726848602295,0.3781309683101439
Q686P,0.6987786293029785,1.4596965331685952
Q686P:A701V,0.41718876361846924,1.94543913362318
Q686P:A713T,-0.37524962425231934,1.23877205130784
Q686P:A713V,0.6800976395606995,1.6035130463195
Q686P:E693D,0.308782696723938,1.24137206294921
Q686P:E693V,-0.5179200172424316,0.174378526523119
Q686P:F690I,0.3980412483215332,1.19032915653405
Q686P:F690L,0.7214224338531494,-1.36922970900979
Q686P:F690Y,0.5956361293792725,-0.327364175195613
Q686P:F691I,0.55002760887146,1.71921397457116
Q686P:F691L,0.7140166759490967,1.26408814428876
Q686P:F691S,1.3579884767532349,-0.670310053867915
Q686P:G696C,-0.9885841608047485,-0.17785809108478
Q686P:G700C,-2.8291938304901123,0.0563899365568303
Q686P:G708D,-3.079563617706299,-2.62055960203047
Q686P:G708S,-0.4240691661834717,-2.36161978442259
Q686P:G709C,-0.29987335205078125,-0.417408638191765
Q686P:I702F,-0.9971134662628174,0.114752075669309
Q686P:I702V,-0.17104113101959229,0.43932870377592
Q686P:I703T,-1.0633132457733154,-3.12949051117847
Q686P:I712K,-3.370593786239624,-1.86423839564006
Q686P:I712L,0.7790510654449463,-0.904946593402587
Q686P:I712M,-0.42910945415496826,-2.08536640779443
Q686P:I712T,-0.4961332082748413,-2.85367509229868
Q686P:I712V,0.6208477020263672,-1.15851809726227
Q686P:K687E,0.5326874256134033,-0.631895654687777
Q686P:K699E,-0.2717024087905884,-1.0704859531331
Q686P:K699I,0.33026933670043945,-0.784552834029515
Q686P:L688F,0.013648271560668945,0.351749578157218
Q686P:L688S,1.1834156513214111,-0.414010978009612
Q686P:L705H,-2.519892930984497,-2.42933833796287
Q686P:L705P,-0.5709422826766968,-2.98858505810124
Q686P:M706I,1.9282970428466797,-2.26531902296689
Q686P:M706T,1.6355345249176025,-3.29119399439018
Q686P:M706V,2.396247386932373,-2.33300097911694
Q686P:N698D,-0.12017834186553955,-3.29075212716438
Q686P:N698I,-0.997259259223938,-0.185624646171633
Q686P:N698Y,-0.9053369760513306,1.28181635757549
Q686P:S697L,1.205719530582428,-0.716557361015563
Q686P:S697P,0.05718338489532471,-1.721766501695
Q686P:S697T,0.18570077419281006,1.39442362199643
Q686P:V689A,0.6802287101745605,-1.95368858381924
Q686P:V689E,0.9451171159744263,-2.05068084980654
Q686P:V695E,1.0321218967437744,-2.07967434007488
Q686P:V707E,-3.8234455585479736,-2.33689457964773
Q686P:V707M,-1.678734540939331,0.996180716732981
Q686P:V711A,-0.1602332592010498,-3.05476696498254
Q686R,0.599884033203125,-1.64185797324956
Q686R:A692E,1.0784451365470886,-3.44645729099648
Q686R:A692P,0.5781235694885254,-1.81570284084533
Q686R:A692T,0.3298288583755493,-3.04584823375853
Q686R:A692V,0.17225265502929688,-1.99591405732662
Q686R:A701E,-0.8479695320129395,-4.6681598684724
Q686R:A701G,-0.469287633895874,-2.97517184520741
Q686R:A701P,-0.5043172836303711,-3.86456816909073
Q686R:A701S,-0.5343589782714844,-5.19888171700481
Q686R:A701T,0.004336118698120117,-0.0201347687512948
Q686R:A701V,0.3677414655685425,-0.293408819643059
Q686R:A713E,-3.123695135116577,-5.39955241246696
Q686R:A713G,-0.41433262825012207,-5.13664821016175
Q686R:A713S,-0.7766098976135254,-2.80696433927123
Q686R:A713T,-0.4246969223022461,-1.14345174193635
Q686R:A713V,0.6306503415107727,-1.11719128992042
Q686R:D694E,0.4211759567260742,-0.44912902958163
Q686R:D694G,0.04278707504272461,-1.60254746556964
Q686R:D694N,0.12189650535583496,-0.1578642518467
Q686R:D694V,0.0014598369598388672,-4.41051449130436
Q686R:D694Y,-0.10276162624359131,-3.74160669945742
Q686R:E693D,0.25933539867401123,-0.622248032231002
Q686R:E693G,0.015083074569702148,1.75370884966756
Q686R:E693K,0.14856553077697754,-2.68943032906099
Q686R:E693V,-0.5673673152923584,-2.97828344619021
Q686R:F690I,0.34859395027160645,0.214689886085976
Q686R:F690L,0.6719751358032227,-3.11808772178584
Q686R:F690S,1.6421186923980713,-0.883827566698859
Q686R:F690V,0.7811474800109863,-0.649760934362058
Q686R:F690Y,0.5461888313293457,-1.22793240546966
Q686R:F691C,-0.615309476852417,-3.08117194602413
Q686R:F691I,0.5005803108215332,-1.36825418233108
Q686R:F691L,0.6645693778991699,-2.09211735327552
Q686R:F691S,1.308541178703308,-1.19846780443078
Q686R:F691V,0.9607934951782227,-1.44594462659065
Q686R:F691Y,0.2897212505340576,-2.50358120507804
Q686R:G696C,-1.0380314588546753,-3.11262208922756
Q686R:G696D,0.054009079933166504,-4.23578739175613
Q686R:G696R,0.061286330223083496,-4.59274591343449
Q686R:G696S,0.5127946138381958,-1.7584832270586
Q686R:G696V,-0.07037150859832764,-4.0452439103372
Q686R:G700C,-2.878641128540039,-3.19874403091133
Q686R:G700D,-1.5799673795700073,-4.47836159914196
Q686R:G700R,-1.3885016441345215,-5.22873468015449
Q686R:G700S,-0.9760406017303467,-3.26143332937509
Q686R:G700V,-1.5172337293624878,-2.92608550305605
Q686R:G704E,-3.21749210357666,-4.40683994985407
Q686R:G704R,-3.0107223987579346,-5.09245333536676
Q686R:G704V,-1.9335501194000244,-3.58062242488578
Q686R:G708C,-1.033027172088623,-1.71544558171843
Q686R:G708D,-3.1290109157562256,-3.44599489965597
Q686R:G708S,-0.47351646423339844,-3.94096693342491
Q686R:G708V,-0.07786226272583008,-4.85225710891958
Q686R:G709C,-0.349320650100708,-3.09670235193495
Q686R:G709D,-2.7950119972229004,-3.68697153239261
Q686R:G709S,-0.2514406442642212,-4.59368875105503
Q686R:I702F,-1.0465607643127441,-4.20354983344543
Q686R:I702N,-1.916712999343872,-1.04132298875626
Q686R:I702T,-1.1686205863952637,-0.922548943626813
Q686R:I702V,-0.22048842906951904,-3.35627479936408
Q686R:I703F,-1.374803066253662,-5.29173465312984
Q686R:I703N,-3.024423599243164,-4.90109909118755
Q686R:I703T,-1.1127605438232422,-4.47170216182351
Q686R:I703V,0.005797624588012695,-4.04877415130557
Q686R:I712K,-3.420041084289551,-4.84526493560124
Q686R:I712L,0.7296037673950195,-3.72434081155042
Q686R:I712M,-0.478556752204895,-3.71957323564513
Q686R:I712T,-0.5455805063247681,-5.30599831600391
Q686R:I712V,0.5714004039764404,-4.05268541873882
Q686R:K687E,0.48324012756347656,-2.93798608060659
Q686R:K687I,-0.8152337074279785,-3.02393732207885
Q686R:K687N,0.29343628883361816,-0.132294314743996
Q686R:K687Q,0.1680542230606079,-2.58967735053923
Q686R:K687R,0.2200605869293213,-2.59352782093773
Q686R:K687T,-0.09064412117004395,-2.29123955966542
Q686R:K699E,-0.32114970684051514,-5.39999633788699
Q686R:K699I,0.2808220386505127,-3.90247239935272
Q686R:K699N,-0.12725341320037842,-2.71468253771089
Q686R:K699Q,-0.24104654788970947,-3.58663008960244
Q686R:K699R,0.10132753849029541,-2.56823740357315
Q686R:L688F,-0.03579902648925781,-1.40385931130158
Q686R:L688M,0.034430503845214844,-0.773304318669275
Q686R:L688S,1.1339683532714844,-0.446300099063537
Q686R:L688W,-0.7093935012817383,-2.93790251832247
Q686R:L705F,-0.2846459150314331,-2.97597499298113
Q686R:L705H,-2.569340229034424,-2.13455209539545
Q686R:L705I,0.5330982208251953,-1.32075464088615
Q686R:L705P,-0.6203895807266235,-4.54154467091979
Q686R:L705R,-1.8277864456176758,-3.61290552976868
Q686R:L705V,0.3299095630645752,-2.22873061103182
Q686R:M706I,1.878849744796753,-4.41607211662742
Q686R:M706K,-2.407031536102295,-4.90759988623886
Q686R:M706L,1.1118221282958984,-4.35015571738975
Q686R:M706R,-2.1821393966674805,-2.8569596990989
Q686R:M706T,1.5860872268676758,-4.92777182933195
Q686R:M706V,2.3468000888824463,-3.45862882288883
Q686R:N698D,-0.1696256399154663,-4.6450425203617
Q686R:N698I,-1.0467065572738647,-0.916733303180928
Q686R:N698S,0.2736693024635315,-4.50077514406686
Q686R:N698T,-0.40124690532684326,-4.57405378042234
Q686R:N698Y,-0.9547842741012573,-2.95834266370357
Q686R:S697A,0.07113087177276611,-3.97386146579214
Q686R:S697L,1.1562722325325012,-2.57276014660664
Q686R:S697P,0.007736086845397949,-5.60225064935229
Q686R:S697T,0.1362534761428833,-2.14701185353859
Q686R:V689A,0.6307814121246338,-2.80106041260529
Q686R:V689E,0.8956698179244995,-0.882299063238319
Q686R:V689G,0.9167771339416504,-3.00661410554119
Q686R:V689L,0.3799419403076172,-3.61602344237542
Q686R:V689M,-0.09263491630554199,-2.2635291274509
Q686R:V695A,0.5630037784576416,-2.95013274439331
Q686R:V695E,0.9826745986938477,-3.63967151332008
Q686R:V695L,0.32385730743408203,-4.71463573104353
Q686R:V695M,-0.2296290397644043,-2.61460566100642
Q686R:V707A,-0.6768969297409058,-1.72314923900725
Q686R:V707E,-3.8728928565979004,-3.80801975038425
Q686R:V707L,-0.6410764455795288,0.465982437797039
Q686R:V707M,-1.7281818389892578,-1.39422781895338
Q686R:V710A,0.16141796112060547,-5.97129155278754
Q686R:V710D,-3.5700483322143555,-5.44873822085781
Q686R:V710I,0.1620769500732422,-1.95781945992312
Q686R:V711A,-0.20968055725097656,-4.8477622550251
Q686R:V711D,-3.8147640228271484,-4.12149543321613
Q686R:V711F,-0.49699509143829346,-3.38840739791894
Q686R:V711G,-0.9313592910766602,-4.73089625191531
Q686R:V711I,-0.02319490909576416,-4.13700991543132
Q686S,0.5116043090820312,-0.788445445245236
Q686V,-0.9853954315185547,1.48940166764117
Q686W,-2.7251715660095215,-5.00707697991247
Q686Y,-1.395348072052002,-2.14196520979468
R676A,0.46650123596191406,-1.1970066016959
R676C,-2.808250904083252,-0.9878545361513414
R676D,0.8272097110748291,-2.12700627855664
R676E,1.0224363803863525,-4.94166141275704
R676F,-0.4189736843109131,-1.8262901028664
R676G,0.4593663215637207,-0.2529547049458439
R676G:A692E,1.0081862807273865,-3.8618584048917
R676G:A701T,-0.06592273712158203,-0.380618315556009
R676G:A701V,0.29748260974884033,0.452290807379095
R676G:E682D,0.3452780246734619,-2.77564604499856
R676G:E682G,0.24121510982513428,-1.78241686321187
R676G:E693D,0.18907654285430908,-1.87743664735592
R676G:F690I,0.2783350944519043,-0.230044161656366
R676G:F690L,0.6017162799835205,-2.51815904152742
R676G:F691L,0.5943105220794678,-1.8208041495032
R676G:F691V,0.8905346393585205,-0.247086922931486
R676G:F691Y,0.21946239471435547,1.6340586907464
R676G:G696C,-1.1082903146743774,-3.49413362476638
R676G:G708C,-1.1032860279083252,-2.02818763859532
R676G:G709S,-0.32169950008392334,-3.78181569721816
R676G:H677L,0.46258091926574707,-1.55599040388331
R676G:H677R,0.6714222431182861,-1.03907993812806
R676G:H684L,0.5211225748062134,-3.33976082261613
R676G:H684R,0.438434362411499,-3.01273999603634
R676G:I712V,0.5011415481567383,-3.18397869646254
R676G:K687I,-0.8854925632476807,-4.49368875147179
R676G:K699N,-0.19751226902008057,-3.89959873287455
R676G:K699R,0.03106868267059326,-2.50834187749107
R676G:L688S,1.0637094974517822,-3.39894226323053
R676G:L705H,-2.639599084854126,-3.92846712941516
R676G:N698D,-0.23988449573516846,-4.51118606979191
R676G:N698Y,-1.0250431299209595,0.017448928556845
R676G:Q686H,0.12704038619995117,-0.8171859689166
R676G:Q686L,-0.3083364963531494,-2.48007872412634
R676G:Q686R,0.5296251773834229,-3.24105638810504
R676G:S697T,0.06599462032318115,-1.79092755287977
R676G:V683D,0.4928849935531616,0.462457778594233
R676G:V689E,0.8254109621047974,-2.26980041320268
R676G:V695E,0.9124157428741455,-2.96715530522691
R676G:V710I,0.09181809425354004,-2.61785146999295
R676G:V711A,-0.2799394130706787,-4.57828229057563
R676G:V711D,-3.8850228786468506,-4.88042798588627
R676H,-0.13142657279968262,-0.7006544909155745
R676I,0.1983659267425537,-0.8970531992242375
R676K,0.37519216537475586,-0.0811721399266928
R676L,0.5209593772888184,-0.7842881121882045
R676L:A692T,0.290366530418396,-2.03261584240891
R676L:A692V,0.13279032707214355,-0.898001339868159
R676L:A701E,-0.8874318599700928,-1.87705149607865
R676L:A701G,-0.5087499618530273,-4.57405378042234
R676L:A701P,-0.5437796115875244,-2.80127979967183
R676L:A701S,-0.5738213062286377,-3.30011007077355
R676L:A701T,-0.0351262092590332,0.283102048151769
R676L:A701V,0.32827913761138916,1.1707265337349
R676L:A713E,-3.1631574630737305,-4.67353139478638
R676L:A713S,-0.8160722255706787,-1.06475412640026
R676L:A713T,-0.4641592502593994,-1.15146489551086
R676L:A713V,0.5911880135536194,-0.643301443317028
R676L:D678E,0.3505513668060303,-3.87504587374934
R676L:D678G,0.21511173248291016,-0.642029684293691
R676L:D678N,-0.0698390007019043,-0.426094365454741
R676L:D678V,0.1763303279876709,-2.05892545986911
R676L:D678Y,-0.35874664783477783,-1.30964807320759
R676L:D694E,0.3817136287689209,-0.164347791242785
R676L:D694G,0.003324747085571289,-0.203613101939393
R676L:D694V,-0.03800249099731445,-2.82162573507782
R676L:E682D,0.37607455253601074,-1.21406959817669
R676L:E682G,0.2720116376876831,0.633237022876251
R676L:E682K,0.08970832824707031,-1.95514613703072
R676L:E682V,0.13146698474884033,-1.24627240057752
R676L:E693D,0.2198730707168579,-0.818294178868449
R676L:E693G,-0.024379253387451172,1.93162781859654
R676L:E693K,0.10910320281982422,-2.1819281982256
R676L:E693V,-0.6068296432495117,-1.59474700594837
R676L:F690I,0.3091316223144531,0.0006594105215591
R676L:F690L,0.6325128078460693,-2.04700913468488
R676L:F690S,1.602656364440918,-3.89178120747001
R676L:F690Y,0.5067265033721924,-1.71821268874771
R676L:F691I,0.4611179828643799,-0.136155275986342
R676L:F691L,0.6251070499420166,-1.65414067314411
R676L:F691S,1.2690788507461548,-2.65561977251769
R676L:F691Y,0.2502589225769043,-0.744393778800176
R676L:G680V,0.15928733348846436,-2.29207023690513
R676L:G696C,-1.0774937868118286,-1.03732397164716
R676L:G696D,0.014546751976013184,-3.87005085538139
R676L:G696S,0.4733322858810425,-1.56539134290682
R676L:G700A,-0.5865920782089233,-1.78241686321187
R676L:G700C,-2.9181034564971924,-2.91316918956263
R676L:G700D,-1.6194297075271606,-4.16418793200602
R676L:G700S,-1.0155029296875,-3.56042875173658
R676L:G704E,-3.2569544315338135,-3.76742681365503
R676L:G704R,-3.050184726715088,-3.59952585323064
R676L:G708C,-1.0724895000457764,-2.2422714955273
R676L:G708D,-3.168473243713379,-4.14571613766191
R676L:G708R,-3.1376705169677734,-4.61109505210269
R676L:G708S,-0.5129787921905518,-3.56916543587056
R676L:G708V,-0.1173245906829834,-2.78545929981249
R676L:G709C,-0.38878297805786133,-2.26460412897953
R676L:G709D,-2.8344743251800537,-3.15440498955238
R676L:G709S,-0.2909029722213745,-2.31164540508879
R676L:H677D,0.9123696088790894,-3.53590082035898
R676L:H677L,0.4933774471282959,-2.9031579124695
R676L:H677Q,0.49349355697631836,-1.29808409809464
R676L:H677R,0.702218770980835,-0.717793850167568
R676L:H677Y,0.13403594493865967,-1.64772318701659
R676L:H684L,0.5519191026687622,-1.66233237354998
R676L:H684N,0.48908448219299316,0.08845578562475
R676L:H684Q,0.49591195583343506,-2.97292637726748
R676L:H684R,0.46923089027404785,-1.61663445038031
R676L:H684Y,-0.10326206684112549,-0.406558403185866
R676L:H685L,0.12634146213531494,-1.83598887629691
R676L:H685N,0.4683576822280884,-0.276797452785377
R676L:H685Q,0.44951820373535156,-0.770175754815104
R676L:H685R,0.49489355087280273,-2.0043416394582
R676L:H685Y,-0.2603398561477661,-2.61122990892497
R676L:I702F,-1.0860230922698975,-2.96097721292753
R676L:I702N,-1.9561753273010254,-3.57034628450576
R676L:I702T,-1.208082914352417,-2.32711207938259
R676L:I702V,-0.25995075702667236,-2.35345286455361
R676L:I703F,-1.4142653942108154,-3.57616159780543
R676L:I703N,-3.0638859272003174,-4.9278945231252
R676L:I703T,-1.1522228717803955,-5.11428080333554
R676L:I703V,-0.033664703369140625,-3.45239922652642
R676L:I712K,-3.459503412246704,-4.26145870615386
R676L:I712L,0.6901414394378662,-2.98209161244443
R676L:I712M,-0.5180190801620483,-3.34369542241755
R676L:I712T,-0.5850428342819214,-3.70205192695364
R676L:I712V,0.5319380760192871,-3.98962868708769
R676L:K687E,0.44377779960632324,-3.1489057171209
R676L:K687I,-0.8546960353851318,-3.05646644204629
R676L:K687N,0.25397396087646484,-0.310287855655855
R676L:K687R,0.18059825897216797,-2.16053044467864
R676L:K687T,-0.13010644912719727,-0.793424581161311
R676L:K699E,-0.36061203479766846,-3.44705890916863
R676L:K699I,0.24135971069335938,-3.53089806227896
R676L:K699N,-0.16671574115753174,-1.23127667509608
R676L:K699Q,-0.2805088758468628,-3.02729957028193
R676L:K699R,0.06186521053314209,-2.1159181937203
R676L:L688F,-0.07526135444641113,-0.710842398916892
R676L:L688M,-0.0050318241119384766,-1.39239724861066
R676L:L688S,1.094506025314331,-1.8789177855299
R676L:L688W,-0.7488558292388916,-0.168443795612373
R676L:L705F,-0.3241082429885864,-2.49372004141809
R676L:L705H,-2.608802556991577,-3.32171156895614
R676L:L705I,0.493635892868042,-0.0790763811437597
R676L:L705P,-0.6598519086837769,-3.94861186907609
R676L:M706I,1.8393874168395996,-2.76334202514257
R676L:M706K,-2.4464938640594482,-4.41471337222091
R676L:M706L,1.0723598003387451,-3.83399121802753
R676L:M706T,1.5466248989105225,-3.82532925085458
R676L:M706V,2.307337760925293,-3.00548223558699
R676L:N698D,-0.20908796787261963,-4.5235042248811
R676L:N698I,-1.086168885231018,-0.772064361654263
R676L:N698S,0.23420697450637817,-3.27405141660409
R676L:N698Y,-0.9942466020584106,-0.498649520191284
R676L:Q686H,0.1578369140625,-1.16987784986012
R676L:Q686K,0.7133206129074097,-3.02348702208736
R676L:Q686L,-0.2775399684906006,-2.21234377005543
R676L:Q686R,0.5604217052459717,-2.65165220924288
R676L:S679A,0.20182478427886963,-2.44958855736855
R676L:S679P,0.08734655380249023,-0.565967932102858
R676L:S679T,0.00859975814819336,-0.896595601643961
R676L:S697L,1.116809904575348,-1.14173550483202
R676L:S697P,-0.03172624111175537,-3.79951897538589
R676L:S697T,0.09679114818572998,-1.51836983575185
R676L:V683A,0.25050950050354004,-0.753417292061553
R676L:V683D,0.5236815214157104,-1.6822211723165
R676L:V683G,0.36149871349334717,-0.744840465130124
R676L:V683I,0.057808876037597656,-1.10386947341614
R676L:V689A,0.5913190841674805,-1.61050187509493
R676L:V689E,0.8562074899673462,-2.26015921921658
R676L:V689M,-0.1320972442626953,-0.614520764676649
R676L:V695A,0.5235414505004883,-0.279376509628643
R676L:V695E,0.9432122707366943,-2.18016579536831
R676L:V695M,-0.2690913677215576,-1.44991513827659
R676L:V707A,-0.7163592576980591,-2.42243189947128
R676L:V707E,-3.9123551845550537,-4.40564538510441
R676L:V707M,-1.7676441669464111,-1.46189107141618
R676L:V710A,0.12195563316345215,-3.81847694241658
R676L:V710D,-3.609510660171509,-5.13522521501769
R676L:V710I,0.12261462211608887,0.0085737784108861
R676L:V710L,0.09185934066772461,-4.68590377843864
R676L:V711A,-0.24914288520812988,-3.32118834911021
R676L:V711D,-3.8542263507843018,-4.93986158247938
R676L:V711I,-0.06265723705291748,-2.36829760207995
R676L:Y681C,-0.9625856876373291,-1.14418605072425
R676L:Y681F,0.43753480911254883,-1.66089190575662
R676L:Y681H,0.6167192459106445,-0.298620119326768
R676L:Y681N,0.8299998044967651,-1.02995347543674
R676M,-0.6499733924865723,0.598622191679781
R676N,-0.07413768768310547,-0.273122584183833
R676P,0.19635486602783203,-1.0113884934026331
R676P:A701V,0.165976881980896,1.09722011232137
R676P:A713V,0.4288857579231262,-0.311173700018347
R676P:D694E,0.21941137313842773,-0.826905418184428
R676P:D694G,-0.15897750854492188,-0.462683268610313
R676P:E682D,0.21377229690551758,-2.40357066448472
R676P:E682G,0.10970938205718994,-0.0421910440989928
R676P:E682V,-0.030835270881652832,-2.30328845151477
R676P:E693D,0.057570815086364746,-0.338654116456977
R676P:F690L,0.47021055221557617,-1.52005259874437
R676P:F690Y,0.3444242477416992,-3.79633385944756
R676P:F691L,0.46280479431152344,-2.39470373105523
R676P:H684Q,0.3336097002029419,-3.01943046286711
R676P:H684R,0.3069286346435547,-1.26411922460717
R676P:H685Q,0.2872159481048584,-1.83099153336042
R676P:H685R,0.33259129524230957,-3.70396899756541
R676P:I712L,0.527839183807373,-3.32834136992364
R676P:K687E,0.2814755439758301,-2.35136035400926
R676P:K687I,-1.016998291015625,-4.62911355760537
R676P:K699R,-0.10043704509735107,-2.44574863077005
R676P:L688M,-0.16733407974243164,-2.85667381417439
R676P:L688S,0.9322037696838379,-1.37628927603951
R676P:L705H,-2.7711048126220703,-4.0313668566089
R676P:N698I,-1.2484711408615112,-1.37960076327528
R676P:N698Y,-1.1565488576889038,-1.56607124149534
R676P:Q686H,-0.004465341567993164,-2.25876479493636
R676P:S679P,-0.07495570182800293,-0.316457507020395
R676P:S679T,-0.1537024974822998,-3.32834136992364
R676P:V707A,-0.8786615133285522,0.0581305432963036
R676P:V707E,-4.074657440185547,-3.7789572912007
R676P:V710D,-3.771812915802002,-3.27650657376791
R676Q,0.08720088005065918,-0.7698615727608236
R676Q:A692E,0.8221035599708557,-2.91739679605085
R676Q:A692T,0.0734872817993164,-1.01874835056565
R676Q:A692V,-0.08408892154693604,0.267164713461358
R676Q:A701E,-1.1043111085891724,-3.75338691274002
R676Q:A701G,-0.7256292104721069,-2.62814363136703
R676Q:A701S,-0.7907005548477173,-3.37650715637858
R676Q:A701T,-0.2520054578781128,0.583609192902966
R676Q:A701V,0.11139988899230957,1.03979835209898
R676Q:A713G,-0.670674204826355,-4.05374941270181
R676Q:A713S,-1.0329514741897583,-0.10137655657108
R676Q:A713T,-0.681038498878479,-0.556090469574666
R676Q:A713V,0.3743087649345398,-0.0965757326680138
R676Q:D678E,0.13367211818695068,0.378127555871099
R676Q:D678G,-0.0017675161361694336,-1.47029479066278
R676Q:D678V,-0.04054892063140869,-0.261310782887828
R676Q:D678Y,-0.5756258964538574,-0.563784344239876
R676Q:D694E,0.1648343801498413,0.330186413352672
R676Q:D694G,-0.2135545015335083,0.777101184744369
R676Q:D694V,-0.25488173961639404,-2.13523823783461
R676Q:E682D,0.15919530391693115,-1.34093841645965
R676Q:E682G,0.055132389068603516,0.275489420910356
R676Q:E682K,-0.12717092037200928,-0.693891259314007
R676Q:E682V,-0.08541226387023926,-0.772991687633057
R676Q:E693D,0.0029938220977783203,-0.372583377060728
R676Q:E693G,-0.24125850200653076,1.92937095150021
R676Q:E693V,-0.8237088918685913,-0.291897701913213
R676Q:F690I,0.09225237369537354,0.183260527822097
R676Q:F690L,0.41563355922698975,-1.18166222092325
R676Q:F690S,1.3857771158218384,-2.59621657115826
R676Q:F690V,0.5248059034347534,-1.98610459334244
R676Q:F690Y,0.2898472547531128,-2.31160848850619
R676Q:F691I,0.2442387342453003,0.199501674018943
R676Q:F691L,0.408227801322937,-1.82903480066271
R676Q:F691S,1.0521996021270752,-2.69364236803404
R676Q:F691Y,0.03337967395782471,-0.211449377357227
R676Q:G680E,0.3115670680999756,-2.79065370683075
R676Q:G680V,-0.057591915130615234,-1.41368661994249
R676Q:G696C,-1.2943730354309082,-1.47309821366231
R676Q:G696D,-0.2023324966430664,-2.65145471023547
R676Q:G696S,0.2564530372619629,-1.4878248324478
R676Q:G696V,-0.32671308517456055,0.237805318808
R676Q:G700C,-3.134982705116272,-1.10555670049533
R676Q:G700D,-1.8363089561462402,-3.60936925040038
R676Q:G700R,-1.6448432207107544,-4.69810642909232
R676Q:G700S,-1.2323821783065796,-4.18728080532633
R676Q:G704E,-3.473833680152893,-3.52769782385197
R676Q:G704R,-3.2670639753341675,-3.29502452331427
R676Q:G704V,-2.1898916959762573,-4.59437976110561
R676Q:G708C,-1.289368748664856,-1.68322248591096
R676Q:G708D,-3.3853524923324585,-3.98168066546433
R676Q:G708S,-0.7298580408096313,-5.26720096098228
R676Q:G708V,-0.334203839302063,-4.48834460620096
R676Q:G709C,-0.6056622266769409,-2.05716753208741
R676Q:G709D,-3.0513535737991333,-2.90467914659424
R676Q:G709S,-0.5077822208404541,-3.65814704571723
R676Q:H677L,0.2764981985092163,-4.23571681161227
R676Q:H677Q,0.27661430835723877,-0.486748566135788
R676Q:H677R,0.48533952236175537,-1.02858848870521
R676Q:H677Y,-0.08284330368041992,-2.1946058775744
R676Q:H684L,0.3350398540496826,-1.956988166714
R676Q:H684N,0.2722052335739136,-2.01613877724698
R676Q:H684Q,0.27903270721435547,-1.28272473577128
R676Q:H684R,0.25235164165496826,-0.943724102207306
R676Q:H684Y,-0.3201413154602051,-0.627983221229049
R676Q:H685L,-0.09053778648376465,-0.885339426492317
R676Q:H685P,0.45258116722106934,-0.459512258025672
R676Q:H685Q,0.23263895511627197,-1.66418505461288
R676Q:H685R,0.27801430225372314,-0.230825651264404
R676Q:H685Y,-0.4772191047668457,-2.14842661969477
R676Q:I702F,-1.302902340888977,-2.87939221540116
R676Q:I702N,-2.173054575920105,-1.48340894047228
R676Q:I702T,-1.4249621629714966,-2.28890270871375
R676Q:I702V,-0.47683000564575195,-1.97839293962426
R676Q:I703F,-1.631144642829895,-2.95885390923623
R676Q:I703N,-3.280765175819397,-4.15624968599728
R676Q:I703T,-1.369102120399475,-4.08684266977592
R676Q:I703V,-0.2505439519882202,-2.07314849442429
R676Q:I712K,-3.6763826608657837,-3.41266455147596
R676Q:I712L,0.4732621908187866,-3.02392590122558
R676Q:I712M,-0.7348983287811279,-2.95081573813655
R676Q:I712T,-0.801922082901001,-4.23600356771073
R676Q:I712V,0.3150588274002075,-2.58568946504356
R676Q:K687E,0.22689855098724365,-1.92282406570064
R676Q:K687I,-1.0715752840042114,-3.05795654822954
R676Q:K687N,0.037094712257385254,0.221317536632891
R676Q:K687Q,-0.088287353515625,-2.90917635806134
R676Q:K687R,-0.03628098964691162,-2.04492898083599
R676Q:K699E,-0.577491283416748,-1.78290849051547
R676Q:K699I,0.024480462074279785,-2.9078057959908
R676Q:K699N,-0.38359498977661133,-1.56989806364971
R676Q:K699R,-0.1550140380859375,-1.39631161475104
R676Q:L688F,-0.2921406030654907,0.288478953326998
R676Q:L688M,-0.22191107273101807,-0.307697187851565
R676Q:L688S,0.8776267766952515,-0.232341112348078
R676Q:L705F,-0.540987491607666,-2.42227028656984
R676Q:L705H,-2.8256818056106567,-2.98569164429468
R676Q:L705P,-0.8767311573028564,-3.33324702460035
R676Q:L705V,0.07356798648834229,-1.29690904743016
R676Q:M706I,1.62250816822052,-3.17386438823907
R676Q:M706K,-2.663373112678528,-3.83560044376739
R676Q:M706L,0.8554805517196655,-3.68914645363935
R676Q:M706T,1.3297456502914429,-4.07676688455924
R676Q:M706V,2.0904585123062134,-3.0129311138826
R676Q:N698D,-0.4259672164916992,-4.59413139719351
R676Q:N698H,-0.592456579208374,-2.90917635806134
R676Q:N698I,-1.3030481338500977,-0.585969773970617
R676Q:N698S,0.017327725887298584,-3.50786772074008
R676Q:N698Y,-1.2111258506774902,-0.184829708742323
R676Q:Q686H,-0.05904233455657959,0.193268790847946
R676Q:Q686K,0.4964413642883301,-1.55820585420259
R676Q:Q686L,-0.4944192171096802,-1.43767985619046
R676Q:Q686R,0.3435424566268921,-2.71009626727375
R676Q:S679P,-0.12953269481658936,-0.895451528016957
R676Q:S679T,-0.20827949047088623,-0.669763169047256
R676Q:S697L,0.8999306559562683,-0.688403352214326
R676Q:S697P,-0.24860548973083496,-3.26264318899951
R676Q:S697T,-0.12008810043334961,-0.717414165150408
R676Q:V683A,0.03363025188446045,-0.515452514896429
R676Q:V683D,0.30680227279663086,-0.75697116927838
R676Q:V683I,-0.15907037258148193,-2.07384832585304
R676Q:V683L,-0.03998136520385742,-2.40162407539911
R676Q:V689A,0.3744398355484009,-2.05098137568264
R676Q:V689E,0.6393282413482666,-0.815156096601974
R676Q:V689G,0.6604355573654175,-2.21319977930432
R676Q:V689M,-0.3489764928817749,-0.854156678752829
R676Q:V695A,0.3066622018814087,-0.760601383249309
R676Q:V695E,0.7263330221176147,-2.10531689206412
R676Q:V695M,-0.4859706163406372,-1.0036472507107
R676Q:V707A,-0.9332385063171387,-3.88687406796182
R676Q:V707E,-4.129234433174133,-3.69677470377194
R676Q:V707M,-1.9845234155654907,-0.372273638643425
R676Q:V710A,-0.09492361545562744,-3.99338366270325
R676Q:V710D,-3.8263899087905884,-3.4507025078385
R676Q:V710I,-0.09426462650299072,-0.166027506609299
R676Q:V710L,-0.12501990795135498,-3.89959873287455
R676Q:V711A,-0.4660221338272095,-3.71764582190604
R676Q:V711D,-4.071105599403381,-3.27748895310775
R676Q:V711I,-0.27953648567199707,-2.80186727813602
R676Q:Y681C,-1.1794649362564087,-1.01135359511566
R676Q:Y681F,0.22065556049346924,-1.2545611421526
R676Q:Y681H,0.39983999729156494,-1.65742229504805
R676Q:Y681N,0.6131205558776855,-0.296536298523543
R676S,0.8218131065368652,-0.3956666865554609
R676T,0.38118767738342285,-1.671484489875651
R676V,0.6933858394622803,0.293005436915395
R676W,-2.2347540855407715,-0.8746753916511405
R676Y,-0.5914905071258545,-1.61126794036285
S679A,-0.1173098087310791,0.1447627355465528
S679A:E682D,0.05693995952606201,-0.756592598121204
S679A:F690I,-0.010002970695495605,0.158378185176678
S679A:F691L,0.30597245693206787,-0.867346387742939
S679A:F691Y,-0.06887567043304443,-2.31782156685384
S679A:G680R,-0.2570059299468994,0.573186887281389
S679A:G708D,-3.4876078367233276,-4.97320971933724
S679A:G709C,-0.7079175710678101,-1.43901085712544
S679A:H684L,0.23278450965881348,-2.04224198116068
S679A:H685L,-0.1927931308746338,0.356769685981117
S679A:H685Q,0.13038361072540283,-0.528968322518735
S679A:K687R,-0.13853633403778076,-2.4240652387756
S679A:K699R,-0.25726938247680664,-2.44360120104448
S679A:M706V,1.9882031679153442,-3.81383117776768
S679A:N698D,-0.5282225608825684,-3.06912305417479
S679A:Q686R,0.24128711223602295,-3.42310292040669
S679A:V689E,0.5370728969573975,-1.73094752798238
S679A:V689M,-0.45123183727264404,-2.09894190964157
S679A:V695E,0.6240776777267456,-0.809689846057369
S679A:V710D,-3.9286452531814575,-3.88092739855141
S679A:V711D,-4.1733609437942505,-4.40132388958964
S679C,-3.433288097381592,-2.64207641487877
S679D,0.6086153984069824,-0.0608582267063321
S679E,0.39934825897216797,-0.426532196511741
S679F,-0.9379479885101318,0.756255910972066
S679G,-0.03660917282104492,0.419908587310927
S679H,-0.8400516510009766,0.932273757582391
S679I,-0.9686343669891357,-0.208720287846693
S679K,-0.4906883239746094,-0.380935662564572
S679L,-0.45863771438598633,-1.243484852813306
S679L:A692T,-0.19943201541900635,-2.4240652387756
S679L:A692V,-0.3570082187652588,-1.67160249687158
S679L:A701T,-0.5249247550964355,0.0572969991382261
S679L:A701V,-0.16151940822601318,0.886074961956864
S679L:A713S,-1.305870771408081,-2.04530228135294
S679L:A713T,-0.9539577960968018,-1.01744915666225
S679L:A713V,0.10138946771621704,-0.454230132899255
S679L:D694E,-0.10808491706848145,1.20561148065975
S679L:E682D,-0.1137239933013916,-0.447162659138606
S679L:E682G,-0.21778690814971924,-0.0576679264927495
S679L:E693D,-0.26992547512054443,-0.695169169588014
S679L:E693G,-0.5141777992248535,1.19001317682048
S679L:F690I,-0.18066692352294922,1.09114777636792
S679L:F690L,0.142714262008667,-1.52938775960601
S679L:F691I,-0.02868056297302246,-0.0425580103706988
S679L:F691L,0.13530850410461426,-1.37657661207777
S679L:F691Y,-0.23953962326049805,-0.943486760958353
S679L:G680R,-0.427669882774353,-0.167334533158087
S679L:G696C,-1.567292332649231,-0.739328521329792
S679L:G700C,-3.4079020023345947,-2.14109648540298
S679L:G700D,-2.109228253364563,-4.68590377843864
S679L:G704R,-3.5399832725524902,-2.78668222812859
S679L:G708C,-1.5622880458831787,-1.01591619517179
S679L:G708V,-0.6071231365203857,-4.90782696007439
S679L:G709C,-0.8785815238952637,-1.25070240056351
S679L:G709D,-3.324272871017456,-3.09897896742333
S679L:H684L,0.06212055683135986,-3.3524724906801
S679L:H684Q,0.006113409996032715,-1.90947160372034
S679L:H684R,-0.020567655563354492,-1.3247629829015
S679L:H685L,-0.3634570837020874,-1.22624516378319
S679L:H685Q,-0.04028034210205078,-1.91600450750804
S679L:H685R,0.005095005035400391,-2.25304670131629
S679L:I702V,-0.7497493028640747,-2.3506169120384
S679L:I712K,-3.9493019580841064,-3.47300093702278
S679L:I712L,0.20034289360046387,-2.82491125048806
S679L:I712M,-1.0078176259994507,-4.15124165588072
S679L:I712V,0.042139530181884766,-3.8182970215532
S679L:K687E,-0.0460207462310791,-1.96057299617564
S679L:K687I,-1.3444945812225342,-3.89702486908138
S679L:K687N,-0.2358245849609375,-0.80443256233237
S679L:K699E,-0.8504105806350708,-3.99980667380813
S679L:K699I,-0.24843883514404297,-1.4921240711654
S679L:K699N,-0.6565142869949341,-0.863299376930799
S679L:K699R,-0.42793333530426025,-1.51814035165209
S679L:L688M,-0.4948303699493408,-0.368898934787886
S679L:L688S,0.6047074794769287,-0.728267230009895
S679L:L705H,-3.0986011028289795,-3.70935255245308
S679L:M706I,1.3495888710021973,-1.59630601765345
S679L:M706K,-2.9362924098968506,-4.59274591343449
S679L:M706L,0.5825612545013428,-3.65025391697761
S679L:M706T,1.0568263530731201,-3.79633385944756
S679L:M706V,1.8175392150878906,-3.45157401034759
S679L:N698D,-0.698886513710022,-3.90613417165349
S679L:N698I,-1.5759674310684204,-1.14007889963969
S679L:N698S,-0.25559157133102417,-4.88042798588627
S679L:N698Y,-1.484045147895813,0.0531636297315979
S679L:Q686H,-0.33196163177490234,-0.853517744591926
S679L:Q686L,-0.7673385143280029,-1.4635893050316
S679L:Q686R,0.07062315940856934,-2.59203743261667
S679L:S697P,-0.5215247869491577,-3.42499314646023
S679L:S697T,-0.39300739765167236,-1.08355643030773
S679L:V683A,-0.2392890453338623,-0.959166703951914
S679L:V683D,0.033882975578308105,-1.52829212914623
S679L:V683I,-0.4319896697998047,-0.891443939322
S679L:V689A,0.10152053833007812,-2.50550390052176
S679L:V689E,0.36640894412994385,-0.617894636671511
S679L:V689M,-0.6218957901000977,-1.56122047115424
S679L:V695A,0.03374290466308594,-1.03275090325709
S679L:V695E,0.453413724899292,-1.08497851397959
S679L:V695G,0.22354459762573242,-0.342748041500599
S679L:V695M,-0.75888991355896,-1.25344536159889
S679L:V707E,-4.402153730392456,-1.51446657401289
S679L:V710D,-4.099309206008911,-4.89422130801861
S679L:V711A,-0.7389414310455322,-4.51118606979191
S679L:V711D,-4.344024896621704,-3.70577744693297
S679L:Y681C,-1.4523842334747314,-0.226866886697666
S679L:Y681F,-0.052263736724853516,-0.471488701831728
S679L:Y681H,0.1269207000732422,-0.1350540227587
S679L:Y681N,0.3402012586593628,-1.99369761387048
S679M,-1.5207581520080566,-0.152517383517894
S679N,-0.3637692928314209,-0.521216917462494
S679P,-0.3462662696838379,-0.4736821933216809
S679P:A692S,0.14794516563415527,-0.671773710053608
S679P:A692T,-0.14324629306793213,-0.236037086744901
S679P:A701T,-0.46873903274536133,0.945684134935906
S679P:A701V,-0.10533368587493896,2.36021575900854
S679P:A713S,-1.2496850490570068,0.234001022236342
S679P:A713T,-0.8977720737457275,-0.25267676955986
S679P:A713V,0.15757519006729126,0.758201772325601
S679P:D694E,-0.05189919471740723,-0.0268121932768633
S679P:D694G,-0.43028807640075684,0.92998530000485
S679P:D694V,-0.4716153144836426,-4.21012663756489
S679P:E682D,-0.05753827095031738,0.442512714970657
S679P:E682G,-0.16160118579864502,0.698222299777769
S679P:E682K,-0.3439044952392578,-0.924526968996465
S679P:E682V,-0.3021458387374878,0.169865707502884
S679P:E693D,-0.21373975276947021,0.455740579046878
S679P:E693G,-0.4579920768737793,2.46509893395941
S679P:E693V,-1.0404424667358398,0.489328592536984
S679P:F690I,-0.124481201171875,1.04603076412611
S679P:F690L,0.1988999843597412,-0.450464743446267
S679P:F690S,1.1690435409545898,-2.33836292225833
S679P:F690V,0.3080723285675049,-0.626637307390241
S679P:F690Y,0.07311367988586426,-0.738380221280178
S679P:F691I,0.027505159378051758,0.622519895411903
S679P:F691L,0.19149422645568848,-0.452086526516977
S679P:F691S,0.8354660272598267,-1.03323555820287
S679P:F691Y,-0.18335390090942383,0.465452107634377
S679P:G680E,0.09483349323272705,0.661454562696436
S679P:G696A,-0.33328449726104736,-2.26630960461827
S679P:G696C,-1.5111066102981567,-1.46196403012594
S679P:G696D,-0.41906607151031494,-3.24715727537941
S679P:G696R,-0.41178882122039795,-3.37060037651974
S679P:G696S,0.039719462394714355,-0.816213805584163
S679P:G700C,-3.3517162799835205,-0.25569612534454
S679P:G700D,-2.0530425310134888,-3.31563807958995
S679P:G704R,-3.483797550201416,-2.19439035939864
S679P:G708C,-1.5061023235321045,-0.833196606083153
S679P:G708D,-3.602086067199707,-3.64371274178587
S679P:G708S,-0.9465916156768799,-2.69111875862133
S679P:G708V,-0.5509374141693115,-3.06304406018449
S679P:G709C,-0.8223958015441895,-0.831505758018096
S679P:G709D,-3.268087148666382,-2.29088631075717
S679P:G709S,-0.7245157957077026,-1.73776233557139
S679P:H684L,0.11830627918243408,-1.04103987651669
S679P:H684N,0.05547165870666504,0.489642709831251
S679P:H684Q,0.062299132347106934,-0.742647162572775
S679P:H684R,0.03561806678771973,-0.5129402930654
S679P:H684Y,-0.5368748903274536,-0.58960338529336
S679P:H685L,-0.3072713613510132,0.160362184014862
S679P:H685Q,0.015905380249023438,-1.23246622284553
S679P:H685R,0.06128072738647461,-0.23615079852024
S679P:H685Y,-0.6939526796340942,-0.538790670999263
S679P:I702F,-1.5196359157562256,-2.30328845151477
S679P:I702N,-2.3897881507873535,-2.2481996651314
S679P:I702T,-1.6416957378387451,-0.944688453840812
S679P:I702V,-0.6935635805130005,-1.21644082562459
S679P:I703F,-1.8478782176971436,-3.19503399573947
S679P:I703N,-3.4974987506866455,-2.74022446753779
S679P:I703T,-1.5858356952667236,-3.28118025148065
S679P:I703V,-0.46727752685546875,-2.54774319156896
S679P:I712K,-3.8931162357330322,-4.11658809756165
S679P:I712L,0.2565286159515381,-1.50230269742537
S679P:I712M,-0.9516319036483765,-2.2440300646845
S679P:I712T,-1.0186556577682495,-3.67740274245114
S679P:I712V,0.09832525253295898,-3.66144758339532
S679P:K687E,0.010164976119995117,-1.61403778862475
S679P:K687I,-1.28830885887146,-2.76573115837023
S679P:K687N,-0.17963886260986328,0.148574185080057
S679P:K687R,-0.25301456451416016,-0.0944171074123138
S679P:K699E,-0.7942248582839966,-3.03472079744841
S679P:K699I,-0.19225311279296875,-1.56604204789763
S679P:K699N,-0.6003285646438599,0.494260028206391
S679P:K699R,-0.37174761295318604,-0.97970257331455
S679P:L688F,-0.5088741779327393,0.773432671927299
S679P:L688M,-0.4386446475982666,0.166694629448899
S679P:L688S,0.6608932018280029,0.0085198795962765
S679P:L705F,-0.7577210664749146,-0.329593895721914
S679P:L705H,-3.0424153804779053,-3.08867581831252
S679P:L705P,-1.093464732170105,-2.25948214642109
S679P:M706I,1.4057745933532715,-2.48706031561421
S679P:M706K,-2.8801066875457764,-3.34607642187839
S679P:M706L,0.638746976852417,-2.71824924905119
S679P:M706T,1.1130120754241943,-3.48644099936763
S679P:M706V,1.8737249374389648,-1.66502592350785
S679P:N698D,-0.6427007913589478,-3.74864154993105
S679P:N698I,-1.5197817087173462,-0.107916287143407
S679P:N698S,-0.19940584897994995,-1.43649180957921
S679P:N698Y,-1.4278594255447388,0.334361442461106
S679P:Q686H,-0.2757759094238281,-0.869325166702683
S679P:Q686L,-0.7111527919769287,0.247202420206262
S679P:Q686P,0.1762561798095703,1.56016593655293
S679P:Q686R,0.12680888175964355,-2.66669125646498
S679P:S697P,-0.4653390645980835,-2.61739599387011
S679P:S697T,-0.33682167530059814,0.123887906105902
S679P:V683A,-0.18310332298278809,-0.0027526571549847
S679P:V683D,0.09006869792938232,-0.170404614145674
S679P:V683I,-0.37580394744873047,0.464995990178867
S679P:V689A,0.15770626068115234,-0.905601122087597
S679P:V689E,0.42259466648101807,-0.149271326570073
S679P:V689M,-0.5657100677490234,-0.158470196806574
S679P:V695A,0.08992862701416016,0.220185062750203
S679P:V695E,0.5095994472503662,-1.35491100648739
S679P:V695M,-0.7027041912078857,-1.02756050252138
S679P:V707A,-1.1499720811843872,-2.28845513325731
S679P:V707E,-4.345968008041382,-3.49444932084477
S679P:V707L,-1.1141515970230103,-0.335497880275539
S679P:V707M,-2.2012569904327393,0.308566305516214
S679P:V710A,-0.311657190322876,-3.52440274727208
S679P:V710D,-4.043123483657837,-4.09542100691099
S679P:V710I,-0.31099820137023926,-0.400310656738015
S679P:V711A,-0.682755708694458,-4.2090780289905
S679P:V711D,-4.28783917427063,-4.15883181212171
S679P:V711I,-0.4962700605392456,-1.95883814280509
S679P:Y681C,-1.3961985111236572,-0.867861065581465
S679P:Y681F,0.003921985626220703,-0.0981897347130267
S679P:Y681H,0.1831064224243164,-0.53809679901572
S679P:Y681N,0.396386981010437,-0.83691680259251
S679Q,-0.7408270835876465,0.885022177579253
S679R,-0.7132871150970459,0.351839677278019
S679T,-0.5037598609924316,-0.487348956083809
S679T:A692E,0.5266231894493103,-2.35601284205465
S679T:A692S,0.0691983699798584,-2.17615850762397
S679T:A692T,-0.221993088722229,-0.901109982820605
S679T:A692V,-0.37956929206848145,0.676194334912118
S679T:A701E,-1.3997914791107178,-3.43132726578033
S679T:A701G,-1.0211095809936523,-1.28996844216315
S679T:A701P,-1.0561392307281494,-1.97324910967373
S679T:A701T,-0.5474858283996582,1.04303148805992
S679T:A701V,-0.18408048152923584,1.62432546793249
S679T:A713E,-3.6755170822143555,-3.7231328235458
S679T:A713S,-1.3284318447113037,-0.845567219876128
S679T:A713T,-0.9765188694000244,0.0276581288840209
S679T:A713V,0.07882839441299438,0.222660647631786
S679T:D694E,-0.1306459903717041,0.911807380694761
S679T:D694G,-0.5090348720550537,0.977024497783339
S679T:D694N,-0.42992544174194336,0.645759646021115
S679T:D694V,-0.5503621101379395,-3.46148385729926
S679T:E682D,-0.13628506660461426,0.259004656987525
S679T:E682G,-0.2403479814529419,0.56102611851737
S679T:E682V,-0.38089263439178467,0.148590125414562
S679T:E693D,-0.2924865484237671,0.282228395366482
S679T:E693G,-0.5367388725280762,1.89116318204746
S679T:E693V,-1.1191892623901367,0.522629900584674
S679T:F690I,-0.20322799682617188,0.972703974646138
S679T:F690L,0.12015318870544434,-0.583217221081839
S679T:F690Y,-0.005633115768432617,-2.05722688233944
S679T:F691C,-1.1671314239501953,-3.07186139834184
S679T:F691I,-0.05124163627624512,0.537665938630372
S679T:F691L,0.1127474308013916,-0.434570883431254
S679T:F691S,0.7567192316055298,-0.504664777839781
S679T:F691Y,-0.2621006965637207,-0.437442605921312
S679T:G680R,-0.4502309560775757,-0.918255196772656
S679T:G696A,-0.41203129291534424,-2.36474967743152
S679T:G696C,-1.5898534059524536,-0.735786737192895
S679T:G696D,-0.4978128671646118,-3.10358698285705
S679T:G696S,-0.03902733325958252,-0.743872389775227
S679T:G700C,-3.4304630756378174,-0.754132020495754
S679T:G700D,-2.1317893266677856,-3.93353849074844
S679T:G704E,-3.7693140506744385,-3.88885859308012
S679T:G704R,-3.562544345855713,-3.34091334265602
S679T:G708C,-1.5848491191864014,-1.08084681545174
S679T:G708D,-3.680832862854004,-3.27554319902694
S679T:G708S,-1.0253384113311768,-3.13433180710908
S679T:G708V,-0.6296842098236084,-3.68903677346591
S679T:G709C,-0.9011425971984863,-1.82563825002004
S679T:G709D,-3.3468339443206787,-1.69437397251313
S679T:G709S,-0.8032625913619995,-2.39873509030794
S679T:H684L,0.03955948352813721,-2.08139185035984
S679T:H684N,-0.023275136947631836,0.657594499013578
S679T:H684Q,-0.01644766330718994,-0.433803524205318
S679T:H684R,-0.04312872886657715,-0.357125895999459
S679T:H684Y,-0.6156216859817505,1.18799760235784
S679T:H685L,-0.38601815700531006,-0.997953169337325
S679T:H685N,-0.04400193691253662,-1.19461726166042
S679T:H685Q,-0.06284141540527344,-0.317679506637453
S679T:H685R,-0.017466068267822266,-1.11294509289445
S679T:H685Y,-0.7726994752883911,-2.32652846461132
S679T:I702F,-1.5983827114105225,-1.90257703304309
S679T:I702N,-2.4685349464416504,-2.73596582774516
S679T:I702T,-1.720442533493042,-1.02422236174394
S679T:I702V,-0.7723103761672974,-1.48246980275491
S679T:I703F,-1.9266250133514404,-3.91879214225087
S679T:I703N,-3.5762455463409424,-3.04640646382776
S679T:I703T,-1.6645824909210205,-3.92194242774615
S679T:I703V,-0.5460243225097656,-2.04363985457216
S679T:I712K,-3.971863031387329,-3.36921927694484
S679T:I712L,0.1777818202972412,-2.16389826411354
S679T:I712M,-1.0303786993026733,-2.03016856647098
S679T:I712T,-1.0974024534225464,-3.92204846852147
S679T:I712V,0.01957845687866211,-1.80872002548004
S679T:K687E,-0.06858181953430176,-0.608825690776305
S679T:K687I,-1.3670556545257568,-2.65899071923454
S679T:K687N,-0.25838565826416016,0.301855354805896
S679T:K687R,-0.33176136016845703,-0.846281112990905
S679T:K699E,-0.8729716539382935,-1.64163400986282
S679T:K699I,-0.2709999084472656,-0.641221063856829
S679T:K699N,-0.6790753602981567,-0.493758182221236
S679T:K699R,-0.4504944086074829,-0.905510954970744
S679T:L688F,-0.5876209735870361,0.678089149620226
S679T:L688M,-0.5173914432525635,-0.127192450775122
S679T:L688S,0.582146406173706,-0.426485730501796
S679T:L705F,-0.8364678621292114,-0.337653373969554
S679T:L705H,-3.121162176132202,-3.47012297142974
S679T:L705I,-0.018723726272583008,1.58474425942612
S679T:L705P,-1.1722115278244019,-3.81066205921692
S679T:M706I,1.3270277976989746,-2.24681668414008
S679T:M706K,-2.9588534832000732,-5.39651128873363
S679T:M706L,0.5600001811981201,-3.13788546969709
S679T:M706T,1.0342652797698975,-4.23325571238321
S679T:M706V,1.794978141784668,-2.24297233206124
S679T:N698D,-0.7214475870132446,-3.23286488251424
S679T:N698I,-1.598528504371643,0.0524321116233678
S679T:N698S,-0.2781526446342468,-2.04466330039545
S679T:N698Y,-1.5066062211990356,0.0649159012902832
S679T:Q686H,-0.354522705078125,-1.35005668196558
S679T:Q686K,0.20096099376678467,-0.317874403730278
S679T:Q686L,-0.7898995876312256,-0.236077243654044
S679T:Q686P,0.09750938415527344,-0.0130810996016761
S679T:Q686R,0.04806208610534668,-3.29804124214638
S679T:S697L,0.6044502854347229,-1.39538036965446
S679T:S697P,-0.5440858602523804,-3.36142887958418
S679T:S697T,-0.415568470954895,-0.0900296869778805
S679T:V683A,-0.26185011863708496,-0.104325032873117
S679T:V683D,0.01132190227508545,-0.143483197805585
S679T:V683G,-0.15086090564727783,-2.75928681553788
S679T:V683I,-0.45455074310302734,-2.54572433966669
S679T:V689A,0.07895946502685547,-1.55958972785332
S679T:V689E,0.3438478708267212,-1.53525302146648
S679T:V689M,-0.6444568634033203,-0.284030341276143
S679T:V695A,0.011181831359863281,-0.313315443946263
S679T:V695E,0.43085265159606934,-0.932973428732403
S679T:V695G,0.20098352432250977,-0.0556794449766822
S679T:V695M,-0.7814509868621826,-0.639181645609314
S679T:V707A,-1.228718876838684,-1.82812766516639
S679T:V707E,-4.424714803695679,-3.67423141567628
S679T:V707M,-2.280003786087036,-0.626101680468826
S679T:V710A,-0.39040398597717285,-3.35336000107336
S679T:V710D,-4.121870279312134,-3.83553875633214
S679T:V710I,-0.38974499702453613,0.0260263762353532
S679T:V711A,-0.7615025043487549,-3.83936969941868
S679T:V711D,-4.366585969924927,-3.51599805014549
S679T:V711I,-0.5750168561935425,-2.57915168174369
S679T:Y681C,-1.474945306777954,0.708654332541491
S679T:Y681F,-0.07482481002807617,-1.64123789920986
S679T:Y681H,0.10435962677001953,-0.118984272644622
S679T:Y681N,0.31764018535614014,-0.0892534512019815
S679V,-0.3907341957092285,-1.57027184582436
S679W,-3.0111427307128906,0.238259001182493
S679Y,-1.008903980255127,0.1654751268015939
S697A,-0.4576222896575928,0.15718513784381
S697A:A713V,0.10189718008041382,-0.0815249881083841
S697A:G708C,-1.561780333518982,-2.32179300150537
S697A:I703T,-1.641513705253601,-5.01048111413447
S697A:I712L,0.20085060596466064,-2.67536023108903
S697A:I712M,-1.007309913635254,-2.63665707256044
S697A:I712T,-1.074333667755127,-4.47588173007259
S697A:K699N,-0.6560065746307373,0.165260425752765
S697A:K699R,-0.4274256229400635,-3.36060223214186
S697A:L705H,-3.0980933904647827,-4.0313668566089
S697A:L705V,-0.1988435983657837,0.290056009151878
S697A:N698Y,-1.4835374355316162,0.116784287877841
S697A:V707A,-1.2056500911712646,-4.69810642909232
S697A:V711D,-4.343517184257507,-5.11394120663363
S697C,-3.0594542026519775,-1.7047061450000451
S697D,-1.4474952220916748,-1.66927867729779
S697E,-0.947638750076294,-0.252027139322251
S697F,0.3643200397491455,-0.7425200081324885
S697G,-0.8624508380889893,-0.500271841096487
S697H,-1.5952003002166748,-0.50476167822128
S697I,0.635225772857666,-0.0030181492278229
S697K,-0.579509973526001,-1.3380525135179324
S697L,1.7126604318618774,0.0445354366682104
S697L:A701E,-0.29158133268356323,-3.76039895220872
S697L:A701S,0.022029221057891846,-2.94556767301755
S697L:A701T,0.5607243180274963,-0.362982737315796
S697L:A701V,0.9241296648979187,0.839267877929626
S697L:A713S,-0.22022169828414917,-0.615190562693841
S697L:A713T,0.13169127702713013,0.386636837157658
S697L:A713V,1.187038540840149,0.363774326303783
S697L:G700C,-2.322252929210663,-0.791202856788873
S697L:G700D,-1.023579180240631,-4.31733393357453
S697L:G700V,-0.9608455300331116,-0.209266439329633
S697L:G704R,-2.4543341994285583,-2.72402540307031
S697L:G708C,-0.4766389727592468,-1.65445364830268
S697L:G708D,-2.5726227164268494,-3.81673794164161
S697L:G708S,0.08287173509597778,-3.83972706235974
S697L:G708V,0.47852593660354614,-5.1784728453736
S697L:G709C,0.2070675492286682,-1.16625524599904
S697L:G709D,-2.238623797893524,-0.767252241252521
S697L:G709S,0.30494755506515503,-2.38713215361625
S697L:I702F,-0.4901725649833679,-2.80844525637216
S697L:I702N,-1.3603248000144958,-2.51437491646436
S697L:I702T,-0.6122323870658875,-2.95518815053525
S697L:I702V,0.3358997702598572,0.225325824654356
S697L:I703F,-0.8184148669242859,-3.71678535489134
S697L:I703N,-2.468035399913788,-5.25886961103995
S697L:I703T,-0.556372344493866,-4.11778836952307
S697L:I703V,0.5621858239173889,-2.58967735053923
S697L:I712K,-2.8636528849601746,-2.53617510684102
S697L:I712L,1.2859919667243958,-1.6961861251684
S697L:I712M,0.0778314471244812,-1.32266820206193
S697L:I712T,0.010807693004608154,-3.52825005767553
S697L:I712V,1.1277886033058167,-1.68732901644311
S697L:K699E,0.23523849248886108,-2.66717914158971
S697L:K699I,0.8372102379798889,-2.45912291339903
S697L:K699N,0.4291347861289978,-0.747021198907662
S697L:K699Q,0.31534165143966675,-0.18602666617024
S697L:K699R,0.6577157378196716,-0.328776969323472
S697L:L705F,0.2717422842979431,-1.23535115443073
S697L:L705H,-2.0129520297050476,-3.98679100655066
S697L:L705I,1.0894864201545715,0.29928433583669
S697L:L705P,-0.06400138139724731,-2.83854592833475
S697L:M706I,2.435237944126129,-2.94115523090862
S697L:M706K,-1.8506433367729187,-3.65228118094181
S697L:M706L,1.6682103276252747,-2.75748546069513
S697L:M706T,2.142475426197052,-3.67783582841454
S697L:M706V,2.9031882882118225,-2.11896886445953
S697L:N698D,0.3867625594139099,-3.9514325507926
S697L:N698I,-0.4903183579444885,-0.755747040891786
S697L:N698S,0.8300575017929077,-2.05557841717514
S697L:N698Y,-0.3983960747718811,0.445643895724173
S697L:V707A,-0.12050873041152954,-1.06154238136424
S697L:V707E,-3.316504657268524,-4.00264558391522
S697L:V707M,-1.1717936396598816,-0.687685744166674
S697L:V710D,-3.0136601328849792,-4.03617103405052
S697L:V710I,0.7184651494026184,0.114012237536463
S697L:V711A,0.34670764207839966,-3.34221857493817
S697L:V711D,-3.258375823497772,-3.97929676453405
S697L:V711I,0.5331932902336121,-2.48853885614827
S697L:V711L,0.8055911660194397,-3.34460189079542
S697M,0.6049997806549072,-0.558746651609876
S697N,-1.0063226222991943,1.01280677293007
S697P,-0.5844118595123291,-2.84178454352461
S697P:A701E,-1.4401174783706665,-4.77814913676586
S697P:A701P,-1.0964652299880981,-1.54014068523807
S697P:A701S,-1.1265069246292114,-3.74009780895882
S697P:A701T,-0.5878118276596069,-1.4126240365219
S697P:A701V,-0.22440648078918457,0.340764265635845
S697P:A713E,-3.715843081474304,-3.88092739855141
S697P:A713G,-1.0064805746078491,-4.36186508927536
S697P:A713S,-1.3687578439712524,-2.51608937961707
S697P:A713T,-1.0168448686599731,-1.2942296599426
S697P:A713V,0.038502395153045654,-1.35658843738897
S697P:G700C,-3.470789074897766,-2.07321874073809
S697P:G700D,-2.1721153259277344,-5.34923553350244
S697P:G704E,-3.809640049934387,-4.63800250502261
S697P:G704R,-3.6028703451156616,-4.66420487741664
S697P:G708A,-0.403049111366272,-4.74259880236143
S697P:G708C,-1.62517511844635,-3.80150444183653
S697P:G708D,-3.7211588621139526,-5.861257238898
S697P:G708S,-1.0656644105911255,-4.56920854615211
S697P:G708V,-0.6700102090835571,-3.05333203884989
S697P:G709A,-0.22811347246170044,-4.08500195620591
S697P:G709C,-0.9414685964584351,-3.3507161070987
S697P:G709D,-3.3871599435806274,-3.77375782309913
S697P:G709S,-0.8435885906219482,-4.36624878641396
S697P:I702F,-1.6387087106704712,-3.49088808029201
S697P:I702N,-2.508860945701599,-2.80522798959249
S697P:I702T,-1.7607685327529907,-1.97704506121983
S697P:I702V,-0.8126363754272461,-1.38271757129085
S697P:I703F,-1.9669510126113892,-3.58085786746443
S697P:I703T,-1.7049084901809692,-4.51157206165812
S697P:I703V,-0.5863503217697144,-3.31798818026478
S697P:I712K,-4.012189030647278,-5.93580248523196
S697P:I712L,0.13745582103729248,-4.42301932548129
S697P:I712M,-1.070704698562622,-4.94446615198833
S697P:I712T,-1.1377284526824951,-4.32057344576628
S697P:I712V,-0.02074754238128662,-4.2489505486373
S697P:K699E,-0.9132976531982422,-3.0299667931027
S697P:K699I,-0.31132590770721436,-1.09136033547275
S697P:K699N,-0.7194013595581055,-0.80711620890472
S697P:K699R,-0.49082040786743164,-3.03136543375445
S697P:L705F,-0.8767938613891602,-4.01432823254
S697P:L705H,-3.161488175392151,-2.57492034072267
S697P:L705I,-0.05904972553253174,-1.30761766877097
S697P:L705P,-1.2125375270843506,-3.58154381059455
S697P:M706I,1.2867017984390259,-3.97019134469601
S697P:M706K,-2.999179482460022,-5.21823596329194
S697P:M706L,0.5196741819381714,-2.32276690217167
S697P:M706T,0.9939392805099487,-3.92069820706929
S697P:M706V,1.7546521425247192,-3.07276801688365
S697P:N698D,-0.7617735862731934,-5.92244913077083
S697P:N698I,-1.6388545036315918,0.648590900102989
S697P:N698K,-0.7409580945968628,-2.81933558287463
S697P:N698S,-0.31847864389419556,-4.00913223052781
S697P:N698T,-0.9933948516845703,-4.51118606979191
S697P:N698Y,-1.5469322204589844,-2.09994083760413
S697P:V707A,-1.2690448760986328,-2.77562276839115
S697P:V707E,-4.465040802955627,-4.67786094399876
S697P:V707L,-1.2332243919372559,-0.233879338487896
S697P:V707M,-2.320329785346985,-1.10434958673631
S697P:V710A,-0.4307299852371216,-4.34409403793595
S697P:V710D,-4.1621962785720825,-4.45767651439168
S697P:V710G,-0.9136530160903931,-4.32961146774987
S697P:V710I,-0.43007099628448486,-2.32524464934174
S697P:V711A,-0.8018285036087036,-4.40586503834611
S697P:V711D,-4.4069119691848755,-4.74121927725159
S697P:V711I,-0.6153428554534912,-3.90657354107392
S697Q,-1.2863547801971436,0.2566726268008855
S697R,-0.8287274837493896,-1.85501386233464
S697T,-0.3273770809173584,-0.0334894494318896
S697T:A701E,-1.3116000890731812,-4.56235047589344
S697T:A701G,-0.9329181909561157,0.168159766216024
S697T:A701P,-0.9679478406906128,-0.857827544739306
S697T:A701S,-0.9979895353317261,-2.84635899669115
S697T:A701T,-0.4592944383621216,1.10218338758832
S697T:A701V,-0.09588909149169922,1.47320689154032
S697T:A713E,-3.587325692176819,-2.84008122993668
S697T:A713S,-1.240240454673767,-0.301587659830115
S697T:A713T,-0.8883274793624878,0.606539797857635
S697T:A713V,0.167019784450531,0.336113075887082
S697T:G700A,-1.0107603073120117,-3.19901657382708
S697T:G700C,-3.3422716856002808,-1.1065958707398
S697T:G700D,-2.043597936630249,-3.6808771871146
S697T:G700R,-1.8521322011947632,-4.75628704677239
S697T:G700S,-1.4396711587905884,-3.61075141782424
S697T:G700V,-1.9808642864227295,-0.567065006470278
S697T:G704A,-1.4044333696365356,-0.426094365454741
S697T:G704E,-3.681122660636902,-2.63088439026889
S697T:G704R,-3.4743529558181763,-2.96190847205113
S697T:G704V,-2.397180676460266,-3.31245058121992
S697T:G708A,-0.2745317220687866,-4.30506384098271
S697T:G708C,-1.4966577291488647,-0.668669721824095
S697T:G708D,-3.5926414728164673,-3.30106344219349
S697T:G708S,-0.9371470212936401,-2.96497380740392
S697T:G708V,-0.5414928197860718,-3.37311304224724
S697T:G709C,-0.8129512071609497,-0.814319356665403
S697T:G709D,-3.258642554283142,-1.51811534781159
S697T:G709R,-3.813536524772644,-4.32945529410687
S697T:G709S,-0.7150712013244629,-2.68985997291316
S697T:G709V,0.0382121205329895,-2.83854592833475
S697T:I702F,-1.5101913213729858,-1.76642406255434
S697T:I702N,-2.3803435564041138,-2.79740553281422
S697T:I702T,-1.6322511434555054,-2.0970327824056
S697T:I702V,-0.6841189861297607,-0.202419364628339
S697T:I703F,-1.8384336233139038,-3.3511294147977
S697T:I703L,-1.3148049116134644,-3.50494236404726
S697T:I703N,-3.4880541563034058,-3.96481195864735
S697T:I703T,-1.5763911008834839,-4.14627326357401
S697T:I703V,-0.457832932472229,-1.6201089701505
S697T:I712K,-3.8836716413497925,-2.73844364011352
S697T:I712L,0.26597321033477783,-2.06489205108889
S697T:I712M,-0.9421873092651367,-1.90253873072992
S697T:I712T,-1.0092110633850098,-3.5363837672806
S697T:I712V,0.10776984691619873,-3.02339307389616
S697T:K699E,-0.7847802639007568,-3.01345135069878
S697T:K699I,-0.182808518409729,-0.194024987442122
S697T:K699N,-0.5908839702606201,0.514248425928282
S697T:K699Q,-0.7046771049499512,-2.88953984154788
S697T:K699R,-0.3623030185699463,-0.216572782187122
S697T:K699T,0.5196513533592224,-2.42236751776157
S697T:L705F,-0.7482764720916748,-0.505476795416296
S697T:L705H,-3.0329707860946655,-3.54815359784127
S697T:L705I,0.06946766376495361,1.14755252371345
S697T:L705P,-1.0840201377868652,-3.75163476133356
S697T:L705R,-2.2914170026779175,-4.50240686411396
S697T:M706I,1.4152191877365112,-2.32741110668386
S697T:M706K,-2.8706620931625366,-4.01820965235896
S697T:M706L,0.6481915712356567,-3.17012276636665
S697T:M706T,1.122456669807434,-3.70933661712236
S697T:M706V,1.8831695318222046,-1.50313646714294
S697T:N698D,-0.633256196975708,-3.48525406352234
S697T:N698H,-0.7997455596923828,-1.86187395167406
S697T:N698I,-1.5103371143341064,0.326675560409431
S697T:N698K,-0.6124407052993774,-3.61602344237542
S697T:N698S,-0.1899612545967102,-3.5839978840132
S697T:N698T,-0.864877462387085,-3.45019197816721
S697T:N698Y,-1.418414831161499,0.0240985366059336
S697T:V707A,-1.1405274868011475,-1.62966624666065
S697T:V707E,-4.336523413658142,-3.40488739135995
S697T:V707L,-1.1047070026397705,-0.102325969206542
S697T:V707M,-2.1918123960494995,-0.0172881638559016
S697T:V710A,-0.30221259593963623,-3.06543809069352
S697T:V710D,-4.033678889274597,-4.23964876493959
S697T:V710F,-0.7848433256149292,-4.02200799428856
S697T:V710I,-0.3015536069869995,0.103598162734059
S697T:V710L,-0.33230888843536377,-2.35894722581182
S697T:V711A,-0.6733111143112183,-3.64620696309994
S697T:V711D,-4.27839457988739,-4.32561837993939
S697T:V711F,-0.9606256484985352,-1.99551553075029
S697T:V711G,-1.3949898481369019,-3.58268702210783
S697T:V711I,-0.48682546615600586,-1.38776888531228
S697V,0.4267892837524414,0.8389863017858555
S697W,-0.71409010887146,-3.2252656522371
S697Y,-0.950613260269165,-0.7258873175201006
V683A,-0.01994037628173828,0.4327669357006744
V683A:A692E,0.768532931804657,-1.50887929814625
V683A:A692T,0.019916653633117676,-0.641764026728402
V683A:A692V,-0.13765954971313477,-0.130268516418916
V683A:A701E,-1.157881736755371,-3.72007758043937
V683A:A701G,-0.7791998386383057,-1.60092333230903
V683A:A701S,-0.844271183013916,-2.63358857136769
V683A:A701T,-0.3055760860443115,1.4298966057835
V683A:A701V,0.05782926082611084,1.96164778471494
V683A:A713S,-1.086522102355957,-0.575993503351794
V683A:A713T,-0.7346091270446777,0.367196722820887
V683A:A713V,0.32073813676834106,0.535051047302314
V683A:D694E,0.11126375198364258,0.934613236276632
V683A:D694G,-0.26712512969970703,0.572289658401854
V683A:D694N,-0.18801569938659668,0.511906097045226
V683A:D694V,-0.3084523677825928,-3.09940264100514
V683A:E693A,-0.5620549917221069,1.593462710466
V683A:E693D,-0.05057680606842041,0.209905515310694
V683A:E693G,-0.2948291301727295,2.19549096922291
V683A:E693K,-0.1613466739654541,0.466974052269636
V683A:E693V,-0.87727952003479,0.658369528197238
V683A:F690C,-0.8412449359893799,-2.22972908125553
V683A:F690I,0.038681745529174805,1.10413578137709
V683A:F690L,0.362062931060791,-0.210949939753834
V683A:F690S,1.3322064876556396,-1.22156007555456
V683A:F690V,0.4712352752685547,0.421367466861334
V683A:F690Y,0.23627662658691406,-0.710749171043978
V683A:F691I,0.19066810607910156,0.843468288564829
V683A:F691L,0.3546571731567383,-0.3888940313803
V683A:F691S,0.9986289739608765,-0.928089463185167
V683A:F691V,0.650881290435791,-1.86745390589778
V683A:F691Y,-0.020190954208374023,0.25639566120553
V683A:G696C,-1.347943663597107,-0.170385639873523
V683A:G696D,-0.25590312480926514,-2.65811668702363
V683A:G696S,0.20288240909576416,0.248072223941113
V683A:G700C,-3.1885533332824707,-1.05372204542606
V683A:G700D,-1.889879584312439,-3.73406783149821
V683A:G700S,-1.2859528064727783,-3.19558182001804
V683A:G704A,-1.2507150173187256,-3.82263769173842
V683A:G704E,-3.527404308319092,-2.18883863509339
V683A:G704R,-3.320634603500366,-3.16944629300638
V683A:G704V,-2.243462324142456,-3.09897896742333
V683A:G708C,-1.3429393768310547,0.226568168116256
V683A:G708D,-3.4389231204986572,-3.17550958166418
V683A:G708S,-0.7834286689758301,-2.84637847653293
V683A:G708V,-0.3877744674682617,-2.7342630748778
V683A:G709C,-0.6592328548431396,0.16358611011742
V683A:G709D,-3.104924201965332,-1.72376388413521
V683A:G709S,-0.5613528490066528,-2.27197789131976
V683A:H684L,0.2814692258834839,-0.530305856670557
V683A:H684Q,0.22546207904815674,-0.445583897605173
V683A:H684R,0.19878101348876953,-0.460656864253956
V683A:H684Y,-0.3737119436264038,0.471407317200357
V683A:H685L,-0.14410841464996338,-0.935434350581913
V683A:H685N,0.19790780544281006,0.0029306995975599
V683A:H685Q,0.17906832695007324,-0.350458534951805
V683A:H685R,0.22444367408752441,0.672275891362944
V683A:H685Y,-0.5307897329330444,-1.58807074293039
V683A:I702F,-1.3564729690551758,-1.4635519344352
V683A:I702N,-2.2266252040863037,-0.672643750350411
V683A:I702T,-1.4785327911376953,-1.34174162346291
V683A:I702V,-0.5304006338119507,-1.09406979573188
V683A:I703F,-1.6847152709960938,-3.84003529742754
V683A:I703N,-3.3343358039855957,-3.66577322866946
V683A:I703T,-1.4226727485656738,-3.88737276662583
V683A:I703V,-0.30411458015441895,-0.975403442858592
V683A:I712K,-3.7299532890319824,-3.20476451853033
V683A:I712L,0.4196915626525879,-1.95174664546699
V683A:I712M,-0.7884689569473267,-2.32531203471766
V683A:I712T,-0.8554927110671997,-3.55487486312835
V683A:I712V,0.2614881992340088,-2.47660291927661
V683A:K687E,0.17332792282104492,-1.55520081901119
V683A:K687I,-1.1251459121704102,-0.868295351348176
V683A:K687N,-0.016475915908813477,0.160884568378321
V683A:K687Q,-0.14185798168182373,-3.79043313611326
V683A:K687R,-0.08985161781311035,-0.157036509036704
V683A:K687T,-0.4005563259124756,-0.568670547058948
V683A:K699E,-0.6310619115829468,-3.22704209870233
V683A:K699I,-0.029090166091918945,-0.930191724941393
V683A:K699N,-0.43716561794281006,-0.618519985617868
V683A:K699R,-0.20858466625213623,-0.978908172727859
V683A:L688F,-0.34571123123168945,0.684840273778545
V683A:L688M,-0.2754817008972168,0.113780451582431
V683A:L688S,0.8240561485290527,-0.0562556068545785
V683A:L705F,-0.5945581197738647,-0.656412207634478
V683A:L705H,-2.8792524337768555,-3.71277827143933
V683A:L705I,0.22318601608276367,1.08073460893935
V683A:L705P,-0.9303017854690552,-3.99801348031512
V683A:M706I,1.5689375400543213,-2.63113065849314
V683A:M706K,-2.7169437408447266,-4.19336132734416
V683A:M706L,0.8019099235534668,-3.84560866830431
V683A:M706T,1.2761750221252441,-3.87855831291023
V683A:M706V,2.0368878841400146,-1.79634303722045
V683A:N698D,-0.47953784465789795,-4.27888615500705
V683A:N698I,-1.3566187620162964,-0.132321974744168
V683A:N698S,-0.036242902278900146,-3.42985637525693
V683A:N698T,-0.7111591100692749,-3.29604253603679
V683A:N698Y,-1.264696478843689,-0.0773024140321282
V683A:Q686H,-0.11261296272277832,-0.277654642918963
V683A:Q686K,0.44287073612213135,0.0936114819067425
V683A:Q686L,-0.5479898452758789,-0.884005220404665
V683A:Q686P,0.3394191265106201,0.484194503001553
V683A:Q686R,0.28997182846069336,-1.30915355504263
V683A:S697L,0.8463600277900696,-0.39694891200299
V683A:S697P,-0.3021761178970337,-1.54367836921587
V683A:S697T,-0.17365872859954834,0.220322112955926
V683A:V689A,0.32086920738220215,-0.950220302362476
V683A:V689E,0.5857576131820679,-0.286837447752464
V683A:V689G,0.6068649291992188,-2.16594689445377
V683A:V689L,0.07002973556518555,-0.398967454224205
V683A:V689M,-0.40254712104797363,0.179626170094047
V683A:V689T,0.3104759454727173,-1.82753729849233
V683A:V695A,0.25309157371520996,0.0064680240253394
V683A:V695E,0.672762393951416,-0.753432205486344
V683A:V695G,0.44289326667785645,0.0617337823592166
V683A:V695M,-0.5395412445068359,0.187028581402462
V683A:V707A,-0.9868091344833374,-2.24457456752632
V683A:V707E,-4.182805061340332,-3.33147578831437
V683A:V707G,-2.0411269664764404,-4.55500558545165
V683A:V707L,-0.9509886503219604,1.34697920945476
V683A:V707M,-2.0380940437316895,-0.037921577694078
V683A:V710A,-0.14849424362182617,-3.54175472027099
V683A:V710D,-3.879960536956787,-3.08085412933129
V683A:V710I,-0.14783525466918945,0.229512841973355
V683A:V711A,-0.5195927619934082,-3.81044699016705
V683A:V711D,-4.12467622756958,-3.78053434572759
V683A:V711G,-1.2412714958190918,-3.59536163168336
V683A:V711I,-0.3331071138381958,-1.53418676753707
V683A:V711L,-0.060709238052368164,-5.03457866571353
V683C,-3.463707208633423,0.959885508974105
V683D,0.5264036655426025,-0.139415620167595
V683D:A692E,1.0417049527168274,-2.9954971919377
V683D:A692G,0.6491838693618774,-1.20697789432905
V683D:A692T,0.2930886745452881,-0.882559027446697
V683D:A692V,0.13551247119903564,0.749870025228049
V683D:A701E,-0.8847097158432007,-4.78311718196739
V683D:A701G,-0.5060278177261353,-1.68257152824215
V683D:A701S,-0.5710991621017456,-2.88735979125348
V683D:A701T,-0.03240406513214111,1.09176500783451
V683D:A701V,0.33100128173828125,1.72976670482259
V683D:A713E,-3.1604353189468384,-3.62418675301458
V683D:A713G,-0.4510728120803833,-3.59097648878685
V683D:A713P,-1.6595975160598755,-3.32834136992364
V683D:A713S,-0.8133500814437866,-0.890491392040812
V683D:A713T,-0.4614371061325073,0.353530403721162
V683D:A713V,0.5939101576805115,0.473600043738214
V683D:D694E,0.384435772895813,0.794983363366431
V683D:D694G,0.006046891212463379,0.366843747353364
V683D:D694N,0.08515632152557373,-0.104496329377188
V683D:D694V,-0.03528034687042236,-2.44722223730262
V683D:D694Y,-0.13950181007385254,-3.47300093702278
V683D:E693D,0.22259521484375,0.0519514461095394
V683D:E693G,-0.021657109260559082,1.56701710503835
V683D:E693V,-0.6041074991226196,0.84678457704942
V683D:F690I,0.3118537664413452,1.04002424445807
V683D:F690L,0.6352349519729614,-0.414448167038396
V683D:F690S,1.60537850856781,-1.814620873953
V683D:F690V,0.7444072961807251,-0.459633152610163
V683D:F690Y,0.5094486474990845,-0.447273691148363
V683D:F691C,-0.6520496606826782,-2.2171853669342
V683D:F691I,0.463840126991272,0.271344353047361
V683D:F691L,0.6278291940689087,-0.773275627849193
V683D:F691S,1.2718009948730469,-1.26760089584296
V683D:F691V,0.9240533113479614,-2.41525931433368
V683D:F691Y,0.2529810667037964,-0.067864394815834
V683D:G696C,-1.0747716426849365,-0.652245932822389
V683D:G696D,0.017268896102905273,-1.31841997059885
V683D:G696S,0.47605443000793457,0.16028980005041
V683D:G696V,-0.10711169242858887,-1.46289418490443
V683D:G700C,-2.9153813123703003,0.0764072341513385
V683D:G700D,-1.6167075634002686,-3.99473812643061
V683D:G700S,-1.012780785560608,-4.00495924853237
V683D:G700V,-1.553973913192749,0.257720628508941
V683D:G704E,-3.2542322874069214,-4.11543904549873
V683D:G704R,-3.047462582588196,-3.29011554890452
V683D:G704V,-1.9702903032302856,-3.99118270892027
V683D:G708C,-1.0697673559188843,-0.145938384570964
V683D:G708D,-3.165751099586487,-3.74607926976339
V683D:G708R,-3.1349483728408813,-3.07186139834184
V683D:G708S,-0.5102566480636597,-2.51812394976985
V683D:G708V,-0.11460244655609131,-3.4266162992096
V683D:G709C,-0.38606083393096924,-0.511518460006167
V683D:G709D,-2.8317521810531616,-1.72895288771606
V683D:G709S,-0.2881808280944824,-1.66205629213135
V683D:H684L,0.5546412467956543,-0.29640328384552
V683D:H684Q,0.49863409996032715,-0.871260736004743
V683D:H684R,0.47195303440093994,0.151605915650989
V683D:H684Y,-0.1005399227142334,-2.37694965228764
V683D:H685D,0.682325005531311,-2.4041424007302
V683D:H685L,0.12906360626220703,0.128760818676364
V683D:H685N,0.47107982635498047,-0.21625711387785
V683D:H685Q,0.45224034786224365,-0.537582145585194
V683D:H685R,0.4976156949996948,-0.187965981670584
V683D:H685Y,-0.257617712020874,-0.748201344463436
V683D:I702F,-1.0833009481430054,-2.49887490147788
V683D:I702N,-1.9534531831741333,-2.54542824036831
V683D:I702T,-1.205360770225525,-1.52640031568992
V683D:I702V,-0.2572286128997803,-0.658676399331313
V683D:I703F,-1.4115432500839233,-3.74859621113025
V683D:I703N,-3.0611637830734253,-4.03052499530053
V683D:I703T,-1.1495007276535034,-4.24541400343371
V683D:I703V,-0.030942559242248535,-1.50717163696779
V683D:I712K,-3.456781268119812,-2.46361364402658
V683D:I712L,0.6928635835647583,-1.80611206624799
V683D:I712M,-0.5152969360351562,-2.64806505388073
V683D:I712T,-0.5823206901550293,-3.53445375516
V683D:I712V,0.5346602201461792,-3.14080724199009
V683D:K687E,0.44649994373321533,-1.07887202759335
V683D:K687I,-0.8519738912582397,0.531593313153699
V683D:K687N,0.25669610500335693,-0.48428166424363
V683D:K687Q,0.13131403923034668,-3.91913703120172
V683D:K687R,0.18332040309906006,0.199034011151072
V683D:K687T,-0.12738430500030518,0.609445528040477
V683D:K699E,-0.35788989067077637,-3.34647964588831
V683D:K699I,0.24408185482025146,-1.73099718773879
V683D:K699N,-0.16399359703063965,-0.949434268497602
V683D:K699Q,-0.2777867317199707,-3.40590471623905
V683D:K699R,0.06458735466003418,-1.16200791085719
V683D:L688F,-0.07253921031951904,0.338566232984927
V683D:L688M,-0.0023096799850463867,0.261033893703188
V683D:L688S,1.0972281694412231,-0.553124238441005
V683D:L705F,-0.32138609886169434,-1.83487443232149
V683D:L705H,-2.606080412864685,-3.62872863426252
V683D:L705I,0.4963580369949341,0.89984975740479
V683D:L705P,-0.6571297645568848,-3.33843510940193
V683D:M706I,1.8421095609664917,-3.10248232779324
V683D:M706K,-2.443771719932556,-4.20833770984125
V683D:M706L,1.0750819444656372,-3.41789828567085
V683D:M706T,1.5493470430374146,-3.71322832446158
V683D:M706V,2.310059905052185,-2.53744907438169
V683D:N698D,-0.20636582374572754,-4.41117600638465
V683D:N698I,-1.083446741104126,-0.336606329132671
V683D:N698S,0.23692911863327026,-2.46742469309593
V683D:N698T,-0.4379870891571045,-3.71282282573121
V683D:N698Y,-0.9915244579315186,-0.100007819669263
V683D:Q686E,0.7601473331451416,-1.39883576481962
V683D:Q686H,0.1605590581893921,-0.903756106876582
V683D:Q686K,0.7160427570343018,-1.47387032819083
V683D:Q686L,-0.2748178243637085,-0.68311608859638
V683D:Q686P,0.6125911474227905,0.144301071285841
V683D:Q686R,0.5631438493728638,-0.57758792946052
V683D:S697L,1.11953204870224,-0.577754334612584
V683D:S697P,-0.02900409698486328,-0.890381149116523
V683D:S697T,0.09951329231262207,-0.293674420322681
V683D:V689A,0.5940412282943726,-0.891029339334685
V683D:V689E,0.8589296340942383,-0.868476961324604
V683D:V689G,0.8800369501113892,-3.62418675301458
V683D:V689L,0.34320175647735596,-1.11458749063621
V683D:V689M,-0.12937510013580322,-0.964684161325176
V683D:V695A,0.5262635946273804,-0.316750660871217
V683D:V695E,0.9459344148635864,-2.01828287344265
V683D:V695L,0.2871171236038208,-1.15583044917026
V683D:V695M,-0.2663692235946655,0.1653272172991
V683D:V707A,-0.713637113571167,-2.67271227167863
V683D:V707E,-3.9096330404281616,-2.09323303045085
V683D:V707G,-1.76795494556427,-3.66451019725113
V683D:V707L,-0.67781662940979,-0.773979420135645
V683D:V707M,-1.764922022819519,-0.708030734578141
V683D:V710A,0.12467777729034424,-3.13546515957274
V683D:V710D,-3.6067885160446167,-4.13849586364755
V683D:V710I,0.12533676624298096,0.629471244159153
V683D:V711A,-0.2464207410812378,-3.83905635274143
V683D:V711D,-3.8515042066574097,-3.16464938409588
V683D:V711F,-0.5337352752685547,-3.23256269631829
V683D:V711I,-0.05993509292602539,-2.16373887981318
V683D:V711L,0.21246278285980225,-4.18363526202003
V683E,0.8064446449279785,-0.4158428741846195
V683F,-0.7147142887115479,-0.0090559912235265
V683F:A692E,0.4211459755897522,-2.86254433720587
V683F:A692V,-0.48504650592803955,-0.708022877194628
V683F:A701T,-0.6529630422592163,0.234567323534224
V683F:A701V,-0.28955769538879395,1.50353378006728
V683F:D694E,-0.2361232042312622,-0.979479728114365
V683F:D694V,-0.6558393239974976,-3.09897896742333
V683F:E693D,-0.3979637622833252,-0.827904878395388
V683F:E693V,-1.2246664762496948,-0.363620739187438
V683F:F690I,-0.30870521068573,0.460996528599568
V683F:F690Y,-0.11111032962799072,-0.743737543302248
V683F:F691I,-0.15671885013580322,-0.316079794418438
V683F:F691L,0.007270216941833496,0.103773955425648
V683F:F691S,0.6512420177459717,-1.61858441373146
V683F:F691Y,-0.3675779104232788,-0.8930163265032
V683F:G696C,-1.6953306198120117,-1.36188854234947
V683F:G696S,-0.14450454711914062,-1.92943160617367
V683F:G700C,-3.5359402894973755,-0.797917881311176
V683F:G708C,-1.6903263330459595,-0.46533808642654
V683F:G709C,-1.0066198110580444,-1.14221357988557
V683F:G709S,-0.9087398052215576,-2.97088548100184
V683F:H684L,-0.0659177303314209,-0.734004363452823
V683F:H684Q,-0.12192487716674805,0.308599586864047
V683F:H684R,-0.14860594272613525,-0.864055010887903
V683F:H685L,-0.49149537086486816,-0.846432920368476
V683F:H685Q,-0.16831862926483154,-0.101962796420977
V683F:I702F,-1.7038599252700806,-3.31520636201717
V683F:I703F,-2.0321022272109985,-3.95366595414482
V683F:I703T,-1.7700597047805786,-3.79633385944756
V683F:I703V,-0.6515015363693237,-2.9801231553306
V683F:I712L,0.0723046064376831,-1.5764625014437
V683F:I712T,-1.2028796672821045,-3.85346982500682
V683F:I712V,-0.085898756980896,-3.4635211418269
V683F:K687E,-0.17405903339385986,-0.93015845150269
V683F:K687I,-1.472532868385315,-4.64118217391183
V683F:K687N,-0.36386287212371826,0.320497034653113
V683F:K687R,-0.43723857402801514,-1.70230611847018
V683F:K699E,-0.9784488677978516,-3.618495174241
V683F:K699I,-0.37647712230682373,-3.38598569018812
V683F:K699N,-0.7845525741577148,-2.1227305102151
V683F:K699R,-0.555971622467041,-1.91096029382542
V683F:L688F,-0.6930981874465942,0.345602076140688
V683F:L688M,-0.6228686571121216,1.08336427438573
V683F:L705F,-0.9419450759887695,-2.84918854602432
V683F:L705H,-3.2266393899917603,-3.32939226999153
V683F:L705P,-1.27768874168396,-3.08866851665822
V683F:M706I,1.2215505838394165,-3.27099007345217
V683F:M706K,-3.0643306970596313,-1.49302392635645
V683F:M706V,1.6895009279251099,-3.37508176675553
V683F:N698D,-0.8269248008728027,-3.56559258874853
V683F:N698I,-1.7040057182312012,-0.247086922931486
V683F:Q686H,-0.4599999189376831,-1.19106466494436
V683F:Q686L,-0.8953768014907837,-0.260600899481247
V683F:Q686R,-0.057415127754211426,-1.13504916012573
V683F:V689A,-0.026517748832702637,-0.924124724079872
V683F:V689E,0.23837065696716309,-2.8231857758623
V683F:V695A,-0.09429538249969482,-1.53137571900759
V683F:V695E,0.32537543773651123,-1.97246271100237
V683F:V695G,0.09550631046295166,-1.76541013500063
V683F:V695M,-0.8869282007217407,-1.42793730983657
V683F:V707E,-4.530192017555237,-4.37652280496486
V683F:V710D,-4.227347493171692,-3.8618584048917
V683F:V711D,-4.472063183784485,-3.76885581381448
V683F:V711I,-0.6804940700531006,-2.85505366547671
V683G,0.20203804969787598,0.2341830726256065
V683G:D694E,0.2222529649734497,0.577371445485894
V683G:D694G,-0.1561359167098999,0.459583626844529
V683G:E693V,-0.7662903070449829,0.852166186008473
V683G:F691I,0.3016573190689087,-0.361926182543856
V683G:F691L,0.4656463861465454,0.598658385612973
V683G:G696R,-0.13763666152954102,-1.69156323943411
V683G:G708D,-3.32793390750885,-4.49368875147179
V683G:G708S,-0.672439455986023,-2.50408789684753
V683G:G709C,-0.5482436418533325,-0.325206397542637
V683G:G709D,-2.993934988975525,-3.28344001253418
V683G:G709S,-0.4503636360168457,-2.74265717337717
V683G:H684Q,0.33645129203796387,-1.58459111988194
V683G:I702F,-1.2454837560653687,-3.13367448991109
V683G:I703N,-3.2233465909957886,-4.45775384423295
V683G:I703T,-1.3116835355758667,-3.7231328235458
V683G:I703V,-0.19312536716461182,-0.311625444069058
V683G:I712L,0.530680775642395,0.0158148348571416
V683G:K699N,-0.32617640495300293,-0.647103997100431
V683G:K699R,-0.0975954532623291,-2.66809933289422
V683G:L688M,-0.16449248790740967,-0.236037086744901
V683G:N698D,-0.3685486316680908,-3.27791051629675
V683G:Q686R,0.4009610414505005,-0.843434720135639
V683G:S697P,-0.19118690490722656,-1.86727776112611
V683G:V689M,-0.2915579080581665,-1.04371315104955
V683G:V695E,0.7837516069412231,-1.81416001423315
V683G:V695M,-0.4285520315170288,-0.912828179357527
V683G:V710D,-3.76897132396698,-4.81488978264776
V683H,0.06834840774536133,-0.559371839156225
V683I,-0.40534162521362305,-0.105898393855631
V683I:A692T,-0.1727839708328247,-1.11461291842222
V683I:A692V,-0.33036017417907715,0.158621397188217
V683I:A701E,-1.3505823612213135,-3.50494236404726
V683I:A701T,-0.4982767105102539,0.983559953733936
V683I:A701V,-0.13487136363983154,0.518294026612182
V683I:A713E,-3.626307964324951,-2.72402540307031
V683I:A713S,-1.2792227268218994,-0.480288645669068
V683I:A713T,-0.9273097515106201,0.370459559402627
V683I:A713V,0.12803751230239868,0.714123411345548
V683I:D694E,-0.0814368724822998,0.344565763668965
V683I:D694G,-0.4598257541656494,0.452375283319402
V683I:D694N,-0.38071632385253906,1.36194666524226
V683I:D694V,-0.5011529922485352,-2.2220972157467
V683I:E693D,-0.2432774305343628,-0.204325883734474
V683I:E693G,-0.4875297546386719,2.23822016529089
V683I:E693V,-1.0699801445007324,-1.07026844926558
V683I:F690I,-0.15401887893676758,0.605732892674231
V683I:F690L,0.16936230659484863,-0.712503772410203
V683I:F690S,1.1395058631896973,-3.02412999552065
V683I:F690Y,0.04357600212097168,-0.0533350086168336
V683I:F691I,-0.0020325183868408203,1.20551609948293
V683I:F691L,0.1619565486907959,-0.506822192563823
V683I:F691S,0.8059283494949341,-0.177063105943242
V683I:F691Y,-0.2128915786743164,-0.104476465488151
V683I:G696C,-1.5406442880630493,-1.76924695825719
V683I:G696D,-0.4486037492752075,-2.25436614618505
V683I:G696S,0.010181784629821777,-0.489545659988493
V683I:G700C,-3.381253957748413,-2.11411528677052
V683I:G700D,-2.0825802087783813,-3.80720641167674
V683I:G700S,-1.4786534309387207,-4.03774907135536
V683I:G704E,-3.720104932785034,-3.4287487905122
V683I:G704R,-3.5133352279663086,-2.11788959949999
V683I:G708C,-1.535640001296997,-1.26320685937057
V683I:G708D,-3.6316237449645996,-4.45851880731732
V683I:G708S,-0.9761292934417725,-2.31782156685384
V683I:G708V,-0.5804750919342041,-3.34460189079542
V683I:G709C,-0.851933479309082,-1.20903170354535
V683I:G709D,-3.2976248264312744,-1.76956913074814
V683I:G709S,-0.7540534734725952,-3.43642133993311
V683I:H684L,0.0887686014175415,-1.86896756425577
V683I:H684N,0.02593398094177246,1.11428459675431
V683I:H684Q,0.032761454582214355,-1.79502019317426
V683I:H684R,0.0060803890228271484,-0.95547129610766
V683I:H685L,-0.33680903911590576,-0.417652306017575
V683I:H685N,0.005207180976867676,-0.802609795803433
V683I:H685Q,-0.01363229751586914,-1.10509223237768
V683I:H685R,0.03174304962158203,-1.32708975929113
V683I:I702F,-1.5491735935211182,-2.09546805391961
V683I:I702N,-2.419325828552246,-3.01669352343651
V683I:I702T,-1.6712334156036377,-1.72787008226246
V683I:I702V,-0.7231012582778931,-0.599243550454598
V683I:I703F,-1.8774158954620361,-4.14123561577541
V683I:I703N,-3.527036428451538,-3.07073720867437
V683I:I703T,-1.6153733730316162,-3.59457415187122
V683I:I703V,-0.49681520462036133,-3.4020867529217
V683I:I712K,-3.922653913497925,-2.20467822390637
V683I:I712L,0.2269909381866455,-1.46879690464785
V683I:I712M,-0.981169581413269,-0.932265933842255
V683I:I712T,-1.048193335533142,-3.97659316093231
V683I:I712V,0.0687875747680664,-3.32625708138129
V683I:K687E,-0.01937270164489746,-1.31908007579058
V683I:K687I,-1.3178465366363525,-2.84112610640863
V683I:K687N,-0.20917654037475586,0.260079086218046
V683I:K687Q,-0.3345586061477661,0.421825286783001
V683I:K687R,-0.28255224227905273,-1.74333231076411
V683I:K687T,-0.593256950378418,-0.203002649799467
V683I:K699E,-0.8237625360488892,-2.61516477678104
V683I:K699I,-0.22179079055786133,-1.63438157438519
V683I:K699N,-0.6298662424087524,0.0074731704813679
V683I:K699R,-0.4012852907180786,-0.68798200096634
V683I:L688F,-0.5384118556976318,0.934551524163902
V683I:L688M,-0.4681823253631592,-1.11977057206703
V683I:L688S,0.6313555240631104,0.32553599685541
V683I:L705F,-0.7872587442398071,-1.82497647763066
V683I:L705H,-3.071953058242798,-3.37103271670041
V683I:L705I,0.03048539161682129,0.745447485468783
V683I:L705P,-1.1230024099349976,-3.67954483326174
V683I:M706I,1.376236915588379,-3.336595419505
V683I:M706K,-2.909644365310669,-4.49368875147179
V683I:M706L,0.6092092990875244,-2.49158566784638
V683I:M706T,1.0834743976593018,-3.8424403190346
V683I:M706V,1.8441872596740723,-1.16702433098546
V683I:N698D,-0.6722384691238403,-4.05620595305037
V683I:N698I,-1.5493193864822388,-0.176609748071645
V683I:N698S,-0.22894352674484253,-3.43194190772964
V683I:N698Y,-1.4573971033096313,-0.385910433257706
V683I:Q686H,-0.3053135871887207,0.148034854630098
V683I:Q686K,0.25017011165618896,-1.76299877735476
V683I:Q686L,-0.7406904697418213,0.0299957624062403
V683I:Q686P,0.14671850204467773,0.537559882246777
V683I:Q686R,0.09727120399475098,-3.3416995882421
V683I:S697A,-0.4314819574356079,-0.873425433819321
V683I:S697P,-0.4948767423629761,-3.01936951626273
V683I:S697T,-0.3663593530654907,-0.858326033679171
V683I:V689A,0.12816858291625977,-1.99106695530537
V683I:V689E,0.3930569887161255,0.25816238042573
V683I:V689L,-0.12267088890075684,-3.27650657376791
V683I:V689M,-0.595247745513916,0.153953328837418
V683I:V695A,0.06039094924926758,-0.620936971641331
V683I:V695E,0.48006176948547363,-1.86587242687763
V683I:V695G,0.25019264221191406,0.421707819344602
V683I:V695M,-0.7322418689727783,-0.962133256251456
V683I:V707A,-1.1795097589492798,-2.62694508578571
V683I:V707E,-4.375505685806274,-3.79432460211065
V683I:V707G,-2.233827590942383,-4.34143148515359
V683I:V707M,-2.230794668197632,-0.917411651724653
V683I:V710A,-0.34119486808776855,-3.54298807038929
V683I:V710D,-4.0726611614227295,-4.23605754514278
V683I:V710I,-0.34053587913513184,-0.490675578276846
V683I:V711A,-0.7122933864593506,-5.43995369438566
V683I:V711D,-4.3173768520355225,-3.49770714412367
V683I:V711I,-0.5258077383041382,-2.35957321957229
V683K,0.5096185207366943,0.521841434012158
V683L,-0.16716361045837402,0.234993678454636
V683L:A701E,-1.231493353843689,-4.61109505210269
V683L:A713G,-0.7978564500808716,-4.85225710891958
V683L:D694E,0.03765213489532471,-0.198296758762054
V683L:E693D,-0.12418842315673828,-0.168154898391519
V683L:E693V,-0.9508911371231079,-3.59509850836948
V683L:F690L,0.28845131397247314,-2.5847633357368
V683L:F690Y,0.1626650094985962,-1.89653016997929
V683L:F691I,0.11705648899078369,-1.00256492529542
V683L:F691L,0.2810455560684204,-1.68252466831959
V683L:F691S,0.9250173568725586,-0.566665509814034
V683L:F691Y,-0.0938025712966919,-1.00922697497838
V683L:G708C,-1.4165509939193726,-2.86858011223929
V683L:G709C,-0.7328444719314575,-1.41173304429411
V683L:G709D,-3.17853581905365,-4.91990011259888
V683L:G709S,-0.6349644660949707,-4.83786837146748
V683L:H684Q,0.15185046195983887,-1.70426918337488
V683L:H684R,0.12516939640045166,-0.506123397306303
V683L:H685L,-0.21772003173828125,-2.14119103631052
V683L:I702N,-2.3002368211746216,-2.81673480117458
V683L:I702V,-0.6040122509002686,-3.25465365413248
V683L:I712L,0.34607994556427,-1.45817468310583
V683L:I712T,-0.9291043281555176,-3.7419384261133
V683L:K699E,-0.7046735286712646,-3.8809065998624
V683L:K699N,-0.5107772350311279,-1.2468986268555
V683L:K699R,-0.2821962833404541,-2.38381705399991
V683L:L705H,-2.9528640508651733,-4.42048771557003
V683L:M706K,-2.7905553579330444,-3.98815213021599
V683L:N698I,-1.4302303791046143,0.317631427276251
V683L:Q686H,-0.1862245798110962,-2.40018438507179
V683L:Q686R,0.2163602113723755,-2.55922884369828
V683L:S697T,-0.2472703456878662,-0.797917881311176
V683L:V689M,-0.4761587381362915,-2.06522511939834
V683L:V695A,0.1794799566268921,-0.391987016292403
V683L:V695E,0.5991507768630981,-1.47606554100002
V683L:V707M,-2.1117056608200073,-1.15714710505501
V683L:V710I,-0.22144687175750732,-1.43068470937377
V683L:V711A,-0.5932043790817261,-4.93449520715655
V683M,-0.8725862503051758,1.09236412411102
V683N,0.1485757827758789,0.5105362616551334
V683P,0.1506798267364502,-1.41669589284461
V683Q,0.05636000633239746,-0.501859115131579
V683R,0.10429167747497559,0.468921444339153
V683S,0.3195202350616455,0.013566630445214
V683T,0.014518499374389648,0.384828000174982
V683W,-2.2716734409332275,0.609746285438689
V683Y,-0.46553945541381836,-0.6971573815637757
V689A,0.6616787910461426,-0.6515007810050331
V689A:A692E,1.1093425154685974,-1.60252644996091
V689A:A692G,0.7168214321136475,-2.87244540818858
V689A:A692P,0.6090209484100342,-2.97088548100184
V689A:A692T,0.3607262372970581,0.403674733636353
V689A:A692V,0.20315003395080566,-1.15306297612133
V689A:A701E,-0.8170721530914307,-1.88263597936927
V689A:A701S,-0.5034615993499756,-2.15130238216966
V689A:A701T,0.035233497619628906,-0.153794813818919
V689A:A701V,0.39863884449005127,1.14280721702826
V689A:A713E,-3.0927977561950684,-4.36496198256378
V689A:A713S,-0.7457125186920166,-1.39392956126796
V689A:A713T,-0.3937995433807373,0.0683319044918942
V689A:A713V,0.6615477204322815,-0.108921766260601
V689A:D694E,0.452073335647583,-0.823465670612167
V689A:D694G,0.0736844539642334,0.46244596425795
V689A:D694N,0.15279388427734375,0.249388568551578
V689A:D694V,0.032357215881347656,-3.30480457575977
V689A:D694Y,-0.07186424732208252,-4.40132388958964
V689A:E693D,0.29023277759552,-1.26015597062985
V689A:E693G,0.04598045349121094,1.12083632197096
V689A:E693K,0.17946290969848633,-1.91096029382542
V689A:E693V,-0.5364699363708496,1.33437776125163
V689A:F690I,0.37949132919311523,-0.756967223868665
V689A:F690L,0.7028725147247314,-0.524789297961532
V689A:F690S,1.67301607131958,-1.45985986832568
V689A:F690Y,0.5770862102508545,-1.99620805048358
V689A:F691C,-0.5844120979309082,-5.06923071508359
V689A:F691I,0.531477689743042,-0.621570493409005
V689A:F691L,0.6954667568206787,-0.847958136950405
V689A:F691S,1.339438557624817,-0.785645568731602
V689A:F691V,0.9916908740997314,-1.34416193228071
V689A:F691Y,0.3206186294555664,-1.50160242802511
V689A:G696C,-1.0071340799331665,-2.28284148518196
V689A:G696D,0.08490645885467529,-1.85557764241819
V689A:G696S,0.5436919927597046,-0.7431955143601
V689A:G696V,-0.03947412967681885,0.70286032608602
V689A:G700C,-2.8477437496185303,-1.11060367913383
V689A:G700D,-1.5490700006484985,-4.50130305536736
V689A:G700S,-0.9451432228088379,-2.17576730668595
V689A:G704E,-3.1865947246551514,-4.27256058061567
V689A:G704R,-2.979825019836426,-3.52271948549281
V689A:G708C,-1.0021297931671143,-0.027639171600706
V689A:G708D,-3.098113536834717,-3.77257580915762
V689A:G708R,-3.0673108100891113,-3.42216012514129
V689A:G708S,-0.44261908531188965,-2.22020187251894
V689A:G708V,-0.04696488380432129,-4.69591733017402
V689A:G709C,-0.3184232711791992,-0.445642488713351
V689A:G709D,-2.7641146183013916,-2.2062895015367
V689A:G709R,-3.3190085887908936,-4.78311718196739
V689A:G709S,-0.2205432653427124,-3.82605167927175
V689A:I702F,-1.0156633853912354,-1.59999276379368
V689A:I702N,-1.8858156204223633,-3.5779223379734
V689A:I702T,-1.1377232074737549,-1.42578994791204
V689A:I702V,-0.18959105014801025,-1.12111471442335
V689A:I703F,-1.3439056873321533,-4.21318103859066
V689A:I703N,-2.9935262203216553,-5.5636229464058
V689A:I703T,-1.0818631649017334,-4.49543699462796
V689A:I703V,0.036695003509521484,-1.39214387364303
V689A:I712K,-3.389143705368042,-4.36570590140464
V689A:I712L,0.7605011463165283,-3.39897912151387
V689A:I712M,-0.44765937328338623,-4.21898373092882
V689A:I712T,-0.5146831274032593,-3.84978011222009
V689A:I712V,0.6022977828979492,-3.8925736290654
V689A:K699E,-0.29025232791900635,-3.09329824476645
V689A:K699I,0.3117194175720215,-2.07334923635071
V689A:K699N,-0.09635603427886963,-0.821510378069577
V689A:K699Q,-0.21014916896820068,-1.94585640856674
V689A:K699R,0.1322249174118042,-0.874231455655589
V689A:L705F,-0.2537485361099243,-0.376223540057627
V689A:L705H,-2.538442850112915,-3.77387820342201
V689A:L705I,0.5639955997467041,0.281276321499832
V689A:L705P,-0.5894922018051147,-4.54854334179568
V689A:L705R,-1.796889066696167,-3.67645518156034
V689A:L705V,0.360806941986084,-2.0943886235043
V689A:M706I,1.9097471237182617,-4.00077079900606
V689A:M706K,-2.376134157180786,-4.31600666235823
V689A:M706L,1.1427195072174072,-3.83307041868613
V689A:M706V,2.377697467803955,-2.11028604679468
V689A:N698D,-0.13872826099395752,-4.09523997244675
V689A:N698I,-1.015809178352356,-0.837694842664115
V689A:N698K,-0.11791276931762695,-5.01048111413447
V689A:N698S,0.3045666813850403,-4.71619764898768
V689A:N698T,-0.3703495264053345,-3.76538663399329
V689A:N698Y,-0.9238868951797485,-0.911831186188591
V689A:S697L,1.18716961145401,-0.530320942503576
V689A:S697P,0.03863346576690674,-2.99378562387355
V689A:S697T,0.1671508550643921,-0.280429875301928
V689A:V695A,0.5939011573791504,-1.16015791127141
V689A:V695E,1.0135719776153564,-1.27880926682967
V689A:V695G,0.7837028503417969,-0.590516640120198
V689A:V695M,-0.1987316608428955,0.277613619451904
V689A:V707A,-0.645999550819397,-2.79875931195523
V689A:V707E,-3.8419954776763916,-4.50789193548113
V689A:V707L,-0.61017906665802,0.891187189731553
V689A:V707M,-1.697284460067749,-1.43875829792734
V689A:V710A,0.19231534004211426,-3.27216488247639
V689A:V710D,-3.5391509532928467,-4.73600607932076
V689A:V710I,0.19297432899475098,-0.621205480482456
V689A:V711A,-0.17878317832946777,-3.60296427039467
V689A:V711D,-3.7838666439056396,-4.7719181589201
V689A:V711I,0.007702469825744629,-3.12800107935139
V689A:V711L,0.28010034561157227,-3.93596637704542
V689C,-2.652068614959717,-0.297576751095258
V689D,1.6192784309387207,0.7802046626088585
V689E,1.191455602645874,-1.240636226181281
V689E:A692E,1.3742309212684631,-1.33808820743968
V689E:A692G,0.9817098379135132,-1.38692640530207
V689E:A692P,0.8739093542098999,-0.885613019011206
V689E:A692S,0.9168061017990112,-1.68710668340754
V689E:A692T,0.6256146430969238,-0.570262786826043
V689E:A692V,0.4680384397506714,-0.865848627465279
V689E:A701E,-0.5521837472915649,-4.48236372077012
V689E:A701G,-0.1735018491744995,-2.96009779756397
V689E:A701S,-0.23857319355010986,-2.26624808830804
V689E:A701T,0.30012190341949463,0.707952715582326
V689E:A701V,0.663527250289917,1.72331197635211
V689E:A713E,-2.8279093503952026,-4.44065160272808
V689E:A713G,-0.11854684352874756,-4.07986055670549
V689E:A713S,-0.4808241128921509,-1.69062652635023
V689E:A713T,-0.12891113758087158,-0.270719803842279
V689E:A713V,0.9264361262321472,0.334075411303627
V689E:D694E,0.7169617414474487,-0.0118911773364495
V689E:D694G,0.3385728597640991,0.643978808479628
V689E:D694N,0.4176822900772095,0.197373951753822
V689E:D694V,0.2972456216812134,-1.04391494038666
V689E:D694Y,0.1930241584777832,-4.08117331102335
V689E:E693A,0.04364299774169922,-2.08123718859178
V689E:E693D,0.5551211833953857,-0.213959462747968
V689E:E693G,0.31086885929107666,0.218911415488204
V689E:E693K,0.44435131549835205,-0.499808771088103
V689E:E693V,-0.2715815305709839,1.54676271971515
V689E:F690I,0.644379734992981,-0.048503931808869
V689E:F690L,0.9677609205245972,-1.12619094059817
V689E:F690S,1.9379044771194458,-0.949121444308079
V689E:F690Y,0.8419746160507202,-0.308478664273347
V689E:F691C,-0.3195236921310425,-2.62056430553497
V689E:F691I,0.7963660955429077,-1.09030668910257
V689E:F691L,0.9603551626205444,-0.820182934858054
V689E:F691S,1.6043269634246826,-1.18189934344067
V689E:F691Y,0.5855070352554321,-0.687173273616874
V689E:G696A,0.4355764389038086,-2.39552133609827
V689E:G696C,-0.7422456741333008,-1.51492598352392
V689E:G696D,0.349794864654541,-2.56597230607452
V689E:G696R,0.357072114944458,-3.04610890223942
V689E:G696S,0.8085803985595703,-1.01530410401394
V689E:G696V,0.22541427612304688,-1.16329275421801
V689E:G700C,-2.5828553438186646,-0.296527425528731
V689E:G700D,-1.2841815948486328,-2.7548381505354
V689E:G700S,-0.6802548170089722,-1.65064123969716
V689E:G700V,-1.2214479446411133,0.325633241076079
V689E:G704A,-0.6450170278549194,-4.0452439103372
V689E:G704E,-2.9217063188552856,-4.15284196102201
V689E:G704R,-2.71493661403656,-2.96452335200518
V689E:G704V,-1.63776433467865,-1.07356603787973
V689E:G708C,-0.7372413873672485,0.188976073537173
V689E:G708D,-2.833225131034851,-3.56098617915317
V689E:G708S,-0.17773067951202393,-3.39885360925824
V689E:G708V,0.21792352199554443,-4.60629845798661
V689E:G709C,-0.053534865379333496,0.385684921952481
V689E:G709D,-2.499226212501526,-1.70857303346413
V689E:G709S,0.04434514045715332,-3.04748216779165
V689E:G709V,0.7976284623146057,-4.86644174391153
V689E:I702F,-0.7507749795913696,-0.879134809133586
V689E:I702N,-1.6209272146224976,-3.05976259604781
V689E:I702T,-0.8728348016738892,-2.39740973223508
V689E:I702V,0.07529735565185547,-1.06916967284745
V689E:I703F,-1.0790172815322876,-3.70443619830819
V689E:I703N,-2.7286378145217896,-3.64195689989736
V689E:I703T,-0.8169747591018677,-4.49440325984992
V689E:I703V,0.3015834093093872,-2.94294019526966
V689E:I712K,-3.1242552995681763,-4.09819820813816
V689E:I712L,1.025389552116394,-2.49062776548521
V689E:I712M,-0.1827709674835205,-3.20343582798516
V689E:I712T,-0.24979472160339355,-4.45392929009668
V689E:I712V,0.8671861886978149,-3.24421412025448
V689E:K699E,-0.025363922119140625,-2.37137661619506
V689E:K699I,0.5766078233718872,-2.66259653203698
V689E:K699N,0.1685323715209961,-2.12088503394754
V689E:K699R,0.3971133232116699,-0.561427920277495
V689E:K699T,1.2790676951408386,-3.50792694689872
V689E:L705F,0.011139869689941406,-0.187284007387153
V689E:L705H,-2.2735544443130493,-3.87304708678044
V689E:L705I,0.8288840055465698,0.107452301154091
V689E:L705P,-0.324603796005249,-3.79644890582424
V689E:L705V,0.6256953477859497,-0.321900440817007
V689E:M706I,2.1746355295181274,-3.18329627254531
V689E:M706K,-2.1112457513809204,-5.46281278930147
V689E:M706L,1.407607913017273,-4.17701988338125
V689E:M706R,-1.886353611946106,-4.34089530373073
V689E:M706T,1.8818730115890503,-4.38621492280993
V689E:M706V,2.642585873603821,-2.61703069519935
V689E:N698D,0.1261601448059082,-4.31569153817461
V689E:N698I,-0.7509207725524902,-0.312088705414968
V689E:N698K,0.14697563648223877,-1.03056738124666
V689E:N698S,0.569455087184906,-2.03625871755252
V689E:N698T,-0.10546112060546875,-3.75006149686067
V689E:N698Y,-0.6589984893798828,-0.329687545790866
V689E:S697L,1.4520580172538757,-1.89968491805282
V689E:S697P,0.30352187156677246,-1.7243333528804
V689E:S697T,0.4320392608642578,-0.55260065979444
V689E:V695A,0.8587895631790161,-0.838810181276949
V689E:V695E,1.2784603834152222,-1.64153005223245
V689E:V695G,1.0485912561416626,-1.33612976058345
V689E:V695L,0.6196430921554565,-1.22222582129715
V689E:V695M,0.06615674495697021,-0.644107080931435
V689E:V707A,-0.38111114501953125,-2.7508340274845
V689E:V707E,-3.577107071876526,-3.99039079799862
V689E:V707L,-0.3452906608581543,-0.692567679254257
V689E:V707M,-1.4323960542678833,-1.30868932896537
V689E:V710A,0.45720374584198,-3.1453883164089
V689E:V710D,-3.274262547492981,-4.45622315981646
V689E:V710I,0.4578627347946167,-0.31847497343796
V689E:V710L,0.42710745334625244,-3.58124410529124
V689E:V711A,0.08610522747039795,-4.54228100754124
V689E:V711D,-3.518978238105774,-3.88148591488936
V689E:V711F,-0.20120930671691895,-2.56737159302493
V689E:V711I,0.27259087562561035,-2.64096177409983
V689E:V711L,0.544988751411438,-2.98707814327231
V689F,-0.6602840423583984,1.32938874603193
V689G,1.2336702346801758,-1.0824876282649123
V689G:A692V,0.48914575576782227,-1.9647736788678
V689G:A713S,-0.459716796875,-1.20397785996411
V689G:A713V,0.9475434422492981,0.706159515465098
V689G:D694N,0.43878960609436035,-1.55284242156736
V689G:D694V,0.31835293769836426,-4.80925035111826
V689G:E693D,0.5762284994125366,-0.28508145331175
V689G:E693G,0.33197617530822754,1.30919977432138
V689G:E693V,-0.250474214553833,1.44843463177672
V689G:F690I,0.6654870510101318,-0.0645388046328821
V689G:F691L,0.9814624786376953,-0.984903006063049
V689G:F691Y,0.606614351272583,-0.755993516268217
V689G:G696C,-0.7211383581161499,-1.5941605708981
V689G:G696S,0.8296877145767212,0.92031476210857
V689G:G696V,0.24652159214019775,-0.0696793809399609
V689G:G700C,-2.5617480278015137,0.0832032150443719
V689G:G700D,-1.263074278831482,-3.88092739855141
V689G:G709C,-0.03242754936218262,-0.403982037003372
V689G:I702F,-0.7296676635742188,-1.44001950663953
V689G:I702T,-0.8517274856567383,-2.00114496175603
V689G:I702V,0.09640467166900635,-1.30874350507717
V689G:I703N,-2.7075304985046387,-4.80105153586925
V689G:I703T,-0.7958674430847168,-3.38754400320347
V689G:I712L,1.046496868133545,-2.71018845352579
V689G:I712M,-0.16166365146636963,-4.86644174391153
V689G:I712V,0.8882935047149658,-1.71980153072872
V689G:K699E,-0.004256606101989746,-2.46005985723585
V689G:K699N,0.18963968753814697,-2.74382803036649
V689G:K699R,0.4182206392288208,-0.959943765845489
V689G:L705H,-2.2524471282958984,-2.53862217973895
V689G:M706I,2.1957428455352783,-2.35778100811543
V689G:M706V,2.6636931896209717,-2.64064379413126
V689G:N698D,0.14726746082305908,-4.04844436047211
V689G:N698I,-0.7298134565353394,-0.72385995241852
V689G:N698Y,-0.6378911733627319,-0.133758237624483
V689G:S697L,1.4731653332710266,-0.153176323481585
V689G:S697P,0.32462918758392334,-4.40132388958964
V689G:S697T,0.4531465768814087,-0.279931334696179
V689G:V695A,0.879896879196167,-1.78235091693326
V689G:V695E,1.299567699432373,-1.39270004142266
V689G:V707A,-0.36000382900238037,-4.62911355760537
V689G:V707M,-1.4112887382507324,-1.71812251250647
V689G:V710D,-3.25315523147583,-4.62582202143938
V689G:V711A,0.10721254348754883,-3.10972085238158
V689G:V711D,-3.497870922088623,-4.93061060440744
V689H,0.5585713386535645,-0.0831181017277416
V689I,-0.715019702911377,0.3931358553664195
V689K,1.1216888427734375,-0.68967646077065
V689L,0.15999984741210938,-1.3289416900583
V689L:A701V,0.14779937267303467,0.385651129832899
V689L:E693D,0.03939330577850342,-3.42310292040669
V689L:F690I,0.12865185737609863,-0.78238322696848
V689L:F690Y,0.3262467384338379,-3.52910269266581
V689L:F691L,0.4446272850036621,-2.67256803133407
V689L:F691S,1.0885990858078003,-2.92614958716044
V689L:G696C,-1.257973551750183,-3.76647794619902
V689L:G696S,0.292852520942688,-3.00661410554119
V689L:G704E,-3.437434196472168,-4.51578487229837
V689L:G708C,-1.2529692649841309,-2.54520055914267
V689L:G708S,-0.6934585571289062,-4.53558749959454
V689L:G709C,-0.5692627429962158,-3.00554125753789
V689L:G709S,-0.471382737159729,-3.47544149175423
V689L:K699I,0.06087994575500488,-4.76979155080399
V689L:K699R,-0.1186145544052124,-4.99821102154266
V689L:L705H,-2.7892823219299316,-3.80921467140628
V689L:L705P,-0.8403316736221313,-4.39925105604241
V689L:M706I,1.6589076519012451,-3.24281919648548
V689L:M706K,-2.6269736289978027,-2.5847633357368
V689L:N698D,-0.3895677328109741,-2.88601234189803
V689L:N698I,-1.2666486501693726,-0.58574336136754
V689L:N698Y,-1.1747263669967651,-2.68320340855005
V689L:S697T,-0.08368861675262451,-2.9863896675378
V689L:V695E,0.7627325057983398,-1.25056465283628
V689L:V707E,-4.092834949493408,-2.04530228135294
V689L:V707M,-1.9481239318847656,-2.01745520217822
V689L:V711D,-4.034706115722656,-5.08655229055466
V689M,-0.785153865814209,-0.404347605065807
V689M:A692E,0.38592618703842163,-1.3891341682315
V689M:A692G,-0.00659489631652832,-1.47977105152514
V689M:A692T,-0.3626900911331177,-0.376241873640686
V689M:A692V,-0.5202662944793701,-0.308878139330595
V689M:A701E,-1.5404884815216064,-4.26093835287894
V689M:A701S,-1.2268779277801514,-3.28933921212037
V689M:A701T,-0.6881828308105469,0.406194770715613
V689M:A701V,-0.3247774839401245,1.19125049286152
V689M:A713E,-3.816214084625244,-3.84793852693002
V689M:A713G,-1.106851577758789,-4.40132388958964
V689M:A713S,-1.4691288471221924,-1.12354331391331
V689M:A713T,-1.117215871810913,-0.0507579942977808
V689M:A713V,-0.06186860799789429,0.615802705642172
V689M:D694E,-0.2713429927825928,0.286103747655976
V689M:D694G,-0.6497318744659424,0.0264877809389781
V689M:D694V,-0.6910591125488281,-4.05861952111219
V689M:D694Y,-0.7952805757522583,-3.63630811354693
V689M:E693A,-0.9446617364883423,-2.53528327847343
V689M:E693D,-0.43318355083465576,0.0469531639837173
V689M:E693G,-0.6774358749389648,1.50393447478131
V689M:E693K,-0.5439534187316895,-2.31440536511825
V689M:E693V,-1.2598862648010254,0.0299339315341229
V689M:F690I,-0.34392499923706055,0.745051416229774
V689M:F690L,-0.020543813705444336,-0.879753888722827
V689M:F690S,0.9495997428894043,-2.70420394080723
V689M:F690Y,-0.1463301181793213,-0.917639042118414
V689M:F691I,-0.1919386386871338,-1.01220113264402
V689M:F691L,-0.02794957160949707,-1.5537949243329
V689M:F691S,0.6160222291946411,-0.468275726282576
V689M:F691V,0.26827454566955566,-1.24281796245718
V689M:F691Y,-0.4027976989746094,-1.25130247448788
V689M:G696A,-0.5527282953262329,-1.10019875318411
V689M:G696C,-1.7305504083633423,-1.37346601322437
V689M:G696D,-0.6385098695755005,-3.56467782104033
V689M:G696R,-0.6312326192855835,-2.72543145724399
V689M:G696S,-0.1797243356704712,-1.31126292815304
V689M:G700C,-3.571160078048706,-0.476269387703671
V689M:G700D,-2.2724863290786743,-3.80333310024597
V689M:G704A,-1.633321762084961,-4.57828229057563
V689M:G704E,-3.910011053085327,-3.64006885366238
V689M:G704R,-3.7032413482666016,-3.8150270346302
V689M:G708C,-1.72554612159729,-0.250430096385376
V689M:G708D,-3.8215298652648926,-2.77163711411212
V689M:G708S,-1.1660354137420654,-3.45545825343923
V689M:G708V,-0.7703812122344971,-4.17690798080409
V689M:G709C,-1.041839599609375,-0.917850195447416
V689M:G709D,-3.4875309467315674,-1.96074507354624
V689M:G709S,-0.9439595937728882,-3.75605201516382
V689M:I702F,-1.7390797138214111,-2.4612237804822
V689M:I702N,-2.609231948852539,-3.56606808413354
V689M:I702T,-1.8611395359039307,-1.08934109018349
V689M:I702V,-0.913007378578186,-2.10573253140418
V689M:I703F,-2.067322015762329,-2.04096187956262
V689M:I703N,-3.716942548751831,-4.7207195447156
V689M:I703T,-1.8052794933319092,-4.04590058217172
V689M:I703V,-0.6867213249206543,-2.54274401221558
V689M:I712K,-4.112560033798218,-4.02555294116464
V689M:I712L,0.03708481788635254,-2.27877910294973
V689M:I712M,-1.171075701713562,-0.638825024490378
V689M:I712T,-1.238099455833435,-3.85306792363781
V689M:I712V,-0.12111854553222656,-3.52186955415074
V689M:K699E,-1.0136686563491821,-3.08046257213287
V689M:K699I,-0.4116969108581543,-1.37397692397609
V689M:K699N,-0.8197723627090454,-2.05632811947091
V689M:K699R,-0.5911914110183716,-1.93994092885658
V689M:L705F,-0.9771648645401001,-0.0440660097524265
V689M:L705H,-3.261859178543091,-3.45588338536703
V689M:L705I,-0.15942072868347168,0.786492895465769
V689M:L705P,-1.3129085302352905,-3.72476876742064
V689M:M706I,1.186330795288086,-2.78468366060571
V689M:M706K,-3.099550485610962,-4.75728236430911
V689M:M706L,0.41930317878723145,-2.88994550307353
V689M:M706R,-2.8746583461761475,-4.55500558545165
V689M:M706T,0.8935682773590088,-4.29311740824941
V689M:M706V,1.6542811393737793,-1.42099174215696
V689M:N698D,-0.8621445894241333,-3.43101982473527
V689M:N698H,-1.028633952140808,-3.24281919648548
V689M:N698I,-1.7392255067825317,-0.0057242123760775
V689M:N698S,-0.4188496470451355,-3.41671424163303
V689M:N698T,-1.0937658548355103,-3.7419384261133
V689M:N698Y,-1.6473032236099243,-0.495632009889819
V689M:S697L,0.46375328302383423,-0.512410219424561
V689M:S697P,-0.684782862663269,-3.17636292349504
V689M:S697T,-0.5562654733657837,0.460692949969796
V689M:V695A,-0.1295151710510254,-0.317144253731462
V689M:V695E,0.29015564918518066,-1.09971694312652
V689M:V695G,0.060286521911621094,-0.776604679709629
V689M:V695L,-0.36866164207458496,-2.6042003725698
V689M:V695M,-0.9221479892730713,0.535545115262433
V689M:V707A,-1.3694158792495728,-3.0986762902419
V689M:V707E,-4.565411806106567,-3.2259332970731
V689M:V707L,-1.3335953950881958,-0.592293783141635
V689M:V707M,-2.420700788497925,-0.905939383460823
V689M:V710A,-0.5311009883880615,-3.63995386133589
V689M:V710D,-4.2625672817230225,-2.29042869279191
V689M:V710I,-0.5304419994354248,0.0682618872355472
V689M:V711A,-0.9021995067596436,-3.92120191975499
V689M:V711D,-4.507282972335815,-3.89576097566819
V689M:V711F,-1.1895140409469604,-3.97105769685669
V689M:V711I,-0.7157138586044312,-2.25134374309812
V689N,1.1536850929260254,-0.13767722118918
V689P,1.5143496990203857,1.00300377308193
V689Q,0.6208875179290771,0.464391178708116
V689R,0.857957124710083,0.313895624459526
V689S,1.633155345916748,-0.725100286507197
V689T,0.6408922672271729,0.4752571019439471
V689W,-2.057422161102295,-0.149230215421075
V689Y,-0.7581548690795898,1.50196589739356
V695A,0.5261235237121582,-0.0854490791994289
V695A:A701E,-0.8848497867584229,-4.40201844703671
V695A:A701P,-0.5411975383758545,1.46390456333646
V695A:A701S,-0.5712392330169678,-3.11647628574345
V695A:A701T,-0.03254413604736328,0.581860631071433
V695A:A701V,0.3308612108230591,1.48369548052447
V695A:A713E,-3.1605753898620605,-2.74382803036649
V695A:A713G,-0.45121288299560547,-0.692054474015897
V695A:A713S,-0.8134901523590088,-0.155924825611357
V695A:A713T,-0.4615771770477295,-0.0555117434044746
V695A:A713V,0.5937700867652893,0.529637081313997
V695A:G696C,-1.0749117136001587,-0.602907456693621
V695A:G696D,0.017128825187683105,-3.06297741981031
V695A:G696R,0.024406075477600098,0.0722338930513282
V695A:G696S,0.4759143590927124,-0.176620219919587
V695A:G696V,-0.10725176334381104,-2.51815904152742
V695A:G700C,-2.9155213832855225,0.440713268582199
V695A:G700D,-1.6168476343154907,-3.58741600713672
V695A:G700S,-1.01292085647583,-4.80925035111826
V695A:G700V,-1.5541139841079712,1.59872454387415
V695A:G704E,-3.2543723583221436,-3.31466981772558
V695A:G704R,-3.047602653503418,-3.26887169688961
V695A:G708C,-1.0699074268341064,-1.50313294856939
V695A:G708D,-3.165891170501709,-4.2425711086692
V695A:G708R,-3.1350884437561035,-3.93596637704542
V695A:G708S,-0.5103967189788818,-3.81438960978566
V695A:G708V,-0.11474251747131348,-2.87928309024982
V695A:G709C,-0.3862009048461914,0.694129073095994
V695A:G709D,-2.831892251968384,-2.08485134798664
V695A:G709S,-0.2883208990097046,-3.33369391343568
V695A:G709V,0.4649624228477478,-4.66420487741664
V695A:I702F,-1.0834410190582275,-2.02157489329125
V695A:I702N,-1.9535932540893555,-2.76743376181657
V695A:I702S,-1.9831945896148682,-3.66451019725113
V695A:I702T,-1.205500841140747,-2.06622981366777
V695A:I702V,-0.25736868381500244,-0.461148198371111
V695A:I703F,-1.4116833209991455,-3.7934907093446
V695A:I703N,-3.0613038539886475,-3.56628881601514
V695A:I703T,-1.1496407985687256,-3.86958554935778
V695A:I703V,-0.031082630157470703,-1.50490445944306
V695A:I712K,-3.456921339035034,-2.50076678666635
V695A:I712L,0.6927235126495361,-1.91567719455042
V695A:I712M,-0.5154370069503784,-2.73267532072541
V695A:I712T,-0.5824607610702515,-3.91900659484513
V695A:I712V,0.534520149230957,-3.29446923908025
V695A:K699E,-0.35802996158599854,-0.698238954070885
V695A:K699I,0.2439417839050293,-2.22778963340799
V695A:K699N,-0.16413366794586182,-0.959872936935392
V695A:K699R,0.06444728374481201,-0.20371716135839
V695A:L705F,-0.3215261697769165,-1.02432923870842
V695A:L705H,-2.6062204837799072,-2.99874230420466
V695A:L705I,0.4962179660797119,0.0086857466792091
V695A:L705P,-0.6572698354721069,-2.8584879177891
V695A:L705R,-1.8646667003631592,-2.29366090967768
V695A:M706I,1.8419694900512695,-2.79415346859668
V695A:M706K,-2.4439117908477783,-4.21933406120943
V695A:M706L,1.074941873550415,-2.67277693657781
V695A:M706T,1.5492069721221924,-4.81572845570655
V695A:M706V,2.309919834136963,-0.235218446870131
V695A:N698D,-0.2065058946609497,-3.98980994146755
V695A:N698I,-1.0835868120193481,-0.373676927206229
V695A:N698S,0.2367890477180481,-1.79213074744367
V695A:N698Y,-0.9916645288467407,0.174634134155624
V695A:S697L,1.1193919777870178,-1.45717250763608
V695A:S697P,-0.02914416790008545,-1.43768897019614
V695A:S697T,0.0993732213973999,-0.530783889214557
V695A:V707A,-0.7137771844863892,-2.37614370001728
V695A:V707E,-3.909773111343384,-4.17683743699352
V695A:V707G,-1.7680950164794922,-3.79633385944756
V695A:V707L,-0.6779567003250122,-0.137174514934618
V695A:V707M,-1.7650620937347412,-0.756785791640301
V695A:V710A,0.12453770637512207,-3.496161946641
V695A:V710D,-3.606928586959839,-3.63055871101634
V695A:V710F,-0.3580930233001709,-3.89959873287455
V695A:V710I,0.1251966953277588,0.235026777900505
V695A:V711A,-0.24656081199645996,-4.29349888777527
V695A:V711D,-3.851644277572632,-3.92285686372497
V695A:V711I,-0.06007516384124756,-1.61607545057765
V695A:V711L,0.21232271194458008,-3.05250701315521
V695C,-2.1196842193603516,-1.2201424207542
V695D,1.380260944366455,-0.2911700677805265
V695E,1.3654651641845703,-0.4055911486720498
V695E:A701E,-0.4651789665222168,-4.15735151131833
V695E:A701G,-0.08649706840515137,-3.51198167454689
V695E:A701P,-0.12152671813964844,-2.52273618776638
V695E:A701S,-0.15156841278076172,-3.49755007581717
V695E:A701T,0.3871266841888428,-0.819460110151067
V695E:A701V,0.7505320310592651,1.19723497399811
V695E:A713E,-2.7409045696258545,-3.4580187542188
V695E:A713G,-0.031542062759399414,-3.33401196458467
V695E:A713P,-1.2400667667388916,-4.68590377843864
V695E:A713S,-0.39381933212280273,-0.828349254970435
V695E:A713T,-0.04190635681152344,-0.893527792175206
V695E:A713V,1.0134409070014954,-0.193990174320788
V695E:G696C,-0.6552408933639526,-1.80222224790563
V695E:G696D,0.43679964542388916,-4.11303840105745
V695E:G696S,0.8955851793289185,-0.594525592965357
V695E:G696V,0.312419056892395,-1.77237809917426
V695E:G700C,-2.4958505630493164,-0.484581542068114
V695E:G700D,-1.1971768140792847,-3.2165683283966
V695E:G700R,-1.0057110786437988,-0.560938348864897
V695E:G700S,-0.593250036239624,-2.97387257922635
V695E:G700V,-1.1344431638717651,-0.24473827223343
V695E:G704A,-0.5580122470855713,-4.57405378042234
V695E:G704E,-2.8347015380859375,-3.94321524656276
V695E:G704R,-2.627931833267212,-4.28971826735242
V695E:G704V,-1.5507595539093018,-3.38315636110274
V695E:G708A,0.5718894004821777,-1.4438361442863
V695E:G708C,-0.6502366065979004,-2.16739746193873
V695E:G708D,-2.746220350265503,-4.41121005098451
V695E:G708S,-0.09072589874267578,-3.22643282983092
V695E:G708V,0.3049283027648926,-3.92341761070557
V695E:G709A,0.7468250393867493,-3.25658373572251
V695E:G709C,0.03346991539001465,0.278653559223591
V695E:G709D,-2.4122214317321777,-3.27381188593629
V695E:G709R,-2.9671154022216797,-3.72510489569517
V695E:G709S,0.13134992122650146,-2.96434825736386
V695E:G709V,0.8846332430839539,-3.4752369719046
V695E:I702F,-0.6637701988220215,-2.22718303724289
V695E:I702N,-1.5339224338531494,-1.62917408239224
V695E:I702T,-0.785830020904541,-2.32877895816776
V695E:I702V,0.1623021364212036,-2.32652707306466
V695E:I703F,-0.9920125007629395,-4.29388335207354
V695E:I703M,-1.162811040878296,-5.45364193879662
V695E:I703N,-2.6416330337524414,-3.22855164257117
V695E:I703S,-1.4501893520355225,-4.64681313470477
V695E:I703T,-0.7299699783325195,-4.31390907014663
V695E:I703V,0.38858819007873535,-3.58722657393938
V695E:I712K,-3.037250518798828,-4.38811395418757
V695E:I712L,1.1123943328857422,-2.45652847293675
V695E:I712M,-0.09576618671417236,-3.47136359816898
V695E:I712T,-0.1627899408340454,-3.80462081705891
V695E:I712V,0.9541909694671631,-3.95232054197303
V695E:K699E,0.06164085865020752,-3.30081836447776
V695E:K699I,0.6636126041412354,-2.60015232554266
V695E:K699N,0.25553715229034424,-1.50586012124161
V695E:K699R,0.48411810398101807,-0.430694026075821
V695E:K699T,1.3660724759101868,-3.41316456223272
V695E:L705F,0.09814465045928955,-1.48620391582832
V695E:L705H,-2.186549663543701,-2.96186696372527
V695E:L705I,0.915888786315918,-0.0836769779141198
V695E:L705P,-0.23759901523590088,-3.75354855776361
V695E:L705R,-1.4449958801269531,-4.51118606979191
V695E:L705V,0.7127001285552979,-1.24634186151699
V695E:M706I,2.2616403102874756,-2.31610336700746
V695E:M706K,-2.0242409706115723,-4.51513030741073
V695E:M706L,1.494612693786621,-3.27590192506881
V695E:M706T,1.9688777923583984,-3.85838509658183
V695E:M706V,2.729590654373169,-1.08001057980288
V695E:N698D,0.21316492557525635,-4.16637466047931
V695E:N698H,0.04667556285858154,-4.94197875298399
V695E:N698I,-0.6639159917831421,-0.240003890286632
V695E:N698K,0.23398041725158691,-4.93449520715655
V695E:N698S,0.6564598679542542,-3.63770084893937
V695E:N698T,-0.018456339836120605,-4.00299289484401
V695E:N698Y,-0.5719937086105347,-0.178483257764774
V695E:S697A,0.45392143726348877,-3.80921467140628
V695E:S697L,1.5390627980232239,-2.54598375982634
V695E:S697P,0.3905266523361206,-4.66119578841733
V695E:S697T,0.519044041633606,-1.59245849510135
V695E:V707A,-0.2941063642501831,-3.41524916933243
V695E:V707E,-3.4901022911071777,-3.77757504742481
V695E:V707G,-1.3484241962432861,-3.81383117776768
V695E:V707L,-0.25828588008880615,-1.81469210387925
V695E:V707M,-1.3453912734985352,-1.83531531725183
V695E:V710A,0.5442085266113281,-4.07117073737499
V695E:V710D,-3.187257766723633,-4.70020628690391
V695E:V710F,0.061577796936035156,-3.17269596335716
V695E:V710I,0.5448675155639648,-0.842355526250212
V695E:V710L,0.5141122341156006,-3.729440495897
V695E:V711A,0.1731100082397461,-4.5515998134068
V695E:V711D,-3.431973457336426,-4.25905157784266
V695E:V711F,-0.1142045259475708,-5.04910863544045
V695E:V711I,0.3595956563949585,-1.6689309882834
V695F,-0.08815622329711914,-0.830448565098439
V695G,0.9057269096374512,1.1678447889222956
V695G:A701S,-0.3814375400543213,-1.67296027033203
V695G:A701T,0.1572575569152832,0.643464758260857
V695G:A701V,0.5206629037857056,1.0621257553172
V695G:A713V,0.7835717797279358,1.1438263840447
V695G:G696C,-0.8851100206375122,-0.0574652967192687
V695G:G696D,0.2069305181503296,-3.10951383273493
V695G:G700C,-2.725719690322876,1.01540025893006
V695G:G700D,-1.4270459413528442,-3.2616015538273
V695G:G700S,-0.8231191635131836,-2.57066158541438
V695G:G708C,-0.88010573387146,0.468554715322553
V695G:G708D,-2.9760894775390625,-3.4029093014293
V695G:G709C,-0.19639921188354492,-0.824916054939524
V695G:G709D,-2.6420905590057373,-3.85628770716631
V695G:I702F,-0.893639326095581,-0.127422419175397
V695G:I702V,-0.06756699085235596,-0.0789811753654851
V695G:I703T,-0.9598391056060791,-3.90023800677695
V695G:I703V,0.15871906280517578,-1.33372302055288
V695G:I712K,-3.2671196460723877,-3.11647628574345
V695G:I712L,0.8825252056121826,-1.38538158775726
V695G:I712M,-0.32563531398773193,-1.348359348088
V695G:I712T,-0.392659068107605,-3.0002579789191
V695G:I712V,0.7243218421936035,-2.65059929596269
V695G:K699E,-0.16822826862335205,-3.71095211480887
V695G:K699I,0.4337434768676758,0.482839092574446
V695G:K699N,0.025668025016784668,1.38824050547632
V695G:K699R,0.2542489767074585,0.234942512465105
V695G:L705H,-2.4164187908172607,-3.16951482427879
V695G:M706I,2.031771183013916,-0.44422225129438
V695G:M706K,-2.254110097885132,-3.81383117776768
V695G:M706L,1.2647435665130615,-2.15399808540707
V695G:M706V,2.4997215270996094,0.607052397814546
V695G:N698D,-0.016704201698303223,-3.634019784339
V695G:N698K,0.004111289978027344,-1.29690904743016
V695G:N698S,0.4265907406806946,-0.717986570838932
V695G:N698Y,-0.8018628358840942,0.927609703012325
V695G:S697P,0.16065752506256104,-4.08576228994317
V695G:S697T,0.2891749143600464,1.03065989533507
V695G:V707A,-0.5239754915237427,-2.40931465823061
V695G:V707M,-1.5752604007720947,-0.765306003829936
V695G:V710D,-3.4171268939971924,-3.27321109303301
V695G:V710I,0.3149983882904053,-0.834873587833606
V695G:V711A,-0.05675911903381348,-1.33916069204075
V695G:V711D,-3.6618425846099854,-3.49238979927859
V695G:V711I,0.12972652912139893,0.186235139679644
V695H,0.18868136405944824,-0.0861913851451373
V695I,-0.3842644691467285,1.227542521155291
V695K,1.2764005661010742,0.431086351518233
V695L,0.04783058166503906,-0.418398865113146
V695L:A713V,0.35462361574172974,-0.022064638612175
V695L:G704R,-3.2867491245269775,-4.71463573104353
V695L:G708C,-1.309053897857666,-2.59383910236595
V695L:G708V,-0.35388898849487305,-4.71463573104353
V695L:G709S,-0.5274673700332642,-4.17329456335159
V695L:I702F,-1.322587490081787,-4.70037986192233
V695L:I703N,-3.300450325012207,-4.68590377843864
V695L:I703T,-1.3887872695922852,-3.9194092577852
V695L:I703V,-0.2702291011810303,-1.57454078402844
V695L:I712L,0.45357704162597656,-4.12894790876023
V695L:I712M,-0.754583477973938,-3.43697521092644
V695L:K699E,-0.5971764326095581,-3.55002582121418
V695L:K699I,0.0047953128814697266,-3.34774265088717
V695L:K699N,-0.4032801389694214,-0.45643715211336
V695L:K699R,-0.17469918727874756,-0.73021316748603
V695L:L705F,-0.5606726408004761,-3.06669586254044
V695L:L705H,-2.845366954803467,-3.97105769685669
V695L:M706V,2.0707733631134033,-1.57201233767508
V695L:N698D,-0.4456523656845093,-3.3337909746912
V695L:N698H,-0.6121417284011841,-4.45775384423295
V695L:N698I,-1.3227332830429077,-1.83743379166391
V695L:N698Y,-1.2308109998703003,-0.186343934364049
V695L:S697P,-0.268290638923645,-3.27949512990259
V695L:S697T,-0.13977324962615967,-0.253975757948215
V695L:V707E,-4.148919582366943,-4.61022371760011
V695L:V711D,-4.090790748596191,-4.34689161863759
V695M,-1.0591421127319336,0.240979517901818
V695M:A701E,-1.6774826049804688,-2.85385067472607
V695M:A701G,-1.2988007068634033,0.348896509174811
V695M:A701P,-1.3338303565979004,-0.623564494166399
V695M:A701S,-1.3638720512390137,-3.23111223739093
V695M:A701T,-0.8251769542694092,1.11870856248801
V695M:A701V,-0.4617716073989868,1.97117162660809
V695M:A713E,-3.9532082080841064,-2.54967201592553
V695M:A713S,-1.6061229705810547,-0.387090830061626
V695M:A713T,-1.2542099952697754,0.200630096842895
V695M:A713V,-0.1988627314567566,0.725491572453179
V695M:G696C,-1.8675445318222046,-0.8528512274281
V695M:G696D,-0.7755039930343628,-2.86222213947996
V695M:G696S,-0.3167184591293335,-0.987876263713967
V695M:G700C,-3.7081542015075684,-0.182380138088345
V695M:G700D,-2.4094804525375366,-3.64007003724099
V695M:G700S,-1.805553674697876,-4.13012239148638
V695M:G704E,-4.0470051765441895,-3.17310492717245
V695M:G704R,-3.840235471725464,-3.78810755097777
V695M:G708A,-0.6404142379760742,-3.81118182900329
V695M:G708C,-1.8625402450561523,-1.32856405205083
V695M:G708D,-3.958523988723755,-4.20410546706663
V695M:G708S,-1.3030295372009277,-2.8599302433547
V695M:G709C,-1.1788337230682373,-0.157581177581068
V695M:G709D,-3.6245250701904297,-1.60828416889649
V695M:G709S,-1.0809537172317505,-2.37916241537488
V695M:I702F,-1.8760738372802734,-0.713327304420752
V695M:I702N,-2.7462260723114014,-1.44864857360258
V695M:I702T,-1.998133659362793,-2.28033527851428
V695M:I702V,-1.0500015020370483,-0.0329463267434658
V695M:I703F,-2.2043161392211914,-3.25189492294778
V695M:I703N,-3.8539366722106934,-3.65524774276766
V695M:I703T,-1.9422736167907715,-3.47291240527165
V695M:I703V,-0.8237154483795166,-1.44484864781032
V695M:I712K,-4.24955415725708,-3.31857116397836
V695M:I712L,-0.09990930557250977,-1.33939805930727
V695M:I712M,-1.3080698251724243,-1.90294186972272
V695M:I712T,-1.3750935792922974,-3.35459341861674
V695M:I712V,-0.25811266899108887,-2.20599034322007
V695M:K699E,-1.1506627798080444,-1.60986773773508
V695M:K699I,-0.5486910343170166,-4.03705391717807
V695M:K699N,-0.9567664861679077,0.356457687958318
V695M:K699R,-0.7281855344772339,0.257741278861453
V695M:K699T,0.15376883745193481,-0.735097868931306
V695M:L705F,-1.1141589879989624,-0.373211218453662
V695M:L705H,-3.398853302001953,-3.51144117543748
V695M:L705P,-1.4499026536941528,-3.23083280189466
V695M:M706I,1.0493366718292236,-1.26237449031674
V695M:M706K,-3.236544609069824,-3.85767581503345
V695M:M706L,0.28230905532836914,-3.38543005017388
V695M:M706R,-3.0116524696350098,-3.50494236404726
V695M:M706T,0.7565741539001465,-4.01974633294247
V695M:M706V,1.517287015914917,0.25682585850789
V695M:N698D,-0.9991387128829956,-2.96387547611809
V695M:N698I,-1.876219630241394,-0.344867556929026
V695M:N698S,-0.5558437705039978,-1.43783931752224
V695M:N698Y,-1.7842973470687866,-0.177456538606407
V695M:S697L,0.3267591595649719,-1.02054953028522
V695M:S697P,-0.8217769861221313,-2.07705297276452
V695M:S697T,-0.693259596824646,0.148167085310387
V695M:V707A,-1.506410002708435,-1.82192575497075
V695M:V707E,-4.70240592956543,-3.96844338178019
V695M:V707M,-2.557694911956787,-0.334623183670006
V695M:V710A,-0.6680951118469238,-2.11540505317397
V695M:V710D,-4.399561405181885,-3.32199670519207
V695M:V710I,-0.6674361228942871,0.956330171460727
V695M:V711A,-1.0391936302185059,-2.05072878342483
V695M:V711D,-4.644277095794678,-3.69376914626563
V695M:V711G,-1.7608723640441895,-4.68129931077594
V695M:V711I,-0.8527079820632935,-0.676082528449845
V695N,0.5236539840698242,0.132292772296451
V695P,-0.1277003288269043,-0.386935960001562
V695Q,0.19814825057983398,1.65402473611587
V695R,0.338085412979126,0.462216722825123
V695S,1.3861751556396484,-0.1174913720071059
V695T,0.3892955780029297,-0.9432405411940366
V695W,-1.5005245208740234,-3.680102984899415
V695Y,-0.7197179794311523,-2.55882714115191
V707A,-1.9536778926849365,-1.84272412312087
V707A:A713E,-4.400476098060608,-3.79633385944756
V707A:A713S,-2.053390860557556,-2.35164719772597
V707A:A713T,-1.7014778852462769,-3.19972296144605
V707A:A713V,-0.6461306214332581,-0.667599764159387
V707A:G708C,-2.309808135032654,-3.23777208198855
V707A:G708D,-4.405791878700256,-1.49038499708202
V707A:G708S,-1.7502974271774292,-4.35052947350042
V707A:G708V,-1.3546432256698608,-4.77814913676586
V707A:G709C,-1.6261016130447388,-1.61717334403035
V707A:G709D,-4.071792960166931,-2.8879570941981
V707A:G709S,-1.528221607208252,-4.457137580467
V707A:I712K,-4.6968220472335815,-3.13211242272062
V707A:I712L,-0.5471771955490112,-4.62747294958394
V707A:I712M,-1.7553377151489258,-3.48807610996249
V707A:I712T,-1.8223614692687988,-1.99206364382653
V707A:I712V,-0.7053805589675903,-3.49568797558314
V707A:V710A,-1.1153630018234253,-4.61225347084342
V707A:V710D,-4.846829295158386,-3.94523822157361
V707A:V710I,-1.1147040128707886,-0.677086731503294
V707A:V711D,-5.091544985771179,-5.16096011434779
V707A:V711I,-1.299975872039795,-4.23435603765387
V707C,-3.050280809402466,0.677585406175791
V707D,-9.251230239868164,-3.59173245414025
V707E,-8.345669746398926,-4.08309264038669
V707E:A713E,-7.5964720249176025,-3.22219990928274
V707E:A713S,-5.249386787414551,-3.09289820088872
V707E:A713T,-4.8974738121032715,-3.28195919340318
V707E:A713V,-3.8421265482902527,-2.1211410145128
V707E:G708C,-5.505804061889648,-1.64514998643882
V707E:G708D,-7.601787805557251,-4.77727748781979
V707E:G708S,-4.946293354034424,-2.67655359136004
V707E:G708V,-4.5506391525268555,-3.36409346872918
V707E:G709C,-4.822097539901733,-4.24171986836744
V707E:G709D,-7.267788887023926,-3.1277115528589
V707E:G709R,-7.822682857513428,-5.18872934554079
V707E:G709S,-4.724217534065247,-4.2996182115502
V707E:I712K,-7.892817974090576,-4.76256204221526
V707E:I712L,-3.743173122406006,-3.56597281196409
V707E:I712M,-4.95133364200592,-4.25452713866877
V707E:I712T,-5.0183573961257935,-3.8341766363542
V707E:I712V,-3.901376485824585,-3.96862301858061
V707E:V710A,-4.31135892868042,-3.83261900536891
V707E:V710D,-8.04282522201538,-3.66403266156178
V707E:V710I,-4.310699939727783,-2.78614742697343
V707E:V711A,-4.682457447052002,-5.69938642120515
V707E:V711D,-8.287540912628174,-4.72276159389238
V707E:V711F,-4.969771981239319,-2.65145471023547
V707E:V711I,-4.4959717988967896,-3.30970629971347
V707F,-3.1205484867095947,1.03373176852619
V707G,-4.062313556671143,-2.944453686546
V707G:G708C,-3.364125967025757,-2.35591631897815
V707G:I712T,-2.876679301261902,-4.68129931077594
V707G:I712V,-1.7596983909606934,-3.93596637704542
V707H,-9.282596588134766,-2.91726725033798
V707I,-0.7820796370506287,0.8485927153968045
V707K,-9.089225769042969,-2.7081097066598447
V707L,-1.8820369243621826,0.6776317900246205
V707L:A713S,-2.017570376396179,-0.388650487253273
V707L:G708C,-2.273987650871277,1.1419745870456
V707L:G708D,-4.369971394538879,-4.79341660889664
V707L:G709C,-1.5902811288833618,-3.27139854283338
V707L:G709D,-4.035972476005554,-2.74265717337717
V707L:G709S,-1.492401123046875,-3.10553824912687
V707L:I712K,-4.661001563072205,-4.87175929975187
V707L:I712L,-0.5113567113876343,-1.05562351267621
V707L:I712T,-1.7865409851074219,-3.1520871439785
V707L:I712V,-0.6695600748062134,-2.53455767801564
V707L:V710D,-4.811008810997009,-4.85225710891958
V707L:V710I,-1.0788835287094116,1.17814530591482
V707L:V711A,-1.4506410360336304,-2.98707814327231
V707L:V711D,-5.055724501609802,-3.29119399439018
V707M,-4.056247711181641,0.1557987284838004
V707M:A713E,-5.45176100730896,-2.58757073040908
V707M:A713S,-3.104675769805908,-0.074718202698836
V707M:A713T,-2.752762794494629,0.942108326287412
V707M:A713V,-1.69741553068161,0.62414918114407
V707M:G708C,-3.361093044281006,-0.202063064936866
V707M:G708D,-5.457076787948608,-3.88878716461839
V707M:G708S,-2.8015823364257812,-3.60857160478007
V707M:G708V,-2.405928134918213,-3.63887083303321
V707M:G709C,-2.677386522293091,-1.30610730515606
V707M:G709D,-5.123077869415283,-1.86138616388359
V707M:G709S,-2.579506516456604,-3.97069645141326
V707M:I712K,-5.748106956481934,-3.16856892864843
V707M:I712L,-1.5984621047973633,-1.94727552324222
V707M:I712M,-2.806622624397278,-2.98102417484241
V707M:I712T,-2.873646378517151,-3.90764580866063
V707M:I712V,-1.7566654682159424,-2.57209318644905
V707M:V710A,-2.1666479110717773,-3.66536596023744
V707M:V710D,-5.898114204406738,-4.67383720066291
V707M:V710G,-2.649570941925049,-4.64681313470477
V707M:V710I,-2.1659889221191406,0.106369031585096
V707M:V711A,-2.5377464294433594,-3.84351821671048
V707M:V711D,-6.142829895019531,-3.93183847809203
V707M:V711G,-3.259425163269043,-4.65631133787575
V707M:V711I,-2.351260781288147,-0.713500996656126
V707N,-8.343530654907227,-1.67968522870204
V707P,-7.8778767585754395,-3.75466733992281
V707Q,-8.792875289916992,-2.83186698216118
V707R,-9.02956485748291,-2.70485571311659
V707S,-3.753716230392456,-2.083862836053595
V707T,-3.077850818634033,-0.410651070740582
V707W,-7.312646389007568,-3.71397263863747
V707Y,-6.435407638549805,0.649625742568305
V710A,-0.27704811096191406,-3.361311663828035
V710A:A713S,-1.215075969696045,-4.59116438251986
V710A:A713T,-0.8631629943847656,-3.06078729039838
V710A:A713V,0.19218426942825317,-3.35004529100658
V710A:I712K,-3.8585071563720703,-5.01048111413447
V710A:I712L,0.2911376953125,-3.21405784812619
V710A:I712M,-0.9170228242874146,-5.85603529491685
V710A:I712T,-0.9840465784072876,-5.63223665446271
V710A:I712V,0.1329343318939209,-2.68662256394945
V710A:V711A,-0.6481466293334961,-4.40709889456865
V710A:V711D,-4.253230094909668,-3.57671731707024
V710A:V711I,-0.4616609811782837,-5.3461300864641
V710A:V711L,-0.18926310539245605,-4.51578487229837
V710C,-2.238755226135254,-2.2458975148433
V710D,-7.739980697631836,-3.84710575783779
V710D:A713E,-7.293627500534058,-3.95366595414482
V710D:A713S,-4.946542263031006,-4.14841157759243
V710D:A713T,-4.594629287719727,-4.60291113658164
V710D:A713V,-3.5392820239067078,-3.72948911702359
V710D:I712K,-7.589973449707031,-5.03407300053493
V710D:I712L,-3.440328598022461,-4.4958034951202
V710D:I712M,-4.6484891176223755,-5.43194300826564
V710D:I712T,-4.7155128717422485,-4.05534748997817
V710D:I712V,-3.59853196144104,-2.28959448437065
V710D:V711A,-4.379612922668457,-4.14149338834037
V710D:V711D,-7.984696388244629,-4.50100772035645
V710D:V711F,-4.666927456855774,-3.97386146579214
V710D:V711G,-5.101291656494141,-3.72863960225428
V710D:V711I,-4.193127274513245,-5.07768435448137
V710E,-7.336483001708984,-4.26326680642542
V710F,-1.2423095703125,-1.809320755962565
V710F:A713T,-1.3457937240600586,-2.34673117192884
V710G,-1.242894172668457,-4.106886505403475
V710G:I712V,-0.3499886989593506,-5.34869399523347
V710G:V711D,-4.7361531257629395,-4.76264495022989
V710H,-8.12106990814209,-1.88697143520131
V710I,-0.2757301330566406,0.111546888612296
V710I:A713S,-1.2144169807434082,0.0395963766694046
V710I:A713T,-0.8625040054321289,0.391375160395236
V710I:A713V,0.1928432583808899,0.0502044481707133
V710I:I712K,-3.8578481674194336,-3.49687032464361
V710I:I712L,0.2917966842651367,-1.66155413411061
V710I:I712M,-0.9163638353347778,-1.86867578377254
V710I:I712T,-0.9833875894546509,-4.1437176542258
V710I:I712V,0.13359332084655762,-3.42534107357461
V710I:V711A,-0.6474876403808594,-3.70984219759308
V710I:V711D,-4.252571105957031,-3.93013753865813
V710I:V711I,-0.461001992225647,-1.22278402933473
V710K,-7.946176528930664,-2.96268958714086
V710L,-0.33724069595336914,-1.451139400273745
V710L:A713V,0.16208797693252563,-3.52054066788653
V710L:I712T,-1.0141428709030151,-4.01729571192901
V710L:I712V,0.10283803939819336,-3.66451019725114
V710L:V711D,-4.2833263874053955,-4.43929331813752
V710M,-2.466395854949951,-3.0595964592323
V710N,-6.075320720672607,-1.69061797588725
V710P,-3.890475273132324,-4.09811259181701
V710Q,-7.494654655456543,-1.50528775836003
V710R,-8.80264949798584,-3.20082880458167
V710S,-1.7092735767364502,-4.9989486467972
V710T,-1.6152853965759277,-1.071591661301612
V710W,-6.3217973709106445,-2.06214236632836
V710Y,-6.235589981079102,-2.9379498709488647
V711A,-1.0192451477050781,-2.978276280691495
V711A:A713S,-1.586174488067627,-4.53731514399708
V711A:A713T,-1.2342615127563477,-3.60329263582105
V711A:A713V,-0.17891424894332886,-3.82635729028905
V711A:I712K,-4.229605674743652,-3.86880823835141
V711A:I712L,-0.07996082305908203,-4.43049792788301
V711A:I712M,-1.2881213426589966,-4.10508705664843
V711A:I712T,-1.3551450967788696,-3.88060360654649
V711A:I712V,-0.23816418647766113,-3.86752230653803
V711C,-2.7055530548095703,-0.613812865148694
V711D,-8.229412078857422,-2.914705087382865
V711D:A713E,-7.538343191146851,-4.69100717570182
V711D:A713S,-5.191257953643799,-3.38774640998734
V711D:A713T,-4.8393449783325195,-3.15427669750473
V711D:A713V,-3.7839977145195007,-3.62931944631439
V711D:I712K,-7.834689140319824,-4.71143490703814
V711D:I712L,-3.685044288635254,-4.83614862768135
V711D:I712M,-4.8932048082351685,-4.14099557406734
V711D:I712T,-4.9602285623550415,-3.43088000608972
V711D:I712V,-3.843247652053833,-3.80373526089261
V711E,-7.238527297973633,-4.26856963471532
V711F,-1.593874216079712,-1.98774747169152
V711G,-2.4626026153564453,-3.33621238692026
V711G:A713S,-2.3078532218933105,-4.24462386095977
V711G:A713V,-0.9005929827690125,-3.88586124343624
V711G:I712V,-0.9598429203033447,-5.12555044391926
V711H,-8.501843452453613,-2.70409822730406
V711I,-0.6462738513946533,-1.542403177713555
V711I:A713E,-3.7467740774154663,-4.32945529410687
V711I:A713S,-1.3996888399124146,-1.37959411056657
V711I:A713T,-1.0477758646011353,-0.925527352498407
V711I:A713V,0.007571399211883545,-0.449784302340245
V711I:I712K,-4.04312002658844,-2.88699325708232
V711I:I712L,0.10652482509613037,-4.38558816021528
V711I:I712M,-1.1016356945037842,-3.26411575199896
V711I:I712T,-1.1686594486236572,-3.71345566237961
V711I:I712V,-0.05167853832244873,-4.75480177276887
V711K,-8.157381057739258,-3.90125905663935
V711L,-0.10147809982299805,-2.75935538401363
V711L:I712L,0.378922700881958,-4.56192306111496
V711L:I712V,0.2207193374633789,-4.68590377843864
V711M,-2.7904562950134277,-2.85518701679342
V711N,-7.360342025756836,-3.02478175671386
V711P,-6.382534027099609,-3.50407430917544
V711Q,-7.603070259094238,-3.19979714201895
V711R,-8.882122039794922,-4.28549556716391
V711S,-3.252397298812866,-2.9563009512312
V711T,-2.7848119735717773,-3.282129733984545
V711W,-6.527052879333496,-3.30112042418599
V711Y,-6.625701904296875,-2.058681136818385
Y681A,1.3937373161315918,0.0945633823613279
Y681C,-2.4461307525634766,0.002605496044928
Y681C:A692E,-0.44456225633621216,-2.03087822251036
Y681C:A692S,-0.9019870758056641,-1.39599995007439
Y681C:A692T,-1.1931785345077515,-2.23915630479055
Y681C:A692V,-1.350754737854004,-0.406366050325382
Y681C:A701E,-2.3709769248962402,-3.19474005503173
Y681C:A701G,-1.9922950267791748,-2.29366090967768
Y681C:A701S,-2.057366371154785,-3.7956090193505
Y681C:A701T,-1.5186712741851807,0.773370293837252
Y681C:A701V,-1.1552659273147583,1.63833876080196
Y681C:A713T,-1.9477043151855469,-0.0672542460774809
Y681C:A713V,-0.8923570513725281,0.550041489293743
Y681C:D694E,-1.1018314361572266,0.543991112754681
Y681C:D694G,-1.4802203178405762,0.36445621646462
Y681C:D694N,-1.4011108875274658,0.86648032203539
Y681C:D694V,-1.521547555923462,-2.25778326114683
Y681C:E682D,-1.1074705123901367,0.186552469906915
Y681C:E682G,-1.2115334272384644,0.292612950221096
Y681C:E682K,-1.3938367366790771,-2.59619203156043
Y681C:E682V,-1.3520780801773071,-0.658317871500517
Y681C:E693D,-1.2636719942092896,0.118237013894031
Y681C:E693G,-1.5079243183135986,1.752610351809
Y681C:E693V,-2.090374708175659,-1.01067472792124
Y681C:F690I,-1.1744134426116943,1.08211848975564
Y681C:F690L,-0.8510322570800781,-0.373484822737186
Y681C:F690S,0.11911129951477051,-2.32461936598941
Y681C:F690Y,-0.9768185615539551,-1.35904225011243
Y681C:F691I,-1.0224270820617676,0.242032534315498
Y681C:F691L,-0.8584380149841309,-0.262049497182012
Y681C:F691S,-0.21446621417999268,-0.0560928675536534
Y681C:F691Y,-1.2332861423492432,-0.0409779851728055
Y681C:G696C,-2.561038851737976,-1.32362404618091
Y681C:G696S,-1.010212779045105,-0.236735372312156
Y681C:G700C,-4.40164852142334,-1.50361550502807
Y681C:G700D,-3.102974772453308,-3.56648996793801
Y681C:G704A,-2.4638102054595947,-4.11530730570124
Y681C:G704E,-4.740499496459961,-3.72510908180857
Y681C:G704R,-4.533729791641235,-3.66192990962984
Y681C:G708C,-2.556034564971924,-0.473159123569481
Y681C:G708D,-4.652018308639526,-3.47544149175423
Y681C:G708S,-1.9965238571166992,-2.85667381417439
Y681C:G708V,-1.6008696556091309,-3.26182042488845
Y681C:G709C,-1.8723280429840088,-0.3132853527157
Y681C:G709D,-4.318019390106201,-1.83648223622634
Y681C:G709S,-1.774448037147522,-2.4149217712814
Y681C:H684L,-0.9316259622573853,-1.22126966321498
Y681C:H684Q,-0.9876331090927124,-0.305291567115972
Y681C:H684R,-1.0143141746520996,-0.536589035107064
Y681C:H684Y,-1.586807131767273,-0.201749900824692
Y681C:H685L,-1.3572036027908325,-0.0131753989963818
Y681C:H685Q,-1.034026861190796,-0.388423665650346
Y681C:H685R,-0.9886515140533447,-0.982892597324908
Y681C:H685Y,-1.7438849210739136,-0.789299222456562
Y681C:I702F,-2.569568157196045,-1.61691969303449
Y681C:I702N,-3.439720392227173,-2.09156654467082
Y681C:I702T,-2.6916279792785645,-0.808648642010762
Y681C:I702V,-1.7434958219528198,-0.830068628827331
Y681C:I703F,-2.897810459136963,-3.72993168728243
Y681C:I703N,-4.547430992126465,-3.32834136992364
Y681C:I703T,-2.635767936706543,-4.75074242632831
Y681C:I703V,-1.517209768295288,-1.52231657602378
Y681C:I712K,-4.943048477172852,-3.69006999313139
Y681C:I712L,-0.7934036254882812,-2.1702783410892
Y681C:I712M,-2.001564145088196,-3.55511758021186
Y681C:I712T,-2.068587899208069,-4.15650555976792
Y681C:I712V,-0.9516069889068604,-2.67267588548339
Y681C:K687E,-1.0397672653198242,-1.83280704053129
Y681C:K687I,-2.3382411003112793,-2.79182026090771
Y681C:K687N,-1.2295711040496826,-0.519773738392472
Y681C:K687R,-1.3029468059539795,-0.63516785365837
Y681C:K699E,-1.844157099723816,-2.57345225477232
Y681C:K699I,-1.242185354232788,-2.68163838462897
Y681C:K699N,-1.6502608060836792,0.126474473878146
Y681C:K699R,-1.4216798543930054,-0.421158330301051
Y681C:L688F,-1.5588064193725586,0.925761521937765
Y681C:L688M,-1.488576889038086,0.477145964724743
Y681C:L688S,-0.3890390396118164,-0.053051186856291
Y681C:L705F,-1.8076533079147339,-1.00523771276896
Y681C:L705H,-4.092347621917725,-2.7937682919089
Y681C:L705P,-2.1433969736099243,-3.68068183472958
Y681C:M706I,0.35584235191345215,-3.14901962323177
Y681C:M706K,-3.9300389289855957,-5.09356319369008
Y681C:M706L,-0.41118526458740234,-2.97019527159151
Y681C:M706T,0.063079833984375,-4.0313668566089
Y681C:M706V,0.8237926959991455,-2.75742780461246
Y681C:N698D,-1.692633032798767,-4.56844353595727
Y681C:N698I,-2.5697139501571655,-0.585574747250304
Y681C:N698S,-1.2493380904197693,-0.0325077393879156
Y681C:N698Y,-2.477791666984558,-0.432635573461853
Y681C:Q686H,-1.3257081508636475,0.210887504137909
Y681C:Q686K,-0.7702244520187378,-0.685033061031058
Y681C:Q686L,-1.761085033416748,-0.460216592840048
Y681C:Q686R,-0.9231233596801758,-2.80001900624632
Y681C:S697L,-0.36673516035079956,-0.220738336578764
Y681C:S697P,-1.5152713060379028,-2.60848505517399
Y681C:S697T,-1.3867539167404175,-0.712520500405696
Y681C:V683A,-1.2330355644226074,-0.185447632229828
Y681C:V683D,-0.959863543510437,-0.522704904782467
Y681C:V683I,-1.4257361888885498,0.160522427338994
Y681C:V689A,-0.892225980758667,-1.65747533182164
Y681C:V689E,-0.6273375749588013,-0.499653744593746
Y681C:V689G,-0.6062302589416504,-0.731447012841849
Y681C:V689M,-1.6156423091888428,-1.1263377211992
Y681C:V695A,-0.9600036144256592,-0.78325643266974
Y681C:V695E,-0.5403327941894531,-2.46061786986945
Y681C:V695G,-0.7702019214630127,-0.0779965604923086
Y681C:V695L,-1.1991500854492188,-0.443003510449445
Y681C:V695M,-1.752636432647705,0.353392499953382
Y681C:V707A,-2.1999043226242065,-1.8832507696841
Y681C:V707E,-5.395900249481201,-2.83241797067411
Y681C:V707M,-3.2511892318725586,-0.246250139497088
Y681C:V710A,-1.3615894317626953,-3.4952867448688
Y681C:V710D,-5.093055725097656,-3.77467785494935
Y681C:V710I,-1.3609304428100586,-0.47751732372663
Y681C:V711A,-1.7326879501342773,-3.47868249535377
Y681C:V711D,-5.337771415710449,-3.50987643575405
Y681C:V711I,-1.546202301979065,-0.958465021169375
Y681D,1.7021348476409912,-0.078010742917201
Y681D:F690I,0.8997193574905396,-0.356901788938693
Y681D:F691I,1.0517057180404663,-3.51248276343458
Y681D:I702V,0.33063697814941406,-1.37101701958389
Y681D:N698I,-0.49558115005493164,-3.00661410554119
Y681D:Q686H,0.7484246492385864,-3.71678535489134
Y681D:V711D,-3.2636386156082153,-3.7419384261133
Y681E,1.8576648235321045,0.882804461964121
Y681F,0.3541102409362793,-0.0731820793850324
Y681F:A692E,0.9555582404136658,-2.4185126725454
Y681F:A692S,0.49813342094421387,-3.38840739791894
Y681F:A692T,0.20694196224212646,-1.44994313433991
Y681F:A692V,0.04936575889587402,0.284681040595245
Y681F:A701T,-0.11855077743530273,1.19058669053128
Y681F:A701V,0.24485456943511963,1.43454153894353
Y681F:A713E,-3.24658203125,-3.61191666042277
Y681F:A713S,-0.8994967937469482,0.0583473599331921
Y681F:A713T,-0.547583818435669,0.0709230518959002
Y681F:A713V,0.5077634453773499,0.220759892605469
Y681F:D694E,0.29828906059265137,0.453318103090355
Y681F:D694G,-0.08009982109069824,0.591639715601204
Y681F:D694V,-0.12142705917358398,-4.0131303163694
Y681F:E682D,0.2926499843597412,-0.103917558825373
Y681F:E682G,0.18858706951141357,1.55005833174905
Y681F:E682K,0.006283760070800781,-0.852481353078791
Y681F:E682V,0.0480424165725708,0.171241896273031
Y681F:E693D,0.13644850254058838,0.22668510416862
Y681F:E693G,-0.1078038215637207,2.43120928199957
Y681F:E693V,-0.6902542114257812,0.714176433020128
Y681F:F690I,0.2257070541381836,1.30528156708351
Y681F:F690L,0.5490882396697998,-0.698894805144408
Y681F:F690S,1.5192317962646484,-0.0768852780849897
Y681F:F690Y,0.42330193519592285,-1.74276650280064
Y681F:F691I,0.37769341468811035,0.352529313099286
Y681F:F691L,0.5416824817657471,-0.783519584245558
Y681F:F691S,1.1856542825698853,-0.13783902799112
Y681F:F691V,0.8379065990447998,-0.82382375164702
Y681F:F691Y,0.16683435440063477,-0.462472543804687
Y681F:G696C,-1.1609183549880981,-1.09673124859698
Y681F:G696D,-0.06887781620025635,-2.59648608619581
Y681F:G696S,0.38990771770477295,0.957885381727533
Y681F:G700C,-3.001528024673462,-0.945349399447063
Y681F:G700D,-1.7028542757034302,-3.99261731886891
Y681F:G704E,-3.340378999710083,-3.76929459782396
Y681F:G704R,-3.1336092948913574,-3.58510540297211
Y681F:G708C,-1.155914068222046,-0.735411673862714
Y681F:G708D,-3.2518978118896484,-3.71809327775186
Y681F:G708R,-3.221095085144043,-4.62911355760537
Y681F:G708S,-0.5964033603668213,-3.13733640555177
Y681F:G708V,-0.20074915885925293,-3.50458315030255
Y681F:G709C,-0.47220754623413086,-1.06500530920014
Y681F:G709D,-2.9178988933563232,-2.03423057319867
Y681F:G709S,-0.37432754039764404,-2.81479103250231
Y681F:H684L,0.4684945344924927,-1.61453540817307
Y681F:H684Q,0.4124873876571655,0.25926443194438
Y681F:H684R,0.3858063220977783,-0.0882907133642446
Y681F:H684Y,-0.18668663501739502,0.151261903058843
Y681F:H685L,0.04291689395904541,-0.796858757231286
Y681F:H685N,0.38493311405181885,-0.711070141848182
Y681F:H685Q,0.36609363555908203,-0.0535762638414118
Y681F:H685R,0.4114689826965332,-1.2635185332486
Y681F:H685Y,-0.34376442432403564,-0.552468572482668
Y681F:I702F,-1.169447660446167,-2.10987665023553
Y681F:I702N,-2.039599895477295,-1.55997768841259
Y681F:I702T,-1.2915074825286865,-1.62756632366144
Y681F:I702V,-0.3433753252029419,-1.72885904103273
Y681F:I703F,-1.497689962387085,-3.19004243522007
Y681F:I703N,-3.147310495376587,-3.45680168025094
Y681F:I703T,-1.235647439956665,-3.24659330847609
Y681F:I703V,-0.11708927154541016,-2.05841071740909
Y681F:I712K,-3.5429279804229736,-3.32493867055583
Y681F:I712L,0.6067168712615967,-1.62479304958536
Y681F:I712M,-0.6014436483383179,-1.4085966449484
Y681F:I712T,-0.6684674024581909,-3.18959573085929
Y681F:I712V,0.4485135078430176,-2.81446071294829
Y681F:K687E,0.3603532314300537,-1.5411662118015
Y681F:K687I,-0.9381206035614014,-2.81491526982519
Y681F:K687N,0.1705493927001953,0.236631278366842
Y681F:K687R,0.09717369079589844,-0.633199451308627
Y681F:K687T,-0.2135310173034668,-0.292325708410331
Y681F:K699E,-0.444036602973938,-1.96772788127647
Y681F:K699I,0.15793514251708984,-2.66660080827367
Y681F:K699N,-0.25014030933380127,0.55327628663381
Y681F:K699R,-0.02155935764312744,-0.795264756418375
Y681F:L688F,-0.15868592262268066,0.60789847140571
Y681F:L688M,-0.08845639228820801,0.0410518418182931
Y681F:L688S,1.0110814571380615,-0.264733039211619
Y681F:L688W,-0.8322803974151611,-0.21553856519656
Y681F:L705F,-0.40753281116485596,-0.181673395559596
Y681F:L705H,-2.6922271251678467,-3.90499104288117
Y681F:L705P,-0.7432764768600464,-3.17592596740177
Y681F:M706I,1.75596284866333,-2.66053534630381
Y681F:M706K,-2.5299184322357178,-4.74328757326951
Y681F:M706L,0.9889352321624756,-3.46083028586373
Y681F:M706T,1.463200330734253,-3.88465868907561
Y681F:M706V,2.2239131927490234,-2.80025064950465
Y681F:N698D,-0.29251253604888916,-4.30592637510661
Y681F:N698I,-1.1695934534072876,-0.490736755422516
Y681F:N698S,0.15078240633010864,-3.52259164065591
Y681F:N698T,-0.5241338014602661,-3.29500494965605
Y681F:N698Y,-1.0776711702346802,0.0923916804784503
Y681F:Q686H,0.07441234588623047,0.469063882800608
Y681F:Q686K,0.6298960447311401,-2.43188898026915
Y681F:Q686L,-0.3609645366668701,-0.243667890962785
Y681F:Q686P,0.5264444351196289,0.522629985904967
Y681F:Q686R,0.47699713706970215,-2.27069719044351
Y681F:S697A,-0.05175602436065674,-2.65511759865587
Y681F:S697L,1.0333853363990784,-0.200661353494019
Y681F:S697P,-0.1151508092880249,-2.62016507462526
Y681F:S697T,0.01336658000946045,-0.713305279398713
Y681F:V683A,0.1670849323272705,-0.546939702013044
Y681F:V683D,0.4402569532394409,-0.0914213344492599
Y681F:V683F,-0.18030202388763428,-1.07135875608539
Y681F:V683I,-0.025615692138671875,-0.611582084000665
Y681F:V689A,0.5078945159912109,-1.84122605464768
Y681F:V689E,0.7727829217910767,-0.412778039396297
Y681F:V689G,0.7938902378082275,-0.701752275971664
Y681F:V689M,-0.21552181243896484,-0.254213396366101
Y681F:V695A,0.44011688232421875,-0.816611128973641
Y681F:V695E,0.8597877025604248,-1.13220478191033
Y681F:V695G,0.6299185752868652,0.546143716185441
Y681F:V695M,-0.35251593589782715,-0.975742042008064
Y681F:V707A,-0.7997838258743286,-2.29588674718389
Y681F:V707E,-3.9957797527313232,-2.442172615321
Y681F:V707M,-1.8510687351226807,0.274389028048119
Y681F:V710A,0.03853106498718262,-2.74392085196179
Y681F:V710D,-3.6929352283477783,-3.96663535539373
Y681F:V710I,0.039190053939819336,-0.868461809192854
Y681F:V711A,-0.3325674533843994,-3.05885627293732
Y681F:V711D,-3.9376509189605713,-3.47759627789617
Y681F:V711G,-1.054246187210083,-4.92124998040653
Y681F:V711I,-0.146081805229187,-2.13955327639988
Y681F:V711L,0.12631607055664062,-3.29604253603679
Y681G,1.3835935592651367,0.309075401418827
Y681H,0.7124791145324707,0.0696146453541137
Y681H:A692E,1.1347426772117615,-1.82015719119471
Y681H:A692G,0.7422215938568115,0.374297236600186
Y681H:A692P,0.6344211101531982,-2.39552133609827
Y681H:A692T,0.38612639904022217,-0.561549337202371
Y681H:A692V,0.22855019569396973,0.468682772309703
Y681H:A701P,-0.44801974296569824,-2.14420690781737
Y681H:A701S,-0.4780614376068115,-4.98620875210426
Y681H:A701T,0.06063365936279297,0.433883112973452
Y681H:A701V,0.42403900623321533,2.23834219045531
Y681H:A713S,-0.7203123569488525,-1.41393898962959
Y681H:A713T,-0.36839938163757324,-0.242666035775859
Y681H:A713V,0.6869478821754456,0.566917296162737
Y681H:D694E,0.47747349739074707,0.139554603281594
Y681H:D694G,0.09908461570739746,-0.052085945168492
Y681H:D694V,0.05775737762451172,-3.20696344306647
Y681H:E682D,0.4718344211578369,-0.286687983098173
Y681H:E682G,0.3677715063095093,0.414368693732468
Y681H:E682V,0.2272268533706665,-0.639437768005223
Y681H:E693D,0.3156329393386841,-0.0463793946849503
Y681H:E693G,0.071380615234375,2.3369180677367
Y681H:E693V,-0.5110697746276855,-0.87371111261031
Y681H:F690I,0.4048914909362793,0.487004441470394
Y681H:F690L,0.7282726764678955,-0.0466063346530223
Y681H:F690Y,0.6024863719940186,-1.01302642978836
Y681H:F691I,0.556877851486206,0.241116325689355
Y681H:F691L,0.7208669185638428,-0.800584156760411
Y681H:F691S,1.364838719367981,-0.713971419421612
Y681H:F691Y,0.34601879119873047,-0.0078981904326707
Y681H:G696C,-0.9817339181900024,-0.289894657129901
Y681H:G696D,0.11030662059783936,-3.13329745368312
Y681H:G696R,0.11758387088775635,-1.7197658982502
Y681H:G696V,-0.014073967933654785,-1.67639866913507
Y681H:G700C,-2.822343587875366,-0.778310877529221
Y681H:G700D,-1.5236698389053345,-4.23695995069892
Y681H:G700R,-1.3322041034698486,-3.00661410554119
Y681H:G704R,-2.9544248580932617,-3.24647238986338
Y681H:G704V,-1.8772525787353516,-4.51578487229837
Y681H:G708C,-0.9767296314239502,-0.194536155488127
Y681H:G708D,-3.0727133750915527,-3.93361328101645
Y681H:G708R,-3.0419106483459473,-4.64681313470477
Y681H:G708S,-0.4172189235687256,-2.66317832927885
Y681H:G709C,-0.29302310943603516,-0.0348455612434242
Y681H:G709D,-2.7387144565582275,-3.06372782147253
Y681H:G709S,-0.19514310359954834,-2.59280145792817
Y681H:H684L,0.6476789712905884,-0.770055144048671
Y681H:H684Q,0.5916718244552612,-0.677650419998201
Y681H:H684R,0.564990758895874,-0.504833900514598
Y681H:H684Y,-0.007502198219299316,0.986112736913831
Y681H:H685L,0.2221013307571411,0.0415462302441514
Y681H:H685N,0.5641175508499146,-0.940234103491432
Y681H:H685Q,0.5452780723571777,-1.00410433929031
Y681H:H685R,0.5906534194946289,-0.589718223085297
Y681H:I702F,-0.9902632236480713,-1.93430910864802
Y681H:I702N,-1.8604154586791992,-0.94031416258333
Y681H:I702V,-0.1641908884048462,-1.46698186558401
Y681H:I703F,-1.3185055255889893,-3.27650657376791
Y681H:I703N,-2.968126058578491,-3.62152210381021
Y681H:I703T,-1.0564630031585693,-4.22050264598296
Y681H:I703V,0.06209516525268555,-1.49839157172489
Y681H:I712K,-3.363743543624878,-3.02539894927439
Y681H:I712L,0.7859013080596924,-1.44010236124874
Y681H:I712M,-0.42225921154022217,-1.43069738388089
Y681H:I712T,-0.4892829656600952,-3.77696145515831
Y681H:I712V,0.6276979446411133,-2.17859151346044
Y681H:K687E,0.5395376682281494,-0.983073323390376
Y681H:K687I,-0.7589361667633057,-0.807498724761861
Y681H:K687N,0.349733829498291,0.241817552443259
Y681H:K687Q,0.22435176372528076,-0.665114461412907
Y681H:K687R,0.27635812759399414,-0.981830052761496
Y681H:K699E,-0.2648521661758423,-3.06406136834889
Y681H:K699I,0.33711957931518555,-1.48014369647808
Y681H:K699N,-0.07095587253570557,0.118020617746435
Y681H:K699R,0.15762507915496826,-0.571582466058995
Y681H:K699T,1.039579451084137,-1.38501631494043
Y681H:L688F,0.02049851417541504,0.361026027175028
Y681H:L688M,0.0907280445098877,0.499329771404059
Y681H:L688S,1.1902658939361572,0.0101150291968646
Y681H:L705H,-2.513042688369751,-3.33284404125692
Y681H:L705I,0.5893957614898682,0.493072220389198
Y681H:L705P,-0.5640920400619507,-3.49086393631381
Y681H:M706I,1.9351472854614258,-3.69409638940376
Y681H:M706K,-2.350733995437622,-4.74158023838247
Y681H:M706L,1.1681196689605713,-3.16989419828978
Y681H:M706T,1.6423847675323486,-3.7078344602746
Y681H:M706V,2.403097629547119,-2.24561029509725
Y681H:N698D,-0.11332809925079346,-3.66434990407558
Y681H:N698I,-0.9904090166091919,0.0713838123548184
Y681H:N698S,0.32996684312820435,-3.92929190928348
Y681H:N698Y,-0.8984867334365845,0.279897247207876
Y681H:Q686H,0.25359678268432617,0.450529639284141
Y681H:Q686L,-0.18178009986877441,-0.490661205222626
Y681H:Q686R,0.6561815738677979,-1.30929178391656
Y681H:S697L,1.212569773197174,-0.461398705174059
Y681H:S697P,0.0640336275100708,-1.8636731571922
Y681H:S697T,0.19255101680755615,0.0685775626992631
Y681H:V683A,0.3462693691253662,-0.729609107183814
Y681H:V683D,0.6194413900375366,-0.974794130631057
Y681H:V683I,0.15356874465942383,-0.66391812846789
Y681H:V689A,0.6870789527893066,-1.12667884541486
Y681H:V689E,0.9519673585891724,-1.08185136989737
Y681H:V689M,-0.03633737564086914,0.191792620486725
Y681H:V695A,0.6193013191223145,-0.355371017168443
Y681H:V695E,1.0389721393585205,-1.27952547158858
Y681H:V695M,-0.17333149909973145,-0.709215123599146
Y681H:V707A,-0.6205993890762329,-2.14757977776835
Y681H:V707E,-3.8165953159332275,-3.39042483813641
Y681H:V707L,-0.584778904914856,0.197660110176097
Y681H:V707M,-1.671884298324585,-0.512297084356735
Y681H:V710A,0.21771550178527832,-2.91454146753337
Y681H:V710D,-3.5137507915496826,-2.85885259195753
Y681H:V710I,0.21837449073791504,0.499534271110317
Y681H:V711A,-0.1533830165863037,-3.60755941849975
Y681H:V711D,-3.7584664821624756,-4.71454126497451
Y681H:V711G,-0.8750617504119873,-4.51118606979191
Y681H:V711I,0.03310263156890869,-1.64423857728881
Y681I,0.6807658672332764,-0.0092528719516279
Y681K,1.3631269931793213,-0.0278818443920779
Y681L,0.9206149578094482,-1.6104782912012
Y681M,0.09051084518432617,-0.434498638143969
Y681N,1.139040231704712,0.266372161940045
Y681N:A692S,0.8905984163284302,-2.2489178619064
Y681N:A692T,0.5994069576263428,-1.00723515579109
Y681N:A692V,0.44183075428009033,-0.0475749791371202
Y681N:A701P,-0.23473918437957764,-1.78421573756813
Y681N:A701S,-0.2647808790206909,-3.02577793152157
Y681N:A701T,0.2739142179489136,1.20182417147561
Y681N:A701V,0.6373195648193359,1.58345571935412
Y681N:A713E,-2.8541170358657837,-3.45639329678354
Y681N:A713G,-0.1447545289993286,-3.66451019725113
Y681N:A713S,-0.5070317983627319,-0.564131924503509
Y681N:A713T,-0.15511882305145264,0.166583504812122
Y681N:A713V,0.9002284407615662,0.745191047994877
Y681N:D694E,0.6907540559768677,0.521867221753915
Y681N:D694G,0.31236517429351807,0.918000787607727
Y681N:D694N,0.3914746046066284,0.585001518792189
Y681N:D694V,0.2710379362106323,-2.69105250589471
Y681N:E682A,0.36994457244873047,-1.40009328366539
Y681N:E682D,0.6851149797439575,0.411110462411292
Y681N:E682G,0.5810520648956299,0.237305195578337
Y681N:E682K,0.3987487554550171,-1.99005622799011
Y681N:E682V,0.4405074119567871,-0.176426313047183
Y681N:E693D,0.5289134979248047,0.900010488918584
Y681N:E693G,0.2846611738204956,2.31359390459355
Y681N:E693K,0.418143630027771,-0.429914937067236
Y681N:E693V,-0.29778921604156494,-0.212884780070493
Y681N:F690I,0.6181720495223999,0.666011199458524
Y681N:F690L,0.9415532350540161,-0.2379451771739
Y681N:F690S,1.9116967916488647,-2.36161978442259
Y681N:F690Y,0.8157669305801392,0.130356919412473
Y681N:F691I,0.7701584100723267,0.64040583947463
Y681N:F691L,0.9341474771499634,-0.963501017034073
Y681N:F691S,1.5781192779541016,-0.700633076571369
Y681N:F691V,1.2303715944290161,-0.390849439713346
Y681N:F691Y,0.5592993497848511,-0.22617279669571
Y681N:G696C,-0.7684533596038818,0.1521521024696
Y681N:G696D,0.32358717918395996,-1.31858943386405
Y681N:G696S,0.7823727130889893,-0.690319511496077
Y681N:G700C,-2.6090630292892456,-0.947888744574843
Y681N:G700D,-1.3103892803192139,-3.73704030496168
Y681N:G704R,-2.741144299507141,-2.54901189808154
Y681N:G704V,-1.663972020149231,-3.37635058911
Y681N:G708C,-0.7634490728378296,-0.387312414952321
Y681N:G708D,-2.859432816505432,-2.99653812213301
Y681N:G708S,-0.20393836498260498,-2.91876488104536
Y681N:G708V,0.19171583652496338,-3.43884754462417
Y681N:G709C,-0.07974255084991455,0.14055180469935
Y681N:G709D,-2.525433897972107,-2.99230412267382
Y681N:G709S,0.018137454986572266,-2.51777640499859
Y681N:G709V,0.7714207768440247,-4.17329456335159
Y681N:H684L,0.860959529876709,-1.21885203430105
Y681N:H684Q,0.8049523830413818,-1.16588610649483
Y681N:H684R,0.7782713174819946,-0.24960225231167
Y681N:H684Y,0.2057783603668213,1.47243063507992
Y681N:H685L,0.4353818893432617,-0.0900007673846414
Y681N:H685N,0.7773981094360352,-1.72011313986938
Y681N:H685Q,0.7585586309432983,-0.0281811416330383
Y681N:H685R,0.8039339780807495,-0.282560211796083
Y681N:I702F,-0.7769826650619507,-1.64846768083786
Y681N:I702N,-1.6471349000930786,-1.79515588898929
Y681N:I702T,-0.8990424871444702,-0.354201613800358
Y681N:I702V,0.049089670181274414,-0.925831496118842
Y681N:I703F,-1.1052249670028687,-3.55045210795799
Y681N:I703N,-2.7548454999923706,-4.58998701333627
Y681N:I703T,-0.8431824445724487,-3.68448978915512
Y681N:I703V,0.27537572383880615,-2.13507508772255
Y681N:I712K,-3.1504629850387573,-3.76064017728019
Y681N:I712L,0.999181866645813,-1.49614391395584
Y681N:I712M,-0.20897865295410156,-2.31285067826087
Y681N:I712T,-0.2760024070739746,-2.91145718053901
Y681N:I712V,0.8409785032272339,-2.16564115949951
Y681N:K687E,0.75281822681427,-2.15658313757033
Y681N:K687I,-0.5456556081771851,-0.729844025295941
Y681N:K687N,0.5630143880844116,0.647308663332912
Y681N:K687R,0.48963868618011475,-1.0059678460145
Y681N:K699E,-0.05157160758972168,-2.61810283573546
Y681N:K699I,0.5504001379013062,-1.06625697221707
Y681N:K699N,0.14232468605041504,-0.623988356442304
Y681N:K699R,0.37090563774108887,-0.474310425021293
Y681N:L688F,0.23377907276153564,0.528896487663275
Y681N:L688M,0.3040086030960083,0.0088033651373074
Y681N:L688S,1.4035464525222778,-0.556905418353213
Y681N:L705F,-0.015067815780639648,-0.648755032910165
Y681N:L705H,-2.2997621297836304,-3.09610376143419
Y681N:L705P,-0.3508114814758301,-3.39880063464121
Y681N:M706I,2.1484278440475464,-2.55653512665765
Y681N:M706K,-2.1374534368515015,-5.20069339435685
Y681N:M706L,1.381400227546692,-2.75240474046842
Y681N:M706T,1.8556653261184692,-4.18080714328411
Y681N:M706V,2.6163781881332397,-1.91431244941517
Y681N:N698D,0.09995245933532715,-4.33634897271235
Y681N:N698I,-0.7771284580230713,-0.13114150610727
Y681N:N698S,0.543247401714325,-2.36664416948354
Y681N:N698T,-0.1316688060760498,-3.24666928414778
Y681N:N698Y,-0.6852061748504639,0.496640121836426
Y681N:Q686H,0.4668773412704468,0.554621948685667
Y681N:Q686K,1.0223610401153564,-1.01700621083909
Y681N:Q686L,0.03150045871734619,-0.260000117702335
Y681N:Q686R,0.8694621324539185,-1.0413646825948
Y681N:S697P,0.2773141860961914,-2.13366615952024
Y681N:S697T,0.40583157539367676,-0.468134822544944
Y681N:V683A,0.5595499277114868,-1.22125080194955
Y681N:V683D,0.8327219486236572,0.0595323505400455
Y681N:V683I,0.36684930324554443,-0.931774402575819
Y681N:V683L,0.48593831062316895,-1.579771833446
Y681N:V689A,0.9003595113754272,-1.12326153778263
Y681N:V689E,1.165247917175293,-0.58213885523376
Y681N:V689G,1.1863552331924438,-0.177735737129997
Y681N:V689M,0.17694318294525146,-0.207046664608354
Y681N:V695A,0.8325818777084351,-0.364721031454492
Y681N:V695E,1.2522526979446411,-1.23961462553792
Y681N:V695G,1.0223835706710815,-0.461134982616578
Y681N:V695M,0.03994905948638916,0.264738201167588
Y681N:V707A,-0.4073188304901123,-2.31863173224874
Y681N:V707E,-3.603314757347107,-3.29239604006397
Y681N:V707M,-1.4586037397384644,-0.651352396073306
Y681N:V710A,0.4309960603713989,-3.07435026520366
Y681N:V710D,-3.300470232963562,-4.21889756920477
Y681N:V710I,0.43165504932403564,0.522894752332921
Y681N:V711A,0.059897541999816895,-3.52671289856143
Y681N:V711D,-3.545185923576355,-3.32275567826087
Y681N:V711I,0.2463831901550293,-1.31834035930138
Y681P,1.3060991764068604,0.578985057343057
Y681Q,1.0122509002685547,0.1527490975856791
Y681R,0.8481872081756592,-0.4027684806601486
Y681S,1.63767671585083,0.1361503788647101
Y681S:F691L,1.1834657192230225,-0.344254921814175
Y681S:M706V,2.865696430206299,-3.08117194602413
Y681S:N698Y,-0.4358879327774048,-1.44454504623623
Y681S:V689E,1.414566159248352,-1.17912601177378
Y681T,1.2648289203643799,0.743062548449766
Y681V,1.2825369834899902,-0.829773312644822
Y681W,-1.6565475463867188,-0.102374429149226
