mutant,carp_38M_score,DMS_score
T1A,0.027649402618408203,0.0
T1R,0.09994173049926758,0.0
T1N,-0.05728626251220703,0.0
T1D,0.18626022338867188,0.0
T1C,-1.7481260299682617,0.0
T1E,0.5811724662780762,0.0
T1Q,-0.4318199157714844,0.0
T1G,0.12216377258300781,0.0
T1H,-1.076798915863037,0.0
T1I,0.1729445457458496,0.0
T1L,0.3858480453491211,0.0
T1K,0.7261600494384766,0.0
T1M,6.0282301902771,0.0
T1F,-0.3315157890319824,0.0
T1P,-0.12160444259643555,0.0
T1S,0.005568504333496094,0.0
T1W,-1.3916773796081543,0.0
T1Y,-0.6310954093933105,0.0
T1V,0.23719120025634766,0.0
I2A,0.006651878356933594,0.0
I2R,-0.10559320449829102,0.0
I2N,-0.6622309684753418,0.0
I2D,-0.5659239292144775,0.0
I2C,-1.925715446472168,0.0
I2E,-0.017899513244628906,0.0
I2Q,-1.0096306800842285,0.0
I2G,-0.10104203224182129,0.0
I2H,-1.5485363006591797,0.0
I2L,0.11941075325012207,0.0
I2K,0.2263050079345703,0.0
I2M,-0.43102169036865234,0.0
I2F,-0.7906017303466797,0.0
I2P,0.0670158863067627,0.0
I2S,0.20052695274353027,0.0
I2T,0.12372565269470215,0.0
I2W,-1.4935803413391113,0.0
I2Y,-1.0547590255737305,0.0
I2V,0.07324838638305664,0.0
K3A,-0.4422268867492676,0.0
K3R,-0.3354337215423584,0.0
K3N,-0.8239800930023193,0.0
K3D,-0.6162493228912354,0.0
K3C,-1.9700322151184082,0.0
K3E,-0.26911020278930664,0.0
K3Q,-0.8374314308166504,0.0
K3G,-0.6230592727661133,0.0
K3H,-1.4068737030029297,0.0
K3I,-0.7042944431304932,0.0
K3L,-0.23463964462280273,0.0
K3M,-1.2613682746887207,0.0
K3F,-0.9341030120849609,0.0
K3P,0.032460689544677734,0.0
K3S,-0.23050379753112793,0.0
K3T,-0.4189894199371338,0.0
K3W,-1.9532122611999512,0.0
K3Y,-1.1169276237487793,0.0
K3V,-0.7035706043243408,0.0
E4A,0.0034952163696289062,0.0
E4R,0.24091601371765137,0.0
E4N,0.20771455764770508,0.0
E4D,-0.043206214904785156,0.0
E4C,-1.5973830223083496,0.0
E4Q,-0.485748291015625,0.0
E4G,0.5574185848236084,0.0
E4H,-0.7827928066253662,0.0
E4I,-0.2948026657104492,0.0
E4L,0.14950299263000488,0.0
E4K,0.4245929718017578,0.0
E4M,-1.1805963516235352,0.0
E4F,-0.44605159759521484,0.0
E4P,0.523038387298584,0.0
E4S,0.36823177337646484,0.0
E4T,0.22933650016784668,0.0
E4W,-1.535369873046875,0.0
E4Y,-0.49151086807250977,0.0
E4V,-0.31813526153564453,0.0
M5A,1.0806455612182617,0.0
M5R,0.9211099147796631,0.0
M5N,0.7760443687438965,0.0
M5D,0.5453078746795654,0.0
M5C,-0.7034964561462402,0.0
M5E,0.9224672317504883,0.0
M5Q,0.3495912551879883,0.0
M5G,1.5403828620910645,0.0
M5H,-0.07731866836547852,0.0
M5I,1.5356528759002686,0.0
M5L,1.595585584640503,0.0
M5K,1.443681240081787,0.0
M5F,0.6936745643615723,0.0
M5P,1.513939380645752,0.0
M5S,0.8537299633026123,0.0
M5T,1.0000581741333008,0.0
M5W,-0.7055544853210449,0.0
M5Y,0.3211839199066162,0.0
M5V,1.115290880203247,0.0
P6A,-0.6877613067626953,0.0
P6R,-0.5169773101806641,0.0
P6N,-0.8980576992034912,0.0
P6D,-1.0231361389160156,0.0
P6C,-2.319347858428955,0.0
P6E,-0.5521104335784912,0.0
P6Q,-1.076650857925415,0.0
P6G,0.24691438674926758,0.0
P6H,-1.663710594177246,0.0
P6I,-0.699399471282959,0.0
P6L,-0.23123788833618164,0.0
P6K,-0.14237523078918457,0.0
P6M,-1.59645676612854,0.0
P6F,-0.6904804706573486,0.0
P6S,-0.6097190380096436,0.0
P6T,-0.6770350933074951,0.0
P6W,-1.8601694107055664,0.0
P6Y,-1.214850902557373,0.0
P6V,-0.7569031715393066,0.0
Q7A,1.1855082511901855,0.0
Q7R,1.8965439796447754,0.0
Q7N,0.36835813522338867,0.0
Q7D,-0.19669866561889648,0.0
Q7C,-0.8173766136169434,0.0
Q7E,0.0892491340637207,0.0
Q7G,3.112217903137207,0.0
Q7H,0.9445743560791016,0.0
Q7I,0.5193266868591309,0.0
Q7L,1.2675247192382812,0.0
Q7K,1.4325532913208008,0.0
Q7M,-0.3222942352294922,0.0
Q7F,0.6628708839416504,0.0
Q7P,1.1927127838134766,0.0
Q7S,0.8568615913391113,0.0
Q7T,0.5838465690612793,0.0
Q7W,-0.07887649536132812,0.0
Q7Y,0.5462856292724609,0.0
Q7V,0.7298703193664551,0.0
P8A,-0.978557825088501,0.0
P8R,-1.4542996883392334,0.0
P8N,-1.7790992259979248,0.0
P8D,-1.8909437656402588,0.0
P8C,-2.3917489051818848,0.0
P8E,-1.4425387382507324,0.0
P8Q,-2.1986703872680664,0.0
P8G,-0.9766557216644287,0.0
P8H,-2.147289276123047,0.0
P8I,0.009971857070922852,0.0
P8L,0.009388208389282227,0.0
P8K,-1.3660955429077148,0.0
P8M,-1.6891999244689941,0.0
P8F,-0.7247226238250732,0.0
P8S,-1.2228453159332275,0.0
P8T,-1.0416560173034668,0.0
P8W,-1.2782390117645264,0.0
P8Y,-0.9018874168395996,0.0
P8V,-0.05845451354980469,0.0
K9A,-0.19313430786132812,0.0
K9R,-0.3528451919555664,0.0
K9N,-0.9907565116882324,0.0
K9D,-0.9609768390655518,0.0
K9C,-1.605593204498291,0.0
K9E,-0.38845372200012207,0.0
K9Q,-1.0355820655822754,0.0
K9G,-0.12385225296020508,0.0
K9H,-1.4651899337768555,0.0
K9I,0.40186309814453125,0.0
K9L,0.7618989944458008,0.0
K9M,-1.1167449951171875,0.0
K9F,0.19615745544433594,0.0
K9P,1.694464921951294,0.0
K9S,-0.013772249221801758,0.0
K9T,-0.07485532760620117,0.0
K9W,-1.0953798294067383,0.0
K9Y,-0.4562668800354004,0.0
K9V,0.35121822357177734,0.0
T10A,-0.14916563034057617,0.0
T10R,0.12426161766052246,0.0
T10N,-0.055538177490234375,0.0
T10D,-0.7061657905578613,0.0
T10C,-1.7369670867919922,0.0
T10E,-0.7884171009063721,0.0
T10Q,-0.9190950393676758,0.0
T10G,1.0087833404541016,0.0
T10H,-0.8245153427124023,0.0
T10I,0.6733393669128418,0.0
T10L,1.106708288192749,0.0
T10K,-0.1516880989074707,0.0
T10M,-1.1163721084594727,0.0
T10F,0.9310708045959473,0.0
T10P,0.7580099105834961,0.0
T10S,0.2163710594177246,0.0
T10W,0.31801581382751465,0.0
T10Y,-0.003972053527832031,0.0
T10V,0.32216429710388184,0.0
F11A,-0.03671741485595703,0.0
F11R,-0.4976925849914551,0.0
F11N,-1.0872268676757812,0.0
F11D,-0.5835151672363281,0.0
F11C,-1.8986172676086426,0.0
F11E,-0.6236734390258789,0.0
F11Q,-1.3779845237731934,0.0
F11G,-0.6543500423431396,0.0
F11H,-1.3982181549072266,0.0
F11I,1.367172122001648,0.0
F11L,1.4865942001342773,0.0
F11K,-0.5969464778900146,0.0
F11M,-0.7574572563171387,0.0
F11P,0.4433903694152832,0.0
F11S,-0.07943201065063477,0.0
F11T,-0.22131872177124023,0.0
F11W,-1.2046265602111816,0.0
F11Y,-0.48856353759765625,0.0
F11V,1.0621321201324463,0.0
G12A,0.029631853103637695,0.0
G12R,-0.5288376808166504,0.0
G12N,-0.9183106422424316,0.0
G12D,0.00748133659362793,0.0
G12C,-2.8848202228546143,0.0
G12E,0.7287312746047974,0.0
G12Q,-0.4384479522705078,0.0
G12H,-1.4844367504119873,0.0
G12I,-1.1726462841033936,0.0
G12L,-0.35016441345214844,0.0
G12K,0.1806480884552002,0.0
G12M,-2.313056707382202,0.0
G12F,-0.8230435848236084,0.0
G12P,0.7943844795227051,0.0
G12S,-0.03640484809875488,0.0
G12T,-0.5522794723510742,0.0
G12W,-1.9676997661590576,0.0
G12Y,-1.5501229763031006,0.0
G12V,-0.9650824069976807,0.0
E13A,2.001624584197998,0.0
E13R,1.6113266944885254,0.0
E13N,2.334961414337158,0.0
E13D,0.5062546730041504,0.0
E13C,1.0650343894958496,0.0
E13Q,0.5786900520324707,0.0
E13G,3.049327850341797,0.0
E13H,1.152881145477295,0.0
E13I,3.228011131286621,0.0
E13L,3.4314074516296387,0.0
E13K,1.3331685066223145,0.0
E13M,1.4151248931884766,0.0
E13F,3.2387943267822266,0.0
E13P,2.3187761306762695,0.0
E13S,2.714622735977173,0.0
E13T,2.2139251232147217,0.0
E13W,1.8608465194702148,0.0
E13Y,1.98891019821167,0.0
E13V,2.7341294288635254,0.0
L14A,-1.748968482017517,0.0
L14R,-2.3805599212646484,0.0
L14N,-2.8406710624694824,0.0
L14D,-2.5960397720336914,0.0
L14C,-3.5355706214904785,0.0
L14E,-2.6145410537719727,0.0
L14Q,-3.314195156097412,0.0
L14G,-2.077678680419922,0.0
L14H,-3.3020763397216797,0.0
L14I,-0.6868454217910767,0.0
L14K,-2.386164665222168,0.0
L14M,-2.0996508598327637,0.0
L14F,-1.0820659399032593,0.0
L14P,-1.9333666563034058,0.0
L14S,-2.165767192840576,0.0
L14T,-1.90823495388031,0.0
L14W,-1.9098151922225952,0.0
L14Y,-1.935318112373352,0.0
L14V,-0.955525279045105,0.0
K15A,-0.29906320571899414,0.0
K15R,-0.016103267669677734,0.0
K15N,-0.8211007118225098,0.0
K15D,-0.5610361099243164,0.0
K15C,-2.087095260620117,0.0
K15E,-0.38576388359069824,0.0
K15Q,-0.7271285057067871,0.0
K15G,0.5922324657440186,0.0
K15H,-1.1622223854064941,0.0
K15I,-0.6768136024475098,0.0
K15L,0.20391321182250977,0.0
K15M,-1.5916271209716797,0.0
K15F,-0.5989418029785156,0.0
K15P,0.0036592483520507812,0.0
K15S,-0.09616231918334961,0.0
K15T,-0.4514124393463135,0.0
K15W,-1.4380512237548828,0.0
K15Y,-0.9274172782897949,0.0
K15V,-0.4917182922363281,0.0
N16A,-0.6035497188568115,0.0
N16R,-0.46532344818115234,0.0
N16D,-0.13971900939941406,0.0
N16C,-2.748218059539795,0.0
N16E,-0.4606654644012451,0.0
N16Q,-0.8394367694854736,0.0
N16G,-0.07297778129577637,0.0
N16H,-1.1372368335723877,0.0
N16I,-1.2568905353546143,0.0
N16L,-0.4944615364074707,0.0
N16K,0.07154440879821777,0.0
N16M,-2.031670093536377,0.0
N16F,-1.2923336029052734,0.0
N16P,-0.36467552185058594,0.0
N16S,-0.2013845443725586,0.0
N16T,-0.5653624534606934,0.0
N16W,-2.2192721366882324,0.0
N16Y,-1.7134242057800293,0.0
N16V,-1.0792131423950195,0.0
L17A,-1.5532679557800293,0.0
L17R,-2.037797212600708,0.0
L17N,-2.147564172744751,0.0
L17D,-1.8788058757781982,0.0
L17C,-3.2852916717529297,0.0
L17E,-2.005795478820801,0.0
L17Q,-2.526127815246582,0.0
L17G,-1.8400094509124756,0.0
L17H,-2.3406198024749756,0.0
L17I,-0.33090174198150635,0.0
L17K,-1.9494867324829102,0.0
L17M,-2.1687517166137695,0.0
L17F,-1.0543692111968994,0.0
L17P,-1.5556702613830566,0.0
L17S,-1.4354214668273926,0.0
L17T,-1.5204401016235352,0.0
L17W,-2.684035301208496,0.0
L17Y,-1.8363280296325684,0.0
L17V,-0.7759990692138672,0.0
P18A,-0.05711197853088379,0.0
P18R,0.03672671318054199,0.0
P18N,-0.2892742156982422,0.0
P18D,-0.4158756732940674,0.0
P18C,-1.993762493133545,0.0
P18E,-0.6754903793334961,0.0
P18Q,-0.9702024459838867,0.0
P18G,-0.29665660858154297,0.0
P18H,-1.091271162033081,0.0
P18I,-0.3272511959075928,0.0
P18L,0.4141871929168701,0.0
P18K,-0.044150352478027344,0.0
P18M,-1.0795588493347168,0.0
P18F,0.012080192565917969,0.0
P18S,-0.03638577461242676,0.0
P18T,-0.22347784042358398,0.0
P18W,-0.5761375427246094,0.0
P18Y,-0.5692591667175293,0.0
P18V,-0.2736496925354004,0.0
L19A,-1.1142871379852295,0.0
L19R,-1.1791822910308838,0.0
L19N,-1.4429104328155518,0.0
L19D,-1.0943257808685303,0.0
L19C,-2.843675374984741,0.0
L19E,-1.1117885112762451,0.0
L19Q,-1.5543224811553955,0.0
L19G,-0.7962632179260254,0.0
L19H,-1.5475099086761475,0.0
L19I,-0.5357186794281006,0.0
L19K,-0.9899435043334961,0.0
L19M,-1.7789392471313477,0.0
L19F,-0.462230920791626,0.0
L19P,-0.7472438812255859,0.0
L19S,-1.0157818794250488,0.0
L19T,-1.0849227905273438,0.0
L19W,-1.7896196842193604,0.0
L19Y,-1.1898751258850098,0.0
L19V,-0.6040997505187988,0.0
L20A,-0.5446317195892334,0.0
L20R,-0.6146054267883301,0.0
L20N,-1.351477861404419,0.0
L20D,-1.0430335998535156,0.0
L20C,-2.6204233169555664,0.0
L20E,-0.6360769271850586,0.0
L20Q,-1.430368185043335,0.0
L20G,-0.5958764553070068,0.0
L20H,-1.7945570945739746,0.0
L20I,-0.6248397827148438,0.0
L20K,-0.5561847686767578,0.0
L20M,-1.7077360153198242,0.0
L20F,-0.4754817485809326,0.0
L20P,-0.16688776016235352,0.0
L20S,-0.5917007923126221,0.0
L20T,-0.7104902267456055,0.0
L20W,-1.842172622680664,0.0
L20Y,-1.1990728378295898,0.0
L20V,-0.5365855693817139,0.0
N21A,0.17809009552001953,0.0
N21R,0.1730213165283203,0.0
N21D,0.04212450981140137,0.0
N21C,-1.6090245246887207,0.0
N21E,-0.2027285099029541,0.0
N21Q,-0.4644622802734375,0.0
N21G,0.1575608253479004,0.0
N21H,-0.5232176780700684,0.0
N21I,-0.03122854232788086,0.0
N21L,0.701014518737793,0.0
N21K,0.28011107444763184,0.0
N21M,-0.7758288383483887,0.0
N21F,0.3494081497192383,0.0
N21P,0.298203706741333,0.0
N21S,0.2800941467285156,0.0
N21T,0.1308269500732422,0.0
N21W,-1.1148028373718262,0.0
N21Y,0.036548614501953125,0.0
N21V,-0.02518749237060547,0.0
T22A,0.10747075080871582,0.0
T22R,-0.011190414428710938,0.0
T22N,-0.3797585964202881,0.0
T22D,-0.2689235210418701,0.0
T22C,-2.2601447105407715,0.0
T22E,-0.13653111457824707,0.0
T22Q,-0.4590122699737549,0.0
T22G,0.3994302749633789,0.0
T22H,-0.8870711326599121,0.0
T22I,-0.2162015438079834,0.0
T22L,0.16260242462158203,0.0
T22K,0.4217104911804199,0.0
T22M,-1.1688501834869385,0.0
T22F,-0.1809544563293457,0.0
T22P,0.5511214733123779,0.0
T22S,-0.06093788146972656,0.0
T22W,-1.7481989860534668,0.0
T22Y,-0.6558136940002441,0.0
T22V,-0.27364468574523926,0.0
D23A,-0.1918470859527588,0.0
D23R,-0.19411849975585938,0.0
D23N,-0.35234689712524414,0.0
D23C,-2.0491623878479004,0.0
D23E,-0.011467456817626953,0.0
D23Q,-0.63498854637146,0.0
D23G,0.13249492645263672,0.0
D23H,-0.7407078742980957,0.0
D23I,-0.4175832271575928,0.0
D23L,-0.07970237731933594,0.0
D23K,0.06409263610839844,0.0
D23M,-1.575364112854004,0.0
D23F,-0.6971211433410645,0.0
D23P,0.12157559394836426,0.0
D23S,0.04283332824707031,0.0
D23T,-0.060924530029296875,0.0
D23W,-1.8201799392700195,0.0
D23Y,-0.6915936470031738,0.0
D23V,-0.3374347686767578,0.0
K24A,-0.6501846313476562,0.0
K24R,-0.5223286151885986,0.0
K24N,0.700580358505249,0.0
K24D,0.9568814039230347,0.0
K24C,-2.7692489624023438,0.0
K24E,0.28636598587036133,0.0
K24Q,-0.9182846546173096,0.0
K24G,-0.9926433563232422,0.0
K24H,-0.9417548179626465,0.0
K24I,-0.9086976051330566,0.0
K24L,-0.882765531539917,0.0
K24M,-2.2527413368225098,0.0
K24F,-1.6536788940429688,0.0
K24P,-0.7394089698791504,0.0
K24S,-0.17076778411865234,0.0
K24T,-0.4409165382385254,0.0
K24W,-3.184986114501953,0.0
K24Y,-1.2351727485656738,0.0
K24V,-1.0883359909057617,0.0
P25A,-1.1702392101287842,0.0
P25R,-2.2532620429992676,0.0
P25N,-1.6622278690338135,0.0
P25D,-1.3425288200378418,0.0
P25C,-2.8915021419525146,0.0
P25E,-1.7107183933258057,0.0
P25Q,-1.7753143310546875,0.0
P25G,-1.4928669929504395,0.0
P25H,-1.953064203262329,0.0
P25I,-1.4924721717834473,0.0
P25L,-1.2926957607269287,0.0
P25K,-2.1696255207061768,0.0
P25M,-2.3037526607513428,0.0
P25F,-1.5318939685821533,0.0
P25S,-1.3770086765289307,0.0
P25T,-1.1626670360565186,0.0
P25W,-3.3049428462982178,0.0
P25Y,-1.8662216663360596,0.0
P25V,-1.366201639175415,0.0
V26A,-0.2981142997741699,0.0
V26R,-0.7730183601379395,0.0
V26N,-0.4345850944519043,0.0
V26D,-0.5497643947601318,0.0
V26C,-1.7306604385375977,0.0
V26E,-0.5081486701965332,0.0
V26Q,-0.5909342765808105,0.0
V26G,-0.45322084426879883,0.0
V26H,1.2913990020751953,0.0
V26I,0.07134151458740234,0.0
V26L,1.0534634590148926,0.0
V26K,-1.1618380546569824,0.0
V26M,-0.3732614517211914,0.0
V26F,0.7165558338165283,0.0
V26P,0.20560574531555176,0.0
V26S,-0.3173408508300781,0.0
V26T,-0.31763505935668945,0.0
V26W,-0.6787998676300049,0.0
V26Y,0.7495512962341309,0.0
Q27A,0.3651883602142334,0.0
Q27R,-0.1899867057800293,0.0
Q27N,-0.6486282348632812,0.0
Q27D,0.6061398983001709,0.0
Q27C,-2.822105884552002,0.0
Q27E,1.4473737478256226,0.0
Q27G,-0.23260974884033203,0.0
Q27H,-0.8898162841796875,0.0
Q27I,-0.8548951148986816,0.0
Q27L,-0.43401575088500977,0.0
Q27K,0.511507511138916,0.0
Q27M,-1.4932551383972168,0.0
Q27F,-1.1896982192993164,0.0
Q27P,0.2055063247680664,0.0
Q27S,-0.15759754180908203,0.0
Q27T,-0.29543232917785645,0.0
Q27W,-2.1763663291931152,0.0
Q27Y,-0.8076391220092773,0.0
Q27V,-0.4366440773010254,0.0
A28R,-0.4148600101470947,0.0
A28N,-0.8514442443847656,0.0
A28D,-0.2716026306152344,0.0
A28C,-2.0514466762542725,0.0
A28E,0.16890239715576172,0.0
A28Q,-0.4684879779815674,0.0
A28G,-0.5546882152557373,0.0
A28H,-0.8462836742401123,0.0
A28I,-0.60239577293396,0.0
A28L,-0.17401933670043945,0.0
A28K,-0.460080623626709,0.0
A28M,-1.0024714469909668,0.0
A28F,-0.1206965446472168,0.0
A28P,-1.1295318603515625,0.0
A28S,-0.2541778087615967,0.0
A28T,-0.10316681861877441,0.0
A28W,-1.1516625881195068,0.0
A28Y,-0.5222766399383545,0.0
A28V,-0.23792338371276855,0.0
L29A,-0.8778992891311646,0.0
L29R,-2.378331184387207,0.0
L29N,-2.246338367462158,0.0
L29D,-3.266479015350342,0.0
L29C,-2.444202423095703,0.0
L29E,-2.937382221221924,0.0
L29Q,-1.9910084009170532,0.0
L29G,-2.230780601501465,0.0
L29H,-2.0207486152648926,0.0
L29I,-0.5787969827651978,0.0
L29K,-2.7178115844726562,0.0
L29M,-0.591189980506897,0.0
L29F,-0.13602101802825928,0.0
L29P,-3.258586883544922,0.0
L29S,-1.8679572343826294,0.0
L29T,-1.4983514547348022,0.0
L29W,-1.8892332315444946,0.0
L29Y,-0.9301611185073853,0.0
L29V,-0.6806012392044067,0.0
M30A,1.0895252227783203,0.0
M30R,1.422783613204956,0.0
M30N,0.12033367156982422,0.0
M30D,0.16792678833007812,0.0
M30C,-0.9177899360656738,0.0
M30E,1.1343121528625488,0.0
M30Q,1.3298826217651367,0.0
M30G,0.3390934467315674,0.0
M30H,0.23692607879638672,0.0
M30I,0.5457847118377686,0.0
M30L,1.1460695266723633,0.0
M30K,1.5903432369232178,0.0
M30F,0.06728029251098633,0.0
M30P,-0.9737486839294434,0.0
M30S,0.7753262519836426,0.0
M30T,0.7529439926147461,0.0
M30W,-0.5583252906799316,0.0
M30Y,0.43619680404663086,0.0
M30V,0.6552977561950684,0.0
K31A,-1.2227097749710083,0.0
K31R,-0.5690933465957642,0.0
K31N,-1.4424349069595337,0.0
K31D,-0.6583031415939331,0.0
K31C,-4.2054548263549805,0.0
K31E,-0.6004067659378052,0.0
K31Q,-1.003283143043518,0.0
K31G,-1.846725583076477,0.0
K31H,-2.198052406311035,0.0
K31I,-3.4151930809020996,0.0
K31L,-2.656881332397461,0.0
K31M,-3.2845845222473145,0.0
K31F,-3.5775256156921387,0.0
K31P,-1.9105807542800903,0.0
K31S,-1.619219422340393,0.0
K31T,-1.6480063199996948,0.0
K31W,-3.748044013977051,0.0
K31Y,-3.0160818099975586,0.0
K31V,-3.0171761512756348,0.0
I32A,0.36383914947509766,0.0
I32R,0.6461315155029297,0.0
I32N,-1.6507234573364258,0.0
I32D,-2.512054443359375,0.0
I32C,-1.643333911895752,0.0
I32E,-1.0551445484161377,0.0
I32Q,-0.3656940460205078,0.0
I32G,-0.9664523601531982,0.0
I32H,-0.4089813232421875,0.0
I32L,1.17435884475708,0.0
I32K,0.8213386535644531,0.0
I32M,-0.047193050384521484,0.0
I32F,-0.3865966796875,0.0
I32P,-3.751465320587158,0.0
I32S,-1.0084033012390137,0.0
I32T,-0.3181266784667969,0.0
I32W,-0.3695085048675537,0.0
I32Y,0.24663758277893066,0.0
I32V,-0.18515324592590332,0.0
A33R,0.6872022151947021,0.0
A33N,-0.8937458992004395,0.0
A33D,-2.705410957336426,0.0
A33C,-1.950758934020996,0.0
A33E,-1.610503911972046,0.0
A33Q,-0.4760112762451172,0.0
A33G,-0.14987730979919434,0.0
A33H,0.11783576011657715,0.0
A33I,-2.558340072631836,0.0
A33L,-2.193385124206543,0.0
A33K,0.07274961471557617,0.0
A33M,-2.6597628593444824,0.0
A33F,-1.7715072631835938,0.0
A33P,-3.242194175720215,0.0
A33S,-0.0454862117767334,0.0
A33T,-0.9991297721862793,0.0
A33W,-3.031431198120117,0.0
A33Y,-0.2633843421936035,0.0
A33V,-1.9271259307861328,0.0
D34A,-1.3954873085021973,0.0
D34R,-0.4522738456726074,0.0
D34N,-0.7254095077514648,0.0
D34C,-4.2491631507873535,0.0
D34E,0.4730781316757202,0.0
D34Q,-0.5101737976074219,0.0
D34G,-1.4434690475463867,0.0
D34H,-1.993028163909912,0.0
D34I,-3.4834561347961426,0.0
D34L,-2.767925262451172,0.0
D34K,0.4028662443161011,0.0
D34M,-3.355405807495117,0.0
D34F,-4.132215976715088,0.0
D34P,-2.3117733001708984,0.0
D34S,-1.1041655540466309,0.0
D34T,-1.2188987731933594,0.0
D34W,-4.563046932220459,0.0
D34Y,-3.120068073272705,0.0
D34V,-3.065706729888916,0.0
E35A,-2.7217471599578857,0.0
E35R,-1.7514889240264893,0.0
E35N,-2.5072288513183594,0.0
E35D,-0.9716644287109375,0.0
E35C,-5.412304878234863,0.0
E35Q,-1.404172658920288,0.0
E35G,-2.838833808898926,0.0
E35H,-3.1898062229156494,0.0
E35I,-4.3689117431640625,0.0
E35L,-3.9774954319000244,0.0
E35K,-0.5384509563446045,0.0
E35M,-4.725364685058594,0.0
E35F,-5.067580223083496,0.0
E35P,-3.270029306411743,0.0
E35S,-2.2525405883789062,0.0
E35T,-2.5641393661499023,0.0
E35W,-6.179287910461426,0.0
E35Y,-4.2077226638793945,0.0
E35V,-3.993328332901001,0.0
L36A,-0.5814673900604248,0.0
L36R,-0.28961682319641113,0.0
L36N,0.46262478828430176,0.0
L36D,-1.0471980571746826,0.0
L36C,-0.542064905166626,0.0
L36E,-0.2698800563812256,0.0
L36Q,-0.15473389625549316,0.0
L36G,-1.5768835544586182,0.0
L36H,1.77384614944458,0.0
L36I,-0.8863704204559326,0.0
L36K,0.18933773040771484,0.0
L36M,-1.0333831310272217,0.0
L36F,1.5243031978607178,0.0
L36P,-2.668462038040161,0.0
L36S,-0.44377779960632324,0.0
L36T,-0.03017115592956543,0.0
L36W,-1.8199231624603271,0.0
L36Y,3.2899322509765625,0.0
L36V,-0.64754319190979,0.0
G37A,-5.939938068389893,0.0
G37R,-5.388601303100586,0.0
G37N,-3.8192105293273926,0.0
G37D,-3.481616973876953,0.0
G37C,-7.106407165527344,0.0
G37E,-4.864129066467285,0.0
G37Q,-5.575124740600586,0.0
G37H,-5.881972312927246,0.0
G37I,-9.390798568725586,0.0
G37L,-8.224468231201172,0.0
G37K,-4.530040264129639,0.0
G37M,-9.009603500366211,0.0
G37F,-8.286605834960938,0.0
G37P,-4.099449157714844,0.0
G37S,-4.940883636474609,0.0
G37T,-6.888785362243652,0.0
G37W,-9.172039031982422,0.0
G37Y,-7.554012298583984,0.0
G37V,-8.471297264099121,0.0
E38A,-1.6428239345550537,0.0
E38R,-1.7794053554534912,0.0
E38N,-0.5455572605133057,0.0
E38D,0.614771842956543,0.0
E38C,-3.3294827938079834,0.0
E38Q,-1.5799825191497803,0.0
E38G,-0.2553524971008301,0.0
E38H,-1.8073012828826904,0.0
E38I,-2.537019968032837,0.0
E38L,-2.289137601852417,0.0
E38K,-0.8766014575958252,0.0
E38M,-3.2770497798919678,0.0
E38F,-2.9159324169158936,0.0
E38P,2.6507487297058105,0.0
E38S,-0.8299260139465332,0.0
E38T,-1.1844961643218994,0.0
E38W,-3.9133055210113525,0.0
E38Y,-2.495999574661255,0.0
E38V,-2.227806806564331,0.0
I39A,-1.4695595502853394,0.0
I39R,-3.9353604316711426,0.0
I39N,-3.402883529663086,0.0
I39D,-3.8697891235351562,0.0
I39C,-3.1160082817077637,0.0
I39E,-3.3553924560546875,0.0
I39Q,-3.862727165222168,0.0
I39G,-3.0024404525756836,0.0
I39H,-3.7274770736694336,0.0
I39L,-2.0880208015441895,0.0
I39K,-3.77742862701416,0.0
I39M,-2.9342479705810547,0.0
I39F,-2.725052833557129,0.0
I39P,-1.3282877206802368,0.0
I39S,-2.0198254585266113,0.0
I39T,-0.7045580148696899,0.0
I39W,-5.607015609741211,0.0
I39Y,-2.988785743713379,0.0
I39V,0.6588764190673828,0.0
F40A,-2.2426295280456543,0.0
F40R,-3.1824326515197754,0.0
F40N,-3.7230758666992188,0.0
F40D,-4.849565029144287,0.0
F40C,-3.293065071105957,0.0
F40E,-3.817843437194824,0.0
F40Q,-3.3823914527893066,0.0
F40G,-3.605374336242676,0.0
F40H,-2.170041561126709,0.0
F40I,-1.4404505491256714,0.0
F40L,-1.9411648511886597,0.0
F40K,-3.826108455657959,0.0
F40M,-2.930016040802002,0.0
F40P,-2.8196048736572266,0.0
F40S,-2.684788703918457,0.0
F40T,-2.074742317199707,0.0
F40W,-2.666868209838867,0.0
F40Y,-0.23260760307312012,0.0
F40V,-0.7061982154846191,0.0
K41A,-1.5463476181030273,0.0
K41R,0.6588720083236694,0.0
K41N,-2.2194342613220215,0.0
K41D,-2.500255584716797,0.0
K41C,-2.3577828407287598,0.0
K41E,-0.872950553894043,0.0
K41Q,-0.7852444648742676,0.0
K41G,-1.6105241775512695,0.0
K41H,-1.2871675491333008,0.0
K41I,-1.764298439025879,0.0
K41L,-1.1209995746612549,0.0
K41M,-2.299656867980957,0.0
K41F,-1.438079833984375,0.0
K41P,-2.4372267723083496,0.0
K41S,-0.6031279563903809,0.0
K41T,-0.7108168601989746,0.0
K41W,-2.374722480773926,0.0
K41Y,-0.6028013229370117,0.0
K41V,-1.2032654285430908,0.0
F42A,-1.3359875679016113,0.0
F42R,-3.261587619781494,0.0
F42N,-3.343789577484131,0.0
F42D,-3.7459068298339844,0.0
F42C,-2.1321325302124023,0.0
F42E,-2.6882548332214355,0.0
F42Q,-3.103088855743408,0.0
F42G,-2.496908187866211,0.0
F42H,-2.888031005859375,0.0
F42I,0.785676121711731,0.0
F42L,0.23291850090026855,0.0
F42K,-3.1556339263916016,0.0
F42M,-0.9322588443756104,0.0
F42P,-2.7073473930358887,0.0
F42S,-1.956902027130127,0.0
F42T,-0.8760242462158203,0.0
F42W,-2.5764408111572266,0.0
F42Y,-1.033048152923584,0.0
F42V,0.9590586423873901,0.0
E43A,-1.819108486175537,0.0
E43R,0.7741954326629639,0.0
E43N,-0.4014136791229248,0.0
E43D,-1.068281650543213,0.0
E43C,-2.6794848442077637,0.0
E43Q,-0.07561635971069336,0.0
E43G,-1.786759853363037,0.0
E43H,-0.36197733879089355,0.0
E43I,-1.9669947624206543,0.0
E43L,-2.028258800506592,0.0
E43K,0.6749199628829956,0.0
E43M,-2.2129569053649902,0.0
E43F,-1.3968868255615234,0.0
E43P,-1.7039237022399902,0.0
E43S,-0.16837358474731445,0.0
E43T,-0.0904686450958252,0.0
E43W,-0.8089277744293213,0.0
E43Y,-0.2136533260345459,0.0
E43V,-1.424522876739502,0.0
A44R,-2.096128225326538,0.0
A44N,-1.5664117336273193,0.0
A44D,-2.0189969539642334,0.0
A44C,-1.9081971645355225,0.0
A44E,-2.1889235973358154,0.0
A44Q,-2.0154073238372803,0.0
A44G,-0.8067429065704346,0.0
A44H,-2.1531779766082764,0.0
A44I,1.4919428825378418,0.0
A44L,2.1153173446655273,0.0
A44K,-2.255842924118042,0.0
A44M,0.7171998023986816,0.0
A44F,0.5674011707305908,0.0
A44P,-1.7678048610687256,0.0
A44S,-1.2463371753692627,0.0
A44T,-0.5683629512786865,0.0
A44W,-1.8180510997772217,0.0
A44Y,-1.095970869064331,0.0
A44V,1.1438748836517334,0.0
P45A,-1.3814672231674194,0.0
P45R,-4.143802642822266,0.0
P45N,-3.2126646041870117,0.0
P45D,-3.394007682800293,0.0
P45C,-3.060037612915039,0.0
P45E,-3.861959934234619,0.0
P45Q,-3.688699245452881,0.0
P45G,-1.2851637601852417,0.0
P45H,-3.598012924194336,0.0
P45I,-1.4183686971664429,0.0
P45L,-0.49603796005249023,0.0
P45K,-4.223392486572266,0.0
P45M,-1.8555444478988647,0.0
P45F,-0.42044365406036377,0.0
P45S,-2.109440326690674,0.0
P45T,-2.079317092895508,0.0
P45W,-3.3884100914001465,0.0
P45Y,-2.0915908813476562,0.0
P45V,-1.4802690744400024,0.0
G46A,-1.5212690830230713,0.0
G46R,-1.8215816020965576,0.0
G46N,-1.3186769485473633,0.0
G46D,-1.5902009010314941,0.0
G46C,-2.790405511856079,0.0
G46E,-1.6787216663360596,0.0
G46Q,-2.0458900928497314,0.0
G46H,-1.8617396354675293,0.0
G46I,-2.2938342094421387,0.0
G46L,-1.2047264575958252,0.0
G46K,-2.2408182621002197,0.0
G46M,-2.3736729621887207,0.0
G46F,-0.6211950778961182,0.0
G46P,-2.2668323516845703,0.0
G46S,-1.0556018352508545,0.0
G46T,-1.505206823348999,0.0
G46W,-2.44077730178833,0.0
G46Y,-1.2781062126159668,0.0
G46V,-2.112494945526123,0.0
R47A,-0.4387667179107666,0.0
R47N,-0.46259212493896484,0.0
R47D,-1.1813483238220215,0.0
R47C,-1.9455416202545166,0.0
R47E,-0.5961530208587646,0.0
R47Q,-0.6046023368835449,0.0
R47G,-0.5350286960601807,0.0
R47H,-0.6217615604400635,0.0
R47I,-0.05529499053955078,0.0
R47L,0.1573336124420166,0.0
R47K,0.00629734992980957,0.0
R47M,-0.9544904232025146,0.0
R47F,0.13929295539855957,0.0
R47P,-0.017580270767211914,0.0
R47S,-0.1857614517211914,0.0
R47T,0.06682682037353516,0.0
R47W,-1.3776772022247314,0.0
R47Y,-0.27820897102355957,0.0
R47V,-0.07921957969665527,0.0
V48A,0.15937089920043945,0.0
V48R,0.8545827865600586,0.0
V48N,0.7657978534698486,0.0
V48D,0.10527706146240234,0.0
V48C,-1.7291440963745117,0.0
V48E,0.41361260414123535,0.0
V48Q,0.10805416107177734,0.0
V48G,-0.23093342781066895,0.0
V48H,0.11744046211242676,0.0
V48I,-0.13042712211608887,0.0
V48L,0.7031078338623047,0.0
V48K,0.40313220024108887,0.0
V48M,-0.2554748058319092,0.0
V48F,0.3337116241455078,0.0
V48P,2.0232832431793213,0.0
V48S,0.7527155876159668,0.0
V48T,0.49948644638061523,0.0
V48W,-0.2871675491333008,0.0
V48Y,0.25957512855529785,0.0
T49A,-0.1154320240020752,0.0
T49R,0.37546348571777344,0.0
T49N,-0.86159348487854,0.0
T49D,-1.793269395828247,0.0
T49C,-1.51273512840271,0.0
T49E,-1.0097565650939941,0.0
T49Q,-0.5481903553009033,0.0
T49G,-0.9812490940093994,0.0
T49H,-1.0599439144134521,0.0
T49I,0.3499107360839844,0.0
T49L,0.5336782932281494,0.0
T49K,-1.0904290676116943,0.0
T49M,-0.05718278884887695,0.0
T49F,-0.03567814826965332,0.0
T49P,-1.9054133892059326,0.0
T49S,-0.4958827495574951,0.0
T49W,-1.4967730045318604,0.0
T49Y,-0.5757994651794434,0.0
T49V,0.41780686378479004,0.0
R50A,2.3076565265655518,0.0
R50N,0.03272724151611328,0.0
R50D,-2.686783790588379,0.0
R50C,1.133772373199463,0.0
R50E,-0.7818660736083984,0.0
R50Q,-0.07465314865112305,0.0
R50G,0.15285968780517578,0.0
R50H,1.8287291526794434,0.0
R50I,3.775928020477295,0.0
R50L,3.611612319946289,0.0
R50K,-1.103158950805664,0.0
R50M,1.9710099697113037,0.0
R50F,2.7830240726470947,0.0
R50P,-2.2542686462402344,0.0
R50S,0.7216882705688477,0.0
R50T,2.4232637882232666,0.0
R50W,0.28208494186401367,0.0
R50Y,3.3827836513519287,0.0
R50V,5.12535285949707,0.0
Y51A,0.6211185455322266,0.0
Y51R,-2.657365083694458,0.0
Y51N,-1.9213707447052002,0.0
Y51D,-3.8471758365631104,0.0
Y51C,-0.24411702156066895,0.0
Y51E,-2.885634660720825,0.0
Y51Q,-2.215101480484009,0.0
Y51G,-1.3613865375518799,0.0
Y51H,-1.6274731159210205,0.0
Y51I,2.0512962341308594,0.0
Y51L,2.7745203971862793,0.0
Y51K,-3.6709606647491455,0.0
Y51M,1.0134985446929932,0.0
Y51F,1.9167211055755615,0.0
Y51P,-1.5568296909332275,0.0
Y51S,-0.9125006198883057,0.0
Y51T,-0.009830713272094727,0.0
Y51W,-1.3129875659942627,0.0
Y51V,2.443943977355957,0.0
L52A,-1.3610172271728516,0.0
L52R,-5.9860944747924805,0.0
L52N,-4.635600566864014,0.0
L52D,-6.028990745544434,0.0
L52C,-2.3114500045776367,0.0
L52E,-5.864488124847412,0.0
L52Q,-5.2632880210876465,0.0
L52G,-3.76851224899292,0.0
L52H,-4.387967109680176,0.0
L52I,0.5297950506210327,0.0
L52K,-6.52253532409668,0.0
L52M,-1.7945427894592285,0.0
L52F,0.25432288646698,0.0
L52P,-4.748208522796631,0.0
L52S,-2.502070426940918,0.0
L52T,-0.642758846282959,0.0
L52W,-3.8069839477539062,0.0
L52Y,-1.4176506996154785,0.0
L52V,0.8667627573013306,0.0
S53A,-0.7471660375595093,0.0
S53R,-2.5317325592041016,0.0
S53N,-1.1415632963180542,0.0
S53D,-3.4045677185058594,0.0
S53C,-1.1274875402450562,0.0
S53E,-3.717848777770996,0.0
S53Q,-2.670416831970215,0.0
S53G,-1.4660488367080688,0.0
S53H,-2.6460537910461426,0.0
S53I,-1.6331232786178589,0.0
S53L,-0.9585553407669067,0.0
S53K,-3.432175636291504,0.0
S53M,-1.7659884691238403,0.0
S53F,-1.3710178136825562,0.0
S53P,-3.5803189277648926,0.0
S53T,-0.0658712387084961,0.0
S53W,-3.2560181617736816,0.0
S53Y,-2.4407949447631836,0.0
S53V,-1.3833614587783813,0.0
S54A,-2.5172178745269775,0.0
S54R,-1.8198039531707764,0.0
S54N,-0.30946946144104004,0.0
S54D,1.6577568054199219,0.0
S54C,-3.4932353496551514,0.0
S54E,-0.7683124542236328,0.0
S54Q,-2.264169454574585,0.0
S54G,1.442110300064087,0.0
S54H,-1.096909761428833,0.0
S54I,-4.600010871887207,0.0
S54L,-3.88561749458313,0.0
S54K,-1.791593313217163,0.0
S54M,-4.8212995529174805,0.0
S54F,-4.365349769592285,0.0
S54P,-3.1158697605133057,0.0
S54T,-1.5242865085601807,0.0
S54W,-4.544428825378418,0.0
S54Y,-3.863659143447876,0.0
S54V,-3.4790585041046143,0.0
Q55A,1.9718008041381836,0.0
Q55R,-0.27852964401245117,0.0
Q55N,0.21457648277282715,0.0
Q55D,-0.1117401123046875,0.0
Q55C,-1.8674635887145996,0.0
Q55E,0.46167540550231934,0.0
Q55G,0.07064390182495117,0.0
Q55H,0.6264903545379639,0.0
Q55I,0.15762042999267578,0.0
Q55L,1.0120859146118164,0.0
Q55K,-0.2531590461730957,0.0
Q55M,-0.1917891502380371,0.0
Q55F,-0.060146331787109375,0.0
Q55P,3.3867290019989014,0.0
Q55S,0.8826794624328613,0.0
Q55T,0.5064597129821777,0.0
Q55W,-0.900658130645752,0.0
Q55Y,1.5608954429626465,0.0
Q55V,0.7024776935577393,0.0
R56A,0.5079867839813232,0.0
R56N,-0.4535245895385742,0.0
R56D,1.1785427331924438,0.0
R56C,-4.133584976196289,0.0
R56E,1.7215014696121216,0.0
R56Q,0.16170644760131836,0.0
R56G,-0.9769721031188965,0.0
R56H,-0.916903018951416,0.0
R56I,-2.319308280944824,0.0
R56L,-1.544724464416504,0.0
R56K,1.011144757270813,0.0
R56M,-2.677921772003174,0.0
R56F,-2.9511051177978516,0.0
R56P,-1.5672602653503418,0.0
R56S,0.26588964462280273,0.0
R56T,-0.32717466354370117,0.0
R56W,-3.0577306747436523,0.0
R56Y,-2.162771224975586,0.0
R56V,-1.5827703475952148,0.0
L57A,0.01169133186340332,0.0
L57R,-2.3591649532318115,0.0
L57N,-0.026297330856323242,0.0
L57D,-0.6572368144989014,0.0
L57C,-2.782665967941284,0.0
L57E,-1.8555877208709717,0.0
L57Q,-2.240741014480591,0.0
L57G,-1.8073146343231201,0.0
L57H,-0.28386425971984863,0.0
L57I,-0.6535148620605469,0.0
L57K,-2.78641676902771,0.0
L57M,-1.3229520320892334,0.0
L57F,-0.4157407283782959,0.0
L57P,-3.7615249156951904,0.0
L57S,-1.2616496086120605,0.0
L57T,-1.5067365169525146,0.0
L57W,-2.8786227703094482,0.0
L57Y,-0.2507288455963135,0.0
L57V,-0.5490691661834717,0.0
I58A,-1.6137125492095947,0.0
I58R,-5.4066162109375,0.0
I58N,-2.5380783081054688,0.0
I58D,-5.648041725158691,0.0
I58C,-3.2397305965423584,0.0
I58E,-5.580489158630371,0.0
I58Q,-4.056255340576172,0.0
I58G,-4.551054000854492,0.0
I58H,-4.386636734008789,0.0
I58L,-0.7819938659667969,0.0
I58K,-6.122092247009277,0.0
I58M,-1.5547480583190918,0.0
I58F,-2.302424907684326,0.0
I58P,-6.690106391906738,0.0
I58S,-3.2196600437164307,0.0
I58T,-2.362239360809326,0.0
I58W,-4.218197822570801,0.0
I58Y,-3.2818777561187744,0.0
I58V,-0.1799335479736328,0.0
K59A,-1.022545337677002,0.0
K59R,-0.7628962993621826,0.0
K59N,-0.8466780185699463,0.0
K59D,-0.19647765159606934,0.0
K59C,-3.9332268238067627,0.0
K59E,0.2998638153076172,0.0
K59Q,-0.5060422420501709,0.0
K59G,-2.41310715675354,0.0
K59H,-1.2904915809631348,0.0
K59I,-2.559234857559204,0.0
K59L,-1.7093400955200195,0.0
K59M,-2.6628572940826416,0.0
K59F,-2.5811426639556885,0.0
K59P,-3.157655954360962,0.0
K59S,-1.2057173252105713,0.0
K59T,-1.4723689556121826,0.0
K59W,-3.2943532466888428,0.0
K59Y,-2.1861488819122314,0.0
K59V,-2.1204302310943604,0.0
E60A,-1.435001254081726,0.0
E60R,-2.4619784355163574,0.0
E60N,-2.436526298522949,0.0
E60D,-1.4003838300704956,0.0
E60C,-4.591949462890625,0.0
E60Q,-1.5892537832260132,0.0
E60G,-3.5522375106811523,0.0
E60H,-2.4255194664001465,0.0
E60I,-1.9729079008102417,0.0
E60L,-1.4033032655715942,0.0
E60K,-1.9379404783248901,0.0
E60M,-2.3865208625793457,0.0
E60F,-1.9582418203353882,0.0
E60P,-3.9738693237304688,0.0
E60S,-2.1712660789489746,0.0
E60T,-1.876238226890564,0.0
E60W,-3.838010311126709,0.0
E60Y,-1.297831654548645,0.0
E60V,-1.6851316690444946,0.0
A61R,-4.779001235961914,0.0
A61N,-4.056527137756348,0.0
A61D,-5.752127647399902,0.0
A61C,-2.5562820434570312,0.0
A61E,-4.999518871307373,0.0
A61Q,-4.554474830627441,0.0
A61G,-3.601907730102539,0.0
A61H,-4.364804267883301,0.0
A61I,0.8419309854507446,0.0
A61L,-0.5765180587768555,0.0
A61K,-5.010781764984131,0.0
A61M,-1.5722665786743164,0.0
A61F,-2.1880898475646973,0.0
A61P,-6.045539379119873,0.0
A61S,-2.9355196952819824,0.0
A61T,-1.7281498908996582,0.0
A61W,-5.413970947265625,0.0
A61Y,-3.0869011878967285,0.0
A61V,1.253637671470642,0.0
C62A,-0.15022969245910645,0.0
C62R,-1.824268102645874,0.0
C62N,-1.634873628616333,0.0
C62D,-3.4332334995269775,0.0
C62E,-3.0343754291534424,0.0
C62Q,-1.9011561870574951,0.0
C62G,-1.4868199825286865,0.0
C62H,-1.9662220478057861,0.0
C62I,0.5197169780731201,0.0
C62L,2.9420955181121826,0.0
C62K,-2.164470911026001,0.0
C62M,1.3886785507202148,0.0
C62F,2.358067512512207,0.0
C62P,-3.4660418033599854,0.0
C62S,-0.03899383544921875,0.0
C62T,1.2243962287902832,0.0
C62W,-1.4820358753204346,0.0
C62Y,0.8073554039001465,0.0
C62V,0.6153743267059326,0.0
D63A,-0.08696508407592773,0.0
D63R,-0.6894001960754395,0.0
D63N,1.0982284545898438,0.0
D63C,-2.5749049186706543,0.0
D63E,-0.23251914978027344,0.0
D63Q,-0.3528001308441162,0.0
D63G,-0.23813223838806152,0.0
D63H,-0.9234213829040527,0.0
D63I,0.946465015411377,0.0
D63L,0.46405935287475586,0.0
D63K,-0.33559131622314453,0.0
D63M,-0.5164089202880859,0.0
D63F,-0.2592008113861084,0.0
D63P,-2.4389309883117676,0.0
D63S,-0.019076108932495117,0.0
D63T,-0.37628889083862305,0.0
D63W,-2.422846794128418,0.0
D63Y,-0.5159823894500732,0.0
D63V,0.9662981033325195,0.0
E64A,-0.16753721237182617,0.0
E64R,-0.3529345989227295,0.0
E64N,0.7024104595184326,0.0
E64D,0.9731509685516357,0.0
E64C,-2.7472333908081055,0.0
E64Q,-0.20559930801391602,0.0
E64G,0.4461982250213623,0.0
E64H,0.6159758567810059,0.0
E64I,-1.330575942993164,0.0
E64L,-1.1751737594604492,0.0
E64K,0.1186676025390625,0.0
E64M,-1.9454102516174316,0.0
E64F,-1.9009017944335938,0.0
E64P,-0.607090950012207,0.0
E64S,0.6953830718994141,0.0
E64T,-0.07605457305908203,0.0
E64W,-3.2809057235717773,0.0
E64Y,-1.1975631713867188,0.0
E64V,-0.7050373554229736,0.0
S65A,0.07166600227355957,0.0
S65R,-0.0840303897857666,0.0
S65N,-0.41103196144104004,0.0
S65D,0.047681570053100586,0.0
S65C,-3.2525827884674072,0.0
S65E,0.5573103427886963,0.0
S65Q,-0.5611107349395752,0.0
S65G,-0.49738430976867676,0.0
S65H,-0.6210343837738037,0.0
S65I,-1.9876892566680908,0.0
S65L,-1.3663380146026611,0.0
S65K,0.34023356437683105,0.0
S65M,-2.7786195278167725,0.0
S65F,-2.5512025356292725,0.0
S65P,1.110172986984253,0.0
S65T,-0.7174839973449707,0.0
S65W,-3.509516954421997,0.0
S65Y,-1.9746639728546143,0.0
S65V,-1.1690361499786377,0.0
R66A,-0.9079921245574951,0.0
R66N,-0.050522804260253906,0.0
R66D,-1.1121015548706055,0.0
R66C,-3.032733917236328,0.0
R66E,-1.1798720359802246,0.0
R66Q,-1.0285253524780273,0.0
R66G,-0.8438901901245117,0.0
R66H,-1.0045595169067383,0.0
R66I,-2.1189208030700684,0.0
R66L,-1.7899761199951172,0.0
R66K,0.37212836742401123,0.0
R66M,-2.955627918243408,0.0
R66F,-2.3919272422790527,0.0
R66P,-3.249014377593994,0.0
R66S,-0.4113333225250244,0.0
R66T,-0.9497437477111816,0.0
R66W,-4.0260186195373535,0.0
R66Y,-2.665654182434082,0.0
R66V,-1.6189708709716797,0.0
F67A,-4.003654479980469,0.0
F67R,-4.617516994476318,0.0
F67N,-3.9815022945404053,0.0
F67D,-4.311245441436768,0.0
F67C,-5.886008262634277,0.0
F67E,-4.788019180297852,0.0
F67Q,-4.845215797424316,0.0
F67G,-4.668369293212891,0.0
F67H,-4.075525760650635,0.0
F67I,-3.024317979812622,0.0
F67L,-1.7574164867401123,0.0
F67K,-4.551840305328369,0.0
F67M,-3.535003662109375,0.0
F67P,-4.801523208618164,0.0
F67S,-3.6276490688323975,0.0
F67T,-3.646930456161499,0.0
F67W,-4.619041919708252,0.0
F67Y,-2.902661085128784,0.0
F67V,-3.233942747116089,0.0
D68A,-1.240445613861084,0.0
D68R,-2.021111011505127,0.0
D68N,-0.33730125427246094,0.0
D68C,-3.214076519012451,0.0
D68E,-0.563779354095459,0.0
D68Q,-1.4547724723815918,0.0
D68G,-0.7016310691833496,0.0
D68H,-1.2786309719085693,0.0
D68I,-1.791853427886963,0.0
D68L,-1.5970897674560547,0.0
D68K,-1.9827017784118652,0.0
D68M,-2.4742026329040527,0.0
D68F,-1.093785047531128,0.0
D68P,-0.8147017955780029,0.0
D68S,0.030208587646484375,0.0
D68T,0.015876293182373047,0.0
D68W,-3.415696144104004,0.0
D68Y,-1.6688306331634521,0.0
D68V,-1.2775530815124512,0.0
K69A,-1.5250396728515625,0.0
K69R,-1.0321040153503418,0.0
K69N,-2.044145345687866,0.0
K69D,-2.043231725692749,0.0
K69C,-4.115993022918701,0.0
K69E,-1.512514591217041,0.0
K69Q,-2.196112632751465,0.0
K69G,-1.422133207321167,0.0
K69H,-1.909052848815918,0.0
K69I,-1.3563144207000732,0.0
K69L,-1.0184848308563232,0.0
K69M,-2.4535489082336426,0.0
K69F,0.5134234428405762,0.0
K69P,-0.8802165985107422,0.0
K69S,-1.923492431640625,0.0
K69T,-1.5475845336914062,0.0
K69W,-2.7464303970336914,0.0
K69Y,-0.7901949882507324,0.0
K69V,-1.1578915119171143,0.0
N70A,-0.3320155143737793,0.0
N70R,-0.04169034957885742,0.0
N70D,-0.09206438064575195,0.0
N70C,-2.4304251670837402,0.0
N70E,-0.5334162712097168,0.0
N70Q,-0.8560895919799805,0.0
N70G,-0.566032886505127,0.0
N70H,-0.8164150714874268,0.0
N70I,-1.0270521640777588,0.0
N70L,-0.7985959053039551,0.0
N70K,-0.2845802307128906,0.0
N70M,-1.9259848594665527,0.0
N70F,-0.9534311294555664,0.0
N70P,0.8992831707000732,0.0
N70S,0.16824030876159668,0.0
N70T,-0.20606374740600586,0.0
N70W,-2.926514148712158,0.0
N70Y,-0.628748893737793,0.0
N70V,-0.7834384441375732,0.0
L71A,0.24922895431518555,0.0
L71R,0.3592252731323242,0.0
L71N,-0.8714029788970947,0.0
L71D,-0.41149306297302246,0.0
L71C,-2.3484816551208496,0.0
L71E,-0.29445767402648926,0.0
L71Q,-0.5619101524353027,0.0
L71G,-0.12187719345092773,0.0
L71H,-0.9323928356170654,0.0
L71I,-0.14155077934265137,0.0
L71K,0.39531517028808594,0.0
L71M,-1.220752239227295,0.0
L71F,-0.7942395210266113,0.0
L71P,1.4983689785003662,0.0
L71S,0.06842374801635742,0.0
L71T,-0.30314016342163086,0.0
L71W,-2.22117280960083,0.0
L71Y,-0.31478071212768555,0.0
L71V,0.05301332473754883,0.0
S72A,-0.17242646217346191,0.0
S72R,-0.98248291015625,0.0
S72N,-0.7922360897064209,0.0
S72D,0.2458665370941162,0.0
S72C,-3.503239154815674,0.0
S72E,0.08260345458984375,0.0
S72Q,-0.9340012073516846,0.0
S72G,-0.2304089069366455,0.0
S72H,-1.0596277713775635,0.0
S72I,-1.8191275596618652,0.0
S72L,-1.1006395816802979,0.0
S72K,-0.35093069076538086,0.0
S72M,-2.3467698097229004,0.0
S72F,-1.9713335037231445,0.0
S72P,1.834608554840088,0.0
S72T,-0.6241543292999268,0.0
S72W,-3.217097282409668,0.0
S72Y,-2.1050453186035156,0.0
S72V,-1.1823761463165283,0.0
Q73A,0.8297245502471924,0.0
Q73R,0.17486166954040527,0.0
Q73N,0.31264519691467285,0.0
Q73D,0.7410717010498047,0.0
Q73C,-2.219407796859741,0.0
Q73E,0.8196165561676025,0.0
Q73G,0.5382568836212158,0.0
Q73H,-0.5596048831939697,0.0
Q73I,-0.3090033531188965,0.0
Q73L,0.4169015884399414,0.0
Q73K,0.5368802547454834,0.0
Q73M,-0.7763636112213135,0.0
Q73F,-0.40236687660217285,0.0
Q73P,2.5980803966522217,0.0
Q73S,0.8655908107757568,0.0
Q73T,0.673630952835083,0.0
Q73W,-2.1094906330108643,0.0
Q73Y,-0.8709485530853271,0.0
Q73V,-0.026334524154663086,0.0
A74R,0.06126236915588379,0.0
A74N,0.6358153820037842,0.0
A74D,1.1925737857818604,0.0
A74C,-1.800774335861206,0.0
A74E,0.23817825317382812,0.0
A74Q,-0.010222434997558594,0.0
A74G,0.5836007595062256,0.0
A74H,-0.5467052459716797,0.0
A74I,-0.8246972560882568,0.0
A74L,-0.56256103515625,0.0
A74K,-0.1500394344329834,0.0
A74M,-0.8209311962127686,0.0
A74F,-0.8600490093231201,0.0
A74P,1.6153063774108887,0.0
A74S,0.6885859966278076,0.0
A74T,0.17119336128234863,0.0
A74W,-1.779280424118042,0.0
A74Y,-0.7817530632019043,0.0
A74V,-0.46041250228881836,0.0
L75A,-0.47373080253601074,0.0
L75R,-0.40758323669433594,0.0
L75N,-0.8061079978942871,0.0
L75D,-0.9254300594329834,0.0
L75C,-2.0692670345306396,0.0
L75E,-0.17449021339416504,0.0
L75Q,-0.615652322769165,0.0
L75G,-0.7184090614318848,0.0
L75H,-0.8265120983123779,0.0
L75I,-0.7123034000396729,0.0
L75K,-0.4022972583770752,0.0
L75M,-0.8352181911468506,0.0
L75F,-0.2465054988861084,0.0
L75P,-1.5810048580169678,0.0
L75S,-0.5530602931976318,0.0
L75T,-0.54988694190979,0.0
L75W,-1.1446115970611572,0.0
L75Y,0.22395110130310059,0.0
L75V,-0.3488583564758301,0.0
K76A,0.03228878974914551,0.0
K76R,-0.13489556312561035,0.0
K76N,-0.2442922592163086,0.0
K76D,0.2903110980987549,0.0
K76C,-2.398848295211792,0.0
K76E,0.012282609939575195,0.0
K76Q,-0.37918686866760254,0.0
K76G,0.5287086963653564,0.0
K76H,-0.6091115474700928,0.0
K76I,-0.9807918071746826,0.0
K76L,-0.12513995170593262,0.0
K76M,-1.1737840175628662,0.0
K76F,-0.4712812900543213,0.0
K76P,1.6245664358139038,0.0
K76S,0.3462092876434326,0.0
K76T,-0.052755117416381836,0.0
K76W,-1.7116992473602295,0.0
K76Y,-0.6115314960479736,0.0
K76V,-0.3532538414001465,0.0
F77A,0.5155420303344727,0.0
F77R,-0.5709099769592285,0.0
F77N,-0.599926233291626,0.0
F77D,-0.42281198501586914,0.0
F77C,-1.819394588470459,0.0
F77E,-0.3223552703857422,0.0
F77Q,-0.7111191749572754,0.0
F77G,-0.33257389068603516,0.0
F77H,-1.0012712478637695,0.0
F77I,0.5346877574920654,0.0
F77L,0.7154567241668701,0.0
F77K,-0.3089139461517334,0.0
F77M,0.1140291690826416,0.0
F77P,-0.04553484916687012,0.0
F77S,0.05363035202026367,0.0
F77T,0.19236326217651367,0.0
F77W,-1.5751500129699707,0.0
F77Y,-0.6292662620544434,0.0
F77V,0.5810527801513672,0.0
V78A,-0.3712470531463623,0.0
V78R,-1.6679284572601318,0.0
V78N,-1.4636566638946533,0.0
V78D,-2.1063640117645264,0.0
V78C,-1.941110372543335,0.0
V78E,-2.2147839069366455,0.0
V78Q,-1.5510423183441162,0.0
V78G,-0.6343624591827393,0.0
V78H,-1.5220463275909424,0.0
V78I,-0.03345847129821777,0.0
V78L,0.7634550333023071,0.0
V78K,-1.983001947402954,0.0
V78M,-0.044393301010131836,0.0
V78F,0.5819450616836548,0.0
V78P,-1.801417589187622,0.0
V78S,-0.6164984703063965,0.0
V78T,-0.6504848003387451,0.0
V78W,-0.6833984851837158,0.0
V78Y,-0.08477139472961426,0.0
R79A,-0.5683338642120361,0.0
R79N,-0.11703038215637207,0.0
R79D,-0.059517860412597656,0.0
R79C,-2.529167890548706,0.0
R79E,-0.16806578636169434,0.0
R79Q,-0.5270299911499023,0.0
R79G,0.3882129192352295,0.0
R79H,-0.7187433242797852,0.0
R79I,-1.5687625408172607,0.0
R79L,-0.7100920677185059,0.0
R79K,0.0937495231628418,0.0
R79M,-1.486945390701294,0.0
R79F,-0.3770608901977539,0.0
R79P,0.46975255012512207,0.0
R79S,0.007878303527832031,0.0
R79T,-0.529327392578125,0.0
R79W,-2.265977144241333,0.0
R79Y,-1.054290533065796,0.0
R79V,-1.1400864124298096,0.0
D80A,-1.0046215057373047,0.0
D80R,-0.6164243221282959,0.0
D80N,-0.721215009689331,0.0
D80C,-3.4960906505584717,0.0
D80E,-0.08424615859985352,0.0
D80Q,-0.8942737579345703,0.0
D80G,-0.6543271541595459,0.0
D80H,-1.4536902904510498,0.0
D80I,-1.6798200607299805,0.0
D80L,-0.8500516414642334,0.0
D80K,-0.31024789810180664,0.0
D80M,-1.939976453781128,0.0
D80F,-1.6295342445373535,0.0
D80P,0.586756706237793,0.0
D80S,-0.4842801094055176,0.0
D80T,-0.9223790168762207,0.0
D80W,-2.7654592990875244,0.0
D80Y,-1.8680131435394287,0.0
D80V,-1.6407558917999268,0.0
F81A,0.45757055282592773,0.0
F81R,-0.33707284927368164,0.0
F81N,-0.42136096954345703,0.0
F81D,-0.9732089042663574,0.0
F81C,-1.3164901733398438,0.0
F81E,-0.42821311950683594,0.0
F81Q,-0.5796685218811035,0.0
F81G,0.03414130210876465,0.0
F81H,-0.8440635204315186,0.0
F81I,0.9353022575378418,0.0
F81L,0.9497020244598389,0.0
F81K,-0.12475824356079102,0.0
F81M,-0.09572553634643555,0.0
F81P,0.09822463989257812,0.0
F81S,-0.033374786376953125,0.0
F81T,0.11181020736694336,0.0
F81W,-2.167428970336914,0.0
F81Y,-0.6590616703033447,0.0
F81V,0.9580206871032715,0.0
A82R,-1.74635648727417,0.0
A82N,-0.9025461673736572,0.0
A82D,-1.1036901473999023,0.0
A82C,-1.8892078399658203,0.0
A82E,-1.3742499351501465,0.0
A82Q,-1.66093111038208,0.0
A82G,0.8116163015365601,0.0
A82H,-1.712338924407959,0.0
A82I,-0.5693666934967041,0.0
A82L,-0.1192624568939209,0.0
A82K,-1.44588041305542,0.0
A82M,-0.6805210113525391,0.0
A82F,-0.013004779815673828,0.0
A82P,-1.1533446311950684,0.0
A82S,0.051473140716552734,0.0
A82T,-0.018773317337036133,0.0
A82W,-2.160336971282959,0.0
A82Y,-0.4102764129638672,0.0
A82V,-0.15748095512390137,0.0
G83A,-2.336688280105591,0.0
G83R,-3.2259507179260254,0.0
G83N,-2.468646287918091,0.0
G83D,-2.9019012451171875,0.0
G83C,-4.513389587402344,0.0
G83E,-3.3475394248962402,0.0
G83Q,-3.389557361602783,0.0
G83H,-3.5214691162109375,0.0
G83I,-2.6429715156555176,0.0
G83L,-1.864475965499878,0.0
G83K,-3.336010456085205,0.0
G83M,-2.7607789039611816,0.0
G83F,-1.1044058799743652,0.0
G83P,-1.5546104907989502,0.0
G83S,-2.2634332180023193,0.0
G83T,-2.5287859439849854,0.0
G83W,-1.5413322448730469,0.0
G83Y,-2.980715274810791,0.0
G83V,-2.3358163833618164,0.0
D84A,-2.3168890476226807,0.0
D84R,-1.8729422092437744,0.0
D84N,-1.3262033462524414,0.0
D84C,-4.375178813934326,0.0
D84E,-0.8308582305908203,0.0
D84Q,-1.8477482795715332,0.0
D84G,-1.0485332012176514,0.0
D84H,-2.405794620513916,0.0
D84I,-3.824432373046875,0.0
D84L,-2.661710023880005,0.0
D84K,-1.1772756576538086,0.0
D84M,-3.9597043991088867,0.0
D84F,-2.9755702018737793,0.0
D84P,-1.5905604362487793,0.0
D84S,-1.6095123291015625,0.0
D84T,-1.957303762435913,0.0
D84W,-4.895813941955566,0.0
D84Y,-3.185255527496338,0.0
D84V,-3.232203960418701,0.0
G85A,-3.094367027282715,0.0
G85R,-3.727085828781128,0.0
G85N,-2.7885568141937256,0.0
G85D,-3.070998430252075,0.0
G85C,-5.415489673614502,0.0
G85E,-3.3703579902648926,0.0
G85Q,-4.227938175201416,0.0
G85H,-3.792140245437622,0.0
G85I,-4.34529447555542,0.0
G85L,-4.201265335083008,0.0
G85K,-3.295339584350586,0.0
G85M,-4.863039493560791,0.0
G85F,-4.6329264640808105,0.0
G85P,-2.9800825119018555,0.0
G85S,-2.579658269882202,0.0
G85T,-3.2242157459259033,0.0
G85W,-6.108040809631348,0.0
G85Y,-4.985979080200195,0.0
G85V,-4.050545692443848,0.0
L86A,-0.5423095226287842,0.0
L86R,-1.1347942352294922,0.0
L86N,-0.7603089809417725,0.0
L86D,-1.5741896629333496,0.0
L86C,-3.4840517044067383,0.0
L86E,-1.6808018684387207,0.0
L86Q,-1.9075751304626465,0.0
L86G,-1.27239990234375,0.0
L86H,-1.8346490859985352,0.0
L86I,-0.7795941829681396,0.0
L86K,-1.3508219718933105,0.0
L86M,-1.2345147132873535,0.0
L86F,-0.6246039867401123,0.0
L86P,-1.8196079730987549,0.0
L86S,-0.45273828506469727,0.0
L86T,-0.44667720794677734,0.0
L86W,-2.735121726989746,0.0
L86Y,-1.5952062606811523,0.0
L86V,-0.30374574661254883,0.0
F87A,-0.2958793640136719,0.0
F87R,-2.9441585540771484,0.0
F87N,-0.163985013961792,0.0
F87D,-2.2425923347473145,0.0
F87C,-2.636422634124756,0.0
F87E,-2.6146278381347656,0.0
F87Q,-1.8927488327026367,0.0
F87G,0.36771535873413086,0.0
F87H,-2.144329071044922,0.0
F87I,-0.5131330490112305,0.0
F87L,0.20092225074768066,0.0
F87K,-3.1815457344055176,0.0
F87M,-0.6822175979614258,0.0
F87P,-2.5485057830810547,0.0
F87S,0.6652364730834961,0.0
F87T,0.5727405548095703,0.0
F87W,-2.6056251525878906,0.0
F87Y,-2.166719913482666,0.0
F87V,-0.3336622714996338,0.0
T88A,-0.2651270627975464,0.0
T88R,-4.739588260650635,0.0
T88N,-2.2416725158691406,0.0
T88D,-3.546198844909668,0.0
T88C,-3.454352855682373,0.0
T88E,-3.4810009002685547,0.0
T88Q,-3.077103614807129,0.0
T88G,-1.582701325416565,0.0
T88H,-3.908360481262207,0.0
T88I,-1.1680163145065308,0.0
T88L,0.5960391759872437,0.0
T88K,-4.655620098114014,0.0
T88M,-0.9161301851272583,0.0
T88F,-2.0233726501464844,0.0
T88P,-3.367434024810791,0.0
T88S,-0.5596843957901001,0.0
T88W,-5.293002605438232,0.0
T88Y,-4.187406539916992,0.0
T88V,-0.7191325426101685,0.0
S89A,0.8558366298675537,0.0
S89R,-3.2147767543792725,0.0
S89N,-0.9521281719207764,0.0
S89D,-1.9854118824005127,0.0
S89C,-2.4769580364227295,0.0
S89E,-2.3862879276275635,0.0
S89Q,-2.5052506923675537,0.0
S89G,0.15674901008605957,0.0
S89H,-2.8555023670196533,0.0
S89I,-0.06586027145385742,0.0
S89L,0.5051264762878418,0.0
S89K,-3.2627131938934326,0.0
S89M,-0.6704931259155273,0.0
S89F,-0.355210542678833,0.0
S89P,-2.2017595767974854,0.0
S89T,0.18601250648498535,0.0
S89W,-3.312512159347534,0.0
S89Y,-2.7225425243377686,0.0
S89V,0.4516017436981201,0.0
W90A,3.1062262058258057,0.0
W90R,1.4954442977905273,0.0
W90N,2.775024890899658,0.0
W90D,2.80521821975708,0.0
W90C,-0.022266864776611328,0.0
W90E,3.1826043128967285,0.0
W90Q,3.02103853225708,0.0
W90G,2.0115952491760254,0.0
W90H,1.4326286315917969,0.0
W90I,2.170660972595215,0.0
W90L,2.5892488956451416,0.0
W90K,1.7626862525939941,0.0
W90M,2.0124707221984863,0.0
W90F,1.7670788764953613,0.0
W90P,2.0040650367736816,0.0
W90S,3.0499234199523926,0.0
W90T,3.535947322845459,0.0
W90Y,1.127373218536377,0.0
W90V,2.701112747192383,0.0
T91A,-0.03065037727355957,0.0
T91R,-0.7343759536743164,0.0
T91N,-0.8570668697357178,0.0
T91D,-1.5763278007507324,0.0
T91C,-2.6669483184814453,0.0
T91E,-1.0278205871582031,0.0
T91Q,-0.89408278465271,0.0
T91G,-1.6301417350769043,0.0
T91H,-1.818267822265625,0.0
T91I,-0.591296911239624,0.0
T91L,0.15057611465454102,0.0
T91K,-0.931990385055542,0.0
T91M,-0.9954433441162109,0.0
T91F,-1.834127426147461,0.0
T91P,-0.1941204071044922,0.0
T91S,0.0162355899810791,0.0
T91W,-3.45369291305542,0.0
T91Y,-2.3600645065307617,0.0
T91V,-0.024420738220214844,0.0
H92A,-0.0346064567565918,0.0
H92R,0.737849235534668,0.0
H92N,1.1223390102386475,0.0
H92D,1.9876185655593872,0.0
H92C,-2.4845056533813477,0.0
H92E,2.176356792449951,0.0
H92Q,0.3564488887786865,0.0
H92G,0.7353382110595703,0.0
H92I,-1.2713513374328613,0.0
H92L,-0.6382551193237305,0.0
H92K,1.0276284217834473,0.0
H92M,-1.1151962280273438,0.0
H92F,-1.34039306640625,0.0
H92P,0.9507865905761719,0.0
H92S,0.48933982849121094,0.0
H92T,0.5825212001800537,0.0
H92W,-2.0219664573669434,0.0
H92Y,-0.5718588829040527,0.0
H92V,-0.7273573875427246,0.0
E93A,-1.7408161163330078,0.0
E93R,-1.7317590713500977,0.0
E93N,-0.597771167755127,0.0
E93D,0.7376663684844971,0.0
E93C,-3.8387269973754883,0.0
E93Q,-1.7757577896118164,0.0
E93G,1.8733351230621338,0.0
E93H,-1.4472711086273193,0.0
E93I,-3.983942985534668,0.0
E93L,-3.0079050064086914,0.0
E93K,-1.5234203338623047,0.0
E93M,-3.7030982971191406,0.0
E93F,-3.3750667572021484,0.0
E93P,-1.4029297828674316,0.0
E93S,-1.1014890670776367,0.0
E93T,-2.209641456604004,0.0
E93W,-3.568075180053711,0.0
E93Y,-3.1428518295288086,0.0
E93V,-3.1910924911499023,0.0
K94A,1.060185432434082,0.0
K94R,-0.9540205001831055,0.0
K94N,-0.4835085868835449,0.0
K94D,1.4414033889770508,0.0
K94C,-4.7151665687561035,0.0
K94E,1.9611272811889648,0.0
K94Q,-0.3934977054595947,0.0
K94G,-0.9811272621154785,0.0
K94H,-1.4792532920837402,0.0
K94I,-2.3951854705810547,0.0
K94L,-1.833265781402588,0.0
K94M,-2.8129682540893555,0.0
K94F,-3.3870086669921875,0.0
K94P,0.794273853302002,0.0
K94S,0.2621626853942871,0.0
K94T,-0.40477728843688965,0.0
K94W,-3.9718523025512695,0.0
K94Y,-2.621187210083008,0.0
K94V,-1.3665108680725098,0.0
N95A,0.3805713653564453,0.0
N95R,0.5264549255371094,0.0
N95D,1.3063713312149048,0.0
N95C,-2.7471652030944824,0.0
N95E,1.5027499198913574,0.0
N95Q,0.411236047744751,0.0
N95G,-1.0297045707702637,0.0
N95H,-0.4669303894042969,0.0
N95I,-0.7188196182250977,0.0
N95L,-0.3345222473144531,0.0
N95K,0.46315908432006836,0.0
N95M,-0.9209542274475098,0.0
N95F,-1.4046783447265625,0.0
N95P,-1.1971025466918945,0.0
N95S,-0.34293413162231445,0.0
N95T,0.05928778648376465,0.0
N95W,-2.488861560821533,0.0
N95Y,-0.6194162368774414,0.0
N95V,-0.26339054107666016,0.0
W96A,-6.348006248474121,0.0
W96R,-3.487626791000366,0.0
W96N,-6.958264350891113,0.0
W96D,-9.125328063964844,0.0
W96C,-7.079274654388428,0.0
W96E,-8.642746925354004,0.0
W96Q,-6.066190242767334,0.0
W96G,-6.869663715362549,0.0
W96H,-3.133052349090576,0.0
W96I,-5.899755954742432,0.0
W96L,-4.306475639343262,0.0
W96K,-5.480670928955078,0.0
W96M,-5.589239120483398,0.0
W96F,-4.262321949005127,0.0
W96P,-8.851322174072266,0.0
W96S,-6.9947590827941895,0.0
W96T,-6.866930961608887,0.0
W96Y,-4.404669761657715,0.0
W96V,-6.048495292663574,0.0
K97A,0.08968567848205566,0.0
K97R,0.38933610916137695,0.0
K97N,-1.9228631258010864,0.0
K97D,-3.5827689170837402,0.0
K97C,-3.9382853507995605,0.0
K97E,-2.5810775756835938,0.0
K97Q,-0.6085115671157837,0.0
K97G,-1.784913182258606,0.0
K97H,-1.3023983240127563,0.0
K97I,-2.086578845977783,0.0
K97L,-1.462873101234436,0.0
K97M,-1.677411675453186,0.0
K97F,-2.934814453125,0.0
K97P,-3.287517547607422,0.0
K97S,-0.963006854057312,0.0
K97T,-0.8358503580093384,0.0
K97W,-3.2027688026428223,0.0
K97Y,-3.1918158531188965,0.0
K97V,-1.7213770151138306,0.0
K98A,-0.8218245506286621,0.0
K98R,0.1330350637435913,0.0
K98N,-1.7566545009613037,0.0
K98D,-2.245157480239868,0.0
K98C,-3.772132635116577,0.0
K98E,-1.2817447185516357,0.0
K98Q,-0.9800255298614502,0.0
K98G,-2.9802591800689697,0.0
K98H,-1.2298815250396729,0.0
K98I,-0.5191628932952881,0.0
K98L,-0.22444939613342285,0.0
K98M,-1.3396494388580322,0.0
K98F,-1.192328691482544,0.0
K98P,-3.896044969558716,0.0
K98S,-1.7523105144500732,0.0
K98T,-0.8961148262023926,0.0
K98W,-2.4371378421783447,0.0
K98Y,-1.2536354064941406,0.0
K98V,-0.6215043067932129,0.0
A99R,-0.6394481658935547,0.0
A99N,-1.3237013816833496,0.0
A99D,-3.45393705368042,0.0
A99C,-2.527189254760742,0.0
A99E,-2.178011417388916,0.0
A99Q,-0.4644336700439453,0.0
A99G,-2.102562427520752,0.0
A99H,-0.1851208209991455,0.0
A99I,0.12154912948608398,0.0
A99L,0.33081865310668945,0.0
A99K,-1.2879009246826172,0.0
A99M,0.08110666275024414,0.0
A99F,-0.6768143177032471,0.0
A99P,-4.178947448730469,0.0
A99S,-0.8016419410705566,0.0
A99T,-0.35338306427001953,0.0
A99W,-2.026060104370117,0.0
A99Y,-0.533848762512207,0.0
A99V,-0.01693868637084961,0.0
H100A,-3.2919046878814697,0.0
H100R,3.5206403732299805,0.0
H100N,-0.8988587856292725,0.0
H100D,-5.137019157409668,0.0
H100C,-3.495037317276001,0.0
H100E,-4.679749488830566,0.0
H100Q,-1.1899325847625732,0.0
H100G,-3.252279043197632,0.0
H100I,-3.975572347640991,0.0
H100L,-3.244849443435669,0.0
H100K,0.5161385536193848,0.0
H100M,-3.3915059566497803,0.0
H100F,-4.8432207107543945,0.0
H100P,-5.796874046325684,0.0
H100S,-2.24155592918396,0.0
H100T,-2.8575551509857178,0.0
H100W,-3.4088551998138428,0.0
H100Y,-3.2562010288238525,0.0
H100V,-3.8385722637176514,0.0
N101A,0.994226336479187,0.0
N101R,0.3390674591064453,0.0
N101D,-1.8818931579589844,0.0
N101C,-4.951111316680908,0.0
N101E,-1.6802587509155273,0.0
N101Q,-0.47388529777526855,0.0
N101G,-0.41053104400634766,0.0
N101H,-1.5903873443603516,0.0
N101I,-3.9454565048217773,0.0
N101L,-2.9792308807373047,0.0
N101K,0.31726622581481934,0.0
N101M,-2.7172317504882812,0.0
N101F,-4.522502899169922,0.0
N101P,-3.7272748947143555,0.0
N101S,0.49389421939849854,0.0
N101T,-0.7149553298950195,0.0
N101W,-4.829578399658203,0.0
N101Y,-3.9245243072509766,0.0
N101V,-3.0942978858947754,0.0
I102A,-2.2993807792663574,0.0
I102R,-4.156806468963623,0.0
I102N,-5.020772933959961,0.0
I102D,-5.989805221557617,0.0
I102C,-5.457891464233398,0.0
I102E,-5.260782241821289,0.0
I102Q,-4.072859764099121,0.0
I102G,-5.67253303527832,0.0
I102H,-4.850378513336182,0.0
I102L,-0.06833910942077637,0.0
I102K,-3.6295251846313477,0.0
I102M,-1.6756222248077393,0.0
I102F,-2.60969614982605,0.0
I102P,-4.850717544555664,0.0
I102S,-4.082276344299316,0.0
I102T,-2.8341379165649414,0.0
I102W,-4.851446628570557,0.0
I102Y,-4.214416027069092,0.0
I102V,-1.1621010303497314,0.0
L103A,-0.7968267202377319,0.0
L103R,-7.342797756195068,0.0
L103N,-5.64150333404541,0.0
L103D,-7.7310357093811035,0.0
L103C,-3.1567249298095703,0.0
L103E,-6.867201328277588,0.0
L103Q,-5.536397933959961,0.0
L103G,-4.346349239349365,0.0
L103H,-5.625302314758301,0.0
L103I,-0.2761054039001465,0.0
L103K,-7.6110005378723145,0.0
L103M,-1.0087884664535522,0.0
L103F,-1.6712626218795776,0.0
L103P,-6.619857311248779,0.0
L103S,-2.9872775077819824,0.0
L103T,-2.1331095695495605,0.0
L103W,-3.9945011138916016,0.0
L103Y,-3.4691219329833984,0.0
L103V,-0.16957616806030273,0.0
L104A,1.270345687866211,0.0
L104R,0.04531383514404297,0.0
L104N,1.1372816562652588,0.0
L104D,-2.880798816680908,0.0
L104C,-1.9262638092041016,0.0
L104E,-1.997941493988037,0.0
L104Q,1.517529010772705,0.0
L104G,0.10364961624145508,0.0
L104H,-0.9631338119506836,0.0
L104I,0.105133056640625,0.0
L104K,-0.5205450057983398,0.0
L104M,0.25849056243896484,0.0
L104F,-2.902914524078369,0.0
L104P,-3.457365036010742,0.0
L104S,1.2840766906738281,0.0
L104T,2.1635804176330566,0.0
L104W,-4.129327297210693,0.0
L104Y,-2.7295994758605957,0.0
L104V,1.2678890228271484,0.0
P105A,-4.697479248046875,0.0
P105R,-4.794782638549805,0.0
P105N,-5.320059776306152,0.0
P105D,-6.462345123291016,0.0
P105C,-8.46532154083252,0.0
P105E,-6.339357376098633,0.0
P105Q,-4.941278457641602,0.0
P105G,-4.892276763916016,0.0
P105H,-4.791990756988525,0.0
P105I,-7.127306938171387,0.0
P105L,-5.774232864379883,0.0
P105K,-4.78792667388916,0.0
P105M,-6.610494136810303,0.0
P105F,-6.184639930725098,0.0
P105S,-4.267112731933594,0.0
P105T,-4.9666852951049805,0.0
P105W,-7.932504177093506,0.0
P105Y,-6.392286777496338,0.0
P105V,-6.08466911315918,0.0
S106A,1.6119422912597656,0.0
S106R,-3.9673759937286377,0.0
S106N,-2.189899206161499,0.0
S106D,-4.497383117675781,0.0
S106C,-1.8262302875518799,0.0
S106E,-3.2836849689483643,0.0
S106Q,-2.736537218093872,0.0
S106G,0.11817526817321777,0.0
S106H,-2.4758265018463135,0.0
S106I,-1.2874646186828613,0.0
S106L,-1.5438861846923828,0.0
S106K,-4.021706581115723,0.0
S106M,-1.8821017742156982,0.0
S106F,-2.0353682041168213,0.0
S106P,-3.2646191120147705,0.0
S106T,-0.3557736873626709,0.0
S106W,-4.299618721008301,0.0
S106Y,-2.6021006107330322,0.0
S106V,-0.4088122844696045,0.0
F107A,-6.469359397888184,0.0
F107R,-9.317381858825684,0.0
F107N,-8.906925201416016,0.0
F107D,-10.985444068908691,0.0
F107C,-6.929187774658203,0.0
F107E,-10.500467300415039,0.0
F107Q,-8.548932075500488,0.0
F107G,-8.832843780517578,0.0
F107H,-7.938375949859619,0.0
F107I,-5.036773681640625,0.0
F107L,-2.760415554046631,0.0
F107K,-9.242255210876465,0.0
F107M,-4.382289886474609,0.0
F107P,-9.867195129394531,0.0
F107S,-7.175439834594727,0.0
F107T,-6.704363822937012,0.0
F107W,-6.709305286407471,0.0
F107Y,-3.8631069660186768,0.0
F107V,-5.55393123626709,0.0
S108A,-3.347327709197998,0.0
S108R,-2.6811647415161133,0.0
S108N,-0.5554443001747131,0.0
S108D,-4.985289096832275,0.0
S108C,-5.226875305175781,0.0
S108E,-5.825468063354492,0.0
S108Q,-3.3051862716674805,0.0
S108G,-1.666306734085083,0.0
S108H,-1.809159755706787,0.0
S108I,-6.354257583618164,0.0
S108L,-6.29559850692749,0.0
S108K,-3.5074210166931152,0.0
S108M,-5.664493560791016,0.0
S108F,-6.3112077713012695,0.0
S108P,-6.437519550323486,0.0
S108T,-1.5710504055023193,0.0
S108W,-8.095401763916016,0.0
S108Y,-4.9366583824157715,0.0
S108V,-5.414973258972168,0.0
Q109A,1.356428861618042,0.0
Q109R,-0.3021097183227539,0.0
Q109N,0.761937141418457,0.0
Q109D,-0.9710774421691895,0.0
Q109C,-2.926901340484619,0.0
Q109E,-0.981147289276123,0.0
Q109G,0.904531717300415,0.0
Q109H,-0.5247597694396973,0.0
Q109I,0.9039111137390137,0.0
Q109L,0.8875737190246582,0.0
Q109K,-0.09386491775512695,0.0
Q109M,0.8453004360198975,0.0
Q109F,-0.09986352920532227,0.0
Q109P,0.7407822608947754,0.0
Q109S,1.984192967414856,0.0
Q109T,1.4148821830749512,0.0
Q109W,-3.3008580207824707,0.0
Q109Y,-0.741729736328125,0.0
Q109V,1.2428560256958008,0.0
Q110A,0.3366384506225586,0.0
Q110R,0.5287618637084961,0.0
Q110N,0.15790057182312012,0.0
Q110D,-0.5237269401550293,0.0
Q110C,-3.9882774353027344,0.0
Q110E,0.16691923141479492,0.0
Q110G,-0.1772923469543457,0.0
Q110H,-1.3201608657836914,0.0
Q110I,-2.6460375785827637,0.0
Q110L,-1.7939872741699219,0.0
Q110K,1.2525262832641602,0.0
Q110M,-2.3097586631774902,0.0
Q110F,-3.122018814086914,0.0
Q110P,-0.7815899848937988,0.0
Q110S,0.7441039085388184,0.0
Q110T,-0.13697481155395508,0.0
Q110W,-4.175767421722412,0.0
Q110Y,-2.640575408935547,0.0
Q110V,-1.740983486175537,0.0
A111R,0.43520045280456543,0.0
A111N,-0.9644345045089722,0.0
A111D,-3.6848888397216797,0.0
A111C,-3.368992805480957,0.0
A111E,-3.0357131958007812,0.0
A111Q,-0.670864462852478,0.0
A111G,-2.120675563812256,0.0
A111H,-1.9472736120224,0.0
A111I,-1.9127391576766968,0.0
A111L,-2.3154163360595703,0.0
A111K,0.04440641403198242,0.0
A111M,-1.9451483488082886,0.0
A111F,-4.200436115264893,0.0
A111P,-4.167380332946777,0.0
A111S,-0.8610152006149292,0.0
A111T,-1.597495436668396,0.0
A111W,-5.269367694854736,0.0
A111Y,-3.241581439971924,0.0
A111V,-1.3439143896102905,0.0
M112A,-2.3381969928741455,0.0
M112R,-4.765058517456055,0.0
M112N,-4.823841094970703,0.0
M112D,-6.694751739501953,0.0
M112C,-4.317951202392578,0.0
M112E,-5.087841987609863,0.0
M112Q,-3.417180299758911,0.0
M112G,-5.028276443481445,0.0
M112H,-4.643237113952637,0.0
M112I,1.174872875213623,0.0
M112L,0.9966716766357422,0.0
M112K,-5.269250869750977,0.0
M112F,-2.0122950077056885,0.0
M112P,-5.3363189697265625,0.0
M112S,-3.3544981479644775,0.0
M112T,-2.0539534091949463,0.0
M112W,-4.616455078125,0.0
M112Y,-3.5778467655181885,0.0
M112V,0.9186742305755615,0.0
K113A,-1.814988374710083,0.0
K113R,-0.6941850185394287,0.0
K113N,-2.535552501678467,0.0
K113D,-2.49760365486145,0.0
K113C,-5.632960319519043,0.0
K113E,-2.184807538986206,0.0
K113Q,-1.6780729293823242,0.0
K113G,-3.451878547668457,0.0
K113H,-2.851823329925537,0.0
K113I,-2.5622150897979736,0.0
K113L,-1.8754091262817383,0.0
K113M,-3.017375946044922,0.0
K113F,-4.271525859832764,0.0
K113P,-3.7182412147521973,0.0
K113S,-2.700612783432007,0.0
K113T,-2.4804184436798096,0.0
K113W,-5.694797515869141,0.0
K113Y,-4.188624382019043,0.0
K113V,-2.168135166168213,0.0
G114A,-0.8092703819274902,0.0
G114R,-1.2955899238586426,0.0
G114N,-0.22680044174194336,0.0
G114D,0.10996770858764648,0.0
G114C,-4.6792402267456055,0.0
G114E,0.004296302795410156,0.0
G114Q,-0.7270116806030273,0.0
G114H,-1.7228076457977295,0.0
G114I,-3.217681884765625,0.0
G114L,-2.541689872741699,0.0
G114K,-0.24070405960083008,0.0
G114M,-3.5441503524780273,0.0
G114F,-3.9373741149902344,0.0
G114P,0.2077476978302002,0.0
G114S,-0.021114826202392578,0.0
G114T,-0.7215466499328613,0.0
G114W,-5.668540000915527,0.0
G114Y,-3.2778520584106445,0.0
G114V,-2.263861656188965,0.0
Y115A,-1.888836145401001,0.0
Y115R,-3.588524103164673,0.0
Y115N,-1.98197340965271,0.0
Y115D,-4.61165714263916,0.0
Y115C,-3.1512558460235596,0.0
Y115E,-4.158268928527832,0.0
Y115Q,-1.0868465900421143,0.0
Y115G,-3.060743570327759,0.0
Y115H,-1.8825256824493408,0.0
Y115I,-0.47162938117980957,0.0
Y115L,-0.34679341316223145,0.0
Y115K,-3.8158438205718994,0.0
Y115M,1.8295774459838867,0.0
Y115F,0.23424506187438965,0.0
Y115P,-3.5163938999176025,0.0
Y115S,-1.6523706912994385,0.0
Y115T,-0.9758226871490479,0.0
Y115W,-3.718632936477661,0.0
Y115V,-0.9127504825592041,0.0
H116A,-0.36116456985473633,0.0
H116R,-0.8448457717895508,0.0
H116N,-0.17270469665527344,0.0
H116D,-1.4232516288757324,0.0
H116C,-1.02852201461792,0.0
H116E,-0.2660555839538574,0.0
H116Q,-0.21535825729370117,0.0
H116G,-0.6569452285766602,0.0
H116I,-0.7448368072509766,0.0
H116L,-0.06004476547241211,0.0
H116K,-1.5285968780517578,0.0
H116M,-0.11231255531311035,0.0
H116F,1.6016327142715454,0.0
H116P,-3.060105323791504,0.0
H116S,0.28429603576660156,0.0
H116T,-0.10872602462768555,0.0
H116W,-0.8360652923583984,0.0
H116Y,1.4227349758148193,0.0
H116V,-0.1204214096069336,0.0
A117R,-0.31183314323425293,0.0
A117N,0.33487963676452637,0.0
A117D,2.061913251876831,0.0
A117C,-3.7858197689056396,0.0
A117E,1.1904914379119873,0.0
A117Q,0.5064334869384766,0.0
A117G,0.045949459075927734,0.0
A117H,-0.901024580001831,0.0
A117I,-2.3560521602630615,0.0
A117L,-1.4354379177093506,0.0
A117K,0.48850083351135254,0.0
A117M,-2.2241532802581787,0.0
A117F,-2.726485013961792,0.0
A117P,2.139740228652954,0.0
A117S,0.29320693016052246,0.0
A117T,-0.3247714042663574,0.0
A117W,-3.776672124862671,0.0
A117Y,-2.3854310512542725,0.0
A117V,-1.6268994808197021,0.0
M118A,-0.22338151931762695,0.0
M118R,0.06077432632446289,0.0
M118N,-0.9138913154602051,0.0
M118D,-1.5324487686157227,0.0
M118C,-2.0677709579467773,0.0
M118E,-0.48313164710998535,0.0
M118Q,-0.2900998592376709,0.0
M118G,-1.5923919677734375,0.0
M118H,-0.6279349327087402,0.0
M118I,0.5700390338897705,0.0
M118L,1.51162850856781,0.0
M118K,0.485196590423584,0.0
M118F,-1.303112506866455,0.0
M118P,-1.4438142776489258,0.0
M118S,-0.7250151634216309,0.0
M118T,-0.02969837188720703,0.0
M118W,-3.5984883308410645,0.0
M118Y,-1.4210257530212402,0.0
M118V,0.2760953903198242,0.0
M119A,-2.096184015274048,0.0
M119R,-7.202987194061279,0.0
M119N,-4.2511820793151855,0.0
M119D,-7.9463677406311035,0.0
M119C,-2.9643540382385254,0.0
M119E,-6.758026123046875,0.0
M119Q,-4.570269584655762,0.0
M119G,-3.9207959175109863,0.0
M119H,-5.761140823364258,0.0
M119I,-0.16791296005249023,0.0
M119L,-1.1991901397705078,0.0
M119K,-7.041885852813721,0.0
M119F,-1.6230039596557617,0.0
M119P,-6.354311943054199,0.0
M119S,-2.7706027030944824,0.0
M119T,-1.5847053527832031,0.0
M119W,-5.881046295166016,0.0
M119Y,-3.1993556022644043,0.0
M119V,-0.6908278465270996,0.0
V120A,-0.09280061721801758,0.0
V120R,-0.13783740997314453,0.0
V120N,0.7589507102966309,0.0
V120D,0.7420248985290527,0.0
V120C,-1.0316741466522217,0.0
V120E,-0.07533073425292969,0.0
V120Q,-0.34036684036254883,0.0
V120G,-0.3478226661682129,0.0
V120H,0.08642816543579102,0.0
V120I,-0.7711086273193359,0.0
V120L,-0.6262345314025879,0.0
V120K,-0.31882429122924805,0.0
V120M,-1.1446127891540527,0.0
V120F,-1.2556300163269043,0.0
V120P,-5.310399532318115,0.0
V120S,0.17949795722961426,0.0
V120T,0.261624813079834,0.0
V120W,-2.302645683288574,0.0
V120Y,-0.6764240264892578,0.0
D121A,-3.312133550643921,0.0
D121R,-2.2733852863311768,0.0
D121N,-1.7595205307006836,0.0
D121C,-6.670019149780273,0.0
D121E,-0.521049439907074,0.0
D121Q,-1.8917200565338135,0.0
D121G,-2.5712876319885254,0.0
D121H,-3.402175188064575,0.0
D121I,-6.858072280883789,0.0
D121L,-5.698913097381592,0.0
D121K,-1.2274138927459717,0.0
D121M,-6.110230922698975,0.0
D121F,-7.063021183013916,0.0
D121P,-3.5542643070220947,0.0
D121S,-2.2936344146728516,0.0
D121T,-3.467846632003784,0.0
D121W,-7.923664569854736,0.0
D121Y,-6.130898952484131,0.0
D121V,-5.928703784942627,0.0
I122A,-1.0524046421051025,0.0
I122R,0.25527238845825195,0.0
I122N,-0.4822959899902344,0.0
I122D,-2.2091007232666016,0.0
I122C,-0.8015670776367188,0.0
I122E,-0.8599658012390137,0.0
I122Q,-0.3867514133453369,0.0
I122G,-2.278898239135742,0.0
I122H,0.4380307197570801,0.0
I122L,0.053792476654052734,0.0
I122K,0.44077491760253906,0.0
I122M,-0.7967996597290039,0.0
I122F,-1.0958216190338135,0.0
I122P,-3.356971263885498,0.0
I122S,-0.944056510925293,0.0
I122T,-0.5435540676116943,0.0
I122W,-3.336513042449951,0.0
I122Y,0.21725726127624512,0.0
I122V,-0.15114617347717285,0.0
A123R,-8.657119750976562,0.0
A123N,-5.184802532196045,0.0
A123D,-7.010883331298828,0.0
A123C,-2.37178111076355,0.0
A123E,-7.152226448059082,0.0
A123Q,-7.128541469573975,0.0
A123G,-1.5876457691192627,0.0
A123H,-7.778911590576172,0.0
A123I,-3.7128922939300537,0.0
A123L,-5.057956218719482,0.0
A123K,-8.069791793823242,0.0
A123M,-4.138936996459961,0.0
A123F,-5.476307392120361,0.0
A123P,-6.460546970367432,0.0
A123S,-0.8368719220161438,0.0
A123T,-1.5134673118591309,0.0
A123W,-8.712959289550781,0.0
A123Y,-6.926149845123291,0.0
A123V,-2.623704433441162,0.0
V124A,-0.3968486785888672,0.0
V124R,0.38159704208374023,0.0
V124N,0.815293550491333,0.0
V124D,1.3634355068206787,0.0
V124C,-1.415374755859375,0.0
V124E,1.3540822267532349,0.0
V124Q,0.274674654006958,0.0
V124G,-0.2334425449371338,0.0
V124H,-0.36165785789489746,0.0
V124I,-0.7593057155609131,0.0
V124L,-0.2908482551574707,0.0
V124K,0.46318674087524414,0.0
V124M,-1.014571189880371,0.0
V124F,-2.01064395904541,0.0
V124P,-2.6110153198242188,0.0
V124S,0.24621152877807617,0.0
V124T,0.2606182098388672,0.0
V124W,-2.833414077758789,0.0
V124Y,-1.371870994567871,0.0
Q125A,-0.4038245677947998,0.0
Q125R,0.17092394828796387,0.0
Q125N,-0.11816143989562988,0.0
Q125D,0.7601627111434937,0.0
Q125C,-2.7833075523376465,0.0
Q125E,1.1736087799072266,0.0
Q125G,-0.3414952754974365,0.0
Q125H,-1.0324077606201172,0.0
Q125I,-1.6969189643859863,0.0
Q125L,-0.8566036224365234,0.0
Q125K,0.7653676271438599,0.0
Q125M,-1.5818676948547363,0.0
Q125F,-2.479308605194092,0.0
Q125P,-1.2669625282287598,0.0
Q125S,-0.0924062728881836,0.0
Q125T,-0.6094121932983398,0.0
Q125W,-3.8368606567382812,0.0
Q125Y,-2.133431911468506,0.0
Q125V,-1.2151117324829102,0.0
L126A,-3.8928990364074707,0.0
L126R,-4.594400405883789,0.0
L126N,-4.743889808654785,0.0
L126D,-6.539933681488037,0.0
L126C,-3.6594481468200684,0.0
L126E,-4.743982315063477,0.0
L126Q,-3.8025355339050293,0.0
L126G,-5.7371506690979,0.0
L126H,-4.018577575683594,0.0
L126I,-2.6363492012023926,0.0
L126K,-4.85792350769043,0.0
L126M,-0.9292036890983582,0.0
L126F,-1.7023375034332275,0.0
L126P,-7.289133071899414,0.0
L126S,-4.242159843444824,0.0
L126T,-3.6347365379333496,0.0
L126W,-4.707299709320068,0.0
L126Y,-3.024810791015625,0.0
L126V,-3.1233785152435303,0.0
V127A,-0.7343072891235352,0.0
V127R,-3.464728593826294,0.0
V127N,-3.3861687183380127,0.0
V127D,-4.578336715698242,0.0
V127C,-1.936244249343872,0.0
V127E,-3.6156184673309326,0.0
V127Q,-3.075613260269165,0.0
V127G,-2.7250001430511475,0.0
V127H,-4.08251953125,0.0
V127I,-0.7355470657348633,0.0
V127L,-1.948523759841919,0.0
V127K,-3.1987369060516357,0.0
V127M,-2.3331246376037598,0.0
V127F,-3.5319812297821045,0.0
V127P,-5.144889831542969,0.0
V127S,-1.448673963546753,0.0
V127T,-0.8741934299468994,0.0
V127W,-5.032950401306152,0.0
V127Y,-4.034385681152344,0.0
Q128A,-0.0659027099609375,0.0
Q128R,-0.2960996627807617,0.0
Q128N,-0.0051233768463134766,0.0
Q128D,1.323386311531067,0.0
Q128C,-4.003257751464844,0.0
Q128E,1.6937609910964966,0.0
Q128G,-0.8705863952636719,0.0
Q128H,-1.6972789764404297,0.0
Q128I,-3.5530433654785156,0.0
Q128L,-2.3030152320861816,0.0
Q128K,0.46639084815979004,0.0
Q128M,-3.1510543823242188,0.0
Q128F,-4.692442893981934,0.0
Q128P,-1.9842395782470703,0.0
Q128S,-0.3373136520385742,0.0
Q128T,-0.8149924278259277,0.0
Q128W,-5.277372360229492,0.0
Q128Y,-3.6631927490234375,0.0
Q128V,-2.572157859802246,0.0
K129A,-2.192890167236328,0.0
K129R,-0.024944543838500977,0.0
K129N,-1.159796118736267,0.0
K129D,-1.2019182443618774,0.0
K129C,-3.992189407348633,0.0
K129E,-0.7060171365737915,0.0
K129Q,-1.045078158378601,0.0
K129G,-2.5189476013183594,0.0
K129H,-1.864524006843567,0.0
K129I,-2.8296422958374023,0.0
K129L,-2.4475131034851074,0.0
K129M,-3.1782374382019043,0.0
K129F,-3.173043727874756,0.0
K129P,-4.539379119873047,0.0
K129S,-1.98308527469635,0.0
K129T,-1.9563533067703247,0.0
K129W,-3.672053337097168,0.0
K129Y,-2.441761016845703,0.0
K129V,-2.749776840209961,0.0
W130A,-4.186068534851074,0.0
W130R,-5.221785545349121,0.0
W130N,-6.588106155395508,0.0
W130D,-7.494928359985352,0.0
W130C,-4.661540508270264,0.0
W130E,-6.435298442840576,0.0
W130Q,-5.888854026794434,0.0
W130G,-6.294717311859131,0.0
W130H,-5.564035415649414,0.0
W130I,-2.8002076148986816,0.0
W130L,-2.3180603981018066,0.0
W130K,-5.496479034423828,0.0
W130M,-3.035919666290283,0.0
W130F,-3.1633644104003906,0.0
W130P,-7.845458507537842,0.0
W130S,-5.322381019592285,0.0
W130T,-4.907049655914307,0.0
W130Y,-3.5956716537475586,0.0
W130V,-3.576453685760498,0.0
E131A,-1.9830348491668701,0.0
E131R,-1.615569829940796,0.0
E131N,-1.7516674995422363,0.0
E131D,-0.8392844200134277,0.0
E131C,-5.098400115966797,0.0
E131Q,-1.0125243663787842,0.0
E131G,-2.135932207107544,0.0
E131H,-3.182056188583374,0.0
E131I,-4.007694244384766,0.0
E131L,-3.5209758281707764,0.0
E131K,-0.9145791530609131,0.0
E131M,-4.20028018951416,0.0
E131F,-5.256474494934082,0.0
E131P,-2.311067819595337,0.0
E131S,-1.8735415935516357,0.0
E131T,-2.706411361694336,0.0
E131W,-5.702862739562988,0.0
E131Y,-4.441723823547363,0.0
E131V,-3.9563958644866943,0.0
R132A,0.2536647319793701,0.0
R132N,-0.41162729263305664,0.0
R132D,0.04759502410888672,0.0
R132C,-3.674152374267578,0.0
R132E,0.747442364692688,0.0
R132Q,0.07405352592468262,0.0
R132G,-0.7811036109924316,0.0
R132H,-1.7725458145141602,0.0
R132I,-2.1659088134765625,0.0
R132L,-1.3278923034667969,0.0
R132K,0.8633426427841187,0.0
R132M,-2.4248313903808594,0.0
R132F,-2.955742359161377,0.0
R132P,-1.75606107711792,0.0
R132S,-0.03323650360107422,0.0
R132T,-0.7481546401977539,0.0
R132W,-3.9537620544433594,0.0
R132Y,-2.8243823051452637,0.0
R132V,-1.745053768157959,0.0
L133A,-0.3412811756134033,0.0
L133R,-1.4800710678100586,0.0
L133N,-1.5600190162658691,0.0
L133D,-0.9656658172607422,0.0
L133C,-2.8987460136413574,0.0
L133E,-0.45531296730041504,0.0
L133Q,-1.3512482643127441,0.0
L133G,-1.7423639297485352,0.0
L133H,-2.0814127922058105,0.0
L133I,-0.24422597885131836,0.0
L133K,-1.1070919036865234,0.0
L133M,-1.2359023094177246,0.0
L133F,-0.9336347579956055,0.0
L133P,-2.7002406120300293,0.0
L133S,-1.2731072902679443,0.0
L133T,-1.5615875720977783,0.0
L133W,-1.8836405277252197,0.0
L133Y,-1.3886237144470215,0.0
L133V,-0.545590877532959,0.0
N134A,1.4111281633377075,0.0
N134R,-0.19607305526733398,0.0
N134D,-0.03985285758972168,0.0
N134C,-0.6963820457458496,0.0
N134E,0.24846839904785156,0.0
N134Q,0.3582420349121094,0.0
N134G,1.5413529872894287,0.0
N134H,-0.6935324668884277,0.0
N134I,-1.1948695182800293,0.0
N134L,-0.3853182792663574,0.0
N134K,0.5465254783630371,0.0
N134M,-1.5192327499389648,0.0
N134F,-1.5328607559204102,0.0
N134P,1.5558795928955078,0.0
N134S,1.2477436065673828,0.0
N134T,0.09036445617675781,0.0
N134W,-3.041369915008545,0.0
N134Y,-1.4216632843017578,0.0
N134V,-0.2919940948486328,0.0
A135R,-0.6652336120605469,0.0
A135N,-0.2981905937194824,0.0
A135D,-0.1335287094116211,0.0
A135C,-2.5973429679870605,0.0
A135E,0.1951158046722412,0.0
A135Q,-0.17516255378723145,0.0
A135G,0.5927762985229492,0.0
A135H,-1.5893659591674805,0.0
A135I,-2.0399017333984375,0.0
A135L,-1.3322227001190186,0.0
A135K,0.46987104415893555,0.0
A135M,-2.495983600616455,0.0
A135F,-2.4564242362976074,0.0
A135P,0.5234956741333008,0.0
A135S,0.16170740127563477,0.0
A135T,-0.26033830642700195,0.0
A135W,-3.667651653289795,0.0
A135Y,-2.768826484680176,0.0
A135V,-1.2848615646362305,0.0
D136A,-0.054939985275268555,0.0
D136R,-0.2794461250305176,0.0
D136N,0.32579970359802246,0.0
D136C,-2.551774024963379,0.0
D136E,0.43224453926086426,0.0
D136Q,-0.009869098663330078,0.0
D136G,2.509526491165161,0.0
D136H,-1.198756217956543,0.0
D136I,-1.88873291015625,0.0
D136L,-1.239224910736084,0.0
D136K,0.9283807277679443,0.0
D136M,-2.24981689453125,0.0
D136F,-2.354916572570801,0.0
D136P,-0.2585718631744385,0.0
D136S,0.47531819343566895,0.0
D136T,0.06709551811218262,0.0
D136W,-3.285536289215088,0.0
D136Y,-2.609208583831787,0.0
D136V,-1.1331095695495605,0.0
E137A,-1.1459474563598633,0.0
E137R,-0.5798707008361816,0.0
E137N,-0.508000373840332,0.0
E137D,-0.9571805000305176,0.0
E137C,-2.766228675842285,0.0
E137Q,-0.48253679275512695,0.0
E137G,1.620074987411499,0.0
E137H,-1.6520318984985352,0.0
E137I,-2.8844213485717773,0.0
E137L,-2.3983020782470703,0.0
E137K,0.3872554302215576,0.0
E137M,-3.2950496673583984,0.0
E137F,-3.3947200775146484,0.0
E137P,-1.659459114074707,0.0
E137S,-0.7874901294708252,0.0
E137T,-0.9950118064880371,0.0
E137W,-4.837456703186035,0.0
E137Y,-3.4686646461486816,0.0
E137V,-2.1588711738586426,0.0
H138A,2.300445079803467,0.0
H138R,1.2687335014343262,0.0
H138N,0.5963144302368164,0.0
H138D,0.6078057289123535,0.0
H138C,0.4249081611633301,0.0
H138E,1.9898030757904053,0.0
H138Q,1.1727867126464844,0.0
H138G,1.0273399353027344,0.0
H138I,2.5284528732299805,0.0
H138L,2.0579380989074707,0.0
H138K,1.7291722297668457,0.0
H138M,1.0875205993652344,0.0
H138F,1.0212969779968262,0.0
H138P,3.0552399158477783,0.0
H138S,1.6119232177734375,0.0
H138T,2.2817888259887695,0.0
H138W,-0.5272245407104492,0.0
H138Y,0.06977081298828125,0.0
H138V,3.420274257659912,0.0
I139A,-3.3915157318115234,0.0
I139R,-5.029957294464111,0.0
I139N,-5.9917893409729,0.0
I139D,-6.555944442749023,0.0
I139C,-3.997610092163086,0.0
I139E,-5.492923259735107,0.0
I139Q,-5.394992351531982,0.0
I139G,-5.063096046447754,0.0
I139H,-5.863500118255615,0.0
I139L,-0.8403441905975342,0.0
I139K,-5.100872993469238,0.0
I139M,-2.473935604095459,0.0
I139F,-0.8307168483734131,0.0
I139P,-3.962717056274414,0.0
I139S,-4.978878021240234,0.0
I139T,-3.688263416290283,0.0
I139W,-4.744352340698242,0.0
I139Y,-3.360166072845459,0.0
I139V,-0.314467191696167,0.0
E140A,-1.4770011901855469,0.0
E140R,-2.032684326171875,0.0
E140N,0.9993113279342651,0.0
E140D,1.3444269895553589,0.0
E140C,-3.0476675033569336,0.0
E140Q,-1.5527758598327637,0.0
E140G,-2.542356491088867,0.0
E140H,-2.4596409797668457,0.0
E140I,-2.903372287750244,0.0
E140L,-2.274364948272705,0.0
E140K,-1.153780460357666,0.0
E140M,-3.571711540222168,0.0
E140F,-4.005283355712891,0.0
E140P,-1.6433167457580566,0.0
E140S,-1.2027416229248047,0.0
E140T,-1.5357980728149414,0.0
E140W,-5.7753825187683105,0.0
E140Y,-3.6125245094299316,0.0
E140V,-2.328320026397705,0.0
V141A,-2.335200548171997,0.0
V141R,-7.035250663757324,0.0
V141N,-6.014758110046387,0.0
V141D,-6.309730529785156,0.0
V141C,-3.1479339599609375,0.0
V141E,-6.372104644775391,0.0
V141Q,-6.578600883483887,0.0
V141G,-4.832700729370117,0.0
V141H,-6.613870620727539,0.0
V141I,0.1899278163909912,0.0
V141L,-0.09402275085449219,0.0
V141K,-6.657855033874512,0.0
V141M,-0.952204704284668,0.0
V141F,-1.8463962078094482,0.0
V141P,-5.314878463745117,0.0
V141S,-5.304159164428711,0.0
V141T,-4.2332563400268555,0.0
V141W,-5.018638610839844,0.0
V141Y,-4.122677803039551,0.0
P142A,2.5998148918151855,0.0
P142R,1.8833589553833008,0.0
P142N,1.3692123889923096,0.0
P142D,0.4711017608642578,0.0
P142C,1.1606969833374023,0.0
P142E,1.5615570545196533,0.0
P142Q,2.016808032989502,0.0
P142G,2.2145133018493652,0.0
P142H,1.2867560386657715,0.0
P142I,1.7984490394592285,0.0
P142L,2.793808698654175,0.0
P142K,1.9772591590881348,0.0
P142M,2.1422455310821533,0.0
P142F,3.0399391651153564,0.0
P142S,2.677403211593628,0.0
P142T,2.6496379375457764,0.0
P142W,1.5912961959838867,0.0
P142Y,2.6793429851531982,0.0
P142V,2.638598918914795,0.0
E143A,-0.8353079557418823,0.0
E143R,-2.0110111236572266,0.0
E143N,-1.808709979057312,0.0
E143D,-0.028296232223510742,0.0
E143C,-4.273690223693848,0.0
E143Q,-1.4219368696212769,0.0
E143G,-1.906633734703064,0.0
E143H,-2.2904205322265625,0.0
E143I,-2.518767833709717,0.0
E143L,-1.3112963438034058,0.0
E143K,-1.4919310808181763,0.0
E143M,-2.372572898864746,0.0
E143F,-2.830240249633789,0.0
E143P,-2.0284576416015625,0.0
E143S,-1.948541522026062,0.0
E143T,-1.959098219871521,0.0
E143W,-4.315476417541504,0.0
E143Y,-2.377246856689453,0.0
E143V,-1.605570912361145,0.0
D144A,-0.8447415828704834,0.0
D144R,-1.628206491470337,0.0
D144N,-1.8423306941986084,0.0
D144C,-3.4422991275787354,0.0
D144E,0.6525890827178955,0.0
D144Q,-1.724841833114624,0.0
D144G,-2.9980947971343994,0.0
D144H,-1.1328165531158447,0.0
D144I,-0.47211670875549316,0.0
D144L,0.4403259754180908,0.0
D144K,-1.6780283451080322,0.0
D144M,-0.6352488994598389,0.0
D144F,-0.06805610656738281,0.0
D144P,-3.1213624477386475,0.0
D144S,-1.9830763339996338,0.0
D144T,-1.6815221309661865,0.0
D144W,1.4600404500961304,0.0
D144Y,0.3014709949493408,0.0
D144V,-0.7998335361480713,0.0
M145A,-1.0700294971466064,0.0
M145R,-6.3934526443481445,0.0
M145N,-4.750932693481445,0.0
M145D,-6.957881927490234,0.0
M145C,-2.1561906337738037,0.0
M145E,-5.732889175415039,0.0
M145Q,-4.66551399230957,0.0
M145G,-4.448324203491211,0.0
M145H,-4.746462821960449,0.0
M145I,0.4416770935058594,0.0
M145L,0.44109296798706055,0.0
M145K,-6.075692176818848,0.0
M145F,0.43529677391052246,0.0
M145P,-5.887007713317871,0.0
M145S,-2.9610254764556885,0.0
M145T,-1.231590986251831,0.0
M145W,-3.3692433834075928,0.0
M145Y,-1.24324631690979,0.0
M145V,-0.4132683277130127,0.0
T146A,-0.9528992176055908,0.0
T146R,-1.3752076625823975,0.0
T146N,-0.5742096900939941,0.0
T146D,-3.275498151779175,0.0
T146C,-2.443218469619751,0.0
T146E,-2.2375948429107666,0.0
T146Q,-0.8658919334411621,0.0
T146G,-1.7430856227874756,0.0
T146H,-1.100144624710083,0.0
T146I,-1.6667540073394775,0.0
T146L,-0.8990204334259033,0.0
T146K,-1.5439479351043701,0.0
T146M,-1.136173963546753,0.0
T146F,-0.6564128398895264,0.0
T146P,-4.3463335037231445,0.0
T146S,-0.3601367473602295,0.0
T146W,-3.3243134021759033,0.0
T146Y,-0.8825955390930176,0.0
T146V,-1.5471603870391846,0.0
R147A,-2.535231113433838,0.0
R147N,-3.2885971069335938,0.0
R147D,-4.037981986999512,0.0
R147C,-4.4613037109375,0.0
R147E,-3.7202820777893066,0.0
R147Q,-2.8756370544433594,0.0
R147G,-4.4137091636657715,0.0
R147H,-3.4595212936401367,0.0
R147I,-3.8413939476013184,0.0
R147L,-2.1579699516296387,0.0
R147K,-0.3193817138671875,0.0
R147M,-3.3774561882019043,0.0
R147F,-4.580230236053467,0.0
R147P,-5.849267959594727,0.0
R147S,-3.4232606887817383,0.0
R147T,-3.232499599456787,0.0
R147W,-5.689777374267578,0.0
R147Y,-3.7440357208251953,0.0
R147V,-3.7594127655029297,0.0
L148A,-1.7947654724121094,0.0
L148R,-6.120087623596191,0.0
L148N,-5.400559425354004,0.0
L148D,-8.030240058898926,0.0
L148C,-1.3428411483764648,0.0
L148E,-7.164549827575684,0.0
L148Q,-5.494228839874268,0.0
L148G,-5.231784820556641,0.0
L148H,-4.429266929626465,0.0
L148I,-2.8481969833374023,0.0
L148K,-6.622008800506592,0.0
L148M,-1.7516584396362305,0.0
L148F,-0.3607673645019531,0.0
L148P,-5.976934432983398,0.0
L148S,-3.916520118713379,0.0
L148T,-2.7566065788269043,0.0
L148W,-1.7512788772583008,0.0
L148Y,-0.4360318183898926,0.0
L148V,-2.6665232181549072,0.0
T149A,-1.900503158569336,0.0
T149R,-8.934310913085938,0.0
T149N,-5.68222713470459,0.0
T149D,-8.772372245788574,0.0
T149C,-5.382201194763184,0.0
T149E,-8.566271781921387,0.0
T149Q,-7.661914825439453,0.0
T149G,-4.776035308837891,0.0
T149H,-7.961736679077148,0.0
T149I,-5.1833086013793945,0.0
T149L,-5.8665771484375,0.0
T149K,-8.966443061828613,0.0
T149M,-5.276501655578613,0.0
T149F,-6.418828964233398,0.0
T149P,-8.28567123413086,0.0
T149S,-2.5128426551818848,0.0
T149W,-9.40169906616211,0.0
T149Y,-7.353601455688477,0.0
T149V,-3.729231834411621,0.0
L150A,-3.822014808654785,0.0
L150R,-8.145194053649902,0.0
L150N,-5.8314619064331055,0.0
L150D,-8.950519561767578,0.0
L150C,-5.804680824279785,0.0
L150E,-8.034965515136719,0.0
L150Q,-6.305208683013916,0.0
L150G,-5.428810119628906,0.0
L150H,-6.837862491607666,0.0
L150I,-2.7750091552734375,0.0
L150K,-8.502820014953613,0.0
L150M,-2.058929920196533,0.0
L150F,-2.6318700313568115,0.0
L150P,-8.402830123901367,0.0
L150S,-4.29531192779541,0.0
L150T,-3.348604202270508,0.0
L150W,-7.3397040367126465,0.0
L150Y,-5.024216175079346,0.0
L150V,-3.195589065551758,0.0
D151A,-4.147931098937988,0.0
D151R,-4.834417819976807,0.0
D151N,-2.490567445755005,0.0
D151C,-6.666049480438232,0.0
D151E,-0.9963340163230896,0.0
D151Q,-3.9456934928894043,0.0
D151G,-4.07909631729126,0.0
D151H,-4.218122482299805,0.0
D151I,-6.836688995361328,0.0
D151L,-6.000641822814941,0.0
D151K,-4.766242504119873,0.0
D151M,-5.992612361907959,0.0
D151F,-6.732083797454834,0.0
D151P,-7.4444451332092285,0.0
D151S,-3.9039106369018555,0.0
D151T,-4.7892069816589355,0.0
D151W,-7.450345039367676,0.0
D151Y,-5.688839912414551,0.0
D151V,-6.051499366760254,0.0
T152A,-1.0131644010543823,0.0
T152R,-5.750045299530029,0.0
T152N,-0.8489371538162231,0.0
T152D,-4.068061351776123,0.0
T152C,-2.779221534729004,0.0
T152E,-5.267739295959473,0.0
T152Q,-4.390557765960693,0.0
T152G,-3.051239013671875,0.0
T152H,-5.006943225860596,0.0
T152I,-0.14961886405944824,0.0
T152L,-1.6791342496871948,0.0
T152K,-5.497650623321533,0.0
T152M,-2.157379627227783,0.0
T152F,-3.140249252319336,0.0
T152P,-6.399587154388428,0.0
T152S,-0.4210561513900757,0.0
T152W,-6.501220226287842,0.0
T152Y,-3.9257216453552246,0.0
T152V,0.688316822052002,0.0
I153A,-3.9579923152923584,0.0
I153R,-11.542619705200195,0.0
I153N,-7.416250228881836,0.0
I153D,-11.232355117797852,0.0
I153C,-6.795899391174316,0.0
I153E,-10.179584503173828,0.0
I153Q,-8.658391952514648,0.0
I153G,-6.9761457443237305,0.0
I153H,-9.380805969238281,0.0
I153L,-2.917206048965454,0.0
I153K,-11.091202735900879,0.0
I153M,-2.6916091442108154,0.0
I153F,-4.259746551513672,0.0
I153P,-10.549464225769043,0.0
I153S,-5.3038835525512695,0.0
I153T,-3.972961187362671,0.0
I153W,-8.753711700439453,0.0
I153Y,-5.858954906463623,0.0
I153V,-1.9270895719528198,0.0
G154A,-2.1607882976531982,0.0
G154R,-6.635153293609619,0.0
G154N,-5.003011703491211,0.0
G154D,-7.237462520599365,0.0
G154C,-2.6676576137542725,0.0
G154E,-7.359200477600098,0.0
G154Q,-6.438459873199463,0.0
G154H,-7.539872169494629,0.0
G154I,-4.869350433349609,0.0
G154L,-3.8829591274261475,0.0
G154K,-7.976606369018555,0.0
G154M,-4.201067924499512,0.0
G154F,-3.9235079288482666,0.0
G154P,-6.776047706604004,0.0
G154S,-2.503187656402588,0.0
G154T,-3.0457520484924316,0.0
G154W,-4.29888916015625,0.0
G154Y,-5.744381904602051,0.0
G154V,-4.174533843994141,0.0
L155A,-1.6758015155792236,0.0
L155R,-1.6846349239349365,0.0
L155N,-2.6755497455596924,0.0
L155D,-2.085789442062378,0.0
L155C,-4.804335594177246,0.0
L155E,-1.0646247863769531,0.0
L155Q,-1.6089146137237549,0.0
L155G,-3.3768303394317627,0.0
L155H,-3.226473093032837,0.0
L155I,-1.301436185836792,0.0
L155K,-1.6063315868377686,0.0
L155M,-1.3189830780029297,0.0
L155F,-2.2276904582977295,0.0
L155P,-5.622249603271484,0.0
L155S,-1.7150118350982666,0.0
L155T,-2.050554037094116,0.0
L155W,-5.122529983520508,0.0
L155Y,-2.4419445991516113,0.0
L155V,-1.3826289176940918,0.0
C156A,0.29962921142578125,0.0
C156R,-5.299328804016113,0.0
C156N,-5.282379627227783,0.0
C156D,-8.217352867126465,0.0
C156E,-6.473992824554443,0.0
C156Q,-5.510463237762451,0.0
C156G,-2.9171133041381836,0.0
C156H,-6.222572326660156,0.0
C156I,-1.7060160636901855,0.0
C156L,-2.1114110946655273,0.0
C156K,-6.000243186950684,0.0
C156M,-2.3953323364257812,0.0
C156F,-2.854619026184082,0.0
C156P,-7.789658546447754,0.0
C156S,-1.4001803398132324,0.0
C156T,-0.7150957584381104,0.0
C156W,-5.696834564208984,0.0
C156Y,-3.1945343017578125,0.0
C156V,-0.9919815063476562,0.0
G157A,-0.10341858863830566,0.0
G157R,-7.4476399421691895,0.0
G157N,-4.465322494506836,0.0
G157D,-7.634155750274658,0.0
G157C,-2.843813896179199,0.0
G157E,-6.976691246032715,0.0
G157Q,-5.935919761657715,0.0
G157H,-7.359154224395752,0.0
G157I,-2.8685593605041504,0.0
G157L,-2.2089972496032715,0.0
G157K,-7.883363246917725,0.0
G157M,-3.352428913116455,0.0
G157F,-3.907543182373047,0.0
G157P,-7.684717655181885,0.0
G157S,-1.3060613870620728,0.0
G157T,-1.6049429178237915,0.0
G157W,-7.461571216583252,0.0
G157Y,-5.965386867523193,0.0
G157V,-2.4966320991516113,0.0
F158A,-5.884006977081299,0.0
F158R,-8.87921142578125,0.0
F158N,-8.339532852172852,0.0
F158D,-9.503498077392578,0.0
F158C,-5.632734775543213,0.0
F158E,-8.514142990112305,0.0
F158Q,-7.787120819091797,0.0
F158G,-8.014124870300293,0.0
F158H,-6.997128486633301,0.0
F158I,-4.301311492919922,0.0
F158L,-1.7448142766952515,0.0
F158K,-9.481681823730469,0.0
F158M,-3.04296875,0.0
F158P,-8.478225708007812,0.0
F158S,-6.8203277587890625,0.0
F158T,-6.251406669616699,0.0
F158W,-4.170013427734375,0.0
F158Y,-2.7038111686706543,0.0
F158V,-4.790579795837402,0.0
N159A,-1.9949548244476318,0.0
N159R,-2.9280998706817627,0.0
N159D,0.09777259826660156,0.0
N159C,-4.673327445983887,0.0
N159E,-1.8310463428497314,0.0
N159Q,-3.0449421405792236,0.0
N159G,2.2721095085144043,0.0
N159H,-2.836463212966919,0.0
N159I,-7.230263710021973,0.0
N159L,-6.357563018798828,0.0
N159K,-2.9771921634674072,0.0
N159M,-5.94664192199707,0.0
N159F,-5.4692535400390625,0.0
N159P,-6.563179016113281,0.0
N159S,0.44640564918518066,0.0
N159T,-3.087322950363159,0.0
N159W,-6.458069801330566,0.0
N159Y,-5.156529426574707,0.0
N159V,-6.027178764343262,0.0
Y160A,-1.1366100311279297,0.0
Y160R,-1.0738234519958496,0.0
Y160N,-2.0249521732330322,0.0
Y160D,-2.5526371002197266,0.0
Y160C,-2.8448877334594727,0.0
Y160E,-1.263364315032959,0.0
Y160Q,-1.2746152877807617,0.0
Y160G,-3.5581812858581543,0.0
Y160H,-0.7972807884216309,0.0
Y160I,-0.5250263214111328,0.0
Y160L,-1.3042070865631104,0.0
Y160K,-1.1579840183258057,0.0
Y160M,-1.7140541076660156,0.0
Y160F,-0.9582223892211914,0.0
Y160P,-3.9741039276123047,0.0
Y160S,-0.9136288166046143,0.0
Y160T,-1.0822710990905762,0.0
Y160W,-2.744356632232666,0.0
Y160V,-0.6082906723022461,0.0
R161A,-3.787440061569214,0.0
R161N,-1.9947304725646973,0.0
R161D,-1.5120594501495361,0.0
R161C,-4.857766151428223,0.0
R161E,-2.0942115783691406,0.0
R161Q,-2.020866632461548,0.0
R161G,-3.5489542484283447,0.0
R161H,-2.7838611602783203,0.0
R161I,-5.518563270568848,0.0
R161L,-4.534237861633301,0.0
R161K,-1.6299169063568115,0.0
R161M,-5.69589900970459,0.0
R161F,-5.5459089279174805,0.0
R161P,-2.2995481491088867,0.0
R161S,-1.593052625656128,0.0
R161T,-3.204139471054077,0.0
R161W,-6.681589126586914,0.0
R161Y,-4.938329696655273,0.0
R161V,-5.081757545471191,0.0
F162A,-3.7777721881866455,0.0
F162R,-4.705968856811523,0.0
F162N,-4.692544937133789,0.0
F162D,-5.3549628257751465,0.0
F162C,-4.475788116455078,0.0
F162E,-5.245713233947754,0.0
F162Q,-4.902843475341797,0.0
F162G,-4.830822944641113,0.0
F162H,-4.632796764373779,0.0
F162I,-2.4713897705078125,0.0
F162L,-1.3095362186431885,0.0
F162K,-5.494083404541016,0.0
F162M,-2.6248483657836914,0.0
F162P,-4.52000093460083,0.0
F162S,-3.8738882541656494,0.0
F162T,-3.0392751693725586,0.0
F162W,-3.9644434452056885,0.0
F162Y,-2.013941764831543,0.0
F162V,-2.4251744747161865,0.0
N163A,-3.9827005863189697,0.0
N163R,-2.9198200702667236,0.0
N163D,-0.41175341606140137,0.0
N163C,-6.060005187988281,0.0
N163E,-1.8124768733978271,0.0
N163Q,-2.446560859680176,0.0
N163G,-0.15246248245239258,0.0
N163H,-2.3049545288085938,0.0
N163I,-7.300655364990234,0.0
N163L,-5.732819557189941,0.0
N163K,-2.1346993446350098,0.0
N163M,-6.480324745178223,0.0
N163F,-6.06809139251709,0.0
N163P,-4.723894119262695,0.0
N163S,-2.9143564701080322,0.0
N163T,-4.664456367492676,0.0
N163W,-7.52983283996582,0.0
N163Y,-5.008025169372559,0.0
N163V,-6.6113739013671875,0.0
S164A,-1.2191345691680908,0.0
S164R,-4.839330673217773,0.0
S164N,-4.147889137268066,0.0
S164D,-4.267596244812012,0.0
S164C,-1.9620308876037598,0.0
S164E,-4.150180816650391,0.0
S164Q,-4.471823692321777,0.0
S164G,-2.343174934387207,0.0
S164H,-5.0326433181762695,0.0
S164I,-5.240933418273926,0.0
S164L,-4.645561218261719,0.0
S164K,-5.268250465393066,0.0
S164M,-4.818345069885254,0.0
S164F,-5.18789005279541,0.0
S164P,-4.308671951293945,0.0
S164T,-1.4171850681304932,0.0
S164W,-6.492101669311523,0.0
S164Y,-5.221388816833496,0.0
S164V,-4.10587215423584,0.0
F165A,-2.634178876876831,0.0
F165R,-3.5104262828826904,0.0
F165N,-3.7956888675689697,0.0
F165D,-3.6961452960968018,0.0
F165C,-3.856806993484497,0.0
F165E,-3.126962900161743,0.0
F165Q,-2.322702646255493,0.0
F165G,-3.4892418384552,0.0
F165H,-3.51019549369812,0.0
F165I,0.23847270011901855,0.0
F165L,1.9955337047576904,0.0
F165K,-3.8073770999908447,0.0
F165M,-0.4440891742706299,0.0
F165P,-3.7490956783294678,0.0
F165S,-3.296485185623169,0.0
F165T,-2.8787739276885986,0.0
F165W,-3.3428657054901123,0.0
F165Y,-2.1799843311309814,0.0
F165V,-0.8720688819885254,0.0
Y166A,0.09585237503051758,0.0
Y166R,0.31836748123168945,0.0
Y166N,0.6819510459899902,0.0
Y166D,1.006040334701538,0.0
Y166C,-2.2093801498413086,0.0
Y166E,1.3156545162200928,0.0
Y166Q,0.4843177795410156,0.0
Y166G,0.20324158668518066,0.0
Y166H,-0.3259849548339844,0.0
Y166I,-0.2770116329193115,0.0
Y166L,0.5347414016723633,0.0
Y166K,0.9133515357971191,0.0
Y166M,-0.8052148818969727,0.0
Y166F,-0.13438844680786133,0.0
Y166P,-0.7122058868408203,0.0
Y166S,0.6327195167541504,0.0
Y166T,0.618114709854126,0.0
Y166W,-1.5682792663574219,0.0
Y166V,-0.056319236755371094,0.0
R167A,0.11875343322753906,0.0
R167N,0.3512406349182129,0.0
R167D,0.8716802597045898,0.0
R167C,-3.304446220397949,0.0
R167E,0.9070422649383545,0.0
R167Q,-0.07886958122253418,0.0
R167G,-0.07345318794250488,0.0
R167H,-0.20059466361999512,0.0
R167I,-1.2765965461730957,0.0
R167L,-0.8854761123657227,0.0
R167K,0.6985337734222412,0.0
R167M,-1.8573570251464844,0.0
R167F,-1.839365005493164,0.0
R167P,0.2374732494354248,0.0
R167S,0.5473065376281738,0.0
R167T,0.3063952922821045,0.0
R167W,-3.330498695373535,0.0
R167Y,-1.5058393478393555,0.0
R167V,-1.1363959312438965,0.0
D168A,-1.9354490041732788,0.0
D168R,-1.9302865266799927,0.0
D168N,-0.6753257513046265,0.0
D168C,-4.548663139343262,0.0
D168E,-0.33925116062164307,0.0
D168Q,-1.7694753408432007,0.0
D168G,-1.0537928342819214,0.0
D168H,-1.9268878698349,0.0
D168I,-3.3233752250671387,0.0
D168L,-2.7040557861328125,0.0
D168K,-1.117876410484314,0.0
D168M,-3.86226224899292,0.0
D168F,-3.4142441749572754,0.0
D168P,-1.585901141166687,0.0
D168S,-1.188355803489685,0.0
D168T,-1.751862645149231,0.0
D168W,-4.32637882232666,0.0
D168Y,-3.076292037963867,0.0
D168V,-3.297107696533203,0.0
Q169A,-0.14792203903198242,0.0
Q169R,-0.5586228370666504,0.0
Q169N,1.6562399864196777,0.0
Q169D,1.471677303314209,0.0
Q169C,-2.171717405319214,0.0
Q169E,1.5327637195587158,0.0
Q169G,-0.2133646011352539,0.0
Q169H,-0.21274971961975098,0.0
Q169I,-0.7796058654785156,0.0
Q169L,-0.476001501083374,0.0
Q169K,0.47740650177001953,0.0
Q169M,-1.926487684249878,0.0
Q169F,-1.2002322673797607,0.0
Q169P,-1.2999064922332764,0.0
Q169S,0.22338652610778809,0.0
Q169T,-0.1437671184539795,0.0
Q169W,-3.7227675914764404,0.0
Q169Y,-1.2011468410491943,0.0
Q169V,-0.8517224788665771,0.0
P170A,-0.9054021835327148,0.0
P170R,-0.8196413516998291,0.0
P170N,-0.052258968353271484,0.0
P170D,0.4994068145751953,0.0
P170C,-3.5110793113708496,0.0
P170E,0.541964054107666,0.0
P170Q,-0.5605311393737793,0.0
P170G,-0.5987625122070312,0.0
P170H,-1.0261876583099365,0.0
P170I,-1.9273734092712402,0.0
P170L,-1.441892147064209,0.0
P170K,-0.334240198135376,0.0
P170M,-2.320338726043701,0.0
P170F,-2.217329978942871,0.0
P170S,-0.34928417205810547,0.0
P170T,-0.8199958801269531,0.0
P170W,-3.8758034706115723,0.0
P170Y,-1.689328670501709,0.0
P170V,-1.605637788772583,0.0
H171A,-2.950514316558838,0.0
H171R,-3.3655529022216797,0.0
H171N,-1.0738157033920288,0.0
H171D,-0.9934487342834473,0.0
H171C,-5.133915424346924,0.0
H171E,-2.3385043144226074,0.0
H171Q,-2.7997870445251465,0.0
H171G,-2.339308261871338,0.0
H171I,-3.2212462425231934,0.0
H171L,-3.050367832183838,0.0
H171K,-3.073033332824707,0.0
H171M,-4.21405029296875,0.0
H171F,-3.4817681312561035,0.0
H171P,-3.6319313049316406,0.0
H171S,-1.440062403678894,0.0
H171T,-2.9987058639526367,0.0
H171W,-5.5501298904418945,0.0
H171Y,-3.1187744140625,0.0
H171V,-3.1865248680114746,0.0
P172A,-2.4823193550109863,0.0
P172R,-2.621201515197754,0.0
P172N,-2.977175712585449,0.0
P172D,-2.3957390785217285,0.0
P172C,-5.520634651184082,0.0
P172E,-1.9233824014663696,0.0
P172Q,-2.5626726150512695,0.0
P172G,-2.631007671356201,0.0
P172H,-3.5177040100097656,0.0
P172I,-3.9735188484191895,0.0
P172L,-3.269808292388916,0.0
P172K,-2.3447766304016113,0.0
P172M,-4.704645156860352,0.0
P172F,-4.481441020965576,0.0
P172S,-2.4816627502441406,0.0
P172T,-2.9947619438171387,0.0
P172W,-5.742590427398682,0.0
P172Y,-4.163512229919434,0.0
P172V,-3.633396625518799,0.0
F173A,-0.7265660762786865,0.0
F173R,-1.0011513233184814,0.0
F173N,-1.8561766147613525,0.0
F173D,-0.585580587387085,0.0
F173C,-4.056158065795898,0.0
F173E,0.546101450920105,0.0
F173Q,-0.8804142475128174,0.0
F173G,-1.9119980335235596,0.0
F173H,-1.7283899784088135,0.0
F173I,-1.6155931949615479,0.0
F173L,-0.854271411895752,0.0
F173K,-0.816429853439331,0.0
F173M,-1.7502930164337158,0.0
F173P,-1.7823574542999268,0.0
F173S,-1.189974069595337,0.0
F173T,-1.4929425716400146,0.0
F173W,0.05197739601135254,0.0
F173Y,0.22433185577392578,0.0
F173V,-1.186330795288086,0.0
I174A,-0.5630464553833008,0.0
I174R,-1.4480197429656982,0.0
I174N,-1.871835470199585,0.0
I174D,-2.8079307079315186,0.0
I174C,-3.0884053707122803,0.0
I174E,-2.055925130844116,0.0
I174Q,-1.6913959980010986,0.0
I174G,-1.5456106662750244,0.0
I174H,-1.6903173923492432,0.0
I174L,-0.014693498611450195,0.0
I174K,-1.8156535625457764,0.0
I174M,-0.9934751987457275,0.0
I174F,-0.30159783363342285,0.0
I174P,-2.3637735843658447,0.0
I174S,-1.5037434101104736,0.0
I174T,-0.9339582920074463,0.0
I174W,-2.054335355758667,0.0
I174Y,-0.3871419429779053,0.0
I174V,0.3658179044723511,0.0
T175A,0.2208108901977539,0.0
T175R,0.20000052452087402,0.0
T175N,-0.07502532005310059,0.0
T175D,-0.17190790176391602,0.0
T175C,-3.124608039855957,0.0
T175E,0.023949623107910156,0.0
T175Q,0.11840963363647461,0.0
T175G,-0.5919947624206543,0.0
T175H,-0.7347078323364258,0.0
T175I,0.02711939811706543,0.0
T175L,0.4745166301727295,0.0
T175K,0.32881641387939453,0.0
T175M,-0.6436476707458496,0.0
T175F,-1.0613682270050049,0.0
T175P,-1.4631767272949219,0.0
T175S,-0.3157920837402344,0.0
T175W,-2.000948905944824,0.0
T175Y,-0.9163856506347656,0.0
T175V,0.04386734962463379,0.0
S176A,0.7790350914001465,0.0
S176R,-0.028130531311035156,0.0
S176N,-0.4426426887512207,0.0
S176D,0.1415541172027588,0.0
S176C,-2.934391975402832,0.0
S176E,0.6755324602127075,0.0
S176Q,-0.4167048931121826,0.0
S176G,-0.3798081874847412,0.0
S176H,-1.4024591445922852,0.0
S176I,-1.526071548461914,0.0
S176L,-0.6107397079467773,0.0
S176K,0.15690827369689941,0.0
S176M,-1.1512107849121094,0.0
S176F,-1.7893152236938477,0.0
S176P,-1.4867568016052246,0.0
S176T,-0.39873600006103516,0.0
S176W,-2.5452380180358887,0.0
S176Y,-1.525578498840332,0.0
S176V,-1.0748562812805176,0.0
M177A,1.0856527090072632,0.0
M177R,-3.1482925415039062,0.0
M177N,-2.1887640953063965,0.0
M177D,-4.427421569824219,0.0
M177C,-1.4018454551696777,0.0
M177E,-3.5286474227905273,0.0
M177Q,-2.3364338874816895,0.0
M177G,-0.3649630546569824,0.0
M177H,-3.0791454315185547,0.0
M177I,0.2627859115600586,0.0
M177L,0.2480297088623047,0.0
M177K,-3.385789394378662,0.0
M177F,-0.12161445617675781,0.0
M177P,-3.8277978897094727,0.0
M177S,-0.1781625747680664,0.0
M177T,0.10406160354614258,0.0
M177W,-3.1450657844543457,0.0
M177Y,-1.470036506652832,0.0
M177V,0.3111395835876465,0.0
V178A,-0.5906181335449219,0.0
V178R,0.45766663551330566,0.0
V178N,0.49297118186950684,0.0
V178D,-0.48359179496765137,0.0
V178C,-1.6638638973236084,0.0
V178E,0.3291895389556885,0.0
V178Q,0.2491748332977295,0.0
V178G,-0.6234209537506104,0.0
V178H,-0.3700401782989502,0.0
V178I,0.12263226509094238,0.0
V178L,0.362170934677124,0.0
V178K,0.6008884906768799,0.0
V178M,-0.35938191413879395,0.0
V178F,0.36192774772644043,0.0
V178P,-3.937324285507202,0.0
V178S,-0.2950870990753174,0.0
V178T,0.1107950210571289,0.0
V178W,-1.7737219333648682,0.0
V178Y,0.2240450382232666,0.0
R179A,0.2777881622314453,0.0
R179N,0.19576787948608398,0.0
R179D,0.5859658718109131,0.0
R179C,-3.0473783016204834,0.0
R179E,0.40028834342956543,0.0
R179Q,-0.18005847930908203,0.0
R179G,-0.6114699840545654,0.0
R179H,-0.9839432239532471,0.0
R179I,-0.7371261119842529,0.0
R179L,-0.11260223388671875,0.0
R179K,0.7961639165878296,0.0
R179M,-0.9760158061981201,0.0
R179F,-1.4101941585540771,0.0
R179P,-1.3308508396148682,0.0
R179S,-0.024881601333618164,0.0
R179T,0.15837335586547852,0.0
R179W,-2.7311575412750244,0.0
R179Y,-1.2111947536468506,0.0
R179V,-0.6485493183135986,0.0
A180R,-1.6312177181243896,0.0
A180N,-1.8005855083465576,0.0
A180D,-2.1848649978637695,0.0
A180C,-2.4582560062408447,0.0
A180E,-1.8174126148223877,0.0
A180Q,-1.5850236415863037,0.0
A180G,-1.3644206523895264,0.0
A180H,-2.369264841079712,0.0
A180I,-0.7691550254821777,0.0
A180L,-0.4047067165374756,0.0
A180K,-1.8425660133361816,0.0
A180M,-0.9184634685516357,0.0
A180F,-1.3937301635742188,0.0
A180P,-3.8536980152130127,0.0
A180S,-0.7963488101959229,0.0
A180T,-0.6185128688812256,0.0
A180W,-3.1763336658477783,0.0
A180Y,-1.5575072765350342,0.0
A180V,-0.7741270065307617,0.0
L181A,0.14481639862060547,0.0
L181R,-2.1467180252075195,0.0
L181N,-1.4631030559539795,0.0
L181D,-3.6385059356689453,0.0
L181C,-1.4428727626800537,0.0
L181E,-2.8016724586486816,0.0
L181Q,-1.7746076583862305,0.0
L181G,-0.8469781875610352,0.0
L181H,-2.2455310821533203,0.0
L181I,-0.2729339599609375,0.0
L181K,-2.814060688018799,0.0
L181M,-0.22525548934936523,0.0
L181F,0.2939472198486328,0.0
L181P,-4.553848743438721,0.0
L181S,-0.2805156707763672,0.0
L181T,-0.2154064178466797,0.0
L181W,-2.497201442718506,0.0
L181Y,-0.7019393444061279,0.0
L181V,-0.37230539321899414,0.0
D182A,-0.7350506782531738,0.0
D182R,0.7211406230926514,0.0
D182N,0.10060977935791016,0.0
D182C,-2.3327131271362305,0.0
D182E,0.09658002853393555,0.0
D182Q,-0.15321016311645508,0.0
D182G,-0.46802282333374023,0.0
D182H,-0.5859401226043701,0.0
D182I,-0.35588955879211426,0.0
D182L,-0.2383737564086914,0.0
D182K,0.6062126159667969,0.0
D182M,-0.6197714805603027,0.0
D182F,-0.11395573616027832,0.0
D182P,-2.264237403869629,0.0
D182S,-0.2757606506347656,0.0
D182T,0.010253429412841797,0.0
D182W,-1.5358285903930664,0.0
D182Y,-0.340179443359375,0.0
D182V,-0.2882664203643799,0.0
E183A,-0.7410011291503906,0.0
E183R,-0.9838683605194092,0.0
E183N,-1.3625576496124268,0.0
E183D,-0.30701613426208496,0.0
E183C,-4.252187728881836,0.0
E183Q,-1.1600770950317383,0.0
E183G,-1.5900976657867432,0.0
E183H,-2.3827030658721924,0.0
E183I,-1.006831407546997,0.0
E183L,-0.8699386119842529,0.0
E183K,-0.7420856952667236,0.0
E183M,-1.6812479496002197,0.0
E183F,-1.557410478591919,0.0
E183P,-1.8166413307189941,0.0
E183S,-1.3384888172149658,0.0
E183T,-1.1091325283050537,0.0
E183W,-2.5998146533966064,0.0
E183Y,-1.6442534923553467,0.0
E183V,-1.0350604057312012,0.0
A184R,-1.2570171356201172,0.0
A184N,-1.7088587284088135,0.0
A184D,-2.211573362350464,0.0
A184C,-2.838757276535034,0.0
A184E,-0.9382288455963135,0.0
A184Q,-1.435495138168335,0.0
A184G,-1.4961597919464111,0.0
A184H,-1.835435152053833,0.0
A184I,-0.9913167953491211,0.0
A184L,-0.9595119953155518,0.0
A184K,-1.3612468242645264,0.0
A184M,-1.183821439743042,0.0
A184F,-0.8330917358398438,0.0
A184P,-3.1434738636016846,0.0
A184S,-0.681438684463501,0.0
A184T,-0.4878673553466797,0.0
A184W,-2.6980879306793213,0.0
A184Y,-0.74257493019104,0.0
A184V,-0.578514814376831,0.0
M185A,0.4987337589263916,0.0
M185R,0.7255795001983643,0.0
M185N,-0.01034235954284668,0.0
M185D,-1.343961238861084,0.0
M185C,-1.4297871589660645,0.0
M185E,-0.8267421722412109,0.0
M185Q,-0.37861013412475586,0.0
M185G,0.08904838562011719,0.0
M185H,-0.638730525970459,0.0
M185I,0.40525317192077637,0.0
M185L,0.3182811737060547,0.0
M185K,-0.12058305740356445,0.0
M185F,0.4898498058319092,0.0
M185P,-3.0138449668884277,0.0
M185S,0.5446386337280273,0.0
M185T,0.2822883129119873,0.0
M185W,-0.8428525924682617,0.0
M185Y,0.4747605323791504,0.0
M185V,0.38387608528137207,0.0
N186A,1.0726821422576904,0.0
N186R,0.6238739490509033,0.0
N186D,0.3247675895690918,0.0
N186C,-2.102480888366699,0.0
N186E,1.0063657760620117,0.0
N186Q,0.16307950019836426,0.0
N186G,0.42305541038513184,0.0
N186H,-0.6124839782714844,0.0
N186I,0.6050851345062256,0.0
N186L,1.0589632987976074,0.0
N186K,0.3499565124511719,0.0
N186M,0.10632181167602539,0.0
N186F,0.8212857246398926,0.0
N186P,-1.2084803581237793,0.0
N186S,0.12225747108459473,0.0
N186T,0.3568115234375,0.0
N186W,-0.472137451171875,0.0
N186Y,0.33707165718078613,0.0
N186V,0.8079235553741455,0.0
K187A,0.24363183975219727,0.0
K187R,0.35768556594848633,0.0
K187N,-0.7505836486816406,0.0
K187D,-0.6930117607116699,0.0
K187C,-3.0575613975524902,0.0
K187E,-0.08183717727661133,0.0
K187Q,-0.46143531799316406,0.0
K187G,-0.815443754196167,0.0
K187H,-1.4861626625061035,0.0
K187I,0.24541378021240234,0.0
K187L,0.15903902053833008,0.0
K187M,-0.5793561935424805,0.0
K187F,-0.43546581268310547,0.0
K187P,-0.15732502937316895,0.0
K187S,-0.5160088539123535,0.0
K187T,-0.28590941429138184,0.0
K187W,-2.037787437438965,0.0
K187Y,-0.8979055881500244,0.0
K187V,0.10218667984008789,0.0
L188A,-0.032387375831604004,0.0
L188R,-1.4896116256713867,0.0
L188N,-2.9635086059570312,0.0
L188D,-3.3917555809020996,0.0
L188C,-2.884967803955078,0.0
L188E,-2.413353443145752,0.0
L188Q,-2.140394687652588,0.0
L188G,-1.864555835723877,0.0
L188H,-2.227898597717285,0.0
L188I,-0.12227582931518555,0.0
L188K,-2.0683841705322266,0.0
L188M,-0.8161411285400391,0.0
L188F,-0.27133703231811523,0.0
L188P,-2.123656749725342,0.0
L188S,-1.5811057090759277,0.0
L188T,-1.4058828353881836,0.0
L188W,-1.5767967700958252,0.0
L188Y,-0.8050470352172852,0.0
L188V,-0.2561936378479004,0.0
Q189A,1.0690858364105225,0.0
Q189R,0.8957343101501465,0.0
Q189N,0.022353410720825195,0.0
Q189D,-0.7192983627319336,0.0
Q189C,-0.781226634979248,0.0
Q189E,-0.3051743507385254,0.0
Q189G,0.3088204860687256,0.0
Q189H,-0.5866374969482422,0.0
Q189I,1.7509139776229858,0.0
Q189L,1.8441758155822754,0.0
Q189K,0.5270099639892578,0.0
Q189M,0.98919677734375,0.0
Q189F,1.1677420139312744,0.0
Q189P,-0.3339962959289551,0.0
Q189S,0.39437437057495117,0.0
Q189T,0.4114818572998047,0.0
Q189W,-0.7161097526550293,0.0
Q189Y,0.44126224517822266,0.0
Q189V,1.3768155574798584,0.0
R190A,1.124068260192871,0.0
R190N,0.035060882568359375,0.0
R190D,0.48276257514953613,0.0
R190C,-3.009939193725586,0.0
R190E,1.3343901634216309,0.0
R190Q,0.6073489189147949,0.0
R190G,-0.22048497200012207,0.0
R190H,-1.2387676239013672,0.0
R190I,-0.18848705291748047,0.0
R190L,0.1974940299987793,0.0
R190K,0.6798834800720215,0.0
R190M,-0.636005163192749,0.0
R190F,-0.7257933616638184,0.0
R190P,-0.8720855712890625,0.0
R190S,0.1673598289489746,0.0
R190T,-0.014419078826904297,0.0
R190W,-2.172661304473877,0.0
R190Y,-1.0140252113342285,0.0
R190V,-0.22235631942749023,0.0
A191R,-0.6750469207763672,0.0
A191N,-0.9673621654510498,0.0
A191D,-0.7876911163330078,0.0
A191C,-2.5052480697631836,0.0
A191E,-0.08539199829101562,0.0
A191Q,-0.8385369777679443,0.0
A191G,-1.1803889274597168,0.0
A191H,-1.5691490173339844,0.0
A191I,0.2584993839263916,0.0
A191L,0.6198675632476807,0.0
A191K,-0.779714822769165,0.0
A191M,-0.4920966625213623,0.0
A191F,0.007789134979248047,0.0
A191P,0.8055000305175781,0.0
A191S,-0.78240966796875,0.0
A191T,-0.6317348480224609,0.0
A191W,-1.3264999389648438,0.0
A191Y,-0.2672004699707031,0.0
A191V,0.05236458778381348,0.0
N192A,-1.56740140914917,0.0
N192R,-0.738867998123169,0.0
N192D,-0.773388147354126,0.0
N192C,-2.3539700508117676,0.0
N192E,-2.1265482902526855,0.0
N192Q,-1.682352066040039,0.0
N192G,-1.782668113708496,0.0
N192H,-0.5177750587463379,0.0
N192I,-0.8319244384765625,0.0
N192L,-0.3722507953643799,0.0
N192K,-1.11635160446167,0.0
N192M,-1.5376768112182617,0.0
N192F,0.466211199760437,0.0
N192P,-1.915097713470459,0.0
N192S,-1.50115966796875,0.0
N192T,-1.4471893310546875,0.0
N192W,-1.0113472938537598,0.0
N192Y,0.474155068397522,0.0
N192V,-1.1075851917266846,0.0
P193A,-1.4300239086151123,0.0
P193R,-1.9190642833709717,0.0
P193N,-1.9595153331756592,0.0
P193D,-1.842594861984253,0.0
P193C,-3.430450201034546,0.0
P193E,-1.5759923458099365,0.0
P193Q,-1.9924814701080322,0.0
P193G,-1.9626593589782715,0.0
P193H,-2.6260907649993896,0.0
P193I,-1.1456940174102783,0.0
P193L,-0.7046096324920654,0.0
P193K,-1.3401477336883545,0.0
P193M,-1.6570169925689697,0.0
P193F,-0.4100058078765869,0.0
P193S,-2.036613941192627,0.0
P193T,-2.1349053382873535,0.0
P193W,-1.3624107837677002,0.0
P193Y,-0.947091817855835,0.0
P193V,-1.5790183544158936,0.0
D194A,-1.4874403476715088,0.0
D194R,-1.9891371726989746,0.0
D194N,0.0761106014251709,0.0
D194C,-3.9843342304229736,0.0
D194E,-0.47262072563171387,0.0
D194Q,-1.7411811351776123,0.0
D194G,-0.9437711238861084,0.0
D194H,-1.518136978149414,0.0
D194I,-1.6596612930297852,0.0
D194L,-1.1678485870361328,0.0
D194K,-0.9332587718963623,0.0
D194M,-2.7205402851104736,0.0
D194F,-0.8737928867340088,0.0
D194P,-2.108433961868286,0.0
D194S,-0.9702427387237549,0.0
D194T,-1.3119511604309082,0.0
D194W,-2.50329852104187,0.0
D194Y,-0.7594554424285889,0.0
D194V,-1.869030237197876,0.0
D195A,-0.02060556411743164,0.0
D195R,-0.8597011566162109,0.0
D195N,0.07694315910339355,0.0
D195C,-1.4532089233398438,0.0
D195E,-1.6188080310821533,0.0
D195Q,-0.9031050205230713,0.0
D195G,-1.3168036937713623,0.0
D195H,-0.7222309112548828,0.0
D195I,-0.7161910533905029,0.0
D195L,0.09779763221740723,0.0
D195K,-0.4307742118835449,0.0
D195M,-1.1523668766021729,0.0
D195F,-0.4041907787322998,0.0
D195P,-3.20379376411438,0.0
D195S,0.11197662353515625,0.0
D195T,-0.3820645809173584,0.0
D195W,-2.072108507156372,0.0
D195Y,-0.4712231159210205,0.0
D195V,-0.7409238815307617,0.0
P196A,-1.5349466800689697,0.0
P196R,-2.7447891235351562,0.0
P196N,-2.814906120300293,0.0
P196D,-2.236253261566162,0.0
P196C,-3.9749698638916016,0.0
P196E,-1.6486964225769043,0.0
P196Q,-2.7704484462738037,0.0
P196G,-2.3822684288024902,0.0
P196H,-3.7254772186279297,0.0
P196I,-1.6006925106048584,0.0
P196L,-1.6940605640411377,0.0
P196K,-1.5581154823303223,0.0
P196M,-2.7217793464660645,0.0
P196F,-1.6333155632019043,0.0
P196S,-2.0275275707244873,0.0
P196T,-1.9329323768615723,0.0
P196W,-3.4848151206970215,0.0
P196Y,-2.293470621109009,0.0
P196V,-1.4949710369110107,0.0
A197R,-0.24276113510131836,0.0
A197N,-0.4807436466217041,0.0
A197D,-0.36725282669067383,0.0
A197C,-3.2887730598449707,0.0
A197E,0.6865663528442383,0.0
A197Q,-0.4487757682800293,0.0
A197G,-1.111382007598877,0.0
A197H,-1.5268034934997559,0.0
A197I,0.306995153427124,0.0
A197L,0.6869375705718994,0.0
A197K,0.2773456573486328,0.0
A197M,-0.9147260189056396,0.0
A197F,-0.304119348526001,0.0
A197P,-2.117720127105713,0.0
A197S,-0.6571149826049805,0.0
A197T,-0.41074275970458984,0.0
A197W,-1.647778034210205,0.0
A197Y,-0.31778669357299805,0.0
A197V,0.364398717880249,0.0
Y198A,-1.3723235130310059,0.0
Y198R,-1.5294113159179688,0.0
Y198N,-0.8497829437255859,0.0
Y198D,-1.40763521194458,0.0
Y198C,-3.204836368560791,0.0
Y198E,-2.1045539379119873,0.0
Y198Q,-2.3402795791625977,0.0
Y198G,-1.8985505104064941,0.0
Y198H,-1.876249074935913,0.0
Y198I,-1.453667163848877,0.0
Y198L,-0.8108069896697998,0.0
Y198K,-1.1162726879119873,0.0
Y198M,-1.9667167663574219,0.0
Y198F,-0.22368431091308594,0.0
Y198P,-3.0239686965942383,0.0
Y198S,-0.7829532623291016,0.0
Y198T,-0.4637160301208496,0.0
Y198W,-2.1067440509796143,0.0
Y198V,-1.3598363399505615,0.0
D199A,2.8046998977661133,0.0
D199R,1.8615658283233643,0.0
D199N,0.6463003158569336,0.0
D199C,-0.7253050804138184,0.0
D199E,1.535876750946045,0.0
D199Q,1.610738754272461,0.0
D199G,0.43121814727783203,0.0
D199H,-0.19521427154541016,0.0
D199I,1.8263514041900635,0.0
D199L,2.2698800563812256,0.0
D199K,1.8804802894592285,0.0
D199M,1.0769734382629395,0.0
D199F,0.666020393371582,0.0
D199P,-0.7813849449157715,0.0
D199S,1.8202390670776367,0.0
D199T,2.3227522373199463,0.0
D199W,-0.6392936706542969,0.0
D199Y,0.887969970703125,0.0
D199V,1.8811554908752441,0.0
E200A,-0.5928280353546143,0.0
E200R,-0.9721970558166504,0.0
E200N,-2.0270936489105225,0.0
E200D,-1.4632399082183838,0.0
E200C,-5.106288909912109,0.0
E200Q,-1.3448936939239502,0.0
E200G,-2.3360884189605713,0.0
E200H,-3.054466485977173,0.0
E200I,-2.058946132659912,0.0
E200L,-1.7191004753112793,0.0
E200K,-0.6355946063995361,0.0
E200M,-2.7750942707061768,0.0
E200F,-2.589367151260376,0.0
E200P,-0.8542759418487549,0.0
E200S,-1.8647706508636475,0.0
E200T,-1.9674758911132812,0.0
E200W,-3.7996456623077393,0.0
E200Y,-2.720855951309204,0.0
E200V,-1.8796753883361816,0.0
N201A,1.9688150882720947,0.0
N201R,0.9210484027862549,0.0
N201D,-0.32903099060058594,0.0
N201C,-1.0465879440307617,0.0
N201E,0.8187050819396973,0.0
N201Q,0.45311450958251953,0.0
N201G,-0.3974752426147461,0.0
N201H,-0.1681220531463623,0.0
N201I,1.1558635234832764,0.0
N201L,1.6910598278045654,0.0
N201K,0.7993640899658203,0.0
N201M,1.0377840995788574,0.0
N201F,0.686683177947998,0.0
N201P,-1.8573732376098633,0.0
N201S,0.37242841720581055,0.0
N201T,1.1185641288757324,0.0
N201W,-0.5924901962280273,0.0
N201Y,1.0208730697631836,0.0
N201V,1.4173715114593506,0.0
K202A,-1.0340704917907715,0.0
K202R,0.3049980401992798,0.0
K202N,-1.4238784313201904,0.0
K202D,-1.8824784755706787,0.0
K202C,-2.600372076034546,0.0
K202E,-1.0887978076934814,0.0
K202Q,-1.3004176616668701,0.0
K202G,-2.2515127658843994,0.0
K202H,-2.039961576461792,0.0
K202I,0.05827641487121582,0.0
K202L,0.40665364265441895,0.0
K202M,-0.5204672813415527,0.0
K202F,-1.04891037940979,0.0
K202P,-2.314540147781372,0.0
K202S,-1.6251418590545654,0.0
K202T,-1.101355791091919,0.0
K202W,-1.8719823360443115,0.0
K202Y,-0.6227171421051025,0.0
K202V,-0.3118720054626465,0.0
R203A,-0.9982093572616577,0.0
R203N,-2.7978410720825195,0.0
R203D,-3.3285937309265137,0.0
R203C,-5.716803550720215,0.0
R203E,-2.0478339195251465,0.0
R203Q,-1.6511632204055786,0.0
R203G,-3.260908603668213,0.0
R203H,-3.4907517433166504,0.0
R203I,-2.948573589324951,0.0
R203L,-2.4404335021972656,0.0
R203K,0.23978209495544434,0.0
R203M,-3.735776901245117,0.0
R203F,-4.358978748321533,0.0
R203P,-3.900156021118164,0.0
R203S,-2.8164114952087402,0.0
R203T,-2.794437885284424,0.0
R203W,-5.51210355758667,0.0
R203Y,-4.439563751220703,0.0
R203V,-2.766632556915283,0.0
Q204A,-0.13336563110351562,0.0
Q204R,0.8157747983932495,0.0
Q204N,-1.464400291442871,0.0
Q204D,-2.0176401138305664,0.0
Q204C,-3.1097984313964844,0.0
Q204E,-0.7870297431945801,0.0
Q204G,-1.6337580680847168,0.0
Q204H,-2.052250385284424,0.0
Q204I,-0.6905422210693359,0.0
Q204L,-0.2825653553009033,0.0
Q204K,0.9856828451156616,0.0
Q204M,-1.41170072555542,0.0
Q204F,-1.4160270690917969,0.0
Q204P,-3.3286290168762207,0.0
Q204S,-1.2243809700012207,0.0
Q204T,-1.3860888481140137,0.0
Q204W,-2.792870044708252,0.0
Q204Y,-1.9101204872131348,0.0
Q204V,-0.9844284057617188,0.0
F205A,-0.3221147060394287,0.0
F205R,0.3060309886932373,0.0
F205N,-1.662503957748413,0.0
F205D,-3.042626142501831,0.0
F205C,-1.8748223781585693,0.0
F205E,-2.0361664295196533,0.0
F205Q,-1.1436738967895508,0.0
F205G,-1.962341070175171,0.0
F205H,-1.0953035354614258,0.0
F205I,0.21331572532653809,0.0
F205L,0.24117541313171387,0.0
F205K,-0.7750601768493652,0.0
F205M,-0.4492228031158447,0.0
F205P,-3.2999513149261475,0.0
F205S,-1.6766846179962158,0.0
F205T,-1.2277987003326416,0.0
F205W,-1.6184580326080322,0.0
F205Y,-0.05158638954162598,0.0
F205V,-0.04630255699157715,0.0
Q206A,0.4513428211212158,0.0
Q206R,0.2743654251098633,0.0
Q206N,-0.480853796005249,0.0
Q206D,0.3386211395263672,0.0
Q206C,-3.893249273300171,0.0
Q206E,1.1716042757034302,0.0
Q206G,-1.4716780185699463,0.0
Q206H,-1.4421932697296143,0.0
Q206I,-0.1459054946899414,0.0
Q206L,0.26223301887512207,0.0
Q206K,0.4383432865142822,0.0
Q206M,-0.5662686824798584,0.0
Q206F,-1.3343641757965088,0.0
Q206P,-2.159550428390503,0.0
Q206S,-1.0877501964569092,0.0
Q206T,-0.7927896976470947,0.0
Q206W,-2.6751511096954346,0.0
Q206Y,-1.273207426071167,0.0
Q206V,-0.4225497245788574,0.0
E207A,-0.30821919441223145,0.0
E207R,0.13129663467407227,0.0
E207N,-0.9219470024108887,0.0
E207D,-0.7712852954864502,0.0
E207C,-3.8547275066375732,0.0
E207Q,-1.0887978076934814,0.0
E207G,-1.6397631168365479,0.0
E207H,-2.0527687072753906,0.0
E207I,-2.5865437984466553,0.0
E207L,-1.9965744018554688,0.0
E207K,-0.2624070644378662,0.0
E207M,-2.685711145401001,0.0
E207F,-3.156865358352661,0.0
E207P,-4.33729362487793,0.0
E207S,-1.285933017730713,0.0
E207T,-1.3949635028839111,0.0
E207W,-4.082754135131836,0.0
E207Y,-2.6102492809295654,0.0
E207V,-2.2075836658477783,0.0
D208A,0.47991180419921875,0.0
D208R,0.42241811752319336,0.0
D208N,0.6153182983398438,0.0
D208C,-0.6971683502197266,0.0
D208E,0.03709697723388672,0.0
D208Q,-0.013169288635253906,0.0
D208G,0.8665368556976318,0.0
D208H,-0.3878598213195801,0.0
D208I,-1.2896685600280762,0.0
D208L,-1.1386284828186035,0.0
D208K,-0.3600301742553711,0.0
D208M,-0.8502628803253174,0.0
D208F,-1.1532630920410156,0.0
D208P,-3.1816935539245605,0.0
D208S,0.5251073837280273,0.0
D208T,0.05867481231689453,0.0
D208W,-2.280210018157959,0.0
D208Y,-0.8170516490936279,0.0
D208V,-0.5986282825469971,0.0
I209A,-1.2097573280334473,0.0
I209R,0.3213232755661011,0.0
I209N,-1.8652076721191406,0.0
I209D,-3.1073827743530273,0.0
I209C,-1.6922519207000732,0.0
I209E,-1.9507474899291992,0.0
I209Q,-0.8990750312805176,0.0
I209G,-2.4785399436950684,0.0
I209H,-1.3832714557647705,0.0
I209L,0.43517065048217773,0.0
I209K,-0.8347396850585938,0.0
I209M,-0.05056047439575195,0.0
I209F,-0.34267425537109375,0.0
I209P,-4.105837821960449,0.0
I209S,-1.6552021503448486,0.0
I209T,-1.3356130123138428,0.0
I209W,-2.264930248260498,0.0
I209Y,-0.7609925270080566,0.0
I209V,0.026444673538208008,0.0
K210A,-0.5351395606994629,0.0
K210R,-0.704664945602417,0.0
K210N,-1.4954113960266113,0.0
K210D,-1.1047775745391846,0.0
K210C,-4.598067283630371,0.0
K210E,-1.4647736549377441,0.0
K210Q,-0.5813498497009277,0.0
K210G,-1.9033169746398926,0.0
K210H,-2.7577600479125977,0.0
K210I,-3.043179988861084,0.0
K210L,-2.3576319217681885,0.0
K210M,-3.2183570861816406,0.0
K210F,-3.941910743713379,0.0
K210P,-3.853631019592285,0.0
K210S,-1.7962496280670166,0.0
K210T,-1.7044603824615479,0.0
K210W,-5.4197564125061035,0.0
K210Y,-3.8662643432617188,0.0
K210V,-2.3630762100219727,0.0
V211A,-0.4026327133178711,0.0
V211R,-0.017349720001220703,0.0
V211N,-1.5333075523376465,0.0
V211D,-2.107165813446045,0.0
V211C,-2.1248741149902344,0.0
V211E,-0.24867868423461914,0.0
V211Q,-0.9833273887634277,0.0
V211G,-1.5984644889831543,0.0
V211H,-0.9402856826782227,0.0
V211I,-0.525306224822998,0.0
V211L,-0.26311159133911133,0.0
V211K,-0.026254653930664062,0.0
V211M,-1.2726120948791504,0.0
V211F,0.6622104644775391,0.0
V211P,-3.050144672393799,0.0
V211S,-1.289196491241455,0.0
V211T,-0.6441493034362793,0.0
V211W,-1.5311126708984375,0.0
V211Y,1.797406554222107,0.0
M212A,-1.5106970071792603,0.0
M212R,-1.3528209924697876,0.0
M212N,-2.753965377807617,0.0
M212D,-4.922136306762695,0.0
M212C,-2.0555801391601562,0.0
M212E,-3.642209053039551,0.0
M212Q,-1.649269700050354,0.0
M212G,-3.2081284523010254,0.0
M212H,-2.391876697540283,0.0
M212I,0.05664408206939697,0.0
M212L,0.7661924362182617,0.0
M212K,-2.600008487701416,0.0
M212F,-0.356026291847229,0.0
M212P,-5.300074577331543,0.0
M212S,-2.4486289024353027,0.0
M212T,-1.6816002130508423,0.0
M212W,-2.5555944442749023,0.0
M212Y,-1.26321280002594,0.0
M212V,-0.5192559957504272,0.0
N213A,-1.8946510553359985,0.0
N213R,-0.3303614854812622,0.0
N213D,-0.7525049448013306,0.0
N213C,-3.2240395545959473,0.0
N213E,-1.4854274988174438,0.0
N213Q,-0.4528738260269165,0.0
N213G,-1.5861154794692993,0.0
N213H,-0.6742621660232544,0.0
N213I,-2.4329776763916016,0.0
N213L,-1.7872740030288696,0.0
N213K,-0.8510638475418091,0.0
N213M,-1.7713946104049683,0.0
N213F,-1.3969398736953735,0.0
N213P,-3.665351390838623,0.0
N213S,-1.23959219455719,0.0
N213T,-1.2430006265640259,0.0
N213W,-3.420466899871826,0.0
N213Y,-1.4419771432876587,0.0
N213V,-2.260012626647949,0.0
D214A,-0.11796188354492188,0.0
D214R,-1.0781203508377075,0.0
D214N,-1.2968813180923462,0.0
D214C,-4.109286308288574,0.0
D214E,0.09028613567352295,0.0
D214Q,-1.0253905057907104,0.0
D214G,-0.23509156703948975,0.0
D214H,-2.624016761779785,0.0
D214I,-2.8781967163085938,0.0
D214L,-2.1884937286376953,0.0
D214K,-1.0031894445419312,0.0
D214M,-2.995053291320801,0.0
D214F,-3.446382522583008,0.0
D214P,-2.7078018188476562,0.0
D214S,-0.6366709470748901,0.0
D214T,-1.1692808866500854,0.0
D214W,-4.305788040161133,0.0
D214Y,-2.896420955657959,0.0
D214V,-2.0760951042175293,0.0
L215A,-1.9432616233825684,0.0
L215R,-3.7801852226257324,0.0
L215N,-4.068202018737793,0.0
L215D,-6.577592849731445,0.0
L215C,-2.540511131286621,0.0
L215E,-4.698863983154297,0.0
L215Q,-4.067533016204834,0.0
L215G,-4.754541397094727,0.0
L215H,-3.0671944618225098,0.0
L215I,0.03835320472717285,0.0
L215K,-4.344657897949219,0.0
L215M,-0.6339497566223145,0.0
L215F,0.10018348693847656,0.0
L215P,-6.804506301879883,0.0
L215S,-3.708913803100586,0.0
L215T,-1.911543607711792,0.0
L215W,-3.011059284210205,0.0
L215Y,-0.25026607513427734,0.0
L215V,-0.17948198318481445,0.0
V216A,-1.6675630807876587,0.0
V216R,-4.150508880615234,0.0
V216N,-4.956541538238525,0.0
V216D,-7.579286098480225,0.0
V216C,-2.713250160217285,0.0
V216E,-6.55550479888916,0.0
V216Q,-5.471076965332031,0.0
V216G,-3.7343292236328125,0.0
V216H,-5.160431385040283,0.0
V216I,0.35854625701904297,0.0
V216L,-0.5346653461456299,0.0
V216K,-5.142673492431641,0.0
V216M,-1.5645838975906372,0.0
V216F,-1.0547047853469849,0.0
V216P,-4.961489677429199,0.0
V216S,-2.7981839179992676,0.0
V216T,-1.9118238687515259,0.0
V216W,-4.186490058898926,0.0
V216Y,-3.2140517234802246,0.0
D217A,-0.13727188110351562,0.0
D217R,0.2618076801300049,0.0
D217N,0.12163877487182617,0.0
D217C,-2.953479528427124,0.0
D217E,-0.44296789169311523,0.0
D217Q,-0.09571504592895508,0.0
D217G,-0.13998889923095703,0.0
D217H,-1.0343432426452637,0.0
D217I,-2.0597198009490967,0.0
D217L,-0.9617187976837158,0.0
D217K,0.30141258239746094,0.0
D217M,-1.196915864944458,0.0
D217F,-1.582517385482788,0.0
D217P,-1.839674711227417,0.0
D217S,-0.3661079406738281,0.0
D217T,-0.7971560955047607,0.0
D217W,-2.805866003036499,0.0
D217Y,-1.3571741580963135,0.0
D217V,-1.6892244815826416,0.0
K218A,-1.4267027378082275,0.0
K218R,-0.26881206035614014,0.0
K218N,-1.6735341548919678,0.0
K218D,-1.7027056217193604,0.0
K218C,-3.8894731998443604,0.0
K218E,-1.3148791790008545,0.0
K218Q,-0.09752035140991211,0.0
K218G,-0.26839303970336914,0.0
K218H,-2.8387224674224854,0.0
K218I,-4.348868370056152,0.0
K218L,-3.4420177936553955,0.0
K218M,-3.2820961475372314,0.0
K218F,-4.290411949157715,0.0
K218P,-4.018974304199219,0.0
K218S,-0.728858232498169,0.0
K218T,-1.5111253261566162,0.0
K218W,-4.7434797286987305,0.0
K218Y,-3.728590250015259,0.0
K218V,-3.820080041885376,0.0
I219A,-1.3341912031173706,0.0
I219R,-2.1614208221435547,0.0
I219N,-3.9830422401428223,0.0
I219D,-5.682243347167969,0.0
I219C,-3.6287970542907715,0.0
I219E,-3.770228862762451,0.0
I219Q,-3.1470675468444824,0.0
I219G,-4.0475664138793945,0.0
I219H,-3.5997185707092285,0.0
I219L,-0.9210144281387329,0.0
I219K,-2.2695870399475098,0.0
I219M,-1.1759520769119263,0.0
I219F,-2.839531898498535,0.0
I219P,-7.728082180023193,0.0
I219S,-3.3183326721191406,0.0
I219T,-2.537506580352783,0.0
I219W,-5.089836597442627,0.0
I219Y,-3.1745963096618652,0.0
I219V,-0.8422881364822388,0.0
I220A,-4.972489356994629,0.0
I220R,-5.001562118530273,0.0
I220N,-6.491962909698486,0.0
I220D,-8.966850280761719,0.0
I220C,-5.864200592041016,0.0
I220E,-7.236230850219727,0.0
I220Q,-7.089594841003418,0.0
I220G,-7.980025291442871,0.0
I220H,-6.462602615356445,0.0
I220L,-2.8819077014923096,0.0
I220K,-5.713632583618164,0.0
I220M,-3.4351792335510254,0.0
I220F,-4.77194356918335,0.0
I220P,-9.740720748901367,0.0
I220S,-6.8988566398620605,0.0
I220T,-5.230732440948486,0.0
I220W,-8.141081809997559,0.0
I220Y,-5.630946636199951,0.0
I220V,-1.136253833770752,0.0
A221R,-0.9526286125183105,0.0
A221N,-1.904503345489502,0.0
A221D,-1.6092183589935303,0.0
A221C,-4.416369438171387,0.0
A221E,-0.8094832897186279,0.0
A221Q,-1.2583208084106445,0.0
A221G,-2.84877872467041,0.0
A221H,-3.1655616760253906,0.0
A221I,-3.4491147994995117,0.0
A221L,-2.5787150859832764,0.0
A221K,-0.5577881336212158,0.0
A221M,-3.9628233909606934,0.0
A221F,-5.158602714538574,0.0
A221P,-6.979159355163574,0.0
A221S,-1.8976285457611084,0.0
A221T,-2.2953526973724365,0.0
A221W,-7.053692817687988,0.0
A221Y,-4.884157180786133,0.0
A221V,-2.705583095550537,0.0
D222A,-0.7723827362060547,0.0
D222R,-0.9395503997802734,0.0
D222N,-1.7588396072387695,0.0
D222C,-4.979584217071533,0.0
D222E,0.9379901885986328,0.0
D222Q,-0.6445798873901367,0.0
D222G,-2.001569986343384,0.0
D222H,-3.0492911338806152,0.0
D222I,-3.5851078033447266,0.0
D222L,-2.785672187805176,0.0
D222K,-0.5063731670379639,0.0
D222M,-3.335909366607666,0.0
D222F,-4.547714710235596,0.0
D222P,-5.899362564086914,0.0
D222S,-1.142129898071289,0.0
D222T,-1.4541215896606445,0.0
D222W,-5.2654619216918945,0.0
D222Y,-3.877608299255371,0.0
D222V,-3.01523494720459,0.0
R223A,-5.079971790313721,0.0
R223N,-6.175135612487793,0.0
R223D,-8.05173397064209,0.0
R223C,-6.38033390045166,0.0
R223E,-6.525108814239502,0.0
R223Q,-4.889484405517578,0.0
R223G,-5.93982458114624,0.0
R223H,-5.116126537322998,0.0
R223I,-6.654016494750977,0.0
R223L,-5.935131072998047,0.0
R223K,-2.6254496574401855,0.0
R223M,-6.390493869781494,0.0
R223F,-7.2558064460754395,0.0
R223P,-7.696371555328369,0.0
R223S,-5.951810359954834,0.0
R223T,-6.857569694519043,0.0
R223W,-6.854277610778809,0.0
R223Y,-5.861495018005371,0.0
R223V,-6.590395927429199,0.0
K224A,-2.8729727268218994,0.0
K224R,1.6961288452148438,0.0
K224N,-3.164452314376831,0.0
K224D,-3.4620673656463623,0.0
K224C,-4.6206560134887695,0.0
K224E,-2.1209757328033447,0.0
K224Q,-2.123426675796509,0.0
K224G,-4.924205780029297,0.0
K224H,-2.8440744876861572,0.0
K224I,-1.963106393814087,0.0
K224L,-1.9278738498687744,0.0
K224M,-2.952909231185913,0.0
K224F,-4.393409729003906,0.0
K224P,-6.330961227416992,0.0
K224S,-4.127688407897949,0.0
K224T,-3.646955728530884,0.0
K224W,-5.5096235275268555,0.0
K224Y,-3.7651689052581787,0.0
K224V,-2.425222158432007,0.0
A225R,-1.4228432178497314,0.0
A225N,-2.482527732849121,0.0
A225D,-2.7164902687072754,0.0
A225C,-5.548857688903809,0.0
A225E,-0.930980920791626,0.0
A225Q,-1.7107200622558594,0.0
A225G,-3.393550157546997,0.0
A225H,-3.7255356311798096,0.0
A225I,-3.543004274368286,0.0
A225L,-3.049896478652954,0.0
A225K,-0.5167219638824463,0.0
A225M,-4.166107177734375,0.0
A225F,-5.429562568664551,0.0
A225P,-4.9153289794921875,0.0
A225S,-1.780529260635376,0.0
A225T,-2.7970175743103027,0.0
A225W,-7.435685157775879,0.0
A225Y,-5.091636657714844,0.0
A225V,-3.3165552616119385,0.0
S226A,-0.14316630363464355,0.0
S226R,0.2635781764984131,0.0
S226N,0.8928595781326294,0.0
S226D,-1.9571959972381592,0.0
S226C,-3.083930253982544,0.0
S226E,-1.1982815265655518,0.0
S226Q,-0.3158986568450928,0.0
S226G,-0.6494734287261963,0.0
S226H,-0.6695966720581055,0.0
S226I,-2.364428758621216,0.0
S226L,-1.4240610599517822,0.0
S226K,0.7943398952484131,0.0
S226M,-1.921382188796997,0.0
S226F,-2.403327226638794,0.0
S226P,-3.2788007259368896,0.0
S226T,0.10350155830383301,0.0
S226W,-4.732295036315918,0.0
S226Y,-1.9090192317962646,0.0
S226V,-1.9966943264007568,0.0
G227A,-2.8160417079925537,0.0
G227R,-2.928480386734009,0.0
G227N,-2.3164174556732178,0.0
G227D,-2.7188491821289062,0.0
G227C,-4.761902332305908,0.0
G227E,-2.6047351360321045,0.0
G227Q,-2.959597110748291,0.0
G227H,-3.5900051593780518,0.0
G227I,-3.8886215686798096,0.0
G227L,-3.3122832775115967,0.0
G227K,-2.0153043270111084,0.0
G227M,-4.392095565795898,0.0
G227F,-4.050337791442871,0.0
G227P,-1.4671411514282227,0.0
G227S,-2.300025463104248,0.0
G227T,-3.1044771671295166,0.0
G227W,-6.291909217834473,0.0
G227Y,-4.502142906188965,0.0
G227V,-3.6484968662261963,0.0
E228A,-0.5130442380905151,0.0
E228R,-1.6435500383377075,0.0
E228N,-1.0747236013412476,0.0
E228D,-0.6312757730484009,0.0
E228C,-2.8397536277770996,0.0
E228Q,-0.843969464302063,0.0
E228G,-0.7335940599441528,0.0
E228H,-1.745172142982483,0.0
E228I,-0.9147268533706665,0.0
E228L,-1.3260647058486938,0.0
E228K,-0.4865773916244507,0.0
E228M,-2.0259170532226562,0.0
E228F,-2.5484819412231445,0.0
E228P,-2.184652328491211,0.0
E228S,-0.49166882038116455,0.0
E228T,-0.42176663875579834,0.0
E228W,-4.633298873901367,0.0
E228Y,-2.099362850189209,0.0
E228V,-0.5658727884292603,0.0
Q229A,0.36814069747924805,0.0
Q229R,0.21524667739868164,0.0
Q229N,-0.1553478240966797,0.0
Q229D,0.4913153648376465,0.0
Q229C,-1.9074029922485352,0.0
Q229E,1.1003432273864746,0.0
Q229G,0.7194664478302002,0.0
Q229H,-0.591646671295166,0.0
Q229I,-0.366452693939209,0.0
Q229L,-0.5685112476348877,0.0
Q229K,1.0362281799316406,0.0
Q229M,-1.4390945434570312,0.0
Q229F,-1.4088850021362305,0.0
Q229P,0.5808653831481934,0.0
Q229S,0.5596566200256348,0.0
Q229T,0.539290189743042,0.0
Q229W,-3.025521755218506,0.0
Q229Y,-1.0470466613769531,0.0
Q229V,0.23702430725097656,0.0
S230A,-0.5053856372833252,0.0
S230R,2.573988914489746,0.0
S230N,-0.08417415618896484,0.0
S230D,-0.859785795211792,0.0
S230C,-2.286508321762085,0.0
S230E,-0.4224052429199219,0.0
S230Q,0.15515947341918945,0.0
S230G,0.8289241790771484,0.0
S230H,0.1559309959411621,0.0
S230I,-2.032945394515991,0.0
S230L,-1.5347259044647217,0.0
S230K,1.0564887523651123,0.0
S230M,-1.747405767440796,0.0
S230F,-2.1333301067352295,0.0
S230P,-0.19394683837890625,0.0
S230T,-0.7000164985656738,0.0
S230W,-2.52478289604187,0.0
S230Y,-1.2674520015716553,0.0
S230V,-1.1515138149261475,0.0
D231A,-1.1116456985473633,0.0
D231R,-0.4029858112335205,0.0
D231N,0.23261094093322754,0.0
D231C,-3.5166964530944824,0.0
D231E,-0.1431598663330078,0.0
D231Q,-0.5689992904663086,0.0
D231G,-0.4396402835845947,0.0
D231H,-0.8819239139556885,0.0
D231I,-1.623154640197754,0.0
D231L,-2.1685361862182617,0.0
D231K,0.07988643646240234,0.0
D231M,-2.2162561416625977,0.0
D231F,-2.8101911544799805,0.0
D231P,-0.28111743927001953,0.0
D231S,-0.26617884635925293,0.0
D231T,-0.5685532093048096,0.0
D231W,-5.284646034240723,0.0
D231Y,-2.4641480445861816,0.0
D231V,-0.65519118309021,0.0
D232A,-5.5441694259643555,0.0
D232R,-7.5159454345703125,0.0
D232N,-3.4902942180633545,0.0
D232C,-5.728268623352051,0.0
D232E,-5.395977020263672,0.0
D232Q,-6.222862243652344,0.0
D232G,-5.078490257263184,0.0
D232H,-5.095596790313721,0.0
D232I,-5.957590579986572,0.0
D232L,-6.654305934906006,0.0
D232K,-7.360661029815674,0.0
D232M,-7.036218643188477,0.0
D232F,-6.757644176483154,0.0
D232P,-6.493618488311768,0.0
D232S,-3.1687474250793457,0.0
D232T,-3.814128875732422,0.0
D232W,-8.008668899536133,0.0
D232Y,-5.888458728790283,0.0
D232V,-6.1993608474731445,0.0
L233A,-5.743324279785156,0.0
L233R,-9.189799308776855,0.0
L233N,-9.166542053222656,0.0
L233D,-8.381494522094727,0.0
L233C,-6.407970428466797,0.0
L233E,-9.130025863647461,0.0
L233Q,-7.421791076660156,0.0
L233G,-8.176989555358887,0.0
L233H,-7.4276580810546875,0.0
L233I,-1.7247662544250488,0.0
L233K,-9.745267868041992,0.0
L233M,-2.0851635932922363,0.0
L233F,-2.1820428371429443,0.0
L233P,-7.113572597503662,0.0
L233S,-7.405800819396973,0.0
L233T,-5.954550266265869,0.0
L233W,-6.752610206604004,0.0
L233Y,-5.22238302230835,0.0
L233V,-2.9688124656677246,0.0
L234A,-5.863542556762695,0.0
L234R,-8.491742134094238,0.0
L234N,-9.741164207458496,0.0
L234D,-10.76047134399414,0.0
L234C,-7.698856353759766,0.0
L234E,-9.405848503112793,0.0
L234Q,-7.813185214996338,0.0
L234G,-8.227987289428711,0.0
L234H,-8.226303100585938,0.0
L234I,-1.8254812955856323,0.0
L234K,-9.006770133972168,0.0
L234M,-2.566328287124634,0.0
L234F,-3.292613983154297,0.0
L234P,-8.46293830871582,0.0
L234S,-7.471614837646484,0.0
L234T,-6.0590500831604,0.0
L234W,-6.920777320861816,0.0
L234Y,-6.26238489151001,0.0
L234V,-2.891590118408203,0.0
T235A,0.7185962200164795,0.0
T235R,0.5307941436767578,0.0
T235N,-0.3070383071899414,0.0
T235D,-0.4482874870300293,0.0
T235C,-1.554377555847168,0.0
T235E,-0.26027488708496094,0.0
T235Q,1.2959609031677246,0.0
T235G,0.8750209808349609,0.0
T235H,0.6985406875610352,0.0
T235I,-1.3449158668518066,0.0
T235L,-0.11850404739379883,0.0
T235K,-0.23808813095092773,0.0
T235M,-0.5882096290588379,0.0
T235F,-1.1813859939575195,0.0
T235P,-2.8684539794921875,0.0
T235S,1.2355351448059082,0.0
T235W,-1.1348352432250977,0.0
T235Y,-0.34291911125183105,0.0
T235V,-0.9278607368469238,0.0
H236A,-0.34740519523620605,0.0
H236R,0.21698427200317383,0.0
H236N,-1.1979305744171143,0.0
H236D,-2.0960533618927,0.0
H236C,-1.4469492435455322,0.0
H236E,-2.311852216720581,0.0
H236Q,-0.2136082649230957,0.0
H236G,-2.15480637550354,0.0
H236I,0.9979472160339355,0.0
H236L,2.4401133060455322,0.0
H236K,-0.5383269786834717,0.0
H236M,2.992821216583252,0.0
H236F,-0.02248835563659668,0.0
H236P,-4.324736595153809,0.0
H236S,-0.6813094615936279,0.0
H236T,-0.7879073619842529,0.0
H236W,-1.2706029415130615,0.0
H236Y,-0.0361175537109375,0.0
H236V,0.3646688461303711,0.0
M237A,-4.419573783874512,0.0
M237R,-7.058161735534668,0.0
M237N,-7.692384719848633,0.0
M237D,-9.894408226013184,0.0
M237C,-4.891227722167969,0.0
M237E,-8.766493797302246,0.0
M237Q,-5.735282897949219,0.0
M237G,-7.180525779724121,0.0
M237H,-5.230154991149902,0.0
M237I,-1.147592544555664,0.0
M237L,1.001720905303955,0.0
M237K,-7.516200065612793,0.0
M237F,-2.056251287460327,0.0
M237P,-8.495125770568848,0.0
M237S,-5.713184356689453,0.0
M237T,-4.619113922119141,0.0
M237W,-5.488856315612793,0.0
M237Y,-3.749645471572876,0.0
M237V,-2.7258822917938232,0.0
L238A,-5.028530597686768,0.0
L238R,-6.477091312408447,0.0
L238N,-7.985771656036377,0.0
L238D,-8.91573715209961,0.0
L238C,-5.650287628173828,0.0
L238E,-7.267454147338867,0.0
L238Q,-6.132843971252441,0.0
L238G,-8.222858428955078,0.0
L238H,-6.880466461181641,0.0
L238I,-1.4866957664489746,0.0
L238K,-6.796331405639648,0.0
L238M,-0.42309385538101196,0.0
L238F,-3.2349040508270264,0.0
L238P,-8.439886093139648,0.0
L238S,-6.414638519287109,0.0
L238T,-5.699634552001953,0.0
L238W,-5.4101948738098145,0.0
L238Y,-4.9830169677734375,0.0
L238V,-2.80047607421875,0.0
N239A,-0.7896155118942261,0.0
N239R,-0.05440223217010498,0.0
N239D,-0.8718651533126831,0.0
N239C,-3.835512161254883,0.0
N239E,-0.37492358684539795,0.0
N239Q,0.235276460647583,0.0
N239G,-2.0609235763549805,0.0
N239H,-1.3062289953231812,0.0
N239I,-2.9092464447021484,0.0
N239L,-1.6068962812423706,0.0
N239K,-0.19346153736114502,0.0
N239M,-1.7288955450057983,0.0
N239F,-3.92557954788208,0.0
N239P,-5.0848188400268555,0.0
N239S,-0.8082903623580933,0.0
N239T,-1.4015659093856812,0.0
N239W,-4.501467227935791,0.0
N239Y,-2.68032169342041,0.0
N239V,-2.5491862297058105,0.0
G240A,2.7907156944274902,0.0
G240R,-3.9458768367767334,0.0
G240N,-1.9870750904083252,0.0
G240D,-3.1714484691619873,0.0
G240C,-1.6426184177398682,0.0
G240E,-2.5530736446380615,0.0
G240Q,-2.8101913928985596,0.0
G240H,-2.6337039470672607,0.0
G240I,-1.2427937984466553,0.0
G240L,-1.1307313442230225,0.0
G240K,-3.9990041255950928,0.0
G240M,-1.220895528793335,0.0
G240F,-2.419487714767456,0.0
G240P,-3.581583261489868,0.0
G240S,0.5719509124755859,0.0
G240T,-0.7253656387329102,0.0
G240W,-4.343291282653809,0.0
G240Y,-2.673762083053589,0.0
G240V,-0.13866901397705078,0.0
K241A,-3.144540786743164,0.0
K241R,-1.3900634050369263,0.0
K241N,-3.374305248260498,0.0
K241D,-4.994179725646973,0.0
K241C,-5.0199480056762695,0.0
K241E,-3.1589856147766113,0.0
K241Q,-2.190774917602539,0.0
K241G,-5.134662628173828,0.0
K241H,-3.2399563789367676,0.0
K241I,-2.681081771850586,0.0
K241L,-3.7307591438293457,0.0
K241M,-3.3739852905273438,0.0
K241F,-4.831198692321777,0.0
K241P,-4.272048473358154,0.0
K241S,-3.0317420959472656,0.0
K241T,-1.4148365259170532,0.0
K241W,-6.912726402282715,0.0
K241Y,-4.148897171020508,0.0
K241V,-2.450596332550049,0.0
D242A,-6.174820899963379,0.0
D242R,-5.533414840698242,0.0
D242N,-2.209824562072754,0.0
D242C,-7.053692817687988,0.0
D242E,-4.927351951599121,0.0
D242Q,-5.55497932434082,0.0
D242G,-6.611937522888184,0.0
D242H,-4.359814643859863,0.0
D242I,-6.413691520690918,0.0
D242L,-5.617585182189941,0.0
D242K,-5.181524753570557,0.0
D242M,-6.556929111480713,0.0
D242F,-6.877131462097168,0.0
D242P,-9.014002799987793,0.0
D242S,-4.132686138153076,0.0
D242T,-5.071041107177734,0.0
D242W,-7.969510555267334,0.0
D242Y,-5.9657135009765625,0.0
D242V,-6.429948806762695,0.0
P243A,-1.8184754848480225,0.0
P243R,-2.6911046504974365,0.0
P243N,-3.584817886352539,0.0
P243D,-2.0528404712677,0.0
P243C,-5.961910247802734,0.0
P243E,-1.256324052810669,0.0
P243Q,-2.6042418479919434,0.0
P243G,-3.872316360473633,0.0
P243H,-3.8866167068481445,0.0
P243I,-3.3191304206848145,0.0
P243L,-2.132803440093994,0.0
P243K,-1.0314619541168213,0.0
P243M,-3.2898359298706055,0.0
P243F,-3.9981517791748047,0.0
P243S,-2.264638900756836,0.0
P243T,-2.5047383308410645,0.0
P243W,-5.640233039855957,0.0
P243Y,-3.8041534423828125,0.0
P243V,-3.3642001152038574,0.0
E244A,-2.364706516265869,0.0
E244R,-2.9893860816955566,0.0
E244N,-2.4224002361297607,0.0
E244D,-1.696460485458374,0.0
E244C,-6.594535827636719,0.0
E244Q,-2.023776054382324,0.0
E244G,-4.349085330963135,0.0
E244H,-3.9360263347625732,0.0
E244I,-2.553556203842163,0.0
E244L,-1.7740871906280518,0.0
E244K,-1.3000783920288086,0.0
E244M,-3.5196073055267334,0.0
E244F,-4.178273677825928,0.0
E244P,-6.488496780395508,0.0
E244S,-3.2456486225128174,0.0
E244T,-2.7865889072418213,0.0
E244W,-6.45701789855957,0.0
E244Y,-4.311557769775391,0.0
E244V,-1.5433435440063477,0.0
T245A,-5.202848434448242,0.0
T245R,-5.844394683837891,0.0
T245N,-4.201172828674316,0.0
T245D,-5.612318992614746,0.0
T245C,-6.851493835449219,0.0
T245E,-6.148957252502441,0.0
T245Q,-6.55907678604126,0.0
T245G,-6.042524337768555,0.0
T245H,-6.784327507019043,0.0
T245I,-6.285897254943848,0.0
T245L,-4.983038425445557,0.0
T245K,-4.649666786193848,0.0
T245M,-6.962710857391357,0.0
T245F,-6.531980514526367,0.0
T245P,-8.02570915222168,0.0
T245S,-2.2607462406158447,0.0
T245W,-9.357317924499512,0.0
T245Y,-6.986551284790039,0.0
T245V,-6.334751129150391,0.0
G246A,-4.558008670806885,0.0
G246R,-3.9290521144866943,0.0
G246N,-3.367818593978882,0.0
G246D,-3.9575698375701904,0.0
G246C,-6.478749752044678,0.0
G246E,-3.7540459632873535,0.0
G246Q,-4.129452228546143,0.0
G246H,-4.547129154205322,0.0
G246I,-7.8478617668151855,0.0
G246L,-5.112448692321777,0.0
G246K,-2.794161319732666,0.0
G246M,-5.59023904800415,0.0
G246F,-6.443527698516846,0.0
G246P,-5.482992172241211,0.0
G246S,-4.442723274230957,0.0
G246T,-6.016576766967773,0.0
G246W,-7.901864528656006,0.0
G246Y,-6.550123691558838,0.0
G246V,-7.115591049194336,0.0
E247A,-2.1551566123962402,0.0
E247R,-1.851206660270691,0.0
E247N,-2.3045525550842285,0.0
E247D,-2.7920374870300293,0.0
E247C,-5.263334274291992,0.0
E247Q,-1.1428288221359253,0.0
E247G,-4.548473834991455,0.0
E247H,-3.2556824684143066,0.0
E247I,-3.238785743713379,0.0
E247L,-2.1324119567871094,0.0
E247K,-0.3531959056854248,0.0
E247M,-3.459883213043213,0.0
E247F,-3.793898582458496,0.0
E247P,-7.100605010986328,0.0
E247S,-3.3752756118774414,0.0
E247T,-2.6712594032287598,0.0
E247W,-6.110260009765625,0.0
E247Y,-3.2942075729370117,0.0
E247V,-3.0832157135009766,0.0
P248A,-1.1208670139312744,0.0
P248R,0.13077080249786377,0.0
P248N,-1.7032840251922607,0.0
P248D,-2.5335917472839355,0.0
P248C,-3.6050562858581543,0.0
P248E,-1.1347362995147705,0.0
P248Q,-1.3216831684112549,0.0
P248G,-0.7174673080444336,0.0
P248H,-1.8904409408569336,0.0
P248I,-2.278097629547119,0.0
P248L,-1.7244560718536377,0.0
P248K,0.7215993404388428,0.0
P248M,-2.438577175140381,0.0
P248F,-2.3875222206115723,0.0
P248S,-0.935697078704834,0.0
P248T,-1.210963487625122,0.0
P248W,-4.3094563484191895,0.0
P248Y,-2.144186496734619,0.0
P248V,-2.0138630867004395,0.0
L249A,-5.513203144073486,0.0
L249R,-4.81098747253418,0.0
L249N,-7.266323089599609,0.0
L249D,-8.625274658203125,0.0
L249C,-5.871462821960449,0.0
L249E,-7.1192193031311035,0.0
L249Q,-5.247803688049316,0.0
L249G,-7.765581130981445,0.0
L249H,-5.958065032958984,0.0
L249I,-1.2973614931106567,0.0
L249K,-5.155662536621094,0.0
L249M,-0.13928985595703125,0.0
L249F,-2.3190865516662598,0.0
L249P,-7.9805755615234375,0.0
L249S,-6.4192423820495605,0.0
L249T,-5.29426908493042,0.0
L249W,-4.5270161628723145,0.0
L249Y,-3.264033317565918,0.0
L249V,-3.2390265464782715,0.0
D250A,-1.6669156551361084,0.0
D250R,-1.0800330638885498,0.0
D250N,0.27756667137145996,0.0
D250C,-2.7682602405548096,0.0
D250E,-1.5911638736724854,0.0
D250Q,-2.3295581340789795,0.0
D250G,-0.7328083515167236,0.0
D250H,-1.7745697498321533,0.0
D250I,-3.2077200412750244,0.0
D250L,-2.4721519947052,0.0
D250K,-0.8967897891998291,0.0
D250M,-3.387270212173462,0.0
D250F,-3.2465593814849854,0.0
D250P,-1.3641059398651123,0.0
D250S,2.502042531967163,0.0
D250T,2.7550971508026123,0.0
D250W,-5.987664222717285,0.0
D250Y,-2.864185094833374,0.0
D250V,-2.8866899013519287,0.0
D251A,-2.578493356704712,0.0
D251R,-1.8807618618011475,0.0
D251N,-1.9659578800201416,0.0
D251C,-5.5104546546936035,0.0
D251E,-0.7182469367980957,0.0
D251Q,-2.356779098510742,0.0
D251G,-3.949188709259033,0.0
D251H,-2.4240095615386963,0.0
D251I,-1.3828768730163574,0.0
D251L,-0.9531693458557129,0.0
D251K,-2.100796699523926,0.0
D251M,-1.5664525032043457,0.0
D251F,-1.795238971710205,0.0
D251P,-2.5749573707580566,0.0
D251S,-2.76947021484375,0.0
D251T,-2.4739458560943604,0.0
D251W,-3.282294273376465,0.0
D251Y,-1.8810198307037354,0.0
D251V,-1.7014133930206299,0.0
E252A,-0.5972084999084473,0.0
E252R,-0.3854970932006836,0.0
E252N,-0.7446160316467285,0.0
E252D,-0.959850549697876,0.0
E252C,-5.225325584411621,0.0
E252Q,-1.2530081272125244,0.0
E252G,-1.909315824508667,0.0
E252H,-1.7058510780334473,0.0
E252I,-1.1664199829101562,0.0
E252L,-1.0614233016967773,0.0
E252K,-0.3457927703857422,0.0
E252M,-1.890974521636963,0.0
E252F,-1.9422366619110107,0.0
E252P,-4.498345851898193,0.0
E252S,-1.295670986175537,0.0
E252T,-1.0949923992156982,0.0
E252W,-3.271345615386963,0.0
E252Y,-1.7395787239074707,0.0
E252V,-0.9270119667053223,0.0
N253A,-1.966347575187683,0.0
N253R,-2.3603367805480957,0.0
N253D,-1.9412726163864136,0.0
N253C,-4.5977582931518555,0.0
N253E,-1.6117810010910034,0.0
N253Q,-0.6540650129318237,0.0
N253G,-2.5458812713623047,0.0
N253H,-1.6799191236495972,0.0
N253I,-1.2806915044784546,0.0
N253L,-0.9263662099838257,0.0
N253K,-2.735140323638916,0.0
N253M,-1.0989235639572144,0.0
N253F,-1.0639113187789917,0.0
N253P,-6.406182289123535,0.0
N253S,-2.0066704750061035,0.0
N253T,-1.4263209104537964,0.0
N253W,-3.178194522857666,0.0
N253Y,-1.6171377897262573,0.0
N253V,-1.4426981210708618,0.0
I254A,-3.76849627494812,0.0
I254R,-5.992091178894043,0.0
I254N,-6.978318214416504,0.0
I254D,-8.002931594848633,0.0
I254C,-5.702977180480957,0.0
I254E,-7.3338823318481445,0.0
I254Q,-6.113755226135254,0.0
I254G,-6.888193130493164,0.0
I254H,-6.901836395263672,0.0
I254L,-0.1578502655029297,0.0
I254K,-6.146785736083984,0.0
I254M,-2.0441396236419678,0.0
I254F,-3.6804072856903076,0.0
I254P,-7.859001159667969,0.0
I254S,-6.273769378662109,0.0
I254T,-4.431715965270996,0.0
I254W,-6.015215873718262,0.0
I254Y,-5.450316429138184,0.0
I254V,-1.374223232269287,0.0
R255A,-4.390264511108398,0.0
R255N,-4.20117712020874,0.0
R255D,-6.464572906494141,0.0
R255C,-5.468780994415283,0.0
R255E,-5.736819267272949,0.0
R255Q,-3.6520397663116455,0.0
R255G,-5.848800182342529,0.0
R255H,-4.143744468688965,0.0
R255I,-3.077754497528076,0.0
R255L,-3.121734380722046,0.0
R255K,-2.4389569759368896,0.0
R255M,-4.168539047241211,0.0
R255F,-5.475475788116455,0.0
R255P,-7.560293674468994,0.0
R255S,-4.686159610748291,0.0
R255T,-4.127010345458984,0.0
R255W,-6.271336078643799,0.0
R255Y,-5.073723793029785,0.0
R255V,-3.7696375846862793,0.0
Y256A,2.6507859230041504,0.0
Y256R,-0.027672290802001953,0.0
Y256N,3.63679575920105,0.0
Y256D,6.522695064544678,0.0
Y256C,0.23548078536987305,0.0
Y256E,2.0975632667541504,0.0
Y256Q,0.8121657371520996,0.0
Y256G,3.0879507064819336,0.0
Y256H,1.5040607452392578,0.0
Y256I,-1.26243257522583,0.0
Y256L,-1.0992164611816406,0.0
Y256K,-0.12862348556518555,0.0
Y256M,-0.7932920455932617,0.0
Y256F,-1.5758228302001953,0.0
Y256P,-1.8975954055786133,0.0
Y256S,3.0339884757995605,0.0
Y256T,1.1534442901611328,0.0
Y256W,-1.793461799621582,0.0
Y256V,-0.6094245910644531,0.0
Q257A,-4.031088829040527,0.0
Q257R,-6.972352504730225,0.0
Q257N,0.009026050567626953,0.0
Q257D,-3.1907033920288086,0.0
Q257C,-5.039267539978027,0.0
Q257E,-2.3527426719665527,0.0
Q257G,-4.620193958282471,0.0
Q257H,-2.2480878829956055,0.0
Q257I,-3.5030131340026855,0.0
Q257L,-3.7031474113464355,0.0
Q257K,-6.249785900115967,0.0
Q257M,-3.4398231506347656,0.0
Q257F,-5.354954242706299,0.0
Q257P,-5.976639270782471,0.0
Q257S,-3.489633560180664,0.0
Q257T,-2.7895731925964355,0.0
Q257W,-7.697280406951904,0.0
Q257Y,-5.3221116065979,0.0
Q257V,-4.108305931091309,0.0
I258A,-0.8603272438049316,0.0
I258R,-9.268982887268066,0.0
I258N,-5.4716715812683105,0.0
I258D,-8.308564186096191,0.0
I258C,-1.5535674095153809,0.0
I258E,-8.615933418273926,0.0
I258Q,-6.595383644104004,0.0
I258G,-3.4370689392089844,0.0
I258H,-7.271298408508301,0.0
I258L,0.11945772171020508,0.0
I258K,-9.891108512878418,0.0
I258M,-0.9961469173431396,0.0
I258F,-2.7947287559509277,0.0
I258P,-6.544003486633301,0.0
I258S,-2.423586845397949,0.0
I258T,-1.6999244689941406,0.0
I258W,-6.105926036834717,0.0
I258Y,-5.708151340484619,0.0
I258V,-0.13234615325927734,0.0
I259A,-1.2219550609588623,0.0
I259R,-2.5459113121032715,0.0
I259N,-1.4939963817596436,0.0
I259D,-3.1976146697998047,0.0
I259C,-3.2075257301330566,0.0
I259E,-2.9888734817504883,0.0
I259Q,-1.392868995666504,0.0
I259G,-2.533430576324463,0.0
I259H,-2.9929733276367188,0.0
I259L,0.37331533432006836,0.0
I259K,-2.2503280639648438,0.0
I259M,0.26410555839538574,0.0
I259F,-1.0210249423980713,0.0
I259P,-3.7984566688537598,0.0
I259S,-1.3147428035736084,0.0
I259T,-1.1245207786560059,0.0
I259W,-4.132724285125732,0.0
I259Y,-2.7554965019226074,0.0
I259V,-0.4737410545349121,0.0
T260A,-2.7693941593170166,0.0
T260R,-6.600283622741699,0.0
T260N,-2.5190553665161133,0.0
T260D,-5.797343730926514,0.0
T260C,-5.84649133682251,0.0
T260E,-6.502898216247559,0.0
T260Q,-4.699452877044678,0.0
T260G,-3.5477843284606934,0.0
T260H,-5.981904983520508,0.0
T260I,-2.4986884593963623,0.0
T260L,-2.3593554496765137,0.0
T260K,-7.109737396240234,0.0
T260M,-3.4692680835723877,0.0
T260F,-4.729095458984375,0.0
T260P,-5.318234443664551,0.0
T260S,-2.1800737380981445,0.0
T260W,-8.94361686706543,0.0
T260Y,-5.933238506317139,0.0
T260V,-2.548022747039795,0.0
F261A,-3.998936414718628,0.0
F261R,-7.819471836090088,0.0
F261N,-4.3336310386657715,0.0
F261D,-6.88930606842041,0.0
F261C,-5.886696815490723,0.0
F261E,-7.27318811416626,0.0
F261Q,-4.949093818664551,0.0
F261G,-5.070530891418457,0.0
F261H,-5.257383346557617,0.0
F261I,-1.631105661392212,0.0
F261L,-0.5389357209205627,0.0
F261K,-8.517606735229492,0.0
F261M,-1.2475428581237793,0.0
F261P,-6.049508571624756,0.0
F261S,-4.4795241355896,0.0
F261T,-3.634526014328003,0.0
F261W,-5.216481685638428,0.0
F261Y,-3.9648549556732178,0.0
F261V,-3.0303874015808105,0.0
L262A,-5.183940887451172,0.0
L262R,-9.652524948120117,0.0
L262N,-6.304327011108398,0.0
L262D,-9.75145149230957,0.0
L262C,-6.766357421875,0.0
L262E,-9.240187644958496,0.0
L262Q,-7.144655704498291,0.0
L262G,-7.140209197998047,0.0
L262H,-7.096802711486816,0.0
L262I,-2.2140331268310547,0.0
L262K,-9.986429214477539,0.0
L262M,-1.9476779699325562,0.0
L262F,-2.2658724784851074,0.0
L262P,-9.386148452758789,0.0
L262S,-6.04923152923584,0.0
L262T,-5.0812153816223145,0.0
L262W,-5.9906463623046875,0.0
L262Y,-4.550086498260498,0.0
L262V,-3.519331932067871,0.0
I263A,-1.5915439128875732,0.0
I263R,-5.533139228820801,0.0
I263N,-4.183773040771484,0.0
I263D,-6.332924842834473,0.0
I263C,-4.736625671386719,0.0
I263E,-5.764337539672852,0.0
I263Q,-4.237098693847656,0.0
I263G,-2.98870587348938,0.0
I263H,-5.6275129318237305,0.0
I263L,-0.2679471969604492,0.0
I263K,-5.928853988647461,0.0
I263M,-1.5573844909667969,0.0
I263F,-0.9649741649627686,0.0
I263P,-5.536416053771973,0.0
I263S,-3.222562074661255,0.0
I263T,-2.0567686557769775,0.0
I263W,-5.136666297912598,0.0
I263Y,-4.718131065368652,0.0
I263V,-0.6470997333526611,0.0
A264R,-8.950878143310547,0.0
A264N,-8.055070877075195,0.0
A264D,-6.690967082977295,0.0
A264C,-8.353663444519043,0.0
A264E,-5.042398929595947,0.0
A264Q,-7.9140849113464355,0.0
A264G,-3.0600600242614746,0.0
A264H,-9.45893383026123,0.0
A264I,-7.999128341674805,0.0
A264L,-8.89078140258789,0.0
A264K,-9.622360229492188,0.0
A264M,-7.962014198303223,0.0
A264F,-8.692602157592773,0.0
A264P,-6.994337558746338,0.0
A264S,-4.751399993896484,0.0
A264T,-4.872300148010254,0.0
A264W,-12.675888061523438,0.0
A264Y,-9.509191513061523,0.0
A264V,-6.047247409820557,0.0
G265A,-4.596392631530762,0.0
G265R,-9.620588302612305,0.0
G265N,-9.71430778503418,0.0
G265D,-9.509875297546387,0.0
G265C,-9.042016983032227,0.0
G265E,-9.10665225982666,0.0
G265Q,-10.926250457763672,0.0
G265H,-11.817634582519531,0.0
G265I,-11.295019149780273,0.0
G265L,-10.659612655639648,0.0
G265K,-12.058584213256836,0.0
G265M,-11.04047966003418,0.0
G265F,-11.038966178894043,0.0
G265P,-11.192239761352539,0.0
G265S,-5.059159278869629,0.0
G265T,-8.242805480957031,0.0
G265W,-12.045851707458496,0.0
G265Y,-11.780369758605957,0.0
G265V,-9.96323299407959,0.0
H266A,-5.734943389892578,0.0
H266R,-3.411221504211426,0.0
H266N,-3.509711265563965,0.0
H266D,-7.236387252807617,0.0
H266C,-7.916061878204346,0.0
H266E,-6.451359748840332,0.0
H266Q,-3.4571876525878906,0.0
H266G,-5.64237642288208,0.0
H266I,-5.459787845611572,0.0
H266L,-5.00488805770874,0.0
H266K,-5.76026725769043,0.0
H266M,-5.454556941986084,0.0
H266F,-3.2806379795074463,0.0
H266P,-7.342279434204102,0.0
H266S,-3.9300076961517334,0.0
H266T,-4.698142051696777,0.0
H266W,-7.204748153686523,0.0
H266Y,-2.5174057483673096,0.0
H266V,-5.49368953704834,0.0
E267A,-6.288135528564453,0.0
E267R,-8.391425132751465,0.0
E267N,-5.8806986808776855,0.0
E267D,-1.9553943872451782,0.0
E267C,-9.642245292663574,0.0
E267Q,-5.399140357971191,0.0
E267G,-5.959537029266357,0.0
E267H,-5.643615245819092,0.0
E267I,-7.7166595458984375,0.0
E267L,-7.652440547943115,0.0
E267K,-7.034551620483398,0.0
E267M,-8.26976203918457,0.0
E267F,-8.248619079589844,0.0
E267P,-7.903486728668213,0.0
E267S,-6.226905345916748,0.0
E267T,-6.406194686889648,0.0
E267W,-9.678356170654297,0.0
E267Y,-7.143832206726074,0.0
E267V,-6.733426570892334,0.0
T268A,-4.903088092803955,0.0
T268R,-9.636281967163086,0.0
T268N,-5.893928527832031,0.0
T268D,-9.065474510192871,0.0
T268C,-8.542610168457031,0.0
T268E,-8.798230171203613,0.0
T268Q,-8.379486083984375,0.0
T268G,-6.777984619140625,0.0
T268H,-9.768856048583984,0.0
T268I,-6.867969989776611,0.0
T268L,-7.529677391052246,0.0
T268K,-9.207367897033691,0.0
T268M,-7.138271331787109,0.0
T268F,-9.205787658691406,0.0
T268P,-5.067859649658203,0.0
T268S,-3.506828784942627,0.0
T268W,-11.759586334228516,0.0
T268Y,-9.712308883666992,0.0
T268V,-6.127901554107666,0.0
T269A,-4.166840553283691,0.0
T269R,-8.169723510742188,0.0
T269N,-5.176834583282471,0.0
T269D,-8.424598693847656,0.0
T269C,-7.280027389526367,0.0
T269E,-7.941126346588135,0.0
T269Q,-6.989642143249512,0.0
T269G,-6.239004611968994,0.0
T269H,-8.176197052001953,0.0
T269I,-3.978236198425293,0.0
T269L,-5.081169128417969,0.0
T269K,-8.248504638671875,0.0
T269M,-5.047556400299072,0.0
T269F,-7.784309387207031,0.0
T269P,-6.01882266998291,0.0
T269S,-2.111968994140625,0.0
T269W,-10.725810050964355,0.0
T269Y,-8.367857933044434,0.0
T269V,-3.554253101348877,0.0
S270A,0.9358447194099426,0.0
S270R,-4.412051200866699,0.0
S270N,-4.550741195678711,0.0
S270D,-6.620615005493164,0.0
S270C,-4.933260917663574,0.0
S270E,-5.870304107666016,0.0
S270Q,-5.299816131591797,0.0
S270G,-1.6741182804107666,0.0
S270H,-6.059454917907715,0.0
S270I,-4.587493896484375,0.0
S270L,-5.427474021911621,0.0
S270K,-4.71693229675293,0.0
S270M,-4.884757995605469,0.0
S270F,-5.9446210861206055,0.0
S270P,-5.583772659301758,0.0
S270T,-1.8263437747955322,0.0
S270W,-7.15692138671875,0.0
S270Y,-6.266082763671875,0.0
S270V,-3.0176684856414795,0.0
G271A,0.3545265197753906,0.0
G271R,-2.191287040710449,0.0
G271N,1.2377614974975586,0.0
G271D,-3.121534824371338,0.0
G271C,-2.9230408668518066,0.0
G271E,-3.7743334770202637,0.0
G271Q,-2.2795143127441406,0.0
G271H,-1.3561453819274902,0.0
G271I,-0.7323956489562988,0.0
G271L,-1.4283943176269531,0.0
G271K,-2.7064242362976074,0.0
G271M,-1.4605145454406738,0.0
G271F,-2.7911376953125,0.0
G271P,-4.0205607414245605,0.0
G271S,1.6343879699707031,0.0
G271T,1.7530064582824707,0.0
G271W,-4.388367176055908,0.0
G271Y,-2.18302583694458,0.0
G271V,-0.6895685195922852,0.0
L272A,2.2922134399414062,0.0
L272R,-5.189327239990234,0.0
L272N,-3.0726993083953857,0.0
L272D,-5.751980781555176,0.0
L272C,-1.6164486408233643,0.0
L272E,-5.457431793212891,0.0
L272Q,-2.8120973110198975,0.0
L272G,0.06810116767883301,0.0
L272H,-4.760385513305664,0.0
L272I,-1.638702154159546,0.0
L272K,-6.084705352783203,0.0
L272M,-0.8105664253234863,0.0
L272F,-2.756793260574341,0.0
L272P,-4.556035995483398,0.0
L272S,1.0609076023101807,0.0
L272T,1.1000640392303467,0.0
L272W,-5.07418155670166,0.0
L272Y,-3.6349642276763916,0.0
L272V,-0.573805570602417,0.0
L273A,-4.417330265045166,0.0
L273R,-9.919920921325684,0.0
L273N,-7.512015342712402,0.0
L273D,-10.195119857788086,0.0
L273C,-5.390957355499268,0.0
L273E,-9.238043785095215,0.0
L273Q,-7.464599609375,0.0
L273G,-7.26936674118042,0.0
L273H,-8.661979675292969,0.0
L273I,-2.5296008586883545,0.0
L273K,-10.3123779296875,0.0
L273M,-2.4546453952789307,0.0
L273F,-4.668149948120117,0.0
L273P,-9.041154861450195,0.0
L273S,-4.732089042663574,0.0
L273T,-3.941882610321045,0.0
L273W,-8.293708801269531,0.0
L273Y,-6.792161464691162,0.0
L273V,-3.7621965408325195,0.0
S274A,-1.3259079456329346,0.0
S274R,-3.7287094593048096,0.0
S274N,-3.5466716289520264,0.0
S274D,-6.423687934875488,0.0
S274C,-2.396751880645752,0.0
S274E,-5.647774696350098,0.0
S274Q,-4.074361801147461,0.0
S274G,-1.9344162940979004,0.0
S274H,-5.361989974975586,0.0
S274I,-4.3423309326171875,0.0
S274L,-4.294980049133301,0.0
S274K,-5.321301460266113,0.0
S274M,-4.0327959060668945,0.0
S274F,-5.502375602722168,0.0
S274P,-5.7345476150512695,0.0
S274T,-0.41236066818237305,0.0
S274W,-6.608948707580566,0.0
S274Y,-5.610939025878906,0.0
S274V,-3.5952651500701904,0.0
F275A,-2.7352209091186523,0.0
F275R,-3.039757251739502,0.0
F275N,-2.723295211791992,0.0
F275D,-6.70904541015625,0.0
F275C,-3.5403714179992676,0.0
F275E,-5.889544486999512,0.0
F275Q,-4.483780384063721,0.0
F275G,-2.466226577758789,0.0
F275H,-2.5529823303222656,0.0
F275I,-3.9032135009765625,0.0
F275L,-3.0545878410339355,0.0
F275K,-5.558945178985596,0.0
F275M,-3.076165199279785,0.0
F275P,-8.400200843811035,0.0
F275S,-2.829329013824463,0.0
F275T,-3.2490029335021973,0.0
F275W,0.052809715270996094,0.0
F275Y,-0.5681719779968262,0.0
F275V,-3.9186043739318848,0.0
A276R,-8.288599014282227,0.0
A276N,-4.33117151260376,0.0
A276D,-7.291687488555908,0.0
A276C,-1.532390832901001,0.0
A276E,-6.608762264251709,0.0
A276Q,-5.547966957092285,0.0
A276G,-2.000854015350342,0.0
A276H,-6.162173748016357,0.0
A276I,-1.2118504047393799,0.0
A276L,-1.1991708278656006,0.0
A276K,-8.76919174194336,0.0
A276M,-1.7845458984375,0.0
A276F,-1.882256269454956,0.0
A276P,-5.66315221786499,0.0
A276S,-0.9176092147827148,0.0
A276T,0.6091323494911194,0.0
A276W,-5.137695789337158,0.0
A276Y,-4.416276931762695,0.0
A276V,-0.9183480739593506,0.0
L277A,-2.366969585418701,0.0
L277R,-6.393200397491455,0.0
L277N,-5.143864631652832,0.0
L277D,-7.583193302154541,0.0
L277C,-3.268202304840088,0.0
L277E,-6.346659183502197,0.0
L277Q,-5.719719886779785,0.0
L277G,-4.961350917816162,0.0
L277H,-3.9256744384765625,0.0
L277I,-1.291329026222229,0.0
L277K,-7.137053966522217,0.0
L277M,-1.8962851762771606,0.0
L277F,0.185164213180542,0.0
L277P,-8.331672668457031,0.0
L277S,-3.437072277069092,0.0
L277T,-1.0449100732803345,0.0
L277W,-0.8786870241165161,0.0
L277Y,-1.126940369606018,0.0
L277V,-1.2996174097061157,0.0
Y278A,-4.246519088745117,0.0
Y278R,-4.959708213806152,0.0
Y278N,-4.348405361175537,0.0
Y278D,-5.091605186462402,0.0
Y278C,-5.4164886474609375,0.0
Y278E,-5.241360664367676,0.0
Y278Q,-4.705906391143799,0.0
Y278G,-5.812738418579102,0.0
Y278H,-2.4035396575927734,0.0
Y278I,-5.080249309539795,0.0
Y278L,-3.6716806888580322,0.0
Y278K,-5.05985164642334,0.0
Y278M,-4.712369441986084,0.0
Y278F,-2.2669501304626465,0.0
Y278P,-7.500638961791992,0.0
Y278S,-4.369487762451172,0.0
Y278T,-4.711256504058838,0.0
Y278W,-2.591986656188965,0.0
Y278V,-4.967402935028076,0.0
F279A,-0.31264567375183105,0.0
F279R,-1.0816707611083984,0.0
F279N,0.7991592884063721,0.0
F279D,-1.4373102188110352,0.0
F279C,-0.5717453956604004,0.0
F279E,1.156490445137024,0.0
F279Q,0.27557373046875,0.0
F279G,-2.3197107315063477,0.0
F279H,0.6341760158538818,0.0
F279I,-1.6066474914550781,0.0
F279L,1.7955043315887451,0.0
F279K,-1.043436050415039,0.0
F279M,-0.0731205940246582,0.0
F279P,-3.750791549682617,0.0
F279S,-0.476001501083374,0.0
F279T,-0.16427350044250488,0.0
F279W,-1.9080219268798828,0.0
F279Y,0.5469005107879639,0.0
F279V,-1.2790355682373047,0.0
L280A,-4.467658042907715,0.0
L280R,-10.709846496582031,0.0
L280N,-9.957910537719727,0.0
L280D,-10.567983627319336,0.0
L280C,-6.097600936889648,0.0
L280E,-9.829050064086914,0.0
L280Q,-8.110112190246582,0.0
L280G,-7.6192626953125,0.0
L280H,-8.221590042114258,0.0
L280I,-2.867560625076294,0.0
L280K,-11.197179794311523,0.0
L280M,-3.3241543769836426,0.0
L280F,-4.463387489318848,0.0
L280P,-8.41414737701416,0.0
L280S,-7.279701232910156,0.0
L280T,-6.619349002838135,0.0
L280W,-9.046497344970703,0.0
L280Y,-7.230935096740723,0.0
L280V,-3.972757577896118,0.0
V281A,2.873037338256836,0.0
V281R,-3.504680633544922,0.0
V281N,-1.031477451324463,0.0
V281D,-1.6003079414367676,0.0
V281C,0.34237098693847656,0.0
V281E,-1.9318675994873047,0.0
V281Q,-1.664048671722412,0.0
V281G,0.8591294288635254,0.0
V281H,-1.428532600402832,0.0
V281I,-0.5809817314147949,0.0
V281L,0.9942586421966553,0.0
V281K,-3.905670166015625,0.0
V281M,-0.0056302547454833984,0.0
V281F,-1.7686161994934082,0.0
V281P,-3.873723030090332,0.0
V281S,2.41951584815979,0.0
V281T,0.7000913619995117,0.0
V281W,-4.477972984313965,0.0
V281Y,-2.424130916595459,0.0
K282A,-2.702392101287842,0.0
K282R,-0.2503666877746582,0.0
K282N,-1.391743779182434,0.0
K282D,-2.8312883377075195,0.0
K282C,-4.01513671875,0.0
K282E,-1.2761112451553345,0.0
K282Q,-0.5788769721984863,0.0
K282G,-3.588919162750244,0.0
K282H,-2.2650723457336426,0.0
K282I,-4.426669597625732,0.0
K282L,-2.868269920349121,0.0
K282M,-3.243053913116455,0.0
K282F,-5.320943355560303,0.0
K282P,-7.6483588218688965,0.0
K282S,-1.7828680276870728,0.0
K282T,-1.6081100702285767,0.0
K282W,-6.973888874053955,0.0
K282Y,-5.077657699584961,0.0
K282V,-3.944366931915283,0.0
N283A,-4.549671649932861,0.0
N283R,-3.4730210304260254,0.0
N283D,-2.809610366821289,0.0
N283C,-5.527884483337402,0.0
N283E,-3.627936363220215,0.0
N283Q,-2.6211109161376953,0.0
N283G,-7.183343887329102,0.0
N283H,0.040328025817871094,0.0
N283I,-7.888057708740234,0.0
N283L,-6.539980411529541,0.0
N283K,-4.050447463989258,0.0
N283M,-6.3351359367370605,0.0
N283F,-4.788923740386963,0.0
N283P,-10.219073295593262,0.0
N283S,-3.703289031982422,0.0
N283T,-4.90294885635376,0.0
N283W,-6.6109137535095215,0.0
N283Y,-1.8724967241287231,0.0
N283V,-7.37160587310791,0.0
P284A,-5.008876800537109,0.0
P284R,-3.7496414184570312,0.0
P284N,-6.12384033203125,0.0
P284D,-5.8237409591674805,0.0
P284C,-8.767824172973633,0.0
P284E,-4.256601333618164,0.0
P284Q,-2.585618734359741,0.0
P284G,-6.750605583190918,0.0
P284H,-5.505312919616699,0.0
P284I,-6.88712215423584,0.0
P284L,-6.409702301025391,0.0
P284K,-3.5906496047973633,0.0
P284M,-7.272823333740234,0.0
P284F,-8.010772705078125,0.0
P284S,-4.753209114074707,0.0
P284T,-5.467372894287109,0.0
P284W,-8.933952331542969,0.0
P284Y,-7.206147193908691,0.0
P284V,-6.544384956359863,0.0
H285A,0.9510900974273682,0.0
H285R,0.06099104881286621,0.0
H285N,-0.21302509307861328,0.0
H285D,1.3714653253555298,0.0
H285C,-4.029507637023926,0.0
H285E,2.136099338531494,0.0
H285Q,0.9340121746063232,0.0
H285G,0.22258877754211426,0.0
H285I,-1.5584676265716553,0.0
H285L,-0.4593968391418457,0.0
H285K,0.7090499401092529,0.0
H285M,-2.054857015609741,0.0
H285F,-2.1161916255950928,0.0
H285P,-1.9615733623504639,0.0
H285S,0.09385299682617188,0.0
H285T,-0.27268004417419434,0.0
H285W,-2.54075026512146,0.0
H285Y,-1.8138272762298584,0.0
H285V,-0.38659119606018066,0.0
V286A,-1.2058464288711548,0.0
V286R,-3.3702774047851562,0.0
V286N,-4.518311500549316,0.0
V286D,-3.7761993408203125,0.0
V286C,-3.1206908226013184,0.0
V286E,-2.161940574645996,0.0
V286Q,-1.888626217842102,0.0
V286G,-5.037011623382568,0.0
V286H,-3.2804994583129883,0.0
V286I,-0.9864977598190308,0.0
V286L,-2.123048782348633,0.0
V286K,-1.6454254388809204,0.0
V286M,-2.9924659729003906,0.0
V286F,-4.012360095977783,0.0
V286P,-5.466526985168457,0.0
V286S,-3.254965305328369,0.0
V286T,-2.0178351402282715,0.0
V286W,-4.920226097106934,0.0
V286Y,-2.761828899383545,0.0
L287A,-1.8816144466400146,0.0
L287R,-1.282148838043213,0.0
L287N,-4.475311279296875,0.0
L287D,-5.967321395874023,0.0
L287C,-2.952533721923828,0.0
L287E,-2.0766162872314453,0.0
L287Q,-0.5811858177185059,0.0
L287G,-4.384045600891113,0.0
L287H,-2.473480224609375,0.0
L287I,-1.809025764465332,0.0
L287K,-2.148822069168091,0.0
L287M,-0.16027307510375977,0.0
L287F,-1.9884085655212402,0.0
L287P,-6.4182868003845215,0.0
L287S,-3.8121094703674316,0.0
L287T,-3.852031707763672,0.0
L287W,-2.6537537574768066,0.0
L287Y,-0.6823484897613525,0.0
L287V,-1.688640832901001,0.0
Q288A,-0.3387526273727417,0.0
Q288R,-0.9471906423568726,0.0
Q288N,-1.4827378988265991,0.0
Q288D,-0.6235893964767456,0.0
Q288C,-5.5014166831970215,0.0
Q288E,0.6556680202484131,0.0
Q288G,-2.4234399795532227,0.0
Q288H,-2.8526906967163086,0.0
Q288I,-4.5431437492370605,0.0
Q288L,-3.6711935997009277,0.0
Q288K,0.3564286231994629,0.0
Q288M,-4.536756992340088,0.0
Q288F,-7.094307899475098,0.0
Q288P,-4.103054523468018,0.0
Q288S,-1.6054943799972534,0.0
Q288T,-1.6711786985397339,0.0
Q288W,-6.777557373046875,0.0
Q288Y,-5.949761867523193,0.0
Q288V,-3.4403343200683594,0.0
K289A,-2.6590614318847656,0.0
K289R,-1.1238770484924316,0.0
K289N,-3.8377676010131836,0.0
K289D,-4.169978141784668,0.0
K289C,-6.393233776092529,0.0
K289E,-1.9486637115478516,0.0
K289Q,-1.8058741092681885,0.0
K289G,-4.760415077209473,0.0
K289H,-4.300708770751953,0.0
K289I,-4.717271327972412,0.0
K289L,-4.377485752105713,0.0
K289M,-4.623551845550537,0.0
K289F,-7.272709846496582,0.0
K289P,-6.458348274230957,0.0
K289S,-3.9234089851379395,0.0
K289T,-3.1779162883758545,0.0
K289W,-6.590861797332764,0.0
K289Y,-6.172981262207031,0.0
K289V,-4.368535995483398,0.0
A290R,-5.281674861907959,0.0
A290N,-5.762552738189697,0.0
A290D,-7.335139274597168,0.0
A290C,-1.8374301195144653,0.0
A290E,-5.712335586547852,0.0
A290Q,-4.296856880187988,0.0
A290G,-4.177457332611084,0.0
A290H,-5.489750385284424,0.0
A290I,-1.2820326089859009,0.0
A290L,0.8295497894287109,0.0
A290K,-5.42689323425293,0.0
A290M,-1.5916844606399536,0.0
A290F,-3.2958340644836426,0.0
A290P,-6.522515296936035,0.0
A290S,-3.8940391540527344,0.0
A290T,-2.5168814659118652,0.0
A290W,-6.4956560134887695,0.0
A290Y,-3.5301694869995117,0.0
A290V,0.13980746269226074,0.0
A291R,5.024475574493408,0.0
A291N,1.0092339515686035,0.0
A291D,-1.54437255859375,0.0
A291C,0.11154651641845703,0.0
A291E,1.1152491569519043,0.0
A291Q,3.4346985816955566,0.0
A291G,-1.1369495391845703,0.0
A291H,2.783454418182373,0.0
A291I,-0.26434946060180664,0.0
A291L,-0.05999898910522461,0.0
A291K,3.5303778648376465,0.0
A291M,-0.2871127128601074,0.0
A291F,0.18725872039794922,0.0
A291P,-3.862018585205078,0.0
A291S,0.20969486236572266,0.0
A291T,1.1242618560791016,0.0
A291W,-1.0395545959472656,0.0
A291Y,2.2976670265197754,0.0
A291V,0.9780058860778809,0.0
E292A,-1.945804476737976,0.0
E292R,-3.570033550262451,0.0
E292N,-3.4460458755493164,0.0
E292D,-0.9002673625946045,0.0
E292C,-7.0878753662109375,0.0
E292Q,-2.1313161849975586,0.0
E292G,-4.562410354614258,0.0
E292H,-4.836437702178955,0.0
E292I,-4.8608174324035645,0.0
E292L,-4.049007415771484,0.0
E292K,-2.464885711669922,0.0
E292M,-5.187638759613037,0.0
E292F,-7.339312553405762,0.0
E292P,-6.871049880981445,0.0
E292S,-3.5948634147644043,0.0
E292T,-3.382363796234131,0.0
E292W,-8.7608642578125,0.0
E292Y,-6.52030086517334,0.0
E292V,-3.8178772926330566,0.0
E293A,-7.019635200500488,0.0
E293R,-8.950340270996094,0.0
E293N,-7.452478885650635,0.0
E293D,-4.825728416442871,0.0
E293C,-9.538542747497559,0.0
E293Q,-6.263785362243652,0.0
E293G,-7.42826509475708,0.0
E293H,-8.377054214477539,0.0
E293I,-8.342056274414062,0.0
E293L,-8.715102195739746,0.0
E293K,-7.5070271492004395,0.0
E293M,-9.574127197265625,0.0
E293F,-10.409379959106445,0.0
E293P,-10.398948669433594,0.0
E293S,-7.373448848724365,0.0
E293T,-7.456206321716309,0.0
E293W,-11.245891571044922,0.0
E293Y,-9.215786933898926,0.0
E293V,-7.879805564880371,0.0
A294R,-3.8517038822174072,0.0
A294N,-3.2954208850860596,0.0
A294D,-6.237433433532715,0.0
A294C,-1.989820957183838,0.0
A294E,-4.608869552612305,0.0
A294Q,-2.615328073501587,0.0
A294G,-3.6835367679595947,0.0
A294H,-3.929283380508423,0.0
A294I,-0.49071431159973145,0.0
A294L,-1.3032426834106445,0.0
A294K,-4.161323547363281,0.0
A294M,-2.6916615962982178,0.0
A294F,-4.046018600463867,0.0
A294P,-5.49420166015625,0.0
A294S,-1.1179301738739014,0.0
A294T,-0.1785597801208496,0.0
A294W,-7.315586090087891,0.0
A294Y,-4.00440788269043,0.0
A294V,0.8066248893737793,0.0
A295R,2.339834451675415,0.0
A295N,1.0888864994049072,0.0
A295D,4.364909648895264,0.0
A295C,-1.6749844551086426,0.0
A295E,1.4883842468261719,0.0
A295Q,0.6337823867797852,0.0
A295G,-0.6310229301452637,0.0
A295H,0.053227901458740234,0.0
A295I,-1.7417950630187988,0.0
A295L,-0.9556403160095215,0.0
A295K,0.8977329730987549,0.0
A295M,-1.8523802757263184,0.0
A295F,-2.5607872009277344,0.0
A295P,-2.8960394859313965,0.0
A295S,0.44611120223999023,0.0
A295T,-0.15254735946655273,0.0
A295W,-2.844420909881592,0.0
A295Y,-0.972719669342041,0.0
A295V,-1.1978001594543457,0.0
R296A,1.5923442840576172,0.0
R296N,0.15560674667358398,0.0
R296D,0.46650171279907227,0.0
R296C,-2.9615445137023926,0.0
R296E,1.6643638610839844,0.0
R296Q,0.9229307174682617,0.0
R296G,-0.16852283477783203,0.0
R296H,-1.3349108695983887,0.0
R296I,-3.1545252799987793,0.0
R296L,-1.8966565132141113,0.0
R296K,0.7383766174316406,0.0
R296M,-2.367216110229492,0.0
R296F,-3.968413829803467,0.0
R296P,-2.7251524925231934,0.0
R296S,2.077261447906494,0.0
R296T,0.7768077850341797,0.0
R296W,-4.9418768882751465,0.0
R296Y,-3.819704532623291,0.0
R296V,-1.8804817199707031,0.0
V297A,-1.972038984298706,0.0
V297R,-4.584403991699219,0.0
V297N,-4.599815845489502,0.0
V297D,-5.163086891174316,0.0
V297C,-4.1679840087890625,0.0
V297E,-3.82334303855896,0.0
V297Q,-4.353480815887451,0.0
V297G,-5.094155311584473,0.0
V297H,-4.0838236808776855,0.0
V297I,-2.0033135414123535,0.0
V297L,-2.4421889781951904,0.0
V297K,-4.391298294067383,0.0
V297M,-3.964308977127075,0.0
V297F,-3.9071261882781982,0.0
V297P,-5.884875297546387,0.0
V297S,-3.9134037494659424,0.0
V297T,-3.155132293701172,0.0
V297W,-6.832839012145996,0.0
V297Y,-4.287785053253174,0.0
L298A,-2.088791847229004,0.0
L298R,-3.2809112071990967,0.0
L298N,-2.8644492626190186,0.0
L298D,-2.1770806312561035,0.0
L298C,-1.6827330589294434,0.0
L298E,-2.6667373180389404,0.0
L298Q,-3.486586332321167,0.0
L298G,-1.8621087074279785,0.0
L298H,-3.5217959880828857,0.0
L298I,-1.6542437076568604,0.0
L298K,-3.2102468013763428,0.0
L298M,-2.0525949001312256,0.0
L298F,-0.4548070430755615,0.0
L298P,-2.508432149887085,0.0
L298S,-2.5062568187713623,0.0
L298T,-2.3013410568237305,0.0
L298W,-3.2388198375701904,0.0
L298Y,-2.447329521179199,0.0
L298V,-1.587646722793579,0.0
V299A,2.813302516937256,0.0
V299R,2.914097785949707,0.0
V299N,3.6395397186279297,0.0
V299D,3.1542439460754395,0.0
V299C,-0.10207891464233398,0.0
V299E,2.5080056190490723,0.0
V299Q,2.8009681701660156,0.0
V299G,5.546443939208984,0.0
V299H,2.512289047241211,0.0
V299I,-1.015334129333496,0.0
V299L,0.6552639007568359,0.0
V299K,4.043121337890625,0.0
V299M,-0.5645055770874023,0.0
V299F,-0.6571664810180664,0.0
V299P,3.8735146522521973,0.0
V299S,2.962007522583008,0.0
V299T,1.7536563873291016,0.0
V299W,-1.6721525192260742,0.0
V299Y,0.020386695861816406,0.0
D300A,-3.3318934440612793,0.0
D300R,-4.136779308319092,0.0
D300N,-1.2476189136505127,0.0
D300C,-5.991302490234375,0.0
D300E,-1.7437745332717896,0.0
D300Q,-3.4987382888793945,0.0
D300G,-1.3019567728042603,0.0
D300H,-3.503232479095459,0.0
D300I,-5.99159574508667,0.0
D300L,-5.056778907775879,0.0
D300K,-2.887401580810547,0.0
D300M,-6.0152459144592285,0.0
D300F,-6.577061176300049,0.0
D300P,-3.6026930809020996,0.0
D300S,-2.595499038696289,0.0
D300T,-3.162116050720215,0.0
D300W,-7.4947967529296875,0.0
D300Y,-5.7370781898498535,0.0
D300V,-5.0765509605407715,0.0
P301A,0.7138800621032715,0.0
P301R,2.9237234592437744,0.0
P301N,1.8456106185913086,0.0
P301D,2.5621519088745117,0.0
P301C,-1.0945396423339844,0.0
P301E,2.697558879852295,0.0
P301Q,1.4997291564941406,0.0
P301G,2.8419158458709717,0.0
P301H,0.8792657852172852,0.0
P301I,-2.5021018981933594,0.0
P301L,-1.3283891677856445,0.0
P301K,2.2563540935516357,0.0
P301M,-1.8899040222167969,0.0
P301F,-2.018878936767578,0.0
P301S,1.514791488647461,0.0
P301T,0.6805517673492432,0.0
P301W,-3.324220657348633,0.0
P301Y,-1.3314704895019531,0.0
P301V,-1.1113576889038086,0.0
V302A,0.17110943794250488,0.0
V302R,-1.0848686695098877,0.0
V302N,-0.9232800006866455,0.0
V302D,-0.2487318515777588,0.0
V302C,-2.5611283779144287,0.0
V302E,0.4419820308685303,0.0
V302Q,-0.2805511951446533,0.0
V302G,-1.4110987186431885,0.0
V302H,-1.7296292781829834,0.0
V302I,-0.4310154914855957,0.0
V302L,0.8329507112503052,0.0
V302K,-0.15171027183532715,0.0
V302M,-0.7128918170928955,0.0
V302F,-1.4597947597503662,0.0
V302P,0.4203922748565674,0.0
V302S,-0.21995329856872559,0.0
V302T,0.07482504844665527,0.0
V302W,-2.8877856731414795,0.0
V302Y,-1.5487430095672607,0.0
P303A,-3.1534411907196045,0.0
P303R,-6.81440544128418,0.0
P303N,-7.282602787017822,0.0
P303D,-7.003557205200195,0.0
P303C,-5.771751880645752,0.0
P303E,-6.353433609008789,0.0
P303Q,-6.551911354064941,0.0
P303G,-5.952452182769775,0.0
P303H,-6.669284820556641,0.0
P303I,-2.838200092315674,0.0
P303L,-2.654416084289551,0.0
P303K,-6.5341267585754395,0.0
P303M,-4.299806594848633,0.0
P303F,-4.091938018798828,0.0
P303S,-5.472156524658203,0.0
P303T,-4.929793357849121,0.0
P303W,-5.9905829429626465,0.0
P303Y,-4.721299171447754,0.0
P303V,-2.3762736320495605,0.0
S304A,-2.4708025455474854,0.0
S304R,-2.845452070236206,0.0
S304N,-0.7445576190948486,0.0
S304D,0.06071758270263672,0.0
S304C,-3.585472345352173,0.0
S304E,-0.8802280426025391,0.0
S304Q,-2.4797747135162354,0.0
S304G,-2.2126643657684326,0.0
S304H,-3.1700546741485596,0.0
S304I,-3.8163645267486572,0.0
S304L,-3.1621816158294678,0.0
S304K,-2.002963066101074,0.0
S304M,-4.235114097595215,0.0
S304F,-4.719276428222656,0.0
S304P,-3.437387228012085,0.0
S304T,0.7202408313751221,0.0
S304W,-6.168825149536133,0.0
S304Y,-3.8845512866973877,0.0
S304V,-3.044872522354126,0.0
Y305A,-3.149047374725342,0.0
Y305R,-4.732547760009766,0.0
Y305N,-4.581543922424316,0.0
Y305D,-5.0554046630859375,0.0
Y305C,-4.691373348236084,0.0
Y305E,-4.550792694091797,0.0
Y305Q,-4.350673675537109,0.0
Y305G,-4.609395980834961,0.0
Y305H,-4.105894088745117,0.0
Y305I,-2.958475112915039,0.0
Y305L,-2.016423225402832,0.0
Y305K,-4.648796558380127,0.0
Y305M,-2.1663641929626465,0.0
Y305F,-1.0456714630126953,0.0
Y305P,-4.644570350646973,0.0
Y305S,-4.012179851531982,0.0
Y305T,-4.230385780334473,0.0
Y305W,-3.8431267738342285,0.0
Y305V,-3.324575424194336,0.0
K306A,0.6926498413085938,0.0
K306R,-1.0807361602783203,0.0
K306N,-0.2706308364868164,0.0
K306D,2.393495798110962,0.0
K306C,-4.622933864593506,0.0
K306E,3.390526294708252,0.0
K306Q,0.7002952098846436,0.0
K306G,-1.3720531463623047,0.0
K306H,-1.416499137878418,0.0
K306I,-3.307264804840088,0.0
K306L,-2.1220216751098633,0.0
K306M,-3.199428081512451,0.0
K306F,-4.097833156585693,0.0
K306P,-2.7038512229919434,0.0
K306S,0.2588310241699219,0.0
K306T,-0.5312342643737793,0.0
K306W,-4.628978252410889,0.0
K306Y,-2.864686965942383,0.0
K306V,-2.2629733085632324,0.0
Q307A,-0.5123648643493652,0.0
Q307R,-1.736053466796875,0.0
Q307N,-1.0264892578125,0.0
Q307D,2.2201480865478516,0.0
Q307C,-4.913110733032227,0.0
Q307E,0.7526445388793945,0.0
Q307G,-2.084738254547119,0.0
Q307H,1.1979995965957642,0.0
Q307I,-3.2511091232299805,0.0
Q307L,-2.188843250274658,0.0
Q307K,-0.9829826354980469,0.0
Q307M,-2.3714399337768555,0.0
Q307F,-3.7716617584228516,0.0
Q307P,-4.40647554397583,0.0
Q307S,-1.562523365020752,0.0
Q307T,-1.8917913436889648,0.0
Q307W,-4.553487300872803,0.0
Q307Y,-2.293741226196289,0.0
Q307V,-1.971053123474121,0.0
V308A,-1.376122236251831,0.0
V308R,-4.255459308624268,0.0
V308N,-3.7349252700805664,0.0
V308D,-4.701510429382324,0.0
V308C,-3.518871307373047,0.0
V308E,-4.36922550201416,0.0
V308Q,-3.65372896194458,0.0
V308G,-3.8722801208496094,0.0
V308H,-3.9291887283325195,0.0
V308I,0.19179511070251465,0.0
V308L,1.6016294956207275,0.0
V308K,-4.9156270027160645,0.0
V308M,-0.7826106548309326,0.0
V308F,-1.6953511238098145,0.0
V308P,-3.8442211151123047,0.0
V308S,-2.8065600395202637,0.0
V308T,-1.0827653408050537,0.0
V308W,-3.7202553749084473,0.0
V308Y,-2.565082550048828,0.0
K309A,-0.21390414237976074,0.0
K309R,-0.7926256656646729,0.0
K309N,0.022846221923828125,0.0
K309D,-0.6004619598388672,0.0
K309C,-3.0970537662506104,0.0
K309E,-0.21340012550354004,0.0
K309Q,-0.00021409988403320312,0.0
K309G,-0.3828423023223877,0.0
K309H,-1.0900592803955078,0.0
K309I,-2.5457608699798584,0.0
K309L,-1.4400842189788818,0.0
K309M,-1.6382911205291748,0.0
K309F,-2.4923455715179443,0.0
K309P,0.11610150337219238,0.0
K309S,0.7262752056121826,0.0
K309T,-0.5367274284362793,0.0
K309W,-3.519292116165161,0.0
K309Y,-1.7259657382965088,0.0
K309V,-1.6286709308624268,0.0
Q310A,-0.8984405994415283,0.0
Q310R,-0.5532708168029785,0.0
Q310N,0.3457977771759033,0.0
Q310D,0.20483922958374023,0.0
Q310C,-4.632372856140137,0.0
Q310E,0.2841360569000244,0.0
Q310G,-0.971064567565918,0.0
Q310H,-1.5145933628082275,0.0
Q310I,-5.654828071594238,0.0
Q310L,-4.173425674438477,0.0
Q310K,0.4188861846923828,0.0
Q310M,-3.411816120147705,0.0
Q310F,-5.718801021575928,0.0
Q310P,-4.118207931518555,0.0
Q310S,-0.11495590209960938,0.0
Q310T,-1.9375386238098145,0.0
Q310W,-6.537875652313232,0.0
Q310Y,-4.214099407196045,0.0
Q310V,-4.2196221351623535,0.0
L311A,-4.693986892700195,0.0
L311R,-6.934565544128418,0.0
L311N,-6.718560695648193,0.0
L311D,-7.366644382476807,0.0
L311C,-4.82723331451416,0.0
L311E,-7.059542655944824,0.0
L311Q,-5.301286697387695,0.0
L311G,-6.688177585601807,0.0
L311H,-6.246039390563965,0.0
L311I,-3.982302188873291,0.0
L311K,-6.946747779846191,0.0
L311M,-0.039408206939697266,0.0
L311F,-3.435215473175049,0.0
L311P,-7.34443998336792,0.0
L311S,-5.693323612213135,0.0
L311T,-5.054297924041748,0.0
L311W,-6.805085182189941,0.0
L311Y,-5.264579772949219,0.0
L311V,-4.235431671142578,0.0
K312A,-2.977725028991699,0.0
K312R,-1.3168901205062866,0.0
K312N,-1.842056155204773,0.0
K312D,-1.3234432935714722,0.0
K312C,-5.426430702209473,0.0
K312E,-0.3619344234466553,0.0
K312Q,-1.5056298971176147,0.0
K312G,-2.910953998565674,0.0
K312H,-2.436938762664795,0.0
K312I,-4.315160751342773,0.0
K312L,-4.110583305358887,0.0
K312M,-5.165179252624512,0.0
K312F,-5.338899612426758,0.0
K312P,-0.037157297134399414,0.0
K312S,-1.433451533317566,0.0
K312T,-1.007515788078308,0.0
K312W,-6.255863189697266,0.0
K312Y,-4.809606552124023,0.0
K312V,-2.4989242553710938,0.0
Y313A,-5.098908424377441,0.0
Y313R,-4.335756301879883,0.0
Y313N,-4.692844390869141,0.0
Y313D,-5.685112953186035,0.0
Y313C,-5.408319473266602,0.0
Y313E,-5.785097122192383,0.0
Y313Q,-4.826765060424805,0.0
Y313G,-6.3836517333984375,0.0
Y313H,-3.5814425945281982,0.0
Y313I,-4.316671371459961,0.0
Y313L,-2.9950308799743652,0.0
Y313K,-4.411315441131592,0.0
Y313M,-4.795958995819092,0.0
Y313F,-3.0447378158569336,0.0
Y313P,-6.297408103942871,0.0
Y313S,-5.225053310394287,0.0
Y313T,-4.110365390777588,0.0
Y313W,-5.469853401184082,0.0
Y313V,-3.9917209148406982,0.0
V314A,-1.3489704132080078,0.0
V314R,-5.03697395324707,0.0
V314N,-3.401731014251709,0.0
V314D,-5.129942417144775,0.0
V314C,-1.4898796081542969,0.0
V314E,-5.765827655792236,0.0
V314Q,-3.538473129272461,0.0
V314G,-4.5339179039001465,0.0
V314H,-4.171230316162109,0.0
V314I,0.17027878761291504,0.0
V314L,1.9472935199737549,0.0
V314K,-5.268165111541748,0.0
V314M,0.5655462741851807,0.0
V314F,-1.3679356575012207,0.0
V314P,-3.7731423377990723,0.0
V314S,-1.779919147491455,0.0
V314T,1.5777220726013184,0.0
V314W,-4.304703712463379,0.0
V314Y,-3.713038444519043,0.0
G315A,-0.5835771560668945,0.0
G315R,0.8953020572662354,0.0
G315N,1.5535004138946533,0.0
G315D,1.245413064956665,0.0
G315C,-3.1333229541778564,0.0
G315E,1.5896189212799072,0.0
G315Q,1.1286675930023193,0.0
G315H,-0.3539998531341553,0.0
G315I,-3.504070997238159,0.0
G315L,-2.1685216426849365,0.0
G315K,0.5137872695922852,0.0
G315M,-1.4704267978668213,0.0
G315F,-3.913933038711548,0.0
G315P,-3.2686927318573,0.0
G315S,0.6631114482879639,0.0
G315T,0.7716069221496582,0.0
G315W,-3.534263849258423,0.0
G315Y,-2.5419399738311768,0.0
G315V,-2.425311803817749,0.0
M316A,0.07142949104309082,0.0
M316R,-0.9663524627685547,0.0
M316N,-1.493314266204834,0.0
M316D,-4.265054702758789,0.0
M316C,-2.6969377994537354,0.0
M316E,-4.305937767028809,0.0
M316Q,-0.3352549076080322,0.0
M316G,-2.4220187664031982,0.0
M316H,-2.7263715267181396,0.0
M316I,-4.331569671630859,0.0
M316L,-1.7111871242523193,0.0
M316K,-1.6733357906341553,0.0
M316F,-4.1431474685668945,0.0
M316P,-7.003534317016602,0.0
M316S,-2.2399816513061523,0.0
M316T,-4.030426979064941,0.0
M316W,-3.910076856613159,0.0
M316Y,-4.071410179138184,0.0
M316V,-3.6311371326446533,0.0
V317A,-1.9061318635940552,0.0
V317R,-7.394033432006836,0.0
V317N,-6.301187038421631,0.0
V317D,-7.583931922912598,0.0
V317C,-0.7350444793701172,0.0
V317E,-7.742546081542969,0.0
V317Q,-7.842648506164551,0.0
V317G,-5.669894218444824,0.0
V317H,-6.964980125427246,0.0
V317I,-2.0142579078674316,0.0
V317L,-3.8897719383239746,0.0
V317K,-7.09295654296875,0.0
V317M,-4.17374324798584,0.0
V317F,-2.8782811164855957,0.0
V317P,-7.2728142738342285,0.0
V317S,-4.1055402755737305,0.0
V317T,-1.8841720819473267,0.0
V317W,-6.75222635269165,0.0
V317Y,-4.624270439147949,0.0
L318A,-2.7163772583007812,0.0
L318R,-7.790842533111572,0.0
L318N,-5.654602527618408,0.0
L318D,-8.423929214477539,0.0
L318C,-2.868560791015625,0.0
L318E,-7.586764812469482,0.0
L318Q,-6.605952739715576,0.0
L318G,-5.483651638031006,0.0
L318H,-5.326149940490723,0.0
L318I,0.8826942443847656,0.0
L318K,-8.490198135375977,0.0
L318M,-0.8557096719741821,0.0
L318F,-1.0283700227737427,0.0
L318P,-7.70243501663208,0.0
L318S,-5.021237850189209,0.0
L318T,-3.244291305541992,0.0
L318W,-4.035768508911133,0.0
L318Y,-2.579564094543457,0.0
L318V,0.12407588958740234,0.0
N319A,-2.6903340816497803,0.0
N319R,-0.8502910137176514,0.0
N319D,-1.4959213733673096,0.0
N319C,-2.9530112743377686,0.0
N319E,-2.1056079864501953,0.0
N319Q,-0.9292716979980469,0.0
N319G,-3.507389783859253,0.0
N319H,-1.2886686325073242,0.0
N319I,-4.931120872497559,0.0
N319L,-2.2455546855926514,0.0
N319K,1.0326333045959473,0.0
N319M,-2.041104793548584,0.0
N319F,-3.550389051437378,0.0
N319P,-7.855348587036133,0.0
N319S,-1.0759966373443604,0.0
N319T,-2.3738515377044678,0.0
N319W,-4.844045639038086,0.0
N319Y,-2.4195430278778076,0.0
N319V,-5.057032585144043,0.0
E320A,-9.480849266052246,0.0
E320R,-9.239274024963379,0.0
E320N,-9.27681827545166,0.0
E320D,-6.617037773132324,0.0
E320C,-12.004005432128906,0.0
E320Q,-7.678886890411377,0.0
E320G,-10.561063766479492,0.0
E320H,-9.527377128601074,0.0
E320I,-11.288986206054688,0.0
E320L,-11.128219604492188,0.0
E320K,-7.268652439117432,0.0
E320M,-11.220569610595703,0.0
E320F,-12.810628890991211,0.0
E320P,-12.76266860961914,0.0
E320S,-9.388067245483398,0.0
E320T,-9.320046424865723,0.0
E320W,-12.836573600769043,0.0
E320Y,-11.225778579711914,0.0
E320V,-10.85236644744873,0.0
A321R,-8.589056968688965,0.0
A321N,-3.808544874191284,0.0
A321D,-7.652931213378906,0.0
A321C,-1.9471848011016846,0.0
A321E,-6.919584274291992,0.0
A321Q,-5.62495231628418,0.0
A321G,-2.409621000289917,0.0
A321H,-7.019687652587891,0.0
A321I,-2.118774652481079,0.0
A321L,-4.126138687133789,0.0
A321K,-8.245349884033203,0.0
A321M,-3.7311742305755615,0.0
A321F,-6.106508255004883,0.0
A321P,-6.229515075683594,0.0
A321S,0.19261789321899414,0.0
A321T,1.4979491233825684,0.0
A321W,-8.993202209472656,0.0
A321Y,-7.445407867431641,0.0
A321V,-0.438962459564209,0.0
L322A,-4.457679271697998,0.0
L322R,-5.810681343078613,0.0
L322N,-4.499623775482178,0.0
L322D,-7.292034149169922,0.0
L322C,-4.194004058837891,0.0
L322E,-5.955554008483887,0.0
L322Q,-3.1362204551696777,0.0
L322G,-5.586142063140869,0.0
L322H,-4.337823390960693,0.0
L322I,-3.1400461196899414,0.0
L322K,-6.18195104598999,0.0
L322M,-1.078230619430542,0.0
L322F,-2.820713520050049,0.0
L322P,-7.769861221313477,0.0
L322S,-4.3000407218933105,0.0
L322T,-4.183540344238281,0.0
L322W,-5.924243450164795,0.0
L322Y,-4.062833309173584,0.0
L322V,-3.7394208908081055,0.0
R323A,-9.941353797912598,0.0
R323N,-8.751269340515137,0.0
R323D,-11.111967086791992,0.0
R323C,-7.728066444396973,0.0
R323E,-10.362171173095703,0.0
R323Q,-8.335318565368652,0.0
R323G,-9.80417251586914,0.0
R323H,-6.670732498168945,0.0
R323I,-9.7744722366333,0.0
R323L,-8.624273300170898,0.0
R323K,-7.001896858215332,0.0
R323M,-8.384593963623047,0.0
R323F,-8.860086441040039,0.0
R323P,-11.57472038269043,0.0
R323S,-9.076831817626953,0.0
R323T,-9.295421600341797,0.0
R323W,-8.0357027053833,0.0
R323Y,-8.24024772644043,0.0
R323V,-10.463034629821777,0.0
L324A,-5.828601360321045,0.0
L324R,-3.626206636428833,0.0
L324N,-5.963232517242432,0.0
L324D,-8.88028335571289,0.0
L324C,-4.849516868591309,0.0
L324E,-8.180968284606934,0.0
L324Q,-5.033033847808838,0.0
L324G,-8.983821868896484,0.0
L324H,-5.003098011016846,0.0
L324I,-1.8680410385131836,0.0
L324K,-2.1545376777648926,0.0
L324M,-1.810344934463501,0.0
L324F,-3.6918294429779053,0.0
L324P,-9.618450164794922,0.0
L324S,-6.032196998596191,0.0
L324T,-4.572024345397949,0.0
L324W,-6.108895301818848,0.0
L324Y,-3.9984118938446045,0.0
L324V,-3.0228099822998047,0.0
W325A,-1.7420201301574707,0.0
W325R,0.10821723937988281,0.0
W325N,-0.7116007804870605,0.0
W325D,-2.648319721221924,0.0
W325C,-1.5195531845092773,0.0
W325E,-2.4962944984436035,0.0
W325Q,-1.1304068565368652,0.0
W325G,-3.1606197357177734,0.0
W325H,1.8437800407409668,0.0
W325I,-1.862051010131836,0.0
W325L,-1.0370821952819824,0.0
W325K,-1.0236048698425293,0.0
W325M,-1.158890724182129,0.0
W325F,2.2063770294189453,0.0
W325P,-5.250965118408203,0.0
W325S,-1.2741665840148926,0.0
W325T,-1.6801061630249023,0.0
W325Y,4.462957859039307,0.0
W325V,-1.832308292388916,0.0
P326A,-3.4221978187561035,0.0
P326R,-7.8374223709106445,0.0
P326N,-5.322134494781494,0.0
P326D,-6.9150848388671875,0.0
P326C,-6.064672470092773,0.0
P326E,-7.3332109451293945,0.0
P326Q,-6.618345737457275,0.0
P326G,-3.7883472442626953,0.0
P326H,-6.369523048400879,0.0
P326I,-6.410121440887451,0.0
P326L,-6.129181385040283,0.0
P326K,-8.098523139953613,0.0
P326M,-6.43087911605835,0.0
P326F,-6.730257511138916,0.0
P326S,-2.369574785232544,0.0
P326T,-3.5367159843444824,0.0
P326W,-10.170836448669434,0.0
P326Y,-7.294623374938965,0.0
P326V,-5.436953067779541,0.0
T327A,0.6261439323425293,0.0
T327R,-4.560816287994385,0.0
T327N,-2.7053651809692383,0.0
T327D,-4.833064079284668,0.0
T327C,-3.9369115829467773,0.0
T327E,-4.614509105682373,0.0
T327Q,-3.135951519012451,0.0
T327G,-1.2318434715270996,0.0
T327H,-3.5044751167297363,0.0
T327I,-0.6654009819030762,0.0
T327L,-1.9446296691894531,0.0
T327K,-4.982058525085449,0.0
T327M,-3.200644016265869,0.0
T327F,-3.1490797996520996,0.0
T327P,1.965970516204834,0.0
T327S,0.3241419792175293,0.0
T327W,-6.856740951538086,0.0
T327Y,-4.078536510467529,0.0
T327V,0.434032678604126,0.0
A328R,-6.769376754760742,0.0
A328N,-4.103115081787109,0.0
A328D,-5.662109851837158,0.0
A328C,-4.257338523864746,0.0
A328E,-5.928247928619385,0.0
A328Q,-5.423715114593506,0.0
A328G,-1.6490225791931152,0.0
A328H,-5.68147611618042,0.0
A328I,-1.0449838638305664,0.0
A328L,-1.257401943206787,0.0
A328K,-7.144054412841797,0.0
A328M,-3.025607109069824,0.0
A328F,-3.283271312713623,0.0
A328P,-3.519467830657959,0.0
A328S,-2.5557422637939453,0.0
A328T,-1.9269905090332031,0.0
A328W,-6.530920028686523,0.0
A328Y,-4.90083646774292,0.0
A328V,0.9530459046363831,0.0
P329A,-1.8345036506652832,0.0
P329R,-4.442229270935059,0.0
P329N,-3.1500892639160156,0.0
P329D,-4.853846549987793,0.0
P329C,-5.030173301696777,0.0
P329E,-5.0628156661987305,0.0
P329Q,-3.719768524169922,0.0
P329G,-1.8792634010314941,0.0
P329H,-3.7508950233459473,0.0
P329I,-2.9636940956115723,0.0
P329L,-2.9333889484405518,0.0
P329K,-5.198418617248535,0.0
P329M,-2.8734703063964844,0.0
P329F,-2.8767709732055664,0.0
P329S,-1.8905539512634277,0.0
P329T,-2.232755661010742,0.0
P329W,-4.820453643798828,0.0
P329Y,-3.6886682510375977,0.0
P329V,-2.5101096630096436,0.0
A330R,-1.1787278652191162,0.0
A330N,-1.1193320751190186,0.0
A330D,-2.6866071224212646,0.0
A330C,-2.075657606124878,0.0
A330E,-2.2544138431549072,0.0
A330Q,-1.1620838642120361,0.0
A330G,-0.17682528495788574,0.0
A330H,-2.047407388687134,0.0
A330I,0.6059181690216064,0.0
A330L,0.9664160013198853,0.0
A330K,-2.1955931186676025,0.0
A330M,-0.00978398323059082,0.0
A330F,0.6681339740753174,0.0
A330P,-2.457885503768921,0.0
A330S,-0.3102114200592041,0.0
A330T,0.16389870643615723,0.0
A330W,-1.8943521976470947,0.0
A330Y,-1.0832712650299072,0.0
A330V,0.5345051288604736,0.0
F331A,0.35352468490600586,0.0
F331R,-1.6140518188476562,0.0
F331N,0.4917120933532715,0.0
F331D,-1.9737439155578613,0.0
F331C,-2.0782203674316406,0.0
F331E,-2.9189915657043457,0.0
F331Q,-1.746988296508789,0.0
F331G,0.0012776851654052734,0.0
F331H,-2.2725887298583984,0.0
F331I,0.5549407005310059,0.0
F331L,0.8981387615203857,0.0
F331K,-2.334104537963867,0.0
F331M,-0.1343531608581543,0.0
F331P,-2.1779985427856445,0.0
F331S,0.16645050048828125,0.0
F331T,-0.03256869316101074,0.0
F331W,-2.948075294494629,0.0
F331Y,-1.9050984382629395,0.0
F331V,0.011980295181274414,0.0
S332A,0.14041519165039062,0.0
S332R,-1.9114909172058105,0.0
S332N,-1.4068291187286377,0.0
S332D,-2.431183338165283,0.0
S332C,-3.730128765106201,0.0
S332E,-1.9016022682189941,0.0
S332Q,-1.0332951545715332,0.0
S332G,0.14990830421447754,0.0
S332H,-2.1118693351745605,0.0
S332I,-0.8411881923675537,0.0
S332L,-0.3387715816497803,0.0
S332K,-2.840742588043213,0.0
S332M,-0.5506055355072021,0.0
S332F,-1.557220458984375,0.0
S332P,-0.839238166809082,0.0
S332T,0.10402989387512207,0.0
S332W,-3.4687461853027344,0.0
S332Y,-2.447719097137451,0.0
S332V,-0.17461609840393066,0.0
L333A,0.29840087890625,0.0
L333R,5.38386344909668,0.0
L333N,-0.17312955856323242,0.0
L333D,-1.9290618896484375,0.0
L333C,-1.440469741821289,0.0
L333E,-0.6630859375,0.0
L333Q,0.5712242126464844,0.0
L333G,0.0811619758605957,0.0
L333H,0.650294303894043,0.0
L333I,-0.6415004730224609,0.0
L333K,2.8036415576934814,0.0
L333M,-0.31670713424682617,0.0
L333F,-0.34311676025390625,0.0
L333P,0.8738613128662109,0.0
L333S,0.36760759353637695,0.0
L333T,-0.17113018035888672,0.0
L333W,-0.9025936126708984,0.0
L333Y,-0.1338977813720703,0.0
L333V,0.2611112594604492,0.0
Y334A,0.6677062511444092,0.0
Y334R,1.7480988502502441,0.0
Y334N,-0.010614871978759766,0.0
Y334D,-0.6172614097595215,0.0
Y334C,-1.0864944458007812,0.0
Y334E,1.4225895404815674,0.0
Y334Q,1.5168635845184326,0.0
Y334G,-0.9332571029663086,0.0
Y334H,0.4570298194885254,0.0
Y334I,1.0785555839538574,0.0
Y334L,0.6008031368255615,0.0
Y334K,1.611985445022583,0.0
Y334M,0.8129239082336426,0.0
Y334F,-0.15988826751708984,0.0
Y334P,-2.1595377922058105,0.0
Y334S,0.3484981060028076,0.0
Y334T,1.3013226985931396,0.0
Y334W,-1.4161529541015625,0.0
Y334V,2.013129711151123,0.0
A335R,-2.7561275959014893,0.0
A335N,-3.5981414318084717,0.0
A335D,-4.307258605957031,0.0
A335C,0.06157851219177246,0.0
A335E,-2.4959285259246826,0.0
A335Q,-2.7438132762908936,0.0
A335G,-2.707501173019409,0.0
A335H,-3.742882490158081,0.0
A335I,-2.051578998565674,0.0
A335L,-1.8794615268707275,0.0
A335K,-3.011831521987915,0.0
A335M,-2.8829948902130127,0.0
A335F,-3.5335257053375244,0.0
A335P,-2.423370599746704,0.0
A335S,-1.3630239963531494,0.0
A335T,-1.4320178031921387,0.0
A335W,-4.953212738037109,0.0
A335Y,-3.516418218612671,0.0
A335V,-0.9364805221557617,0.0
K336A,0.6869416236877441,0.0
K336R,-0.8913314342498779,0.0
K336N,-0.5562882423400879,0.0
K336D,-0.43616199493408203,0.0
K336C,-1.228461742401123,0.0
K336E,0.06411933898925781,0.0
K336Q,-0.8234951496124268,0.0
K336G,-1.1544342041015625,0.0
K336H,-1.3163928985595703,0.0
K336I,-0.04732656478881836,0.0
K336L,-0.19771337509155273,0.0
K336M,-1.3242883682250977,0.0
K336F,-2.171386241912842,0.0
K336P,-0.3370389938354492,0.0
K336S,0.6855983734130859,0.0
K336T,1.4628283977508545,0.0
K336W,-4.206947326660156,0.0
K336Y,-2.1211729049682617,0.0
K336V,0.9584486484527588,0.0
E337A,-2.178215265274048,0.0
E337R,-1.1209418773651123,0.0
E337N,-2.3277664184570312,0.0
E337D,-1.7796149253845215,0.0
E337C,-4.804329872131348,0.0
E337Q,-1.0067424774169922,0.0
E337G,-3.088122844696045,0.0
E337H,-3.3143539428710938,0.0
E337I,-3.6205759048461914,0.0
E337L,-3.5774855613708496,0.0
E337K,-0.045297861099243164,0.0
E337M,-3.341827869415283,0.0
E337F,-6.062379837036133,0.0
E337P,-3.596221446990967,0.0
E337S,-1.6507277488708496,0.0
E337T,-1.0150141716003418,0.0
E337W,-6.470434188842773,0.0
E337Y,-4.937778472900391,0.0
E337V,-2.7568740844726562,0.0
D338A,-2.6796727180480957,0.0
D338R,-4.204066276550293,0.0
D338N,-3.481022357940674,0.0
D338C,-6.407841682434082,0.0
D338E,-1.1264910697937012,0.0
D338Q,-3.020979881286621,0.0
D338G,-3.4767885208129883,0.0
D338H,-4.59613561630249,0.0
D338I,-5.842413902282715,0.0
D338L,-5.706195831298828,0.0
D338K,-2.5035085678100586,0.0
D338M,-5.657018184661865,0.0
D338F,-6.769585609436035,0.0
D338P,-2.7397332191467285,0.0
D338S,-3.140017032623291,0.0
D338T,-2.6483945846557617,0.0
D338W,-7.246922016143799,0.0
D338Y,-5.921708583831787,0.0
D338V,-4.316040515899658,0.0
T339A,-1.3519871234893799,0.0
T339R,-2.0763442516326904,0.0
T339N,-2.250058889389038,0.0
T339D,1.115805745124817,0.0
T339C,-1.9063971042633057,0.0
T339E,-0.6204040050506592,0.0
T339Q,-1.7698676586151123,0.0
T339G,-2.6509640216827393,0.0
T339H,-2.020752191543579,0.0
T339I,-0.4244997501373291,0.0
T339L,-0.34592604637145996,0.0
T339K,-1.6068823337554932,0.0
T339M,-1.3385145664215088,0.0
T339F,0.09740209579467773,0.0
T339P,-3.399423360824585,0.0
T339S,-1.7628891468048096,0.0
T339W,-2.682363271713257,0.0
T339Y,0.06862187385559082,0.0
T339V,0.4351022243499756,0.0
V340A,-2.217729091644287,0.0
V340R,-0.9869171380996704,0.0
V340N,-3.004080295562744,0.0
V340D,-3.1863369941711426,0.0
V340C,-3.4537410736083984,0.0
V340E,-1.6207765340805054,0.0
V340Q,-1.8999508619308472,0.0
V340G,-4.857128620147705,0.0
V340H,-3.2569894790649414,0.0
V340I,-1.4219828844070435,0.0
V340L,-2.2125773429870605,0.0
V340K,-0.05860590934753418,0.0
V340M,-2.8019652366638184,0.0
V340F,-3.9965157508850098,0.0
V340P,-2.2821383476257324,0.0
V340S,-2.188526153564453,0.0
V340T,-0.4184136390686035,0.0
V340W,-4.664403915405273,0.0
V340Y,-4.069106101989746,0.0
L341A,-4.51701545715332,0.0
L341R,-6.401748180389404,0.0
L341N,-6.116970062255859,0.0
L341D,-6.55312967300415,0.0
L341C,-4.9992289543151855,0.0
L341E,-5.767803192138672,0.0
L341Q,-5.81976318359375,0.0
L341G,-5.74286413192749,0.0
L341H,-6.442028999328613,0.0
L341I,-0.8005967140197754,0.0
L341K,-5.854725360870361,0.0
L341M,-2.5312247276306152,0.0
L341F,-1.9505939483642578,0.0
L341P,-5.74888801574707,0.0
L341S,-6.176446437835693,0.0
L341T,-4.895042419433594,0.0
L341W,-3.315319538116455,0.0
L341Y,-4.110347747802734,0.0
L341V,-1.7031710147857666,0.0
G342A,-2.0621070861816406,0.0
G342R,-3.707631826400757,0.0
G342N,-1.4719271659851074,0.0
G342D,-0.6993662118911743,0.0
G342C,-3.6464526653289795,0.0
G342E,-1.6689538955688477,0.0
G342Q,-2.846905469894409,0.0
G342H,-3.5932929515838623,0.0
G342I,-2.925013303756714,0.0
G342L,-3.1228606700897217,0.0
G342K,-2.564159870147705,0.0
G342M,-4.45015811920166,0.0
G342F,-4.462342262268066,0.0
G342P,-0.10576844215393066,0.0
G342S,-1.4359467029571533,0.0
G342T,-3.4876458644866943,0.0
G342W,-6.06859016418457,0.0
G342Y,-4.182965278625488,0.0
G342V,-2.8857133388519287,0.0
G343A,-1.7359992265701294,0.0
G343R,-1.49931800365448,0.0
G343N,-0.8329175710678101,0.0
G343D,-1.3563576936721802,0.0
G343C,-2.3474297523498535,0.0
G343E,-1.5153924226760864,0.0
G343Q,-1.8557130098342896,0.0
G343H,-2.0963363647460938,0.0
G343I,-3.962209701538086,0.0
G343L,-3.117321014404297,0.0
G343K,-0.625383734703064,0.0
G343M,-3.421529769897461,0.0
G343F,-3.922517776489258,0.0
G343P,-3.8801283836364746,0.0
G343S,-0.991125226020813,0.0
G343T,-1.1928168535232544,0.0
G343W,-4.849839210510254,0.0
G343Y,-3.589613914489746,0.0
G343V,-2.79551362991333,0.0
E344A,-1.85614812374115,0.0
E344R,-1.1610506772994995,0.0
E344N,-0.7455607652664185,0.0
E344D,-0.6283153295516968,0.0
E344C,-3.3636231422424316,0.0
E344Q,-0.9364951848983765,0.0
E344G,-0.160483717918396,0.0
E344H,-1.9773191213607788,0.0
E344I,-4.158626556396484,0.0
E344L,-3.9528470039367676,0.0
E344K,-0.052915334701538086,0.0
E344M,-3.9112253189086914,0.0
E344F,-5.397998809814453,0.0
E344P,-2.1752572059631348,0.0
E344S,-0.9863733053207397,0.0
E344T,-0.473474383354187,0.0
E344W,-6.115141868591309,0.0
E344Y,-4.006002426147461,0.0
E344V,-2.9469919204711914,0.0
Y345A,-2.378692626953125,0.0
Y345R,-2.2154364585876465,0.0
Y345N,-3.4666905403137207,0.0
Y345D,-4.615768909454346,0.0
Y345C,-2.688533306121826,0.0
Y345E,-3.003933906555176,0.0
Y345Q,-2.2542715072631836,0.0
Y345G,-4.439759731292725,0.0
Y345H,-1.2272491455078125,0.0
Y345I,0.645433783531189,0.0
Y345L,-0.1877446174621582,0.0
Y345K,-1.9928770065307617,0.0
Y345M,-0.8270223140716553,0.0
Y345F,-0.23738527297973633,0.0
Y345P,-4.941694736480713,0.0
Y345S,-3.261849880218506,0.0
Y345T,-1.1762242317199707,0.0
Y345W,-1.7002577781677246,0.0
Y345V,0.5222374200820923,0.0
P346A,-0.709240198135376,0.0
P346R,0.8419926166534424,0.0
P346N,-1.2852733135223389,0.0
P346D,-1.5226905345916748,0.0
P346C,-1.2768990993499756,0.0
P346E,-0.07887530326843262,0.0
P346Q,0.12213492393493652,0.0
P346G,-2.708235025405884,0.0
P346H,-0.10051894187927246,0.0
P346I,1.014770746231079,0.0
P346L,1.1488282680511475,0.0
P346K,1.0732405185699463,0.0
P346M,-0.3580801486968994,0.0
P346F,0.2663252353668213,0.0
P346S,-0.39827680587768555,0.0
P346T,1.8072583675384521,0.0
P346W,-1.483757734298706,0.0
P346Y,0.027814149856567383,0.0
P346V,1.5187455415725708,0.0
L347A,-3.2332534790039062,0.0
L347R,-5.947667121887207,0.0
L347N,-6.617154121398926,0.0
L347D,-8.574350357055664,0.0
L347C,-4.103684425354004,0.0
L347E,-7.888213157653809,0.0
L347Q,-6.288286209106445,0.0
L347G,-6.4498701095581055,0.0
L347H,-5.058619499206543,0.0
L347I,0.8542485237121582,0.0
L347K,-5.79372501373291,0.0
L347M,-1.5679785013198853,0.0
L347F,-0.9906598329544067,0.0
L347P,-2.9765892028808594,0.0
L347S,-5.977151393890381,0.0
L347T,-3.5134005546569824,0.0
L347W,-4.423344612121582,0.0
L347Y,-2.882589817047119,0.0
L347V,0.8948140144348145,0.0
E348A,-0.38016223907470703,0.0
E348R,2.077202796936035,0.0
E348N,-0.5630030632019043,0.0
E348D,-2.2784557342529297,0.0
E348C,-1.5535578727722168,0.0
E348Q,0.7287693023681641,0.0
E348G,-1.8651738166809082,0.0
E348H,0.18508481979370117,0.0
E348I,-2.3580713272094727,0.0
E348L,-0.9291477203369141,0.0
E348K,3.006378173828125,0.0
E348M,-1.609766960144043,0.0
E348F,-2.889603614807129,0.0
E348P,-0.8700380325317383,0.0
E348S,-0.3640909194946289,0.0
E348T,-0.6035580635070801,0.0
E348W,-3.8835654258728027,0.0
E348Y,-1.950852870941162,0.0
E348V,-0.7942371368408203,0.0
K349A,-1.8177167177200317,0.0
K349R,-2.4944252967834473,0.0
K349N,-5.304280757904053,0.0
K349D,-5.644432067871094,0.0
K349C,-5.857384204864502,0.0
K349E,-2.5776572227478027,0.0
K349Q,-3.406618118286133,0.0
K349G,-4.456365585327148,0.0
K349H,-5.167956352233887,0.0
K349I,-5.091062068939209,0.0
K349L,-5.3372955322265625,0.0
K349M,-5.818212509155273,0.0
K349F,-7.549572944641113,0.0
K349P,-2.4350991249084473,0.0
K349S,-3.9196619987487793,0.0
K349T,-4.468958377838135,0.0
K349W,-7.580809116363525,0.0
K349Y,-5.958543300628662,0.0
K349V,-3.847104072570801,0.0
G350A,-6.1848978996276855,0.0
G350R,-5.609490394592285,0.0
G350N,-3.2504117488861084,0.0
G350D,-3.530278205871582,0.0
G350C,-7.579333782196045,0.0
G350E,-4.674975872039795,0.0
G350Q,-5.778014183044434,0.0
G350H,-5.743381023406982,0.0
G350I,-10.275492668151855,0.0
G350L,-7.9402570724487305,0.0
G350K,-4.773797988891602,0.0
G350M,-7.700247287750244,0.0
G350F,-8.739627838134766,0.0
G350P,-8.806523323059082,0.0
G350S,-5.553365707397461,0.0
G350T,-6.949180603027344,0.0
G350W,-9.06845474243164,0.0
G350Y,-7.885612487792969,0.0
G350V,-9.201916694641113,0.0
D351A,-0.8503210544586182,0.0
D351R,-2.713989496231079,0.0
D351N,-2.035820245742798,0.0
D351C,-1.9223301410675049,0.0
D351E,-0.6468026638031006,0.0
D351Q,-0.3000142574310303,0.0
D351G,-2.4887282848358154,0.0
D351H,-2.086069345474243,0.0
D351I,-1.4475677013397217,0.0
D351L,-1.9077255725860596,0.0
D351K,-2.545048475265503,0.0
D351M,-0.6169016361236572,0.0
D351F,-3.1335227489471436,0.0
D351P,-5.3240156173706055,0.0
D351S,-0.4101753234863281,0.0
D351T,0.7129799127578735,0.0
D351W,-3.0981009006500244,0.0
D351Y,-2.9644792079925537,0.0
D351V,-0.3945739269256592,0.0
E352A,0.19410490989685059,0.0
E352R,0.3018474578857422,0.0
E352N,-0.4288144111633301,0.0
E352D,-0.9103474617004395,0.0
E352C,-1.373579502105713,0.0
E352Q,-0.08556461334228516,0.0
E352G,-0.9140458106994629,0.0
E352H,-1.0075955390930176,0.0
E352I,0.3811774253845215,0.0
E352L,0.2816305160522461,0.0
E352K,0.05438709259033203,0.0
E352M,-0.016836166381835938,0.0
E352F,-0.636845588684082,0.0
E352P,-0.43346691131591797,0.0
E352S,-0.11109638214111328,0.0
E352T,0.811830997467041,0.0
E352W,-1.5420126914978027,0.0
E352Y,-0.5417280197143555,0.0
E352V,1.079818844795227,0.0
L353A,-1.339759349822998,0.0
L353R,-5.247341632843018,0.0
L353N,-5.307173252105713,0.0
L353D,-7.301790714263916,0.0
L353C,-1.4835548400878906,0.0
L353E,-5.8120551109313965,0.0
L353Q,-4.897897243499756,0.0
L353G,-5.017557621002197,0.0
L353H,-5.250659465789795,0.0
L353I,0.9646180868148804,0.0
L353K,-5.37331485748291,0.0
L353M,-1.2573471069335938,0.0
L353F,-1.8553886413574219,0.0
L353P,-6.171658039093018,0.0
L353S,-4.115957260131836,0.0
L353T,-2.6976089477539062,0.0
L353W,-4.327373027801514,0.0
L353Y,-3.5015511512756348,0.0
L353V,1.655413031578064,0.0
M354A,-0.20944643020629883,0.0
M354R,-2.6831092834472656,0.0
M354N,-0.7686901092529297,0.0
M354D,-2.045266628265381,0.0
M354C,-1.8202781677246094,0.0
M354E,-1.7566280364990234,0.0
M354Q,-1.2690298557281494,0.0
M354G,-1.5693683624267578,0.0
M354H,-1.6796340942382812,0.0
M354I,0.7583274841308594,0.0
M354L,0.5056428909301758,0.0
M354K,-2.934391975402832,0.0
M354F,-0.2781813144683838,0.0
M354P,-2.9625391960144043,0.0
M354S,-0.40964651107788086,0.0
M354T,-0.3024120330810547,0.0
M354W,-2.1884846687316895,0.0
M354Y,-1.046548843383789,0.0
M354V,0.5165953636169434,0.0
V355A,-2.415837049484253,0.0
V355R,-5.684358596801758,0.0
V355N,-4.626003742218018,0.0
V355D,-6.705699443817139,0.0
V355C,-2.7143168449401855,0.0
V355E,-6.43139123916626,0.0
V355Q,-4.6562089920043945,0.0
V355G,-4.1952805519104,0.0
V355H,-4.014710903167725,0.0
V355I,0.02842569351196289,0.0
V355L,-0.3179197311401367,0.0
V355K,-6.319874286651611,0.0
V355M,-1.417013168334961,0.0
V355F,-0.8444051742553711,0.0
V355P,-1.9566736221313477,0.0
V355S,-4.000319480895996,0.0
V355T,-2.8108949661254883,0.0
V355W,-2.8156046867370605,0.0
V355Y,-1.2135522365570068,0.0
L356A,0.9692935943603516,0.0
L356R,-2.4102623462677,0.0
L356N,0.22069501876831055,0.0
L356D,-1.6860449314117432,0.0
L356C,-0.5628206729888916,0.0
L356E,-2.581033945083618,0.0
L356Q,-0.9351952075958252,0.0
L356G,-0.7281877994537354,0.0
L356H,-1.067650318145752,0.0
L356I,-0.7530276775360107,0.0
L356K,-3.3689658641815186,0.0
L356M,-0.8133280277252197,0.0
L356F,-0.8947086334228516,0.0
L356P,0.2950267791748047,0.0
L356S,1.2315313816070557,0.0
L356T,-0.25185227394104004,0.0
L356W,-2.6136720180511475,0.0
L356Y,-1.1005291938781738,0.0
L356V,-0.22633624076843262,0.0
I357A,-1.6658636331558228,0.0
I357R,-4.932528018951416,0.0
I357N,-2.5745630264282227,0.0
I357D,-5.0981903076171875,0.0
I357C,-3.4499058723449707,0.0
I357E,-4.444289207458496,0.0
I357Q,-1.5610533952713013,0.0
I357G,-3.9158639907836914,0.0
I357H,-2.4386487007141113,0.0
I357L,-0.12311792373657227,0.0
I357K,-5.65263557434082,0.0
I357M,-1.7637649774551392,0.0
I357F,-1.4346972703933716,0.0
I357P,-1.8574162721633911,0.0
I357S,-1.8884426355361938,0.0
I357T,-1.4749757051467896,0.0
I357W,-3.928102493286133,0.0
I357Y,-2.330284595489502,0.0
I357V,-0.046271562576293945,0.0
P358A,-0.8930113315582275,0.0
P358R,-1.3270559310913086,0.0
P358N,-0.9981222152709961,0.0
P358D,-1.4685606956481934,0.0
P358C,-3.1676931381225586,0.0
P358E,-1.9247980117797852,0.0
P358Q,-1.2278048992156982,0.0
P358G,-1.0681867599487305,0.0
P358H,-0.5103123188018799,0.0
P358I,-2.4206743240356445,0.0
P358L,-0.260730504989624,0.0
P358K,-2.196399211883545,0.0
P358M,-1.9776926040649414,0.0
P358F,-0.7405827045440674,0.0
P358S,-0.4554784297943115,0.0
P358T,-1.1227331161499023,0.0
P358W,-0.6348967552185059,0.0
P358Y,0.885807991027832,0.0
P358V,-2.0739235877990723,0.0
Q359A,3.114928722381592,0.0
Q359R,-0.7138180732727051,0.0
Q359N,0.17981195449829102,0.0
Q359D,-0.7065443992614746,0.0
Q359C,-1.1414437294006348,0.0
Q359E,-0.2895669937133789,0.0
Q359G,1.2684576511383057,0.0
Q359H,0.16095495223999023,0.0
Q359I,0.46808433532714844,0.0
Q359L,1.1864395141601562,0.0
Q359K,-1.1557221412658691,0.0
Q359M,0.09607791900634766,0.0
Q359F,-0.2727193832397461,0.0
Q359P,-0.25429868698120117,0.0
Q359S,2.0885300636291504,0.0
Q359T,1.728196620941162,0.0
Q359W,-1.280653476715088,0.0
Q359Y,-0.36018991470336914,0.0
Q359V,1.661212682723999,0.0
L360A,-1.6415832042694092,0.0
L360R,-5.147212028503418,0.0
L360N,-4.199188232421875,0.0
L360D,-6.412392616271973,0.0
L360C,-3.8615267276763916,0.0
L360E,-5.803389549255371,0.0
L360Q,-3.6120402812957764,0.0
L360G,-3.7785398960113525,0.0
L360H,-4.015782356262207,0.0
L360I,-0.029208660125732422,0.0
L360K,-5.674881935119629,0.0
L360M,-0.5061278343200684,0.0
L360F,-2.241133689880371,0.0
L360P,-5.361839294433594,0.0
L360S,-3.1639816761016846,0.0
L360T,-1.9182279109954834,0.0
L360W,-4.7857666015625,0.0
L360Y,-3.064281702041626,0.0
L360V,-0.3960559368133545,0.0
H361A,-4.476811408996582,0.0
H361R,-5.598238945007324,0.0
H361N,-2.7212462425231934,0.0
H361D,-6.201938152313232,0.0
H361C,-5.779951095581055,0.0
H361E,-6.077144145965576,0.0
H361Q,-3.029801845550537,0.0
H361G,-2.641918420791626,0.0
H361I,-6.113950252532959,0.0
H361L,-3.9936201572418213,0.0
H361K,-6.63986873626709,0.0
H361M,-4.325117588043213,0.0
H361F,-5.323780536651611,0.0
H361P,-7.083240985870361,0.0
H361S,-4.08808708190918,0.0
H361T,-4.7818922996521,0.0
H361W,-6.485349655151367,0.0
H361Y,-4.896337985992432,0.0
H361V,-5.886209964752197,0.0
R362A,-4.844511032104492,0.0
R362N,-3.649864435195923,0.0
R362D,-5.93890380859375,0.0
R362C,-4.76146125793457,0.0
R362E,-5.604531288146973,0.0
R362Q,-3.65834641456604,0.0
R362G,-5.632229804992676,0.0
R362H,-1.250925064086914,0.0
R362I,-4.524865627288818,0.0
R362L,-2.986888885498047,0.0
R362K,-3.32724666595459,0.0
R362M,-4.013210296630859,0.0
R362F,-4.040036201477051,0.0
R362P,-7.371116638183594,0.0
R362S,-4.558689594268799,0.0
R362T,-3.5698788166046143,0.0
R362W,-4.434167861938477,0.0
R362Y,-3.4220943450927734,0.0
R362V,-4.485795497894287,0.0
D363A,-2.7162249088287354,0.0
D363R,-0.7355782985687256,0.0
D363N,-0.40079617500305176,0.0
D363C,-3.292956590652466,0.0
D363E,-3.0969736576080322,0.0
D363Q,-2.421192169189453,0.0
D363G,-3.5613510608673096,0.0
D363H,-1.7246010303497314,0.0
D363I,-3.1869547367095947,0.0
D363L,-1.626622200012207,0.0
D363K,-2.524852991104126,0.0
D363M,0.010015487670898438,0.0
D363F,-2.8594276905059814,0.0
D363P,-4.138662338256836,0.0
D363S,-0.7094142436981201,0.0
D363T,-2.2417633533477783,0.0
D363W,-3.936110734939575,0.0
D363Y,-3.276397466659546,0.0
D363V,-3.5142982006073,0.0
K364A,-0.9994535446166992,0.0
K364R,-1.310896873474121,0.0
K364N,-3.236154556274414,0.0
K364D,-2.3136420249938965,0.0
K364C,-5.905177593231201,0.0
K364E,-0.08609914779663086,0.0
K364Q,-2.225550651550293,0.0
K364G,-2.800981044769287,0.0
K364H,-3.378380298614502,0.0
K364I,-4.554969787597656,0.0
K364L,-3.70566463470459,0.0
K364M,-4.649313449859619,0.0
K364F,-5.159572601318359,0.0
K364P,1.367988109588623,0.0
K364S,-1.2418138980865479,0.0
K364T,-2.008760929107666,0.0
K364W,-5.700486660003662,0.0
K364Y,-4.992458820343018,0.0
K364V,-3.5372328758239746,0.0
T365A,1.1887810230255127,0.0
T365R,-0.41612887382507324,0.0
T365N,0.62947678565979,0.0
T365D,1.5445832014083862,0.0
T365C,-3.9684998989105225,0.0
T365E,1.8361173868179321,0.0
T365Q,-0.273998498916626,0.0
T365G,-0.6986796855926514,0.0
T365H,-0.8456480503082275,0.0
T365I,-3.701176881790161,0.0
T365L,-2.0572597980499268,0.0
T365K,0.8767955303192139,0.0
T365M,-3.0043561458587646,0.0
T365F,-3.617075204849243,0.0
T365P,-3.002152681350708,0.0
T365S,1.127349615097046,0.0
T365W,-3.7468693256378174,0.0
T365Y,-2.8038856983184814,0.0
T365V,-2.3233096599578857,0.0
I366A,-1.9339408874511719,0.0
I366R,-2.4251036643981934,0.0
I366N,-3.4663915634155273,0.0
I366D,-4.428067207336426,0.0
I366C,-3.3137025833129883,0.0
I366E,-2.924548625946045,0.0
I366Q,-2.883244514465332,0.0
I366G,-5.175505638122559,0.0
I366H,-2.5772781372070312,0.0
I366L,-0.5176253318786621,0.0
I366K,-2.4419944286346436,0.0
I366M,-2.4169294834136963,0.0
I366F,-2.33240008354187,0.0
I366P,-6.9058637619018555,0.0
I366S,-3.1175713539123535,0.0
I366T,-2.4528746604919434,0.0
I366W,-3.2547483444213867,0.0
I366Y,-2.0098493099212646,0.0
I366V,0.21144413948059082,0.0
W367A,-8.159843444824219,0.0
W367R,-8.447918891906738,0.0
W367N,-8.1694974899292,0.0
W367D,-8.983972549438477,0.0
W367C,-8.742045402526855,0.0
W367E,-9.474905967712402,0.0
W367Q,-8.682462692260742,0.0
W367G,-8.678019523620605,0.0
W367H,-7.315277099609375,0.0
W367I,-8.006054878234863,0.0
W367L,-7.199714660644531,0.0
W367K,-9.24708366394043,0.0
W367M,-8.421156883239746,0.0
W367F,-4.441555023193359,0.0
W367P,-10.267590522766113,0.0
W367S,-8.493766784667969,0.0
W367T,-8.955770492553711,0.0
W367Y,-5.299044609069824,0.0
W367V,-7.924493312835693,0.0
G368A,-5.892210483551025,0.0
G368R,-6.445779323577881,0.0
G368N,-6.749955177307129,0.0
G368D,-6.151574611663818,0.0
G368C,-7.868886470794678,0.0
G368E,-6.103174209594727,0.0
G368Q,-7.830700874328613,0.0
G368H,-7.908928871154785,0.0
G368I,-9.256823539733887,0.0
G368L,-8.366776466369629,0.0
G368K,-6.439680576324463,0.0
G368M,-9.054044723510742,0.0
G368F,-8.219928741455078,0.0
G368P,-7.662234306335449,0.0
G368S,-6.162693023681641,0.0
G368T,-7.585210800170898,0.0
G368W,-8.666412353515625,0.0
G368Y,-8.465888977050781,0.0
G368V,-8.365625381469727,0.0
D369A,-1.350508451461792,0.0
D369R,-2.828782558441162,0.0
D369N,-2.633625030517578,0.0
D369C,-6.81619119644165,0.0
D369E,0.9042952060699463,0.0
D369Q,-2.392137050628662,0.0
D369G,-3.218392848968506,0.0
D369H,-3.042452812194824,0.0
D369I,-4.992818355560303,0.0
D369L,-4.285498142242432,0.0
D369K,-1.3363316059112549,0.0
D369M,-5.429417133331299,0.0
D369F,-5.791340351104736,0.0
D369P,0.13101816177368164,0.0
D369S,-1.4882991313934326,0.0
D369T,-2.3758931159973145,0.0
D369W,-6.632593631744385,0.0
D369Y,-5.153579235076904,0.0
D369V,-3.910217761993408,0.0
D370A,-4.816180229187012,0.0
D370R,-5.028789520263672,0.0
D370N,-2.5379745960235596,0.0
D370C,-7.575595378875732,0.0
D370E,-3.1243948936462402,0.0
D370Q,-5.357747554779053,0.0
D370G,-5.274478435516357,0.0
D370H,-4.926151275634766,0.0
D370I,-9.016487121582031,0.0
D370L,-7.956783771514893,0.0
D370K,-4.393984794616699,0.0
D370M,-8.377442359924316,0.0
D370F,-9.546399116516113,0.0
D370P,-5.798414707183838,0.0
D370S,-3.3055760860443115,0.0
D370T,-4.757124423980713,0.0
D370W,-9.09679889678955,0.0
D370Y,-7.523355960845947,0.0
D370V,-7.915104389190674,0.0
V371A,1.7087476253509521,0.0
V371R,-6.213502883911133,0.0
V371N,-4.932882308959961,0.0
V371D,-6.804048538208008,0.0
V371C,-1.0856983661651611,0.0
V371E,-6.777097702026367,0.0
V371Q,-6.583103179931641,0.0
V371G,-2.158998966217041,0.0
V371H,-5.7815165519714355,0.0
V371I,-1.6215002536773682,0.0
V371L,-3.323366641998291,0.0
V371K,-6.539848327636719,0.0
V371M,-3.6446304321289062,0.0
V371F,-3.293820858001709,0.0
V371P,-0.4314839839935303,0.0
V371S,-1.678952932357788,0.0
V371T,-2.3235387802124023,0.0
V371W,-5.454278945922852,0.0
V371Y,-4.097968101501465,0.0
E372A,-1.9742839336395264,0.0
E372R,-2.462534189224243,0.0
E372N,-1.1019136905670166,0.0
E372D,0.14541935920715332,0.0
E372C,-4.584239959716797,0.0
E372Q,-2.0759661197662354,0.0
E372G,-2.7565574645996094,0.0
E372H,-1.865901231765747,0.0
E372I,-4.24233341217041,0.0
E372L,-1.0054943561553955,0.0
E372K,-1.531977891921997,0.0
E372M,-2.4687464237213135,0.0
E372F,-3.0791940689086914,0.0
E372P,-5.575902938842773,0.0
E372S,-2.2784647941589355,0.0
E372T,-2.3360884189605713,0.0
E372W,-4.386092185974121,0.0
E372Y,-2.456303119659424,0.0
E372V,-3.7942323684692383,0.0
E373A,-2.003995895385742,0.0
E373R,-2.504495143890381,0.0
E373N,-3.4140586853027344,0.0
E373D,-2.5204052925109863,0.0
E373C,-4.671298027038574,0.0
E373Q,-2.023984909057617,0.0
E373G,-4.387413024902344,0.0
E373H,-4.340300559997559,0.0
E373I,-2.796142101287842,0.0
E373L,-2.876817226409912,0.0
E373K,-1.4770334959030151,0.0
E373M,-3.741358757019043,0.0
E373F,-5.584321975708008,0.0
E373P,-7.381249904632568,0.0
E373S,-2.675297737121582,0.0
E373T,-2.0816073417663574,0.0
E373W,-6.453703880310059,0.0
E373Y,-5.335606575012207,0.0
E373V,-1.9132455587387085,0.0
F374A,-8.957466125488281,0.0
F374R,-9.330528259277344,0.0
F374N,-9.162182807922363,0.0
F374D,-10.293575286865234,0.0
F374C,-7.5550642013549805,0.0
F374E,-10.031015396118164,0.0
F374Q,-9.011982917785645,0.0
F374G,-10.261523246765137,0.0
F374H,-7.188733100891113,0.0
F374I,-6.539215087890625,0.0
F374L,-5.596946716308594,0.0
F374K,-9.905174255371094,0.0
F374M,-6.353658676147461,0.0
F374P,-10.910962104797363,0.0
F374S,-8.895157814025879,0.0
F374T,-8.705638885498047,0.0
F374W,-4.527539253234863,0.0
F374Y,-2.996927261352539,0.0
F374V,-7.3579182624816895,0.0
R375A,-4.3918280601501465,0.0
R375N,-2.2644801139831543,0.0
R375D,-3.069774627685547,0.0
R375C,-5.1236572265625,0.0
R375E,-4.63897180557251,0.0
R375Q,-3.1789188385009766,0.0
R375G,-6.754715442657471,0.0
R375H,-3.486762523651123,0.0
R375I,-2.268332004547119,0.0
R375L,-2.6355018615722656,0.0
R375K,0.4259605407714844,0.0
R375M,-3.870790958404541,0.0
R375F,-4.908825874328613,0.0
R375P,-8.712156295776367,0.0
R375S,-4.556501388549805,0.0
R375T,-4.188118934631348,0.0
R375W,-5.288150787353516,0.0
R375Y,-4.315530776977539,0.0
R375V,-3.1101818084716797,0.0
P376A,-5.738970756530762,0.0
P376R,-8.436166763305664,0.0
P376N,-8.730325698852539,0.0
P376D,-9.930434226989746,0.0
P376C,-9.25821590423584,0.0
P376E,-9.753807067871094,0.0
P376Q,-7.99463415145874,0.0
P376G,-7.815406799316406,0.0
P376H,-6.543217658996582,0.0
P376I,-8.112677574157715,0.0
P376L,-6.4162468910217285,0.0
P376K,-9.374249458312988,0.0
P376M,-8.702929496765137,0.0
P376F,-8.637069702148438,0.0
P376S,-5.396994590759277,0.0
P376T,-7.392138481140137,0.0
P376W,-10.137497901916504,0.0
P376Y,-9.222901344299316,0.0
P376V,-7.5261383056640625,0.0
E377A,-5.9809794425964355,0.0
E377R,-7.657717704772949,0.0
E377N,-5.853213310241699,0.0
E377D,-2.2902379035949707,0.0
E377C,-8.505243301391602,0.0
E377Q,-5.10128927230835,0.0
E377G,-4.903841018676758,0.0
E377H,-6.197376251220703,0.0
E377I,-9.103584289550781,0.0
E377L,-7.058308124542236,0.0
E377K,-6.485165596008301,0.0
E377M,-7.866878509521484,0.0
E377F,-8.11978530883789,0.0
E377P,-9.67024040222168,0.0
E377S,-4.329465866088867,0.0
E377T,-6.325571537017822,0.0
E377W,-8.099784851074219,0.0
E377Y,-7.362329006195068,0.0
E377V,-8.370185852050781,0.0
R378A,-9.006420135498047,0.0
R378N,-7.072099685668945,0.0
R378D,-10.583937644958496,0.0
R378C,-7.236605644226074,0.0
R378E,-10.306604385375977,0.0
R378Q,-7.569851398468018,0.0
R378G,-8.824772834777832,0.0
R378H,-6.285996437072754,0.0
R378I,-9.682397842407227,0.0
R378L,-9.08437442779541,0.0
R378K,-7.168611526489258,0.0
R378M,-9.888301849365234,0.0
R378F,-10.677816390991211,0.0
R378P,-11.662860870361328,0.0
R378S,-8.423516273498535,0.0
R378T,-8.374475479125977,0.0
R378W,-9.273663520812988,0.0
R378Y,-9.075241088867188,0.0
R378V,-8.37724494934082,0.0
F379A,-5.305026531219482,0.0
F379R,-6.626867294311523,0.0
F379N,-6.06968355178833,0.0
F379D,-7.049117088317871,0.0
F379C,-5.962109565734863,0.0
F379E,-7.005354881286621,0.0
F379Q,-6.240341663360596,0.0
F379G,-6.636491775512695,0.0
F379H,-3.883119583129883,0.0
F379I,-5.545261383056641,0.0
F379L,-4.162017822265625,0.0
F379K,-6.866049766540527,0.0
F379M,-4.111209392547607,0.0
F379P,-7.878212928771973,0.0
F379S,-5.555222034454346,0.0
F379T,-5.7733473777771,0.0
F379W,0.8973617553710938,0.0
F379Y,-2.0546116828918457,0.0
F379V,-5.659335136413574,0.0
E380A,-0.3622410297393799,0.0
E380R,-2.795297622680664,0.0
E380N,-3.0640759468078613,0.0
E380D,-1.2783963680267334,0.0
E380C,-4.682511329650879,0.0
E380Q,-2.310649871826172,0.0
E380G,-2.842745780944824,0.0
E380H,-3.839789390563965,0.0
E380I,-1.1799862384796143,0.0
E380L,0.8104564547538757,0.0
E380K,-2.109724521636963,0.0
E380M,-1.8034858703613281,0.0
E380F,-3.121765613555908,0.0
E380P,-4.286893367767334,0.0
E380S,-1.560802698135376,0.0
E380T,-1.9518792629241943,0.0
E380W,-5.2357892990112305,0.0
E380Y,-4.138218879699707,0.0
E380V,-1.5068647861480713,0.0
N381A,-2.2604851722717285,0.0
N381R,-1.7743641138076782,0.0
N381D,0.19578814506530762,0.0
N381C,-5.715555667877197,0.0
N381E,-0.9772440195083618,0.0
N381Q,-2.2253031730651855,0.0
N381G,-1.886518120765686,0.0
N381H,-2.36495304107666,0.0
N381I,-3.8244447708129883,0.0
N381L,-3.5630478858947754,0.0
N381K,-0.45460057258605957,0.0
N381M,-4.27805233001709,0.0
N381F,-4.738022804260254,0.0
N381P,-3.197138786315918,0.0
N381S,-1.852260708808899,0.0
N381T,-2.240501880645752,0.0
N381W,-6.107605934143066,0.0
N381Y,-4.156132221221924,0.0
N381V,-3.3480844497680664,0.0
P382A,-0.011298894882202148,0.0
P382R,-0.8318493366241455,0.0
P382N,-0.6192750930786133,0.0
P382D,-1.1340391635894775,0.0
P382C,-3.3922555446624756,0.0
P382E,-0.753145694732666,0.0
P382Q,-1.185889482498169,0.0
P382G,0.014964818954467773,0.0
P382H,-1.770883321762085,0.0
P382I,0.543755292892456,0.0
P382L,0.4928474426269531,0.0
P382K,-0.12540030479431152,0.0
P382M,-0.5533270835876465,0.0
P382F,-1.339669942855835,0.0
P382S,-0.4508023262023926,0.0
P382T,-0.27674365043640137,0.0
P382W,-3.188204526901245,0.0
P382Y,-2.132478952407837,0.0
P382V,-0.051549434661865234,0.0
S383A,0.0649721622467041,0.0
S383R,-0.705580472946167,0.0
S383N,0.36719369888305664,0.0
S383D,0.5515623092651367,0.0
S383C,-3.7414488792419434,0.0
S383E,0.8635686635971069,0.0
S383Q,-0.11493730545043945,0.0
S383G,0.0012700557708740234,0.0
S383H,-1.3020615577697754,0.0
S383I,-1.595029354095459,0.0
S383L,-1.1689376831054688,0.0
S383K,0.788986086845398,0.0
S383M,-2.4558353424072266,0.0
S383F,-2.6822986602783203,0.0
S383P,-0.9383907318115234,0.0
S383T,-0.1980762481689453,0.0
S383W,-4.603899002075195,0.0
S383Y,-2.518181324005127,0.0
S383V,-0.864079475402832,0.0
A384R,-0.501511812210083,0.0
A384N,-0.3801758289337158,0.0
A384D,-0.7489027976989746,0.0
A384C,-2.8931164741516113,0.0
A384E,-0.5960893630981445,0.0
A384Q,-0.642845630645752,0.0
A384G,-0.3660426139831543,0.0
A384H,-1.3293991088867188,0.0
A384I,-1.7450475692749023,0.0
A384L,-1.1017260551452637,0.0
A384K,0.39827609062194824,0.0
A384M,-2.6592965126037598,0.0
A384F,-2.747196674346924,0.0
A384P,-0.5669994354248047,0.0
A384S,-0.004488468170166016,0.0
A384T,-0.09693121910095215,0.0
A384W,-4.644913196563721,0.0
A384Y,-2.783642292022705,0.0
A384V,-1.0983142852783203,0.0
I385A,-0.4577944278717041,0.0
I385R,-0.040483713150024414,0.0
I385N,-0.652937650680542,0.0
I385D,-0.6221523284912109,0.0
I385C,-3.8429644107818604,0.0
I385E,-0.33679795265197754,0.0
I385Q,-0.8010966777801514,0.0
I385G,-1.1010992527008057,0.0
I385H,-1.1779594421386719,0.0
I385L,-0.019394636154174805,0.0
I385K,0.2145543098449707,0.0
I385M,-1.5107331275939941,0.0
I385F,-1.1605191230773926,0.0
I385P,-0.5711178779602051,0.0
I385S,-0.9163851737976074,0.0
I385T,-0.6276333332061768,0.0
I385W,-2.76149582862854,0.0
I385Y,-1.0340373516082764,0.0
I385V,0.03992915153503418,0.0
P386A,-1.3516790866851807,0.0
P386R,-1.5793991088867188,0.0
P386N,-0.1276867389678955,0.0
P386D,-0.500791072845459,0.0
P386C,-4.487534046173096,0.0
P386E,-1.1453933715820312,0.0
P386Q,-1.2695622444152832,0.0
P386G,-2.017568826675415,0.0
P386H,-0.7169320583343506,0.0
P386I,-3.2981114387512207,0.0
P386L,-2.137756586074829,0.0
P386K,-0.3930513858795166,0.0
P386M,-3.046018123626709,0.0
P386F,-4.322906494140625,0.0
P386S,-0.7593731880187988,0.0
P386T,-1.855107307434082,0.0
P386W,-5.965335845947266,0.0
P386Y,-3.270141124725342,0.0
P386V,-2.740389347076416,0.0
Q387A,0.3846578598022461,0.0
Q387R,0.840057373046875,0.0
Q387N,-0.09467411041259766,0.0
Q387D,-0.7421467304229736,0.0
Q387C,-3.4064292907714844,0.0
Q387E,-0.3358316421508789,0.0
Q387G,-0.013940572738647461,0.0
Q387H,-0.8522593975067139,0.0
Q387I,-1.9402799606323242,0.0
Q387L,-0.9743773937225342,0.0
Q387K,1.5636861324310303,0.0
Q387M,-2.048922061920166,0.0
Q387F,-2.0099658966064453,0.0
Q387P,1.2519245147705078,0.0
Q387S,0.6529841423034668,0.0
Q387T,-0.4134030342102051,0.0
Q387W,-2.7820005416870117,0.0
Q387Y,-1.595327377319336,0.0
Q387V,-1.4117765426635742,0.0
H388A,0.09484386444091797,0.0
H388R,0.025005817413330078,0.0
H388N,0.36582088470458984,0.0
H388D,-0.17960453033447266,0.0
H388C,-1.7979440689086914,0.0
H388E,0.27989912033081055,0.0
H388Q,-0.11681795120239258,0.0
H388G,0.5463016033172607,0.0
H388I,-1.6189141273498535,0.0
H388L,-0.1492476463317871,0.0
H388K,0.5201404094696045,0.0
H388M,-1.2875642776489258,0.0
H388F,1.167236089706421,0.0
H388P,-0.5384962558746338,0.0
H388S,0.1687924861907959,0.0
H388T,-0.6267895698547363,0.0
H388W,-1.2199020385742188,0.0
H388Y,1.671553611755371,0.0
H388V,-1.2905206680297852,0.0
A389R,-4.814934730529785,0.0
A389N,-3.6738545894622803,0.0
A389D,-5.271717071533203,0.0
A389C,-3.384096622467041,0.0
A389E,-4.750096321105957,0.0
A389Q,-4.346765518188477,0.0
A389G,-3.1562745571136475,0.0
A389H,-3.974487066268921,0.0
A389I,-3.129997491836548,0.0
A389L,-3.65384840965271,0.0
A389K,-5.000755310058594,0.0
A389M,-4.027244567871094,0.0
A389F,-3.9021689891815186,0.0
A389P,-4.291529655456543,0.0
A389S,-1.85377836227417,0.0
A389T,-2.2245469093322754,0.0
A389W,-5.068319320678711,0.0
A389Y,-3.517038106918335,0.0
A389V,-2.4414827823638916,0.0
F390A,-5.690185546875,0.0
F390R,-6.258604049682617,0.0
F390N,-5.07426643371582,0.0
F390D,-7.750229835510254,0.0
F390C,-5.920981407165527,0.0
F390E,-7.31626033782959,0.0
F390Q,-5.432283401489258,0.0
F390G,-5.727255821228027,0.0
F390H,-3.9190280437469482,0.0
F390I,-4.052094459533691,0.0
F390L,-2.463467597961426,0.0
F390K,-7.143531799316406,0.0
F390M,-3.5055739879608154,0.0
F390P,-7.164579391479492,0.0
F390S,-5.040721893310547,0.0
F390T,-5.4889373779296875,0.0
F390W,-1.4933502674102783,0.0
F390Y,0.43908411264419556,0.0
F390V,-4.189850807189941,0.0
K391A,0.9487032890319824,0.0
K391R,-0.7354464530944824,0.0
K391N,-1.195734977722168,0.0
K391D,-3.384523868560791,0.0
K391C,-0.4397144317626953,0.0
K391E,-2.1283464431762695,0.0
K391Q,0.17040205001831055,0.0
K391G,-1.2311062812805176,0.0
K391H,-1.2067418098449707,0.0
K391I,3.1734814643859863,0.0
K391L,3.3074469566345215,0.0
K391M,2.7227706909179688,0.0
K391F,1.8114185333251953,0.0
K391P,-2.347355842590332,0.0
K391S,-0.414154052734375,0.0
K391T,0.6372256278991699,0.0
K391W,-0.07392024993896484,0.0
K391Y,0.28296518325805664,0.0
K391V,2.3690285682678223,0.0
P392A,-1.0419678688049316,0.0
P392R,-6.938302040100098,0.0
P392N,-5.424883842468262,0.0
P392D,-7.46675443649292,0.0
P392C,-5.390383720397949,0.0
P392E,-7.9365057945251465,0.0
P392Q,-5.7289581298828125,0.0
P392G,-3.1463098526000977,0.0
P392H,-5.604381084442139,0.0
P392I,-4.645024299621582,0.0
P392L,-4.811953067779541,0.0
P392K,-8.162504196166992,0.0
P392M,-5.789542198181152,0.0
P392F,-6.246462345123291,0.0
P392S,-2.3658366203308105,0.0
P392T,-2.3273515701293945,0.0
P392W,-8.688398361206055,0.0
P392Y,-6.9095964431762695,0.0
P392V,-2.917815685272217,0.0
F393A,-9.285184860229492,0.0
F393R,-10.36802864074707,0.0
F393N,-10.16049575805664,0.0
F393D,-12.475048065185547,0.0
F393C,-8.20686149597168,0.0
F393E,-12.550760269165039,0.0
F393Q,-10.759764671325684,0.0
F393G,-9.211323738098145,0.0
F393H,-9.362080574035645,0.0
F393I,-7.922927379608154,0.0
F393L,-6.14378547668457,0.0
F393K,-11.623340606689453,0.0
F393M,-7.195751190185547,0.0
F393P,-12.463859558105469,0.0
F393S,-8.054709434509277,0.0
F393T,-9.134885787963867,0.0
F393W,-5.097789764404297,0.0
F393Y,-4.961161136627197,0.0
F393V,-8.44267749786377,0.0
G394A,-2.1312670707702637,0.0
G394R,-5.155507564544678,0.0
G394N,-2.4683103561401367,0.0
G394D,-5.950931072235107,0.0
G394C,-5.475035190582275,0.0
G394E,-5.76992654800415,0.0
G394Q,-4.221590518951416,0.0
G394H,-4.576615333557129,0.0
G394I,-4.531579494476318,0.0
G394L,-3.803685188293457,0.0
G394K,-5.905383110046387,0.0
G394M,-4.915308475494385,0.0
G394F,-5.072085857391357,0.0
G394P,-5.74218225479126,0.0
G394S,0.6323573589324951,0.0
G394T,-3.5233540534973145,0.0
G394W,-7.202992916107178,0.0
G394Y,-5.903691291809082,0.0
G394V,-4.42454195022583,0.0
N395A,2.8828742504119873,0.0
N395R,-0.7147297859191895,0.0
N395D,-1.2965807914733887,0.0
N395C,-1.1772799491882324,0.0
N395E,-0.8395829200744629,0.0
N395Q,-0.18534421920776367,0.0
N395G,3.205261468887329,0.0
N395H,0.16779661178588867,0.0
N395I,1.5694656372070312,0.0
N395L,2.0742692947387695,0.0
N395K,-1.749769687652588,0.0
N395M,1.1891112327575684,0.0
N395F,1.4631738662719727,0.0
N395P,-1.181246280670166,0.0
N395S,1.3218519687652588,0.0
N395T,1.153425931930542,0.0
N395W,-0.7174472808837891,0.0
N395Y,0.9866828918457031,0.0
N395V,1.625734567642212,0.0
G396A,-5.9259538650512695,0.0
G396R,-6.86067008972168,0.0
G396N,-7.619333744049072,0.0
G396D,-7.031792163848877,0.0
G396C,-8.908051490783691,0.0
G396E,-7.403502941131592,0.0
G396Q,-8.686851501464844,0.0
G396H,-9.408540725708008,0.0
G396I,-10.131063461303711,0.0
G396L,-9.694440841674805,0.0
G396K,-8.770455360412598,0.0
G396M,-9.441534996032715,0.0
G396F,-9.729942321777344,0.0
G396P,-10.588727951049805,0.0
G396S,-5.859155654907227,0.0
G396T,-8.214973449707031,0.0
G396W,-9.561742782592773,0.0
G396Y,-9.827260971069336,0.0
G396V,-9.009381294250488,0.0
Q397A,1.5762383937835693,0.0
Q397R,-0.28634142875671387,0.0
Q397N,-0.7078855037689209,0.0
Q397D,-2.056964159011841,0.0
Q397C,-3.557687520980835,0.0
Q397E,-0.9004390239715576,0.0
Q397G,0.14604854583740234,0.0
Q397H,-0.8486554622650146,0.0
Q397I,-0.3053262233734131,0.0
Q397L,-0.204453706741333,0.0
Q397K,-0.3276803493499756,0.0
Q397M,-0.846846342086792,0.0
Q397F,-1.9470446109771729,0.0
Q397P,3.4983456134796143,0.0
Q397S,1.5444579124450684,0.0
Q397T,0.42888474464416504,0.0
Q397W,-3.7568109035491943,0.0
Q397Y,-1.918750524520874,0.0
Q397V,0.11079287528991699,0.0
R398A,-8.478456497192383,0.0
R398N,-7.136256217956543,0.0
R398D,-9.971637725830078,0.0
R398C,-9.34161376953125,0.0
R398E,-9.924659729003906,0.0
R398Q,-6.02386474609375,0.0
R398G,-8.179702758789062,0.0
R398H,-3.1612019538879395,0.0
R398I,-8.972652435302734,0.0
R398L,-8.232385635375977,0.0
R398K,-5.362100601196289,0.0
R398M,-8.164111137390137,0.0
R398F,-7.597485542297363,0.0
R398P,-9.698659896850586,0.0
R398S,-6.970000743865967,0.0
R398T,-7.042932033538818,0.0
R398W,-7.189172744750977,0.0
R398Y,-6.15140438079834,0.0
R398V,-9.111444473266602,0.0
A399R,-0.6490960121154785,0.0
A399N,0.04721879959106445,0.0
A399D,-3.1082253456115723,0.0
A399C,-4.5114545822143555,0.0
A399E,-3.173647880554199,0.0
A399Q,-0.41826963424682617,0.0
A399G,-1.002249002456665,0.0
A399H,-1.061812400817871,0.0
A399I,0.6720618009567261,0.0
A399L,-0.7277531623840332,0.0
A399K,-0.60382080078125,0.0
A399M,-0.13751649856567383,0.0
A399F,-1.094985008239746,0.0
A399P,-3.116631031036377,0.0
A399S,-0.060330867767333984,0.0
A399T,-0.3823873996734619,0.0
A399W,-4.044069290161133,0.0
A399Y,-1.4055404663085938,0.0
A399V,0.2885475158691406,0.0
C400A,-8.899770736694336,0.0
C400R,-8.747583389282227,0.0
C400N,-9.901565551757812,0.0
C400D,-12.607880592346191,0.0
C400E,-12.197696685791016,0.0
C400Q,-10.715494155883789,0.0
C400G,-9.949067115783691,0.0
C400H,-9.27212905883789,0.0
C400I,-11.447410583496094,0.0
C400L,-10.568659782409668,0.0
C400K,-10.799267768859863,0.0
C400M,-10.382306098937988,0.0
C400F,-8.962924003601074,0.0
C400P,-10.726627349853516,0.0
C400S,-7.432908058166504,0.0
C400T,-10.428315162658691,0.0
C400W,-8.690571784973145,0.0
C400Y,-8.28835391998291,0.0
C400V,-10.471900939941406,0.0
I401A,-4.506187438964844,0.0
I401R,-9.241501808166504,0.0
I401N,-8.663904190063477,0.0
I401D,-10.258881568908691,0.0
I401C,-8.480236053466797,0.0
I401E,-8.951702117919922,0.0
I401Q,-7.716921806335449,0.0
I401G,-7.881749153137207,0.0
I401H,-8.30329704284668,0.0
I401L,-1.812105655670166,0.0
I401K,-9.268351554870605,0.0
I401M,-3.6942408084869385,0.0
I401F,-5.220674514770508,0.0
I401P,-3.532345771789551,0.0
I401S,-6.595612525939941,0.0
I401T,-5.626684188842773,0.0
I401W,-9.070058822631836,0.0
I401Y,-7.22886848449707,0.0
I401V,-1.668318748474121,0.0
G402A,-4.42513370513916,0.0
G402R,-9.116242408752441,0.0
G402N,-10.120400428771973,0.0
G402D,-9.40133285522461,0.0
G402C,-9.891079902648926,0.0
G402E,-8.915079116821289,0.0
G402Q,-10.966394424438477,0.0
G402H,-12.191327095031738,0.0
G402I,-11.572487831115723,0.0
G402L,-11.136149406433105,0.0
G402K,-11.250930786132812,0.0
G402M,-9.960548400878906,0.0
G402F,-11.41812515258789,0.0
G402P,-11.246530532836914,0.0
G402S,-7.335309028625488,0.0
G402T,-9.995720863342285,0.0
G402W,-11.701997756958008,0.0
G402Y,-11.91230583190918,0.0
G402V,-9.076617240905762,0.0
Q403A,-2.2462544441223145,0.0
Q403R,-0.8907953500747681,0.0
Q403N,-1.057465672492981,0.0
Q403D,-2.6842689514160156,0.0
Q403C,-6.852578163146973,0.0
Q403E,-1.8955966234207153,0.0
Q403G,-3.7148642539978027,0.0
Q403H,-2.145620822906494,0.0
Q403I,-3.7271475791931152,0.0
Q403L,-3.100031852722168,0.0
Q403K,-1.4950891733169556,0.0
Q403M,-1.367261528968811,0.0
Q403F,-3.4674525260925293,0.0
Q403P,-5.640390396118164,0.0
Q403S,-1.6960264444351196,0.0
Q403T,-2.548677444458008,0.0
Q403W,-3.501014232635498,0.0
Q403Y,-1.8611537218093872,0.0
Q403V,-3.663454532623291,0.0
Q404A,-0.6135234832763672,0.0
Q404R,-0.14672398567199707,0.0
Q404N,1.2777847051620483,0.0
Q404D,-1.3714103698730469,0.0
Q404C,-4.479519367218018,0.0
Q404E,-1.155001163482666,0.0
Q404G,-0.07202625274658203,0.0
Q404H,-0.0465545654296875,0.0
Q404I,-3.278428554534912,0.0
Q404L,-2.8250746726989746,0.0
Q404K,-0.5497677326202393,0.0
Q404M,-2.1756539344787598,0.0
Q404F,-3.1105446815490723,0.0
Q404P,-1.1591129302978516,0.0
Q404S,-0.08799099922180176,0.0
Q404T,-0.45493412017822266,0.0
Q404W,-4.20738410949707,0.0
Q404Y,-2.636201858520508,0.0
Q404V,-2.293827533721924,0.0
F405A,-6.4199676513671875,0.0
F405R,-8.202648162841797,0.0
F405N,-7.688086032867432,0.0
F405D,-8.978189468383789,0.0
F405C,-6.588682174682617,0.0
F405E,-8.332820892333984,0.0
F405Q,-6.902970314025879,0.0
F405G,-7.365322589874268,0.0
F405H,-5.9235639572143555,0.0
F405I,-3.3984267711639404,0.0
F405L,-1.3843207359313965,0.0
F405K,-8.716243743896484,0.0
F405M,-3.0580878257751465,0.0
F405P,-8.763047218322754,0.0
F405S,-6.612147331237793,0.0
F405T,-6.536256313323975,0.0
F405W,-5.782303810119629,0.0
F405Y,-1.9448246955871582,0.0
F405V,-4.388296604156494,0.0
A406R,-9.871150970458984,0.0
A406N,-8.781580924987793,0.0
A406D,-9.895956993103027,0.0
A406C,-7.993326663970947,0.0
A406E,-8.61697006225586,0.0
A406Q,-9.49333381652832,0.0
A406G,-2.8440918922424316,0.0
A406H,-9.324191093444824,0.0
A406I,-7.92426061630249,0.0
A406L,-8.064026832580566,0.0
A406K,-10.838155746459961,0.0
A406M,-7.3594465255737305,0.0
A406F,-7.942197322845459,0.0
A406P,-10.31483268737793,0.0
A406S,-3.1383275985717773,0.0
A406T,-5.435574531555176,0.0
A406W,-10.54918098449707,0.0
A406Y,-8.946334838867188,0.0
A406V,-5.303705215454102,0.0
L407A,-3.5131311416625977,0.0
L407R,-1.8136719465255737,0.0
L407N,-3.3116893768310547,0.0
L407D,-5.158595085144043,0.0
L407C,-6.772115707397461,0.0
L407E,-3.2447290420532227,0.0
L407Q,-2.486750602722168,0.0
L407G,-5.978305816650391,0.0
L407H,-3.6197257041931152,0.0
L407I,-1.0674647092819214,0.0
L407K,-2.3369174003601074,0.0
L407M,-0.35095691680908203,0.0
L407F,-2.711697578430176,0.0
L407P,-7.2320556640625,0.0
L407S,-3.7213969230651855,0.0
L407T,-2.194605827331543,0.0
L407W,-3.3173904418945312,0.0
L407Y,-2.1542038917541504,0.0
L407V,-1.7286323308944702,0.0
H408A,2.0652480125427246,0.0
H408R,0.035040855407714844,0.0
H408N,1.1160550117492676,0.0
H408D,-0.9611377716064453,0.0
H408C,-1.203730583190918,0.0
H408E,-0.6649255752563477,0.0
H408Q,1.5214381217956543,0.0
H408G,-0.7166485786437988,0.0
H408I,1.7150452136993408,0.0
H408L,2.647266149520874,0.0
H408K,-0.2339649200439453,0.0
H408M,3.0968029499053955,0.0
H408F,-0.2901186943054199,0.0
H408P,-2.5911989212036133,0.0
H408S,0.8844623565673828,0.0
H408T,1.7918250560760498,0.0
H408W,-1.138763427734375,0.0
H408Y,0.09699249267578125,0.0
H408V,1.6815929412841797,0.0
E409A,-4.320111274719238,0.0
E409R,-6.357357025146484,0.0
E409N,-4.914020538330078,0.0
E409D,-4.862879753112793,0.0
E409C,-7.030376434326172,0.0
E409Q,-2.263986825942993,0.0
E409G,-5.562594413757324,0.0
E409H,-5.5895280838012695,0.0
E409I,-4.783692836761475,0.0
E409L,-5.497799873352051,0.0
E409K,-5.42469596862793,0.0
E409M,-4.3233466148376465,0.0
E409F,-6.007815837860107,0.0
E409P,-7.3690643310546875,0.0
E409S,-4.227419376373291,0.0
E409T,-3.907482147216797,0.0
E409W,-7.4055633544921875,0.0
E409Y,-6.119664192199707,0.0
E409V,-4.201425075531006,0.0
A410R,-6.701322555541992,0.0
A410N,-5.391768455505371,0.0
A410D,-6.768984794616699,0.0
A410C,-4.397207260131836,0.0
A410E,-4.586643218994141,0.0
A410Q,-4.182380676269531,0.0
A410G,-2.069843292236328,0.0
A410H,-6.491233825683594,0.0
A410I,-1.0059401988983154,0.0
A410L,-0.04156637191772461,0.0
A410K,-6.80595588684082,0.0
A410M,0.07133173942565918,0.0
A410F,-3.6262173652648926,0.0
A410P,-5.526699066162109,0.0
A410S,-2.5461087226867676,0.0
A410T,-2.0061228275299072,0.0
A410W,-6.423002243041992,0.0
A410Y,-5.509764671325684,0.0
A410V,-1.3062713146209717,0.0
T411A,-1.2058343887329102,0.0
T411R,0.7989518642425537,0.0
T411N,-1.460494041442871,0.0
T411D,-5.49982213973999,0.0
T411C,-2.4601259231567383,0.0
T411E,-3.1397452354431152,0.0
T411Q,-1.2941961288452148,0.0
T411G,-2.4922728538513184,0.0
T411H,-1.8161530494689941,0.0
T411I,-0.25102949142456055,0.0
T411L,0.04269719123840332,0.0
T411K,1.7454760074615479,0.0
T411M,-0.8031604290008545,0.0
T411F,-1.9373846054077148,0.0
T411P,-4.059567928314209,0.0
T411S,0.015233516693115234,0.0
T411W,-3.323742389678955,0.0
T411Y,-1.6517672538757324,0.0
T411V,-0.1651780605316162,0.0
L412A,-2.619293689727783,0.0
L412R,-5.457098960876465,0.0
L412N,-6.044668197631836,0.0
L412D,-8.663516998291016,0.0
L412C,-4.219809055328369,0.0
L412E,-6.70994758605957,0.0
L412Q,-5.7706756591796875,0.0
L412G,-5.529168605804443,0.0
L412H,-5.166125297546387,0.0
L412I,-0.6805967688560486,0.0
L412K,-5.467585563659668,0.0
L412M,-2.09757924079895,0.0
L412F,-2.2779271602630615,0.0
L412P,-6.659097671508789,0.0
L412S,-4.424657821655273,0.0
L412T,-3.0037925243377686,0.0
L412W,-6.069162845611572,0.0
L412Y,-2.473335027694702,0.0
L412V,-0.9930240511894226,0.0
V413A,0.057186126708984375,0.0
V413R,-6.8887834548950195,0.0
V413N,-5.178102493286133,0.0
V413D,-7.412514686584473,0.0
V413C,-2.996826171875,0.0
V413E,-6.563492774963379,0.0
V413Q,-6.004197120666504,0.0
V413G,-1.436197280883789,0.0
V413H,-5.647035598754883,0.0
V413I,-0.07836103439331055,0.0
V413L,-0.4137437343597412,0.0
V413K,-6.643843650817871,0.0
V413M,-1.4561576843261719,0.0
V413F,0.13964080810546875,0.0
V413P,-4.8423662185668945,0.0
V413S,-2.62261962890625,0.0
V413T,-1.54404878616333,0.0
V413W,-5.2069573402404785,0.0
V413Y,-3.3033180236816406,0.0
L414A,-3.5096938610076904,0.0
L414R,-7.089437484741211,0.0
L414N,-7.525856971740723,0.0
L414D,-9.825883865356445,0.0
L414C,-5.114687919616699,0.0
L414E,-7.7118682861328125,0.0
L414Q,-6.956854820251465,0.0
L414G,-7.06514835357666,0.0
L414H,-7.561295032501221,0.0
L414I,-1.9041987657546997,0.0
L414K,-6.980799674987793,0.0
L414M,-2.629260301589966,0.0
L414F,-3.341434955596924,0.0
L414P,-7.781928062438965,0.0
L414S,-5.5361409187316895,0.0
L414T,-3.5248863697052,0.0
L414W,-7.089633941650391,0.0
L414Y,-5.97521448135376,0.0
L414V,-2.2206482887268066,0.0
G415A,3.0312840938568115,0.0
G415R,-4.26231575012207,0.0
G415N,-3.135124444961548,0.0
G415D,-4.3263139724731445,0.0
G415C,-0.8682458400726318,0.0
G415E,-3.314558744430542,0.0
G415Q,-3.675499200820923,0.0
G415H,-2.833648920059204,0.0
G415I,-1.132371187210083,0.0
G415L,-1.5781080722808838,0.0
G415K,-3.9855048656463623,0.0
G415M,-1.9769518375396729,0.0
G415F,-2.429744005203247,0.0
G415P,-0.5358614921569824,0.0
G415S,1.2272982597351074,0.0
G415T,0.21791386604309082,0.0
G415W,-4.176752090454102,0.0
G415Y,-2.4042675495147705,0.0
G415V,0.2637975215911865,0.0
M416A,-0.5688116550445557,0.0
M416R,0.7707626819610596,0.0
M416N,-0.8199155330657959,0.0
M416D,-2.723468065261841,0.0
M416C,-1.9450738430023193,0.0
M416E,-0.8428609371185303,0.0
M416Q,-0.5815579891204834,0.0
M416G,-2.4777891635894775,0.0
M416H,-0.11700034141540527,0.0
M416I,-1.5618810653686523,0.0
M416L,-0.568070650100708,0.0
M416K,0.5171771049499512,0.0
M416F,-2.3925864696502686,0.0
M416P,-5.375435829162598,0.0
M416S,-0.416703462600708,0.0
M416T,-0.033359527587890625,0.0
M416W,-2.2658369541168213,0.0
M416Y,-0.9794633388519287,0.0
M416V,-1.5358664989471436,0.0
M417A,-2.0486807823181152,0.0
M417R,-8.1572265625,0.0
M417N,-6.416398525238037,0.0
M417D,-8.431095123291016,0.0
M417C,-3.3095431327819824,0.0
M417E,-8.12769889831543,0.0
M417Q,-6.6791815757751465,0.0
M417G,-5.986007213592529,0.0
M417H,-5.151084899902344,0.0
M417I,1.258286476135254,0.0
M417L,1.5893707275390625,0.0
M417K,-8.099302291870117,0.0
M417F,-0.23780012130737305,0.0
M417P,-7.874570369720459,0.0
M417S,-4.448181629180908,0.0
M417T,-1.940500259399414,0.0
M417W,-2.104501724243164,0.0
M417Y,-3.324460983276367,0.0
M417V,0.323455810546875,0.0
L418A,-2.30854868888855,0.0
L418R,-5.767451286315918,0.0
L418N,-5.923356533050537,0.0
L418D,-7.48033332824707,0.0
L418C,-4.57204008102417,0.0
L418E,-6.037571430206299,0.0
L418Q,-5.747435092926025,0.0
L418G,-5.652538299560547,0.0
L418H,-5.6820969581604,0.0
L418I,-1.1389400959014893,0.0
L418K,-5.612592697143555,0.0
L418M,-2.248412609100342,0.0
L418F,-2.316642999649048,0.0
L418P,-7.210101127624512,0.0
L418S,-4.8608551025390625,0.0
L418T,-3.683239459991455,0.0
L418W,-5.3422088623046875,0.0
L418Y,-3.8068718910217285,0.0
L418V,-0.925562858581543,0.0
K419A,-1.195441484451294,0.0
K419R,1.239149570465088,0.0
K419N,-1.2775225639343262,0.0
K419D,-2.749485492706299,0.0
K419C,-3.248307704925537,0.0
K419E,-1.8704228401184082,0.0
K419Q,1.2564232349395752,0.0
K419G,-2.114898204803467,0.0
K419H,-1.1248633861541748,0.0
K419I,-3.3661141395568848,0.0
K419L,-1.010643720626831,0.0
K419M,-1.5418519973754883,0.0
K419F,-3.066235065460205,0.0
K419P,-3.460212230682373,0.0
K419S,0.11255097389221191,0.0
K419T,-0.9119956493377686,0.0
K419W,-2.8069863319396973,0.0
K419Y,-2.4103236198425293,0.0
K419V,-3.2381653785705566,0.0
H420A,-0.9303703308105469,0.0
H420R,1.20702064037323,0.0
H420N,1.0596383810043335,0.0
H420D,-1.0758647918701172,0.0
H420C,-2.6407594680786133,0.0
H420E,-0.5260486602783203,0.0
H420Q,-0.40148067474365234,0.0
H420G,-1.7867469787597656,0.0
H420I,-3.0033645629882812,0.0
H420L,-2.039947986602783,0.0
H420K,0.6992505788803101,0.0
H420M,-2.349109649658203,0.0
H420F,-2.389434337615967,0.0
H420P,-5.419240474700928,0.0
H420S,-0.6157574653625488,0.0
H420T,-1.1392426490783691,0.0
H420W,-3.908628463745117,0.0
H420Y,-1.529317855834961,0.0
H420V,-2.3087100982666016,0.0
F421A,-6.209937572479248,0.0
F421R,-7.1373138427734375,0.0
F421N,-7.799384593963623,0.0
F421D,-8.466222763061523,0.0
F421C,-5.230556011199951,0.0
F421E,-7.8089070320129395,0.0
F421Q,-7.6633219718933105,0.0
F421G,-7.79543924331665,0.0
F421H,-5.511002540588379,0.0
F421I,-4.886653900146484,0.0
F421L,-4.103844165802002,0.0
F421K,-7.490495681762695,0.0
F421M,-5.237213134765625,0.0
F421P,-7.7073750495910645,0.0
F421S,-6.799709320068359,0.0
F421T,-6.704617500305176,0.0
F421W,-3.729065179824829,0.0
F421Y,-1.0167527198791504,0.0
F421V,-4.6751275062561035,0.0
D422A,-0.9812562465667725,0.0
D422R,1.651424527168274,0.0
D422N,-0.11473393440246582,0.0
D422C,-2.280290365219116,0.0
D422E,0.8171045780181885,0.0
D422Q,0.021714448928833008,0.0
D422G,-2.6338813304901123,0.0
D422H,0.12592005729675293,0.0
D422I,-1.3731987476348877,0.0
D422L,-1.8790652751922607,0.0
D422K,1.2566527128219604,0.0
D422M,-2.3142831325531006,0.0
D422F,-2.8271849155426025,0.0
D422P,-3.747504949569702,0.0
D422S,0.2967965602874756,0.0
D422T,0.6202940940856934,0.0
D422W,-3.38846755027771,0.0
D422Y,-1.530884027481079,0.0
D422V,-0.008460760116577148,0.0
F423A,-3.883359909057617,0.0
F423R,-5.801189422607422,0.0
F423N,-5.907617568969727,0.0
F423D,-6.003715991973877,0.0
F423C,-4.870992183685303,0.0
F423E,-5.935567378997803,0.0
F423Q,-6.542722702026367,0.0
F423G,-5.346750259399414,0.0
F423H,-6.11168098449707,0.0
F423I,-0.16860055923461914,0.0
F423L,-0.5595290660858154,0.0
F423K,-5.662980079650879,0.0
F423M,-2.2893190383911133,0.0
F423P,-4.06493616104126,0.0
F423S,-5.1849188804626465,0.0
F423T,-4.46073055267334,0.0
F423W,-2.9933290481567383,0.0
F423Y,-3.514814853668213,0.0
F423V,-0.9858951568603516,0.0
E424A,-1.1901304721832275,0.0
E424R,-0.4867680072784424,0.0
E424N,-2.3661954402923584,0.0
E424D,-2.0357539653778076,0.0
E424C,-3.400130033493042,0.0
E424Q,-1.008026361465454,0.0
E424G,-3.0018374919891357,0.0
E424H,-1.9622814655303955,0.0
E424I,-0.4084327220916748,0.0
E424L,-0.49467897415161133,0.0
E424K,0.10101521015167236,0.0
E424M,-1.6030573844909668,0.0
E424F,-1.5051264762878418,0.0
E424P,-4.326747894287109,0.0
E424S,-0.7066788673400879,0.0
E424T,-0.606757402420044,0.0
E424W,-3.759260416030884,0.0
E424Y,-2.1438910961151123,0.0
E424V,-0.06973910331726074,0.0
D425A,3.2177324295043945,0.0
D425R,2.9347665309906006,0.0
D425N,0.6208820343017578,0.0
D425C,1.5668830871582031,0.0
D425E,1.4121522903442383,0.0
D425Q,1.6150951385498047,0.0
D425G,0.10312557220458984,0.0
D425H,1.6389894485473633,0.0
D425I,3.2369298934936523,0.0
D425L,5.119951248168945,0.0
D425K,2.876493453979492,0.0
D425M,2.5568366050720215,0.0
D425F,2.596930980682373,0.0
D425P,3.8916015625,0.0
D425S,2.2480883598327637,0.0
D425T,3.0564370155334473,0.0
D425W,2.0874433517456055,0.0
D425Y,1.9687199592590332,0.0
D425V,4.0441765785217285,0.0
H426A,2.583937406539917,0.0
H426R,0.22196578979492188,0.0
H426N,1.1915669441223145,0.0
H426D,1.1117854118347168,0.0
H426C,0.9308466911315918,0.0
H426E,0.5777010917663574,0.0
H426Q,-0.20225048065185547,0.0
H426G,0.9250278472900391,0.0
H426I,1.7346267700195312,0.0
H426L,1.9318456649780273,0.0
H426K,0.073028564453125,0.0
H426M,0.3449363708496094,0.0
H426F,-0.16586732864379883,0.0
H426P,2.315319299697876,0.0
H426S,2.247117042541504,0.0
H426T,1.5424957275390625,0.0
H426W,-1.7092370986938477,0.0
H426Y,-0.5149974822998047,0.0
H426V,2.7985191345214844,0.0
T427A,0.0424342155456543,0.0
T427R,-0.1819462776184082,0.0
T427N,-0.7529153823852539,0.0
T427D,0.13408517837524414,0.0
T427C,-2.350414276123047,0.0
T427E,0.7352333068847656,0.0
T427Q,-0.3818690776824951,0.0
T427G,-0.12116146087646484,0.0
T427H,-0.8877918720245361,0.0
T427I,-0.7929401397705078,0.0
T427L,-0.44518375396728516,0.0
T427K,0.5773634910583496,0.0
T427M,-1.726250171661377,0.0
T427F,-1.4905447959899902,0.0
T427P,1.9844346046447754,0.0
T427S,0.2081470489501953,0.0
T427W,-2.2958855628967285,0.0
T427Y,-1.490149974822998,0.0
T427V,-0.16715455055236816,0.0
N428A,-0.5902323722839355,0.0
N428R,-0.8202657699584961,0.0
N428D,0.48180246353149414,0.0
N428C,-3.44545841217041,0.0
N428E,0.4886288642883301,0.0
N428Q,-0.8279256820678711,0.0
N428G,1.0239230394363403,0.0
N428H,-1.4322428703308105,0.0
N428I,-2.0901336669921875,0.0
N428L,-1.9184584617614746,0.0
N428K,0.6047210693359375,0.0
N428M,-2.6988344192504883,0.0
N428F,-3.031892776489258,0.0
N428P,0.31235694885253906,0.0
N428S,-0.31272101402282715,0.0
N428T,-0.5185961723327637,0.0
N428W,-4.068363189697266,0.0
N428Y,-2.552922248840332,0.0
N428V,-1.395064353942871,0.0
Y429A,0.09279680252075195,0.0
Y429R,-0.24254226684570312,0.0
Y429N,-0.9361996650695801,0.0
Y429D,-1.0830798149108887,0.0
Y429C,-1.696526050567627,0.0
Y429E,-0.09124994277954102,0.0
Y429Q,-0.3744795322418213,0.0
Y429G,-0.7872700691223145,0.0
Y429H,-0.5151524543762207,0.0
Y429I,-0.02570819854736328,0.0
Y429L,0.4127826690673828,0.0
Y429K,-0.10513591766357422,0.0
Y429M,0.06571245193481445,0.0
Y429F,-0.3379969596862793,0.0
Y429P,1.4979532957077026,0.0
Y429S,-0.048705101013183594,0.0
Y429T,0.7121872901916504,0.0
Y429W,-2.1534042358398438,0.0
Y429V,0.35776853561401367,0.0
E430A,-1.0376038551330566,0.0
E430R,-0.616788387298584,0.0
E430N,-1.256582498550415,0.0
E430D,-0.618807315826416,0.0
E430C,-3.633357048034668,0.0
E430Q,-0.5981752872467041,0.0
E430G,-1.7835512161254883,0.0
E430H,-1.7157578468322754,0.0
E430I,-1.5521655082702637,0.0
E430L,-1.7155070304870605,0.0
E430K,0.32842767238616943,0.0
E430M,-2.5438666343688965,0.0
E430F,-2.803044319152832,0.0
E430P,-0.3590099811553955,0.0
E430S,-0.7079296112060547,0.0
E430T,-0.2745070457458496,0.0
E430W,-4.071802139282227,0.0
E430Y,-2.556004524230957,0.0
E430V,-0.7341675758361816,0.0
L431A,-1.3272045850753784,0.0
L431R,-2.490661144256592,0.0
L431N,-3.259141445159912,0.0
L431D,-3.1122984886169434,0.0
L431C,-3.6771397590637207,0.0
L431E,-2.5272631645202637,0.0
L431Q,-3.37669038772583,0.0
L431G,-2.8180947303771973,0.0
L431H,-3.1373724937438965,0.0
L431I,0.1015557050704956,0.0
L431K,-1.9186307191848755,0.0
L431M,-1.4008046388626099,0.0
L431F,-0.917340874671936,0.0
L431P,-0.7242749929428101,0.0
L431S,-3.082061290740967,0.0
L431T,-1.7926267385482788,0.0
L431W,-2.7218785285949707,0.0
L431Y,-2.036433219909668,0.0
L431V,0.18304431438446045,0.0
D432A,-0.7367072105407715,0.0
D432R,0.14095211029052734,0.0
D432N,-0.37012648582458496,0.0
D432C,-2.3973817825317383,0.0
D432E,1.1519091129302979,0.0
D432Q,-0.055144309997558594,0.0
D432G,-1.34476900100708,0.0
D432H,-1.1257328987121582,0.0
D432I,-1.1185691356658936,0.0
D432L,-1.450556755065918,0.0
D432K,1.1107451915740967,0.0
D432M,-1.7504987716674805,0.0
D432F,-2.5001440048217773,0.0
D432P,-0.5957860946655273,0.0
D432S,0.02640700340270996,0.0
D432T,0.3290114402770996,0.0
D432W,-2.8000078201293945,0.0
D432Y,-2.0617380142211914,0.0
D432V,-0.3448190689086914,0.0
I433A,-1.2384138107299805,0.0
I433R,-0.7108063697814941,0.0
I433N,-1.7899622917175293,0.0
I433D,-1.912886142730713,0.0
I433C,-2.893251895904541,0.0
I433E,-0.9674549102783203,0.0
I433Q,-1.419753074645996,0.0
I433G,-1.6398162841796875,0.0
I433H,-1.9907841682434082,0.0
I433L,0.417447566986084,0.0
I433K,-0.41568422317504883,0.0
I433M,-0.30518555641174316,0.0
I433F,0.022366046905517578,0.0
I433P,-0.44921040534973145,0.0
I433S,-1.2439031600952148,0.0
I433T,-0.706796407699585,0.0
I433W,-1.0071916580200195,0.0
I433Y,-0.7342591285705566,0.0
I433V,-0.12112283706665039,0.0
K434A,-2.3372597694396973,0.0
K434R,-1.0640408992767334,0.0
K434N,-2.4784975051879883,0.0
K434D,-2.14471697807312,0.0
K434C,-4.315862655639648,0.0
K434E,-1.2027745246887207,0.0
K434Q,-1.7994365692138672,0.0
K434G,-2.9875237941741943,0.0
K434H,-2.83510160446167,0.0
K434I,-2.7485554218292236,0.0
K434L,-2.5860843658447266,0.0
K434M,-2.9343888759613037,0.0
K434F,-3.2939555644989014,0.0
K434P,-2.7828421592712402,0.0
K434S,-1.7003998756408691,0.0
K434T,-1.2192931175231934,0.0
K434W,-5.016345024108887,0.0
K434Y,-3.104966878890991,0.0
K434V,-2.1716630458831787,0.0
E435A,-1.7850854396820068,0.0
E435R,-1.3193895816802979,0.0
E435N,-1.2773756980895996,0.0
E435D,-0.2902944087982178,0.0
E435C,-4.023674964904785,0.0
E435Q,-1.6523232460021973,0.0
E435G,-1.6473138332366943,0.0
E435H,-2.1405937671661377,0.0
E435I,-4.087790489196777,0.0
E435L,-3.1773736476898193,0.0
E435K,-0.5518472194671631,0.0
E435M,-3.175494432449341,0.0
E435F,-3.70723032951355,0.0
E435P,-0.1017296314239502,0.0
E435S,-0.5765995979309082,0.0
E435T,-0.9604897499084473,0.0
E435W,-4.685096740722656,0.0
E435Y,-2.8805224895477295,0.0
E435V,-3.5005481243133545,0.0
T436A,0.34098196029663086,0.0
T436R,-0.7966976165771484,0.0
T436N,-0.762441873550415,0.0
T436D,-1.399263858795166,0.0
T436C,-0.762143611907959,0.0
T436E,-0.9138517379760742,0.0
T436Q,-1.141641616821289,0.0
T436G,0.14262008666992188,0.0
T436H,-1.4963531494140625,0.0
T436I,0.5025234222412109,0.0
T436L,0.3684537410736084,0.0
T436K,-0.5553569793701172,0.0
T436M,-0.5878190994262695,0.0
T436F,0.2716057300567627,0.0
T436P,-0.8911571502685547,0.0
T436S,-0.2357192039489746,0.0
T436W,-1.309725284576416,0.0
T436Y,-0.6283204555511475,0.0
T436V,0.47913122177124023,0.0
L437A,-1.7788187265396118,0.0
L437R,-3.439408779144287,0.0
L437N,-3.444077968597412,0.0
L437D,-4.105652809143066,0.0
L437C,-3.779484748840332,0.0
L437E,-3.45747709274292,0.0
L437Q,-3.407764434814453,0.0
L437G,-2.8652234077453613,0.0
L437H,-3.540816307067871,0.0
L437I,0.24752330780029297,0.0
L437K,-3.543844223022461,0.0
L437M,-1.0439702272415161,0.0
L437F,-0.6395055055618286,0.0
L437P,-2.3812055587768555,0.0
L437S,-2.308434009552002,0.0
L437T,-1.3460146188735962,0.0
L437W,-3.507770538330078,0.0
L437Y,-2.6150479316711426,0.0
L437V,-0.2946338653564453,0.0
T438A,-2.4652481079101562,0.0
T438R,-3.425107717514038,0.0
T438N,-3.550530195236206,0.0
T438D,-5.391996383666992,0.0
T438C,-3.801189661026001,0.0
T438E,-4.6499738693237305,0.0
T438Q,-4.087322235107422,0.0
T438G,-4.431530952453613,0.0
T438H,-4.6835174560546875,0.0
T438I,-1.117393970489502,0.0
T438L,-0.8809473514556885,0.0
T438K,-3.9506995677948,0.0
T438M,-2.1827361583709717,0.0
T438F,-3.19431471824646,0.0
T438P,-4.436890602111816,0.0
T438S,-2.6488022804260254,0.0
T438W,-5.343686103820801,0.0
T438Y,-4.3419189453125,0.0
T438V,-0.8695864677429199,0.0
L439A,-1.8446968793869019,0.0
L439R,-1.4722245931625366,0.0
L439N,-2.70811128616333,0.0
L439D,-3.7485480308532715,0.0
L439C,-3.5736660957336426,0.0
L439E,-2.642198085784912,0.0
L439Q,-2.463721752166748,0.0
L439G,-2.783254623413086,0.0
L439H,-2.6637229919433594,0.0
L439I,-0.8618439435958862,0.0
L439K,-2.0673956871032715,0.0
L439M,-1.145865797996521,0.0
L439F,-1.6213210821151733,0.0
L439P,-1.639050841331482,0.0
L439S,-1.8430927991867065,0.0
L439T,-1.4240885972976685,0.0
L439W,-2.2836403846740723,0.0
L439Y,-2.3162569999694824,0.0
L439V,-0.8753658533096313,0.0
K440A,-1.025442123413086,0.0
K440R,0.18554162979125977,0.0
K440N,-2.2214887142181396,0.0
K440D,-2.5845813751220703,0.0
K440C,-3.7864990234375,0.0
K440E,-1.2727246284484863,0.0
K440Q,-1.4647161960601807,0.0
K440G,-1.981163740158081,0.0
K440H,-1.5984091758728027,0.0
K440I,-2.889801502227783,0.0
K440L,-1.6135063171386719,0.0
K440M,-1.7786223888397217,0.0
K440F,-2.755375385284424,0.0
K440P,-0.6153736114501953,0.0
K440S,-1.3884954452514648,0.0
K440T,-1.4089853763580322,0.0
K440W,-4.057498455047607,0.0
K440Y,-2.6410770416259766,0.0
K440V,-2.0485680103302,0.0
P441A,-2.4604427814483643,0.0
P441R,-2.1957955360412598,0.0
P441N,-3.42221999168396,0.0
P441D,-4.113670349121094,0.0
P441C,-5.586627006530762,0.0
P441E,-3.4552371501922607,0.0
P441Q,-3.1177268028259277,0.0
P441G,-3.6978604793548584,0.0
P441H,-3.80826735496521,0.0
P441I,-3.928807020187378,0.0
P441L,-2.6685996055603027,0.0
P441K,-1.4072387218475342,0.0
P441M,-2.909773349761963,0.0
P441F,-4.195713043212891,0.0
P441S,-2.8805246353149414,0.0
P441T,-2.9041028022766113,0.0
P441W,-4.637093544006348,0.0
P441Y,-4.085086822509766,0.0
P441V,-3.201802968978882,0.0
E442A,-0.8440442085266113,0.0
E442R,0.3819093704223633,0.0
E442N,-0.132155179977417,0.0
E442D,-0.3669004440307617,0.0
E442C,-2.078125,0.0
E442Q,-0.06568694114685059,0.0
E442G,0.0009241104125976562,0.0
E442H,-0.5696790218353271,0.0
E442I,-1.9895477294921875,0.0
E442L,-0.0726633071899414,0.0
E442K,1.2566941976547241,0.0
E442M,-0.661280632019043,0.0
E442F,-1.9309353828430176,0.0
E442P,-2.7395424842834473,0.0
E442S,-0.7592196464538574,0.0
E442T,-0.8903841972351074,0.0
E442W,-3.440072536468506,0.0
E442Y,-1.6784334182739258,0.0
E442V,-1.4487667083740234,0.0
G443A,-2.80910587310791,0.0
G443R,-3.111931800842285,0.0
G443N,-1.5526753664016724,0.0
G443D,-1.0068461894989014,0.0
G443C,-4.7771759033203125,0.0
G443E,-1.9115248918533325,0.0
G443Q,-2.758747100830078,0.0
G443H,-3.070037841796875,0.0
G443I,-5.025861740112305,0.0
G443L,-4.148151397705078,0.0
G443K,-2.1592721939086914,0.0
G443M,-4.269423484802246,0.0
G443F,-4.623544692993164,0.0
G443P,-2.3707046508789062,0.0
G443S,-2.030118465423584,0.0
G443T,-2.714672565460205,0.0
G443W,-5.684280872344971,0.0
G443Y,-4.38834810256958,0.0
G443V,-4.310091495513916,0.0
F444A,-1.6832027435302734,0.0
F444R,-4.178508281707764,0.0
F444N,-4.450601100921631,0.0
F444D,-5.619352340698242,0.0
F444C,-2.2457451820373535,0.0
F444E,-5.077030181884766,0.0
F444Q,-3.9975953102111816,0.0
F444G,-3.7151145935058594,0.0
F444H,-3.297773838043213,0.0
F444I,-0.2358105182647705,0.0
F444L,2.7606632709503174,0.0
F444K,-4.237865924835205,0.0
F444M,-0.1907503604888916,0.0
F444P,-4.417458534240723,0.0
F444S,-3.86468505859375,0.0
F444T,-2.3845601081848145,0.0
F444W,-3.583461284637451,0.0
F444Y,-2.0998172760009766,0.0
F444V,-0.36650991439819336,0.0
V445A,-0.1426069736480713,0.0
V445R,1.308500051498413,0.0
V445N,-0.15409350395202637,0.0
V445D,-0.5999095439910889,0.0
V445C,-1.0717666149139404,0.0
V445E,0.17762041091918945,0.0
V445Q,0.3538777828216553,0.0
V445G,-0.2677958011627197,0.0
V445H,0.4362819194793701,0.0
V445I,-0.07263016700744629,0.0
V445L,1.2594549655914307,0.0
V445K,1.6150894165039062,0.0
V445M,0.4630703926086426,0.0
V445F,0.5125317573547363,0.0
V445P,1.7602484226226807,0.0
V445S,0.10858273506164551,0.0
V445T,0.16336464881896973,0.0
V445W,0.07573604583740234,0.0
V445Y,0.3354613780975342,0.0
V446A,-1.5525426864624023,0.0
V446R,-7.3025360107421875,0.0
V446N,-7.611950874328613,0.0
V446D,-8.166881561279297,0.0
V446C,-2.5556228160858154,0.0
V446E,-7.744475364685059,0.0
V446Q,-7.792446136474609,0.0
V446G,-4.970422744750977,0.0
V446H,-8.42086410522461,0.0
V446I,-0.6444897651672363,0.0
V446L,-0.8172261714935303,0.0
V446K,-7.341646194458008,0.0
V446M,-2.046180486679077,0.0
V446F,-2.985177516937256,0.0
V446P,-6.573647499084473,0.0
V446S,-5.389970779418945,0.0
V446T,-4.609810829162598,0.0
V446W,-6.3462114334106445,0.0
V446Y,-5.627008438110352,0.0
K447A,-2.2484309673309326,0.0
K447R,0.004033088684082031,0.0
K447N,-1.7387378215789795,0.0
K447D,-3.52065372467041,0.0
K447C,-2.401665687561035,0.0
K447E,-2.3352572917938232,0.0
K447Q,-1.2720191478729248,0.0
K447G,-3.2918601036071777,0.0
K447H,-1.704559326171875,0.0
K447I,-2.311633586883545,0.0
K447L,-1.9552545547485352,0.0
K447M,-2.235952615737915,0.0
K447F,-3.215898036956787,0.0
K447P,-4.104258060455322,0.0
K447S,-1.6914851665496826,0.0
K447T,-1.2254412174224854,0.0
K447W,-4.295588493347168,0.0
K447Y,-2.860046863555908,0.0
K447V,-1.8936147689819336,0.0
A448R,-2.434051036834717,0.0
A448N,-4.860931396484375,0.0
A448D,-5.755362033843994,0.0
A448C,-1.764869213104248,0.0
A448E,-4.947479248046875,0.0
A448Q,-4.404143333435059,0.0
A448G,-2.380958080291748,0.0
A448H,-4.345038414001465,0.0
A448I,1.316294550895691,0.0
A448L,1.3012877702713013,0.0
A448K,-3.0621347427368164,0.0
A448M,-0.08041000366210938,0.0
A448F,0.6627187728881836,0.0
A448P,-1.3645105361938477,0.0
A448S,-3.0639214515686035,0.0
A448T,-1.7930545806884766,0.0
A448W,-2.1592769622802734,0.0
A448Y,-1.8025522232055664,0.0
A448V,1.4202262163162231,0.0
K449A,-2.2631258964538574,0.0
K449R,0.17885422706604004,0.0
K449N,-2.905055046081543,0.0
K449D,-3.7719969749450684,0.0
K449C,-3.7877659797668457,0.0
K449E,-1.5276678800582886,0.0
K449Q,-1.961863398551941,0.0
K449G,-4.232793807983398,0.0
K449H,-2.605907440185547,0.0
K449I,-0.8583482503890991,0.0
K449L,-1.9151338338851929,0.0
K449M,-2.705331325531006,0.0
K449F,-3.1488184928894043,0.0
K449P,-7.036545276641846,0.0
K449S,-1.5122417211532593,0.0
K449T,-0.578107476234436,0.0
K449W,-3.903123378753662,0.0
K449Y,-3.1907801628112793,0.0
K449V,-0.25614190101623535,0.0
S450A,0.6085004806518555,0.0
S450R,2.231565475463867,0.0
S450N,-0.6383767127990723,0.0
S450D,-0.8225936889648438,0.0
S450C,-2.3923845291137695,0.0
S450E,1.080317497253418,0.0
S450Q,-0.06557512283325195,0.0
S450G,-1.0260248184204102,0.0
S450H,-1.2679877281188965,0.0
S450I,0.008947610855102539,0.0
S450L,1.1872735023498535,0.0
S450K,2.155759572982788,0.0
S450M,-0.3127450942993164,0.0
S450F,-0.8667278289794922,0.0
S450P,2.180196523666382,0.0
S450T,-0.10722804069519043,0.0
S450W,-1.7029528617858887,0.0
S450Y,-1.6349468231201172,0.0
S450V,0.06516718864440918,0.0
K451A,-1.3018569946289062,0.0
K451R,3.205904006958008,0.0
K451N,-2.2899980545043945,0.0
K451D,-3.582737922668457,0.0
K451C,-1.6494817733764648,0.0
K451E,-2.242103099822998,0.0
K451Q,-1.52824068069458,0.0
K451G,-2.8815784454345703,0.0
K451H,-1.6393613815307617,0.0
K451I,0.03659629821777344,0.0
K451L,-0.02660822868347168,0.0
K451M,-1.756699562072754,0.0
K451F,-2.178889274597168,0.0
K451P,-3.124239921569824,0.0
K451S,-1.68145751953125,0.0
K451T,-0.9547905921936035,0.0
K451W,-3.151876449584961,0.0
K451Y,-2.4026832580566406,0.0
K451V,0.6927850246429443,0.0
K452A,-0.6618857383728027,0.0
K452R,-0.39032745361328125,0.0
K452N,-0.18665456771850586,0.0
K452D,-0.2877621650695801,0.0
K452C,-2.7845234870910645,0.0
K452E,0.1247563362121582,0.0
K452Q,-0.8195583820343018,0.0
K452G,-0.8880610466003418,0.0
K452H,-1.4087166786193848,0.0
K452I,-0.9869256019592285,0.0
K452L,-0.4253273010253906,0.0
K452M,-2.1127004623413086,0.0
K452F,-2.2016897201538086,0.0
K452P,-0.5370602607727051,0.0
K452S,-0.0891714096069336,0.0
K452T,-0.34613776206970215,0.0
K452W,-3.8612008094787598,0.0
K452Y,-2.0069475173950195,0.0
K452V,-0.81951904296875,0.0
I453A,0.9462156295776367,0.0
I453R,1.425018072128296,0.0
I453N,-0.22777462005615234,0.0
I453D,-0.7418806552886963,0.0
I453C,-2.1204395294189453,0.0
I453E,0.43437910079956055,0.0
I453Q,-0.022560834884643555,0.0
I453G,0.24694037437438965,0.0
I453H,-0.8661055564880371,0.0
I453L,0.6229438781738281,0.0
I453K,0.9033284187316895,0.0
I453M,-0.781562328338623,0.0
I453F,-1.7126269340515137,0.0
I453P,-0.40987563133239746,0.0
I453S,0.31600189208984375,0.0
I453T,0.4932854175567627,0.0
I453W,-2.5494027137756348,0.0
I453Y,-1.5954513549804688,0.0
I453V,0.5143446922302246,0.0
P454A,0.4238877296447754,0.0
P454R,-0.2576720714569092,0.0
P454N,0.15219759941101074,0.0
P454D,0.017811059951782227,0.0
P454C,-2.2359678745269775,0.0
P454E,0.5340354442596436,0.0
P454Q,-0.27611660957336426,0.0
P454G,0.3702661991119385,0.0
P454H,-1.0193850994110107,0.0
P454I,-1.005861759185791,0.0
P454L,-0.40851616859436035,0.0
P454K,0.5678491592407227,0.0
P454M,-2.0058138370513916,0.0
P454F,-1.9838716983795166,0.0
P454S,0.5733234882354736,0.0
P454T,0.14505767822265625,0.0
P454W,-3.063537836074829,0.0
P454Y,-1.8693363666534424,0.0
P454V,-0.24736785888671875,0.0
L455A,0.11596393585205078,0.0
L455R,-0.4438974857330322,0.0
L455N,-0.7353425025939941,0.0
L455D,-1.0087707042694092,0.0
L455C,-2.097139835357666,0.0
L455E,-0.2626357078552246,0.0
L455Q,-0.6462094783782959,0.0
L455G,-0.8299005031585693,0.0
L455H,-1.3248155117034912,0.0
L455I,-0.5610818862915039,0.0
L455K,-0.13710498809814453,0.0
L455M,-1.728917121887207,0.0
L455F,-1.5945658683776855,0.0
L455P,-1.8999834060668945,0.0
L455S,-0.14324474334716797,0.0
L455T,-0.7274086475372314,0.0
L455W,-3.164278030395508,0.0
L455Y,-1.3851816654205322,0.0
T1T,0.0,0.0
