mutant,RITA_score,DMS_score
E247G:R277L:Y286K,-5.610384941101074,16.31
D241G:E247V,-5.647350311279297,31.38
P285R:N287P,-5.627714157104492,12.97
K237T:E247D:Y286P,-5.6153645515441895,4.6
P285V:Y286A:N287R,-5.619513750076294,2.4
P285G:N287L,-5.6412575244903564,1.71
E247S,-5.618998765945435,99.43
D241G:E247M:N287L,-5.652288436889648,0.0
E247V:R277F:N287K,-5.638490200042725,0.0
E247N:R277G:Y286N,-5.621811389923096,0.0
E247D,-5.622027635574341,9.39
E247Y:P285D,-5.64647364616394,96.0
D241E:E247L:Y286I,-5.662161111831665,0.0
Y286P:N287H,-5.625594615936279,0.0
R277W:Y286S:N287K,-5.62775444984436,0.0
R277F:N287L,-5.6509177684783936,0.0
P285L:Y286I,-5.630924224853516,75.28736
K237Q:D241E:R277F:P285Q:Y286I,-5.637063264846802,0.0
N287T,-5.622272729873657,48.85057
K237M:D241I:P285S:N287A,-5.675198554992676,0.0
K237I:E247I:R277V:Y286T:N287S,-5.642184495925903,0.0
K237N:E247N:Y286L:N287T,-5.630507707595825,1.724138
N287Y,-5.64907693862915,95.97701
D241H:R277W:P285N,-5.653030157089233,0.0
K237Y:R277M:P285S,-5.652218818664551,18.3908
K237L:E247R:Y286P:N287S,-5.6296327114105225,0.0
D241S:N287M,-5.647772789001465,0.574713
Y286L:N287V,-5.642076015472412,5.747126
D241V:E247V:R277S:Y286L:N287P,-5.644558429718018,0.0
Y286V:N287D,-5.611135005950928,3.835227
K237Q:D241R:E247W:P285F:Y286A,-5.660356283187866,0.0
D241S:N287H,-5.639366149902344,80.39773
P285R:N287T,-5.63545298576355,94.88636
E247H:R277F:N287K,-5.6385462284088135,87.21591
E247R:R277F:Y286P:N287D,-5.628725290298462,0.0
P285T:N287T,-5.62719202041626,0.0
K237Y:R277L,-5.641250371932983,1.136364
E247A:R277I:P285I:Y286K,-5.634190320968628,0.0
K237L:D241A:P285D:Y286C,-5.66954779624939,1.704545
D241S:E247S:R277L:P285H:Y286L,-5.63336706161499,0.0
