mutant,RITA_score,DMS_score
E247G:R277L:Y286K,-5.565163612365723,16.31
D241G:E247V,-5.598332643508911,31.38
P285R:N287P,-5.59025239944458,12.97
K237T:E247D:Y286P,-5.576064586639404,4.6
P285V:Y286A:N287R,-5.556936979293823,2.4
P285G:N287L,-5.561028718948364,1.71
E247S,-5.583950996398926,99.43
D241G:E247M:N287L,-5.599459171295166,0.0
E247V:R277F:N287K,-5.578445672988892,0.0
E247N:R277G:Y286N,-5.572362422943115,0.0
E247D,-5.582715272903442,9.39
E247Y:P285D,-5.592953443527222,96.0
D241E:E247L:Y286I,-5.5927159786224365,0.0
Y286P:N287H,-5.567617893218994,0.0
R277W:Y286S:N287K,-5.5787272453308105,0.0
R277F:N287L,-5.579103946685791,0.0
P285L:Y286I,-5.580370664596558,75.28736
K237Q:D241E:R277F:P285Q:Y286I,-5.5927205085754395,0.0
N287T,-5.575732707977295,48.85057
K237M:D241I:P285S:N287A,-5.598871231079102,0.0
K237I:E247I:R277V:Y286T:N287S,-5.5891947746276855,0.0
K237N:E247N:Y286L:N287T,-5.573042154312134,1.724138
N287Y,-5.575297117233276,95.97701
D241H:R277W:P285N,-5.623130559921265,0.0
K237Y:R277M:P285S,-5.600548028945923,18.3908
K237L:E247R:Y286P:N287S,-5.585486650466919,0.0
D241S:N287M,-5.592673301696777,0.574713
Y286L:N287V,-5.567368030548096,5.747126
D241V:E247V:R277S:Y286L:N287P,-5.5824291706085205,0.0
Y286V:N287D,-5.578149318695068,3.835227
K237Q:D241R:E247W:P285F:Y286A,-5.594305992126465,0.0
D241S:N287H,-5.592857599258423,80.39773
P285R:N287T,-5.5816967487335205,94.88636
E247H:R277F:N287K,-5.588312864303589,87.21591
E247R:R277F:Y286P:N287D,-5.576533555984497,0.0
P285T:N287T,-5.5839128494262695,0.0
K237Y:R277L,-5.598776578903198,1.136364
E247A:R277I:P285I:Y286K,-5.5636327266693115,0.0
K237L:D241A:P285D:Y286C,-5.608806848526001,1.704545
D241S:E247S:R277L:P285H:Y286L,-5.5748069286346436,0.0
