mutant,esmif1_ll
E247G:R277L:Y286K,-1.1519605961930393
D241G:E247V,-1.146874469259511
P285R:N287P,-1.1486321388678407
K237T:E247D:Y286P,-1.1566243761757944
P285V:Y286A:N287R,-1.147709262809626
P285G:N287L,-1.1236152776507629
E247S,-1.1136154123771949
D241G:E247M:N287L,-1.1639618634380227
E247V:R277F:N287K,-1.1619497445913463
E247N:R277G:Y286N,-1.1730956010595213
E247D,-1.1177440630552362
E247Y:P285D,-1.1497436319306542
D241E:E247L:Y286I,-1.1779769846428199
Y286P:N287H,-1.1429541342234533
R277W:Y286S:N287K,-1.160302203634511
R277F:N287L,-1.1505237183841974
P285L:Y286I,-1.1554522562186456
K237Q:D241E:R277F:P285Q:Y286I,-1.2086824653140678
N287T,-1.1127346893616743
K237M:D241I:P285S:N287A,-1.1812905404081313
K237I:E247I:R277V:Y286T:N287S,-1.2062413652605037
K237N:E247N:Y286L:N287T,-1.1441665700446801
N287Y,-1.1156099759615385
D241H:R277W:P285N,-1.1895856059913252
K237Y:R277M:P285S,-1.1729758782530308
K237L:E247R:Y286P:N287S,-1.1622989105939068
D241S:N287M,-1.1257278289284594
Y286L:N287V,-1.124514882779839
D241V:E247V:R277S:Y286L:N287P,-1.2317347701975334
Y286V:N287D,-1.1215808064642558
K237Q:D241R:E247W:P285F:Y286A,-1.2151891395798495
D241S:N287H,-1.1132925792681334
P285R:N287T,-1.1318789070665238
E247H:R277F:N287K,-1.1681281762776965
E247R:R277F:Y286P:N287D,-1.2047604972303512
P285T:N287T,-1.136315999621133
K237Y:R277L,-1.1518442415473453
E247A:R277I:P285I:Y286K,-1.200113966313493
K237L:D241A:P285D:Y286C,-1.1611685354175376
D241S:E247S:R277L:P285H:Y286L,-1.17755126953125
