mutant,Progen2_score,DMS_score
E247G:R277L:Y286K,-0.00931744830664185,16.31
D241G:E247V,-0.009334980843457888,31.38
P285R:N287P,-0.009318510425529352,12.97
K237T:E247D:Y286P,-0.009306573548843232,4.6
P285V:Y286A:N287R,-0.009293165892661614,2.4
P285G:N287L,-0.009305524985527116,1.71
E247S,-0.009324586909750233,99.43
D241G:E247M:N287L,-0.009336489100121335,0.0
E247V:R277F:N287K,-0.009356486757463436,0.0
E247N:R277G:Y286N,-0.00931699858062642,0.0
E247D,-0.00931452309407518,9.39
E247Y:P285D,-0.009341106765645004,96.0
D241E:E247L:Y286I,-0.00932781512920673,0.0
Y286P:N287H,-0.009319776276680937,0.0
R277W:Y286S:N287K,-0.0093363296228109,0.0
R277F:N287L,-0.009333983312881112,0.0
P285L:Y286I,-0.009311826731448987,75.28736
K237Q:D241E:R277F:P285Q:Y286I,-0.009355845658675484,0.0
N287T,-0.009312613353282711,48.85057
K237M:D241I:P285S:N287A,-0.009323842948097051,0.0
K237I:E247I:R277V:Y286T:N287S,-0.00934367873596906,0.0
K237N:E247N:Y286L:N287T,-0.009306611823397735,1.724138
N287Y,-0.009321647344225624,95.97701
D241H:R277W:P285N,-0.009365654310653839,0.0
K237Y:R277M:P285S,-0.009354909925556501,18.3908
K237L:E247R:Y286P:N287S,-0.009307720988091817,0.0
D241S:N287M,-0.00933291601098102,0.574713
Y286L:N287V,-0.009305245900233853,5.747126
D241V:E247V:R277S:Y286L:N287P,-0.009306272535419782,0.0
Y286V:N287D,-0.009294673750631786,3.835227
K237Q:D241R:E247W:P285F:Y286A,-0.00934833906167327,0.0
D241S:N287H,-0.009326898134671725,80.39773
P285R:N287T,-0.009306470685977999,94.88636
E247H:R277F:N287K,-0.009368197575062015,87.21591
E247R:R277F:Y286P:N287D,-0.009332987775770718,0.0
P285T:N287T,-0.009314910225246264,0.0
K237Y:R277L,-0.00934903637621315,1.136364
E247A:R277I:P285I:Y286K,-0.00934103699432169,0.0
K237L:D241A:P285D:Y286C,-0.009346255091919149,1.704545
D241S:E247S:R277L:P285H:Y286L,-0.009311519737626398,0.0
