mutant,Progen2_score,DMS_score
E247G:R277L:Y286K,-0.008980396200581936,16.31
D241G:E247V,-0.009026162201744257,31.38
P285R:N287P,-0.009007504951196371,12.97
K237T:E247D:Y286P,-0.008999160300927816,4.6
P285V:Y286A:N287R,-0.008969580848081455,2.4
P285G:N287L,-0.008996361075436391,1.71
E247S,-0.009016643001084344,99.43
D241G:E247M:N287L,-0.009036651423144899,0.0
E247V:R277F:N287K,-0.009011481517932088,0.0
E247N:R277G:Y286N,-0.009015640287494978,0.0
E247D,-0.00901191569490975,9.39
E247Y:P285D,-0.009035045885322087,96.0
D241E:E247L:Y286I,-0.009032672065556248,0.0
Y286P:N287H,-0.008984381538569728,0.0
R277W:Y286S:N287K,-0.009011274596121797,0.0
R277F:N287L,-0.008999331340343258,0.0
P285L:Y286I,-0.00900575349163451,75.28736
K237Q:D241E:R277F:P285Q:Y286I,-0.009032531725523065,0.0
N287T,-0.008998769980210524,48.85057
K237M:D241I:P285S:N287A,-0.009091071061864745,0.0
K237I:E247I:R277V:Y286T:N287S,-0.00904774426616554,0.0
K237N:E247N:Y286L:N287T,-0.009032908889362246,1.724138
N287Y,-0.008998854901878331,95.97701
D241H:R277W:P285N,-0.009072427366888245,0.0
K237Y:R277M:P285S,-0.0090610127783938,18.3908
K237L:E247R:Y286P:N287S,-0.009056087720354265,0.0
D241S:N287M,-0.00901968582816746,0.574713
Y286L:N287V,-0.00899535278014116,5.747126
D241V:E247V:R277S:Y286L:N287P,-0.009025739586871603,0.0
Y286V:N287D,-0.0089901346825437,3.835227
K237Q:D241R:E247W:P285F:Y286A,-0.009020450920564275,0.0
D241S:N287H,-0.009016064497140737,80.39773
P285R:N287T,-0.009015343659697568,94.88636
E247H:R277F:N287K,-0.009021197274377115,87.21591
E247R:R277F:Y286P:N287D,-0.008991144971305312,0.0
P285T:N287T,-0.009017074785902348,0.0
K237Y:R277L,-0.009039133687481833,1.136364
E247A:R277I:P285I:Y286K,-0.008963505958633678,0.0
K237L:D241A:P285D:Y286C,-0.009054221038435614,1.704545
D241S:E247S:R277L:P285H:Y286L,-0.008914956679710975,0.0
