mutant,SaProt_score,DMS_score
D170N:I193K,-5.902669906616211,0.654682356541
D170G:T196A,-12.283411026000977,0.806638338156
D170G:T182S,-9.826704025268555,0.719088590033
D170G:T182N,-11.976964950561523,0.811123640276
D170G:T182M,-14.209220886230469,1.09881058165
D170G:T182I,-15.217351913452148,0.38189721257
D170G:T182A,-12.074089050292969,0.8448848302330001
D170G:S184Y,-10.296422958374023,2.22531095412
D170G:S184T,-4.798036098480225,1.52068037771
D170G:S184P,-13.449968338012695,0.261049444038
D170G:S184F,-11.113962173461914,1.4078011469100002
D170G:S184C,-11.118000030517578,0.601006384621
D170G:S184A,-7.656281471252441,1.41357287747
D170G:S183T,-7.209018707275391,1.63423762729999
D170G:S183R,-11.79267406463623,2.18678776367
D170G:S183N,-6.852450847625732,1.53082382153999
D170G:S183K,-11.016825675964355,4.57734525548
D170G:S183I,-10.61868667602539,1.1756787564
D170G:Q200L,-7.030617713928223,0.864511353894
D170G:Q200R,-12.215200424194336,2.0097612751900003
D170G:R187C,-14.690141677856445,0.584013172415
D170G:R187G,-16.06686019897461,0.343616121567
D170G:R187H,-13.092491149902344,1.0758226565
D170G:R187L,-14.110828399658203,1.15693560518
D170G:T196C,-11.488805770874023,2.00483276274
D170G:R187P,-11.890789031982422,1.69156345928
D170G:R203C,-16.552791595458984,0.175406607884
D170G:R203H,-17.098590850830078,0.268027329036
D170G:R203L,-17.5135498046875,0.106644116523
D170G:S183A,-5.895501136779785,2.11710319264999
D170G:S183C,-12.915678977966309,0.118621566006
D170G:S183G,-8.377176284790039,1.3958562093200002
D170G:R187S,-14.003496170043945,1.33066681038
D170G:Q200K,-11.996976852416992,0.713678198087999
D170G:T196I,-11.119997024536133,1.06275888723
D170G:T196P,-18.56418228149414,0.523770037757
D170H:A180G,-7.970730304718018,0.377006597573
D170H:A175V,-7.826424598693848,0.739527558951
D170H:A175T,-5.075883865356445,1.39531708221
D170H:A175S,-4.818660736083984,0.597835155019
D170H:A175P,-2.7950403690338135,1.29369121767
D170H:A175G,-8.209434509277344,1.5764911621000002
D170H:A175D,-6.212986946105957,0.8377049629659991
D170H,-4.409760475158691,1.082612035
D170G:Y188S,-18.277511596679688,0.126753116849
D170G:Y188I,-15.604938507080078,0.541982894384
D170G:Y188C,-14.595863342285156,0.267739484178
D170G:W199S,-14.396466255187988,0.364730744743
D170G:W177Y,-13.624547958374023,1.33461946923
D170G:W177R,-17.184478759765625,0.535558023257
D170G:W177L,-18.589378356933594,0.072513322399
D170G:V171L,-4.7065653800964355,1.7056139273700002
D170G:V171I,-5.877783298492432,1.73397015287999
D170G:T196S,-8.191527366638184,1.03152799842999
D170G:T197A,-10.245924949645996,0.310840637321
D170G:T197P,-14.548665046691895,0.29562120203
D170G:T197S,-10.357666015625,0.706356655949
D170G:T198A,-12.38916015625,0.8013415634000001
D170G:T198K,-13.35032844543457,0.129297519836
D170G:T196N,-12.823695182800293,0.981172485689
D170G:T198M,-13.435749053955078,0.223250289478
D170G:T198S,-6.989320755004883,1.02934688057
D170G:V171A,-9.804996490478516,2.2565630593
D170G:V171D,-15.199264526367188,2.2051187786099904
D170G:V171F,-9.260579109191895,1.27751879967
D170G:V171G,-14.118613243103027,3.01309112812999
D170G:V171H,-13.36064624786377,2.1429708475
D170G:T198R,-12.02942180633545,0.877233835747
D170H:A180S,-8.764906883239746,0.724195461094
D170G:Q200H,-8.17992115020752,1.96332127140999
D170G:Q200E,-10.348747253417969,1.07457406038999
D170G:L190M,-7.895362854003906,1.22913973425
D170G:L190K,-11.119251251220703,4.890881912469991
D170G:L173V,-15.924405097961426,0.825252025909
D170G:L173R,-16.63922119140625,0.107019858978
D170G:L173Q,-16.916854858398438,0.362717673043
D170G:L173M,-10.436273574829102,1.03327109302
D170G:K181T,-8.770734786987305,0.95830785029
D170G:K181R,-6.529311656951904,1.20169615319
D170G:K181Q,-8.831230163574219,1.3373074268
D170G:K181N,-11.305428504943848,0.8197378680320001
D170G:K181I,-10.156974792480469,0.955881631613
D170G:K181E,-13.505477905273438,1.43915225184
D170G:I193V,-6.957475662231445,1.23148726983
D170G:I193T,-9.563779830932617,1.3536362078600002
D170G:I193S,-11.117958068847656,0.728123463780999
D170G:I193N,-7.203450679779053,2.19740953839
D170G:I193M,-10.817632675170898,1.83354153142
D170G:E178Q,-10.499853134155273,1.30712651763
D170G:E178V,-15.230901718139648,0.326596872361
D170G:F189Y,-9.293333053588867,1.47244107336
D170G:G176A,-16.525127410888672,0.7734962421430001
D170G:G176C,-16.516830444335938,0.465012133501
D170G:G176D,-14.976387023925781,0.372886393981
D170G:L190R,-11.416356086730957,1.26542722016
D170G:G176R,-16.624347686767578,0.562576153462
D170G:G185C,-16.484806060791016,0.247856087829
D170G:G185N,-12.181960105895996,1.54462770758
D170G:G185R,-13.920982360839844,1.11671993782
D170G:G185S,-13.740544319152832,0.5664353823520001
D170G:I193F,-11.225173950195312,0.911453036576
D170G:I193L,-8.864801406860352,1.38816464119
D170G:G185A,-15.506354331970215,0.361907458606
D170G:Q200G,-13.652348518371582,2.7711045273400003
D170G:L190V,-7.335739612579346,0.8266840156820001
D170G:M179K,-13.586552619934082,0.998430228423
D170G:Q195Y,-9.88747501373291,0.52642202832
D170G:Q195R,-1.3755097389221191,4.444212624269991
D170G:Q195K,-2.020122528076172,2.5617231715
D170G:Q195H,-7.128586769104004,1.30869549955
D170G:Q186Y,-12.76234245300293,3.0523610530900003
D170G:Q186R,-9.165919303894043,1.76452150045
D170G:Q186L,-9.540237426757812,0.980449291027
D170G:Q186H,-10.376386642456055,1.74288468729
D170G:Q186E,-5.640530109405518,1.24400503007999
D170G:P202S,-16.44386100769043,0.0957164720927
D170G:P202R,-17.74888038635254,0.281260583886
D170G:P202Q,-18.484800338745117,0.258963110663
D170G:P202L,-17.4185733795166,0.13919339967
D170G:P174Q,-16.950613021850586,0.262356089686
D170G:P174L,-16.36195182800293,0.220710246498
D170G:P174A,-16.26589012145996,0.298256939259
D170G:P172T,-12.456533432006836,1.38762199363
D170G:M179L,-11.558331489562988,0.7150702089450001
D170G:M179R,-15.343125343322754,0.459816498232999
D170G:M179T,-11.195188522338867,1.1259885738700002
D170G:M179V,-9.809585571289062,0.555882103846
D170G:N191C,-13.317485809326172,1.79789316155
D170G:N191T,-17.053735733032227,0.0735151086756999
D170G:M179I,-9.481685638427734,0.751617025645
D170G:N191Y,-16.046171188354492,0.180509428201
D170G:P172G,-14.2489013671875,0.450016241674
D170G:P172I,-15.391189575195312,1.7334291217200002
D170G:P172L,-14.047344207763672,0.922666766803
D170G:P172Q,-10.470787048339844,1.77338202884
D170G:P172R,-14.013477325439453,1.92035686601999
D170G:P172S,-11.045480728149414,1.39164533144
D170G:P172A,-9.921215057373047,1.60451531243
D170H:A180T,-8.993197441101074,0.512878778212
D170H:D194A,-8.798868179321289,2.03136735854
D170H:D194E,-6.160346031188965,1.4689432459
D170H:T196I,-9.645748138427734,0.917152052053
D170H:T196A,-10.809162139892578,0.558769815666
D170H:T182S,-8.2514009475708,0.311143841678
D170H:T182N,-10.40166187286377,0.544824631072
D170H:S184Y,-8.785894393920898,1.18610218072
D170H:S184T,-3.2875075340270996,1.07893241221
D170H:S184F,-9.603433609008789,1.35820375058
D170H:S184A,-6.145752906799316,1.06549827575
D170H:S183T,-5.744850158691406,0.969734553692999
D170H:S183R,-10.328506469726562,1.54303382403
D170H:S183N,-5.388282775878906,0.77856883228
D170H:S183I,-9.154518127441406,1.15846675874
D170H:S183G,-6.913008689880371,1.01357506674999
D170H:R203S,-17.518449783325195,0.353419046975
D170H:R203L,-16.166980743408203,0.0813630378875
D170H:R187S,-12.663314819335938,0.7346025366310001
D170H:R187P,-10.550607681274414,1.56930782208
D170H:Q195E,-8.028319358825684,0.430808663605
D170H:Q195H,-5.616430759429932,0.785400522187999
D170H:Q195K,-0.5079665184020996,2.09756406778
D170H:Q195L,-9.042530059814453,0.263592600645
D170H:Q195R,0.13664627075195312,2.15045818037
D170H:Q200E,-8.818647384643555,0.627243414677
D170H:T196N,-11.349446296691895,0.504765158357
D170H:Q200H,-6.6498212814331055,1.92581599170999
D170H:Q200R,-10.685100555419922,1.6172812637
D170H:R187D,-14.685920715332031,1.93684487271
D170H:R187G,-14.726678848266602,0.595941097193
D170H:R187H,-11.752309799194336,1.00845515739
D170H:R187L,-12.770647048950195,1.02546427214
D170H:R187N,-12.387006759643555,2.09638439884999
D170H:Q200K,-10.466876983642578,2.2910180870700003
D170H:Q186Y,-11.292913436889648,2.63329564902
D170H:T196S,-6.717278480529785,0.653506595019
D170H:T197S,-8.912960052490234,0.59063455045
D170K:D194G,-14.237733840942383,1.22230186872
D170K:D194E,-9.829185485839844,1.1728868524200002
D170K:A180S,-12.407663345336914,0.923903073549
D170K:A175V,-11.502646446228027,1.05547153395
D170K,-8.100990295410156,1.986607392
D170I:T196A,-15.389261245727539,1.12198629032
D170I:S183R,-14.944269180297852,3.24676173455999
D170I:R187C,-17.94149398803711,0.839847371086
D170I:Q200R,-15.344655990600586,3.38762818888
D170I:Q195K,-5.301133155822754,2.43594762436
D170I:Q186H,-13.55653190612793,0.783659240191
D170I:P172Q,-13.61916732788086,2.82523995612
D170I:M179T,-14.299531936645508,0.484464547259
D170I:M179I,-12.586030006408691,0.637398188955
D170I:L173P,-17.8345947265625,1.91178634615
D170I:D201N,-15.292631149291992,0.451873291147
D170I:D201E,-19.84013557434082,0.992127470462
D170H:T198A,-10.9352388381958,0.552931540031
D170H:T198M,-11.981826782226562,0.360651496546
D170H:T198R,-10.57550048828125,0.517613945581
D170H:T198S,-5.535399436950684,0.674363165506999
D170H:V171A,-7.394072532653809,1.6592139222100002
D170H:V171D,-12.788341522216797,2.90844143553
D170H:T197A,-8.80121898651123,0.205002883181
D170H:V171F,-6.8496551513671875,1.64731753886
D170H:V171I,-3.4668593406677246,0.752486458192
D170H:V171L,-2.2956414222717285,1.44668285077999
D170H:W199S,-12.938945770263672,0.106122345505
D170H:Y188F,-10.394021987915039,0.124693062682
D170H:Y188Q,-16.613523483276367,1.24388016161
D170I,-9.049489974975586,1.510918047
D170H:V171G,-11.70768928527832,2.4613653548
D170H:Q186R,-7.696491241455078,1.46372327162
D170H:Q186L,-8.070808410644531,0.530259927935
D170H:Q186H,-8.90695858001709,0.915141167786999
D170H:I193N,-5.643914699554443,1.64310605301
D170H:I193M,-9.258096694946289,1.23058154486
D170H:I193L,-7.305265426635742,1.05160832574
D170H:I193F,-9.665637969970703,0.802093131999
D170H:G185S,-12.223771095275879,0.4353753726479989
D170H:G185R,-12.40420913696289,0.350615862329
D170H:G185D,-12.348751068115234,0.645353765476
D170H:G185C,-14.968032836914062,0.3384135227099989
D170H:G176V,-17.170757293701172,0.0802903702013
D170H:G176S,-12.605183601379395,0.318019925654
D170H:G176R,-15.064483642578125,0.383900033115
D170H:G176E,-15.04104232788086,1.65820622982
D170H:G176C,-14.956965446472168,0.442809824333
D170H:G176A,-14.965261459350586,0.2711898599
D170H:F189Y,-7.888484477996826,0.419037679289
D170H:E178Q,-8.933820724487305,1.06937718659
D170H:E178G,-11.940765380859375,2.2874667782099904
D170H:D194F,-12.461082458496094,1.30108657164
D170H:D194G,-10.56889533996582,0.382828012655
D170H:D194H,-10.64401626586914,1.46348292375
D170H:D194N,-4.454056739807129,1.51053525959
D170H:D194T,-3.7445034980773926,1.71069152985
D170H:D194V,-11.953985214233398,0.910678513912999
D170H:I193S,-9.558422088623047,0.918996883758
D170H:D194Y,-10.930669784545898,1.29271630136
D170H:D201H,-11.856938362121582,0.8273352602390001
D170H:D201N,-10.590932846069336,0.302076495357
D170H:D201V,-16.782302856445312,0.750861804571
D170H:D201Y,-14.602185249328613,0.853077434561
D170H:E178A,-11.847762107849121,1.6731316554
D170H:E178D,-9.992246627807617,1.32739281898
D170H:D201G,-17.241607666015625,0.368640083672999
D170H:I193T,-8.004243850708008,0.633325301409
D170H:I193V,-5.397939682006836,0.710161302988999
D170H:K181E,-12.118043899536133,0.812968468557
D170H:N191D,-9.68494987487793,0.142390633386
D170H:N191M,-17.489709854125977,0.39889719008
D170H:N191S,-10.713425636291504,0.559302544455
D170H:P172A,-8.39508056640625,1.74875569063
D170H:P172L,-12.521209716796875,1.0132135964
D170H:P172Q,-8.944653511047363,1.27683353528
D170H:M179V,-8.395296096801758,0.8396862106290001
D170H:P172R,-12.487344741821289,1.41102722211
D170H:P172T,-10.930398941040039,0.792006353155999
D170H:P174A,-14.833375930786133,0.393348423025
D170H:P174L,-14.929437637329102,0.556632213572
D170H:P174R,-16.33847999572754,0.524812393894
D170H:P174S,-14.278717041015625,0.108205726834999
D170H:Q186E,-4.171102046966553,0.59930321387
D170H:P172S,-9.51934814453125,0.85178491824
D170G:E178N,-17.07708740234375,2.23747168537
D170H:M179T,-9.780899047851562,0.473388781357
D170H:M179R,-13.92883586883545,0.7283040512860001
D170H:K181I,-8.769540786743164,0.584411786276
D170H:K181N,-9.917993545532227,0.692774906409
D170H:K181Q,-7.443795204162598,0.82182219286
D170H:K181R,-5.141877174377441,0.926011528332
D170H:K181T,-7.383300304412842,0.346119958127
D170H:L173M,-8.93093490600586,1.3125588896
D170H:M179S,-11.028680801391602,0.266369349185
D170H:L173Q,-15.411518096923828,0.318942118523
D170H:L190M,-6.305025100708008,0.5932419319810001
D170H:L190Q,-11.037092208862305,0.251830856365
D170H:L190V,-5.745401859283447,0.696991807609
D170H:M179I,-8.06739616394043,0.8136781007080001
D170H:M179K,-12.172263145446777,0.655985413961
D170H:M179L,-10.144042015075684,0.820880047372
D170H:L173R,-15.133882522583008,0.109221281314
D170K:D194N,-8.122896194458008,9.83564314051
D170G:E178K,-14.460506439208984,0.5581520156600001
D170G:E178D,-11.55827808380127,1.90223062692999
D170E:K181Q,-5.830757141113281,1.17964874662
D170E:K181N,-8.30495548248291,1.06562957871
D170E:K181I,-7.156501770019531,0.968995749422
D170E:K181H,-3.5240163803100586,1.05675540339
D170E:K181E,-10.5050048828125,1.52783014926
D170E:I193V,-3.5749688148498535,1.00039599013
D170E:I193T,-6.181273460388184,1.83429878809
D170E:I193S,-7.735450744628906,0.8365518416
D170E:I193R,-7.578397274017334,1.83369904044
D170E:I193N,-3.820943832397461,1.81504190904
D170E:I193M,-7.435126304626465,0.953253191424
D170E:I193L,-5.482294082641602,1.03556005724999
D170E:I193K,-6.387105464935303,2.0416839386200003
D170E:I193F,-7.8426666259765625,1.29784269966
D170E:I193C,-9.751907348632812,1.07490693301
D170E:G185S,-10.385151863098145,0.273533388655
D170E:G185R,-10.565589904785156,0.55949496814
D170E:E178Q,-7.14486026763916,1.45205644972
D170E:E178T,-10.54345703125,0.593817354482
D170E:E178V,-11.875908851623535,0.333444179453
D170E:F189L,-12.342182159423828,0.0197968152574
D170E:F189V,-16.46771240234375,0.0761677818603
D170E:F189Y,-5.69331169128418,1.66537783639
D170E:K181R,-3.528838634490967,1.25728406917
D170E:G176A,-13.232415199279785,0.156562784038
D170E:G176D,-11.683675765991211,0.372061548333
D170E:G176R,-13.331637382507324,0.428577984228
D170E:G176S,-10.872337341308594,0.523249359321
D170E:G185A,-12.150961875915527,0.349123317357
D170E:G185C,-13.129413604736328,0.369219664187
D170E:G185D,-10.5101318359375,0.407343682822
D170E:G176C,-13.224119186401367,0.770454630815
D170E:E178K,-11.105513572692871,0.415273828606
D170E:K181T,-5.770261764526367,0.821544343317
D170E:L173F,-11.398131370544434,1.3862498169100002
D170E:P174K,-15.035465240478516,1.02256681354
D170E:P174A,-12.837650299072266,0.628885735426
D170E:P172T,-9.796911239624023,1.70915287806
D170E:P172S,-8.385859489440918,1.56644907881
D170E:P172R,-11.353856086730957,1.55575936215
D170E:P172Q,-7.811164855957031,1.35792139232
D170E:P172L,-11.38772201538086,1.56365875896
D170E:P172I,-12.7315673828125,2.29242756902
D170E:P172H,-11.747200012207031,2.75479493046
D170E:P172A,-7.261592864990234,1.55596940849
D170E:N191Y,-12.762519836425781,0.402377401074
D170E:N191S,-9.004855155944824,0.675608853978
D170E:N191K,-12.657992362976074,0.275031695589
D170E:N191H,-8.887310028076172,0.3804370472150001
D170E:M179V,-6.567051887512207,1.23169366596
D170E:M179T,-7.952653884887695,1.00172245442999
D170E:M179S,-9.200435638427734,2.99148287578
D170E:L173I,-11.221353530883789,0.989411362245
D170E:L173M,-6.9935808181762695,1.21161255994
D170E:L173Q,-13.474163055419922,0.227295893732
D170E:L173R,-13.196527481079102,0.169707440258
D170E:L173V,-12.481712341308594,0.559034388639
D170E:L190K,-7.8457746505737305,2.29052946973
D170E:K181Y,-1.418389916419983,0.77652336061
D170E:L190M,-4.62188720703125,1.03946294718999
D170E:L190R,-8.1428804397583,0.52089192862
D170E:L190V,-4.0622639656066895,1.06364894367
D170E:M179I,-6.239151954650879,0.892777086178
D170E:M179K,-10.344018936157227,1.70963610866
D170E:M179L,-8.315797805786133,1.32170573226
D170E:M179R,-12.100591659545898,1.10795599862
D170E:L190P,-11.19276237487793,0.202678519906
D170E:P174L,-12.933712005615234,0.4189879641269989
D170E:E178H,-13.163029670715332,2.12148065652
D170E:E178D,-8.203285217285156,1.6311092934
D170C:A180G,-11.020410537719727,1.15020630709
D170C,-7.428901672363281,1.08657274
D170A:Y188S,-18.753028869628906,0.13928726192
D170A:W177R,-17.632478713989258,0.263927433957
D170A:V171L,-5.166501522064209,1.56720759067999
D170A:V171I,-6.337719440460205,2.4006053216799903
D170A:V171G,-14.5785493850708,2.15319673398
D170A:V171F,-9.720515251159668,1.8717196032599897
D170A:V171D,-15.659200668334961,1.79529579933
D170A:V171A,-10.264932632446289,1.7067630723500002
D170A:T198S,-7.4138689041137695,0.914610012621
D170A:T198R,-12.453969955444336,0.208168664856
D170A:T198P,-14.84276008605957,0.396961565448
D170A:T198M,-13.860296249389648,0.265102567753
D170A:T198I,-14.952325820922852,0.52642202832
D170A:T197S,-10.796701431274414,0.588413313775
D170A:T197N,-16.112714767456055,0.2857551125499989
D170A:S183T,-7.597668647766113,1.33643677803
D170A:S184A,-8.045928001403809,1.43427492657999
D170A:S184F,-11.503608703613281,1.28498728072
D170A:S184T,-5.187682628631592,0.99856216378
D170A:S184Y,-10.68606948852539,1.98797702468
D170A:T182A,-12.471046447753906,1.08825329651
D170C:D194G,-13.6553955078125,2.05455387505
D170A:T182N,-12.373922348022461,0.960705035497999
D170A:T196A,-12.680334091186523,0.528785019533
D170A:T196F,-14.996200561523438,2.0503101432
D170A:T196I,-11.516921043395996,1.38543689536
D170A:T196N,-13.220619201660156,0.596826485565999
D170A:T196S,-8.58845043182373,0.999959002821
D170A:T197A,-10.684961318969727,0.475854592223
D170A:T182S,-10.223661422729492,0.579533115406
D170E:E178G,-10.15180492401123,2.57557201792
D170C:D194N,-7.540557384490967,0.783659240194
D170C:P172Q,-12.186059951782227,1.07375378792999
D170E:E178A,-10.058801651000977,1.77551701577999
D170E:D201V,-14.79200267791748,0.794665491333
D170E:D201N,-8.600634574890137,0.616413959604
D170E:D201K,-15.61038875579834,0.210363071848
D170E:D201H,-9.866639137268066,1.05928620878
D170E:D201A,-15.21015453338623,0.8161648153650001
D170E:D194Y,-8.940546989440918,1.20593966134
D170E:D194V,-9.963862419128418,1.30928013519999
D170E:D194T,-1.7543801069259644,1.26116920883
D170E:D194S,-4.363683700561523,2.63448544549
D170E:D194N,-2.463933229446411,2.2992906820599903
D170E:D194H,-8.65389347076416,1.90773484925
D170E:D194G,-8.578771591186523,1.75223075607
D170E:D194F,-10.470958709716797,2.41850006819999
D170E:D194E,-4.170223236083984,1.79087009858
D170E:D194A,-6.808744430541992,2.4961786979099903
D170E:A180S,-6.897935390472412,1.15575064017
D170C:S184F,-12.660422325134277,1.26349450229
D170E,-2.5362942218780518,1.4496403619999998
D170E:A175C,-7.965372085571289,2.80723407801
D170E:A175D,-4.29904842376709,0.875219511359
D170E:A175G,-6.295495986938477,1.12890229369
D170E:A175H,-3.844850778579712,1.73555815319
D170C:I193V,-8.39161205291748,3.56089714258
D170E:A175I,-8.02705192565918,1.9719170229900005
D170E:A175S,-2.9047226905822754,1.08777575877999
D170E:A175T,-3.161945343017578,1.12659531503999
D170E:A175V,-5.912486553192139,1.30159934297
D170E:A180G,-6.103758811950684,0.6363929939940001
D170E:A180I,-11.906911849975586,0.904276007694
D170E:A180R,-2.9056169986724854,2.21129461391
D170E:A175P,-0.8811020851135254,0.835393058379
D170E:P174Q,-13.52237319946289,0.315537672846
D170E:P174R,-14.342754364013672,0.197586108086
D170E:P174S,-12.282991409301758,0.376662981607
D170F:R203H,-18.959152221679688,0.664769537865
D170F:Q200R,-13.971309661865234,2.10682171258
D170F:Q200K,-13.75308609008789,1.42482346879
D170F:Q195R,-3.2458105087280273,2.50212198315
D170F:Q195H,-8.99888801574707,1.51456992472
D170F:P172T,-14.38868522644043,4.48867225636
D170F:F189Y,-10.98771858215332,2.3038472232599903
D170F:E178D,-13.155075073242188,1.57309043037
D170F:E178A,-15.010591506958008,1.17576174384
D170F:D194N,-7.730051517486572,1.03505253404
D170F,-7.603396415710449,1.390984458
D170E:Y188S,-14.9425687789917,0.0142746389002
D170E:Y188H,-11.887945175170898,0.1973580790379989
D170E:Y188F,-8.474348068237305,0.2235113191129989
D170E:W199C,-12.485800743103027,0.100952308928999
D170E:W177Y,-10.086252212524414,1.05786419017999
D170E:W177S,-14.68519401550293,0.0942636892907
D170E:T198Q,-6.297869682312012,2.22767030804
D170E:T198R,-8.550904273986816,0.7275921922830001
D170E:T198S,-3.510803461074829,0.751943129045999
D170E:V171A,-5.911290168762207,2.01950894188
D170E:V171C,-9.189735412597656,0.176536326132
D170E:V171D,-11.305559158325195,2.08726199252
D170F:S183I,-12.334888458251953,2.9321630973799904
D170E:V171E,-9.327707290649414,0.959359088139
D170E:V171G,-10.224906921386719,2.4683578555000003
D170E:V171H,-9.466939926147461,2.5521605460299903
D170E:V171I,-1.9840770959854126,1.49433111121
D170E:V171L,-0.8128591775894165,1.95315463948
D170E:W177K,-16.615144729614258,0.701490765447
D170E:W177R,-13.646183013916016,0.2305820221139989
D170E:V171F,-5.366872787475586,1.32958713583
D170E:T198P,-10.939695358276367,0.333886963193
D170F:S184T,-6.50837516784668,1.32517665029
D170G,-5.911334037780762,1.5860718319999998
D170G:E178A,-13.413793563842773,2.03084663936
D170G:D201Y,-16.202486038208008,0.332524990401
D170G:D201V,-18.38260269165039,0.5799396328800001
D170G:D201N,-12.19123363494873,0.251183193243
D170G:D201H,-13.457239151000977,0.880358034321
D170G:D201G,-18.841909408569336,0.542578680774
D170G:D201E,-16.738737106323242,0.340451820442
D170G:D201A,-18.80075454711914,0.764926049266999
D170G:D194Y,-12.328934669494629,1.24396850273999
D170G:D194V,-13.352250099182129,0.974349740306
D170G:D194P,-15.612335205078125,0.593817354482
D170G:D194N,-5.852321147918701,2.83408555014
D170G:D194K,-11.993781089782715,6.76066510468
D170G:D194I,-12.686836242675781,1.6554820414200002
D170G:D194H,-12.042281150817871,1.84739166422999
D170G:D194G,-11.967159271240234,1.0203207791600002
D170G:D194F,-13.859346389770508,1.7391592130200002
D170G:A175D,-7.700648307800293,1.08237885084999
D170G:A175F,-11.415143013000488,3.55625736821
D170G:A175G,-9.69709587097168,0.732169117568999
D170G:A175P,-4.28270149230957,0.979304516056
D170G:A175S,-6.30632209777832,1.27130936056
D170G:A175T,-6.563545227050781,1.47074427201
D170F:V171G,-14.814872741699219,3.44160615247
D170G:A175V,-9.314085960388184,1.12020468403
D170G:A180G,-9.535544395446777,0.723674379382
D170G:A180S,-10.329721450805664,0.825735434707
D170G:A180T,-10.558012008666992,0.498038517647
D170G:A180V,-13.008211135864258,0.356354248236
D170G:D194A,-10.197132110595703,2.5622843774599904
D170G:D194E,-7.558610916137695,2.04066703306
D170G:A180D,-11.564746856689453,0.295810325784
D170E:T198M,-9.957231521606445,0.38263059113
D170E:T198K,-9.871810913085938,0.234936110256
D170E:T198A,-8.910642623901367,0.49792975977
D170E:R187H,-9.697554588317871,1.28670718293
D170E:R187G,-12.671924591064453,0.468480216522
D170E:R187D,-12.631166458129883,1.37371741824
D170E:R187C,-11.295206069946289,0.696767144758
D170E:Q200V,-4.825041770935059,0.53516641128
D170E:Q200S,-6.578032493591309,1.79034324134
D170E:Q200R,-8.77574348449707,1.76051073977
D170E:Q200L,-3.5911614894866943,0.823534418782
D170E:Q200K,-8.557520866394043,0.910273804317
D170E:Q200H,-4.74046516418457,2.12405581936
D170E:Q200G,-10.212892532348633,2.69073027571
D170E:Q200E,-6.909290790557861,0.583037836684
D170E:Q195R,2.0402681827545166,2.47318425917
D170E:Q195L,-7.138908386230469,0.235125240415
D170E:Q195K,1.3956553936004639,2.88733710349
D170E:Q195H,-3.712808847427368,0.940363752606
D170E:Q195E,-6.124697685241699,0.45190156382
D170E:P174T,-13.12154769897461,0.34490545011
D170E:P202L,-14.169343948364258,0.133553760773
D170E:P202R,-14.499650001525879,0.380403946159999
D170E:P202W,-18.292743682861328,1.86249522246
D170E:Q186A,-7.235457897186279,1.7589320623
D170E:Q186D,-6.788969993591309,1.51837328435
D170E:R187I,-8.262777328491211,1.65856986542
D170E:Q186E,-2.305368661880493,0.8406293779180001
D170E:Q186L,-6.205075740814209,0.808517087292
D170E:Q186M,-6.644564151763916,2.86991500775999
D170E:Q186N,-9.47824764251709,0.7414398876360001
D170E:Q186P,-10.723265647888184,0.139017093426
D170E:Q186R,-5.830758094787598,1.42992196998999
D170E:Q186Y,-9.427181243896484,3.51729817164
D170E:Q186H,-7.041225433349609,1.3016371934200002
D170E:R187L,-10.715892791748047,1.06969973372
D170E:R187P,-8.49585247039795,2.0724759304
D170E:R187S,-10.608560562133789,1.34327456701
D170E:T182I,-11.85368824005127,0.624039719907
D170E:T182N,-8.613301277160645,0.415168001433
D170E:T182S,-6.463040351867676,0.5075808028159989
D170E:T196A,-8.934090614318848,0.696322422007
D170E:T196F,-11.249957084655762,1.78822098647
D170E:T196I,-7.770677089691162,0.877873545722
D170E:T182A,-8.71042537689209,0.788280132969
D170E:T196M,-8.416478157043457,2.43217107257
D170E:T196P,-15.214861869812012,0.329150190794
D170E:T196R,-7.508052825927734,1.79789316155
D170E:T196S,-4.842206954956055,1.10583050281
D170E:T197A,-6.835608005523682,0.31096444563
D170E:T197P,-11.138347625732422,0.363560282967
D170E:T197S,-6.947348594665527,0.923111356465
D170E:T196N,-9.474374771118164,0.978520753591
D170G:E178G,-13.506797790527344,3.24105021621
D170E:S184Y,-6.900149822235107,1.59900172657
D170E:S184P,-10.053695678710938,0.366885094953999
D170E:R203C,-12.984856605529785,0.066182382987
D170E:R203H,-13.530655860900879,0.213321995948
D170E:R203L,-13.9456148147583,0.0486744336774
D170E:S183C,-9.51005744934082,0.32803637954
D170E:S183F,-7.546639919281006,0.783659240191
D170E:S183G,-4.971554756164551,1.68364827908
D170E:S184T,-1.4017629623413086,1.64215318273
D170E:S183I,-7.213064193725586,1.43436640792
D170E:S183R,-8.387052536010742,2.11940356618
D170E:S183T,-3.803396463394165,1.88198840884
D170E:S183V,-6.076005935668945,1.88669556882999
D170E:S184A,-4.260008811950684,1.36090151802
D170E:S184C,-7.721726894378662,0.4629279983420001
D170E:S184F,-7.717689514160156,1.7765437186200002
D170E:S183N,-3.446828842163086,1.62494020111
D170A:S183R,-12.181324005126953,2.04296944915999
D170K:D194Y,-14.599510192871094,2.69545420922
D170K:G185D,-16.06645393371582,1.12576444229
D170V:R203S,-20.794723510742188,0.484245721758
D170V:R203L,-19.443256378173828,0.17747124909
D170V:R203C,-18.482498168945312,0.230243169618
D170V:R187S,-15.930588722229004,1.57667488984
D170V:R187P,-13.817880630493164,2.17979644912
D170V:R187L,-16.037921905517578,1.31963468674
D170V:R187H,-15.019582748413086,1.71212197506
D170V:R187G,-17.993953704833984,0.756226890077
D170V:R187C,-16.617233276367188,0.502937241796
D170V:Q200R,-13.987667083740234,2.9371321767799903
D170V:Q200L,-8.803085327148438,1.16166910896
D170V:Q200K,-13.769444465637207,0.42740566259
D170V:Q200H,-9.952388763427734,2.20495722659
D170V:Q195R,-3.2474327087402344,3.63792011708
D170V:Q195L,-12.42660903930664,0.372636740517
D170V:Q195K,-3.892045497894287,3.5843941690699905
D170V:Q195H,-9.000509262084961,1.46887020095
D170V:P172T,-14.363597869873047,1.46959264023
D170V:P174L,-18.133831024169922,0.367814672091
D170V:P174Q,-18.722492218017578,0.130122655018
D170V:P174S,-17.483110427856445,0.360488321359
D170V:P174T,-18.321666717529297,0.173709215116
D170V:P174W,-24.047765731811523,0.6890161565970001
D170V:S183C,-14.713948249816895,0.574769942442
D170V:P202R,-19.57541847229004,0.648183010464999
D170V:Q186G,-15.427017211914062,2.69191451569
D170V:Q186H,-12.196474075317383,1.98776850238
D170V:Q186L,-11.360323905944824,0.726598427307
D170V:Q186R,-10.986005783081055,1.81320225768
D170V:Q186Y,-14.582428932189941,1.87295549339
D170V:Q195E,-11.412398338317871,0.4879693274800001
D170V:Q186E,-7.4606170654296875,1.45863412675
D170V:P172S,-12.952547073364258,2.17617644308
D170V:S183G,-10.175445556640625,1.54506743463
D170V:S183K,-12.815094947814941,3.91292254705999
D170V:V171G,-15.801473617553711,2.14552360455999
D170V:V171F,-10.943439483642578,1.34429924969
D170V:V171D,-16.882125854492188,1.83863518209
D170V:V171A,-11.4878568649292,2.35010625976
D170V:T198S,-8.820294380187988,1.19975216434
D170V:T198R,-13.860395431518555,0.607639853435
D170V:T198P,-16.24918556213379,0.55525516298
D170V:T198A,-14.220132827758789,0.668210138263
D170V:T197S,-12.133155822753906,0.985210507713
D170V:T197P,-16.324153900146484,0.505604049723
D170V:T197A,-12.021414756774902,0.123010657957
D170V:T196S,-9.955745697021484,1.27981843672
D170V:T196P,-20.328401565551758,0.566170790995
D170V:T196N,-14.587913513183594,0.871293416023
D170V:T196K,-11.639387130737305,1.31025181949
D170V:T196I,-12.88421630859375,1.51945561463999
D170V:T196H,-15.979049682617188,1.35830405257
D170V:S183N,-8.650720596313477,1.89702492264999
D170V:S183R,-13.590943336486816,2.6495316047
D170V:S183T,-9.007287979125977,1.63324897581
D170V:S184A,-9.435214042663574,2.57059662868
D170V:S184C,-12.896932601928711,1.1985036507
D170V:S184F,-12.892894744873047,1.43186934992
D170V:S183I,-12.416955947875977,1.96998082317
D170V:S184L,-10.695650100708008,2.20028723641
D170V:S184Y,-12.075355529785156,2.2883685404599903
D170V:T182A,-13.885725975036621,0.649841047149
D170V:T182N,-13.788601875305176,0.470879261816999
D170V:T182P,-18.804058074951172,0.2000989369069989
D170V:T182S,-11.638340950012207,0.711671423539
D170V:T196A,-14.047630310058594,0.945336633389
D170V:S184T,-6.576968669891357,1.19405978236
D170V:V171I,-7.560644149780273,1.61539798026
D170V:P172R,-15.920543670654297,1.12489633879
D170V:P172L,-15.954408645629883,1.14450316244
D170V:I193M,-12.59299087524414,1.71817075697999
D170V:I193L,-10.640158653259277,1.4501051524700002
D170V:I193F,-13.000530242919922,1.20838954705
D170V:H192R,-14.98947525024414,0.310902136918
D170V:H192N,-15.619781494140625,0.1889749184319989
D170V:G185S,-15.51852798461914,0.5313832563449989
D170V:G185R,-15.698966026306152,0.373256898122
D170V:G185D,-15.643507957458496,0.259524568123
D170V:G176S,-15.925786018371582,0.237109518864
D170V:G176R,-18.385086059570312,0.2378123016099989
D170V:G176E,-18.361644744873047,0.655591745794
D170V:G176D,-16.737125396728516,0.188258983442
D170V:G176C,-18.277568817138672,0.468796605883999
D170V:F189Y,-11.032644271850586,1.83265410525
D170V:F189V,-21.807044982910156,0.182685023599
D170V:F189L,-17.681514739990234,0.0761140570907
D170V:F189C,-19.627864837646484,0.266714174829
D170V:D194V,-15.236526489257812,1.04385192739
D170V:D194Y,-14.213211059570312,1.56693306491
D170V:D201A,-20.523475646972656,0.769467692818
D170V:D201E,-18.461458206176758,0.243924963562
D170V:D201G,-20.56463050842285,0.624245946259
D170V:D201K,-20.923709869384766,0.967798627906
D170V:I193N,-8.97880744934082,2.90481384987
D170V:D201Y,-17.925207138061523,0.900436379183
D170V:E178D,-13.181882858276367,1.46376305988
D170V:E178G,-15.130403518676758,2.68705071152
D170V:E178K,-16.0841121673584,0.6735515520540001
D170V:E178L,-19.087413787841797,0.492986821960999
D170V:E178Q,-12.123458862304688,1.78338737813
D170V:E178V,-16.854507446289062,0.289301744473
D170V:E178A,-15.037399291992188,2.3254772798
D170V:P172Q,-12.377852439880371,1.716557672
D170V:I193S,-12.893314361572266,1.79284992502999
D170V:I193V,-8.732832908630371,1.54292893102
D170V:P172H,-16.313886642456055,2.0299239857900004
D170V:P172G,-16.15596580505371,2.5831008041900003
D170V:P172E,-13.95237922668457,2.81926058047
D170V:P172A,-11.828279495239258,1.79113875129
D170V:N191Y,-17.85661506652832,0.275223762945
D170V:N191S,-14.09895133972168,0.277074453224
D170V:N191K,-17.752086639404297,0.0808103539477
D170V:N191D,-13.070474624633789,0.389916310119999
D170V:M179V,-11.610261917114258,1.21127093509
D170V:M179T,-12.995863914489746,0.926553928002
D170V:M179R,-17.143800735473633,0.514237002317
D170V:M179L,-13.359006881713867,1.35907255257
D170V:M179K,-15.387228012084961,1.08158637931
D170V:M179I,-11.28236198425293,1.41180775644
D170V:L190V,-9.105754852294922,2.12520280974999
D170V:L190R,-13.186370849609375,2.9800614869200004
D170V:L190P,-16.23625373840332,0.437133676525
D170V:K181A,-13.925592422485352,3.9149236193
D170V:K181D,-17.854177474975586,0.679177618365
D170V:K181E,-15.348469734191895,1.7529721371
D170V:K181H,-8.367481231689453,0.31929963085
D170V:K181I,-11.999966621398926,2.13306856571
D170V:K181N,-13.148420333862305,1.00936410256
D170V:I193T,-11.339137077331543,1.84672967062
D170V:K181Q,-10.67422103881836,2.15141134325
D170V:K181T,-10.613726615905762,1.65437546241
D170V:K181Y,-6.261854648590088,3.2350147703900003
D170V:L173M,-12.13990592956543,1.3785955841100002
D170V:L173V,-17.62803840637207,0.249316249975
D170V:L190I,-4.065418243408203,2.86749559317
D170V:L190M,-9.66537857055664,1.5487601295
D170V:K181R,-8.372303009033203,1.57764473647
D170V:V171L,-6.389426231384277,1.9150289307
D170V:W177L,-20.353511810302734,0.180497532548
D170V:W177R,-18.948612213134766,0.348942219095
D170Y:R187S,-14.125654220581055,1.03195238503999
D170Y:R187P,-12.012947082519531,1.77058007854999
D170Y:R187L,-14.232987403869629,0.770005751747999
D170Y:R187H,-13.214649200439453,0.890832674266
D170Y:R187D,-16.14826011657715,1.05917779495
D170Y:R187C,-14.812299728393555,0.5760630944740001
D170Y:Q200W,-15.773968696594238,1.72962054074999
D170Y:Q200V,-8.374743461608887,0.964430753286
D170Y:Q200R,-12.325445175170898,1.58120282408
D170Y:Q200L,-7.140863418579102,0.613974251021
D170Y:Q200K,-12.107222557067871,0.624123184760999
D170Y:Q200H,-8.290166854858398,1.65078394604999
D170Y:Q200E,-10.458992004394531,0.268092460225
D170Y:Q200D,-11.546880722045898,0.921839589673
D170Y:Q195R,-1.4711575508117676,2.5190489939400003
D170Y:Q195L,-10.650334358215332,0.0221002945178
D170Y:Q195K,-2.1157703399658203,2.7250091704900004
D170Y:P172S,-11.376983642578125,0.811277963492
D170Y:P172T,-12.788034439086914,0.7537431944130001
D170Y:P174A,-16.373004913330078,0.43341253775
D170Y:P174Q,-17.057727813720703,0.185230187692
D170Y:P174S,-15.818347930908203,0.16095354256
D170Y:P174W,-22.38300323486328,1.79789316155
D170Y:R203G,-18.88733673095703,0.228162239484
D170Y:P202R,-17.791000366210938,0.428771950930999
D170Y:Q186E,-5.721888542175293,0.822261530918
D170Y:Q186H,-10.457744598388672,1.00810864731
D170Y:Q186L,-9.62159538269043,0.553787424002
D170Y:Q186R,-9.247278213500977,1.64751858426
D170Y:Q195E,-9.636123657226562,0.296667876761
D170Y:Q195H,-7.224234580993652,0.456445903783999
D170Y:P202T,-17.887760162353516,0.175809262155
D170Y:P172R,-14.344980239868164,1.32134535025
D170Y:S183C,-13.018363952636719,0.238330146136
D170Y:S183I,-10.7213716506958,1.1655921629
D170Y:Y188F,-11.993261337280273,0.222856371864
D170Y:Y188D,-17.69132423400879,0.3425075189329989
D170Y:W177S,-18.286954879760742,0.427198733166999
D170Y:W177R,-17.247943878173828,0.0979709068619
D170Y:W177L,-18.652843475341797,0.0326441211066
D170Y:V171R,-11.25343132019043,6.06396190419
D170Y:V171L,-3.879439353942871,1.47664931821
D170Y:V171I,-5.050657272338867,1.50223106185999
D170Y:V171G,-13.291486740112305,2.67470561369
D170Y:V171F,-8.433452606201172,0.983686715169
D170Y:V171D,-14.372138977050781,2.36003741996
D170Y:V171A,-8.977869987487793,1.65525600185
D170Y:T198R,-12.120787620544434,0.366741401307
D170Y:T198A,-12.480525970458984,0.5339186824100001
D170Y:T197S,-10.462623596191406,0.512989928514
D170Y:T196S,-8.246137619018555,0.57846078922
D170Y:T196N,-12.878305435180664,0.109343081498
D170Y:S183N,-6.955136299133301,0.983949804338
D170Y:S183R,-11.89535903930664,2.10750243894
D170Y:S183T,-7.311703681945801,0.932992843898
D170Y:S184A,-7.735790252685547,1.35976987537999
D170Y:S184C,-11.197507858276367,0.832640126072
D170Y:S184F,-11.19347095489502,1.09365724796
D170Y:S183G,-8.479862213134766,1.79196357963
D170Y:S184T,-4.877544403076172,1.36083014755
D170Y:T182A,-12.090968132019043,1.1146875583
D170Y:T182I,-15.234230995178223,0.297935295725
D170Y:T182N,-11.993844032287598,0.3985964088099989
D170Y:T182S,-9.843583106994629,0.294423210187
D170Y:T196A,-12.338022232055664,0.4381431094100001
D170Y:T196I,-11.17460823059082,0.63697845623
D170Y:S184Y,-10.375930786132812,1.48147531393999
D170Y:P172Q,-10.802289009094238,1.30785223041
D170Y:P172L,-14.37884521484375,0.920573518202
D170Y:P172A,-10.252716064453125,1.33219141067
D170Y:E178Q,-10.575366973876953,1.9755993242299896
D170Y:E178G,-13.582311630249023,2.2121793645200003
D170Y:E178D,-11.633792877197266,1.48918180571
D170Y:E178A,-13.48930835723877,1.54655716854
D170Y:D201Y,-16.202598571777344,0.5212024725859989
D170Y:D201N,-12.191347122192383,0.49862743804
D170Y:D201H,-13.457351684570312,0.758750469191
D170Y:D201G,-18.842021942138672,0.514031564009
D170Y:D201A,-18.800867080688477,0.555520402029
D170Y:D194Y,-12.527595520019531,1.0627773805399898
D170Y:D194V,-13.550910949707031,0.734816094157
D170Y:D194S,-7.950732707977295,2.49456541145
D170Y:D194Q,-11.3729248046875,2.7450915784
D170Y:D194N,-6.050982475280762,1.87240433055
D170Y:D194H,-12.240942001342773,1.59406680397
D170Y:D194G,-12.165821075439453,1.40958637680999
D170Y:D194E,-7.757271766662598,1.49348091657999
D170V:W177S,-19.98762321472168,0.307323095323
D170V:Y188F,-13.709590911865234,0.443709482264
D170V:Y188S,-20.177812576293945,0.144858759593
D170Y,-5.983948230743408,1.135424459
D170Y:A175G,-9.74312973022461,1.17625807218
D170Y:A175H,-7.292485237121582,1.07041946831
D170Y:E178V,-15.306415557861328,0.0943246416197
D170Y:A175P,-4.328736305236816,0.944693120333
D170Y:A180D,-11.52721881866455,0.162859437082
D170Y:A180G,-9.498016357421875,0.752605952595
D170Y:A180S,-10.292193412780762,1.07169731651
D170Y:A180T,-10.52048397064209,0.451921925917999
D170Y:D194A,-10.395793914794922,1.97448491880999
D170Y:D194C,-13.032705307006836,2.97287897724
D170Y:A175T,-6.609580039978027,1.5594684042200002
D170Y:F189Y,-9.350764274597168,0.380504520556
D170Y:G176A,-16.563899993896484,0.248229775298
D170Y:G176C,-16.555604934692383,0.203393454454
D170Y:L173Q,-17.04635238647461,0.4116552451269989
D170Y:L190M,-8.039995193481445,0.484854014842
D170Y:L190Q,-12.772062301635742,0.406213592742
D170Y:L190R,-11.56098747253418,1.21202387796
D170Y:L190V,-7.480371475219727,0.911057230401
D170Y:M179E,-11.40318775177002,1.8423348985599897
D170Y:L173M,-10.56576919555664,1.04877110035
D170Y:M179I,-9.536542892456055,0.6309026614800001
D170Y:M179R,-15.397982597351074,0.78996117943
D170Y:M179T,-11.250045776367188,0.470496033315
D170Y:M179V,-9.864442825317383,0.60553812358
D170Y:N191K,-15.989717483520508,0.31363203535
D170Y:N191S,-12.336580276489258,0.4940288930740001
D170Y:N191Y,-16.09424591064453,0.1915946325849989
D170Y:M179L,-11.613188743591309,1.16384304547
D170V:D194S,-9.636347770690918,1.56145737988
D170Y:K181T,-9.032554626464844,0.971001495313999
D170Y:K181Q,-9.093049049377441,1.10995329713
D170Y:G176S,-14.20382308959961,0.411322445964
D170Y:G185C,-16.53143882751465,0.165582992189
D170Y:H192R,-13.3377685546875,0.523250870737
D170Y:I193F,-11.240436553955078,0.66989129789
D170Y:I193L,-8.880064010620117,0.841549812984
D170Y:I193M,-10.832895278930664,0.97092325075
D170Y:K181R,-6.791131019592285,1.02238932437
D170Y:I193N,-7.218713283538818,1.21125944586
D170Y:I193T,-9.579042434692383,1.08867338007
D170Y:I193V,-6.972738265991211,0.8683023087620001
D170Y:K181E,-13.767297744750977,0.442133637671
D170Y:K181I,-10.418794631958008,0.56769154477
D170Y:K181L,-10.34872817993164,1.9559981385599896
D170Y:K181N,-11.56724739074707,0.631406944327
D170Y:I193S,-11.133220672607422,0.928090205793
D170K:E178G,-15.597146034240723,3.10013421175
D170V:D194R,-16.422990798950195,3.70197254900999
D170V:D194K,-13.878057479858398,3.5396990157
D170N:N191S,-8.368791580200195,0.506504938782
D170N:N191K,-12.021928787231445,0.295206697692
D170N:M179V,-5.988799095153809,1.01306452712
D170N:M179T,-7.374402046203613,0.434217933258
D170N:M179R,-11.5223388671875,0.727419417491
D170N:M179L,-7.737545013427734,0.824284807862
D170N:M179K,-9.765766143798828,0.53159410448
D170N:M179I,-5.6608991622924805,0.641787262266
D170N:L190V,-3.3440775871276855,0.922996157327
D170N:L190R,-7.424694061279297,0.5854606835930001
D170N:L190M,-3.903700828552246,0.502197994854
D170N:L190I,1.6962591409683228,1.4911988495
D170N:L173V,-12.064187049865723,0.491838137708
D170N:L173M,-6.576055526733398,0.797652971031
D170N:L173I,-10.803828239440918,0.885766858567
D170N:K181Y,-0.5545775890350342,0.446895186282
D170N:K181T,-4.906449794769287,0.633685026884
D170N:G185C,-12.631033897399902,0.4653765735
D170N:G185S,-9.886772155761719,0.341091185056
D170N:I193F,-7.358231067657471,0.925910913522
D170N:I193L,-4.997859001159668,0.413738832254
D170N:I193M,-6.950690746307373,1.26672317126
D170N:I193N,-3.336508274078369,2.2669147435299903
D170N:N191T,-13.134020805358887,0.120253807118
D170N:I193S,-7.2510151863098145,1.1433650268200002
D170N:I193V,-3.0905332565307617,0.920788938903
D170N:K181E,-9.641192436218262,0.658997188259
D170N:K181I,-6.292689800262451,0.5591936255100001
D170N:K181N,-7.44114351272583,1.03454095396
D170N:K181Q,-4.966944694519043,0.657326635596
D170N:K181R,-2.6650264263153076,0.8712230947570001
D170N:I193T,-5.696837425231934,1.04398208795
D170N:G176S,-10.26609992980957,0.143904823918
D170N:N191Y,-12.126456260681152,0.473102353369
D170N:P172L,-10.076930046081543,0.4971982289850001
D170N:R187Y,-12.521293640136719,0.783659240191
D170N:R187S,-10.13742446899414,0.82982110256
D170N:R187P,-8.024717330932617,1.64670453018999
D170N:R187N,-9.861116409301758,0.862577943490999
D170N:R187L,-10.244756698608398,1.22436143348
D170N:R187H,-9.226419448852539,1.69289734706
D170N:R187G,-12.200788497924805,0.580997629503
D170N:R187C,-10.82406997680664,0.486237044952
D170N:Q200T,-3.9227867126464844,1.19682665912999
D170N:Q200R,-8.334842681884766,1.84425055648
D170N:Q200L,-3.1502597332000732,0.51147878722
D170N:Q200K,-8.116619110107422,0.709605517257
D170N:Q200H,-4.299563407897949,1.56235656702999
D170N:Q195R,2.493689775466919,2.52010674047
D170N:Q195L,-6.685486793518066,0.332292187679
D170N:Q195K,1.8490769863128662,3.26206014367
D170N:Q195H,-3.259387254714966,0.602993377236
D170N:P172Q,-6.500373840332031,1.0202024254100002
D170N:P172R,-10.04306411743164,1.2557115979
D170N:P172S,-7.075067520141602,1.1427549354000002
D170N:P172T,-8.486119270324707,1.09966156656
D170N:P174A,-12.450368881225586,0.5108205289559989
D170N:P174L,-12.546430587768555,0.264558917106
D170N:P172A,-5.950800895690918,1.43353628316
D170N:P174R,-13.955472946166992,0.328411214317
D170N:P202T,-13.930644035339355,0.0997896153073
D170N:Q186E,-1.804882526397705,0.756565410243
D170N:Q186H,-6.540739059448242,1.26689585734
D170N:Q186L,-5.70458984375,0.7120053711100001
D170N:Q186R,-5.3302717208862305,1.57191180601
D170N:Q186W,-11.826835632324219,3.93381467938
D170N:P174S,-11.895709991455078,0.282425842037
D170N:R203L,-13.822938919067383,0.234305240091
D170N:G176R,-12.725400924682617,0.7105610302840001
D170N:G176A,-12.626178741455078,0.125932776378
D170L:T196S,-12.195135116577148,1.19842018499
D170L:R203S,-22.876449584960938,0.529877430457
D170L:Q200L,-11.0418701171875,3.82857235513
D170L:Q195R,-5.604359149932861,3.43294675037
D170L:Q195H,-11.357436180114746,0.649919667878
D170L:Q186E,-9.733283042907715,2.19584151557
D170L:L190V,-11.299548149108887,1.69877444900999
D170L:L190R,-15.38016414642334,2.73217085247999
D170L,-9.954826354980469,1.757548039
D170K:W177R,-19.351181030273438,0.146535358386
D170K:V171I,-7.310500621795654,3.6384743615800006
D170K:V171D,-16.631982803344727,3.94698887046
D170K:T198S,-9.185330390930176,5.87533178634
D170K:S184Y,-12.466595649719238,0.816222668774
D170K:S183R,-13.986889839172363,1.48163583768
D170K:S183G,-10.571392059326172,3.40079024842
D170K:R187H,-15.084220886230469,0.7452974551170001
D170K:I193V,-9.170614242553711,1.8684978051599896
D170K:K181I,-12.227375030517578,1.05547153395
D170K:L190M,-10.059889793395996,2.50720325132
D170K:M179I,-11.735628128051758,0.693156970338999
D170K:M179L,-13.812273979187012,1.43674947093
D170K:M179T,-13.44913101196289,1.09932959132
D170L:W177S,-22.29672622680664,0.8569575794850001
D170K:P172A,-12.209236145019531,3.97554631497
D170K:P172T,-14.74455451965332,2.8889245659099902
D170K:Q186E,-7.833110332489014,0.202230257375
D170K:Q186H,-12.56896686553955,2.3817666552900003
D170K:Q195R,-3.5551018714904785,6.892251837789988
D170K:Q200H,-10.28364372253418,2.91384323236
D170K:Q200R,-14.31892204284668,4.71981706383
D170K:P172Q,-12.758808135986328,4.733624266600001
D170N:G176C,-12.617881774902344,0.358673898785
D170N,-2.0542478561401367,1.191825583
D170N:A175P,-0.4468495845794678,1.17695877323
D170N:F189Y,-5.55531120300293,1.69833722336
D170N:E178Q,-6.603349208831787,0.767994527397
D170N:E178N,-13.180583953857422,1.4223773249200002
D170N:E178K,-10.564002990722656,0.234318664595
D170N:E178G,-9.610294342041016,2.46906565979
D170N:E178D,-7.661774158477783,1.17140188231
D170N:E178A,-9.517290115356445,1.4143499386000002
D170N:D201Y,-12.355325698852539,0.8218329183290001
D170N:D201V,-14.535442352294922,0.828171078099
D170N:D201N,-8.344073295593262,0.551841945297
D170N:D201I,-14.75089168548584,1.22675963079
D170N:D201H,-9.610078811645508,0.703122331397
D170N:D201G,-14.994749069213867,0.2584198683599989
D170N:D201A,-14.953594207763672,0.69588498542
D170N:D194Y,-8.499606132507324,0.868057676505
D170N:D194V,-9.522921562194824,0.891561598769
D170N:D194T,-1.3134392499923706,1.51706362305
D170N:A175R,-4.870528221130371,3.22970164785
D170N:A175S,-2.4704701900482178,1.42950649446
D170N:A175T,-2.7276928424835205,1.51489779011
D170N:A175V,-5.47823429107666,1.37824283618999
D170N:A180G,-5.630124092102051,0.521178146796
D170N:A180S,-6.424300193786621,0.8083952636130001
D170N:A175G,-5.86124324798584,1.06311251297999
D170N:A180V,-9.102790832519531,0.235227223574
D170N:D194E,-3.7292821407318115,1.55111912169
D170N:D194G,-8.13783073425293,1.35416719577
D170N:D194H,-8.212952613830566,1.73032644317999
D170N:D194K,-8.16445255279541,4.053436448399991
D170N:D194N,-2.0229923725128174,1.90996476887999
D170N:D194S,-3.9227428436279297,0.181823912133
D170N:D194A,-6.367803573608398,1.9697402551599896
D170N:S183A,-2.0728721618652344,1.3667047772
D170N:S183C,-9.093050003051758,0.399387715356
D170N:S183G,-4.5545477867126465,1.11770600334
D170S:I193N,-4.421394348144531,0.783659240191
D170S:G176D,-12.238435745239258,0.630911973808
D170S:D194Y,-9.720304489135742,1.84084675821999
D170S:D194N,-3.243690252304077,1.52381637136
D170S:D194G,-9.358528137207031,1.67549373194999
D170S:D194A,-7.588501453399658,2.0868919725
D170S:A180T,-7.841856002807617,0.839383123322
D170S:A175S,-3.703371047973633,2.65345366719
D170S,-3.19205379486084,1.238792683
D170R:W177S,-21.914432525634766,1.30752382447
D170R:T198S,-10.66407585144043,5.91112315386999
D170R:T182S,-13.524425506591797,0.658106625797
D170R:S183R,-15.476895332336426,2.96810438942
D170R:Q200L,-10.662805557250977,2.4020029372
D170R:P172A,-13.609926223754883,6.11147297799999
D170R:L173Q,-20.532634735107422,1.4987754597
D170R:I193S,-14.80167007446289,1.24303695771
D170Q:Q195H,-7.732071399688721,2.27280217993
D170Q:Q195K,-2.6236071586608887,4.46437864964999
D170Q:Q195R,-1.978994369506836,3.450919097
D170Q:Q200H,-8.757759094238281,1.82857202629
D170Q:S183R,-12.484142303466797,9.69937827693
D170Q:T182N,-12.644182205200195,2.40236818251
D170S:M179L,-8.887109756469727,0.862577943490999
D170Q:T196A,-13.027741432189941,0.146535358386
D170Q:V171G,-13.920038223266602,3.96366067117
D170Q:V171I,-5.679208755493164,1.98332124395
D170R,-9.57856559753418,2.470139561
D170R:A180D,-15.186698913574219,0.52642202832
D170R:A180G,-13.15749740600586,1.67065539736
D170R:D194A,-13.976194381713867,2.62989719903
D170Q:V171F,-9.062004089355469,0.903164582970999
D170Q:Q186R,-9.88463306427002,5.07756812756999
D170S:P172S,-8.113752365112305,1.60526213596
D170S:S183R,-9.068729400634766,1.77200961941
D170V:D194H,-13.926557540893555,2.19448122374
D170V:D194G,-13.851435661315918,1.57408954827
D170V:D194E,-9.442887306213379,2.18198499657
D170V:D194A,-12.081408500671387,2.55108033794
D170V:A180T,-12.310720443725586,0.939860095151
D170V:A180S,-12.082429885864258,2.19509310997
D170V:A180G,-11.288253784179688,0.527244289458
D170V:A180D,-13.317455291748047,0.535404219107
D170V:A175V,-11.186821937561035,1.55164973514999
D170V:A175T,-8.436281204223633,2.12236330527
D170V:A175S,-8.179058074951172,2.3134555799200003
D170V:A175P,-6.155437469482422,2.57706593814
D170V:A175I,-13.301387786865234,2.90061021468
D170V:A175H,-9.119186401367188,8.15800885954
D170V:A175G,-11.569831848144531,0.950989369625999
D170V:A175D,-9.573384284973145,1.5593674919100002
D170V,-7.694159984588623,1.9505742
D170S:S184F,-8.399267196655273,1.70122673255
D170S:T196N,-10.090595245361328,1.65076008134
D170S:V171I,-3.213742733001709,0.887119846391
D170T,-4.123059272766113,1.867418334
D170T:D194E,-5.860440254211426,2.5147856548
D170T:D194N,-4.15415096282959,3.27519495497999
D170S:P174S,-13.03687858581543,0.146535358386
D170T:D201N,-10.424983978271484,1.04025563215
D170T:M179L,-9.877052307128906,1.64303456125
D170T:P172A,-7.770796775817871,1.24945810594
D170T:P172T,-10.30611515045166,1.05242469031
D170T:Q195R,0.32817602157592773,3.10517562003
D170T:S183R,-10.009952545166016,2.96526765553
D170T:T196A,-10.465950965881348,1.61595737229999
D170T:M179I,-7.800405979156494,1.05619281244
D170Q:Q186H,-11.095100402832031,2.8018448116799903
D170Q:P174Q,-17.57708168029785,1.02648012111
D170Q:P172S,-11.730236053466797,1.41312329137
D170N:W199E,-11.851560592651367,0.492984796743
D170N:W177S,-14.44074821472168,0.312174077556
D170N:W177R,-13.401739120483398,0.239297346718
D170N:V171L,-0.4175678491592407,1.88551051875999
D170N:V171I,-1.5887857675552368,1.22622662537
D170N:V171G,-9.829615592956543,2.23803314532999
D170N:V171F,-4.97158145904541,1.54049220111
D170N:V171D,-10.910266876220703,1.46255132749
D170N:V171A,-5.515998840332031,1.54127398194999
D170N:T198S,-3.168394088745117,0.609879044932999
D170N:T198K,-9.529401779174805,0.243998890314
D170N:T198I,-10.7068510055542,0.683115704206
D170N:T197S,-6.541561126708984,0.626109885845
D170N:T196S,-4.345063209533691,0.83147524937
D170N:T196N,-8.977231979370117,0.834704758575
D170N:T196I,-7.273533821105957,0.837133021399
D170N:T196C,-7.642341613769531,1.01038188236
D170N:S183I,-6.796057224273682,1.50569322605
D170N:S183N,-3.0298218727111816,1.66996546887999
D170N:S183R,-7.97004508972168,1.89571845614
D170N:S183T,-3.3863894939422607,1.43204135132
D170N:S184A,-3.8019282817840576,1.36995754375
D170N:S184C,-7.263646602630615,0.418470895294
D170N:W199L,-9.413911819458008,0.00381519094773
D170N:S184F,-7.259609222412109,1.64042609514
D170N:S184Y,-6.4420695304870605,1.85452332842
D170N:T182A,-8.2049560546875,0.662502813888
D170N:T182I,-11.34821891784668,0.590513482075
D170N:T182N,-8.107831954956055,0.512253064095
D170N:T182S,-5.957571029663086,0.495633916625
D170N:T196A,-8.436946868896484,0.5818692442710001
D170N:S184T,-0.9436826705932617,1.20583256049
D170N:W199S,-10.590446472167969,0.15800680455
D170N:Y188F,-8.04322624206543,0.096070525954
D170N:Y188N,-13.465685844421387,0.0767542649514999
D170Q:D194H,-12.779790878295898,4.53829433019
D170Q:D194V,-14.089759826660156,1.08561504427
D170Q:D201V,-19.028291702270508,1.39238426071999
D170Q:D201Y,-16.848175048828125,0.783659240191
D170Q:E178A,-13.8953275680542,3.52586905944
D170Q:E178D,-12.039812088012695,1.7257199404900003
D170Q:D194E,-8.296120643615723,2.56649845049
D170Q:G176A,-17.200748443603516,1.93684487271
D170Q:K181I,-10.533086776733398,1.24450206219
D170Q:K181N,-11.681540489196777,2.33622563355
D170Q:M179I,-10.309175491333008,1.88605795559
D170Q:M179R,-16.17061424255371,0.929318415044
D170Q:N191H,-12.856666564941406,1.00574297426
D170Q:P172L,-14.732098579406738,3.27340846437999
D170Q:I193C,-13.809358596801758,1.5652660561200002
D170V:D194N,-7.736597537994385,2.7408713453400004
D170Q:A180V,-13.669057846069336,0.541021180784
D170P:V171G,-16.984840393066406,2.05024850767
D170P,-9.358514785766602,2.502210796
D170P:A180S,-13.715054512023926,1.15466026184
D170P:E178A,-16.699480056762695,1.7154291455
D170P:G185V,-21.817779541015625,1.24517133154
D170P:I193F,-14.657463073730469,2.13871861221
D170P:M179I,-12.989718437194824,1.94885258064
D170Q,-6.572775840759277,1.6124746680000002
D170P:P172S,-14.520142555236816,1.76823444789
D170P:Q195H,-10.605682373046875,3.07064746587
D170P:Q200H,-11.558992385864258,1.08923214178
D170P:Q200L,-10.409688949584961,1.64546956269
D170P:R187P,-15.481000900268555,2.4243479872
D170P:S183R,-15.21064567565918,5.30119893648
D170P:V171A,-12.671223640441895,0.746376064433
D170P:Q186L,-13.00645637512207,0.705764955665
D170A:S183N,-7.241101264953613,1.31719911248
D170E:D201Y,-12.611886024475098,1.01198696119
D170A:S183I,-11.007336616516113,1.21794780526
D170A:D201Y,-16.592470169067383,0.858155366716
D170A:E178A,-13.712328910827637,2.3764641295200004
D170A:E178D,-11.856813430786133,1.35009067207
D170A:E178G,-13.80533218383789,3.2304817678299904
D170A:E178K,-14.759040832519531,0.3159293742089989
D170A:E178Q,-10.79838752746582,1.46108367706
D170A:E178V,-15.529436111450195,0.218440314294
D170A:F189S,-19.546833038330078,0.3919457137879989
D170A:F189Y,-9.717142105102539,2.02282895298
D170A:G176C,-16.910533905029297,0.502599613289999
D170A:D201V,-18.772586822509766,0.477536124581
D170A:G176V,-19.124324798583984,0.119237267867
D170A:I193L,-9.224764823913574,1.35600309941
D170A:I193M,-11.177597045898438,1.37959068182
D170A:I193N,-7.563414573669434,1.89054936815999
D170A:I193R,-11.320867538452148,2.11375439205999
D170A:I193S,-11.477921485900879,1.63083642762
D170A:I193T,-9.923744201660156,0.495747633068
D170A:I193V,-7.317439556121826,0.98780121759
D170A:K181E,-13.922931671142578,1.98444056289
D170A:K181I,-10.57442855834961,0.994570729189
D170A:K181N,-11.722882270812988,0.793147343413
D170A:I193F,-11.585137367248535,1.47001418402
D170A:K181Q,-9.24868392944336,1.53724173187
D170A:D201N,-12.581218719482422,0.442134210674
D170A:D201E,-17.12872314453125,0.233516855133
D170A:A175D,-8.19129753112793,0.920274287359
D170A:A175E,-7.705100059509277,1.24954942093
D170A:A175G,-10.187744140625,0.965111856882
D170A:A175P,-4.773350715637207,1.76725196840999
D170A:A175R,-9.197030067443848,1.22486450506
D170A:A175S,-6.796971321105957,1.53534220182
D170A:A175T,-7.054194450378418,2.32975638884
D170A:A175V,-9.80473518371582,1.22485154354
D170A:A180D,-11.964664459228516,0.292538715608
D170A:A180G,-9.935462951660156,0.606215367956
D170A:D201H,-13.847223281860352,0.704808152013999
D170A:A180S,-10.729639053344727,1.04434767504
D170A:D194A,-10.67365837097168,2.1841187824
D170A:D194E,-8.035136222839355,1.63605410563
D170A:D194G,-12.443685531616211,1.60878549686
D170A:D194H,-12.518806457519531,3.2012533184099903
D170A:D194L,-12.236831665039062,0.758398725539999
D170A:D194N,-6.3288469314575195,2.2991409626099903
D170A:D194T,-5.619293689727783,1.29325818528
D170A:D194V,-13.828775405883789,1.07255890579
D170A:D194Y,-12.805459976196289,1.47615500929
D170A:D201A,-19.190738677978516,0.563005764218
D170A:A180T,-10.957929611206055,0.850600701902
D170A:K181R,-6.946765422821045,1.43412111143
D170A:S183K,-11.405475616455078,1.33538345738999
D170A:L173Q,-17.32604217529297,0.534792207403
D170A:Q186E,-6.057887077331543,1.0635952292
D170A:Q186H,-10.793743133544922,1.5518513447
D170A:Q186L,-9.95759391784668,1.22770765844
D170A:Q186P,-14.475784301757812,0.162246902008
D170A:Q186R,-9.583276748657227,1.92788470045999
D170A:Q195E,-10.028963088989258,0.314881592291
D170A:Q195H,-7.617074489593506,0.826937179816
D170A:Q195K,-2.508610248565674,2.63464887604
D170A:Q195P,-13.871667861938477,0.360700039805
D170A:Q195R,-1.863997459411621,2.99156896348
D170A:Q200E,-10.731504440307617,0.761281716476999
D170A:Q200H,-8.562678337097168,2.49089465007
D170A:Q200L,-7.413374900817871,0.777099436604
D170A:Q200P,-16.411340713500977,0.238731272399
D170A:Q200R,-12.597957611083984,2.1021620481
D170A:Q200W,-16.046480178833008,0.946330557250999
D170A:Q200Y,-10.947654724121094,2.5357441386
D170A:R187H,-13.461901664733887,1.2476664317
D170A:R187L,-14.480239868164062,1.34796936186
D170A:R187S,-14.372907638549805,1.09903238117999
D170A:R203C,-17.036954879760742,0.0883961724623
D170A:S183G,-8.765827178955078,1.44726189738
D170A:L173M,-10.845458984375,0.771981862108
D170A:P202T,-18.259963989257812,0.1868185561699989
D170A:P202S,-16.858184814453125,0.244365263445
D170A:Q200K,-12.37973403930664,1.11374657817999
D170A:P174T,-16.933475494384766,0.4006575449239989
D170A:L190M,-8.227932929992676,1.08819987885
D170A:P202L,-17.83289909362793,0.178044056484
D170A:L190P,-14.798807144165039,0.468838024258999
D170A:L190Q,-12.959999084472656,0.694616561744
D170A:L190R,-11.748926162719727,1.08967234895
D170A:L190V,-7.668309211730957,1.14398916659
D170A:M179I,-9.972615242004395,1.04421719806
D170A:M179L,-12.049261093139648,1.43480148602
D170A:M179R,-15.834054946899414,0.641107188287
D170A:M179T,-11.686117172241211,1.15144688711
D170A:N191D,-11.663715362548828,0.237924662789
D170A:M179K,-14.077482223510742,0.858245114349
D170A:P172S,-11.36695671081543,1.84587970751
D170A:P174R,-18.154682159423828,0.2879707003009989
D170A:N191S,-12.692190170288086,0.531461556485
D170A:P174A,-16.649578094482422,0.182239473762
D170A:P172T,-12.778008460998535,1.32740414819999
D170A:P172R,-14.334953308105469,1.92669473007
D170A:P174S,-16.094919204711914,0.552823383910999
D170A:P172L,-14.368819236755371,1.14901751809
D170A:P172A,-10.242690086364746,1.7471989701400004
D170A:N191Y,-16.44985580444336,0.137236931563
D170A:P172Q,-10.79226303100586,1.5718031542500002
V171G:S183C,-14.89225959777832,0.656456458595
V171G:R187L,-16.407875061035156,0.807451641820999
V171G:S183G,-10.46268081665039,2.1950646395200004
V171G:R203C,-18.409561157226562,0.113699577607
V171G:R187S,-16.43657684326172,1.15109503448
V171G:Q200L,-8.894168853759766,2.81901858804
V171G:Q200R,-14.131897926330566,2.23660440982
V171G:R187C,-17.178546905517578,0.517260608436
V171G:Q200V,-10.253087043762207,1.28273841397999
V171G:S183I,-12.650487899780273,1.5223309038
V171G:Q200K,-13.9951171875,1.19803695106
V171G:R187H,-15.377815246582031,1.000110326
V171G:S183N,-9.032649993896484,2.2177925707
V171G:T182N,-14.063312530517578,0.228173141208
V171G:S183T,-9.367481231689453,1.46318367567
V171G:S183W,-17.94690704345703,3.3438359018700003
V171G:S184A,-9.750275611877441,1.94345965277
V171G:S184C,-13.07548999786377,0.872460704378
V171G:S184F,-13.118858337402344,1.19135430033
V171G:S184P,-15.45730972290039,0.211015510491
V171G:S184T,-6.833764553070068,1.52071567509
V171G:S184Y,-12.262306213378906,2.3650369386900003
V171G:T182D,-12.704973220825195,0.676570411515
V171G:T182I,-17.231895446777344,0.229478680007
V171G:T182P,-19.016902923583984,0.160567788785
V171G:T182S,-11.858101844787598,0.914181958109
V171G:Q200H,-10.401776313781738,3.24352158658
V171G:T196A,-14.520511627197266,0.301322098418
V171G:S183R,-13.919922828674316,2.5713436907599903
V171G:Q200E,-12.754852294921875,0.8450324257170001
V171G:M179I,-11.819698333740234,1.00301772201
V171G:Q195P,-15.542047500610352,0.455058463423
V171G:L173M,-12.540079116821289,1.38058102667
V171G:L173P,-16.630619049072266,0.6479094969420001
V171G:L190F,-13.708039283752441,1.089785336
V171G:L190M,-10.197193145751953,1.37620911126
V171G:L190Q,-14.993818283081055,0.0955373318773
V171G:L190V,-9.657934188842773,2.49091588529
V171G:T196I,-13.38742446899414,1.30119670401
V171G:M179K,-15.535323143005371,0.597171614155
V171G:M179L,-13.880653381347656,0.961123190051
V171G:M179R,-17.19508934020996,1.00989018998
V171G:M179V,-11.963203430175781,0.973732091173
V171G:N191D,-13.38638973236084,0.650688697592
V171G:N191K,-18.106117248535156,0.0901482146803
V171G:N191Y,-18.25118637084961,0.160014593499
V171G:P172A,-14.737407684326172,2.14568349002
V171G:P172L,-18.078205108642578,2.16604197564
V171G:P172Q,-14.886212348937988,1.86109098623
V171G:P172R,-18.844392776489258,1.85477856059
V171G:P172S,-15.650278091430664,1.9028708625
V171G:P172T,-16.88506507873535,1.60498486121
V171G:P174L,-18.46146011352539,0.536087088119999
V171G:Q186E,-7.890835762023926,1.34588411993999
V171G:Q186H,-12.589144706726074,1.38738289622
V171G:Q186L,-11.825504302978516,1.04647046683
V171G:Q186R,-11.168914794921875,2.4267707047
V171G:Q186W,-17.816051483154297,3.87899598994
V171G:Q195H,-9.318767547607422,2.4814834544299904
V171G:Q195K,-4.212768077850342,3.5494141274800004
V171G:Q195L,-12.673998832702637,0.739582108176
V171G:Q195R,-3.5289502143859863,3.4248010797400004
V171G:T196M,-14.034649848937988,2.62780776998
V171I:A175R,-2.4367170333862305,2.92104766436
V171G:T197P,-16.82094955444336,0.558613318400999
V171I:D194E,-1.4215879440307617,1.66439004706
V171I:D194G,-5.648482322692871,2.31656869102
V171I:D194H,-5.680382251739502,1.12685282281
V171I:D194I,-6.267270565032959,1.38810680863
V171I:D194K,-5.654943943023682,2.23271964068
V171I:D194N,0.5513947010040283,2.01378493392
V171I:D194V,-7.00324821472168,1.09049442662999
V171I:D194Y,-5.9620795249938965,0.965100394061
V171I:D201A,-12.076972961425781,0.608681262267
V171I:D201G,-12.298072814941406,0.274492632204
V171I:D201H,-6.6190643310546875,0.886852763235999
V171I:D201N,-5.2162322998046875,0.577162512121
V171I:E178A,-7.512847423553467,2.03318874711
V171I:E178D,-5.599854946136475,1.28899262612
V171I:E178G,-7.535250663757324,2.4960598167200003
V171I:E178K,-8.579620361328125,0.202796077208
V171I:E178Q,-4.667781829833984,0.935071205855
V171I:F189V,-13.556093215942383,0.2339841153
V171I:F189Y,-2.5658326148986816,1.29675469369
V171I:G176A,-10.476774215698242,0.3998794222919989
V171I:G176C,-10.381553649902344,0.592544559259
V171I:G176R,-10.55766487121582,0.631409641556
V171I:G176S,-8.043601989746094,0.27584132886
V171I:G185A,-9.250507354736328,0.177905060872
V171I:G185C,-10.22299861907959,0.607896141869
V171I:G185S,-7.470388412475586,0.357218665765
V171I:I193D,-7.744903564453125,1.67871190919
V171I:I193F,-5.178966999053955,0.7718011053370001
V171I:I193L,-2.7925639152526855,0.960235664824
V171I:D194A,-3.846625804901123,1.6083028433000002
V171G:T196S,-10.454034805297852,1.323373505
V171I:A180V,-6.907476425170898,0.156423184534
V171I:A180S,-4.094581604003906,0.687736260173999
V171G:T197S,-12.562257766723633,0.950756384595
V171G:T198A,-14.188302040100098,0.425666479727
V171G:T198I,-16.398860931396484,1.14642218052
V171G:T198M,-15.288260459899902,0.297070719863
V171G:T198P,-16.34749984741211,0.166847950194
V171G:T198R,-13.841486930847168,0.556414199141
V171G:T198S,-8.817091941833496,1.3034776007
V171G:W177C,-17.050861358642578,0.371641411708
V171G:W177G,-19.85271453857422,0.531072867685
V171G:W177R,-19.283859252929688,0.413704845391
V171G:W199L,-15.309671401977539,0.150922058642999
V171G:Y188F,-13.939457893371582,0.411907113128
V171H,-6.716806411743164,2.200604356
V171H:A175V,-10.093496322631836,0.523676132451
V171H:E178D,-12.841192245483398,1.69172500379
V171H:P202R,-18.499784469604492,1.05917779495
V171H:Q186L,-10.48296070098877,1.22230186872
V171H:R187P,-12.582779884338379,3.4462536518199904
V171I,0.2136370986700058,1.199341502
V171I:A175D,-1.2540749311447144,0.373767192685
V171I:A175G,-3.3401756286621094,0.509448403806
V171I:A175I,-5.182011127471924,3.05650424888
V171I:A175P,2.0578854084014893,1.05867189502
V171G:K181Y,-6.171822547912598,0.8503048749690001
V171I:A175S,0.14130541682243347,0.823560307240999
V171I:A175T,-0.20051908493041992,1.38401154414
V171I:A175V,-3.1202495098114014,1.21716488162999
V171I:A180D,-5.097662925720215,0.314255291368
V171I:A180R,-0.31928855180740356,3.2418401191900004
V171I:A180T,-4.335607528686523,0.700207824773
V171G:K181R,-8.949121475219727,2.11064330064
V171G:D201Y,-17.528120040893555,0.399852001313999
V171G:K181N,-13.456459045410156,0.788011790585999
V171A:L173M,-7.228824138641357,0.790182472533
V171A:L173I,-11.604832649230957,0.400790591001
V171A:K181T,-5.713622093200684,0.473937373899
V171A:K181R,-3.532240867614746,1.96666526431
V171A:K181Q,-5.728819847106934,0.86387878824
V171A:K181N,-8.039578437805176,0.6000954507840001
V171F:R187P,-8.231155395507812,2.2704594724
V171F:R187S,-10.651790618896484,0.5007151478949989
V171F:R203G,-14.810372352600098,0.0581884046478
V171F:S183C,-9.290948867797852,0.1907993289
V171F:S183G,-4.8613691329956055,0.838838783891
V171F:S183I,-7.049176216125488,1.12147149393
V171F:S183N,-3.4313390254974365,1.15953893622
V171F:S183R,-8.318611145019531,1.7610166046200002
V171F:S183T,-3.766170024871826,1.25444839177
V171F:S183W,-12.345596313476562,2.08084110244
V171F:S184A,-4.14413595199585,1.14119880616
V171F:S184C,-7.469350814819336,0.469470290133
V171F:S184F,-7.51271915435791,1.426229936
V171F:S184P,-9.85116958618164,0.340332400889
V171F:S184T,-1.2276250123977661,1.14803845094
V171F:S184Y,-6.656167030334473,1.7604693452700002
V171F:T182A,-8.40684700012207,0.545763108096
V171F:T182I,-11.562310218811035,0.264610808242
V171F:T182N,-8.393729209899902,0.2147234974969989
V171F:T182P,-13.347317695617676,0.276945205836
V171F:T182S,-6.1885175704956055,0.589870550996999
V171F:T182Y,-10.921619415283203,0.480973758451
V171F:T196A,-8.771079063415527,0.4318221957249989
V171A:L173V,-12.827215194702148,0.525771324232
V171F:T196F,-11.14670181274414,2.90155173903
V171A:L190R,-8.309226989746094,0.332537844434
V171A:M179I,-6.425766944885254,0.794692795931999
V171A:R187L,-10.992387771606445,0.838217765346
V171A:R187H,-9.962329864501953,0.822326720846
V171A:R187G,-13.108723640441895,0.372466464599
V171A:R187C,-11.763060569763184,0.468081220777999
V171A:Q200R,-8.645057678222656,1.64976803622
V171A:Q200L,-3.4073286056518555,0.384504479111
V171A:Q200H,-4.9149370193481445,1.27333978073
V171A:Q195R,1.9605655670166016,2.73584687067
V171A:Q195K,1.276747703552246,2.55741726729
V171A:Q195H,-3.829251766204834,1.32333169801
V171A:Q195E,-6.1674485206604,0.361281900177
V171A:Q186R,-5.727791786193848,1.39762241926
V171A:Q186H,-7.148022174835205,1.43486446222
V171A:Q186E,-2.4497129917144775,1.17168518666
V171A:P174R,-14.638154029846191,0.4447025771600001
V171A:P174Q,-13.826032638549805,0.839322641653
V171A:P174A,-13.223257064819336,0.4846997518779989
V171A:P172T,-11.789876937866211,1.41237393572
V171A:P172S,-10.555089950561523,1.81541340299
V171A:P172R,-13.749204635620117,1.73067641055
V171A:P172Q,-9.791024208068848,1.65600496796
V171A:P172L,-12.983016967773438,1.18932616693
V171A:P172E,-10.967628479003906,1.89506002686
V171A:N191H,-8.968327522277832,0.355176069393
V171A:M179V,-6.569272518157959,0.824183571592
V171A:M179T,-7.799836158752441,0.890813609833
V171A:M179R,-11.80115795135498,1.02746329704
V171A:M179L,-8.486721992492676,0.4649867902539989
V171A:M179K,-10.14139175415039,1.47941620487
V171A:L190V,-4.068473815917969,0.938916385689
V171F:T196I,-7.637990951538086,0.647080101520999
V171F:T196N,-9.304296493530273,0.784823151229999
V171F:T196R,-7.405586242675781,1.20991077062999
V171G:D201H,-14.5672607421875,0.756279122036
V171G:D201I,-19.879926681518555,1.3912435645200003
V171G:D201K,-20.36065673828125,0.52642202832
V171G:D201N,-13.1644287109375,0.642069547404
V171G:D201S,-18.048721313476562,2.0710776070200003
V171G:D201V,-19.676265716552734,0.829152073089
V171I:I193M,-4.711954593658447,1.2480397787200002
V171G:E178A,-16.217708587646484,2.74147216791
V171G:E178D,-14.304716110229492,1.50856742936
V171G:E178G,-16.2401123046875,3.70780975536
V171G:E178K,-17.284481048583984,0.700326694769
V171G:E178Q,-13.372642517089844,1.81521165354
V171G:F189L,-17.46708106994629,0.2223977321029989
V171G:F189S,-20.712247848510742,0.277213982052
V171G:F189Y,-10.57644271850586,1.6128135875
V171G:G176C,-18.882762908935547,0.701832756786
V171G:G176D,-17.388500213623047,0.170607281833
V171G:G176H,-17.620288848876953,2.46062413053
V171G:G185D,-15.983644485473633,0.301131449431
V171G:G185S,-15.846525192260742,0.433100021736
V171G:H192N,-16.132511138916016,0.3339026789979989
V171G:I193F,-13.522115707397461,1.445670719
V171G:I193L,-11.135711669921875,2.06116460374
V171G:I193M,-13.055103302001953,1.43618242171
V171G:I193N,-9.398499488830566,3.68543316934
V171G:I193S,-13.360238075256348,1.17841604415
V171G:I193T,-11.80190658569336,1.35893388452999
V171G:I193V,-9.236948013305664,1.2189193663
V171G:K181I,-12.553064346313477,1.01352145198
V171G:D194Y,-14.125236511230469,1.05874999742
V171G:D194V,-15.16640567779541,0.863796688377
V171G:D194T,-6.871945381164551,3.39633904258
V171G:D194S,-9.492988586425781,5.19939638384
V171F:T196S,-4.704601287841797,0.861508028741
V171F:T197A,-6.882207870483398,0.204310555683
V171F:T197S,-6.911151885986328,0.356033112458
V171F:T198A,-8.666287422180176,0.689256422215999
V171F:T198K,-9.615191459655762,0.271795633075
V171F:T198M,-9.76624584197998,0.193497928629
V171F:T198P,-10.825485229492188,0.126410221645
V171F:T198R,-8.319472312927246,0.110063222036
V171F:W177L,-14.85599422454834,0.212379700147
V171F:Y188C,-11.044877052307129,0.172391351013
V171G,-8.154901504516602,1.974818609
V171G:A175D,-9.5816068649292,1.86763059805999
V171G:A175G,-11.667707443237305,1.16775118448
V171G:A175P,-6.269646644592285,2.57167655216
V171G:K181Q,-11.145700454711914,1.50592099167
V171G:A175S,-8.186226844787598,1.61879684593
V171G:A175V,-11.447781562805176,1.68684177778999
V171G:A180D,-13.222497940063477,0.459366525481
V171G:A180G,-11.40569019317627,1.27957627533
V171G:A180R,-8.444124221801758,8.132985823310001
V171G:A180S,-12.219416618347168,1.28611043465
V171G:A180T,-12.460442543029785,0.933886431023
V171G:A180V,-15.03231143951416,0.239466637646
V171G:D194A,-12.009782791137695,2.80749627106
V171G:D194E,-9.584745407104492,2.51907034129
V171G:D194G,-13.811639785766602,1.5467794029
V171G:D194H,-13.84354019165039,2.11179232099
V171G:D194K,-13.81810188293457,1.2376881754
V171G:D194N,-7.611763000488281,3.4988329769
V171G:D194Q,-13.0647554397583,2.4136396995099902
V171G:A175T,-8.528051376342773,2.04844540373
V171I:I193N,-1.0553510189056396,2.3554323683
V171M,1.9501887559890747,1.323938731
V171I:I193T,-3.458758592605591,0.882539679927
V171I:R187L,-7.587422847747803,1.38213837773999
V171I:R187P,-5.195489883422852,1.76003577099
V171I:R187S,-7.61612606048584,0.854941088371
V171I:R187W,-11.054583549499512,2.3230772963499904
V171I:R187Y,-10.007840156555176,1.9752827014200005
V171I:R203C,-9.910820007324219,0.158980275055
V171I:R203G,-11.951765060424805,0.297367504248
V171I:S183C,-6.568742275238037,0.857606924597
V171I:S183G,-2.139162540435791,1.09150183929
V171I:S183I,-4.326969623565674,0.8961113735420001
V171I:S183K,-4.880695343017578,3.57540452379
V171I:S183N,-0.7091324925422668,1.67891617187999
V171I:S183R,-5.596405029296875,1.71501533691
V171I:S183T,-1.0439634323120117,1.29894817109
V171I:S183W,-9.623390197753906,0.933270458506
V171I:S184A,-1.4704331159591675,1.42376125417
V171I:S184F,-4.839016914367676,1.3449149591
V171I:S184L,-2.6184465885162354,1.84456131320999
V171I:S184P,-7.177467346191406,0.634556097191
V171I:S184T,1.4460777044296265,1.60200922381
V171I:S184Y,-3.982464551925659,1.4339052442500002
V171I:T182A,-5.775411128997803,0.314410332716
V171I:T182I,-8.930874824523926,0.154994899292
V171I:T182N,-5.762293338775635,0.67412416418
V171I:T182S,-3.557081699371338,0.535712597872
V171I:T196I,-4.97053861618042,0.7876054156
V171I:T196N,-6.636843681335449,0.877580389987999
V171I:T196S,-2.037149429321289,1.01101469924
V171I:T197P,-8.532797813415527,0.2170667106419989
V171I:R187H,-6.557363986968994,1.25422658182
V171I:T197S,-4.274106025695801,0.762181435633
V171I:R187G,-9.703758239746094,0.311538996864
V171I:Q200Y,-4.219292640686035,2.59755329998
V171I:N191S,-6.162537097930908,0.4674943723260001
V171I:N191T,-10.97762680053711,0.0177266222223
V171I:P172A,-6.083198547363281,1.43703181199
V171I:P172G,-10.521961212158203,2.1708149622
V171I:P172K,-8.68875789642334,1.55907570898
V171I:P172L,-9.423995971679688,0.704314093787
V171I:P172Q,-6.232003211975098,1.26092365099
V171I:P172R,-10.190183639526367,2.38199273659
V171I:P172S,-6.996068477630615,1.05628603648
V171I:P172T,-8.230855941772461,1.0527921715200002
V171I:P174L,-10.212284088134766,0.239023341668
V171I:P174T,-10.28920841217041,0.197299084544
V171I:P202A,-12.080665588378906,0.2480554253
V171I:P202Q,-12.486770629882812,0.161621800975
V171I:Q186E,0.47610872983932495,0.631703211052
V171I:Q186H,-4.222200393676758,1.07755795594
V171I:Q186L,-3.4585604667663574,0.8375488846510001
V171I:Q186R,-2.8019700050354004,1.32010111879
V171I:Q186W,-9.44910717010498,0.602546258985
V171I:Q195H,-1.078649878501892,0.717222506827
V171I:Q195K,4.027349472045898,1.94230451447
V171I:Q195L,-4.4338812828063965,0.111907266789
V171I:Q195R,4.711167335510254,2.04034237962
V171I:Q200E,-4.400213241577148,0.552001469786999
V171I:Q200H,-2.047137975692749,2.33057910431
V171I:Q200K,-5.64047908782959,0.487683457289999
V171I:Q200L,-0.5395298600196838,0.669096404779
V171I:Q200R,-5.777259349822998,1.78383663495
V171I:Q200W,-9.334149360656738,1.82303045232999
V171I:R187C,-8.358095169067383,0.627615413005
V171I:N191D,-5.17384147644043,0.344464943248
V171I:T198A,-5.968535900115967,0.64229872518
V171I:T198R,-5.621720790863037,0.687627519289999
V171A:D201H,-9.245397567749023,1.16946580005
V171A:D201N,-7.842565059661865,0.5640804614630001
V171A:D201V,-14.354400634765625,0.741406140493
V171A:D201Y,-12.206256866455078,0.450579412204
V171A:E178A,-10.871283531188965,1.70615496768999
V171A:E178D,-8.958291053771973,1.63835762447999
V171A:E178G,-10.893686294555664,2.44614214858
V171A:E178K,-11.938055992126465,0.249337453622
V171A:E178Q,-8.026217460632324,0.7806698879430001
V171A:E178S,-10.275757789611816,3.78062953045
V171A:F189L,-12.122210502624512,0.0521174973819
V171A:F189Y,-5.231572151184082,1.79200048718
V171A:G176C,-13.33454704284668,0.676986254983
V171A:G176R,-13.510658264160156,0.6405831023290001
V171A:G185A,-12.180365562438965,0.334362221358
V171A:G185C,-13.152856826782227,0.650501122794
V171A:G185D,-10.537365913391113,0.229458336409
V171A:G185V,-15.041276931762695,0.121488831371999
V171A:H192N,-10.708148002624512,0.0800476089702
V171A:I193F,-8.090641975402832,0.680383967925
V171A:I193L,-5.7042388916015625,0.942494420788999
V171A:I193M,-7.623629570007324,0.826271593653
V171A:I193N,-3.9670262336730957,2.67651434465
V171A:I193S,-7.928765296936035,0.744371777495
V171A:I193T,-6.370433807373047,0.766938818438999
V171A:I193V,-3.8054752349853516,0.984388334166
V171A:K181E,-10.264036178588867,0.862964255085
V171A:K181H,-3.2385756969451904,0.7400269236470001
V171A:K181I,-7.13618278503418,0.93239765461
V171A:D194V,-9.781684875488281,1.2118902052200002
V171I:T198M,-7.0684943199157715,0.254219139974
V171A:D194N,-2.2270419597625732,2.0583397188
V171A:D194G,-8.426918983459473,1.35815958153
V171I:T198S,-0.5973262190818787,0.637130895934
V171I:Y188C,-8.445756912231445,0.177794454661
V171L,1.6588577032089233,1.583837055
V171L:A175D,0.2739201784133911,1.96548744244
V171L:A175G,-1.812180519104004,1.43993558118999
V171L:A175P,3.5858805179595947,1.5174187030700002
V171L:A175S,1.6693005561828613,0.84478595552
V171L:A175T,1.3274760246276855,1.69226436349
V171L:A175V,-1.592254400253296,1.47129620996
V171L:A180D,-3.7282557487487793,0.471563375013
V171L:A180G,-1.911448359489441,0.150899661691
V171L:A180P,-7.255089282989502,0.1698069617249989
V171L:A180S,-2.7251744270324707,0.18012062996
V171L:A180T,-2.966200351715088,0.647663843608
V171L:A180V,-5.538069248199463,0.138732572693
V171L:D194A,-2.326211929321289,2.91079381842
V171L:D194E,0.09882581233978271,1.39547333819
V171L:D194G,-4.128068447113037,1.3844752245200005
V171A,-2.6934151649475098,1.298013126
V171A:A175G,-6.252213478088379,1.18835212156
V171A:A175P,-0.8541526794433594,1.19766099696
V171A:A175S,-2.7707326412200928,1.01549067894
V171A:A175T,-3.1125571727752686,1.3143229093000002
V171A:A175V,-6.03228759765625,1.14491405706
V171A:A180S,-6.705739498138428,0.583137103125
V171A:A180T,-6.946765422821045,0.532273184188
V171A:A180V,-9.518634796142578,0.3133661947239989
V171A:D194A,-6.625062465667725,2.38646706636
V171A:D194E,-4.200024604797363,1.72535765945999
V171A:D194H,-8.458818435668945,1.78823484695
V171L:D194H,-4.159968376159668,1.74412265632999
V171L:D194N,2.071808338165283,2.6500204856
V171L:D194V,-5.482834339141846,1.10061751072
V171L:T182S,-1.9821670055389404,0.311033690502
V171L:T182N,-4.187378406524658,0.55810515039
V171L:T182I,-7.355959892272949,0.424284521405
V171L:T182A,-4.200496196746826,1.08655494118
V171L:S184Y,-2.4858033657073975,1.96681553627
V171L:S184T,2.9427390098571777,1.67526941493999
V171L:S184P,-5.6808061599731445,0.298871574012
V171L:S184F,-3.342355489730835,1.12034204206
V171L:S184C,-3.2989866733551025,0.555688003759
V171L:S183W,-8.196321487426758,2.9783271750700004
V171L:S183T,0.38310492038726807,1.61949826343
V171L:S183R,-4.169336795806885,2.50664069212
V171L:S183N,0.7179359197616577,1.83680557764999
V171L:S183I,-2.8999013900756836,1.21099556907
V171L:S183G,-0.7120941877365112,2.40914277046
V171A:R187P,-8.600455284118652,0.687956960257
V171L:R203L,-9.637823104858398,0.108490209134
V171L:R203G,-10.6387357711792,0.255540302105
V171L:R203C,-8.597790718078613,0.118475238254
V171L:R187S,-6.341869354248047,1.45693895678
V171L:R187P,-3.9212329387664795,1.41063176368
V171L:R187L,-6.313165664672852,0.54597788587
V171L:R187H,-5.283106803894043,0.700410053440999
V171L:R187G,-8.4295015335083,0.330188864533
V171L:Q200Y,-2.7349109649658203,3.501216560990001
V171L:Q200R,-4.292877674102783,2.03728939507
V171L:Q200L,0.9448517560958862,1.35817130728
V171L:Q200K,-4.156097412109375,1.18340162748999
V171L:Q200H,-0.5627564191818237,2.28812207351
V171L:T196A,-4.642505645751953,0.501406581286
V171L:Q200E,-2.9158315658569336,0.84733793092
V171L:T196I,-3.509417772293091,1.24753240964
V171L:T197A,-2.7864699363708496,0.336674328331
V171I:I193V,-0.8937999606132507,0.954782222823999
V171I:K181E,-7.335485458374023,0.968712286942999
V171I:K181I,-4.207632064819336,0.45630040602
V171I:K181N,-5.111027717590332,0.778720480388
V171I:K181Q,-2.80026912689209,0.7762325865180001
V171I:K181R,-0.6036900281906128,0.967633032496
V171I:K181T,-2.7850711345672607,0.910425142618
V171I:L173M,-4.094604015350342,1.05095692452
V171I:L173Q,-10.409993171691895,0.172310188525
V171I:L190K,-5.416483402252197,2.68453741482
V171I:L190M,-2.028223752975464,0.846847604757
V171I:L190Q,-6.824848651885986,0.2870564612469989
V171I:L190R,-5.72971773147583,2.9956511917900004
V171I:L190V,-1.4889644384384155,0.941511573537
V171I:M179I,-3.429368495941162,0.623570114401
V171I:M179K,-7.144993305206299,1.8384899581
V171I:M179L,-5.490323066711426,0.7726345351980001
V171I:M179R,-8.804759979248047,0.415807330904
V171I:M179T,-4.803437232971191,0.441020691444
V171I:M179V,-3.572873830795288,0.623473841139
V171M:T196I,-3.231048107147217,0.949422817096
V171M:Q195K,5.950127124786377,2.33761561678
V171M:D194H,-3.7974650859832764,2.13919135423
V171L:Y188F,-4.180972576141357,0.508687818042
V171L:Y188C,-6.928073406219482,0.253427832577
V171L:W177S,-10.441156387329102,0.236734024631
V171L:T198R,-4.170384407043457,0.540343142299999
V171L:T198M,-5.617157936096191,0.365587206012
V171L:T197S,-2.815413475036621,0.658287459712
V171L:T196S,-0.5760283470153809,1.33643004398999
V171L:Q195R,6.224530220031738,2.86801826236
V171L:Q195K,5.540712356567383,3.31654796915
V171L:Q195H,0.43471264839172363,0.983974515848
V171L:K181R,0.8270081281661987,1.24311939411
V171L:K181N,-3.6803297996520996,0.764939771118
V171L:K181I,-2.7769341468811035,0.798556187183
V171L:K181E,-5.904787540435791,1.50452547015
V171L:I193T,-1.9229196310043335,1.76358012188
V171L:I193S,-3.481250762939453,0.915829800611
V171L:I193N,0.4804879426956177,2.68611928595999
V171L:I193M,-3.1761155128479004,1.29404726935
V171L:I193L,-1.2567249536514282,1.81622799915999
V171L:I193F,-3.643127918243408,0.967080759985
V171L:I193D,-6.209064483642578,3.34845368149
V171L:H192R,-5.796133041381836,0.18443815034
V171L:G185S,-6.024547576904297,0.455511702809
V171L:G185R,-6.188962936401367,0.934081891427
V171L:G185C,-8.7771577835083,0.526545173586
V171L:G185A,-7.804666519165039,0.213767531849
V171L:F189Y,-1.043503999710083,0.992518061562
V171L:E178V,-8.0488920211792,0.117901423419
V171L:E178Q,-3.3301076889038086,1.26739218502
V171L:E178K,-7.241946220397949,0.384282891062999
V171L:E178G,-6.197576522827148,2.98724939028
V171L:E178D,-4.262180805206299,1.66840755336
V171L:E178A,-6.175173282623291,1.81258598909
V171L:D201V,-10.17913818359375,0.7801017798450001
V171L:D201N,-3.667301893234253,0.624761936843
V171L:D201K,-10.863529205322266,0.676570411515
V171L:D201G,-10.74914264678955,0.341299686865
V171L:D201E,-8.850626945495605,0.38259991115
V171L:D194Y,-4.4416656494140625,1.66112928769
V171L:K181T,-1.3543729782104492,0.896563912774
V171L:L173M,-2.6032683849334717,1.71518382582
V171L:L173P,-6.693808555603027,0.502986213099
V171L:L173R,-8.781479835510254,0.304283560893
V171L:Q195E,-1.9034841060638428,0.326745462477
V171L:Q186R,-1.3955317735671997,1.52978031716
V171L:Q186P,-6.5468668937683105,0.158535890422
V171L:Q186L,-2.052122116088867,0.369926783015
V171L:Q186H,-2.8157620429992676,1.18671040138
V171L:Q186E,1.8825469017028809,1.48815902058
V171L:Q186A,-3.034935474395752,0.662094605231
V171L:P202S,-9.09566593170166,0.307262216464
V171L:P202R,-10.328805923461914,0.158314781017
V171L:P202L,-9.927504539489746,0.0901201797991
V171L:P174Q,-9.423661231994629,0.532691587308
V171L:P174A,-8.82088565826416,0.520587290322
V171L:P172T,-6.8717145919799805,1.57042282008
V171L:P172S,-5.636926651000977,2.09869958565
V171I:I193S,-5.01708984375,1.02377505731
V171L:P172R,-8.831042289733887,2.5693673624
V171L:P172L,-8.064854621887207,2.01466453455
V171L:P172A,-4.724057197570801,1.5416472759200002
V171L:N191R,-7.13809061050415,0.709011566813
V171L:N191K,-8.402571678161621,0.206893414653
V171L:N191H,-4.707456588745117,0.271392949169
V171L:M179T,-3.472561836242676,0.886490523675999
V171L:M179R,-7.473884105682373,0.591007503605
V171L:M179L,-4.15944766998291,1.15237892073
V171L:M179K,-5.814117908477783,1.2689463881899898
V171L:M179I,-2.0984930992126465,0.876098419960999
V171L:L190V,-0.09194397926330566,1.32801338529
V171L:L190R,-4.33269739151001,1.2108861784
V171L:L190P,-7.346182823181152,0.640924198594999
V171L:L173V,-8.201659202575684,0.667175665455999
V171L:P172Q,-4.872861862182617,1.55085833516
V171L:S183C,-5.141674041748047,0.5376347589
V171A:R187S,-11.02109146118164,0.777920862348
V171A:R203I,-13.514235496520996,0.450016241674
V171F:G176D,-11.700460433959961,0.32860102886
V171F:G176C,-13.194724082946777,0.286018649723
V171F:G176A,-13.289944648742676,0.5090127814859989
V171F:F189Y,-5.125891208648682,1.43149347288
V171F:F189C,-14.024032592773438,0.39104283316
V171F:E178V,-12.335125923156738,0.145813159726
V171F:E178Q,-7.616341590881348,1.3264002862
V171F:E178N,-14.061904907226562,1.4300645305700002
V171F:E178K,-11.528180122375488,0.5623789854810001
V171F:E178G,-10.483810424804688,1.9541095420900003
V171F:E178D,-8.54841423034668,1.38818317077999
V171F:E178A,-10.461406707763672,1.54777745268999
V171F:D201Y,-12.31629753112793,0.4365629416520001
V171F:D201V,-14.464442253112793,0.742096052432
V171F:D201N,-7.952606201171875,0.778634129045999
V171F:G176S,-10.856772422790527,0.3246802685909989
V171F:G185C,-12.932668685913086,0.32517667125
V171F:G185D,-10.317178726196289,0.511924955761
V171F:G185R,-10.344474792480469,0.414675443471
V171F:L173V,-12.552242279052734,0.839280239924
V171F:L173P,-11.044391632080078,0.236958369157
V171F:L173M,-6.953851699829102,0.882947523772999
V171F:K181T,-5.5778608322143555,0.686944358297
V171F:K181R,-3.396479606628418,1.01362759882999
V171F:K181Q,-5.5930585861206055,0.527428093946
V171F:K181N,-7.903817653656006,0.602611157042
V171F:D201H,-9.355438232421875,0.433149130393
V171F:K181I,-7.00042200088501,0.673521557639
V171F:K181A,-8.74669075012207,1.95314282285999
V171F:I193V,-3.51304292678833,0.8479740137790001
V171F:I193S,-7.6363325119018555,0.491662887056
V171F:I193N,-3.674593925476074,1.09173646697
V171F:I193M,-7.331197738647461,0.756566598558
V171F:I193L,-5.411807060241699,0.991231878887999
V171F:I193F,-7.798210144042969,0.841580385761999
V171F:K181E,-10.128274917602539,0.8456392395260001
V171F:L190K,-8.098405838012695,1.99641255652
V171F:D201G,-15.034446716308594,0.22045334609
V171F:D201A,-14.813346862792969,0.673241320581
V171E:Q195R,-2.3204221725463867,3.8402751393199903
V171E:L190V,-8.345528602600098,2.18589413929
V171E:L173M,-11.275131225585938,2.26505732162
V171E:E178A,-14.999462127685547,2.00442788009999
V171E:D194N,-6.336670875549316,1.71912146168
V171E:A175S,-6.953256130218506,0.603952182953
V171E:A175G,-10.434737205505371,1.81144714950999
V171E,-6.9025373458862305,1.397016889
V171D:Y188D,-20.595355987548828,0.4158661621850001
V171D:W177R,-20.169963836669922,0.329551220763
V171D:T198S,-9.74317455291748,1.02537456613
V171D:T198A,-15.114384651184082,0.71070746035
V171D:T197S,-13.528280258178711,0.873804680944
V171D:T197P,-17.786972045898438,0.936541227075
V171D:T197A,-13.499336242675781,0.450163678506
V171F,-2.485236406326294,1.127986667
V171F:A175D,-3.966897487640381,0.882208237398999
V171F:A175E,-3.494441032409668,2.46405772144
V171F:A175G,-6.0529985427856445,0.7495472481380001
V171F:D194Y,-8.730072021484375,0.886666318428
V171F:D194V,-9.771241188049316,0.6408597883380001
V171F:D194Q,-7.669590950012207,1.10847407225
V171F:D194N,-2.2165980339050293,2.11325523629
V171F:D194H,-8.44837474822998,1.37994199555
V171F:D194G,-8.416475296020508,1.13513318665
V171F:D194E,-4.189580917358398,1.7415207643
V171F:D201E,-13.135931015014648,0.26850947752
V171F:D194A,-6.614618301391602,1.32955338186
V171F:A180S,-6.761654853820801,0.643484996588
V171F:A180G,-5.947928428649902,0.377226441994
V171F:A180D,-7.764736175537109,0.3997957906409989
V171F:A175V,-5.833072185516357,0.12239141255
V171F:A175T,-2.913341760635376,0.970489500675
V171F:A175S,-2.5715172290802,0.950463990577999
V171F:A175P,-0.6549372673034668,0.780876849902
V171F:A180T,-7.002680778503418,0.330375995518
V171F:L190M,-4.710145473480225,1.13827971862
V171F:L190R,-8.411640167236328,0.830777239532
V171F:L190V,-4.170886039733887,0.608376939007999
V171S:Q186H,-10.580374717712402,4.42602570781999
V171S:Q195R,-1.4610390663146973,2.82266834065
V171S:Q200H,-8.244889259338379,0.924445840714
V171S:Q200R,-11.975010871887207,1.84893343153
V171S:S183N,-6.986230850219727,1.77619685255999
V171S:S184Y,-10.22425651550293,7.78344924026
V171S:T198S,-6.781739234924316,2.40510806771
V171T,-4.255060195922852,0.963624688
V171T:A175T,-4.735306739807129,2.95259329186
V171T:D194N,-3.711153745651245,3.96279435119
V171T:E178K,-13.336807250976562,1.81130522053
V171T:Q195H,-5.434220314025879,0.8717660480570001
V171T:T182S,-7.991138458251953,1.44265223004
V171Y,-4.565780162811279,1.198164072
V171Y:P172A,-10.292296409606934,0.898285582798
V171S:K181R,-6.850836277008057,1.54019110607
V171S:E178K,-15.273107528686523,1.69991554462
V171S:D194G,-11.732568740844727,3.21832033365
V171S:A175G,-9.647542953491211,0.983143341308
V171N,-8.890167236328125,2.749499045
V171N:A175V,-12.241630554199219,2.18934601664
V171N:A180V,-15.838438034057617,2.81722415055
V171N:D194A,-12.76600456237793,1.6769667219
V171N:Q186L,-12.633882522583008,2.3052750926099903
V171N:Q195K,-4.958536624908447,0.52642202832
V171N:R187P,-14.617927551269531,4.31123153513
V171Y:P174S,-14.693214416503906,1.80319764232999
V171N:T196V,-14.45788860321045,2.35050328744
V171P:D194G,-13.695999145507812,0.52642202832
V171R,-5.445722579956055,3.462110809
V171R:I193M,-10.486177444458008,5.27651607809
V171R:N191D,-10.607690811157227,1.24358903355
V171R:Q200H,-7.755572319030762,3.44849897029999
V171R:Q200R,-11.485692977905273,1.73895564134
V171S,-6.069830894470215,1.833689529
V171P,-7.886797904968262,2.75929815
V171Y:Q200H,-6.823533058166504,1.64468060901
V171Y:T182A,-10.4758882522583,0.882274442173
V171A:R187V,-8.54033374786377,2.48155754364
V171F:P174Q,-13.707683563232422,0.4492020534399989
V171F:P172T,-10.213440895080566,0.8285401476
V171F:P172S,-8.978653907775879,0.723405157183
V171F:P172R,-12.172768592834473,1.00459102815
V171F:P172Q,-8.214588165283203,1.73849708212
V171F:P172L,-11.406580924987793,1.14050709809
V171F:P172I,-12.845806121826172,0.52642202832
V171F:P174R,-14.519804954528809,0.1476292959239989
V171F:P172A,-8.065783500671387,1.56864643388
V171F:N191S,-8.8135986328125,0.544348500094
V171F:N191D,-7.8249030113220215,0.282665952795
V171F:M179T,-7.381038665771484,0.590262656924
V171F:M179R,-11.38236141204834,1.3963028578
V171F:M179L,-8.067924499511719,1.01928433599
V171F:M179K,-9.72259521484375,0.348478908762
V171F:M179I,-6.006970405578613,0.640476173911
V171F:N191Y,-12.689701080322266,0.0603488025926
V171D:T196Y,-17.923351287841797,2.43855690942
V171F:P174S,-12.436888694763184,0.248476027867
V171F:Q186E,-2.2794029712677,0.728527173627
V171F:R187H,-9.593029022216797,1.31524509083
V171F:R187G,-12.739423751831055,0.305473855747
V171F:Q200R,-8.469021797180176,1.40467592651
V171F:Q200L,-3.2312920093536377,0.613831842058
V171F:Q200K,-8.33224105834961,0.140287732478
V171F:Q200H,-4.738900184631348,3.73274283985
V171F:Q200E,-7.091975212097168,0.273455646231999
V171F:P174T,-13.179389953613281,0.277792934443
V171F:Q195R,1.9923574924468994,2.2819752781
V171F:Q195L,-7.152690887451172,0.179859553032
V171F:Q195K,1.308539628982544,2.12813492891
V171F:Q195H,-3.797459840774536,0.970914479713999
V171F:Q195E,-6.135656356811523,0.299876106668
V171F:Q186R,-5.55748176574707,1.28531084747
V171F:Q186L,-6.214072227478027,0.516714777763
V171F:Q186H,-6.977712154388428,0.700411528416
V171F:Q195P,-10.020739555358887,0.223308356352
V171D:T196S,-11.347352027893066,0.94450466381
V171F:I193T,-6.078001499176025,0.595434212245
V171D:T196I,-14.280740737915039,1.4294964032
V171D:D201H,-15.56419849395752,0.578461169963
V171D:D201G,-21.243206024169922,0.407754862896
V171D:D201E,-19.34469223022461,0.0440643928284
V171D:D194V,-16.150047302246094,0.579431294047
V171D:D194T,-7.855587005615234,6.28887343872
V171D:D194N,-8.595404624938965,2.93200471204
V171D:D201N,-14.16136646270752,0.691362453570999
V171D:D194K,-14.801742553710938,1.0587121060200002
V171D:D194E,-10.568387031555176,2.24470102305999
V171D:D194A,-12.993425369262695,3.43834063648
V171D:A180V,-16.09566307067871,0.112031799658
V171D:A180T,-13.523794174194336,0.772361786563999
V171A:R203S,-14.944125175476074,0.343517208967
V171A:S183C,-9.441211700439453,0.326477100911
V171D:D194H,-14.827180862426758,2.2452661770900004
V171D:D201P,-19.309185028076172,0.52642202832
V171D:D201V,-20.673202514648438,0.567497456175
V171D:D201Y,-18.52505874633789,0.385381097142
V171D:I193N,-10.390324592590332,1.97181059186
V171D:I193M,-14.046928405761719,1.38517347732999
V171D:I193L,-12.12753677368164,1.74968210952
V171D:I193G,-16.803138732910156,3.06114345205
V171D:I193F,-14.513940811157227,1.48792768683999
V171D:H192Y,-16.76780891418457,0.118146828638
V171D:H192N,-16.97674560546875,0.238830267311
V171D:G185S,-16.776443481445312,0.312119554921
V171D:G176A,-19.854494094848633,0.41665751589
V171D:F189Y,-11.623605728149414,2.5135977977
V171D:E178Q,-14.319613456726074,2.18257767881
V171D:E178K,-18.23145294189453,0.5584877921600001
V171D:E178G,-17.187082290649414,2.8573796685
V171D:E178D,-15.251686096191406,2.65484256851
V171D:E178A,-17.1646785736084,1.83256817383
V171D:T196N,-15.947046279907227,0.889455074724
V171D:I193R,-14.169963836669922,2.47127584509
V171A:S183G,-5.011631965637207,0.982800601016
V171A:S183N,-3.581602096557617,0.614899652601
V171A:Y188F,-8.532613754272461,0.159648980474
V171C:D194N,-6.2008771896362305,1.73038007437
V171C:Q186R,-9.537240982055664,4.82769831836999
V171C:S183G,-8.842100143432617,2.37508938607
V171D,-9.102926254272461,1.860249175
V171D:A175D,-10.523317337036133,1.24968204243
V171A:T198S,-3.398181438446045,0.603977439684
V171D:A175H,-10.153116226196289,1.53981826373
V171D:A175P,-7.211357116699219,2.50865740413
V171D:A175S,-9.127937316894531,1.58071761181
V171D:A175T,-9.469761848449707,2.07757657086
V171D:A175V,-12.38949203491211,2.3638651377400004
V171D:A180G,-12.46904182434082,0.555855777721
V171D:A180P,-17.81268310546875,0.218132847478
V171D:A175I,-14.451253890991211,1.06448811643
V171A:T198R,-8.422575950622559,0.287012354225
V171A:T198P,-10.9285888671875,0.195555205028
V171A:T198A,-8.769391059875488,0.880969577887
V171A:S183R,-8.46887493133545,1.76762099491
V171A:S183T,-3.916433095932007,1.44320239754
V171A:S184A,-4.3359785079956055,1.47462689026
V171A:S184F,-7.704562187194824,1.45222487085999
V171A:S184T,-1.419467806816101,1.4372679953
V171A:S184Y,-6.848010063171387,1.66292301059
V171A:T182I,-11.76341438293457,0.450758884198
V171A:T182N,-8.594832420349121,0.1756731552629989
V171D:A180S,-13.282768249511719,1.54170264342999
V171A:T182S,-6.389621257781982,0.511810611834
V171A:T196I,-7.900026798248291,0.682681231886
V171A:T196S,-4.96663761138916,1.01468792501
V171A:T197A,-7.027168273925781,0.2392385001309989
V171A:T197P,-11.314803123474121,0.0983412704782
V171A:T197S,-7.0561113357543945,0.513386708333
V171A:S183I,-7.19943904876709,1.22860619079999
V171D:I193S,-14.352063179016113,1.12642447777999
V171D:D194Y,-15.108879089355469,1.28254896203
V171D:I193V,-10.22877311706543,0.810884941061
V171D:I193T,-12.793731689453125,1.81626610602
V171D:S183C,-15.863592147827148,1.08846865357
V171D:S183G,-11.434013366699219,1.3342215711399898
V171D:S183H,-12.746190071105957,3.70835294103
V171D:S183I,-13.621820449829102,1.70308485222
V171D:S183N,-10.003982543945312,1.44940251071
V171D:S183R,-14.891255378723145,1.83897824215
V171D:R203H,-20.094390869140625,0.118108111066
V171D:S183T,-10.338813781738281,1.46294038854
V171D:S184C,-14.064600944519043,1.08315271111
V171D:S184F,-14.107969284057617,1.28316990546
V171D:S184P,-16.446420669555664,0.344989549978
V171D:S184T,-7.822875499725342,1.76798350833
V171D:S184Y,-13.25141716003418,1.30447918385
V171D:T182A,-14.988670349121094,0.883279292082999
V171D:T182I,-18.144134521484375,0.747883227851
V171D:S184A,-10.739386558532715,1.20605296862999
V171D:R187S,-17.308177947998047,0.827143419883
V171D:R187P,-14.887540817260742,1.58046918533
V171D:R187L,-17.27947425842285,1.4021099647
V171D:Q200L,-9.834278106689453,0.811353799694
V171D:Q200K,-14.93522834777832,0.699693920118999
V171D:Q200H,-11.341886520385742,1.99362613289
V171D:Q195R,-4.604257106781006,3.2240368522900003
V171D:Q195L,-13.749305725097656,0.519093754187
V171D:Q195K,-5.288074970245361,3.4036414129900003
V171D:Q195H,-10.394074440002441,1.67724695292
V171D:Q186Y,-15.9064359664917,2.05853640769
V171D:R187G,-19.395809173583984,0.309955666659
V171D:Q186S,-15.785772323608398,0.902643036666
V171D:Q186R,-12.113519668579102,1.71136521158
V171D:Q186M,-13.18589973449707,0.673440528313
V171D:Q186L,-12.770109176635742,1.90750990519
V171D:Q186H,-13.5337495803833,1.79548900159
V171D:Q186E,-8.835440635681152,1.01423280398
V171D:P202Q,-21.627227783203125,0.294984552923
V171D:R187H,-16.249414443969727,1.62986419347
V171D:T182N,-14.97555160522461,0.894997896015
V171D:Q200R,-15.07200813293457,2.34233077392
V171D:R187C,-18.050146102905273,0.559117872531
V171D:M179R,-18.212024688720703,1.10956097964
V171D:L190Q,-16.001361846923828,0.523303338125
V171D:L173V,-19.115562438964844,0.533596763084
V171D:L190R,-14.906230926513672,1.80288426992
V171D:L190V,-10.66547679901123,1.07723148703
V171D:M179I,-12.83663272857666,1.04542496579999
V171D:M179K,-16.552257537841797,1.61497307803
V171D:M179L,-14.897586822509766,1.43936842648
V171D:L173Q,-19.832561492919922,0.164150770241
V171D:M179V,-12.980137825012207,1.31055740444
V171D:N191D,-14.330816268920898,0.529344810995
V171D:L173P,-17.607711791992188,0.1706880136369989
V171D:N191S,-15.319511413574219,0.441304575622
V171D:P172A,-15.154296875,2.11400056482
V171D:L190P,-17.919715881347656,0.216023403359
V171D:P172I,-19.93431854248047,2.0395771657
V171D:P172Q,-15.303101539611816,2.46061672642
V171D:P172R,-19.261281967163086,1.52314744978
V171D:P172S,-16.067167282104492,1.14646907107999
V171D:P172T,-17.30195426940918,2.15118570087
V171D:P202L,-20.450462341308594,0.333067424297
V171D:L173M,-13.517171859741211,1.15702224415
V171D:K181T,-12.145084381103516,0.751376891083
V171D:K181R,-9.963703155517578,1.89690742227999
V171D:K181Q,-12.160282135009766,1.43223233965999
V171D:K181N,-14.471040725708008,0.839608173047
V171D:K181I,-13.567646026611328,1.026660842
V171D:K181E,-16.695499420166016,1.37612584592
V171D:P172L,-18.495094299316406,1.75471903015999
V171D:L190M,-11.204736709594727,1.69988765618999
P172S:D201A,-19.3809871673584,0.706357130817
P172S:E178V,-16.16453742980957,0.222646953179
P172S:E178Q,-11.322921752929688,1.02148381123
P172S:D201H,-14.299636840820312,1.00862022516
P172S:D201I,-19.310291290283203,0.796120709832
P172S:D201N,-13.01089859008789,0.685813467537
P172S:D201V,-19.021615982055664,0.593299367584
P172S:E178A,-14.288273811340332,1.86671728849
P172S:E178D,-12.516322135925293,0.910350072191
P172S:G176R,-17.34491729736328,0.3416859584059989
P172S:G176C,-17.151782989501953,0.405936716801
P172S:E178G,-14.327323913574219,2.28551617143
P172S:D201E,-17.367511749267578,0.183657409891
P172S:F189Y,-9.34246826171875,1.00214127839
P172S:I193L,-9.344893455505371,1.1269985448100002
P172S:G185R,-14.231454849243164,0.4798256204020001
P172S:L190P,-14.902969360351562,0.21900034193
P172S:L190Q,-12.998064994812012,0.808926076935
P172S:L190R,-11.841742515563965,0.915105681456
P172S:L190V,-7.685919761657715,0.852816324588
P172S:M179F,-13.558727264404297,0.364318686199
P172S:M179I,-10.070769309997559,0.761676459667
P172S:M179K,-13.670616149902344,0.555818117374
P172S:M179L,-12.185075759887695,0.701178898097999
P172S:M179R,-15.564085006713867,0.578066717322
P172S:M179T,-11.787168502807617,0.44466451695
P172S:M179V,-10.444745063781738,0.897298165538
P172S:N191S,-12.900470733642578,0.499417462369
P172S:D194V,-13.797805786132812,0.735092405917
P172S:P174R,-18.382829666137695,0.346802865681999
P172S:P174L,-16.656949996948242,0.107020364066
P172S:L190K,-11.587858200073242,4.67887482108
P172R:M179K,-16.911766052246094,0.445803651325
P172S:L190I,-2.702282190322876,0.3780699543299989
P172S:L173M,-10.449240684509277,1.22639908977
P172S:G185S,-14.16033935546875,0.13431151432
P172S:G185V,-18.800729751586914,0.0297086517363
P172S:H192N,-14.193531036376953,0.244450801066
P172S:I193F,-11.792016983032227,0.7733241894930001
P172S:I193M,-11.30913257598877,1.13218986044
P172S:I193N,-7.788360118865967,2.19381365725999
P172S:I193S,-11.66268539428711,0.931601619707999
P172S:I193T,-10.112741470336914,0.934053742022
P172S:I193V,-7.396263599395752,0.3855899684709989
P172S:K181E,-14.313114166259766,0.758538259808
P172S:K181I,-11.180695533752441,0.503562652709
P172S:K181N,-12.189788818359375,0.483057530868
P172S:K181Q,-9.852988243103027,1.12732889237
P172S:K181R,-6.907471656799316,1.26154306289
P172S:K181T,-9.767068862915039,1.65815372753
P172S:L173P,-14.896366119384766,0.272942204383
P172S:D194N,-6.303882122039795,2.2148806022599903
P172R:R203C,-20.055082321166992,0.237154805719999
P172S:D194G,-12.376953125,1.01480923355
P172R:Q200A,-13.107712745666504,1.93052458598
P172R:Q200E,-13.469310760498047,1.14076887477999
P172R:Q200H,-11.511388778686523,1.84889452777
P172R:Q200K,-15.459656715393066,0.79303948398
P172R:Q200L,-10.440217018127441,1.05490790597
P172R:Q200R,-15.666252136230469,1.72835233510999
P172R:R187C,-18.035354614257812,0.330821515474
P172R:R187G,-19.346324920654297,0.2494826320399989
P172R:Q195R,-4.8825788497924805,2.67871517317
P172R:R187H,-16.55591583251953,0.869874081317
P172R:R187P,-15.67404556274414,1.16266247389
P172R:R187Q,-16.963703155517578,0.52642202832
P172R:R187S,-17.531864166259766,0.867286615964999
P172R:R187W,-20.69116973876953,1.71447480042
P172R:R203G,-22.525182723999023,0.212560364511
P172R:R203L,-20.746383666992188,0.109075590853
P172R:S183G,-11.700334548950195,0.987342968837
P172R:S183H,-13.099010467529297,3.12177955442
P172R:R187L,-17.624027252197266,1.01666517136
P172R:Q195P,-16.97334098815918,0.173178784506
P172R:Q195L,-14.070768356323242,0.576507160833
P172R:Q195K,-5.59748649597168,3.21932531742
P172R:P174A,-19.47903823852539,0.1608920851
P172S:P202A,-18.7053165435791,0.189545337297
P172R:N191Y,-19.581960678100586,0.0494148080315
P172R:N191K,-19.480262756347656,0.217825101927
P172R:N191H,-15.73315143585205,0.305285802382
P172R:N191D,-14.832459449768066,0.124022847861
P172R:M179V,-13.685895919799805,0.961623409823
P172R:M179T,-15.028318405151367,0.354458549591
P172R:M179S,-16.306537628173828,2.9345296983
P172R:M179Q,-15.327354431152344,1.5154812668200002
P172R:M179L,-15.426225662231445,0.774176846888999
P172R:P202A,-21.78651237487793,0.184386133561
P172R:P202S,-20.120391845703125,0.0253041724716
P172R:Q186E,-9.220396041870117,0.802446124049
P172R:Q186H,-13.93508529663086,1.4596894857700002
P172R:Q186L,-13.087118148803711,0.651747978268
P172R:Q186P,-17.648956298828125,0.861447889687999
P172R:Q186R,-12.523900985717773,1.90244183137
P172R:Q195H,-10.700643539428711,1.07087221924
P172R:S183I,-13.998370170593262,1.18275586021
P172R:S183N,-10.327534675598145,1.09316732444
P172R:S183R,-15.208456039428711,1.99625827903
P172R:S183T,-10.69882583618164,1.86740883220999
P172R:W177L,-21.917205810546875,0.239320944977
P172R:W177S,-21.566499710083008,0.122784648375
P172R:Y188D,-21.16351318359375,0.226180967045
P172R:Y188W,-22.824655532836914,1.29577948885
P172S,-6.367880821228027,1.326588984
P172S:A175D,-7.955379009246826,1.18945686392
P172S:A175G,-10.142138481140137,0.98526367816
P172S:A175P,-4.7652740478515625,1.25577616984
P172S:A175S,-6.7499918937683105,0.8130608778180001
P172S:A175T,-7.051308631896973,1.41782393044999
P172S:A175V,-9.783867835998535,1.19038623773999
P172S:A180G,-9.721538543701172,0.502248249449
P172S:A180S,-10.524231910705566,0.726923441939
P172S:A180T,-10.835397720336914,0.6712371515790001
P172S:A180V,-13.276411056518555,0.131979190218
P172S:A180Y,-16.253202438354492,1.04554977894
P172S:D194A,-10.631319046020508,2.11103217577
P172S:D194C,-13.284603118896484,2.06093055731
P172S:D194E,-7.863584518432617,1.32031680906
P172R:T198S,-10.54434871673584,0.815278786548
P172R:M179I,-13.311920166015625,0.683992012479
P172R:T198R,-15.649714469909668,0.385908705295
P172R:T198P,-18.134601593017578,0.399386182238
P172R:S183V,-12.891108512878418,3.0932938687700005
P172R:S184A,-11.176628112792969,1.61870899813
P172R:S184C,-14.571456909179688,0.1800668598449989
P172R:S184F,-14.46194839477539,1.09236829587
P172R:S184P,-16.933557510375977,0.260770846303
P172R:S184T,-8.289255142211914,1.13205978688
P172R:S184Y,-13.610732078552246,3.1893878933999904
P172R:T182A,-15.581836700439453,0.5964775397850001
P172R:T182N,-15.565027236938477,0.6333557172500001
P172R:T182S,-13.350959777832031,0.596293378862999
P172R:T196A,-15.821172714233398,0.627146386143
P172R:T196N,-16.372957229614258,0.238142947262
P172R:T196P,-22.180042266845703,0.551198254527
P172R:T196S,-11.718841552734375,0.7260857790620001
P172R:T197A,-14.03023624420166,0.375833199344
P172R:T197P,-18.265762329101562,0.33058460487
P172R:T197S,-13.948023796081543,0.425449373398
P172R:T198A,-15.954147338867188,0.388154250107
P172R:T198M,-17.020343780517578,0.188728831794
P172R:T198Q,-13.237274169921875,0.955323042026
P172S:P202L,-17.98540496826172,0.190723779279
P172T:Q200K,-13.769257545471191,0.592502319755
P172S:Q186H,-10.869178771972656,1.0034134955
P172T:Q186E,-7.574445724487305,0.7807394177670001
P172T:Q186H,-12.289134979248047,0.735696579205
P172T:Q186L,-11.441167831420898,0.3734305847829989
P172T:Q186P,-16.003005981445312,0.274038756538
P172T:Q186R,-10.877950668334961,1.36256608518999
P172T:Q186Y,-14.602134704589844,3.1540331310000003
P172T:Q195E,-11.288908004760742,0.254261750778
P172T:Q195H,-8.986166000366211,0.803554736574
P172T:P202T,-19.843046188354492,0.13828524365
P172T:Q195K,-3.8830087184906006,2.67470789262
P172T:Q195P,-15.25886344909668,0.327317669108
P172T:Q195R,-3.1681013107299805,2.59258808365
P172T:Q200E,-11.778911590576172,0.718073791916
P172T:Q200H,-9.820989608764648,0.960691120963
P172T:Q200L,-8.749817848205566,0.4055307950150001
P172T:Q200R,-13.975852966308594,0.844776534615
P172T:R187G,-17.748912811279297,0.29545929888
P172T:R187H,-14.958502769470215,0.696711602447
P172T:Q195L,-12.356290817260742,0.378554624071
P172T:P202R,-19.698471069335938,0.34136770862
P172T:P174T,-18.16954803466797,0.281285526868
P172T:P174L,-18.057647705078125,0.1113057837
P172T:K181E,-15.767532348632812,0.683661069471
P172T:K181I,-12.635112762451172,0.591945115543
P172T:K181L,-12.494484901428223,2.93551872046
P172T:K181N,-13.644205093383789,0.473514693919
P172T:K181Q,-11.307405471801758,0.7818933788
P172T:K181R,-8.361888885498047,0.880860882699
P172T:L173M,-11.841230392456055,1.39356835482999
P172T:L173V,-17.640321731567383,0.279001041768
P172T:L190M,-9.672536849975586,0.649702608548
P172T:L190Q,-14.446739196777344,0.0814530017826
P172T:L190V,-9.13459300994873,0.635111673457
P172T:M179A,-14.214977264404297,3.17529352774
P172T:M179I,-11.486689567565918,0.608322790164
P172T:M179K,-15.086535453796387,0.420078590883
P172T:M179R,-16.980003356933594,0.394892213106
P172T:M179T,-13.20308780670166,0.6331195564450001
P172T:M179V,-11.860664367675781,0.348680775038
P172T:N191S,-14.267876625061035,0.427243006622
P172T:P174A,-17.730022430419922,0.0816971646148
P172T:R187L,-16.026613235473633,0.742770058885
P172T:R187P,-14.076631546020508,1.22097314785999
P172T:R187S,-15.934450149536133,0.645587294344
P172T:R203G,-20.564529418945312,0.0729973361396
P172T:T198S,-8.793413162231445,0.647715594231
P172T:W177K,-22.018375396728516,0.493243779623
P172T:W177L,-20.31871795654297,0.174619578233
P172T:W199S,-16.33477783203125,0.0596083585848
P172T:Y188C,-16.480060577392578,0.149326198684
P172T:Y188H,-17.13164520263672,0.0463004867623
P172V:A175D,-10.170120239257812,1.73022646045
P172V:D194N,-8.77783203125,5.41934880541
P172R:L190V,-10.811441421508789,1.12403156911
P172V:Q195H,-10.018644332885742,1.41726250924
P172V:Q186P,-16.96014404296875,0.504936997393
P172V:P202A,-21.041244506835938,1.72144173728
P172V:P174Q,-19.708450317382812,0.623640257112
P172V:M179I,-12.313600540161133,1.07829023392
P172V:I193M,-13.533504486083984,3.15448265593
P172V:I193L,-11.569266319274902,1.84857305582
P172V:E178G,-16.60116958618164,2.13570115391
P172V:E178A,-16.56212043762207,3.1946182243199903
P172S:D194H,-12.463994979858398,1.55262071464
P172T:T198R,-13.898778915405273,0.256966393766
P172T:I193V,-8.78055191040039,0.920591481056
P172T:T197S,-12.268672943115234,0.45252901253
P172T:T197A,-12.350885391235352,0.227316592758999
P172T:R203H,-19.227554321289062,0.1756240432409989
P172T:S183C,-14.536737442016602,0.219324959058
P172T:S183G,-10.016705513000488,0.709993816606
P172T:S183I,-12.314741134643555,0.946319257483
P172T:S183N,-8.643905639648438,0.870779163289
P172T:S183R,-13.524826049804688,1.35362211803
P172T:S183T,-9.015196800231934,0.908115017108
P172T:S184C,-12.895559310913086,0.279054708262
P172T:S184F,-12.786049842834473,0.423099305708
P172T:S184P,-15.257659912109375,0.120872210663
P172T:S184T,-6.613356113433838,1.26301411564999
P172T:S184Y,-11.934833526611328,1.36322072622
P172T:T182I,-17.09716796875,0.2467831504879989
P172T:T182L,-14.734243392944336,1.2004172404
P172T:T182N,-13.88481330871582,0.178422916259
P172T:T182S,-11.670745849609375,0.389455544465
P172T:T196I,-13.018254280090332,0.98584405571
P172T:T196N,-14.68018913269043,0.343270324856
P172T:T196S,-10.026073455810547,0.821954633715
P172T:T197R,-17.56491470336914,0.705764955665
P172T:I193T,-11.497030258178711,0.810171214278
P172T:I193S,-13.046974182128906,0.354056431149
P172T:I193N,-9.172648429870605,1.7359881095599898
P172S:S184Y,-10.510551452636719,1.48080833634
P172S:T182A,-12.452457427978516,0.377395121413
P172S:T182P,-17.391355514526367,0.177403835106
P172S:T182S,-10.221580505371094,0.403990197589
P172S:T196A,-12.714824676513672,0.735926534985
P172S:T196I,-11.60467529296875,0.950224196613
P172S:T196N,-13.266609191894531,0.480470273584
P172S:T196S,-8.612494468688965,1.33511273871
P172S:T197A,-10.952771186828613,0.120086104525
P172S:T197S,-10.870558738708496,0.714262132492
P172S:T198K,-13.790732383728027,0.156269084043
P172S:T198M,-13.830131530761719,0.0640536478997
P172S:T198N,-13.676651000976562,0.3525028376300001
P172S:T198R,-12.459501266479492,0.340392324691
P172S:T198S,-7.354135513305664,0.474935958203
P172S:W177C,-15.249368667602539,0.0786313809792
P172S:W177L,-18.920883178710938,0.230370620688
P172S:W177R,-17.626726150512695,0.419757552504
P172S:W177Y,-13.778900146484375,0.94095233084
P172S:S184T,-5.18907356262207,1.24684983397999
P172S:W199C,-16.336877822875977,0.0653670594756
P172S:S184C,-11.47127628326416,0.379875195683
P172S:S183T,-7.61052131652832,1.1924907648799898
P172S:Q186R,-9.45799446105957,1.73042285973
P172S:Q195E,-9.855487823486328,0.23653595149
P172S:Q195H,-7.5527448654174805,0.8834649156540001
P172S:Q195K,-2.44958758354187,3.0648357895599903
P172S:Q195R,-1.73468017578125,3.4977213845999904
P172S:Q200E,-10.385560989379883,0.736762435136
P172S:Q200H,-8.427639961242676,1.98085660065
P172S:Q200K,-12.375907897949219,0.337825758471
P172S:Q200L,-7.356468200683594,0.6104162660710001
P172S:Q200R,-12.582504272460938,1.60224530248999
P172S:R187C,-14.966796875,0.301169779626
P172S:R187H,-13.487360000610352,1.1046537757
P172S:R187L,-14.555469512939453,1.1565777608
P172S:R187P,-12.605489730834961,0.826937195974999
P172S:R203L,-17.429019927978516,0.077780745971
P172S:S183G,-8.612030982971191,1.56628377812
P172S:S183I,-10.910066604614258,1.23593906836
P172S:S183N,-7.239231109619141,1.11913490689
P172S:S183R,-12.12015151977539,1.75550876780999
P172S:S184A,-8.076446533203125,1.35347595604999
P172S:P202R,-18.306659698486328,0.2287169120769989
P172S:W199S,-14.92509651184082,0.137693527009
P172S:Y188K,-18.78346061706543,0.848512699934999
P172T:D201N,-14.439823150634766,0.117566065517
P172T:D201P,-19.299270629882812,2.13870318161
P172T:E178A,-15.602479934692383,1.77198038790999
P172T:E178D,-13.830528259277344,0.7382305141140001
P172T:E178G,-15.641529083251953,2.42974444367
P172T:E178K,-16.580373764038086,0.326756368288
P172T:E178Q,-12.637127876281738,0.656121897582
P172T:E178V,-17.478742599487305,0.495123860308
P172T:E178Y,-20.980751037597656,0.551192849042
P172T:F189Y,-10.78774642944336,1.3553117467500002
P172T:G176H,-17.459415435791016,1.01897533279
P172T:G176R,-18.795862197875977,0.157719398896999
P172T:G185R,-15.642656326293945,0.0279312620775
P172T:G185S,-15.571541786193848,0.243968775123
P172T:H192Q,-16.22124481201172,0.168221857062
P172T:I193C,-14.902835845947266,2.43005515368
P172T:I193F,-13.176305770874023,1.03793661783
P172T:I193L,-10.729182243347168,1.27283255151
P172T:I193M,-12.69342041015625,1.22951162097
P172T:D201H,-15.728561401367188,1.18823150012
P172S:Y188F,-12.257271766662598,0.260200307067
P172T:D201G,-20.89301109313965,0.538195478521
P172T:D194Y,-14.19395637512207,1.02913777501
P172S:Y188N,-17.6771183013916,0.294403930798
P172T,-7.781412124633789,1.101012436
P172T:A175D,-9.404273986816406,0.670929941312
P172T:A175G,-11.591032981872559,0.507267360294
P172T:A175P,-6.214168548583984,1.28532645985
P172T:A175S,-8.19888687133789,0.828107055366999
P172T:A175T,-8.500203132629395,0.999174708208999
P172T:A175V,-11.232762336730957,1.2365610827700002
P172T:A180F,-19.38323402404785,1.07913443837
P172T:A180G,-11.12030029296875,0.262918964458
P172T:A180R,-8.115015029907227,3.69307616244
P172T:A180S,-11.922992706298828,1.19860207158999
P172T:D194A,-12.075311660766602,1.36544591482
P172T:D194E,-9.307578086853027,1.2359276094
P172T:D194G,-13.820945739746094,0.626582825664
P172T:D194H,-13.907988548278809,1.00354829283
P172T:D194N,-7.747875213623047,2.57461140632
P172T:D194T,-7.114218235015869,0.783659240191
P172T:D194V,-15.241798400878906,0.561114859671
P172T:D201E,-18.796436309814453,0.165183162155
P172R:M179E,-16.080974578857422,1.66122381742
P172R:M179A,-16.040206909179688,1.49949823238
P172A:F189Y,-7.990082740783691,0.7577949734430001
P172H:M179K,-16.742107391357422,1.65906279507
P172H:Q186H,-13.965124130249023,1.36498138814
P172H:Q186R,-12.553939819335938,2.07314892287999
P172H:Q195K,-5.562115669250488,3.7230175835
P172H:Q195L,-14.035396575927734,1.49535961822999
P172H:Q200H,-11.519699096679688,0.995752534123
P172H:S183G,-11.713706970214844,3.01080749036
P172H:S183T,-10.712198257446289,1.7631269527400002
P172H:T196I,-14.720745086669922,1.6357048547
P172H:T197S,-13.92536449432373,1.12670309294
P172H:W177G,-21.245441436767578,1.65895674419
P172H:I193V,-10.542234420776367,3.11493664528
P172I,-10.448214530944824,1.081574506
P172I:D194E,-12.069519996643066,0.8801598769600001
P172I:D201A,-23.421634674072266,2.03659100619
P172I:D201V,-23.06226348876953,0.947819956571
P172I:E178A,-18.25766372680664,2.76366576786
P172I:G185S,-18.226512908935547,2.22357770244
P172I:Q195R,-5.947515487670898,1.727624759
P172I:S183R,-16.190549850463867,1.62080177101
P172I:T182A,-16.578571319580078,2.0205194317700004
P172K,-7.887314319610596,1.34184025
P172K:I193T,-11.666104316711426,1.1781870029
P172K:Q195K,-4.036588668823242,2.04297838094
P172I:A180S,-14.58957290649414,1.6888654308700002
P172K:Q200E,-11.892340660095215,0.553771830543
P172H:G185S,-17.262155532836914,1.09354263186
P172H:D194N,-9.476492881774902,2.39390344472
P172A:T198S,-5.990466594696045,0.668444808136
P172A:Y188F,-10.929542541503906,0.1866429813589989
P172A:Y188N,-16.349388122558594,0.0512936226841
P172E,-6.9715962409973145,0.808047348
P172E:L190M,-8.997828483581543,1.21112276457
P172E:S184Y,-11.018598556518555,1.4911988495
P172E:T196N,-13.810504913330078,0.71755363219
P172E:T197S,-11.389276504516602,0.52642202832
P172F,-13.315705299377441,0.5264220279999999
P172G,-9.617708206176758,1.646431217
P172G:D201N,-16.252092361450195,1.52465516727
P172H:D201V,-22.09461212158203,0.2753893758819989
P172G:D201V,-22.26280975341797,0.8509799277210001
P172G:I193N,-11.045574188232422,0.836876773152
P172G:I193S,-14.919899940490723,1.64546265181
P172G:L190V,-10.901762962341309,0.640023879155
P172G:M179I,-13.222628593444824,1.40932469649
P172G:Q195R,-4.921576499938965,3.22766445945
P172G:Q200H,-11.657689094543457,5.97266132549
P172G:T196A,-15.954841613769531,0.52642202832
P172H,-9.455650329589844,0.981326217
P172H:A180P,-18.153949737548828,1.7910029658500002
P172H:D194E,-11.036194801330566,1.10508446581
P172H:D194H,-15.636606216430664,1.33461946923
P172G:E178D,-15.814797401428223,1.23107079397999
P172K:Q200L,-8.863247871398926,1.60841489764
P172K:S183I,-12.425614356994629,1.70234339656
P172L,-9.02294921875,0.917905338
P172L:F189L,-18.787139892578125,0.0646926435920999
P172L:F189Y,-12.04555606842041,1.00469929887
P172L:G176A,-19.78904151916504,0.0887883162147
P172L:G176C,-19.753246307373047,0.342705880926
P172L:G176V,-21.921924591064453,0.101638580255999
P172L:G185C,-19.499412536621094,0.0339512913737
P172L:G185D,-17.074867248535156,0.231229831939
P172L:G185R,-16.862714767456055,0.239572581955
P172L:G185S,-16.79159927368164,0.250178277146999
P172L:H192R,-16.150733947753906,0.0440068124761
P172L:I193F,-14.290358543395996,0.778405025358999
P172L:E178V,-18.758703231811523,0.1729556278979989
P172L:I193L,-11.84323501586914,0.964856532284999
P172L:I193N,-10.286701202392578,1.54367461778
P172L:I193S,-14.161026954650879,0.533787877441
P172L:I193T,-12.611082077026367,0.785462951554999
P172L:I193V,-9.894604682922363,0.627836224657
P172L:K181E,-17.11642837524414,0.6970126572830001
P172L:K181H,-10.256786346435547,1.27293717092
P172L:K181N,-14.993102073669434,0.419061357259
P172L:K181R,-9.710784912109375,0.80243200898
P172L:L173I,-17.932472229003906,0.483976091519999
P172L:L173M,-13.211081504821777,0.819584362075
P172L:L173P,-17.658206939697266,0.40049567687
P172L:I193M,-13.807474136352539,0.867959043747
P172L:E178Q,-13.91708755493164,0.932675494911
P172L:E178K,-17.860334396362305,0.3450798159229989
P172L:E178G,-16.921489715576172,2.17538913657
P172L:A175D,-10.48487377166748,0.684528404160999
P172L:A175G,-12.67163372039795,0.611380236034
P172L:A175P,-7.294768810272217,0.7899154850810001
P172L:A175S,-9.279486656188965,0.743259200719
P172L:A175T,-9.580802917480469,0.816194059601
P172L:A175V,-12.313363075256348,0.7363628934550001
P172L:A180G,-12.398326873779297,0.53483613335
P172L:A180R,-9.393041610717773,4.2360558291300014
P172L:A180S,-13.201019287109375,0.7197534337
P172L:D194A,-13.42713451385498,1.73057053128
P172L:D194E,-10.65939998626709,1.14375830348999
P172L:D194G,-15.172768592834473,0.303198458254
P172L:D194H,-15.259811401367188,0.995938363526
P172L:D194N,-9.099698066711426,1.9449561708200005
P172L:D194V,-16.59362030029297,0.25800953648
P172L:D194Y,-15.54577922821045,1.00437449765
P172L:D201A,-21.982513427734375,0.408593853207
P172L:D201E,-19.969038009643555,0.0176616063848
P172L:D201G,-22.06561279296875,0.16428567313
P172L:D201H,-16.901161193847656,0.415738996124
P172L:D201N,-15.612424850463867,0.411504712706
P172L:D201T,-23.15166473388672,0.615966937359
P172L:D201Y,-19.72460174560547,0.581692473333
P172L:E178A,-16.88243865966797,1.09166963858
P172L:E178D,-15.110487937927246,0.550160287963
P172A:T198Q,-8.683392524719238,7.79387350908
P172A:T198P,-13.580720901489258,0.165588579927
P172A:T197S,-9.534252166748047,0.51856203897
P172A:T197A,-9.616464614868164,0.130134842806
P172A:I193S,-10.284698486328125,1.06639163794
P172A:I193T,-8.73475456237793,0.988029286033
P172A:I193V,-6.018276691436768,1.16755360437999
P172A:K181E,-13.057426452636719,0.942788589053
P172A:K181I,-9.925006866455078,0.681534081565
P172A:K181L,-9.784379005432129,0.52642202832
P172A:K181N,-10.934099197387695,1.3582533320200003
P172A:K181R,-5.651782989501953,1.3164863585700002
P172A:K181S,-10.466170310974121,1.2681117189
P172A:K181T,-8.511380195617676,0.658112923948
P172A:L173M,-9.277719497680664,1.41396683196
P172A:I193R,-10.183405876159668,1.1079398632
P172A:L173V,-15.076809883117676,0.933587942585
P172A:L190M,-7.018863677978516,1.18914089854
P172A:L190R,-10.636743545532227,0.924172303495
P172A:M179I,-8.695862770080566,0.720137243111
P172A:M179K,-12.295709609985352,0.93407365887
P172A:M179L,-10.810169219970703,0.768361771002
P172A:M179R,-14.189178466796875,0.7752839285600001
P172A:A180G,-8.329258918762207,0.51981843695
P172A:A175V,-8.30297565460205,1.08613325822
P172A:A175T,-5.570416450500488,1.25066435706
P172A:A175S,-5.269099712371826,0.957342224189
P172A:A175P,-3.284381866455078,1.20615070968
P172A:L190I,-1.4972827434539795,0.816222668774
P172A:I193N,-6.410373210906982,1.97507041000999
P172A:I193M,-9.931145668029785,1.1552574400700002
P172A:I193L,-7.966906547546387,0.907550870334
P172A:A180T,-9.443119049072266,0.466615705039
P172A:D194A,-9.278514862060547,1.80026672620999
P172A:D194C,-11.93179988861084,0.229203162849
P172A:D194E,-6.510781288146973,1.53361007402
P172A:D194G,-11.024148941040039,0.969777526037
P172A:D194H,-11.111191749572754,1.15946960915
P172A:D194I,-11.798131942749023,2.24300785569999
P172A:D194N,-4.951078414916992,2.13092111047999
P172A:D194V,-12.445001602172852,0.626658581887999
P172A:D194Y,-11.397159576416016,1.44600862083
P172A:D201A,-18.01133918762207,0.797664481756
P172A:D201G,-18.094440460205078,0.355555437158999
P172A:D201H,-12.929988861083984,1.56933362037
P172A:D201V,-17.651968002319336,0.345554045876
P172A:D201Y,-15.75342845916748,0.332615764414
P172A:E178A,-12.980705261230469,1.6355239543900002
P172A:E178D,-11.20875358581543,1.15048432665
P172A:E178G,-13.019755363464355,2.5395855654400004
P172A:E178K,-13.958600044250488,0.162997883017
P172A:E178Q,-10.01535415649414,1.30539071163999
P172A:E178V,-14.856968879699707,0.222235134758
P172A:F189V,-18.79022979736328,0.196266559428
P172A:G185A,-14.565793991088867,0.245045500412
P172A:G185C,-15.520063400268555,0.57550783185
P172A:I193F,-10.414030075073242,0.910778180141
P172A:A175N,-6.117611408233643,1.66576275973
P172L:L190M,-11.073904991149902,1.0741024717299898
P172A:A175G,-8.661246299743652,1.03438414112
P172A,-5.033565998077393,1.185524545
P172A:R187H,-12.151924133300781,0.430894798444
P172A:R187L,-13.220033645629883,0.987323980881
P172A:R187P,-11.270052909851074,0.879707744073
P172A:R187S,-13.1278715133667,1.19322071173
P172A:R203S,-18.004060745239258,0.313730719993
P172A:S183C,-11.764432907104492,0.086192468321
P172A:S183G,-7.244400978088379,1.20854621917
P172A:S183I,-9.542436599731445,1.15272618503
P172A:S183N,-5.871601104736328,1.22834154824
P172A:S183R,-10.752521514892578,2.0103925727500003
P172A:S183T,-6.242891311645508,0.728683667851
P172A:R187F,-16.660282135009766,2.0032829816
P172A:S184A,-6.724052429199219,1.10157598805
P172A:S184F,-10.00937271118164,0.948684900697
P172A:S184P,-12.480982780456543,0.309782733812
P172A:S184T,-3.836679458618164,0.916931422521
P172A:S184Y,-9.158157348632812,1.55706934776
P172A:T182A,-11.127678871154785,0.501243980419
P172A:T182N,-11.110870361328125,0.450672117642
P172A:T182S,-8.89680290222168,0.514217943567
P172A:T196A,-11.359779357910156,0.489593961863999
P172A:T196I,-10.249629974365234,0.218856733442
P172A:T196P,-17.71864891052246,0.367896856535
P172A:T196S,-7.257449150085449,0.685455670261
P172A:S184C,-10.118882179260254,0.6511061067
P172A:Q200T,-6.8052592277526855,3.28354979817
P172A:Q200R,-11.261235237121582,1.54218900782
P172A:Q200L,-6.0351996421813965,0.57036232635
P172A:M179T,-10.412261962890625,0.4329574275689989
P172A:M179V,-9.069838523864746,0.686869781013
P172A:N191D,-10.581647872924805,0.129838727079
P172A:N191K,-15.229450225830078,0.2119640828819989
P172A:N191S,-11.534467697143555,0.319861706366
P172A:P174S,-14.733448028564453,0.125224091503
P172A:P174T,-15.466739654541016,0.0715081862806
P172A:P202L,-16.637617111206055,0.136398519805
P172A:P202S,-15.69140625,0.203740227892
P172A:Q186A,-9.650524139404297,1.58598335879999
P172A:Q186E,-4.788361072540283,1.59649658949999
P172A:Q186H,-9.503050804138184,0.940814521199
P172A:Q186K,-7.817984580993652,0.280368251261
P172A:Q186L,-8.655083656311035,0.1647996848589989
P172A:Q186P,-13.216920852661133,0.2337701623009989
P172A:Q186R,-8.091866493225098,1.28194961572999
P172A:Q186Y,-11.816049575805664,1.79191837926
P172A:Q195H,-6.19942569732666,0.646213991635
P172A:Q195K,-1.0962684154510498,2.2391796737900003
P172A:Q195P,-12.472123146057129,0.246444770276999
P172A:Q195R,-0.3813610076904297,2.66818346817
P172A:Q195Y,-8.921432495117188,1.16178418506
P172A:Q200E,-9.064292907714844,0.659522882877
P172A:Q200H,-7.1063714027404785,1.97912255225999
P172A:Q200K,-11.05463981628418,0.645635961761
P172A:A175D,-6.474486827850342,1.03038855611
P172A:A180S,-9.131952285766602,1.01167981833
P172L:L190Q,-15.848106384277344,0.81688559337
P172L:M179I,-12.615674018859863,0.604258384790999
P172Q:S184Y,-9.778575897216797,1.47197458657
P172Q:T182A,-11.751212120056152,0.173504618034
P172Q:T182I,-14.946756362915039,0.200616588335
P172Q:T182N,-11.734403610229492,0.321992855662
P172Q:T182S,-9.520336151123047,0.0904817658752
P172Q:T196A,-12.027830123901367,0.51217685537
P172Q:T196I,-10.917680740356445,0.570434252594
P172Q:T196N,-12.579615592956543,0.515228139226
P172Q:T196S,-7.92549991607666,0.715601136898
P172Q:T197S,-10.147176742553711,0.696318513551999
P172Q:T198A,-12.073415756225586,0.462137388916
P172Q:S184T,-4.457098484039307,0.912697420136
P172Q:T198K,-13.100213050842285,0.105756384313
P172Q:T198R,-11.76898193359375,0.591424909138
P172Q:T198S,-6.663616180419922,0.342151885978
P172Q:W177S,-17.91897201538086,0.247244369498
P172Q:W199S,-14.254823684692383,0.0670775380659
P172Q:Y188H,-15.008940696716309,0.290505852786
P172R,-9.440014839172363,1.3963701519999998
P172R:A175D,-10.793325424194336,0.925944336631
P172R:A175G,-12.980085372924805,0.419670708835999
P172R:A175P,-7.603220462799072,0.9182189502
P172R:A175S,-9.58793830871582,1.3706674239200003
P172R:A175T,-9.889254570007324,1.24689516949
P172Q:T198M,-13.139612197875977,0.341814552106
P172R:A175V,-12.621814727783203,1.21374014581
P172Q:S184F,-10.629792213439941,0.3713847178769989
P172Q:S184A,-7.3444719314575195,0.8524146866940001
P172Q:Q186W,-15.33419132232666,0.924445840714
P172Q:Q195E,-9.091877937316895,0.2791729425599989
P172Q:Q195H,-6.789135456085205,0.71598457592
P172Q:Q195K,-1.6859781742095947,2.2569061595099904
P172Q:Q195L,-10.159259796142578,0.276936984632
P172Q:Q195R,-0.9710707664489746,1.98222401155999
P172Q:Q200H,-7.679712772369385,1.39652250834
P172Q:Q200K,-11.627981185913086,0.360692307684
P172Q:Q200L,-6.608541011810303,0.785520437487
P172Q:Q200R,-11.834576606750488,0.816208150646
P172Q:R187A,-14.487533569335938,1.07041946831
P172Q:S184C,-10.739301681518555,0.309867604388
P172Q:R187G,-15.650779724121094,0.2106662834479989
P172Q:R187L,-13.92848014831543,0.610852208018
P172Q:R187P,-11.978499412536621,0.987420906582
P172Q:R187S,-13.836318016052246,0.885819070034
P172Q:R187Y,-16.188636779785156,1.68679640937
P172Q:R203H,-17.272497177124023,0.167892386653
P172Q:S183G,-7.860544204711914,2.1607885528
P172Q:S183I,-10.158578872680664,1.07876186489
P172Q:S183N,-6.487744331359863,1.21838084897
P172Q:S183R,-11.368664741516113,1.40457177782
P172Q:S183T,-6.859034538269043,0.874043126813
P172Q:S183W,-15.449932098388672,0.521066417287
P172Q:R187H,-12.860370635986328,0.942953005813
P172R:A175Y,-12.879026412963867,0.902643036666
P172R:A180G,-13.102334976196289,0.659691782814
P172R:A180S,-13.905027389526367,1.16489479398999
P172R:G185C,-19.927738189697266,0.2034899164649989
P172R:H192Q,-18.09371566772461,0.131365478104
P172R:H192R,-16.807937622070312,0.256017140044
P172R:H192Y,-17.158287048339844,0.0785732900988
P172R:I193F,-14.900050163269043,0.867279369849
P172R:I193L,-12.452926635742188,0.93311048862
P172R:I193M,-14.417165756225586,1.1478568818
P172R:I193N,-10.896392822265625,1.63570713185
P172R:I193R,-14.669425964355469,3.23876994951
P172R:I193S,-14.770718574523926,0.670987792241
P172R:I193T,-13.220773696899414,0.843299470284
P172R:G176S,-18.045177459716797,0.124681876461
P172R:I193V,-10.50429630279541,1.61350137137
P172R:K181I,-14.145101547241211,1.07606598307
P172R:K181L,-14.004472732543945,2.07807926032
P172R:K181Q,-12.817394256591797,0.653311611296
P172R:K181R,-9.87187671661377,1.59552662161
P172R:K181T,-12.731473922729492,0.961958102974
P172R:L173I,-18.430496215820312,0.52642202832
P172R:L173M,-13.709104537963867,1.41779321717
P172R:L173P,-18.156230926513672,0.00820958050711
P172R:L173R,-19.996707916259766,0.484060155952999
P172R:L190M,-11.349385261535645,1.33396002521
P172R:L190R,-14.967264175415039,0.257704442042
P172R:K181E,-17.27751922607422,0.723717530683999
P172R:G176R,-20.481128692626953,0.233552794258
P172R:G176D,-18.746646881103516,0.146979091659
P172R:G176C,-20.287996292114258,0.268882811553
P172R:A180T,-14.216194152832031,0.621912996071
P172R:D194A,-13.906293869018555,2.09518192199
P172R:D194E,-11.138559341430664,1.6510534845200002
P172R:D194F,-17.56012535095215,0.5780128995570001
P172R:D194G,-15.651927947998047,0.445463415305
P172R:D194H,-15.738969802856445,1.7616887381200002
P172R:D194K,-15.69310474395752,2.83230586241
P172R:D194N,-9.578857421875,2.10047630531
P172R:D194S,-11.506929397583008,2.08393213326
P172R:D194V,-17.07278060913086,0.461031716585
P172R:D194Y,-16.024938583374023,0.723881331233
P172R:D201A,-22.57593536376953,0.637772757066
P172R:D201E,-20.562461853027344,0.2263353418589989
P172R:D201G,-22.65903663635254,0.54962273757
P172R:D201H,-17.494586944580078,0.343768130697
P172R:D201N,-16.205848693847656,0.3593209393479989
P172R:D201V,-22.216564178466797,1.2326884726
P172R:D201Y,-20.318025588989258,0.583766380969
P172R:E178A,-17.271587371826172,2.1946476077400003
P172R:E178D,-15.499635696411133,1.0499940490000002
P172R:E178G,-17.310638427734375,2.48787790678
P172R:E178K,-18.249481201171875,0.360382092211
P172R:E178Q,-14.306236267089844,0.546638122124
P172R:E178V,-19.147850036621094,0.2308153992469989
P172R:F189L,-19.341346740722656,0.107147160845
P172Q:Q186R,-8.775211334228516,1.54266265106
P172L:L190R,-14.691783905029297,0.390845518349
P172Q:Q186P,-13.90026569366455,0.0961788215182
P172Q:Q186H,-10.186395645141602,1.42661757933
P172L:R187T,-14.738899230957031,2.66068042567
P172L:R203S,-22.001697540283203,0.30695268508
P172L:S183G,-11.300511360168457,0.744906045494
P172L:S183I,-13.598546981811523,0.939713676059
P172L:S183R,-14.808631896972656,1.34118558237
P172L:S183T,-10.299002647399902,0.710457615678
P172L:S184A,-10.719762802124023,1.03640588832
P172L:S184F,-14.005083084106445,0.77168356119
P172L:S184P,-16.47669219970703,0.3926325208839989
P172L:S184T,-7.8323893547058105,0.73602745022
P172L:S184Y,-13.1538667678833,0.990138756283
P172L:R187S,-17.216461181640625,0.5932117565330001
P172L:T182A,-15.122039794921875,0.127403324201
P172L:T182I,-18.317584991455078,0.395153531011
P172L:T182S,-12.891162872314453,0.479847187791
P172L:T196A,-15.371580123901367,0.631343757156
P172L:T196I,-14.261429786682129,0.496076726299
P172L:T196N,-15.923364639282227,0.1793002171359989
P172L:T196P,-21.730449676513672,0.184354569871
P172L:T196R,-14.076696395874023,0.934008942251999
P172L:T196S,-11.269248962402344,0.797603386567
P172L:T197A,-13.540617942810059,0.1800030163809989
P172L:T197S,-13.458405494689941,0.415106136481
P172L:T198M,-16.477296829223633,0.344455864916
P172L:T182C,-18.37283706665039,0.336202106502
P172L:R187P,-15.358642578125,1.26665502676
P172L:R187L,-17.308624267578125,0.65630577168
P172L:R187C,-17.719951629638672,0.296367464843
P172L:M179K,-16.215518951416016,0.409467606984
P172L:M179L,-14.729979515075684,0.591202864738
P172L:M179T,-14.332072257995605,0.911064838807999
P172L:N191H,-15.459771156311035,0.297708319607
P172L:N191M,-22.313400268554688,0.968432150655
P172L:N191S,-15.5118989944458,0.156547761415
P172L:P174A,-19.006404876708984,0.372859584405
P172L:P174T,-19.4459285736084,0.15610616181
P172L:P202S,-19.6633243560791,0.0359676048121
P172L:Q186E,-8.807212829589844,0.758965788232
P172L:Q186H,-13.521902084350586,0.831967685817
P172L:Q186L,-12.673934936523438,0.450797597378
P172L:Q186R,-12.1107177734375,1.13247817204
P172L:Q195H,-10.358708381652832,0.715206043158999
P172L:Q195K,-5.255551338195801,2.32853037311
P172L:Q195L,-13.728832244873047,0.128502471131
P172L:Q195P,-16.631404876708984,0.0716733907518
P172L:Q195R,-4.540643692016602,2.4452179253999904
P172L:Q200E,-13.069936752319336,0.383878176137
P172L:Q200G,-16.6618595123291,1.56722334166
P172L:Q200H,-11.112014770507812,1.23936160983
P172L:Q200K,-15.060282707214355,0.565184815085999
P172L:Q200L,-10.04084300994873,0.8594655625700002
P172L:Q200R,-15.266878128051758,1.26418203367
P172L:Q200W,-18.711074829101562,1.42149924232
P172L:T198R,-15.106666564941406,0.215947705642
P172Q:Q186L,-9.338428497314453,0.537679143797
P172L:T198S,-10.001300811767578,0.2910705323979989
P172L:Y188F,-14.92707633972168,0.17451608579
P172Q:I193M,-10.714553833007812,1.1430122767
P172Q:I193N,-7.19378137588501,1.7427721149900002
P172Q:I193R,-10.966814041137695,2.49469572779
P172Q:I193S,-11.068107604980469,0.647934329924
P172Q:I193T,-9.518162727355957,0.982955748996
P172Q:I193V,-6.801684856414795,0.808623087108999
P172Q:K181E,-13.603713989257812,0.739346330322999
P172Q:K181I,-10.471294403076172,1.02261969314
P172Q:K181N,-11.480386734008789,0.525451716992
P172Q:K181Q,-9.143587112426758,0.879314854731
P172Q:K181R,-6.198070526123047,0.403988290023
P172Q:I193F,-11.197439193725586,0.938433675061
P172Q:K181T,-9.05766773223877,1.07438359175
P172Q:L173R,-16.188087463378906,0.108394946096
P172Q:L190I,-1.954754114151001,2.44051158971
P172Q:L190M,-7.476334571838379,0.503683667227
P172Q:L190V,-6.93839168548584,1.05363307281
P172Q:M179I,-9.294891357421875,0.250317719342
P172Q:M179K,-12.894737243652344,0.446668534264
P172Q:M179L,-11.409196853637695,0.626998050786
P172Q:N191Y,-15.922338485717773,0.1387416410559989
P172Q:P202A,-17.942535400390625,0.2235399290269989
P172Q:P202S,-16.276412963867188,0.179619193663
P172Q:Q186E,-5.471706390380859,0.790699079405999
P172Q:L173M,-9.900485038757324,0.415276595481
P172L:W177C,-17.88727569580078,0.244704379199
P172Q:G176V,-18.617156982421875,0.0668340379013
P172Q:F189Y,-8.664316177368164,1.6485827946
P172L:Y188H,-18.356470108032227,0.104418680322
P172Q,-5.639726638793945,0.97954644
P172Q:A175D,-7.470386028289795,0.777106094538999
P172Q:A175G,-9.657145500183105,0.525458150084
P172Q:A175P,-4.280281066894531,1.10296826242
P172Q:A175S,-6.264998912811279,0.513505015944
P172Q:A175T,-6.566315650939941,1.67033905767
P172Q:A175V,-9.298874855041504,0.8485829640160001
P172Q:A180D,-10.839963912963867,0.274645459741
P172Q:A180G,-8.915975570678711,0.33363988121
P172Q:D194A,-9.92137336730957,1.60913267378
P172Q:D194E,-7.15363883972168,1.1113277436700002
P172Q:G176R,-16.641611099243164,0.0662403172241
P172Q:D194G,-11.667007446289062,0.567940124368
P172Q:D194N,-5.593935966491699,1.62915821271
P172Q:D194V,-13.087860107421875,1.03021485389
P172Q:D194Y,-12.040018081665039,0.7285948586830001
P172Q:D201E,-16.59627342224121,0.318627428643
P172Q:D201K,-19.13498306274414,1.27810578341
P172Q:D201N,-12.239659309387207,0.39697315466
P172Q:D201S,-17.170055389404297,1.52923451714
P172Q:D201Y,-16.351837158203125,0.862600331184999
P172Q:E178D,-11.686582565307617,0.858100708977
P172Q:E178G,-13.49758529663086,1.66237452271
P172Q:E178K,-14.436429977416992,0.2250346521099989
P172Q:D194H,-11.754049301147461,1.03998651914
P172A:A180P,-13.562263488769531,0.19618503219
L173I:T196P,-21.280982971191406,0.356633458797
L173I:S184F,-13.677733421325684,1.31025181949
L173M:T196P,-17.101219177246094,0.150045277338
L173M:T198R,-10.162188529968262,0.304287550104
L173M:T198S,-5.176674842834473,0.650274194324
L173M:W177G,-15.953699111938477,0.2084678965219989
L173M:W177L,-16.930360794067383,0.295878308307
L173P,-8.656947135925293,0.271741785
L173P:A175G,-12.081692695617676,0.312935960614
L173P:A175T,-9.070679664611816,0.64103295599
L173P:A180D,-13.97344970703125,0.191346775078
L173P:A180S,-12.900257110595703,0.353443481468
L173P:D194A,-12.65472412109375,0.376823931872999
L173P:D194G,-14.454119682312012,0.442709155577
L173P:D194N,-8.377777099609375,0.787000710208
L173M:T198P,-12.785860061645508,0.261191285224
L173P:D201H,-15.910074234008789,0.601262018702
L173P:E178G,-16.39641761779785,0.4775856084
L173P:F189Y,-11.631011009216309,0.465486356063
L173P:I193M,-13.582931518554688,0.263566364687
L173P:I193N,-10.08625316619873,0.445979716115999
L173P:K181R,-9.569323539733887,0.406937973034999
L173P:M179I,-12.100038528442383,0.184454609148
L173P:Q186H,-13.146034240722656,0.210641251831
L173P:Q186L,-12.299692153930664,0.160372696753
L173P:Q195K,-4.68298864364624,0.525982369688
L173P:Q200H,-10.935565948486328,0.4558280175110001
L173P:Q200R,-14.79327392578125,0.352728319026
L173P:S183G,-11.019844055175781,0.315870206046
L173P:E178A,-16.41044044494629,0.223471954507
L173M:T198M,-11.652817726135254,0.145590210844
L173M:T198A,-10.55409049987793,0.3279094714009989
L173M:T197S,-8.590437889099121,0.41278598676
L173M:Q200R,-10.348752975463867,2.07411271503
L173M:R187C,-12.45649242401123,0.296627893819
L173M:R187F,-15.40433120727539,3.3692436966400003
L173M:R187H,-11.068318367004395,0.740956726907
L173M:R187L,-12.13386344909668,0.723142720562
L173M:R187P,-10.180135726928711,1.26136576297
L173M:R187S,-11.930971145629883,0.739443071854999
L173M:R203C,-14.095937728881836,0.0814270486386
L173M:S183C,-11.10977554321289,0.369190729363
L173M:S183G,-6.583210468292236,0.77428963
L173M:S183I,-8.890584945678711,1.10826148737999
L173M:S183N,-5.1403374671936035,0.877633669764
L173M:S183R,-10.144718170166016,1.35115903684
L173M:S183T,-5.496932029724121,0.8057126195990001
L173M:S184A,-6.010494232177734,0.946664150104999
L173M:S184C,-9.433902740478516,0.227323655243
L173M:S184F,-9.449846267700195,0.764632006481
L173M:S184W,-12.876087188720703,0.857012646761
L173M:S184Y,-8.572052955627441,0.690574169754
L173M:T182I,-13.428217887878418,0.520872498207
L173M:T182N,-10.17116641998291,0.257036809061
L173M:T182S,-8.104242324829102,0.562701838607999
L173M:T196A,-10.73582649230957,0.399594427665
L173M:T196I,-9.682682037353516,0.817351066963
L173M:T196N,-11.260934829711914,0.3773895591800001
L173M:T196S,-6.710095405578613,0.642967565492
L173M:T197P,-12.807544708251953,0.467527889548
L173P:S183R,-14.581351280212402,0.247664457737
L173P:S184T,-7.465602874755859,0.4142655006180001
L173P:S184Y,-12.866737365722656,0.6007212129330001
L173P:T196A,-14.928911209106445,0.262423780839
L173Q:P174Q,-22.250019073486328,0.148071448128
L173Q:P174R,-22.97388458251953,0.313212309962
L173Q:P174S,-20.881969451904297,0.217354892265
L173Q:P202R,-22.740455627441406,0.191577624441
L173Q:Q186H,-15.32510757446289,0.3599976168079989
L173Q:Q186R,-13.82083511352539,0.504283408552
L173Q:Q186W,-20.50577163696289,0.736772693283
L173Q:Q195K,-6.882477283477783,0.70697068221
L173Q:Q200H,-13.12884521484375,0.446323951608999
L173Q:Q200K,-16.866605758666992,0.0467485361324
L173Q:Q200L,-11.624320030212402,0.174704296394
L173Q:Q200R,-16.986553192138672,0.584289977692
L173Q:Q200S,-14.91363525390625,1.8096679123400004
L173Q:R187G,-20.53510284423828,0.144265167309
L173Q:S183G,-13.184661865234375,0.343610371301
L173Q:S183I,-15.492036819458008,0.190666071391
L173Q:S183N,-11.741789817810059,0.0817149426493
L173Q:S183R,-16.746170043945312,0.478696875071
L173Q:S183T,-12.098383903503418,0.290977988374
L173Q:S184C,-15.921590805053711,0.0786687535223
L173Q:T182N,-16.73013687133789,0.0955601921205
L173Q:T197A,-15.05827522277832,0.3027676116759989
L173Q:T197P,-19.428070068359375,0.28844474415
L173Q:T198A,-17.034374237060547,0.0541427860765
L173F:D194A,-13.094841003417969,2.58266822512
L173Q:T198R,-16.642471313476562,0.216865942252
L173Q:Y188C,-19.572288513183594,0.166038570105
L173Q:N191D,-16.286895751953125,0.171416657362
L173M:Q200L,-4.986519813537598,0.506036610612
L173Q:K181Q,-14.270888328552246,0.53399294537
L173Q:I193S,-16.038572311401367,0.289987718976
L173P:T196S,-10.903180122375488,0.106970688139
L173P:T198K,-15.754531860351562,0.558351133589
L173P:T198M,-15.955915451049805,0.118773428808999
L173P:Y188S,-21.04471206665039,0.0986735118517
L173Q,-10.863214492797852,0.227748626
L173Q:A175G,-14.452134132385254,0.308866220715
L173Q:A175V,-14.248249053955078,0.0669207765125
L173Q:A180P,-19.65685272216797,0.249002238636
L173Q:A180S,-15.166997909545898,0.287643149012
L173Q:A180T,-15.375814437866211,0.151710666175
L173Q:A180V,-17.937816619873047,0.252656129488
L173Q:D194A,-14.874612808227539,0.259161609142
L173Q:D194E,-12.473837852478027,0.2171429013149989
L173Q:D194G,-16.674007415771484,0.318919785889
L173Q:D194N,-10.597665786743164,0.447747693005
L173Q:D201A,-23.336406707763672,0.358390924114
L173Q:D201G,-23.597732543945312,0.143676726469
L173Q:D201S,-21.59316635131836,0.7642204411040001
L173Q:D201Y,-21.113746643066406,0.351443154161
L173Q:E178A,-18.547035217285156,0.759354331735
L173Q:E178D,-16.659976959228516,0.200915320808
L173Q:E178G,-18.53301239013672,0.327267731506
L173Q:E178N,-22.124794006347656,1.80225673482
L173Q:E178Q,-15.729808807373047,0.4323449806
L173Q:F189S,-23.92569351196289,0.36038815765
L173Q:G176C,-21.457870483398438,0.0984351482861
L173Q:H192N,-18.6710262298584,0.245597653659
L173Q:I193T,-14.516188621520996,0.241097083759
L173M:Q200K,-10.228805541992188,0.693062359028
L173M:Q200H,-6.491044998168945,1.51114631285
L173M:Q200E,-8.612588882446289,0.321652316409999
L173M:D201Y,-14.563739776611328,0.207166386464
L173M:E178A,-12.07325267791748,1.11383698904
L173M:E178D,-10.186193466186523,0.932341091099
L173M:E178G,-12.059228897094727,1.82381351872
L173M:F189S,-17.566913604736328,0.239294263117
L173M:F189Y,-7.594414234161377,0.890974105001
L173M:G176A,-14.958925247192383,0.67059969949
L173M:G176I,-18.357933044433594,1.25329540302
L173M:G176R,-15.135168075561523,0.61642126613
L173M:G176S,-12.492987632751465,0.148581695619
L173M:G176V,-17.158815383911133,0.118739858998
L173M:G185D,-12.288453102111816,0.282515795012
L173M:G185S,-12.100645065307617,0.281328858946
L173M:I193F,-9.835511207580566,0.6908028654100001
L173M:I193L,-7.411765098571777,0.7257572202420001
L173M:I193M,-9.324713706970215,1.04346083494
L173M:I193N,-5.828035354614258,1.01706701295
L173M:I193S,-9.611674308776855,0.556912818438
L173M:I193T,-8.089290618896484,0.6578799235980001
L173M:K181E,-12.433537483215332,0.798411038545999
L173M:K181I,-9.210461616516113,0.644026826931
L173M:K181N,-10.08338737487793,0.662632441123
L173M:K181R,-5.309655666351318,0.57055891974
L173M:K181T,-7.628232955932617,1.22516789891
L173M:L190K,-9.780442237854004,3.13320798030999
L173M:L190M,-6.276766777038574,0.948027585961
L173F:D194N,-8.81789493560791,1.33095531279
L173M:D201N,-10.02538776397705,0.406533392945
L173F:E178A,-16.714473724365234,2.43275963882
L173M:D201H,-11.483621597290039,0.4183990744479989
L173M:D201A,-16.786399841308594,0.398411787441
L173F:A180V,-16.039466857910156,2.7268229807999904
L173F,-8.985962867736816,0.581268889
L173E:H192D,-23.632442474365234,0.816222668774999
L173E:A180T,-17.678787231445312,1.42482346879
L173A:D194N,-12.379366874694824,1.55833772074
L173I:T198S,-9.483332633972168,1.08923214178
L173I:W177S,-20.442279815673828,0.441711132894
L173K:M179I,-15.276646614074707,1.65152509287
L173M,-4.36263370513916,1.08444462
L173M:A175D,-5.796357154846191,0.586742838913
L173M:A175G,-7.798508644104004,0.62292992742
L173M:A175S,-4.407299995422363,0.941518663406
L173M:A175T,-4.787496089935303,0.600823704627
L173M:A175V,-7.594623565673828,1.27864124985
L173M:A180G,-7.881720542907715,0.591234799790999
L173M:A180S,-8.618366241455078,0.872876995127999
L173M:A180V,-11.389184951782227,0.106239605026
L173M:D194A,-8.441110610961914,1.92277700848
L173M:D194E,-6.040335655212402,1.2627586043
L173M:D194G,-10.240506172180176,1.08807365403
L173M:D194H,-10.354227066040039,1.21329827487999
L173M:D194K,-10.325980186462402,1.43198733757
L173M:D194N,-4.164164066314697,1.2240662356999898
L173M:D194Q,-9.52824592590332,1.9854606397599897
L173M:D194S,-5.959987640380859,3.179276369140001
L173M:D194V,-11.61439037322998,1.01323288238999
L173M:D194Y,-10.656122207641602,0.490330945785
L173M:D201G,-17.047727584838867,0.241053469531
L173Q:Y188H,-20.224742889404297,0.0723140692404999
L173F:E178D,-14.827414512634277,0.297303349181
L173F:I193S,-14.180374145507812,1.4258348367500002
L173M:M179I,-8.354509353637695,0.643092463592
L173M:M179K,-12.395366668701172,0.819513632931
L173M:M179L,-10.34290599822998,0.871349847483
L173M:M179R,-14.079061508178711,0.295781467745
L173M:M179S,-11.049947738647461,2.54296375801
L173M:M179T,-9.687688827514648,0.7446217433300001
L173M:M179V,-8.507993698120117,0.763650388488
L173M:N191C,-11.928030014038086,0.573451011489
L173M:N191S,-10.844146728515625,0.445122041968
L173M:N191T,-15.681678771972656,0.614710980913
L173M:N191Y,-14.754283905029297,0.1650323637969989
L173M:P174A,-14.605649948120117,0.375459752165
L173M:P174L,-15.072265625,0.610439182082
L173M:P174R,-16.384164810180664,0.294606325425
L173M:P174S,-14.29224967956543,0.209820345011
L173M:P174T,-14.990715026855469,0.243014966968
L173M:P202T,-16.47331428527832,0.131068372779
L173M:Q186D,-8.571501731872559,0.736772693280999
L173M:Q186E,-4.138907432556152,0.63554779243
L173M:Q186H,-8.739755630493164,0.689281493402999
L173M:Q186K,-6.9401984214782715,0.278891958291
L173M:Q186L,-7.89341402053833,0.466911983094
L173M:Q186R,-7.235483169555664,1.32584166567999
L173M:Q186Y,-11.110433578491211,1.11982833875
L173M:Q195H,-5.549729347229004,0.759770745067999
L173M:Q195K,-0.3197669982910156,2.2783711366099904
L173M:Q195R,0.29931640625,2.8113303736299904
L173M:M179A,-10.898479461669922,3.1029894509599902
L173F:I193N,-10.396735191345215,1.34230667807
L173M:L190V,-5.868330001831055,0.4319462266619989
L173M:L190P,-13.008237838745117,0.337423282373
L173F:K181E,-17.138519287109375,1.17970943402
L173F:P174R,-20.9287166595459,0.410127291289
L173F:Q186E,-8.810745239257812,1.00623001431
L173F:Q200H,-11.292834281921387,1.57160583917999
L173F:Q200K,-15.030593872070312,0.8801598769600001
L173F:S183N,-9.920289039611816,1.52923451714
L173F:T196I,-14.222269058227539,0.284938100997
L173F:T198R,-14.803189277648926,0.671797151459
L173F:T198S,-9.817675590515137,0.940610848594
L173F:W177C,-17.578922271728516,0.736772693283
L173G:Q186L,-16.65291976928711,1.35251783528
L173G:T197S,-17.45743751525879,1.07913443837
L173G:W199C,-23.051856994628906,0.282621099075
L173H,-13.242852210998535,0.268812135
L173H:M179L,-19.299190521240234,1.1950947689700002
L173I:A180T,-12.919265747070312,0.458606734632
L173I:D194E,-10.27663516998291,0.8801598769600001
L173I:G185R,-16.40616226196289,1.6237283454700002
L173I:I193M,-13.500423431396484,1.66978633713
L173I:L190R,-14.412431716918945,2.79353022694
L173I:M179I,-12.34142780303955,1.51097079636
L173I:Q186H,-13.0411376953125,0.798694253384999
L173I:Q195K,-4.685079097747803,0.848512699934999
L173I:Q195R,-4.065995693206787,1.62736343087
L173I:Q200H,-10.851485252380371,0.676766828122999
L173I:R187L,-16.473459243774414,1.05387257552
L173I:S183R,-14.493803977966309,1.95471984169999
L173M:L190R,-10.0817289352417,0.776729861803
L173R,-10.533628463745117,0.165804027
L173Q:T198K,-17.931716918945312,0.395372685385
L173R:A175T,-11.073678016662598,0.195552372467
L173V:Q200K,-15.787694931030273,0.520596630692
L173V:Q200H,-12.049934387207031,0.540206174204
L173V:Q200E,-14.171478271484375,0.362859343812
L173V:Q195R,-5.237635135650635,1.15908645778
L173V:Q186R,-12.796213150024414,0.842404233554999
L173V:Q186L,-13.454143524169922,0.2041298620169989
L173V:Q186H,-14.300485610961914,0.436151646928
L173V:P202R,-21.683006286621094,0.25804811366
L173V:P202L,-21.359703063964844,0.0392813598292
L173V:P174L,-20.629783630371094,0.526937281796
L173V:N191D,-15.240242004394531,0.0993446568089
L173V:M179R,-18.88595962524414,0.498192130034
L173V:M179I,-13.161407470703125,0.277318674961
L173V:L190V,-11.386340141296387,0.325753291648
L173V:L190R,-15.599739074707031,0.315877710237
L173V:L190M,-11.79477596282959,0.464554297634
L173V:K181T,-13.029321670532227,0.717679900040999
L173V:K181R,-10.710744857788086,0.566994799832
L173V:K181N,-15.484476089477539,0.156046276411
L173V:K181I,-14.611550331115723,0.52166484661
L173V:K181E,-17.834625244140625,0.261866283696
L173V:I193V,-11.009271621704102,0.583834198406
L173V:I193T,-13.543030738830566,0.267021092088
L173V:Q200L,-10.545409202575684,0.261853508678
L173V:I193N,-11.281776428222656,0.806499933185
L173V:Q200R,-15.907642364501953,0.752666593907
L173V:R187L,-17.78372573852539,0.340884296342
L173R:A175G,-14.084691047668457,0.281980532711
L173W:Q186R,-14.414897918701172,1.53908296822
L173W:E178D,-17.40985107421875,1.47910731463999
L173W,-11.537460327148438,0.242428955
L173V:W177R,-20.92264175415039,0.107700714438
L173V:W177L,-22.25489044189453,0.300231692394
L173V:T198G,-18.330432891845703,0.6780338484530001
L173V:T197S,-14.096906661987305,0.249297997483
L173V:T197N,-19.457233428955078,0.268380743183
L173V:T196P,-22.49565315246582,0.196233231555
L173V:T196A,-16.130260467529297,0.327972807328
L173V:T182N,-15.725180625915527,0.137486720956999
L173V:T182A,-15.87350845336914,0.109443544092
L173V:S184Y,-14.04425048828125,0.6283511914150001
L173V:S184T,-8.643115997314453,0.2042966526779989
L173V:S184F,-14.922043800354004,0.285035703252
L173V:S183T,-11.064449310302734,0.5277874250600001
L173V:S183R,-15.712235450744629,0.644195036351
L173V:S183N,-10.707855224609375,0.307306817039
L173V:S183I,-14.458102226257324,0.594437342113
L173V:S183C,-16.677291870117188,0.3461175081809989
L173V:R203S,-22.18730354309082,0.0557421340406
L173V:R187P,-15.829998970031738,0.536627158316
L173V:Q200Y,-14.321380615234375,0.828424483449
L173V:I193M,-14.778453826904297,0.270931345249
L173F:D194E,-10.694067001342773,1.36908778996
L173V:H192R,-17.11695098876953,0.145925811912
L173R:P202L,-22.025455474853516,0.170711052823
L173R:P174T,-21.182720184326172,0.206181086865
L173R:P174R,-22.576171875,0.155232403928
L173R:N191R,-19.383705139160156,1.98708820603
L173R:N191D,-15.909964561462402,0.142932728037
L173R:M179T,-15.777084350585938,0.179997273247
L173R:M179L,-16.432300567626953,0.144049917184
L173R:L190V,-12.290531158447266,0.137625105146
L173R:L190R,-16.503929138183594,0.172722267341
L173R:L190M,-12.698966979980469,0.187514410427
L173R:K181N,-16.258333206176758,0.115425415078
L173R:K181I,-15.385407447814941,0.111370910416
L173R:K181E,-18.608482360839844,0.2280283764889989
L173R:I193T,-14.180990219116211,0.278884533469
L173R:H192D,-21.05215072631836,0.115676724549
L173R:G176V,-23.31255340576172,0.215683645913
L173R:F189I,-22.63538360595703,0.87955732456
L173R:E178K,-19.33769416809082,0.533398125971
L173R:D201Y,-20.886348724365234,0.176882103718
L173R:D194Y,-16.837881088256836,0.13490766917
L173R:D194V,-17.7961483001709,0.0269663438386
L173R:A180G,-14.371740341186523,0.4052863483
L173V:I193F,-15.289251327514648,0.32089870718
L173R:P202S,-21.055837631225586,0.344669935389
L173R:R203G,-23.101959228515625,0.114042960088
L173R:I193N,-11.9197359085083,0.10142229424
L173R:T197I,-18.3765926361084,0.0940075641375
L173V:G176R,-20.449295043945312,0.282457710101
L173V:G185V,-22.215599060058594,0.137125408933
L173R:T182I,-19.628223419189453,0.234564671034
L173V:G176C,-20.28347396850586,0.560689047879
L173V:F189Y,-12.823334693908691,0.439370262708
L173V:E178Q,-14.830379486083984,0.292076773273
L173V:E178K,-18.729267120361328,0.323694167195
L173V:E178D,-15.760546684265137,0.222244924651
L173V:E178A,-17.647605895996094,0.445663218784
L173V:D201H,-17.115217208862305,0.240954456515
L173V:D194N,-9.596565246582031,1.04873803337
L173V:E178G,-17.633583068847656,0.895945101354
L173V:D194A,-13.873512268066406,0.948256039757
L173V:D194E,-11.472737312316895,0.567271625159
L173R:W177L,-22.88650894165039,0.206074998413
L173R:W177G,-21.909847259521484,0.0935896109823
L173V,-9.839160919189453,0.567276852
L173V:A175P,-8.047561645507812,1.07499295949
L173V:A175V,-13.182774543762207,0.3627913626569989
L173V:A175S,-9.995450973510742,0.397736721117
L173V:A180G,-13.139233589172363,0.375471556115999
L173V:A180P,-18.365734100341797,0.32266002447
L173V:A180T,-14.084695816040039,0.13370665937
L173T,-11.984155654907227,0.207538415
P174S:G176A,-20.130382537841797,0.199128515384
P174S:D201V,-21.93780517578125,0.0756529967721
P174S:D201A,-22.301815032958984,0.329974430821
P174S:E178G,-17.30704116821289,0.448177663425
P174S:E178D,-15.452253341674805,0.282834645924
P174S:G185R,-17.50027847290039,0.108233379725
P174S:G185C,-20.16522979736328,0.135319386722
P174S:G185P,-24.67675018310547,0.95379455862
P174S:I193F,-15.170380592346191,0.412968366919
P174S:I193L,-12.68697738647461,0.390330127072
P174S:D194Y,-16.05182647705078,0.184432235689
P174S:I193N,-11.047989845275879,0.416760254424
P174S:K181E,-17.663850784301758,0.281579097471
P174S:G185A,-19.215328216552734,0.3159275285
P174S:D194N,-9.58930778503418,0.642548096913
P174R:T197M,-22.080238342285156,0.52642202832
P174S:D194G,-15.674883842468262,0.130122822178
P174R:R187H,-19.12005043029785,0.265938969162999
P174S:K181N,-15.39698600769043,0.2456748990949989
P174R:R187L,-20.352108001708984,0.473558168645
P174R:R187P,-18.34531021118164,0.1707642723519989
P174R:S183R,-17.64445686340332,0.35738879642
P174R:S184Y,-15.931769371032715,0.250611432078
P174R:T182A,-17.956104278564453,0.374778622074
P174S:D194H,-15.784086227416992,0.454920828891
P174R:T198M,-19.30791473388672,0.326310619056
P174R:Y188D,-23.563589096069336,0.0480981607908
P174S,-9.703816413879395,0.323615345
P174S:A175G,-12.829668998718262,0.6838985668950001
P174S:A175P,-7.530027866363525,0.358354972362
P174S:A175V,-12.533379554748535,0.462018512344
P174S:A180T,-14.132829666137695,0.057385805194
P174S:D194A,-13.882966041564941,0.444696314925
P174R:T198S,-12.856756210327148,0.18767307628
P174S:L190I,-6.371694564819336,2.37745038672
P174S:T196A,-15.983144760131836,0.134653199828
P174S:M179I,-13.579319953918457,0.1973476999879989
P174S:S184Y,-13.735032081604004,0.0492311079957
P174S:T182N,-15.679203987121582,0.319060998694
P174R:Q200R,-18.08820915222168,0.4131938983820001
P174S:T196I,-14.86990737915039,0.121448535346
P174S:T196K,-13.649272918701172,0.602082129256
P174S:T197N,-19.461057662963867,0.199480424017
P174S:T198S,-10.654217720031738,0.110609768307
P174S:W199C,-19.670263290405273,0.14725225799
P174S:Y188D,-21.394615173339844,0.059667183112
P174T,-10.505465507507324,0.366025411
P174T:A175D,-11.576986312866211,0.2399525891059989
P174T:A175G,-13.588929176330566,0.27766532815
P174T:A175H,-11.18673038482666,1.27512456314
P174T:A175S,-10.315468788146973,0.278574131451
P174T:A175T,-10.638015747070312,0.28449172695
P174S:S184T,-8.502374649047852,0.307543100518
P174S:S184P,-17.12448501586914,0.0751530281831
P174S:S184L,-12.524252891540527,0.685288935783
P174S:S184F,-14.608650207519531,0.169279913775
P174S:M179Q,-15.24510383605957,0.782256937272
P174S:M179V,-13.813569068908691,0.313849478861
P174S:Q186E,-9.589503288269043,0.220647426996
P174S:Q186K,-12.257896423339844,0.0601890140692
P174S:Q186R,-12.585423469543457,0.613276599598999
P174S:Q195H,-10.995307922363281,0.298676569533
P174S:Q195K,-5.807750701904297,0.801765168709
P174S:L190M,-11.845232009887695,0.66272234061
P174S:Q195R,-5.155709743499756,0.968099195653
P174S:Q200H,-11.962831497192383,0.602610343082
P174S:Q200L,-10.666237831115723,0.3376682674800001
P174S:Q200R,-15.857603073120117,0.4131495949970001
P174S:R187P,-16.29304313659668,0.261690066805
P174S:S183G,-12.078163146972656,0.288665204606
P174S:S183N,-10.603365898132324,0.367539995032
P174S:S183R,-15.50684928894043,0.591331804269
P174S:Q195Y,-13.702767372131348,0.2717290301
P174R:Q200K,-17.915128707885742,1.17715603396
P174R:H192D,-22.407150268554688,0.320454982526
P174R:Q195R,-7.322601795196533,0.775986217763
P174Q:T182P,-21.977516174316406,0.477997968798
P174Q:T182S,-14.727714538574219,0.15711329859
P174Q:T196A,-17.24472999572754,0.193105959795
P174Q:T196I,-16.131492614746094,0.363076357664
P174Q:T198S,-11.848907470703125,0.0876393007763
P174Q:W177G,-22.728591918945312,0.18405489663
P174Q:W177L,-23.436534881591797,0.0942786815408
P174Q:Y188C,-19.710201263427734,0.2939900693259989
P174Q:Y188K,-23.399154663085938,2.0980528420099898
P174Q:Y188L,-20.328655242919922,1.25669363169
P174Q:Y188S,-23.361345291137695,0.126936255191
P174R,-11.85713005065918,0.241634365
P174R:A175D,-12.996636390686035,0.253871937092
P174R:A175S,-11.735118865966797,0.237150325682
P174R:A175V,-14.712289810180664,0.110593741541
P174Q:S184Y,-14.947579383850098,0.6804238369490001
P174R:A180G,-15.326395034790039,0.240666421574
P174Q:S184A,-12.619440078735352,0.483099526375999
P174Q:Q200R,-17.03753089904785,0.5279492586010001
P174Q:M179I,-14.765382766723633,0.0905062756682
P174Q:M179V,-14.999631881713867,0.326031042229
P174Q:N191H,-17.59859848022461,0.367967629397
P174Q:N191K,-21.298202514648438,0.0981840047213
P174Q:Q186E,-10.81118392944336,0.688702197409999
P174Q:Q186H,-15.45808219909668,0.432346659253999
P174Q:Q186L,-14.569677352905273,0.278059976018
P174Q:Q186R,-13.807104110717773,0.558023929919
P174Q:Q186S,-17.645252227783203,1.6064557114700002
P174Q:Q186Y,-17.806880950927734,1.14412255334
P174Q:Q195H,-12.134685516357422,0.356980048434
P174Q:Q195K,-6.9471282958984375,1.27101342525
P174Q:Q195R,-6.2950873374938965,1.2424414065
P174Q:Q200H,-13.142759323120117,0.381883518728
P174Q:Q200P,-20.96582794189453,0.0873098391966999
P174Q:S183R,-16.654489517211914,0.332354851486
P174R:Q200H,-14.193437576293945,0.293756990746
P174R:A180S,-16.16903305053711,0.220641224145
P174R:D194N,-12.033647537231445,0.424043593374
P174Q:I193V,-12.111553192138672,0.209179238184
P174Q:I193N,-12.363993644714355,0.3758137242379989
P174R:I193L,-15.122506141662598,0.139104030256
P174R:I193T,-15.934694290161133,0.164560057031
P174R:I193V,-13.231078147888184,0.117124770711
P174R:L190R,-17.711538314819336,0.2321032096
P174R:M179I,-15.780668258666992,0.293100409473
P174R:M179R,-21.165130615234375,0.121417110797
P174R:N191K,-22.00094985961914,0.451372112486
P174R:P202R,-23.722671508789062,0.442871153803
P174R:P202S,-22.389434814453125,0.183767654451
P174R:Q186H,-16.416263580322266,0.26208091058
P174R:Q186P,-20.06340789794922,0.152084911890999
P174R:Q186R,-14.76528549194336,0.262137824421
P174R:Q195K,-7.974642753601074,0.37224983214
P174Q:K181L,-15.420087814331055,1.24358903355
P174R:D194H,-18.228425979614258,0.221249509147
P174Q:K181Q,-14.353880882263184,0.395129163517
P174Q:L190M,-12.852283477783203,0.537623644566
P174R:D194V,-19.5036563873291,0.123069477052
P174R:D194Y,-18.496166229248047,0.215740883583
P174R:D201A,-24.498435974121094,0.223053047534
P174R:D201K,-24.92632293701172,0.674941594221
P174R:D201N,-17.723358154296875,0.165195259857
P174R:D201Y,-21.90960693359375,0.977636251154
P174R:E178D,-17.578580856323242,0.472232726012
P174R:E178G,-19.433366775512695,0.430789246101
P174R:E178I,-23.67088508605957,0.889850528051999
P174R:F189Y,-14.88357925415039,0.107881731257
P174R:G176R,-22.556873321533203,0.120094002043999
P174R:H192S,-22.461509704589844,0.379030545446
P174R:I193F,-17.60590934753418,0.1933353949639989
P174Q:L190V,-12.383466720581055,0.209869717014
P174Q:L190R,-16.587726593017578,0.5709136544650001
P174Q:K181R,-11.652510643005371,0.501705068983
P174Q:T196S,-13.155580520629883,0.135050636029
P174A:T197M,-20.465476989746094,0.669291335114
P174T:D201A,-23.0452880859375,0.123535666965999
P174M:H192Y,-20.42313575744629,0.693904685044
P174M:E178A,-20.507755279541016,2.06353405225999
P174M:D201N,-18.809547424316406,1.1350688484
P174L:W177L,-22.67291259765625,0.346441482070999
P174L:T198S,-11.210610389709473,0.3019378457889989
P174L:T198R,-16.171382904052734,0.268663996793
P174L:S184Y,-14.321040153503418,0.158487329157
P174L:S183T,-11.625167846679688,0.7180990723690001
P174L:S183R,-16.134363174438477,0.517549220688
P174L:S183N,-11.230879783630371,0.225794637052999
P174L:R203Y,-21.59740447998047,0.382353769366
P174L:R203H,-20.916851043701172,0.0919918745799
P174L:Q195R,-5.852346897125244,0.728934364146
P174L:Q195K,-6.504387855529785,0.8835399828560001
P174L:Q186R,-13.195611000061035,0.426346287588
P174L:P202S,-20.71241569519043,0.178011723629
P174L:N191S,-16.877883911132812,0.0894154476301
P174L:M179T,-15.51910400390625,0.389107883572
P174L:M179R,-19.530441284179688,0.149593965456
P174Q,-10.916261672973633,0.4221461689999999
P174L:M179L,-16.1367130279541,0.238080262063
P174Q:A175G,-14.11292552947998,0.18437233202
P174Q:A175V,-13.816636085510254,0.160799512762
P174Q:H192P,-23.90188980102539,0.32040300875
P174Q:G185V,-23.326993942260742,0.0811480326543
P174Q:G185D,-18.936199188232422,0.156815610874
P174Q:F189Y,-13.90355396270752,0.173408041243
P174Q:F189W,-19.476083755493164,0.8158193101100001
P174Q:F189I,-22.83599853515625,0.242120331554
P174Q:E178V,-20.439727783203125,0.343912627933
P174Q:E178G,-18.55113983154297,0.550196772491
P174Q:E178D,-16.696353912353516,0.297798096824
P174Q:D201A,-23.574844360351562,0.379954298864
P174Q:D194Y,-17.212722778320312,0.253508963901
P174Q:D194R,-19.45701026916504,1.46545905184
P174Q:D194N,-10.750205039978027,0.735159228726
P174Q:D194K,-16.913782119750977,0.241939858703
P174Q:D194H,-16.944982528686523,0.62254459095
P174Q:D194G,-16.83578109741211,0.251305426323
P174Q:D194E,-12.4856595993042,0.2267428669049989
P174Q:A180T,-15.247631072998047,0.336825762358
P174Q:A180G,-14.20516300201416,0.028956801022
P174Q:A175S,-10.839465141296387,0.642248217292
P174Q:I193L,-14.002981185913086,0.13638320852
P174L:M179I,-14.145980834960938,0.351269333416
P174L:L190P,-19.323734283447266,0.269501443886
P174K:H192Q,-21.168832778930664,0.387486562748999
P174H:S184C,-17.79574966430664,0.64044093475
P174H:S183R,-18.598722457885742,0.176536326132
P174G:W177S,-25.59062957763672,1.04674872777
P174G:T197P,-22.323991775512695,0.480973758457
P174G:Q200R,-19.71055793762207,0.329467294518
P174G:N191S,-20.146381378173828,1.16822948458999
P174G:L190R,-19.38027572631836,1.43336260767
P174G:K181T,-16.91680145263672,0.925064487073
P174G,-13.537334442138672,0.827341338
P174E:T196A,-18.174495697021484,1.22296239997
P174E:P202A,-24.081069946289062,1.15805014636
P174E:L190R,-17.801353454589844,1.25121777515
P174E:G176V,-24.625896453857422,0.737383043354
P174E:E178A,-19.601974487304688,0.282621099036
P174A:Y188N,-21.67195701599121,0.288441074309
P174A:W177C,-19.25191879272461,0.214725305029
P174A:T198S,-11.200560569763184,0.173224301314
P174A:T198P,-18.724010467529297,0.105125227249
P174K:K181N,-18.360759735107422,1.61088801338999
P174L:L190V,-12.126930236816406,0.14121741893
P174K:N191K,-22.794750213623047,0.473399123333
P174L,-10.312215805053711,0.327942052
P174L:L190M,-12.595746994018555,0.31068309736
P174L:K181R,-11.13715934753418,0.454360742093999
P174L:K181Q,-13.838529586791992,0.468206875969999
P174L:K181I,-15.029596328735352,0.2708658022769989
P174L:I193R,-15.54505729675293,1.82183574757999
P174L:G185D,-18.29459571838379,0.181092910156
P174L:G176R,-21.19192886352539,0.1247358767
P174L:E178Q,-15.097238540649414,0.4478086364410001
P174L:E178G,-17.907119750976562,0.589617490389
P174L:E178A,-17.835891723632812,0.243722175371
P174L:D194Y,-16.70187759399414,0.235915833916
P174L:D194N,-10.239358901977539,0.4748478557020001
P174L:D194K,-16.402935028076172,1.33262553736
P174L:D194I,-17.023656845092773,0.928372163331
P174L:D194A,-14.5330171585083,0.357014585724
P174L:A180V,-17.435815811157227,0.2050882875649989
P174L:A175V,-13.210918426513672,0.0284313206403
P174L:A175S,-10.233747482299805,0.23575774133
P174L:A175D,-11.495265007019043,0.0888669942954999
P174K:Q200H,-14.931514739990234,0.4377269357850001
P174T:D194Y,-16.78108024597168,0.17893474334
P174Q:I193M,-15.977495193481445,0.211358729602
P174A:T182I,-19.52685546875,0.0794738262615
P174T:S184Y,-14.505831718444824,0.256466821622
P174T:T196I,-15.73044204711914,0.0227218724549
P174T:T196N,-17.391921997070312,0.0510975430535
P174T:T196S,-12.75452995300293,0.201079175593
P174T:T198K,-17.710559844970703,0.185024910941
P174T:T198S,-11.472136497497559,0.573156084936
P174T:Y188C,-19.29486083984375,0.0435388315864
P174T:Y188H,-19.911521911621094,0.117046473131
P174T:Y188N,-21.911470413208008,0.0866115096806
P174V,-11.615431785583496,0.210093649
P174V:H192L,-20.328166961669922,0.235945236134999
P174W:D194A,-20.454181671142578,1.43016210613
P174W:E178D,-22.167654037475586,0.533295879251
P174W:S184P,-23.706573486328125,1.85516344467
P174T:D194A,-14.61221981048584,0.0976180461797
P174A:T196I,-15.428060531616211,0.293911432803
P174A,-10.20914363861084,0.398852739
P174A:A175D,-11.02636432647705,0.397619158778
P174A:A175G,-13.038307189941406,0.182277632718
P174T:S184T,-9.273174285888672,0.219861531849
P174A:A175P,-7.73866605758667,0.553416305719
P174T:S184A,-12.177692413330078,0.262464487709
P174T:S183N,-11.351459503173828,0.3313143916279989
P174T:D201H,-17.608379364013672,0.4647257989859989
P174T:D201N,-16.270212173461914,0.0585448355343
P174T:E178A,-17.99452781677246,0.6915041806300001
P174T:E178G,-18.065753936767578,0.482084241697999
P174T:F189V,-24.339969635009766,0.309018241656
P174T:G185R,-18.346012115478516,0.270144507976
P174T:I193L,-13.338357925415039,0.135997010843
P174T:I193M,-15.312871932983398,0.331816971964
P174T:I193N,-11.699370384216309,0.351381959629
P174T:L190R,-16.154537200927734,0.120060041355
P174T:Q186E,-10.40673542022705,0.244311792368
P174T:Q186R,-13.402655601501465,0.494197517607
P174T:Q195R,-5.906626224517822,0.713186567329
P174T:Q200H,-12.647895812988281,0.193096109289
P174T:Q200K,-16.369586944580078,0.1940084398119989
P174T:Q200R,-16.542667388916016,0.3725404708399989
P174T:R187H,-17.749019622802734,0.0311550343085
P174T:R187P,-16.97427749633789,0.354974426595
P174T:S183I,-15.05543327331543,0.216007540005
P174T:S183R,-16.25494384765625,0.303357858803
P174A:T182P,-21.326032638549805,0.243959580777
P174A:A180G,-13.50696086883545,0.147802280207
P174A:D194G,-16.175193786621094,0.387432250009
P174A:M179I,-13.957688331604004,0.240693260527
P174A:M179K,-17.672260284423828,0.498080721271
P174A:M179R,-19.34214973449707,0.455409994238
P174A:N191E,-23.035140991210938,0.46167897308
P174A:Q186H,-14.69894027709961,0.317126954767
P174A:Q186R,-13.047961235046387,0.3734146271419989
P174A:Q195E,-13.70891284942627,0.196277648517
P174A:Q195H,-11.428881645202637,0.356381239886
P174A:Q195K,-6.241324424743652,0.740187567326
P174A:Q195L,-14.765865325927734,0.313756858476
P174A:Q195R,-5.589283466339111,0.830250738108
P174A:Q200K,-16.098461151123047,0.237256928743
P174A:Q200L,-11.080177307128906,0.16435862727
P174A:S183C,-16.92169952392578,0.182197393253
P174A:S183G,-12.508245468139648,0.212931832949
P174A:S183I,-14.737422943115234,0.270638953557
P174A:S183R,-15.936933517456055,0.571473880724999
P174A:S183T,-11.42773723602295,0.795884565916
P174A:S184T,-9.012645721435547,0.952795624000999
P174A:L190V,-11.61938762664795,0.481648285858
P174A:D194A,-14.383275985717773,0.340428873775
P174A:L190R,-15.823646545410156,0.0977471969491
P174A:K181E,-18.143592834472656,0.161387218503
P174A:D194H,-16.284395217895508,0.407550881218
P174A:D194K,-16.25319480895996,1.1781870029
P174A:D194N,-10.089617729187012,0.663349557481
P174A:D194T,-9.352855682373047,1.3731881431600002
P174A:D201G,-23.137500762939453,0.288252634359
P174A:D201N,-16.105083465576172,0.240945063202
P174A:E178A,-17.705793380737305,0.556280102934
P174A:E178D,-15.922233581542969,0.167616134323
P174A:E178G,-17.777019500732422,0.417661082241
P174A:E178K,-18.833316802978516,0.170105743465
P174A:E178Q,-14.967140197753906,0.451529994678
P174A:F189L,-19.89226531982422,0.103751726278
P174A:H192N,-17.74132537841797,0.194064069219
P174A:H192P,-23.059814453125,0.154648407497
P174A:H192Q,-18.507755279541016,0.285479386627
P174A:I193M,-15.095684051513672,0.260642557364
P174A:I193N,-11.482182502746582,0.875085385496
P174A:I193S,-15.461280822753906,0.0938629181448
P174A:I193V,-11.229742050170898,0.281912253151
P174A:L190M,-12.088204383850098,0.364689281391
P174T:D194E,-12.05401611328125,0.298597352043
A175C,-5.393046855926514,0.567995705
A175P:K181N,-4.418112754821777,0.665556756302
A175G:E178Q,-8.700357437133789,1.01344546392
A175G:E178Y,-16.88230323791504,0.177323752989
A175G:F189Y,-6.718941688537598,0.617335067276
A175G:G176C,-14.960522651672363,0.370041550995
A175G:G176V,-17.18901824951172,0.2023270289429989
A175G:G185D,-11.679302215576172,0.166077473597999
A175G:H192D,-13.96551513671875,0.2677971005889989
A175G:I193F,-9.318865776062012,0.623952296595999
A175G:I193L,-6.887033462524414,0.401512311729
A175G:I193M,-8.890495300292969,0.747484900438
A175G:I193N,-5.218898296356201,0.598147313184999
A175G:I193S,-9.461073875427246,0.483262792087
A175G:I193T,-7.876681327819824,0.979609944185
A175G:I193V,-4.948172092437744,0.703248768369
A175G:K181E,-11.460439682006836,0.689398619477
A175G:K181H,-4.46872615814209,0.425679432180999
A175G:K181I,-8.108163833618164,0.619946877125
A175G:E178K,-12.52311897277832,0.271190214915
A175G:K181L,-7.973384380340576,0.616809203625
A175G:E178G,-11.638179779052734,1.36026573028999
A175G:E178A,-11.370402336120605,0.775561396861
A175G:A180D,-9.045583724975586,0.145005632242
A175G:A180G,-7.261687278747559,0.272441366906
A175G:A180S,-7.985910892486572,0.887582782328999
A175G:A180V,-10.659574508666992,0.178518442453
A175G:D194A,-7.669109344482422,1.55368800796
A175G:D194E,-5.226923942565918,1.12912895747
A175G:D194G,-9.51372241973877,0.407552509553
A175G:D194H,-9.497340202331543,1.45656217797999
A175G:D194N,-3.21250319480896,1.35469001773999
A175G:D194R,-11.981860160827637,1.22675963079
A175G:D194V,-10.786646842956543,0.434433994369
A175G:D194Y,-9.764960289001465,1.00925148026
A175G:D201F,-16.015657424926758,1.00829409811
A175G:D201G,-16.56682014465332,0.499876469314
A175G:D201H,-11.111165046691895,0.190152456202
A175G:D201N,-9.639728546142578,0.322571796077
A175G:D201Y,-13.909299850463867,0.3763036996720001
A175G:E178D,-9.882587432861328,0.771186041069999
A175G,-3.661874532699585,0.8145548
A175G:K181N,-9.244117736816406,0.439425938065
A175G:K181R,-4.262636184692383,0.459745820830999
A175G:Q195H,-4.798637390136719,0.447079730248
A175G:Q195K,0.3699522018432617,1.91235900056
A175G:Q195R,1.0622177124023438,1.69647737402999
A175G:Q200E,-8.07067584991455,0.334632867292
A175G:Q200H,-5.858273506164551,0.714236122367
A175G:Q200K,-9.653672218322754,0.55436209914
A175G:Q200L,-4.575048446655273,0.4588528217490001
A175G:Q200R,-9.822368621826172,0.941246750619
A175G:R187C,-12.260738372802734,0.350219277967
A175G:R187H,-10.680679321289062,0.537816457278
A175G:R187I,-9.614084243774414,1.1681930102
A175G:R187L,-11.856842994689941,0.543223516321
A175G:R187P,-9.794292449951172,1.24668491331
A175G:R187S,-11.710540771484375,0.4382314611600001
A175G:R203C,-13.747509956359863,0.0644168585504
A175G:S183G,-6.039741516113281,0.714693471243
A175G:S183I,-8.142057418823242,0.569602422930999
A175G:Q195E,-7.121252059936523,0.181462795436
A175G:K181Q,-6.871619701385498,0.616580072017
A175G:Q186R,-6.605766773223877,0.96220440548
A175G:Q186H,-8.211038589477539,0.498863352737
A175G:K181T,-6.8288164138793945,0.878931120903
A175G:L190M,-5.645906925201416,0.663038243470999
A175G:L190Q,-10.414312362670898,0.505262911192
A175G:L190R,-9.368444442749023,0.422903984240999
A175G:L190V,-5.170567512512207,1.1252296544
A175G:M179I,-7.611656188964844,0.596275272434
A175G:M179K,-11.465105056762695,0.524873424646
A175G:M179L,-9.708654403686523,0.717514006619
A175G:M179R,-13.176828384399414,0.3292575823849989
A175G:M179T,-9.196611404418945,0.419797253735
A175G:M179V,-7.926502227783203,0.661246932165
A175G:N191C,-11.363733291625977,0.968432150655
A175G:N191D,-9.364492416381836,0.204762637728
A175G:N191H,-10.325048446655273,0.129482808975
A175G:N191K,-14.094482421875,0.0399939089016
A175G:P202R,-15.466340065002441,0.16994359229
A175G:Q186E,-3.5640478134155273,0.885426742512
A175G:Q186L,-7.286818504333496,0.214070530233
A175G:S183N,-4.596902847290039,0.555427256599
A175F:W177C,-14.67315673828125,0.3876743262740001
A175F:I193F,-10.428342819213867,0.949422817096
A175D:M179K,-9.352153778076172,0.732064420218
A175D:M179L,-7.595704078674316,0.66602741982
A175D:M179V,-5.813551425933838,0.900659471462
A175D:N191H,-8.436351776123047,0.263480179784
A175D:N191S,-8.437518119812012,0.174685710576
A175D:P202G,-15.356852531433105,1.1788681415200002
A175D:Q186E,-1.3999905586242676,0.615138780863
A175D:Q186H,-6.0469818115234375,0.597450654216
A175D:Q186L,-5.122761249542236,0.224826216567
A175D:Q186R,-4.441709518432617,0.864451321999
A175D:Q186Y,-8.35887622833252,2.43320098991
A175D:Q195K,2.26285457611084,1.54076721165
A175D:Q195L,-6.243989944458008,0.303428430026
A175D:Q195R,2.955120086669922,1.7486778735
A175D:Q195V,-8.113624572753906,1.52381637136
A175D:Q200H,-3.620626926422119,0.875729103875
A175D:Q200K,-7.416025638580322,0.731692177014
A175D:M179I,-5.4987053871154785,0.632078454548999
A175D:Q200L,-2.33740234375,0.155551440539
A175D:L190V,-3.511016368865967,0.719894864664
A175D:L190I,1.5200345516204834,1.23372212736
A175D:F189Y,-4.680603981018066,0.906059458253999
A175D:G176D,-11.019871711730957,0.261299119589
A175D:G176R,-12.566408157348633,0.355763380699
A175D:G185C,-12.062849044799805,0.238962823769999
A175D:G185D,-9.568382263183594,0.326262612797
A175D:H192L,-10.287337303161621,0.149575121139
A175D:I193L,-4.523862361907959,0.504717928389
A175D:I193M,-6.5273237228393555,0.720931443816999
A175D:I193N,-2.855726718902588,2.03513294172
A175D:I193S,-7.097902774810791,0.443484955438
A175D:I193T,-5.513509750366211,0.311057883603
A175D:I193V,-2.585000514984131,0.322745940059
A175D:K181E,-9.20346736907959,0.379147748199
A175D:K181I,-5.851190567016602,0.457879686976
A175D:K181Q,-4.614646911621094,0.559281662341
A175D:K181R,-2.0056633949279785,0.237972478552
A175D:K181T,-4.57184362411499,0.895567773187
A175D:L190Q,-8.7547607421875,0.1564079068
A175F:R187G,-15.269065856933594,1.47125454002
A175D:Q200R,-7.584722518920898,1.09333348973
A175D:R187G,-11.299367904663086,0.0983591432095
A175D:T198K,-8.785847663879395,0.074977685646
A175D:T198M,-8.940889358520508,0.0622484177474
A175D:T198Q,-5.144940376281738,0.932443727057999
A175D:T198R,-7.503774642944336,0.250516666339999
A175D:T198S,-2.4973087310791016,0.247119981193
A175D:W177G,-13.330604553222656,0.33941204982
A175E,-1.062678337097168,0.515129895
A175E:D194G,-6.535420894622803,1.59011037678
A175E:D194H,-6.519038677215576,1.7020923405
A175E:F189V,-14.98633861541748,0.419418131307
A175E:F189Y,-4.218260288238525,2.30881355525
A175E:H192N,-8.831436157226562,0.461226157109
A175E:K181N,-6.5243144035339355,1.88166495978
A175E:M179I,-4.975748062133789,0.94942604517
A175E:Y188S,-13.246737480163574,0.512354222152
A175F,-5.519723415374756,0.964681089
A175F:G185S,-13.22868537902832,1.90011967349999
A175D:T198A,-7.873955249786377,0.2822054652369989
A175D:R187C,-10.062857627868652,0.360082294175
A175D:T197S,-6.071873664855957,0.293048937992
A175D:T196N,-8.422168731689453,0.605199936382
A175D:R187H,-8.482799530029297,0.904682979202
A175D:R187L,-9.65896224975586,1.10811611438
A175D:R187P,-7.596412181854248,1.21284717399
A175D:S183F,-6.245664596557617,1.24954942093
A175D:S183G,-3.90765380859375,0.654798261925
A175D:S183I,-6.0099687576293945,0.771381173108
A175D:S183R,-7.389911651611328,1.12906948572
A175D:S183T,-2.770003318786621,0.780079016985999
A175D:S184A,-3.22693133354187,0.495093962603
A175D:S184C,-6.573193550109863,0.203909062555
A175D:S184F,-6.494997501373291,0.643803161858
A175D:S184T,-0.2978053092956543,1.07264914928999
A175D:S184Y,-5.5856032371521,1.01776868881
A175D:T182A,-7.760819435119629,0.658207562516
A175D:T182S,-5.564000129699707,0.347414641124
A175D:T196A,-7.859824180603027,0.296360822432
A175D:T196I,-6.7735795974731445,0.416483154269
A175D:T196S,-3.768495559692383,0.590577444411
A175G:S183R,-9.52199935913086,1.24933491638
A175G:S183T,-4.9020915031433105,1.05838446885
A175G:S184A,-5.432011127471924,0.443567473327
A175P:Q200H,-0.6704903841018677,1.42643885489
A175P:Q200K,-4.4658894538879395,0.976006503217
A175P:Q200L,0.6127341985702515,0.192232405716
A175P:Q200R,-4.634586334228516,1.47963674061
A175P:R187C,-7.195518970489502,0.7076248472050001
A175P:R187G,-8.432028770446777,0.305457559996999
A175P:R187H,-5.615460395812988,0.607421686131
A175P:R187L,-6.791623592376709,0.944299241719
A175P:R187P,-4.7290730476379395,1.4511696388600002
A175P:R187S,-6.645321369171143,1.32509775936
A175P:R203C,-8.51728343963623,0.162671334702
A175P:R203S,-11.0300874710083,0.660735214904
A175P:S183G,-0.7770689725875854,0.392608684036
A175P:S183I,-2.8793840408325195,0.978271216984
A175P:S183N,0.6657700538635254,1.69338837952999
A175P:S183R,-4.259326934814453,1.14443191985
A175P:S183T,0.3605813980102539,0.619816998113999
A175P:Q195R,6.363162517547607,1.6097075985
A175P:S183V,-1.7761002779006958,1.15556080569
A175P:Q195K,5.670897006988525,3.41386599009
A175P:Q186R,-1.2336411476135254,1.3320040851
A175P:K181Q,-2.045614719390869,0.675350494628
A175P:K181R,0.5633687973022461,0.639570788318
A175P:K181T,-2.0028114318847656,0.468706525108999
A175P:L190M,-0.6836903095245361,0.707820757863
A175P:L190R,-4.406228065490723,0.334185072099
A175P:L190V,-0.2083507776260376,1.46818415015
A175P:M179I,-2.2913565635681152,0.283793779204
A175P:M179K,-6.144804954528809,1.09763041986
A175P:M179L,-4.388355255126953,0.6277078946010001
A175P:M179T,-3.8763115406036377,0.960801125471999
A175P:M179V,-2.6062023639678955,0.732494931246
A175P:N191D,-3.737415313720703,0.362869331219
A175P:N191S,-4.6991376876831055,1.0501577544399898
A175P:P202A,-10.548521995544434,0.107167593188
A175P:Q186E,1.8080778121948242,0.441326261656
A175P:Q186H,-2.8389132022857666,0.724713477808
A175P:Q186L,-1.9146928787231445,0.488187755181
A175P:Q195H,0.5023070573806763,0.798522232411
A175Y:T182S,-7.330892562866211,2.2050294201900003
A175P:S184A,-0.10203063488006592,0.958460296276
A175P:S184T,2.8270955085754395,0.828852355053
A175R:Q195P,-10.312524795532227,0.495397296234999
A175R:Q200H,-4.9232659339904785,1.62147741931
A175R:T197S,-7.193328380584717,0.683115704206
A175R:T198M,-10.236028671264648,0.839383123322
A175S,-0.2802064120769501,0.989783576
A175S:A180D,-5.805693626403809,0.1555363108029989
A175S:A180G,-4.021796703338623,0.570281264839
A175S:A180T,-4.9056901931762695,0.547622561394
A175S:D194A,-4.242472171783447,1.77025532743
A175S:D194E,-1.800286889076233,1.42942105268
A175S:D194G,-6.087084770202637,1.3352528196
A175S:D194H,-6.07070255279541,1.63718721965
A175S:D194N,0.21413414180278778,1.41704272345
A175S:D194S,-1.7179418802261353,2.15177429753
A175S:D194V,-7.36000919342041,0.691501643492999
A175S:D194Y,-6.338322639465332,1.35431847539
A175S:D201A,-12.997962951660156,0.513423202643
A175R:Q195K,1.0383002758026123,4.56670990758
A175P:S184F,-3.3700966835021973,1.40292933357999
A175R:E178G,-10.979652404785156,2.91689622025
A175Q,-0.10477380454540253,0.988666084
A175P:S184Y,-2.460702419281006,1.7125968005
A175P:T182A,-4.466430187225342,0.421612661727
A175P:T182N,-4.4657135009765625,0.195263932872
A175P:T182S,-2.26961088180542,0.418153959883
A175P:T196A,-4.6293559074401855,0.250611428051
A175P:T196C,-3.861405849456787,1.23088388312
A175P:T196I,-3.5431108474731445,0.434207642907
A175P:T196K,-2.338819980621338,2.0379474389500003
A175P:T196R,-3.338777542114258,2.9703896358899904
A175P:T196S,-0.5380270481109619,0.749237573718
A175P:T197S,-2.9309282302856445,0.245747902611
A175P:T198K,-5.485429763793945,0.271023043831
A175P:T198P,-6.711001396179199,0.357547950964
A175P:T198R,-4.203356742858887,1.1290313172
A175P:W177C,-7.393725395202637,0.116293749841
A175P:W199S,-6.730405330657959,0.351715969007
A175P:Y188S,-10.57910442352295,0.0877649192906
A175R,-2.8047447204589844,1.061490662
A175P:K181I,-3.282158374786377,0.668879983085
A175P:K181E,-6.634435176849365,0.757417170152
A175P:I193V,0.48069071769714355,1.06612650461
A175H:L190V,-2.993116617202759,2.21043205524
A175H:Q200R,-7.399776458740234,2.16301061087
A175I,-5.418335914611816,0.910499307
A175I:E178D,-11.545633316040039,1.49248209900999
A175I:E178K,-14.186163902282715,0.809630945013
A175I:L190R,-11.277088165283203,1.2004172404
A175I:S184P,-12.824142456054688,2.7438844810400003
A175I:T182P,-16.4251651763916,1.69581908444
A175I:T182S,-9.286813735961914,1.8658331201599896
A175I:T196I,-10.689630508422852,2.43449347246
A175L,-3.7613959312438965,1.516725344
A175L:Q195L,-8.442607879638672,2.31223963352
A175L:T196N,-10.671215057373047,1.08310313537
A175L:T198K,-10.962850570678711,1.05198574223999
A175N,-1.0057415962219238,0.8943938109999999
A175N:D194V,-8.090673446655273,1.2561302778
A175N:I193M,-6.260264873504639,1.41965972914
A175H:E178D,-7.710501670837402,1.70972505032
A175N:I193T,-5.246450901031494,1.09932959132
A175H:A180G,-5.1204352378845215,1.89109578075999
A175G:Y188N,-15.043060302734375,0.132505288105999
A175G:S184C,-8.778273582458496,0.352323062756
A175G:S184F,-8.700077056884766,0.688230133197
A175G:S184T,-2.502885341644287,0.489300826855
A175G:S184Y,-7.790682792663574,0.595018803763
A175G:T182A,-9.742569923400879,0.273997266699
A175G:T182I,-12.85222339630127,0.322334609138
A175G:T182N,-9.741853713989258,0.299589888963
A175G:T182S,-7.545750617980957,0.678413347566999
A175G:T196I,-8.975221633911133,0.4239943194839989
A175G:T196S,-5.970137596130371,0.51643450568
A175G:T197S,-8.115619659423828,0.311036649176
A175G:T198A,-9.987000465393066,0.377978115475
A175G:T198R,-9.616820335388184,0.232128283719
A175G:T198S,-4.610354423522949,0.499773021464999
A175G:W177Q,-17.079856872558594,0.656501210435
A175G:W177R,-15.060629844665527,0.102666144415
A175G:W177Y,-11.186866760253906,0.521573845227
A175H,-1.306748867034912,0.827176602
A175N:R187S,-9.004887580871582,0.894386690871
A175N:S183R,-6.920067310333252,2.9165559975099904
A175N:S184F,-6.065934181213379,3.75729504018
A175P:D201Y,-8.27554702758789,0.910137702472
A175P:E178A,-6.006870746612549,1.24382681876
A175P:E178D,-4.5190558433532715,0.840689975988
A175P:E178G,-6.2746477127075195,1.64008824977
A175P:E178K,-7.1595869064331055,0.556412659083
A175P:E178Q,-3.336825370788574,1.27637989786
A175P:E178V,-7.95550537109375,0.27876591885
A175P:F189V,-12.273255348205566,0.208099703079
A175P:G176C,-10.100751876831055,0.268847751924
A175P:G185D,-6.267800807952881,0.535052520732999
A175P:H192R,-5.694212436676025,0.108598397414
A175P:I193F,-3.890002727508545,0.967287950926
A175P:I193L,-1.4581708908081055,0.745131109945
A175P:I193M,-3.461632251739502,0.60530813705
A175P:I193N,0.20996463298797607,0.8413796430830001
A175P:I193R,-3.3546180725097656,1.43336260767
A175P:I193S,-4.0322113037109375,0.898430439486
A175P:D201V,-10.378194808959961,0.543536282519
A175P:D201N,-4.005977153778076,0.697578231351999
A175P:D201K,-11.136035919189453,0.516988375572
A175P:D201H,-5.477413177490234,0.41478657432
A175N:S184Y,-5.1565399169921875,3.91358037901999
A175N:T198A,-7.347070217132568,1.3334963598
A175P,1.6578099727630615,1.044997548
A175P:A180D,-4.019742488861084,0.504626188241
A175P:A180S,-2.960069179534912,0.931176791342999
A175P:A180T,-3.119739055633545,0.291097300722
A175P:D194A,-2.467029571533203,0.8652026855580001
A175P:D194C,-5.053908348083496,3.73131453183
A175D:F189S,-14.530380249023438,0.3440397225029989
A175P:D194E,-0.024844050407409668,1.0349525523899898
A175P:D194H,-4.295259952545166,1.80779936044999
A175P:D194K,-4.2622575759887695,2.94810336237
A175P:D194N,1.989577054977417,1.69460930916999
A175P:D194S,0.05750095844268799,2.16879664913
A175P:D194V,-5.584566593170166,0.793388853882
A175P:D194Y,-4.562880039215088,1.11591490046
A175P:D201A,-10.768312454223633,0.832353639230999
A175P:D201E,-8.826070785522461,0.186880703872
A175P:D194G,-4.311642169952393,1.2790605864
A175D:F189L,-11.344526290893555,0.0325424315508
A175D:E178V,-11.413728713989258,0.293501387184
A175D:E178Q,-6.795048713684082,1.02391597221
A175V:D194N,-3.100313901901245,1.88225801132999
A175V:D194H,-9.385150909423828,1.17640895333
A175V:D194G,-9.401533126831055,0.860521720298
A175V:D194E,-5.114734649658203,1.3692449472
A175V:D194A,-7.556920051574707,2.07980997113
A175V:A180T,-7.890913486480713,0.186442930764
A175V:A180S,-7.73124361038208,1.00648773675
A175V:A180G,-7.007019996643066,0.572770789432
A175V,-3.3195176124572754,0.965049014
A175T:T198S,-1.439957857131958,0.80555841125
A175T:T198R,-6.446423530578613,0.311936828517
A175T:T198A,-6.816604137420654,0.434586583732
A175T:T196Y,-9.480504989624023,0.924445840714
A175T:T196S,-2.818516254425049,0.99045764294
A175T:T196N,-7.472189903259277,0.708005066765
A175T:T196I,-5.8236002922058105,0.7073662445450001
A175T:T196A,-6.909845352172852,0.685541230905
A175V:D194V,-10.674457550048828,1.10160791169
A175T:T182S,-4.4289679527282715,0.440757175952
A175V:D194Y,-9.65277099609375,1.7777212842200003
A175V:D201E,-14.013731956481934,0.202830248094
A175V:G185A,-12.819425582885742,0.354547952493
A175V:G176S,-12.449039459228516,0.2498289162599989
A175V:G176D,-12.971623420715332,0.301025853926
A175V:G176C,-14.494601249694824,0.8152046072050001
A175V:F189Y,-6.444112300872803,0.6049727284740001
A175V:F189L,-13.108034133911133,0.0774052612705
A175V:F189C,-15.09526252746582,0.117501211651
A175V:E178S,-10.290806770324707,2.41024296258
A175V:E178Q,-8.270331382751465,1.16747392866
A175V:E178I,-15.164161682128906,0.6780338484530001
A175V:E178G,-11.20815372467041,2.7837093153500003
A175V:E178D,-9.452561378479004,1.23695751252
A175V:E178A,-10.940376281738281,1.08189644474
A175V:D201Y,-13.463208198547363,0.784744838999
A175V:D201V,-15.565855026245117,0.678315479881999
A175V:D201R,-16.43597412109375,1.05917779495
A175V:D201H,-10.66507339477539,0.891176063549
A175V:D201A,-15.955972671508789,0.991803934829
A175V:G185D,-11.287665367126465,0.899220676421
A175T:T182I,-9.735441207885742,0.712580512187999
A175T:S184Y,-4.6791911125183105,1.58753448192
A175T:Q200E,-4.9807329177856445,0.4930418313710001
A175T:Q195R,4.163337230682373,1.9251215529799897
A175T:Q195K,3.471071481704712,3.7454259470499904
A175T:Q195H,-1.6975183486938477,0.502657842028
A175T:Q186R,-3.5428171157836914,1.25951794494
A175T:Q186N,-7.604347229003906,1.24954942093
A175T:Q186L,-4.2238688468933105,0.238794082151
A175T:Q186H,-5.1480889320373535,1.10011164869
A175T:Q186E,-0.5010979771614075,0.629720380503
A175T:P202R,-12.385531425476074,0.235608462469
A175T:N191S,-7.1050333976745605,0.455227672352
A175T:M179V,-4.771072864532471,0.832458849785
A175T:M179T,-6.041182041168213,1.13631631673999
A175T:M179R,-10.02139949798584,1.20284186314
A175T:M179L,-6.553225517272949,0.931446293416
A175T:M179K,-8.309675216674805,1.09895015713
A175T:M179I,-4.456226825714111,0.7253734500110001
A175T:Q200H,-2.7683300971984863,1.73693557988
A175T:T182A,-6.625787258148193,0.265795029329
A175T:Q200K,-6.563729286193848,1.08886042911
A175T:Q200R,-6.732426166534424,1.1661761700700002
A175T:S184T,0.6086065769195557,0.518335718073
A175T:S184I,-5.431025505065918,1.25937332975
A175T:S184F,-5.588585376739502,1.39585660558
A175T:S184C,-5.666781425476074,0.6223560123040001
A175T:S184A,-2.32051944732666,1.01825213683
A175T:S183T,-1.8315937519073486,2.31726183347
A175T:S183R,-6.451502323150635,1.89897686422999
A175T:S183N,-1.5264050960540771,0.898485267533999
A175T:S183I,-5.071559429168701,1.13570040499
A175T:S183G,-2.9692440032958984,1.02791308668
A175T:S183C,-7.3923020362854,0.50223437589
A175T:R203S,-13.301275253295898,0.364665708826
A175T:R187P,-6.6712646484375,1.08920774717
A175T:R187I,-6.491056442260742,1.62032078387999
A175T:R187H,-7.557651996612549,1.22391138794
A175T:R187G,-10.374220848083496,0.477836543405
A175T:R187C,-9.137710571289062,0.450282493209
A175T:Q200L,-1.4851056337356567,0.396536992223
A175V:G185R,-11.16047191619873,0.280462010657
A175V:G185V,-15.681289672851562,0.1919754445389989
A175V:I193F,-8.60239315032959,0.362621452864
A175V:S184T,-2.0864243507385254,0.984390633514
A175V:S184H,-6.022100448608398,2.00078955170999
A175V:S184F,-8.28361701965332,0.261105145543
A175V:S184C,-8.361812591552734,0.2071042382829989
A175V:S184A,-5.01555061340332,0.699118024293
A175V:S183T,-4.548427581787109,1.1988318394
A175V:S183R,-9.168335914611816,1.67907885845
A175V:S183N,-4.243238925933838,0.992980092259
A175V:S183I,-7.788393020629883,1.09477361561
A175V:S183G,-5.686078071594238,0.911628898954
A175V:S183C,-10.109135627746582,0.442479860455
A175V:R203C,-13.568521499633789,0.1829386052519989
A175V:R187S,-11.346979141235352,0.546157357217
A175V:R187P,-9.430730819702148,1.29869568523999
A175V:R187L,-11.493281364440918,0.68040387657
A175V:R187H,-10.317117691040039,0.83963405483
A175V:R187F,-14.827086448669434,0.965850302627
A175V:S184Y,-7.374222278594971,1.17228113264
A175V:R187C,-11.897176742553711,0.346386855801
A175V:T182A,-9.402148246765137,0.556485845262999
A175V:T182N,-9.401432037353516,0.219142296798
A175Y:T182N,-9.526994705200195,0.624815930189
A175Y:R203L,-14.778217315673828,1.46092933508
A175Y,-3.457862377166748,1.042880663
A175V:W177G,-15.114553451538086,0.108815819077
A175V:T198S,-4.207025527954102,0.5537144687610001
A175V:T198Q,-6.854657173156738,3.1142981006599904
A175V:T198A,-9.583671569824219,0.474337345477
A175V:T197S,-7.80794620513916,1.77341920735999
A175V:T197P,-12.019694328308105,0.126665863342
A175V:T197N,-13.049287796020508,0.0494835771491999
A175V:T196S,-5.58799409866333,0.775591667677
A175V:T196R,-8.388744354248047,1.00150318806
A175V:T196N,-10.241667747497559,0.443030468729
A175V:T196I,-8.593077659606934,0.572552176768999
A175V:T196A,-9.679323196411133,0.584198938914
A175V:T182S,-7.205328941345215,0.294994224486
A175V:T182P,-14.343679428100586,0.118520310853
A175V:T182I,-12.511801719665527,0.590346739711999
A175V:Q200R,-9.509920120239258,1.39268144642
A175V:Q200L,-4.262599945068359,0.5219764836699989
A175V:Q200K,-9.34122371673584,0.294291436114
A175V:M179K,-10.934288024902344,0.881759576148999
A175V:M179I,-7.080840110778809,0.7245756936650001
A175V:L190V,-4.986294746398926,0.902301071461
A175V:L190R,-9.184171676635742,0.699923191655
A175V:L190P,-12.075252532958984,0.378917969303
A175V:K181T,-6.69439697265625,0.557940378365
A175V:K181R,-4.128216743469238,0.445848826242
A175V:K181Q,-6.7372002601623535,0.850454142786999
A175V:K181N,-9.109698295593262,0.342654779676
A175V:K181I,-7.973743915557861,0.5439272473619989
A175V:K181E,-11.326021194458008,0.66666792205
A175V:I193V,-4.2316999435424805,0.771046520166
A175V:I193T,-7.160208702087402,0.453762811289
A175V:I193S,-8.74460220336914,0.3367256948879989
A175V:I193N,-4.502425670623779,1.06210086778
A175V:I193M,-8.174022674560547,0.658409684025
A175V:I193L,-6.17056131362915,1.69172464182
A175V:M179L,-9.177838325500488,0.813386270933
A175V:M179R,-12.646012306213379,0.878523557712
A175V:M179T,-8.665794372558594,1.11264554804
A175V:M179V,-7.39568567276001,0.763165249201
A175V:Q200H,-5.545825004577637,1.1583614046
A175V:Q200G,-11.022140502929688,2.3167849698400005
A175V:Q200E,-7.758227348327637,0.818299902148
A175V:Q195R,1.2875072956085205,2.07541648739
A175V:Q195K,0.5952417850494385,2.23839681394
A175V:Q195H,-4.573348045349121,0.5752472709950001
A175V:Q186W,-12.919346809387207,1.55326771486
A175V:Q186R,-6.195059776306152,0.960230377275
A175T:L190V,-2.123947858810425,0.590737147386
A175V:Q186M,-7.2575178146362305,1.12523358905
A175V:Q186K,-5.992283344268799,0.245052675891
A175V:Q186H,-7.8003315925598145,0.992712808789999
A175V:Q186E,-3.1533405780792236,0.724169129416
A175V:P202R,-15.097837448120117,0.234067103519999
A175V:N191V,-15.769135475158691,0.782256937272
A175V:N191S,-9.847334861755371,0.466167372318
A175V:N191K,-13.615602493286133,0.267260465769
A175V:N191D,-8.885612487792969,0.4063755651039989
A175V:Q186L,-6.876111030578613,0.458019510819
A175S:D201E,-11.0557222366333,0.284161616231
A175T:L190R,-6.32182502746582,0.6911299998880001
A175T:L190M,-2.599287509918213,1.11444423239
A175S:M179L,-6.305429458618164,0.612829572054
A175S:M179K,-8.061880111694336,0.4512777627440001
A175S:M179I,-4.208431243896484,0.7809297993850001
A175S:L190V,-1.8843574523925781,1.63068935267
A175S:L190R,-6.0822343826293945,0.652530582779
A175S:L190M,-2.359697103500366,0.590919514896
A175S:K181T,-3.5326647758483887,0.388946659613
A175S:K181S,-5.52056360244751,1.97596176142
A175S:K181R,-0.9664846062660217,0.62342985431
A175S:K181Q,-3.575468063354492,0.409652605961
A175S:K181N,-5.9479660987854,0.473260103217
A175S:K181I,-4.81201171875,0.333636178273
A175S:K181E,-8.164288520812988,0.774198939968
A175S:I193S,-6.0899977684021,0.355751984319
A175S:I193N,-1.847821831703186,0.927641402274
A175S:I193L,-3.5159573554992676,0.3384490855979989
A175S:I193F,-5.947789192199707,0.625579717278
A175S:M179R,-9.773603439331055,1.13582155988999
A175S:H192N,-8.127796173095703,0.207933817509
A175S:M179S,-7.020867347717285,1.38954358406
A175S:N191S,-6.867508888244629,0.552699040616
A175S:Q200K,-6.304001808166504,0.488587463157
A175S:Q200H,-2.508603096008301,1.4330452740900002
A175S:Q195R,4.454133033752441,2.00283090251
A175S:Q195P,-7.5889573097229,0.117777725742
A175S:Q195K,3.7618677616119385,2.01085945877
A175S:Q195H,-1.4067221879959106,0.4628169040290001
A175S:Q195E,-3.7293362617492676,0.619283468502
A175S:Q186R,-3.259446144104004,1.52356916357999
A175S:Q186P,-8.439777374267578,0.298358631275
A175S:Q186L,-3.940497875213623,0.38730652715
A175S:Q186H,-4.864718437194824,1.0839815435200002
A175S:Q186E,-0.21772712469100952,0.59319815665
A175S:P202W,-15.838737487792969,0.521763972494
A175S:P202T,-12.239892959594727,1.24881994115
A175S:P202R,-12.101832389831543,0.13084512957
A175S:N191Y,-10.714673042297363,0.176259367824999
A175S:N191T,-11.713648796081543,0.0789881123174
A175S:M179V,-4.5232768058776855,1.48343699085
A175S:Q200L,-1.225378394126892,0.5322588342260001
A175S:G185S,-8.058877944946289,0.103527688405
A175S:G185C,-10.769688606262207,0.308149979146
A175D:D194E,-2.7779042720794678,1.6095377417200003
A175D:D194G,-7.064702033996582,0.770016258015
A175D:D194H,-7.0483198165893555,1.38710228297999
A175D:D194N,-0.7634831666946411,1.26828628477999
A175D:D194S,-2.69555926322937,0.878698248127
A175D:D194V,-8.337626457214355,1.17456700723999
A175D:D194Y,-7.315939903259277,0.34056380856
A175D:D201A,-14.228081703186035,0.886242098517
A175D:D201G,-14.392838478088379,0.233912363827
A175D:D201H,-8.937183380126953,0.260284316691
A175D:D201N,-7.465746879577637,0.516426082852
A175D:D201R,-14.70808219909668,3.20806183691
A175D:D201V,-13.837964057922363,0.593679994901
A175D:D201Y,-11.73531723022461,0.3992692178099989
A175D:E178A,-9.465093612670898,1.1329628177200002
A175D:E178D,-7.977278709411621,0.922015835034
A175D:E178G,-9.732871055603027,1.244588377
A175D:D194A,-5.220089912414551,1.5664566112
A175S:G185D,-8.275222778320312,0.730281043905999
A175D:A180T,-6.123846054077148,0.137066383698999
A175D:A180P,-10.392539024353027,0.0748674042135
A175S:G185A,-9.80698299407959,0.212102575311
A175S:G176D,-10.227027893066406,0.266792855165
A175S:F189Y,-3.3559513092041016,1.35681135025999
A175S:F189R,-14.057046890258789,1.28273841397999
A175S:E178V,-9.920097351074219,0.248943021016
A175S:E178Q,-5.301417350769043,1.24218449009
A175S:E178G,-8.239239692687988,1.7938907324000002
A175S:E178D,-6.48364782333374,1.19837531699
A175S:E178A,-7.971462726593018,0.160676759202
A175S:D201V,-12.607845306396484,0.708464851861999
A175S:D201H,-7.707063674926758,0.557359940525999
A175C:D201V,-17.83710479736328,1.50960376032999
A175C:Q186L,-9.003561019897461,0.582254615985
A175C:T196N,-12.261604309082031,2.70513142493
A175D,-1.581777811050415,0.7604143259999999
A175D:A180D,-7.0238494873046875,0.2355854851179989
A175D:A180G,-5.239952564239502,0.421041063596
A175D:A180S,-5.964176177978516,0.784434949217
A175S:Q200R,-6.47269868850708,1.66622840922999
A175S:Q200W,-9.95728874206543,2.62544174194
A175S:R187C,-8.907059669494629,0.413509607334
A175T:G176S,-9.863882064819336,0.261591557695
A175T:G176R,-11.933002471923828,0.2655157244509989
A175T:G176C,-11.909443855285645,0.310995653526
A175T:F189Y,-3.6498708724975586,0.784136751316999
A175T:E178Q,-5.46599006652832,0.67747201309
A175T:E178K,-9.288751602172852,0.4667737421100001
A175T:E178G,-8.403812408447266,2.12753010771
A175T:E178D,-6.648220539093018,1.0780180037
A175T:E178A,-8.136035919189453,1.21893881659
A175T:D201Y,-10.7337064743042,0.590241463737
A175T:D201N,-6.464136123657227,0.220067160714
A175T:D201K,-13.594195365905762,0.587265926383
A175T:D201H,-7.935571670532227,0.429976209774
A175T:D201G,-13.391227722167969,0.341910404126
A175T:D201E,-11.28423023223877,0.158198500484
A175T:D201A,-13.226470947265625,0.922118408831
A175T:D194Y,-6.687210559844971,1.60219387397
A175T:G185D,-8.554023742675781,0.389412200261
A175T:D194V,-7.708897113800049,0.850929959652999
A175T:G185R,-8.426830291748047,0.320662850979
A175T:H192Q,-9.030462265014648,0.0698137543563
A175T:L190K,-6.034390926361084,2.40346425215
A175T:K181T,-3.882568359375,1.18400284081
A175T:K181S,-5.870467185974121,1.8333924282599896
A175T:K181R,-1.3163883686065674,0.503766102428
A175T:K181Q,-3.9253716468811035,0.701333364542
A175T:K181N,-6.297869682312012,0.626818017841
A175T:K181I,-5.161915302276611,0.2075720330829989
A175T:K181E,-8.514192581176758,0.622248599692
A175T:I193V,-2.072805404663086,0.895651791181
A175T:I193T,-5.001314163208008,0.4155930502009989
A175T:I193R,-5.908114433288574,3.79939284512
A175T:I193N,-2.343531608581543,1.02136930646
A175T:I193M,-6.015128135681152,0.990112360549
A175T:I193L,-4.011667251586914,0.750350282145
A175T:I193K,-4.7078094482421875,1.44230640192999
A175T:I193G,-8.953579902648926,1.67897630441
A175T:I193F,-6.443498611450195,0.4606856466100001
A175T:G185S,-8.337678909301758,0.2048020431989989
A175T:D194N,-0.13475379347801208,2.08063286575999
A175T:D194K,-6.386588096618652,3.89557166503
A175T:D194H,-6.419590473175049,1.64637553626
A175S:S184T,0.8729976415634155,0.312815825133
A175S:S184F,-5.324194431304932,0.716128943986
A175S:S184C,-5.402390480041504,0.405608579913
A175S:S184A,-2.05612850189209,0.915384068942
A175S:S183T,-1.5785126686096191,0.576419490066
A175S:S183R,-6.198421001434326,1.33516416031
A175S:S183N,-1.2733240127563477,1.13225322289
A175S:S183I,-4.818478107452393,0.93160782342
A175S:S183G,-2.716162919998169,4.3407601860400025
A175S:S183C,-7.139220714569092,0.138099045752
A175S:R203P,-13.428794860839844,0.307132191071
A175S:R187Y,-10.815967559814453,0.714212509123
A175S:R187S,-8.35686206817627,0.107291937460999
A175S:R187P,-6.440613746643066,1.9523519483
A175S:R187L,-8.503164291381836,0.58948924779
A175S:R187H,-7.327001094818115,0.815812674629
A175S:R187G,-10.143569946289062,0.0783089581759999
A175S:S184Y,-4.41480016708374,0.966084573982
A175S:T182I,-9.42227840423584,0.250432791311
A175S:T182P,-11.254156112670898,0.0391707323556
A175S:T182S,-4.1158061027526855,0.403436084377
A175T:D194G,-6.435972690582275,1.28263013225
A175T:D194E,-2.149174928665161,1.4462632746700002
A175T:D194C,-7.178238868713379,0.615966937359
A175T:D194A,-4.591360092163086,2.35901065162
A175T:A180T,-5.246402740478516,0.376953462149
A175T:A180S,-5.086732864379883,1.17836683020999
A175T:A180D,-6.146406173706055,0.265207353629
A175T,-0.558144211769104,1.142308557
A175T:L190P,-9.212905883789062,0.445699677428
A175S:Y188W,-13.621121406555176,1.29302153549999
A175S:Y188C,-9.038946151733398,0.0574938590961
A175S:W177G,-12.1725492477417,0.423015725326
A175S:T198S,-1.1918903589248657,0.349829897271
A175S:T198M,-7.635470867156982,0.227328663753
A175S:T196S,-2.5751779079437256,0.767831861369999
A175S:T196P,-13.019279479980469,0.2401951742599989
A175S:T196N,-7.228851318359375,0.627006560537
A175S:T196I,-5.580261707305908,0.366365036392
A175S:Y188D,-11.963421821594238,0.11745821973
A175S:D201G,-13.1627197265625,0.402138047411
G176S:K181E,-16.011695861816406,0.0984643027004
G176A:A180G,-13.85226058959961,0.161345925429
G176R:S183R,-16.7281494140625,1.04564957848
G176R:S183N,-11.79881763458252,0.4408749523960001
G176R:S183I,-15.547800064086914,0.819211573521
G176R:R203C,-21.043373107910156,0.181868537154
G176R:R187P,-16.89252471923828,0.267610801167
G176R:Q200H,-12.951952934265137,0.574827897795
G176R:Q195R,-6.524845600128174,1.16111876699
G176R:Q195K,-7.241580009460449,1.32548596304
G176R:Q186R,-13.985095977783203,0.915856551023
G176R:Q186H,-15.378833770751953,0.0391183469383
G176R:Q186E,-10.78790283203125,0.206713648249
G176R:N191R,-19.497087478637695,0.381599612563
G176R:N191P,-23.457048416137695,0.3635033457909989
G176R:N191K,-20.77497673034668,0.0467242532957
G176R:M179L,-16.7697811126709,0.3579763904569989
G176R:S184C,-15.854827880859375,0.25335863668
G176R:M179I,-14.712989807128906,0.2034612108139989
G176R:S184F,-15.832340240478516,0.143028778444
G176R:T182P,-21.89560317993164,0.188396588955
G176S:E178D,-14.220486640930176,0.455550329073
G176S:E178A,-16.117517471313477,0.545831233677
G176S:D201V,-20.750843048095703,0.1931531270549989
G176S:D201A,-21.105140686035156,0.444512339438
G176S:D194H,-14.283635139465332,0.613840574158
G176S:D194E,-10.154831886291504,0.141604721152
G176S:D194A,-12.515029907226562,0.376659725257
G176S:A180G,-11.554006576538086,0.0215590961433
G176S,-8.326748847961426,0.348624146
G176R:Y188N,-22.081825256347656,0.286337187756
G176R:Y188F,-16.61022186279297,0.113568725560999
G176R:W177S,-22.800430297851562,0.110323491432
G176R:W177C,-19.612140655517578,0.128614078444
G176R:T198K,-17.99395751953125,0.182369205447
G176R:T196I,-15.936680793762207,0.351163374609
G176R:T182N,-16.9094295501709,0.374741951853
G176R:L190V,-12.283965110778809,0.3865378350339989
G176R:L190R,-16.524906158447266,0.555790401002
G176R:I193T,-13.061362266540527,0.493903058014
G176R:D194H,-17.12079620361328,0.487799409345
G176R:D194A,-15.352190017700195,0.705597817486
G176R:A180V,-17.85971450805664,0.0428237507527
G176R:A180G,-14.299928665161133,0.433804366086
G176R,-10.821867942810059,0.556189368
G176P:G185A,-21.58551788330078,1.3912435645200003
G176P:D201N,-18.10966682434082,1.15207040341
G176P,-12.096388816833496,0.309664437
G176N:R187H,-13.146915435791016,1.38954358407
G176N:Q195R,-1.3704018592834473,1.68054024634
G176N:L190M,-7.412540435791016,3.47420373393
G176N,-5.881267547607422,0.4484602729999999
G176L:T198N,-19.679269790649414,2.91740895923
G176L:D194V,-19.701129913330078,1.40034732998
G176L:D194N,-12.096906661987305,1.5736458453600002
G176R:D194N,-10.878049850463867,1.11926027984
G176R:D201G,-23.669715881347656,0.151776493574
G176R:D201N,-16.900768280029297,0.276249424777
G176R:D201Y,-21.087482452392578,0.299338089799
G176R:I193S,-14.488687515258789,0.504606690698
G176R:I193N,-10.62591552734375,1.39592084775
G176R:I193M,-14.268428802490234,0.297657175676
G176R:I193L,-12.466826438903809,0.549050382266
G176R:I193F,-14.95715618133545,0.182609497459
G176R:H192R,-17.468490600585938,0.36205144113
G176R:H192N,-18.12087059020996,0.1901034885
G176S:E178G,-16.134389877319336,0.795274556898
G176R:F189Y,-13.863316535949707,0.5654214043620001
G176R:F189I,-22.785978317260742,0.332225476928
G176R:F189C,-22.573894500732422,0.234159578377
G176R:E178Y,-23.61068344116211,1.28676929112
G176R:E178Q,-15.532888412475586,0.8304707743430001
G176R:E178K,-19.32299041748047,0.233245122347
G176R:E178G,-18.32973861694336,1.1290354236
G176R:E178D,-16.415834426879883,0.449196557990999
G176R:F189S,-23.770015716552734,0.108129832338
G176S:F189Y,-11.281485557556152,0.294132911799
G176S:G185R,-16.274824142456055,0.0819022189772
G176S:G185S,-16.13878059387207,0.0930063047151
G176S:R187S,-16.349864959716797,0.372644920557
G176S:R203H,-19.1947078704834,0.0866381069531999
G176S:S183N,-9.215019226074219,0.3618994907469989
G176S:S183R,-14.144351959228516,0.297045152003
G176S:S183T,-9.549980163574219,0.107359827685
G176S:S184A,-10.045580863952637,0.11930039433
G176S:S184Y,-12.504290580749512,0.0780773293451
G176S:T182S,-12.305931091308594,0.27890059924
G176S:T196S,-10.692230224609375,0.189557813513
G176S:T197P,-16.720407485961914,0.0420775546528
G176S:T197S,-12.569177627563477,0.215097272998
G176S:T198R,-14.175079345703125,0.135783034033
G176S:W177L,-20.526195526123047,0.139382988582
G176T,-12.381230354309082,0.024831598
G176T:E178D,-18.481033325195312,0.839383123323
G176S:Q200S,-12.122488021850586,1.45187014316
G176S:Q200H,-10.382156372070312,0.4957013463319989
G176S:Q195R,-3.717339038848877,1.1403468277700002
G176S:Q195K,-4.434073448181152,0.327208910497
G176S:K181I,-12.76550006866455,0.3576955395669989
G176S:K181N,-13.755831718444824,0.125977395677
G176S:K181R,-9.035323143005371,0.3156196686219989
G176S:K181T,-11.394854545593262,0.2173367615989989
G176S:L190M,-10.058382034301758,0.524000352668
G176S:L190R,-13.745750427246094,0.235253117095
G176S:L190V,-9.504810333251953,0.324785859263
G176T:P202L,-23.809341430664062,0.283357178086
G176S:M179L,-14.244661331176758,0.124530937623
G176S:N191D,-13.782920837402344,0.276094503269
G176S:P202R,-20.108678817749023,0.124810760862
G176S:Q186E,-8.280595779418945,0.130069338682
G176S:Q186H,-12.871526718139648,0.0941258437137
G176S:Q186K,-11.063164710998535,0.0482523843263
G176S:Q186R,-11.477788925170898,0.6898597818760001
G176S:Q195H,-9.581428527832031,0.339087369557
G176S:M179R,-17.63479232788086,0.3702394849809989
G176I:Q200H,-16.322101593017578,0.807695148395
G176T:W199C,-22.119041442871094,0.816222668774999
G176V:D201N,-19.000717163085938,0.115011417954
G176V:S183G,-15.294370651245117,0.0965313036585
G176V:S183T,-14.186701774597168,0.281601858641
G176V:T182A,-18.976953506469727,0.747713214150999
G176V:T182I,-22.095190048217773,0.32097394539
G176V:T197K,-21.09658432006836,0.5821424761940001
G176V:W199F,-17.660064697265625,0.839383123322
G176V:W199S,-21.18576431274414,0.283543632164
G176V:Y188F,-18.632373809814453,0.0691744964063
G176V:Y188H,-22.140228271484375,0.329237970154
G176A,-10.689273834228516,0.3051181169999999
G176V:Y188R,-25.00419044494629,4.94119282982
G176W:K181I,-19.110029220581055,1.38954358406
G176S:I193M,-11.618764877319336,0.0893485413117999
G176S:I193L,-9.817163467407227,0.306701178463
G176S:I193F,-12.307493209838867,0.4719334996190001
G176V:Q200P,-22.96912384033203,0.0515177169486
G176V:Q195R,-8.541791915893555,0.246685015458
G176V:Q195K,-9.258526802062988,0.263693680994
G176V:Q186R,-16.03441619873047,0.132887218824
G176V:D201Y,-23.18743133544922,0.174532712894
G176V:E178G,-20.751434326171875,0.919797409973
G176V:E178V,-22.59259033203125,0.217314310883
G176V:I193F,-16.563358306884766,0.2700972552739989
G176V:I193M,-15.874629974365234,0.24231500525
G176V:I193N,-12.23211669921875,0.0956043229843
G176V:K181D,-23.103614807128906,0.146757865327
G176V,-12.913472175598145,0.077724409
G176V:K181N,-18.519027709960938,0.172162067167
G176V:M179R,-22.111021041870117,0.260767250872
G176V:N191A,-25.465770721435547,0.968432150655
G176V:N191C,-20.590452194213867,0.593248337268
G176V:N191T,-24.32654571533203,0.131194424289
G176V:P202A,-25.045698165893555,0.0651524183065
G176V:P202L,-24.350048065185547,0.188296112121
G176V:Q186L,-16.556896209716797,0.125212265353999
G176V:L190R,-18.98133087158203,0.325435517949
G176I:D194K,-20.229572296142578,0.526420979865
G176S:I193V,-7.79304313659668,0.368369011902
G176H:D194Y,-15.763084411621094,0.530576733434
G176A:K181I,-15.090576171875,0.284608477265
G176C:M179A,-17.03006362915039,1.75052631075
G176A:L190V,-11.773998260498047,0.0679241161774
G176A:M179L,-16.536027908325195,0.111557513040999
G176A:N191T,-22.23294448852539,0.177742143189
G176A:Q186H,-15.198214530944824,0.148473218559
G176A:Q186R,-13.80447769165039,0.446654394797
G176A:Q195K,-6.847160339355469,1.21118812982
G176A:Q195R,-6.130425930023193,0.927841384734
G176A:Q200L,-11.425580978393555,0.377181047555
G176A:R187H,-17.84203338623047,0.417846580571
G176A:R187P,-16.680782318115234,0.16416119584
G176A:R187S,-18.697412490844727,0.380452693469999
G176A:R203C,-20.917980194091797,0.300565840072
G176A:R203N,-24.135356903076172,0.244580966547
G176A:I193F,-14.841568946838379,0.0335747373479
G176A:S183G,-13.010820388793945,0.2944497949619989
G176A:F189I,-22.581470489501953,0.20412658545
G176A:E178D,-16.523971557617188,0.278145662834
G176C:Q186R,-13.772855758666992,0.5022751567729989
G176C:Q186H,-15.166593551635742,0.449039864821
G176C:M179K,-18.286170959472656,0.763273941989
G176C:M179I,-14.520574569702148,0.30447011095
G176A:A180P,-19.186504364013672,0.273482545466
G176A:D194A,-14.923661231994629,0.7135287953370001
G176A:D194E,-12.56346321105957,0.150853873529
G176A:D194G,-16.71609878540039,0.273701451872
G176A:D194L,-16.468772888183594,0.335036567281
G176A:D194N,-10.4495210647583,0.5294899321859989
G176A:D194Y,-17.00307273864746,1.2089795387200002
G176A:D201A,-23.46912384033203,0.102667373191999
G176A:D201N,-16.824806213378906,0.381870510415
G176A:D201R,-23.949121475219727,1.54417094956
G176A:E178A,-18.421003341674805,0.528648412739
G176A:E178Q,-15.641026496887207,0.209518164386
G176A:S183N,-11.568190574645996,0.265767683714
G176A:S183R,-16.49752426147461,0.243016094783
G176A:S183T,-11.903151512145996,0.220651092496
G176C:I193C,-15.825713157653809,1.72302825172999
G176C:I193F,-14.33847713470459,0.485361179358
G176C:I193L,-11.84814739227295,0.343938623615
G176C:I193M,-13.649749755859375,0.718428978008
G176C:I193R,-13.662925720214844,2.00371804433
G176C:I193T,-12.442683219909668,0.0272078864911
G176C:K181E,-18.51947784423828,0.477105641611
G176C:K181I,-15.273282051086426,0.160060465319
G176C:K181N,-16.263614654541016,0.160902626319
G176C:K181Q,-14.007316589355469,0.473123710237
G176C:K181R,-11.543105125427246,0.373772869223
G176C:K181S,-15.84846305847168,0.567771130453
G176C:L190I,-7.0144267082214355,1.73384899699
G176C:L190Q,-17.416522979736328,0.277625927784
G176H:W199R,-16.92083168029785,0.632673522425
G176C:F189Y,-13.595932960510254,0.601072788341
G176C:F189S,-23.50263214111328,0.16263763095
G176C:E178Q,-15.5144624710083,0.604174943389999
G176C:E178G,-18.311311721801758,0.8450314583580001
G176A:S184Y,-14.82254409790039,0.108364288614
G176A:T182S,-14.73034381866455,0.106887334623
G176A:T198S,-11.566569328308105,0.31846947072
G176A:W177R,-21.78564453125,0.308220116274
G176A:W199C,-20.460317611694336,0.124956008443
G176A:Y188C,-19.29184341430664,0.806995122301999
G176C,-10.617209434509277,0.486401264
G176C:Q195H,-11.90945816040039,0.0966998582406
G176C:A180T,-14.979693412780762,0.201445788061
G176C:D194H,-16.69944190979004,0.340424177121
G176C:D194N,-10.456696510314941,0.836480502976
G176C:D201G,-23.553382873535156,0.1375381390259989
G176C:D201I,-23.306583404541016,0.52642202832
G176C:D201K,-23.81714630126953,0.216642453486
G176C:D201V,-23.074453353881836,0.181180242322
G176C:E178D,-16.39740753173828,0.442929921394
G176C:D194E,-12.570638656616211,0.6832151314020001
G176C:Q195K,-6.762103080749512,1.65737632683
G176A:Q200R,-16.64664077758789,0.39033067295
G176C:Q195R,-6.045368671417236,1.107656032
G176D:Q200P,-19.040767669677734,0.0658435363503
G176D:Q200L,-9.84294319152832,0.265393419811
G176D:Q200H,-11.181930541992188,0.214046897939
G176D:Q200E,-13.207324981689453,0.270325419908
G176D:Q195R,-4.619896411895752,0.3296091955319989
G176D:Q195L,-13.76462459564209,0.12749682343
G176D:Q195K,-5.336630821228027,1.04893019395
G176D:Q186Y,-16.038345336914062,1.21507156241
G176D:Q186S,-15.865531921386719,0.902643036666
G176D:Q186R,-12.236331939697266,0.32044429199
G176D:Q186H,-13.6300687789917,0.2166352903
G176D:Q186E,-9.039137840270996,0.285091093977
G176D:Q186D,-13.481521606445312,0.825687380852
G176D:P202T,-20.98288345336914,0.274727475286
G176D:P202S,-19.580411911010742,0.128541515165
G176D:R203L,-20.101783752441406,0.0531508645088
G176D:S183G,-11.47639274597168,0.286202082648
G176D:S183R,-14.963094711303711,0.493759474826
G176D:S184A,-10.7392578125,0.394514792973
G176H,-9.352134704589844,0.527199829
G176F:W199R,-20.33360481262207,2.15019842445999
G176F:Q195R,-8.14954948425293,2.23902483971
G176F,-12.725262641906738,0.752134089
G176E:Q200H,-12.86178970336914,0.714969528491999
G176C:Q195M,-13.114442825317383,0.758541777969999
G176D:W199S,-17.49243927001953,0.155726203484
G176D:M179W,-18.95030975341797,1.22913529207
G176D:W199F,-13.966737747192383,1.76823444789
G176D:T198S,-10.000311851501465,0.106129440238
G176D:T197S,-13.484539985656738,0.291738050371
G176D:T196S,-11.379648208618164,0.191160376562
G176D:T196I,-14.161941528320312,0.0677781776367
G176D:T182S,-13.020495414733887,0.094913494856
G176D:T182I,-18.309114456176758,0.135520097797
G176D:S184F,-14.052946090698242,0.161584611011
G176D:W177G,-20.47197723388672,0.0739740856061
G176D:K181R,-9.7060546875,0.0997065208048
G176E:I193L,-12.75282096862793,0.308630015963
G176D:I193T,-11.197728157043457,0.367214505
G176C:T196N,-17.566722869873047,0.2994106426419989
G176C:T196I,-15.766069412231445,0.4231860201380001
G176C:T182S,-14.525297164916992,0.129707308219
G176C:S184Y,-14.785388946533203,0.398289794643
G176C:S184T,-9.404032707214355,0.354757281571
G176C:S184L,-13.53579044342041,1.21379601591
G176C:S184A,-12.326679229736328,0.403084254953999
G176C:T196P,-23.368972778320312,0.127580811789
G176C:S183R,-16.485754013061523,0.7327458511730001
G176C:S183I,-15.305404663085938,0.607215231498999
G176C:S183G,-12.999052047729492,0.553755795552
G176C:R187S,-18.59292221069336,0.23940856593
G176C:R187H,-17.7375431060791,0.070349277859
G176C:Q200R,-16.654781341552734,0.762203380863
G176D:K181E,-16.68242645263672,0.290060190709
G176C:Q200H,-12.772708892822266,0.74024958633
G176C:S183N,-11.556421279907227,0.396729082004999
G176C:T197S,-14.865394592285156,0.266814719461999
G176C:R187L,-18.698070526123047,0.154867273639
G176C:Y188F,-16.40557098388672,0.0890041267275
G176C:T198A,-16.729141235351562,0.1759840301859989
G176D:I193S,-12.625052452087402,0.314309768904
G176D:I193M,-12.404794692993164,0.197552810084
G176D:G185R,-17.01119613647461,0.615418535764
G176D:F189S,-22.040706634521484,0.214653698753
G176D:E178G,-16.99041748046875,0.762861196255999
G176D:E178D,-15.076513290405273,0.331271597228
G176D:I193N,-8.762280464172363,0.141694449289
G176D:D201A,-21.87291717529297,0.2446522394709989
G176D,-9.095918655395508,0.251223
G176D:E178A,-16.973543167114258,0.143820380442
G176D:D194G,-14.691051483154297,0.137380025505
G176D:D194E,-10.538415908813477,0.206846454296
G176D:D194I,-15.320655822753906,0.699016690618
G176D:D194Y,-14.978025436401367,0.190453683238
G176D:I193R,-12.417970657348633,1.52410364865
W177S:D194A,-16.360736846923828,0.0427156697325
W177S:A180T,-16.124462127685547,0.14546697773
W177S:D201G,-24.857715606689453,0.0800709869887
W177S:A180S,-15.942010879516602,0.2111927742139989
W177S,-12.033180236816406,0.104129987
W177S:D194N,-12.144952774047852,0.462303235923
W177R:T196I,-16.67861557006836,0.0525087662751999
W177R:W199R,-18.811227798461914,0.076428717542
W177R:T198K,-18.313173294067383,0.226735391969
W177R:T197S,-15.540359497070312,0.0812449157226
W177R:T197P,-19.714374542236328,0.474610877571
W177R:T196P,-23.954538345336914,0.219480925432
W177S:D194H,-18.184839248657227,0.425507376422
W177R:W199S,-19.67574691772461,0.136110873418
W177R:Q195P,-18.386940002441406,0.060827802406
W177R:T182S,-14.929311752319336,0.182803782179
W177R:S184F,-16.072776794433594,0.268358082957
W177R:S183R,-16.88770294189453,0.307060513681
W177R:S183G,-13.392345428466797,0.253905855977
W177R:R187L,-19.259410858154297,0.0564634735491
W177R:Q195K,-7.079931259155273,0.561785510511
W177R:Q186R,-13.93244743347168,0.409085426434
W177R:Q186P,-19.35323715209961,0.2379063002499989
W177R:P202R,-22.96198272705078,0.295870037202
W177R:N191S,-17.521528244018555,0.134051505579
W177R:N191D,-16.57373809814453,0.16655675007
W177R:M179L,-17.066726684570312,0.160041504728
W177S:E178T,-20.70629119873047,0.816222668774
W177R:M179K,-18.825355529785156,0.198836291578
W177R:T196A,-17.701126098632812,0.136990386493
W177S:G185R,-19.838973999023438,0.263541605141
W177S:S183R,-17.83785629272461,0.198012350537
W177S:H192N,-20.01821517944336,0.0536161879495
W177R:L190R,-16.573001861572266,0.480485417104
W177Y:T182P,-18.61652946472168,0.783659240191
W177Y:S183R,-13.073213577270508,3.26088417602
W177Y:R187L,-15.458775520324707,1.36908778996
W177Y:Q200L,-8.164100646972656,2.01298358608
W177Y:Q186R,-10.19389820098877,2.18492291657
W177Y:H192L,-15.915212631225586,0.379905074868
W177Y:D194E,-8.671296119689941,2.21977383242
W177Y,-7.388821125030518,0.4956754
W177V:H192Q,-19.749771118164062,0.649919667878
W177S:Y188S,-24.42105484008789,0.271782868769
W177S:Y188C,-20.752582550048828,0.19410010412
W177S:T198S,-12.760461807250977,0.1724365428929989
W177S:T197P,-20.51351547241211,0.153878489335
W177S:H192F,-22.987098693847656,2.25806168413
W177S:T196M,-18.15619659423828,1.1867913413700002
W177S:Q200P,-22.069337844848633,0.374486194521
W177S:Q200K,-18.030778884887695,0.197165194409
W177S:Q195M,-14.446680068969727,0.628495235959
W177S:Q195L,-16.51800537109375,0.041885327444
W177S:Q186R,-14.842582702636719,0.073406144285
W177S:P202S,-22.618059158325195,0.0536135275394
W177S:P202R,-23.804744720458984,0.2291124741319989
W177S:N191T,-23.30167007446289,0.150884160112
W177S:N191K,-22.27387237548828,0.311434149465
W177S:M179T,-17.47919273376465,0.300816039271
W177S:K181R,-12.32873249053955,0.298754401057
W177S:I193M,-17.21749496459961,0.221867941357
W177S:H192Y,-19.583641052246094,0.104093952228
W177S:H192Q,-20.62555694580078,0.185769445875
W177S:Q200R,-18.16933250427246,0.111745193121
W177R:K181N,-16.623294830322266,0.147966327105
W177L:Q200L,-13.234663009643555,0.201626405177
W177R:I193N,-12.841534614562988,0.4077661633709989
W177G,-11.543207168579102,0.092662767
W177G:A180T,-15.815650939941406,0.105291248743
W177G:D194A,-15.844697952270508,0.0652881350822
W177G:D194E,-12.977680206298828,0.0823475784891
W177G:D194K,-17.675186157226562,1.22230186872
W177G:D201A,-24.15216827392578,0.150269852376
W177G:D201V,-23.870033264160156,0.3729532931979989
W177G:E178V,-21.40081214904785,0.488386624575
W177G:F189I,-23.266685485839844,0.157832061161
W177G:F189Y,-14.429638862609863,0.237092172429
W177G:G185R,-19.324722290039062,0.561668264908
W177G:H192R,-18.79241180419922,0.121469193911
W177G:I193M,-16.724468231201172,0.0469966537651
W177G:I193V,-12.938955307006836,0.16390962236
W177F:S183R,-13.816283226013184,1.09932959132
W177G:K181Q,-14.711328506469727,0.487122137909
W177G:K181T,-14.732077598571777,0.21229132551
W177G:N191K,-21.720930099487305,0.155497450581
W177G:N191R,-20.364009857177734,1.67532013264
W177G:P202R,-23.38206672668457,0.1824765828579989
W177G:Q186R,-14.34213924407959,0.43066238558
W177G:Q195H,-12.7359619140625,0.0754656526501
W177G:Q195K,-7.540882110595703,0.294061881745
W177G:Q195R,-6.850134372711182,0.299712573141
W177G:Q200R,-17.673158645629883,0.33478048556
W177G:R187S,-19.730422973632812,0.120319848258
W177G:R203Y,-23.23855209350586,1.03460136452
W177G:S183G,-13.893043518066406,0.103628749837
W177G:S184Y,-15.633907318115234,0.252717567076
W177G:T182N,-17.635173797607422,0.0520037678773
W177G:K181R,-11.999192237854004,0.158798081443
W177G:T182S,-15.377340316772461,0.0784170391589
W177F:Q186H,-12.59750747680664,0.783659240191
W177F:M179I,-11.934882164001465,0.90140342558
W177A:I193M,-19.586544036865234,1.52410364865
W177A:S183T,-15.566717147827148,0.8158193101100001
W177A:T196S,-16.927509307861328,0.926208250821
W177C,-8.728252410888672,0.076296645
W177C:D194H,-14.919029235839844,0.131556637948
W177C:E178G,-16.763944625854492,0.139322245359
W177C:E178R,-19.7510986328125,0.600076536098
W177C:G185A,-18.297691345214844,0.192936490579
W177C:G185D,-16.812297821044922,0.0906167131132
W177C:I193S,-14.519058227539062,0.148088716427
W177C:K181S,-13.80191707611084,0.621327155561
W177C:L190Q,-15.06441879272461,0.216190365143
W177C:L190R,-13.891569137573242,0.0414290497307
W177C:P202R,-20.579784393310547,0.162372035058
W177F:M179L,-14.0089693069458,1.65962914053999
W177C:Q186P,-16.963058471679688,0.268923763088
W177C:Q200R,-14.891178131103516,0.0674494141228
W177C:R187P,-14.984182357788086,0.245970742126999
W177C:R203P,-22.111454010009766,0.0522722935906999
W177C:S183G,-11.034753799438477,0.21203645017
W177C:S183R,-14.530112266540527,0.246073145927
W177C:T197K,-16.872966766357422,0.589722779713
W177C:W199F,-13.789840698242188,0.335036567281
W177C:Y188D,-20.36962890625,0.10817397984
W177D:R187S,-22.22308349609375,0.308630015963
W177E:F189I,-26.11690902709961,0.686901328498
W177E:M179K,-22.268863677978516,1.54080067315
W177F,-8.125590324401855,0.487386029
W177F:D194V,-15.365240097045898,1.00815981773
W177F:E178G,-16.258085250854492,0.32795864185
W177C:Q195R,-4.003747463226318,0.260251175776
W177R:I193V,-12.582525253295898,0.198528741756
W177G:T196M,-17.69293212890625,1.58776235257999
W177G:Y188D,-23.132999420166016,0.0624019361463
W177L:T198R,-18.30807113647461,0.204256244235
W177L:W199L,-19.765544891357422,0.0601715194837
W177L:Y188F,-18.301986694335938,0.271740827797
W177M:K181T,-13.225229263305664,1.16827783498
W177M:Y188F,-16.144479751586914,1.76894817877999
W177R,-11.05860424041748,0.192193379
W177R:A180S,-15.408178329467773,0.0429289816249
W177R:D194A,-15.556164741516113,0.452650563544
W177R:D194E,-12.689146995544434,0.228249226481
W177R:D194G,-17.383434295654297,0.272917910559
W177R:D194H,-17.380268096923828,0.370089325729
W177R:D194N,-11.340380668640137,0.355057129998
W177R:D194Y,-17.680437088012695,0.3679486031400001
W177R:D201G,-23.842308044433594,0.121003640359
W177L:T198A,-18.615413665771484,0.137383576631
W177R:D201H,-18.332868576049805,0.168742051288
W177R:D201N,-16.875730514526367,0.269997922739
W177R:D201V,-23.329757690429688,0.180623883158
W177R:D201Y,-21.23325538635254,0.148303613294
W177R:E178A,-18.791152954101562,0.364185247488
W177R:E178D,-16.7805118560791,0.192225039135
W177R:E178G,-18.867197036743164,0.426876081388
W177R:E178Q,-16.155216217041016,0.304979636971
W177R:F189I,-22.7630558013916,0.1990608185
W177R:F189V,-24.77927017211914,0.345934082342
W177R:G185V,-23.388916015625,0.147192471819
W177R:H192G,-22.699371337890625,1.30674913932
W177R:H192Q,-19.59233283996582,0.0297299328323
W177R:H192R,-18.32472038269043,0.492151002706
W177R:I193L,-14.444788932800293,0.24130591038
W177R:D201K,-24.062442779541016,1.03739280934
W177G:T197N,-21.22856903076172,0.436741212392
W177L:T196S,-15.071078300476074,0.0577954487604
W177L:T196I,-18.035686492919922,0.1758899362469989
W177K:D194E,-15.672113418579102,0.75816411243
W177K:T182A,-20.18741798400879,0.8801598769600001
W177L,-12.352777481079102,0.111221239
W177L:A180V,-19.101665496826172,0.0671490123871
W177L:D194N,-12.547677993774414,0.144677483506
W177L:D201A,-24.906578063964844,0.112199352174
W177L:D201K,-25.357128143310547,1.53389248118
W177L:D201N,-18.1704158782959,0.167965812062
W177L:D201V,-24.62444305419922,0.192028728009
W177L:G185C,-22.83515739440918,0.079863547199
W177L:H192D,-22.68760871887207,0.0548241233435
W177L:I193L,-15.500872611999512,0.2566154642529989
W177L:I193M,-17.424121856689453,0.277653062852
W177L:I193N,-13.897618293762207,0.656436683543
W177L:T196P,-25.311609268188477,0.0526413154584
W177L:K181R,-12.833967208862305,0.1367976943
W177L:Q186D,-16.878671646118164,1.09932959132
W177L:Q186H,-16.82440757751465,0.121357314126999
W177L:Q186L,-16.0225772857666,0.0740111362101
W177L:Q195H,-13.567671775817871,0.133430497577
W177L:Q195R,-7.681844234466553,0.333324649565
W177L:Q195S,-15.422908782958984,1.89116239637
W177L:Q200E,-16.620389938354492,0.228124044672
W177L:Q200H,-14.565207481384277,0.077726901325
W177L:Q200P,-22.365455627441406,0.0242288681577
W177L:R187G,-22.196027755737305,0.198827418105
W177L:R187H,-19.59052085876465,0.202821065575
W177L:R187P,-18.647329330444336,0.142649545582
W177L:S183N,-13.298309326171875,0.17535018776
W177L:T182I,-21.572967529296875,0.113211842875
W177L:M179T,-17.64447021484375,0.1979466471
W177C:Q200H,-10.990935325622559,0.0783252535971
E178Q:R187C,-14.045870780944824,0.221082499138
E178G:G185S,-15.415233612060547,0.4012723801300001
E178D:W199C,-15.516891479492188,0.0524548136721999
E178D:T198S,-6.862872123718262,0.5465337885239989
E178D:T198R,-11.953031539916992,0.4118657699710001
E178D:T198K,-13.317336082458496,0.162147011340999
E178D:T198A,-12.273415565490723,0.51860843913
E178D:T197S,-10.40777587890625,0.5786511456610001
E178D:W199L,-12.985483169555664,0.0406885707103
E178D:T197P,-14.433246612548828,0.239011878684
E178D:T197A,-10.101387023925781,0.458303386498
E178D:T196Y,-14.609350204467773,2.15396963019
E178D:T196S,-8.15601634979248,0.820085483404
E178D:T196P,-18.483579635620117,0.213904998728
E178D:T196N,-12.772624969482422,0.505172576311
E178D:T196I,-10.998401641845703,0.863948550651
E178D:T197N,-15.741674423217773,0.0973209070904
E178D:Y188F,-12.060806274414062,0.376116682032999
E178G,-7.824416637420654,2.099319313
E178G:A180D,-13.650588989257812,1.10609748468
E178G:D194Y,-14.222183227539062,2.4804433245700004
E178G:D194V,-14.950691223144531,1.66029531805
E178G:D194T,-6.674686431884766,7.57679809275
E178G:D194S,-9.427794456481934,4.629015476509991
E178G:D194Q,-12.983837127685547,2.50212198315
E178G:D194N,-7.932002067565918,4.90195640566
E178G:D194H,-13.920900344848633,2.6916753519300003
E178G:D194G,-13.842219352722168,2.73796901554
E178G:D194F,-15.622906684875488,3.1491664576700003
E178G:D194E,-9.11276626586914,2.38293462319999
E178G:D194A,-11.901863098144531,4.13276846875
E178G:A180V,-15.533967018127441,0.318990362566
E178G:A180T,-12.746265411376953,0.859444980851999
E178G:A180S,-12.753400802612305,1.7357044949400002
E178G:A180G,-12.695158958435059,1.1560416885200002
E178D:T196A,-12.04524040222168,0.59199651774
E178D:T182S,-9.677818298339844,0.5341422098749989
E178D:T182N,-11.929043769836426,0.379459657675
E178D:T182I,-15.266828536987305,0.169613591645
E178D:R187S,-13.828534126281738,0.686160096371
E178D:R187P,-11.82159423828125,1.16769894016
E178D:R187L,-14.292315483093262,1.21858895563
E178D:R187H,-12.761513710021973,0.85285893956
E178D:R187C,-14.292098045349121,0.2905156926839989
E178D:R187A,-14.48880386352539,0.503847848234
E178D:Q200W,-15.483682632446289,0.266369349185
E178D:Q200R,-11.934673309326172,1.44209051967
E178D:Q200L,-6.916425704956055,0.696302173207
E178D:Q200K,-11.845010757446289,0.8532855619320001
E178D:Q200H,-8.114823341369629,1.35243182882
E178D:Q200E,-10.632430076599121,0.648825018437
E178D:Q195S,-9.001158714294434,0.658106625797
E178D:Q195R,-1.1485605239868164,2.80917148265
E178D:Q195P,-13.41012191772461,0.119445203417
E178D:R187W,-16.952238082885742,1.19960182313999
E178G:D201A,-20.258298873901367,0.6799451068160001
E178D:R187Y,-16.321443557739258,0.923869974911
E178D:R203V,-16.019451141357422,0.4755284185050001
E178D:S184Y,-10.194156646728516,1.63778430467
E178D:S184T,-4.594353675842285,1.14679403635
E178D:S184R,-8.214339256286621,2.5018471229
E178D:S184P,-13.206220626831055,0.10625934053
E178D:S184F,-11.085100173950195,0.818539397891999
E178D:S184C,-11.089825630187988,0.433457112416
E178D:S184A,-7.52230167388916,1.41163548563
E178D:S183Y,-11.45414924621582,2.33066067095
E178D:S183T,-7.1047492027282715,1.39435407857999
E178D:S183R,-11.690874099731445,1.31032450997
E178D:S183N,-6.612442970275879,1.02914328927999
E178D:S183I,-10.519489288330078,1.6187712859
E178D:S183G,-8.11058521270752,0.634625434176
E178D:S183D,-7.873030185699463,1.76783099370999
E178D:S183C,-12.973834037780762,0.0554736918293
E178D:R203L,-16.818979263305664,0.056215594938
E178G:D201E,-18.500471115112305,0.429889835641
E178G:D201G,-20.414527893066406,0.561119038062
E178G:D201H,-15.086860656738281,0.7543202008050001
E178G:K181T,-11.431733131408691,1.3306354369600002
E178G:K181R,-8.725540161132812,1.91734167985
E178G:K181Q,-11.541460037231445,2.00462601314999
E178G:K181N,-13.81875228881836,0.982284475896
E178G:K181M,-13.257331848144531,2.06894958045
E178G:K181L,-13.0704984664917,1.36754863336
E178G:K181I,-13.325447082519531,1.22564226433
E178G:K181E,-16.088106155395508,1.31422611999
E178G:I193V,-8.92243480682373,1.93896818668
E178G:I193T,-11.34682846069336,2.11831442143
E178G:I193S,-12.952749252319336,1.70453321046
E178G:I193R,-13.121720314025879,2.34384593905
E178G:I193N,-8.839627265930176,1.88447928355
E178G:I193M,-12.82498836517334,2.16934417618
E178G:I193L,-10.912065505981445,1.64632065777
E178G:K181V,-12.710147857666016,0.330858836825
E178G:I193F,-13.216773986816406,1.64357699613
E178G:K181Y,-7.540506839752197,1.39375395571
E178G:L190P,-16.717205047607422,0.202175390418
E178G:P202A,-20.03508949279785,0.296299404951
E178G:N191Y,-18.578704833984375,0.2959819137559989
E178G:N191S,-14.881340026855469,0.838577224199
E178G:N191K,-18.20624351501465,0.614902815246
E178G:N191H,-14.80850601196289,0.55226024405
E178G:N191D,-13.87480640411377,0.316464974623
E178G:M179V,-11.070745468139648,1.8274700649
E178G:M179T,-12.124282836914062,2.34738016434
E178G:M179R,-16.361454010009766,1.23652528186
E178G:M179L,-13.073272705078125,1.12018562576
E178G:M179K,-14.459514617919922,1.65992815149
E178G:M179I,-10.846583366394043,1.28586509089
E178G:M179E,-12.821924209594727,0.52642202832
E178G:L190V,-9.133129119873047,0.322908669093
E178G:L190R,-13.465559959411621,1.32157443724
E178G:L190M,-9.842825889587402,1.03406382968
E178D:Q195L,-10.635021209716797,0.33050567426
E178G:I193A,-12.984588623046875,1.27895728228
E178G:H192R,-15.279178619384766,0.507130445951
E178A:D201N,-13.615949630737305,0.57440329228
E178A:D201V,-19.922807693481445,0.373089705229
E178A:D201Y,-17.85567855834961,0.700173773041
E178A:F189L,-17.506473541259766,0.266951277206
E178A:F189Y,-10.770055770874023,2.32033027322
E178A:G185C,-18.062297821044922,0.4225135975680001
E178A:G185S,-15.326654434204102,0.16821000719
E178A:H192K,-15.458456039428711,0.526422028322
E178G:G185D,-15.760826110839844,0.0629983267213
E178G:G185C,-18.150876998901367,0.402429301155
E178G:G185A,-17.148771286010742,0.696937939894
E178G:F189Y,-10.751181602478027,2.83000365246
E178G:F189V,-21.641021728515625,0.247365628012
E178G:D201V,-19.97325325012207,0.831171218847
E178G:D201N,-13.666396141052246,0.661039325701
E178A:D201K,-20.771099090576172,1.4227687938100002
E178G:H192Y,-16.589263916015625,0.179777266839
E178A:D201I,-20.174175262451172,1.81624188366
E178A:D201A,-20.207853317260742,0.8476920514440001
E178G:H192Q,-17.067779541015625,0.252586995084
E178A,-7.756760597229004,1.317981452
E178A:A180D,-13.749165534973145,0.67261839536
E178A:A180G,-12.79373550415039,0.855663513314
E178A:A180S,-12.85197639465332,1.59473412085
E178A:A180T,-12.844841003417969,0.314964433296
E178A:D194A,-11.819743156433105,2.16974765925
E178A:D194E,-9.030647277832031,1.67624335154
E178A:D194G,-13.760099411010742,1.02484366753
E178A:D194H,-13.83877944946289,1.50670070045
E178A:D194K,-13.670090675354004,1.38585973675
E178A:D194N,-7.849882125854492,2.25960129734
E178A:D194R,-16.169361114501953,3.64514715987
E178A:D194V,-14.868570327758789,0.990519666103
E178A:D194Y,-14.140064239501953,1.4249215906
E178A:D201H,-15.036415100097656,0.338191503204
E178D:Q195K,-2.1205177307128906,2.55226355041999
E178D:Q195H,-7.290186405181885,0.772919876125
E178D:Q195E,-9.662369728088379,0.221314553157
E178A:R203L,-18.664447784423828,0.168795697394
E178A:R187S,-16.194454193115234,0.97485721821
E178A:R187P,-14.187515258789062,1.3401759723
E178A:R187L,-16.65823745727539,0.8831341341590001
E178A:R187H,-15.127434730529785,0.628705393488
E178A:R187G,-17.730072021484375,0.426305827461
E178A:R187C,-16.65802001953125,0.259724984171
E178A:Q200R,-13.879974365234375,1.1440749039
E178A:Q200L,-8.861726760864258,0.863422759621
E178A:Q200K,-13.790311813354492,0.904879457832
E178A:Q200H,-10.060124397277832,1.65903401449
E178A:Q200E,-12.577731132507324,0.5279247255080001
E178A:Q195R,-3.2361621856689453,3.32047659755
E178A:Q195P,-15.497724533081055,0.245782023376
E178G:G185R,-15.460775375366211,0.824957271632999
E178A:S183C,-14.735840797424316,0.1680110476529989
E178A:Q195K,-4.2081193923950195,3.58137845667
E178A:S183G,-9.872591972351074,1.86087090293
E178A:S183N,-8.374449729919434,1.57594640773
E178A:T196S,-10.037483215332031,1.25490911365
E178A:T196N,-14.654090881347656,0.817267527155
E178A:T196I,-12.879867553710938,0.80763546956
E178A:T196F,-16.32950782775879,2.75589714169
E178A:T196A,-13.92670726776123,0.480911520361
E178A:T182S,-11.337793350219727,0.744747681484999
E178A:T182M,-15.796075820922852,1.43336260767
E178A:S184Y,-12.150999069213867,1.54221494653
E178A:S184T,-6.55119514465332,1.26752846492999
E178A:S184P,-15.163063049316406,0.193540683442
E178A:S184F,-13.041940689086914,1.33501061512
E178A:S184C,-13.046667098999023,0.769730977276999
E178A:S184A,-9.479143142700195,1.4626600658500002
E178A:S183T,-8.866756439208984,1.66564478507
E178A:S183R,-13.452880859375,2.21289966401
E178A:S183I,-12.281496047973633,1.25135321884
E178A:T197A,-11.887821197509766,0.485452073298
E178A:Q195H,-9.377787590026855,1.1598595451
E178A:Q186R,-10.268606185913086,2.2538854811
E178A:K181T,-11.495687484741211,1.06734242952
E178A:K181R,-8.789494514465332,1.18603598625
E178A:K181Q,-11.605414390563965,0.825523899241
E178A:K181N,-13.882705688476562,0.747057603976999
E178A:K181I,-13.389400482177734,0.817632842332
E178A:K181H,-9.190879821777344,2.8642466887599904
E178A:K181E,-16.152061462402344,1.04860705044
E178A:I193V,-8.73036003112793,1.24471852206
E178A:I193T,-11.154754638671875,1.6054898820200003
E178A:I193N,-8.647552490234375,1.84983686033
E178A:I193M,-12.632913589477539,1.1100563785600002
E178A:I193L,-10.719990730285645,1.4344711545
E178A:H192R,-14.159646987915039,0.272181824132
E178A:H192N,-15.43118667602539,0.276388916253999
E178G:H192L,-17.369142532348633,0.288855842237
E178A:K181Y,-7.604460716247559,0.441711132894
E178A:Q195E,-11.749971389770508,0.423810302662
E178A:L190M,-9.824875831604004,0.52661271558
E178A:L190R,-13.447609901428223,0.659416382328
E178A:Q186L,-11.44623851776123,0.7139099991590001
E178A:Q186H,-12.268168449401855,1.56673672204
E178A:Q186E,-7.74483060836792,0.83462380165
E178A:Q186D,-12.221607208251953,0.473399123333
E178A:P202A,-20.003082275390625,0.242794104928
E178A:N191S,-14.748164176940918,0.7758973590620001
E178A:N191K,-18.07306671142578,0.298792656662
E178A:N191H,-14.675329208374023,0.283832806359
E178A:N191D,-13.741630554199219,0.2830513792269989
E178A:M179V,-11.223250389099121,0.8150826457420001
E178A:M179T,-12.276787757873535,1.41274033894
E178A:M179L,-13.225778579711914,0.48943026579
E178A:M179K,-14.612020492553711,1.25006441746
E178A:M179I,-10.999088287353516,0.8569235517329991
E178A:L190V,-9.115179061889648,1.06267623757
E178A:L190Q,-14.405296325683594,0.2760070046699989
E178G:P202L,-19.2528133392334,0.467662590802
E178A:T197S,-12.194210052490234,1.10466036093999
E178A:T198R,-13.819777488708496,0.456289359992
E178D:L190R,-11.079122543334961,1.75917329497999
E178D:L190Q,-12.036808013916016,0.370218255125
E178D:L190M,-7.456387519836426,0.577412926734
E178D:L190K,-10.767885208129883,1.63874909974
E178D:K181T,-9.688587188720703,0.900816384437
E178D:K181R,-6.982394218444824,1.15029101098
E178D:K181Q,-9.798314094543457,0.740070953513
E178D:K181N,-12.075605392456055,0.541431492985
E178D:K181I,-11.582300186157227,0.831329065420999
E178D:K181E,-14.34496021270752,0.928745072905
E178D:I193V,-7.144186973571777,0.917273875144
E178D:I193T,-9.568580627441406,1.12261660358
E178D:I193S,-11.174501419067383,0.786114398634
E178D:I193N,-7.061379432678223,1.73377778388
E178D:I193M,-11.046740531921387,1.42769588988999
E178D:L190V,-6.7466912269592285,0.746726028595999
E178D:I193L,-9.133817672729492,1.31806278847
E178D:M179E,-10.962968826293945,1.44853888062
E178D:M179K,-12.60055923461914,0.905829802279
E178D:Q186Y,-12.809858322143555,2.17843460434
E178D:Q186R,-8.44865608215332,1.8766798349
E178D:Q186P,-14.031730651855469,0.173753324065
E178D:Q186L,-9.626288414001465,0.58146625127
E178D:Q186K,-7.8998799324035645,0.30903675349
E178D:Q186H,-10.44821834564209,1.08754695328
E178D:Q186E,-5.924880504608154,0.729513650035
E178D:P202R,-17.74943733215332,0.461660630812999
E178D:N191S,-12.92336654663086,0.471638779493
E178D:N191R,-15.096346855163574,0.541982894384
E178D:N191K,-16.24827003479004,0.380140205323
E178D:M179V,-9.21178913116455,1.1351500596
E178D:M179T,-10.265326499938965,0.795056206999
E178D:M179R,-14.502496719360352,0.612825943516
E178D:M179L,-11.214317321777344,0.6344175520049989
E178D:M179I,-8.987627029418945,0.972435130036
E178A:T198A,-14.140161514282227,0.731824070116
E178D:I193K,-10.098302841186523,2.15448188749
E178D:H192R,-12.226484298706055,0.300861524943
E178D:A180V,-13.086587905883789,0.0607076566783
E178D:A180T,-10.298885345458984,0.6893055574510001
E178D:A180S,-10.306020736694336,0.5516459128710001
E178D:A180N,-13.982500076293945,1.3014720057
E178D:A180G,-10.247779846191406,0.588748657927
E178D:A180D,-11.203208923339844,0.4018796590330001
E178D,-5.921020984649658,1.233934247
E178A:Y188N,-18.994232177734375,0.134637481779999
E178A:Y188F,-13.99563980102539,0.351769304721
E178A:Y188D,-19.33036231994629,0.0163087486826
E178A:W199Y,-12.950803756713867,0.61617810323
E178A:W199S,-15.96599006652832,0.0312928433587
E178A:W199L,-14.823192596435547,0.131635326622
E178A:W199C,-17.35460090637207,0.0891032988306
E178A:T198S,-8.729618072509766,0.799789015569
E178D:D194A,-9.733026504516602,1.82887690472
E178D:I193F,-11.438526153564453,1.0477396705
E178D:D194C,-12.420614242553711,1.30420438989
E178D:D194G,-11.673382759094238,0.909389886139
E178D:H192N,-13.49802303314209,0.202262478482
E178D:G185S,-13.589487075805664,0.276773756586
E178D:G185R,-13.635028839111328,0.343756457987
E178D:G185A,-15.32302474975586,0.150601585003
E178D:F189Y,-8.963043212890625,1.41943526866
E178D:F189S,-18.832611083984375,0.301646644763
E178D:D201Y,-15.877670288085938,0.234659597912
E178D:D201H,-13.058406829833984,0.419216801761
E178D:D201G,-18.38607406616211,0.52014047492
E178D:D201A,-18.229846954345703,0.401889165712
E178D:D194Y,-12.053346633911133,0.967259195232
E178D:D194V,-12.781854629516602,0.8236545426080001
E178D:D194R,-14.082643508911133,3.9803311463499904
E178D:D194N,-5.763165473937988,2.52907356177
E178D:D194H,-11.752063751220703,1.60285025993999
E178D:D194E,-6.943930149078369,1.60157531013999
E178G:P202R,-19.60236167907715,0.169313568592
E178G:D201Y,-17.906124114990234,1.0246708697600002
E178G:P202T,-19.76516342163086,0.384619816656
E178Q:P202R,-16.66122817993164,0.3089927675609989
E178Q:P202H,-17.30304527282715,0.58647948332
E178Q:P202A,-17.093955993652344,0.144624092578
E178Q:N191K,-15.101603507995605,0.161986155205
E178Q:N191H,-11.703866004943848,0.281612253569
E178Q:M179L,-10.718833923339844,0.580407796396
E178Q:M179K,-12.10507583618164,0.679146761907
E178Q:M179I,-8.492143630981445,0.611909463667
E178Q:L190V,-6.170794486999512,0.627135942157
E178Q:L190Q,-11.460911750793457,0.276821208211
E178Q:L190M,-6.880491256713867,0.553063465213
E178Q:K181T,-8.469093322753906,0.860772403117
E178Q:K181R,-5.762901306152344,1.04652437862
E178Q:K181Q,-8.578821182250977,0.348275843386
E178Q:K181N,-10.85611343383789,0.66708443589
E178Q:P202S,-15.386326789855957,0.266341162493
E178Q:K181I,-10.362808227539062,0.719104177884999
E178Q:P202T,-16.82402992248535,0.118884714108
E178Q:Q186H,-9.441591262817383,1.13291378412
E178Q:R187P,-11.575366973876953,0.916423914858
E178G:P202S,-18.32745933532715,0.2449604896469989
E178Q:R187H,-12.515286445617676,0.460199192725
E178Q:R187G,-15.117923736572266,0.2285826630429989
E178Q:Q200R,-10.984114646911621,1.4311132801
E178Q:Q200L,-5.965867519378662,0.741309749713999
E178Q:Q200K,-10.894453048706055,0.7392578796870001
E178Q:Q200H,-7.1642656326293945,1.64610400053
E178Q:Q200G,-12.626972198486328,1.30511031673
E178Q:Q200E,-9.68187141418457,0.577923480789
E178Q:Q195R,-0.3100399971008301,2.731057579
E178Q:Q195K,-1.2819972038269043,2.24477378612
E178Q:Q195H,-6.451665878295898,0.771660433351
E178Q:Q186R,-7.442028045654297,1.13036139857
E178Q:Q186L,-8.619660377502441,0.3576099177319989
E178Q:Q186E,-4.918252944946289,1.17918315766
E178Q:R187S,-13.582306861877441,0.493496518093
E178Q:K181H,-6.164286136627197,2.3653056017700003
E178Q:I193V,-5.852794647216797,0.926812967723
E178Q:D194V,-12.12960433959961,1.14084224837
E178Q:D194R,-13.43039321899414,2.58689156569
E178Q:D194N,-5.110915660858154,1.32641193667
E178Q:D194H,-11.099813461303711,0.905883867698
E178Q:D194E,-6.291680335998535,0.926598475186
E178Q:D194A,-9.08077621459961,1.27296250127999
E178Q:A180S,-10.911216735839844,0.7304106187780001
E178Q:A180P,-15.47372817993164,0.26992787649
E178Q:A180G,-10.852975845336914,0.3515689381319989
E178Q,-4.88328218460083,1.052193487
E178N:R187S,-19.482025146484375,0.2753893758819989
E178N:R187P,-17.47508430480957,0.462363916941
E178N:Q200H,-13.580713272094727,0.52642202832
E178N:Q195R,-6.824515342712402,0.662094605236
E178N:K181R,-12.00922679901123,0.886370981424
E178Q:D201G,-17.606306076049805,0.178694023556
E178Q:K181E,-13.125467300415039,0.823519685752999
E178Q:D201H,-12.27863883972168,0.340524415045
E178Q:D201V,-17.16503143310547,0.499571852677
E178Q:I193T,-8.277189254760742,0.790303710202
E178Q:I193S,-9.883108139038086,1.0032136740200002
E178Q:I193N,-5.769987106323242,1.17221601551
E178Q:I193M,-9.755348205566406,0.804056742404
E178Q:I193L,-7.8424248695373535,1.13548733039
E178Q:I193F,-10.147133827209473,0.716641366901
E178Q:H192Y,-11.77747917175293,0.0853293517714
E178Q:H192R,-10.46739387512207,0.154991452068
E178Q:H192Q,-12.25599479675293,0.463366935832
E178Q:G185T,-16.992477416992188,1.17045546639
E178Q:G185S,-12.505281448364258,0.10150264239
E178Q:G185D,-12.850873947143555,0.6047265480640001
E178Q:F189Y,-7.769769191741943,0.986454952081
E178Q:F189L,-14.506187438964844,0.100383935828
E178Q:D201Y,-15.097902297973633,0.4529832814600001
E178Q:D201N,-10.858174324035645,0.42272147257
E178N:K181Q,-14.825146675109863,1.7571555208900005
E178Q:R187V,-11.652727127075195,1.3912435645200003
E178Q:S183C,-11.885599136352539,0.135720995408999
E178V:M179T,-14.577508926391602,0.5627212538180001
E178V:M179K,-16.91274070739746,0.140642347125
E178V:M179I,-13.299809455871582,0.0703176189161
E178V:L190I,-5.751492500305176,1.14376372302
E178V:K181Q,-13.613832473754883,0.2394684169619989
E178V:I193M,-14.400362014770508,0.179299081171
E178V:I193C,-16.604515075683594,1.63651926764
E178V:G185R,-17.19965171813965,0.111213865321
E178V:D201L,-23.17049789428711,0.998218696754
E178V:D194Y,-16.04218292236328,0.3047685911939989
E178V:D194H,-15.740898132324219,0.364001148042
E178V:D194G,-15.66221809387207,0.263743931276
E178V:D194E,-10.93276596069336,0.3746337238800001
E178V:D194A,-13.721861839294434,0.392763237087
E178V:A180V,-16.710573196411133,0.127962229741
E178V:P202R,-21.436695098876953,0.0527227246151
E178V:A180T,-13.922870635986328,0.0975231978011
E178V:Q186R,-12.055429458618164,0.18123294734
E178V:Q195R,-4.968457221984863,0.554429959421
E178Y:Q195R,-8.516666412353516,0.52642202832
E178V:T198A,-16.007261276245117,0.106832397097
E178V:T197S,-13.970643997192383,0.363999628383
E178V:T196N,-16.409008026123047,0.0927092707209
E178V:T196F,-18.084423065185547,0.198284741581
E178V:T182A,-15.395916938781738,0.318145401425
E178V:S184Y,-13.94841194152832,0.188842258001
E178V:S184A,-11.276556968688965,0.299808223192
E178V:S183R,-15.295494079589844,0.535131780685
E178V:S183N,-10.217063903808594,0.282972277582
E178V:S183I,-14.124109268188477,0.107591113820999
E178V:R187Y,-20.644203186035156,1.54083309351
E178V:R187P,-16.14435386657715,0.271439683633
E178V:R187G,-19.68691062927246,0.118011871437
E178V:Q200H,-11.930843353271484,0.106927981059
E178V:Q195K,-5.9404144287109375,0.328002830969
E178Q:R203S,-17.471599578857422,0.0949585762483
E178V,-9.61071491241455,0.187600785
E178T:Q200R,-14.352447509765625,3.15215243808
E178Q:T196N,-11.850314140319824,0.307035468576
E178Q:T196I,-10.076090812683105,0.3971446459139989
E178Q:T196A,-11.122930526733398,0.608970400859
E178Q:T182S,-8.4146728515625,0.528677868262
E178Q:T182N,-10.665898323059082,0.442999986369
E178Q:T182I,-14.003683090209961,0.223104865478
E178Q:T182A,-10.582637786865234,0.729452362322
E178Q:S184Y,-9.401147842407227,1.11802322486
E178Q:S184T,-3.801344156265259,1.25303327803
E178Q:S184F,-10.292089462280273,0.968235071451
E178Q:S184A,-6.729291915893555,1.54114253843999
E178Q:S183R,-10.602639198303223,1.61724188257
E178Q:S183N,-5.524208068847656,0.7538240491760001
E178Q:S183I,-9.431253433227539,0.821311292337999
E178Q:S183G,-7.022350311279297,1.60287249209
E178Q:T196S,-7.233706474304199,0.655960439129
E178T:R187H,-15.613191604614258,9.07104558363
E178Q:T197S,-9.324056625366211,0.694363660695
E178Q:T198K,-12.39297866821289,0.332553974952
E178T:Q186L,-11.851948738098145,1.50429320672
E178T:F189S,-21.133255004882812,1.25923684184
E178T:D201N,-14.092636108398438,1.4569816894
E178T,-8.229083061218262,0.8994679109999999
E178S:T198R,-12.950243949890137,0.39889719008
E178S:Q195R,-2.6298398971557617,2.92472242605
E178S:Q186H,-11.516363143920898,1.10012736418
E178S:M179I,-9.954835891723633,3.1557932654000003
E178S:I193T,-10.427528381347656,6.43518590485
E178S:D201Y,-17.22875213623047,1.21507156242
E178S,-7.034256935119629,1.063714333
E178R:S183R,-16.399017333984375,0.673440528313
E178R:Q186P,-18.756242752075195,0.6890161565940001
E178R:K181Q,-14.37116527557373,1.79209994765
E178R:A180T,-15.593475341796875,0.679177618365
E178Q:T198A,-11.349058151245117,0.5473589228769989
E178N:I193S,-16.45083999633789,0.783659240191
E178Q:R187L,-14.046088218688965,0.722261052806
E178N:D201E,-22.039142608642578,0.103278167463
E178G:T197N,-17.624353408813477,0.1282700816
E178G:T197A,-11.984066009521484,0.582291949833
E178G:T196V,-13.262153625488281,0.768658325264
E178G:T196S,-10.129586219787598,1.57763688229
E178G:T196P,-20.457149505615234,0.579420601176
E178G:T196N,-14.746194839477539,0.970812299138
E178G:T196I,-12.97197151184082,2.01872995731999
E178G:T196A,-14.018810272216797,1.4969267551700003
E178G:T182S,-11.325212478637695,1.02786072842
E178G:T182P,-18.471031188964844,0.298187024845
E178G:T182N,-13.576437950134277,0.881467057053
E178G:T182I,-16.914222717285156,0.870781262157
E178G:T182A,-13.49317741394043,1.60242913238
E178G:S184Y,-12.184738159179688,2.9700015330299903
E178G:S184T,-6.584934234619141,2.42724524784
E178G:T197P,-16.31592559814453,0.39886075431
E178G:S184P,-15.196802139282227,0.0505088125753
E178G:T197S,-12.290454864501953,0.819798691565999
E178G:T198K,-15.271385192871094,0.431969996262
E178I:F189L,-21.76274871826172,0.533295879251
E178H:T196N,-17.732330322265625,0.737242075433
E178H:Q200H,-13.15566635131836,0.223587831427
E178H:Q186R,-13.375840187072754,0.783659240194
E178H:H192D,-20.445810317993164,1.20154299048
E178H:F189L,-20.650192260742188,0.415510022946
E178H,-10.880582809448242,0.2541981339999999
E178G:Y188F,-14.124282836914062,0.551229935634
E178G:Y188C,-16.605838775634766,0.129083334385
E178G:W199L,-14.808939933776855,0.0977025387913
E178G:W199C,-17.340349197387695,0.176791610563
E178G:T198S,-8.81692123413086,1.46349162794
E178G:T198R,-13.90708065032959,0.8436086483580001
E178G:T198P,-16.507160186767578,0.449311794261
E178G:T198M,-15.47392463684082,0.47475504031
E178G:T198A,-14.22746467590332,0.970843232207
E178I:I193T,-15.288040161132812,0.771162089057
E178G:S184N,-8.642790794372559,1.95843109012999
E178G:S184C,-13.080406188964844,0.8507351772380001
E178G:Q200K,-13.862363815307617,1.11292507607
E178G:Q200H,-10.132176399230957,2.3250110778799904
E178G:Q200E,-12.64978313446045,1.35505473822
E178G:Q200D,-13.665218353271484,1.05917779495
E178G:Q195R,-3.39583683013916,4.46060113156
E178G:Q195L,-12.88229751586914,0.655564343075
E178G:Q195K,-4.367794036865234,3.87884894376
E178G:Q195H,-9.53746223449707,1.5094375691
E178G:Q195E,-11.909646034240723,0.676897631807
E178G:Q186S,-14.631166458129883,2.8017809165900003
E178G:Q186R,-10.427375793457031,3.26853081146
E178G:Q186P,-16.010452270507812,0.267377976433
E178G:Q186L,-11.605009078979492,1.3410475171
E178N:F189C,-22.990116119384766,0.52642202832
E178G:Q186E,-7.903601169586182,0.98090545187
E178G:Q200L,-8.933778762817383,1.24321513273999
E178G:S184F,-13.075679779052734,1.96296168499
E178G:Q200N,-10.204424858093262,0.851913982608
E178G:R187G,-17.688018798828125,0.435727916715
E178G:S184A,-9.512882232666016,1.6104786534600002
E178G:S183T,-9.0140962600708,1.99346454926
E178G:S183R,-13.600221633911133,3.3014267534900004
E178G:S183N,-8.521790504455566,2.5481700078
E178G:S183I,-12.42883586883545,2.50867072382
E178G:S183G,-10.019932746887207,2.19873757032
E178G:S183C,-14.883180618286133,0.401436709942
E178G:R203L,-18.73635482788086,0.287973248079
E178G:R203H,-18.518146514892578,0.193264196639
E178G:R203G,-20.034893035888672,0.308429862858
E178G:R187Y,-18.645313262939453,1.21288634138
E178G:R187S,-16.152402877807617,1.63343370874
E178G:R187P,-14.145463943481445,2.0569196195200004
E178G:R187L,-16.61618423461914,2.17591272149
E178G:R187H,-15.085382461547852,1.5622913774
E178G:Q200R,-13.9520263671875,2.22076678803
E178I:M179R,-20.95232391357422,1.12556358802
E178G:Q186H,-12.426939010620117,2.2613325735900003
E178K,-8.789217948913574,0.371603412
E178K:S183N,-9.448234558105469,0.229967436137
E178K:S183I,-13.355279922485352,0.698371056769
E178K:S183G,-10.94637680053711,0.5049924992679989
E178K:R187H,-16.051660537719727,0.334556481891
E178K:Q200R,-14.934535026550293,0.632793068836
E178K:Q200K,-14.844873428344727,0.2513854251069989
E178K:Q200H,-11.114686012268066,0.540169255348
E178K:Q195R,-4.031929016113281,0.978369708601
E178K:Q195K,-5.0038862228393555,0.8461759158750001
E178K:Q195H,-10.173554420471191,0.150687681596
E178K:Q186R,-11.271240234375,0.77522332577
E178K:P202R,-20.542787551879883,0.0305570080514
E178K:N191Y,-19.509586334228516,0.158982084801
E178K:N191S,-15.81222152709961,0.541348539247
E178K:M179T,-13.882740020751953,0.479939989115
E178K:S183R,-14.526664733886719,1.09230476491
E178K:M179R,-18.119911193847656,0.3966975051910001
E178K:S184A,-10.499665260314941,0.570356814899
E178K:S184F,-14.062463760375977,0.378882063315
E178I:S184T,-10.720205307006836,2.0710776070200003
E178N:D194N,-11.262371063232422,2.1597450675400003
E178N,-11.340550422668457,0.615290013
E178L:T182S,-15.467456817626953,0.52642202832
E178L:D201E,-22.423965454101562,0.688044056953
E178K:Y188E,-22.01294708251953,0.863964211576
E178K:T198A,-15.162378311157227,0.18050336623
E178K:T197S,-13.199380874633789,0.0949268266145
E178K:T196Y,-17.46562957763672,0.480973758451
E178K:T196P,-21.339859008789062,0.207709031139
E178K:T196N,-15.62890338897705,0.0657621318176
E178K:T196A,-14.901519775390625,0.214345287728
E178K:T182I,-17.96560287475586,0.120768824965
E178K:T182A,-14.544556617736816,0.0802798103135
E178K:S184Y,-13.171520233154297,0.511808661595
E178K:S184C,-14.06718921661377,0.193606462415
E178K:M179K,-16.217971801757812,0.220770909098
E178N:A180D,-17.0966796875,0.491501950817999
E178K:L190V,-10.18017292022705,0.231449590027
E178K:D201S,-19.651554107666016,0.817278768196
E178K:D201N,-14.70147705078125,0.401519001373
E178K:D201H,-16.1219425201416,0.206405322208
E178K:D201A,-21.293380737304688,0.0907157113142
E178K:D194Y,-15.10804557800293,0.266781044211
E178K:M179I,-12.605040550231934,0.218827124452
E178K:D194T,-7.560548782348633,1.21507156241
E178K:D194Q,-13.869699478149414,0.480973758451
E178K:D194N,-8.817864418029785,0.398819387792999
E178K:D194H,-14.8067626953125,0.224220281197
E178K:D194G,-14.728081703186035,0.359696242207
E178K:D194E,-9.998628616333008,0.421857105473
E178K:D194A,-12.787725448608398,0.856999855024
E178K:A180S,-13.03564453125,0.329085942106
E178K:A180G,-12.97740364074707,0.406517548438
E178K:D201V,-21.00833511352539,0.312809422001
E178K:D201Y,-18.941204071044922,0.0623130326702
E178K:D194V,-15.836553573608398,0.109163841899
E178K:F189L,-18.62473487854004,0.188817391589
E178K:F189I,-20.913700103759766,0.202575740999
E178K:L190P,-17.764249801635742,0.171902678942
E178K:K181T,-12.382347106933594,0.0568462626315
E178K:K181S,-14.384355545043945,0.2717290301
E178K:K181R,-9.676155090332031,0.273100837574
E178K:K181I,-14.27606201171875,0.159113116418
E178K:I193T,-12.245675086975098,0.340801999138
E178K:L190R,-14.512603759765625,0.25201430053
E178K:I193N,-9.738472938537598,0.469025791863
E178K:I193M,-13.723834991455078,0.26823325551
E178K:I193H,-14.32571792602539,0.878698248127
E178K:I193F,-14.115619659423828,0.583042313851
E178K:G185C,-19.145797729492188,0.132412825248
E178K:F189Y,-11.888317108154297,0.811799826522
E178K:F189S,-21.757884979248047,0.244298839969
E178K:I193S,-13.851594924926758,0.244306598843
M179T:S183I,-9.155911445617676,0.634468576643999
M179T:S183G,-7.703165054321289,0.64857821577
M179T:S183C,-11.662278175354004,0.229613528032
M179T:R203L,-16.1072998046875,0.302097696034
M179T:R187S,-10.20134162902832,0.338095493907
M179T:R187P,-8.841517448425293,0.457016026039999
M179T:Q200K,-11.144577026367188,0.471319657174
M179T:R187H,-10.73463249206543,0.545802182295
M179T:Q200R,-11.264108657836914,1.13507202573
M179T:Q200H,-7.467441082000732,0.946894866776
M179T:Q200E,-9.715118408203125,1.03345490115
M179T:Q195R,-0.8037362098693848,2.03176721787
M179T:Q195K,-1.4878804683685303,2.24759194830999
M179T:R187L,-10.070524215698242,0.3978248993129989
M179T:S183K,-10.270822525024414,0.743126168508
M179T:T197S,-9.592466354370117,0.427146716404
M179T:S183R,-10.783930778503418,0.951504239139
M179T:T197A,-9.558673858642578,0.253707311407
M179T:T196Y,-13.983332633972168,1.70754246227
M179T:T196S,-7.423816680908203,0.419665800889
M179T:T196N,-12.052745819091797,0.511007555575
M179T:T196I,-10.349308013916016,0.445481793722
M179T:T196C,-10.776588439941406,2.3890772651299903
M179T:T196A,-11.493583679199219,0.2747087074179989
M179T:T182S,-8.844393730163574,0.461214296889999
M179T:T182N,-11.086917877197266,0.446564869341999
M179T:T182I,-13.916402816772461,0.316972316546
M179T:T182A,-10.861515045166016,0.375043964088
M179T:S184Y,-9.451116561889648,0.685234389562
M179T:S184T,-4.002786636352539,1.33718790531
M179T:S184F,-10.23524284362793,0.365703807209
M179T:S183T,-6.297245025634766,0.801434728063
M179T:S183N,-6.165377140045166,0.67647270082
M179T:Q195H,-6.646969795227051,0.215434910541
M179T:I193M,-10.267662048339844,0.8292603759430001
M179T:Q186R,-8.07234001159668,0.996967470803
M179T:D201Y,-15.209027290344238,0.630481694541
M179T:D201H,-12.000249862670898,0.195333933069
M179T:D201G,-17.807052612304688,0.3912714908749989
M179T:D201A,-17.46697235107422,0.553136878232
M179T:A180G,-7.5522308349609375,0.2023662658989989
M179T:D194Y,-11.47619342803955,0.16906766289
M179T:D194V,-12.530672073364258,0.780398821533
M179T:D194S,-6.96640157699585,3.39865086815
M179T:D194N,-5.022809028625488,1.24923553474
M179T:D194H,-11.15325927734375,1.42674460622
M179T:D194G,-11.214454650878906,1.36866307704
M179T:D194E,-6.973211765289307,1.02146662372999
M179T:D194A,-9.40371322631836,1.87293733702999
M179T:A180T,-9.984140396118164,0.606402013115
M179T:T198P,-13.41341495513916,0.3981000252750001
M179T:F189L,-14.04208755493164,0.0464023852509
M179T:Q186W,-15.16158676147461,2.62413270969
M179T:F189Y,-6.515133857727051,0.293641417681999
M179T:I193L,-8.338580131530762,0.817176215426
M179T:Q186L,-8.91549301147461,0.420105285549
M179T:Q186H,-9.84058952331543,0.515348100691
M179T:Q186E,-5.496047019958496,0.436441685343
M179T:N191K,-15.29185676574707,0.363355322328
M179T:N191H,-11.667280197143555,0.124621306746999
M179T:L190V,-6.489157676696777,0.71704046861
M179T:L190R,-10.921408653259277,0.289712526302
M179T:L190Q,-12.090432167053223,0.140306385662
M179T:L190M,-7.439338684082031,0.755174872579
M179T:K181T,-7.1089768409729,0.481840411381
M179T:K181R,-4.971793174743652,0.887933943083
M179T:K181Q,-6.770925521850586,0.316870016241
M179T:K181I,-8.39594554901123,0.349617823125
M179T:I193S,-10.525001525878906,0.5079853070570001
M179T:I193N,-6.535925388336182,1.20067243614999
M179T:I193F,-10.700010299682617,0.4744330196760001
M179T:Y188F,-11.073619842529297,0.195063899792
M179V:Q186H,-8.63266658782959,0.920820293824
M179V:A180G,-5.811519622802734,0.327692384666
M179V:S183R,-9.614654541015625,1.15258926615
M179V:S183N,-4.996101379394531,0.644526807714
M179V:S183K,-9.101547241210938,1.47403451105
M179V:S183I,-7.986635208129883,0.297573352874
M179V:S183G,-6.533888816833496,0.904516678865
M179V:R187S,-9.694151878356934,0.515939014544
M179V:S183T,-5.127968788146973,0.407100197246
M179V:R187P,-8.334327697753906,1.05298007582
M179V:R187H,-10.227442741394043,0.440443790114
M179V:R187G,-12.063421249389648,0.33506852067
M179V:Q200R,-10.164170265197754,1.41585530310999
M179V:Q200L,-4.9460272789001465,0.1931385634629989
M179V:Q200H,-6.367502212524414,0.842346517695
M179V:Q200E,-8.615180015563965,0.249903688280999
M179V:R187L,-9.563334465026855,0.372965882042
M179V:S184A,-5.926651954650879,0.4975268396
M179V:S184F,-9.181081771850586,0.676232821576
M179V:S184T,-2.9486255645751953,0.530710225354
M179T:A180D,-10.541894912719727,0.140955654525
M179W:T198K,-16.435253143310547,0.739535805774
M179W:Q200R,-15.999448776245117,1.6888654308700002
M179W:D201E,-20.46857452392578,1.03923086971
M179W,-9.865388870239258,0.5689954070000001
M179V:Y188S,-16.349531173706055,0.151058014888
M179V:Y188C,-12.677894592285156,0.138178619716
M179V:T198R,-9.560537338256836,0.310466297187
M179V:T197S,-8.354497909545898,0.457064456318
M179V:T196S,-6.212606430053711,0.6929123182770001
M179V:T196N,-10.841535568237305,0.554127705041999
M179V:T196A,-10.282373428344727,0.265505974439
M179V:T182N,-10.051097869873047,0.2062993850099989
M179V:T182A,-9.825695037841797,0.242087891382
M179V:S184Y,-8.396955490112305,1.07641088644
M179V:Q195R,0.38825464248657227,4.33782868599
M179V:Q195K,-0.29588961601257324,2.35056431871
M179V:Q195H,-5.454978942871094,0.287580782037
M179V:Q186R,-6.864416599273682,1.09955422304
M179V:H192S,-14.797061920166016,0.878698248127
M179V:F189Y,-5.161771297454834,0.556831140524
M179V:D201Y,-13.92487907409668,0.114546179251
M179V:D201V,-15.86834716796875,0.465076341939
M179V:D201N,-9.412396430969238,0.244781949748
M179V:D201H,-10.716100692749023,0.288177570823
M179V:D201G,-16.522905349731445,0.329075310234
M179V:D194Y,-10.31745719909668,0.532776696596
M179V:D194S,-5.80766487121582,1.70836132069
M179V:D194N,-3.864072322845459,1.32626014661
M179V:D194H,-9.994522094726562,1.32931125442999
M179V:D194G,-10.055717468261719,0.827456067628
M179V:D194E,-5.814475059509277,1.1134349593
M179V:D194A,-8.244976997375488,1.45913943151
M179V:A180S,-7.453690528869629,0.526802266168999
M179V:I193L,-7.15975284576416,0.361960936168
M179V,-4.050642490386963,0.891775799
M179V:I193M,-9.088833808898926,0.74515092968
M179V:I193S,-9.346173286437988,0.461157391958
M179V:Q186L,-7.707569122314453,0.548893132794
M179V:Q186E,-4.288123607635498,0.889014603478
M179V:N191K,-14.056975364685059,0.0650546609261
M179V:L190V,-5.384613990783691,0.774602033339999
M179V:L190R,-9.816864967346191,0.3185173856
M179V:L190Q,-10.985888481140137,0.379908991496
M179V:L190M,-6.334794998168945,0.513115177575
M179V:K181T,-6.460053443908691,0.567757031349
M179V:K181R,-4.322869300842285,0.726311536962
M179V:K181Q,-6.122001647949219,0.685152235614999
M179V:K181N,-8.419347763061523,0.577308720269999
M179V:K181I,-7.747021675109863,0.269055967559
M179V:K181E,-10.228713035583496,0.475459509662
M179V:I193V,-5.230690002441406,0.844221919903
M179V:I193T,-7.858684062957764,0.5377859472
M179V:I193N,-5.357097625732422,1.50363883335
M179T,-5.248769760131836,0.8511735840000001
M179R:T198P,-17.551376342773438,0.10604783368
M179S:Q186L,-10.115894317626953,0.574127121081
M179K:D194A,-11.62874984741211,0.651654632466
M179K:D194E,-9.198247909545898,0.767336308998
M179K:D194G,-13.439489364624023,0.739889641449999
M179K:D194H,-13.378293991088867,1.80587819656
M179K:D194N,-7.247844696044922,1.90323850937
M179K:D194Y,-13.701229095458984,0.974196846146
M179K:D201A,-20.097105026245117,0.208631727259
M179K:D201G,-20.43718719482422,0.452357372193
M179K:D201N,-13.326679229736328,0.264599265024
M179K:D201V,-19.782630920410156,0.374042970296
M179K:D201Y,-17.839160919189453,0.300951815967
M179K:F189Y,-8.533831596374512,1.4612354126
M179K:G185R,-15.37990951538086,0.2281601828840001
M179K:H192Q,-16.264049530029297,0.316045227687
M179K:H192R,-14.898056030273438,0.18317094764
M179K:I193F,-13.064006805419922,0.663428762578
M179K:I193M,-12.631657600402832,1.03761986801
M179K:I193N,-8.899921417236328,2.49605681789
M179K:I193S,-12.888997077941895,0.922831564657
M179K:A180T,-12.116765975952148,0.544182361555
M179K:A180S,-11.327028274536133,0.470446426839999
M179K:A180G,-9.684856414794922,0.668964766014
M179K,-7.581311225891113,1.102560146
M179I:S184A,-5.705758094787598,0.523297829442
M179I:S184C,-8.998332977294922,0.221475737873
M179I:S184F,-8.960187911987305,0.569313960303
M179I:S184T,-2.727731704711914,0.425393127363
M179I:S184Y,-8.176061630249023,0.852594292912
M179I:T182N,-9.751710891723633,0.133468563358
M179I:T182P,-14.564668655395508,0.159108503839
M179I:T182S,-7.509186744689941,0.394797155015
M179I:T196A,-10.092020034790039,0.280846422254
M179K:I193T,-11.401508331298828,1.16855197228
M179I:T196F,-12.439311027526855,1.9279813532099896
M179I:T196N,-10.651182174682617,0.291550157329
M179I:T196P,-16.404003143310547,0.1853963338039989
M179I:T196S,-6.022253513336182,0.44997709628
M179I:T197S,-8.128913879394531,0.232400989582
M179I:T198A,-9.693045616149902,0.202416262285
M179I:T198P,-11.922019958496094,0.105359671048
M179I:T198R,-9.310734748840332,0.194365896597
M179I:T198S,-4.367325782775879,0.308817447967
M179I:Y188L,-13.030904769897461,1.6454695627
M179I:T196I,-8.947744369506836,0.367650827417
M179K:K181E,-11.960803985595703,0.4531686762960001
M179K:K181N,-10.151437759399414,0.214508724979
M179K:K181R,-6.054960250854492,0.687861628233
M179K:R203L,-18.674518585205078,0.118772173947999
M179K:S183C,-14.049798965454102,0.328420921118
M179K:S183G,-10.09068489074707,1.00719501888
M179K:S183I,-11.543431282043457,0.620507137732
M179K:S183N,-8.552897453308105,0.705234364449999
M179K:S183R,-13.171451568603516,1.69787081927
M179K:S183T,-8.684764862060547,0.495371608702
M179K:S184A,-9.364471435546875,1.75128725085
M179K:S184F,-12.618901252746582,0.766783554068
M179K:R203H,-18.538423538208008,0.16134433683
M179K:S184T,-6.386445045471191,0.650059860822
M179K:T182I,-16.26700210571289,0.121650995691
M179K:T182N,-13.437517166137695,0.713353328382
M179K:T182S,-11.194992065429688,0.57751009284
M179K:T196A,-13.845748901367188,0.504634515182
M179K:T196I,-12.701473236083984,1.15021620314
M179K:T196P,-20.157732009887695,0.273596307417
M179K:T196S,-9.775981903076172,0.572883373174
M179K:T197S,-11.872099876403809,0.496611488311
M179K:T198A,-13.56656265258789,0.263534923586
M179K:S184Y,-11.834774017333984,0.821093023281
M179I:S183T,-4.926969528198242,0.6622783481260001
M179K:R187S,-8.55831241607666,0.851344710449
M179K:R187L,-8.427495002746582,1.16737961288999
M179K:K181T,-8.192144393920898,0.495362651329
M179K:L190F,-13.12628173828125,1.81008004045999
M179K:L190R,-13.201882362365723,0.7061160626
M179K:L190V,-8.769631385803223,0.959916851662
M179K:N191D,-13.033666610717773,0.238698011495
M179K:P202S,-17.80099868774414,0.266617366609
M179K:Q186H,-12.05477523803711,0.966255530237
M179K:Q186L,-11.129678726196289,0.597083129175
M179K:Q186R,-10.28652572631836,1.59352788218999
M179K:R187P,-7.198488235473633,1.2288828123
M179K:Q195H,-8.951730728149414,0.803228532767
M179K:Q195L,-12.204660415649414,0.357633142776
M179K:Q195P,-15.189424514770508,0.343447353212
M179K:Q195R,-3.10849666595459,2.86116243603
M179K:Q200E,-12.062400817871094,0.641029916056
M179K:Q200H,-9.814722061157227,1.46562384292
M179K:Q200L,-8.393247604370117,0.588919145395
M179K:Q200R,-13.611391067504883,1.05355755622
M179K:R187C,-10.45384407043457,0.0845699365873999
M179K:R187G,-10.927581787109375,0.79185756781
M179K:Q195K,-3.7926409244537354,1.29559805166
M179I:S183R,-9.413656234741211,0.98163608611
M179I:S183K,-8.90054702758789,1.26787702425
M179I:S183I,-7.785635948181152,0.3778987492939989
M179I:D194G,-9.853632926940918,0.799149282058
M179I:D194H,-9.792437553405762,0.6471389808820001
M179I:D194I,-10.439130783081055,0.593817354482
M179I:D194N,-3.661987781524658,1.12920643042
M179I:D194Q,-9.021526336669922,0.926087412446
M179I:D194R,-12.37026596069336,2.68404351527
M179I:D194V,-11.169851303100586,0.467137724437
M179I:D201E,-14.323535919189453,0.0966627941082
M179I:D201G,-16.274396896362305,0.217178617687
M179I:D194E,-5.612390518188477,0.806353308079
M179I:D201H,-10.4675931930542,0.245886158137
M179I:D201V,-15.619840621948242,0.351157017981
M179I:D201Y,-13.676371574401855,0.266341613149
M179I:F189Y,-4.998948097229004,0.423917491203999
M179I:G185A,-13.31208324432373,0.1987671588239989
M179I:G185D,-11.674856185913086,0.0856570267235
M179I:G185N,-9.804835319519043,0.818537408559
M179I:G185R,-11.674911499023438,0.329818107311
M179I:G185S,-11.50891399383545,0.150320927753
M179I:I193F,-9.291640281677246,0.432900140391
M179I:D201N,-9.163888931274414,0.0999996040046
M179I:I193L,-6.930210113525391,0.715499746748
M179I:D194A,-8.042892456054688,1.49716045613999
M179I:A180S,-7.096889495849609,0.761761239019999
M179A,-6.363100528717041,0.904025472
M179A:A180T,-10.485406875610352,1.48847391722
M179A:D194E,-8.036937713623047,1.03349230564
M179A:Q200H,-8.567604064941406,1.66239208095
M179A:S184Y,-10.586288452148438,1.47225652195
M179A:T198S,-6.988126277923584,0.52642202832
M179E,-5.749253749847412,2.207094488
M179E:I193F,-11.416351318359375,1.2931428606
M179E:Q186R,-8.661176681518555,2.8539844836199904
M179I:A180T,-7.886627197265625,0.310954748025
M179F,-7.2220306396484375,0.358852909
M179G,-9.782511711120605,0.981945121
M179G:P202L,-21.0810546875,1.29163349551
M179G:Q200L,-10.530499458312988,1.83442677676
M179G:T197S,-13.957509994506836,1.40954344223
M179G:Y188S,-21.998538970947266,0.413774952061
M179I,-3.811460494995117,0.664678427
M179I:A180D,-8.444382667541504,0.253475107604999
M179I:A180G,-5.454718589782715,0.469077756264
M179I:A180P,-11.86111831665039,0.0233310413596
M179F:R187H,-14.377569198608398,0.685916671199
M179K:T198P,-15.795536994934082,0.3216904923
M179I:I193M,-8.859291076660156,0.702445218692
M179I:I193S,-9.116630554199219,0.45045065323
M179I:Q195K,-0.05025315284729004,1.25781573455
M179I:Q195R,0.6338911056518555,1.76223107405
M179I:Q195S,-6.922195911407471,1.83354649504
M179I:Q200D,-9.450597763061523,0.630911973808
M179I:Q200E,-8.36705207824707,0.2229353076269989
M179I:Q200H,-6.1193742752075195,1.23698941109
M179I:Q200K,-9.796509742736816,0.332020959738
M179I:Q200L,-4.697899341583252,0.459948509246
M179I:Q200R,-9.91604232788086,0.747377574965
M179I:Q195H,-5.2093424797058105,0.302154587148
M179I:R187C,-11.445380210876465,0.397294891463
M179I:R187L,-9.419031143188477,0.2881680331089989
M179I:R187S,-9.549848556518555,0.660112548614
M179I:R187V,-6.914461135864258,0.897706663875
M179I:R187W,-12.213956832885742,1.01038188236
M179I:R187Y,-11.223830223083496,1.7998599467400005
M179I:R203C,-13.844481468200684,0.0724436135155
M179I:S183F,-8.206258773803711,0.848512699934999
M179I:S183G,-6.332889556884766,0.512454430998
M179I:S183H,-7.47810173034668,0.573451011489
M179I:R187H,-10.083139419555664,0.701536700899
M179I:I193N,-5.1275553703308105,1.01420421948
M179I:Q186W,-13.6594877243042,1.73653611584
M179I:Q186L,-7.413393020629883,0.3729988286389989
M179I:I193T,-7.629141807556152,0.3760721173080001
M179I:I193V,-5.001147747039795,0.604924885719
M179I:K181E,-10.187152862548828,0.600167281648
M179I:K181H,-4.265683650970459,0.202180156394
M179I:K181I,-7.705461502075195,0.178957935788
M179I:K181N,-8.377786636352539,0.371955932956
M179I:K181Q,-6.080440998077393,0.54581504952
M179I:K181R,-4.281308650970459,0.387357008258
M179I:K181S,-8.086277961730957,0.8524134494560001
M179I:Q186R,-6.570240020751953,0.837950491362999
M179I:K181T,-6.418492317199707,0.875477884957
M179I:L190M,-6.122435569763184,0.716108230953
M179I:L190R,-9.60450553894043,0.473227143247999
M179I:L190T,-9.594757080078125,0.450016241674
M179I:L190V,-5.17225456237793,0.635882126195
M179I:N191S,-10.167449951171875,0.422327792907
M179I:P202M,-19.954946517944336,2.24347990378
M179I:P202R,-15.471571922302246,0.227313349182
M179I:Q186E,-3.9939470291137695,0.370389385109
M179I:Q186H,-8.33849048614502,0.704541355862
M179I:L190I,-0.3813450336456299,1.04576553382
M179S:S183R,-11.975495338439941,1.25456606646
M179K:T198S,-8.240842819213867,0.6634911254
M179K:Y188S,-20.052095413208008,0.1977768285049989
M179R:H192D,-19.864883422851562,0.0297754504557
M179R:H192R,-16.570144653320312,0.206449426884
M179R:I193L,-12.41042709350586,0.753124593614
M179R:I193M,-14.339508056640625,0.837321248119999
M179R:I193N,-10.607771873474121,1.5935486448500005
M179R:I193S,-14.596847534179688,1.06546899282
M179R:I193T,-13.109357833862305,0.496489032002
M179R:K181A,-12.952461242675781,0.181823912133
M179R:K181E,-13.831779479980469,0.988714906366
M179R:K181I,-11.350088119506836,0.623281801805
M179R:K181N,-12.02241325378418,0.469555602279
M179R:K181T,-10.063119888305664,0.564228572067
M179R:L190M,-11.378108024597168,1.11576506346
M179R:L190R,-14.860177993774414,0.738156475697
M179R:L190V,-10.427926063537598,0.980817093016
M179R:N191S,-15.68004035949707,0.0923813903534
M179R:P202A,-21.294828414916992,0.2788423993409989
M179R:P202R,-20.9530029296875,0.40512395584
M179R:Q186E,-9.460528373718262,0.521018083215
M179R:G185S,-16.95658302307129,0.257745684563
M179R:G185D,-17.12252426147461,0.112828441795
M179R:F189L,-17.774185180664062,0.211497428795
M179R:F189I,-19.79558753967285,0.276425344329
M179R,-9.303318977355957,0.838388039
M179R:A180P,-17.83380699157715,0.710418750920999
M179R:A180S,-13.069578170776367,0.843993529737
M179R:A180T,-13.859315872192383,0.181633456418
M179R:A180V,-16.070720672607422,0.3004916991599989
M179R:D194A,-13.383993148803711,1.03823978328999
M179R:D194E,-10.9534912109375,1.08239665466
M179R:D194G,-15.194732666015625,0.622812453348
M179R:D194H,-15.133537292480469,0.585442338596
M179R:Q186H,-13.805071830749512,0.892355240036
M179R:D194N,-9.003087997436523,1.38439019465
M179R:D194V,-16.51095199584961,0.314848945132
M179R:D194Y,-15.456472396850586,0.807319482134999
M179R:D201A,-21.75847625732422,0.7399445543430001
M179R:D201E,-20.14769744873047,0.1733742536259989
M179R:D201G,-22.098560333251953,0.172804783215
M179R:D201H,-16.29175567626953,0.486263192083
M179R:D201N,-14.98805046081543,0.174524164512999
M179R:D201V,-21.444002151489258,0.683480518684
M179R:D201Y,-19.500534057617188,0.407915302017
M179R:D194S,-10.946680068969727,5.793291134369991
M179R:Q186L,-12.879974365234375,0.462131497563
M179R:Q186P,-17.615692138671875,0.313002917448
M179R:Q186R,-12.036821365356445,0.498559823649
M179R:S184Y,-13.561309814453125,0.885482531079
M179R:T182A,-14.937750816345215,0.40243508247
M179R:T182S,-12.920628547668457,0.230809470034
M179R:T196A,-15.579185485839844,0.420102443432
M179R:T196I,-14.43490982055664,0.324033653346
M179R:T196M,-15.098211288452148,0.229203162849
M179R:T196S,-11.509418487548828,0.354259384683
M179R:T197P,-17.967445373535156,0.2299471212819989
M179R:T197S,-13.616069793701172,0.345548621859
M179R:S184T,-8.112979888916016,1.20223617494
M179R:T198A,-15.322402954101562,0.219222908499
M179R:T198S,-9.996683120727539,0.846861780789
M179R:W199C,-19.110301971435547,0.161712908526
M179R:W199R,-16.89997100830078,0.1913053807009989
M179R:Y188N,-20.771345138549805,0.0716636011692
M179S,-6.477195739746094,1.243032612
M179S:D194A,-10.534524917602539,0.924445840714
M179S:G185V,-18.787822723388672,0.321768891484
M179S:I193M,-11.543551445007324,1.16450840603
M179S:Q186H,-11.040990829467773,2.13094463691
M179R:T198R,-14.940092086791992,0.485976082077
M179Q:T182S,-9.212035179138184,0.586276940468999
M179R:S184F,-14.345436096191406,0.592044067187
M179R:S184A,-11.0910062789917,0.996072807446
M179R:Q195H,-10.667818069458008,1.00620171969
M179R:Q195K,-5.508728981018066,2.42725084934
M179R:Q195L,-13.920747756958008,0.179280734085
M179R:Q195R,-4.824584484100342,1.95836764878
M179R:Q200E,-13.775537490844727,0.100468048937
M179R:Q200H,-11.527860641479492,1.71135427064
M179R:Q200K,-15.204996109008789,0.603057400757
M179R:Q200L,-10.106385231018066,0.472603149626
M179R:Q200R,-15.324527740478516,1.0312868654
M179R:S184C,-14.38358211517334,0.375461034645
M179R:R187G,-13.068921089172363,0.424395636298
M179R:R187P,-9.339828491210938,0.847443287832
M179R:R187S,-10.699651718139648,0.739041347619
M179R:R203H,-20.20594596862793,0.631512601882
M179R:R203Q,-20.30615997314453,0.403233642872
M179R:R203Y,-21.026260375976562,1.1835968013
M179R:S183I,-13.250772476196289,0.705817558269999
M179R:S183N,-10.260238647460938,0.713181920508
M179R:S183R,-14.878791809082031,1.07335610994
M179R:S183T,-10.392106056213379,0.652745555398999
M179R:R187H,-11.232942581176758,1.14814689861
M179Q:Q200R,-11.409245491027832,2.7543533203400004
M179Q:Q195K,-1.625248670578003,3.73567430361
M179Q:F189L,-14.507680892944336,0.229790494043
M179L:I193L,-8.9426908493042,0.734911511089
M179L:I193M,-10.871772766113281,0.771557850611999
M179L:I193N,-7.140036106109619,0.914471687288
M179L:I193S,-11.129112243652344,0.438482323046
M179L:I193T,-9.641622543334961,0.766353627066999
M179L:I193V,-7.0136284828186035,0.422527979489
M179L:K181E,-12.084146499633789,0.461614578632
M179L:K181I,-9.602455139160156,0.387746250456
M179L:K181Q,-7.977435111999512,0.681500185016999
M179L:I193H,-11.530632019042969,0.658106625797
M179L:K181R,-6.178302764892578,0.443219160121
M179L:K181V,-8.604780197143555,1.25121777515
M179L:L190M,-7.6837158203125,0.875175702094
M179L:L190R,-11.16578483581543,0.245903941493
M179L:L190V,-6.733534336090088,0.519686488947
M179L:N191S,-12.293310165405273,0.4405793180100001
M179L:P202R,-17.64406967163086,0.289955120608999
M179L:P202S,-16.321063995361328,0.0260337338499
M179L:Q186E,-6.1217145919799805,0.831928964617999
M179L:Q186H,-10.466257095336914,0.773233236368
M179L:K181T,-8.315486907958984,0.422144754482
M179L:Q186L,-9.541160583496094,0.4491838200469989
M179L:I193F,-11.304121017456055,0.369460043082
M179L:F189Y,-7.419058799743652,0.839329217621
M179L,-5.907050609588623,0.722382863
M179L:A180G,-7.634504318237305,0.747610578358
M179L:A180S,-9.276676177978516,0.453386263779999
M179L:A180V,-12.27781867980957,0.184546459821
M179L:D194A,-10.031414031982422,1.08222565443
M179L:D194E,-7.600911617279053,1.14238310866
M179L:D194G,-11.842153549194336,0.489665468827
M179L:D194H,-11.78095817565918,1.31366059517
M179L:D194N,-5.650508880615234,1.09358293332
M179L:G185R,-13.823638916015625,0.253914971568
M179L:D194V,-13.158371925354004,0.564358006881
M179L:D201E,-16.514629364013672,0.168262695672
M179L:D201G,-18.465492248535156,0.109536552093
M179L:D201H,-12.658687591552734,0.0459981397894
M179L:D201I,-17.983325958251953,2.02152319122
M179L:D201K,-18.452621459960938,0.0955430232068
M179L:D201N,-11.354984283447266,0.150094887925
M179L:D201S,-16.268108367919922,0.869860697901999
M179L:D201V,-17.810935974121094,0.4343255290389989
M179L:D201Y,-15.86746597290039,0.342455867232
M179L:D194Y,-12.103893280029297,0.365950829944999
M179K:Y188F,-13.632101058959961,0.137175149605
M179L:Q186R,-8.698007583618164,0.988325311403
M179L:Q195K,-2.128995180130005,1.6474341331600002
M179L:S183T,-6.979835510253906,0.363623943648
M179L:S184A,-7.786701202392578,0.6536011208120001
M179L:S184C,-11.079277038574219,0.266696090919999
M179L:S184F,-11.041131973266602,0.6121855614580001
M179L:S184T,-4.808675289154053,0.921464871359
M179L:S184Y,-10.257004737854004,0.954772958208999
M179L:T182A,-11.917262077331543,0.2214556568149989
M179L:T182N,-12.142664909362793,0.32322254984
M179L:T182S,-9.900139808654785,0.195028407529
M179L:S183R,-11.466522216796875,1.13425806088
M179L:T196I,-11.095857620239258,0.499863901415
M179L:T196S,-8.170367240905762,0.485810671624
M179L:T197S,-10.044258117675781,0.268958766641
M179L:T198A,-11.935308456420898,0.2753991918039989
M179L:T198R,-11.552997589111328,0.225313716823
M179L:T198S,-6.609588146209717,0.506779994391999
M179N:F189L,-20.50246810913086,0.7642204411040001
M179N:R187P,-14.610496520996094,0.835460369295
M179P:S184T,-7.9978108406066895,2.17860276260999
M179Q,-5.494958877563477,1.372680411
M179L:T196M,-11.759159088134766,1.41633820088999
M179L:Q195H,-7.288084506988525,0.314475865749
M179L:S183N,-6.847968101501465,0.709413051783
M179L:S183I,-9.838501930236816,0.740601485394
M179L:Q195L,-10.541013717651367,0.140888505251
M179L:Q195R,-1.4448509216308594,1.81193879672999
M179L:Q195S,-9.000938415527344,1.96520303390999
M179L:Q200E,-10.380313873291016,0.183390385165
M179L:Q200H,-8.132637023925781,0.796508940295
M179L:Q200K,-11.809772491455078,0.4436593940659989
M179L:Q200L,-6.7111616134643555,0.396932580484
M179L:Q200N,-8.253403663635254,2.78105635533
M179L:Q200R,-11.929304122924805,0.836574838087
M179L:S183K,-10.953413009643555,1.5258166094
M179L:Q200S,-9.910075187683105,2.05606765706
M179L:R187G,-14.060471534729004,0.160737622642
M179L:R187H,-12.224493026733398,0.602704045271
M179L:R187L,-11.560384750366211,0.691177059019
M179L:R187P,-10.331378936767578,1.3725077839200002
M179L:R187S,-11.691202163696289,0.185964702216
M179L:R187V,-9.055814743041992,0.7894547680230001
M179L:R187W,-14.355310440063477,0.400496178639
M179L:R203H,-16.773576736450195,0.0426927337099
M179L:S183G,-8.38575553894043,0.81104779905
M179L:Q200T,-7.664405822753906,2.70133894667
M179L:D194C,-12.704282760620117,0.808712251444
A180T:K181N,-8.711404800415039,0.329701636477
A180Y:T196P,-22.338275909423828,1.3014720057
A180R:T182A,-4.732949733734131,3.501216560990001
A180R:S184F,-5.489146709442139,1.16450840603
A180R:S183R,-6.145942211151123,3.5394149490699904
A180R:S183G,-2.361262321472168,2.3674082681599904
A180R:R187G,-10.231050491333008,1.02774716457999
A180R:Q200L,-1.8269928693771362,1.762110974
A180R:K181N,-4.055006980895996,1.37709916012
A180R:I193M,-5.408928394317627,3.1151185467199904
A180R:D194N,-0.6120648384094238,3.32416377465999
A180R,-0.3622492849826813,2.040908081
A180P:Y188Q,-21.411514282226562,1.11126542036
A180P:W199L,-15.988637924194336,0.0492277206922
A180P:T198R,-14.686604499816895,0.443748526429
A180P:T197N,-18.53252601623535,0.0887514656582
A180P:T197A,-12.930556297302246,0.10317453571
A180P:S184V,-12.733123779296875,2.62241832692
A180P:S183T,-9.927328109741211,0.3638034564230001
A180R:T182I,-7.951927661895752,2.85180735595
A180R:T197S,-4.949375629425049,4.18523724956
A180R:T198A,-6.696599006652832,0.925064487073
A180R:T198S,-1.4568241834640503,2.80933871595999
A180S:G185R,-12.179763793945312,0.210706388327
A180S:G185C,-14.654004096984863,0.319125438511
A180S:F189Y,-6.93884801864624,0.7990319064560001
A180S:F189L,-13.79726791381836,0.0433087562473
A180S:F189C,-15.694944381713867,0.0175827982267
A180S:D201Y,-14.36871337890625,0.394282103437
A180S:D201V,-16.499868392944336,0.357617105468
A180S:D201N,-10.229625701904297,0.136111652379
A180P:S183R,-14.54601764678955,0.173003173214
A180S:D201H,-11.631996154785156,0.362713793905
A180S:D194Y,-10.754486083984375,1.10827157996
A180S:D194V,-11.67527961730957,0.806329561941999
A180S:D194N,-4.411310195922852,1.51273706581
A180S:D194H,-10.343660354614258,0.350687491952
A180S:D194G,-10.266244888305664,1.05669547117
A180S:D194E,-5.628898620605469,1.12334580421
A180S:D194A,-8.523459434509277,1.37368928144
A180S,-4.256852626800537,0.833029462
A180S:D201A,-16.871864318847656,0.619475450303
A180S:I193F,-9.630327224731445,0.646144774793
A180P:R187P,-14.273427963256836,0.2286849218809989
A180P:R187H,-15.78916072845459,0.204499342241
A180G:Y188N,-15.161486625671387,0.0948410534093
A180G:T198S,-4.237183094024658,0.3670964694219989
A180G:T198R,-9.257832527160645,0.1643595741719989
A180G:T197S,-7.767495155334473,0.229424629255
A180G:T196S,-5.558963298797607,0.17802112951
A180G:T196I,-8.236469268798828,0.232724625146999
A180G:T196A,-9.323403358459473,0.262736332096
A180G:T182Y,-12.814046859741211,1.57086862217
A180G:T182N,-8.88763427734375,0.376599634055
A180G:T182A,-8.604009628295898,0.118182458817
A180G:S184Y,-7.359396457672119,0.876627111225
A180G:S184T,-2.332833766937256,0.179595144109
A180G:S184P,-10.750469207763672,0.352649034309
A180G:S184F,-8.14240550994873,0.276746024213
A180G:S184C,-8.538464546203613,0.16031838064
A180G:S184A,-5.059261322021484,0.4714293958609989
A180G:S183T,-4.745513916015625,0.228213165414
A180H:H192P,-18.31381607055664,0.244620609259
A180H:Q200E,-11.511463165283203,1.99396016922
A180I,-9.385930061340332,0.113718614
A180L:P202Q,-21.575389862060547,1.06631507522
A180P:Q186R,-11.77414321899414,0.171209086713
A180P:Q186H,-12.807098388671875,0.157487412934
A180P:P202R,-20.500972747802734,0.0381623405661
A180P:N191R,-17.620256423950195,0.401140938512
A180P:N191K,-18.761737823486328,0.0478642062378
A180P:L190V,-8.560629844665527,0.405013097507
A180P:K181E,-15.307249069213867,0.0790476138906
A180P:G185S,-16.34487533569336,0.112755654484
A180P:R187L,-16.98601531982422,0.384381464985
A180P:G185D,-16.589448928833008,0.196307270302
A180P:D201N,-14.630821228027344,0.0225740092828
A180P:D194N,-8.727422714233398,0.404570367897
A180P,-8.699585914611816,0.058152164
A180N:T196A,-13.51840591430664,0.480973758451
A180N:Q200H,-10.024650573730469,1.3724895195700002
A180N:Q186E,-7.796490669250488,0.981306038497
A180T:L190M,-7.2943034172058105,0.220520294801
A180L:T196S,-11.183034896850586,0.714969528491999
A180P:D201V,-20.901063919067383,0.379621311586
A180S:I193L,-7.20314884185791,0.3407331930969989
A180S:I193M,-9.093782424926758,0.2131343852059989
A180S:I193N,-5.494292259216309,1.63114853995999
A180S:T198S,-5.109021186828613,0.4579849634269989
A180S:T198R,-10.129671096801758,0.553752711504
A180S:T198M,-11.405340194702148,0.183292579022
A180S:T196S,-6.406674385070801,0.40839644756
A180S:T196P,-16.76127052307129,0.396790406383
A180S:T196N,-10.805246353149414,0.3800488022209989
A180S:T196L,-11.053337097167969,0.5174173820260001
A180S:T196I,-9.08418083190918,0.423744374504999
A180S:T196A,-10.171113967895508,0.143691625737
A180S:T182S,-7.470013618469238,0.424785799512
A180S:T182N,-9.5049467086792,0.293514375396
A180S:T182I,-12.440299987792969,0.135856282326
A180S:S184Y,-8.2067289352417,1.36377217842
A180S:S184F,-8.989737510681152,0.668551798138
A180S:S184C,-9.385796546936035,0.222042526667
A180S:S184A,-5.906593322753906,0.397118211448
A180S:S183T,-5.549381732940674,0.673828821927
A180S:Y188H,-13.737556457519531,0.366401978046
A180S:Y188S,-16.718679428100586,0.1943384112799989
A180T,-4.49995756149292,0.4494907420000001
A180T:D194A,-8.712211608886719,1.03653045318
A180T:I193T,-8.055939674377441,0.0994020449966
A180T:I193N,-5.684120178222656,1.04429465084
A180T:I193L,-7.392976760864258,0.4563782760600001
A180T:I193K,-8.55288028717041,1.07151634761
A180T:H192D,-14.70222282409668,0.0632805596368
A180T:G185S,-12.010883331298828,0.0815180967129999
A180T:G185D,-12.255457878112793,0.2207008099859989
A180T:F189L,-14.08537483215332,0.298142016142
A180S:S183R,-10.168071746826172,1.1499798768
A180T:D201Y,-14.596920013427734,0.189371215578
A180T:D201I,-16.955381393432617,2.3444119300599904
A180T:D201A,-17.10007095336914,0.449106481656
A180T:D194Y,-10.943238258361816,0.403094160361
A180T:D194R,-13.078998565673828,3.9856465568
A180T:D194N,-4.600062847137451,0.748298660275
A180T:D194H,-10.532413482666016,0.717981174453
A180T:D194G,-10.454998016357422,0.769136940545
A180T:D194E,-5.817651748657227,0.738190852876999
A180T:D201V,-16.72807502746582,0.402061998823
A180S:S183N,-5.599309921264648,0.589051304107
A180S:S183I,-8.283571243286133,0.6036806328050001
A180S:S183G,-6.383391380310059,1.06801729965
A180S:Q186H,-8.497478485107422,1.06615218347
A180S:Q186E,-4.443613529205322,0.713510429219
A180S:P202R,-16.138107299804688,0.216606282598
A180S:P202L,-15.75669002532959,0.0702831581192
A180S:N191S,-10.374078750610352,0.308309167958
A180S:N191K,-14.512372970581055,0.198467433493
A180S:N191H,-10.674139022827148,0.0630518567629
A180S:L190R,-11.468442916870117,0.510863888014
A180S:Q186L,-7.47530460357666,0.67828115897
A180S:L190M,-7.088500499725342,0.448310102315
A180S:K181T,-5.2873616218566895,0.521335716492
A180S:K181R,-4.544743061065674,0.990442371720999
A180S:K181Q,-6.26606559753418,0.5752396011450001
A180S:K181N,-8.220590591430664,0.329265677207
A180S:K181E,-10.835817337036133,0.682932628893
A180S:I193V,-5.474894046783447,0.662196435518
A180S:I193T,-7.866111755371094,0.942568862008
A180S:I193S,-9.22795295715332,0.407294739458
A180S:L190I,-0.6464214324951172,0.493031140841
A180G:S183R,-9.364203453063965,1.1213015981
A180S:Q186P,-12.865180969238281,0.298782035279
A180S:Q195H,-5.425924777984619,0.469151860449
A180S:R203S,-16.81132698059082,0.0586649191382
A180S:R203H,-14.992867469787598,0.155916649151
A180S:R203F,-17.56644058227539,1.28116561694999
A180S:R203C,-14.322202682495117,0.286858869433
A180S:R187S,-11.27816104888916,0.7532880127230001
A180S:R187P,-9.068788528442383,0.917351816225
A180S:R187L,-11.781373977661133,0.667453911828999
A180S:R187H,-10.58452033996582,0.538075085981
A180S:Q186R,-7.464522838592529,1.61788500126
A180S:R187C,-12.141294479370117,0.503662789116
A180S:Q200R,-10.671188354492188,0.581661969153
A180S:Q200P,-14.545747756958008,0.253548617549
A180S:Q200L,-5.577240467071533,0.343557688676
A180S:Q200H,-6.6921000480651855,1.17164242068999
A180S:Q200E,-8.865253448486328,0.22596773354
A180S:Q195R,0.33807373046875,1.76836937775
A180S:Q195L,-8.797372817993164,0.199675413127
A180S:Q195K,-0.6928412914276123,1.58570614938
A180S:Q200Y,-9.08889389038086,1.45950780197999
A180T:K181Q,-6.756880283355713,0.261435711968
A180G:S183N,-4.795441627502441,0.54617844499
A180G:S183G,-5.57952356338501,0.294490672217
A180T:Q195H,-5.689364910125732,0.263619497787
A180T:Q195K,-0.9562814235687256,1.14921412486
A180T:Q195M,-7.257668495178223,0.265830138862
A180T:Q195R,0.07463359832763672,1.02550545545
A180T:Q200E,-9.115621566772461,0.259529430379
A180T:Q200H,-6.942468166351318,0.694660154603
A180T:Q200K,-10.716789245605469,0.407873801123
A180T:R187H,-10.761638641357422,0.174147764162
A180T:R187L,-11.958492279052734,0.421568157573
A180T:R187P,-9.245906829833984,0.4586736474989989
A180T:R203P,-17.65704917907715,0.0941826429009
A180T:R203S,-17.121227264404297,0.049844370507
A180T:S183G,-6.603934288024902,0.631396805087
A180T:S183R,-10.388614654541016,0.739680135986
A180T:S183T,-5.769924640655518,0.280293719094
A180T:S184A,-6.0447797775268555,0.321756883795
A180T:S184C,-9.523983001708984,0.486258590649
A180T:Q195E,-8.37474536895752,0.2092078180029989
A180T:Q186R,-7.771928310394287,0.508611996996
A180T:Q186L,-7.782710075378418,0.243637976988
A180T:Q186H,-8.80488395690918,0.344377376412
A180D:I193M,-10.377035140991211,0.3831726228190001
A180D:I193F,-10.913579940795898,0.0973178324171
A180D:G185R,-13.294925689697266,0.0960471200781
A180D:D201S,-16.243688583374023,0.2181335456789989
A180D:D201H,-12.600273132324219,0.169969375584
A180D:D201E,-15.890802383422852,0.22389417031
A180D:D201A,-17.84014129638672,0.350422709415
A180D:D194T,-4.390932559967041,0.4809737584660001
A180T:S184F,-9.127923965454102,0.126658116017
A180D:D194N,-5.322287559509277,0.49694902391
A180D:D194A,-9.434436798095703,0.809741547028
A180D,-5.3415069580078125,0.331963069
A180C:W199R,-15.370468139648438,0.552416692658
A180C:D194N,-7.683586597442627,1.39375395571
A180T:L190Q,-12.134384155273438,0.1520083839629989
A180T:L190R,-11.674245834350586,0.323560195666
A180T:L190V,-4.343593597412109,0.761150698861999
A180T:N191D,-9.957690238952637,0.139501188039
A180D:D194E,-6.5398759841918945,0.315505818213
A180D:I193S,-10.511205673217773,0.0180361453251
A180T:S184T,-3.318352222442627,0.5546555939710001
A180T:T196A,-10.426900863647461,0.0499853489594
A180V:L190R,-15.001693725585938,0.134552450328
A180V:L190V,-7.671041965484619,0.1945786105649989
A180V:N191H,-13.329744338989258,0.236113455924
A180V:N191T,-18.05580711364746,0.186951043733
A180V:P202M,-23.244550704956055,0.31534317904
A180V:Q195K,-3.6167547702789307,0.295166111843
A180V:Q195R,-2.5858397483825684,0.492051160628
A180V:R187C,-15.100502014160156,0.1922324866099989
A180V:R203H,-17.797317504882812,0.0825766351626
A180V:S183N,-8.27736759185791,0.148685164085
A180V:S183R,-12.846128463745117,0.199673295338
A180V:S184P,-14.210296630859375,0.101766912313
A180V:S184T,-5.792661190032959,0.193306799461
A180V:T182I,-14.614628791809082,0.157645898574
A180V:T196G,-15.490193367004395,0.510842365893
A180V:T196I,-11.796875953674316,0.0742713043807
A180V:T198S,-7.937536239624023,0.169387210878
A180V:L190M,-10.62175178527832,0.2390271679309989
A180V:L190I,-4.179672718048096,0.4620303107819989
A180V:L190H,-14.644060134887695,0.52642202832
A180V:K181T,-8.556173324584961,0.1896225460999989
A180T:T196M,-9.944746017456055,2.04479374243
A180T:T196N,-11.061031341552734,0.376023150524
A180T:T196S,-6.6624603271484375,0.275014998976
A180T:T198K,-11.649449348449707,0.403355273034
A180T:T198M,-11.63798713684082,0.336853895929
A180T:T198R,-10.36231803894043,0.483623230419
A180T:T198S,-5.341668128967285,0.331886586301
A180T:Y188F,-9.730300903320312,0.053260643231
A180T:T182N,-9.203390121459961,0.0993394123211
A180V,-7.052835941314697,0.103345078
A180V:D194E,-8.490220069885254,0.0968380965029
A180V:D194N,-7.272631645202637,0.226397097342
A180V:D201E,-17.598466873168945,0.1814361666739989
A180V:D201G,-19.769289016723633,0.222879001269999
A180V:D201H,-14.307937622070312,0.0748597234553
A180V:D201L,-20.567968368530273,1.98883793219
A180V:F189Y,-9.843694686889648,0.3840002624629989
A180V:I193N,-8.104506492614746,0.0894972776418
A180V:D194A,-11.384780883789062,0.366028903584
A180D:I193T,-9.149364471435547,0.309427365144
A180D:K181N,-8.861926078796387,0.390834476621999
A180D:K181Q,-6.9074015617370605,0.4488213759459989
A180G:N191S,-9.738697052001953,0.158143056974
A180G:N191Q,-12.460376739501953,0.664769537865
A180G:N191H,-10.038758277893066,0.4050101487210001
A180G:N191D,-9.170578956604004,1.10038915765
A180G:L190M,-6.6104230880737305,0.433210714198
A180G:L190I,-0.16834425926208496,1.01466609683
A180G:K181N,-7.385364532470703,0.214239952161
A180G:K181E,-10.000591278076172,0.225001427478
A180G:I193V,-4.718369483947754,0.2206026535949989
A180G:I193T,-7.109587669372559,1.01802003284
A180G:I193S,-8.471428871154785,0.367513790375
A180G:I193N,-4.737767696380615,0.981542027739999
A180G:I193M,-8.337258338928223,0.358447914719999
A180G:I193L,-6.446624279022217,0.260394104774
A180G:I193F,-8.873802185058594,0.233514780383
A180G:G185S,-11.051596641540527,0.3899476336249989
A180G:G185R,-11.4212007522583,0.553504953019
A180G:N191T,-14.764822006225586,0.28790832781
A180G:P202R,-15.296241760253906,0.468068583716
A180G:Q186E,-3.710373640060425,0.188899996235
A180G:Q186L,-6.742064476013184,0.1998849471229989
A180G:R203C,-13.566089630126953,0.0912686381795
A180G:R187Q,-10.539163589477539,0.329467294518
A180G:R187P,-8.476858139038086,0.62808626519
A180G:R187L,-11.189444541931152,0.40976061608
A180G:R187I,-8.767749786376953,1.05242469031
A180G:R187H,-9.99259090423584,0.410568166684
A180G:R187G,-12.557269096374512,0.14521897564
A180G:R187C,-11.54936408996582,0.119229706574
A180G:G185L,-15.271370887756348,0.570415588703
A180G:Q200R,-9.884977340698242,0.854712723783
A180G:Q200H,-5.905888557434082,0.5215702453959989
A180G:Q200E,-8.079042434692383,0.243651638942
A180G:Q195R,1.1529479026794434,1.10684587232
A180G:Q195M,-6.179354667663574,0.992555818877
A180G:Q195K,0.12203288078308105,1.33006783763
A180G:Q195H,-4.611050605773926,0.214717002394
A180G:Q195E,-7.296431064605713,0.391938493232999
A180G:Q186R,-6.731283187866211,0.568706193018
A180G:Q200N,-5.8348708152771,1.64222109004
A180G:G185D,-11.296171188354492,0.280843857528
A180G:D201Y,-13.553838729858398,0.4160860143379989
A180G:D201V,-15.684993743896484,0.397755759487
A180D:S183G,-7.215626239776611,0.428154199648
A180D:R187L,-13.030484199523926,0.172768902626
A180D:Q200R,-11.750401496887207,0.215880882887
A180D:Q200L,-6.6564531326293945,0.105945512182
A180D:Q200H,-7.771312713623047,0.409271823113999
A180D:Q195R,-0.21264123916625977,0.929554010418
A180D:Q195M,-7.544943809509277,0.181823912133
A180D:Q195K,-1.243556261062622,1.42557235354
A180D:S183N,-6.431544780731201,0.158812835343
A180D:Q186R,-8.375083923339844,0.497016715097
A180D:Q186E,-5.3541741371154785,0.245710417287
A180D:N191S,-11.554414749145508,0.286269487353
A180D:N191H,-11.854475975036621,0.2765164180559989
A180D:L190V,-5.552816390991211,0.500757266172
A180D:L190R,-12.883468627929688,0.362353793019
A180D:L190I,-2.0614471435546875,0.669239793117
A180D:K181T,-5.92869758605957,0.362951315556
A180D:K181R,-5.186079025268555,0.438605431516
A180D:Q186H,-9.408039093017578,0.278491450296
A180G:S183I,-7.479702949523926,0.383210044525
A180D:S183R,-11.000306129455566,0.239470019244
A180D:T196A,-11.230093002319336,0.119293078667
A180G:D201N,-9.414750099182129,0.493254098279
A180G:D201H,-10.817121505737305,0.32384165371
A180G:D201G,-16.278472900390625,0.165166112476
A180G:D194Y,-10.072124481201172,0.601837554637
A180G:D194V,-10.992918014526367,0.395197179603
A180G:D194T,-2.7975940704345703,0.46167897308
A180G:D194N,-3.728949546813965,1.10585131665
A180G:D194K,-9.628560066223145,1.87862633618
A180D:S184Y,-9.344325065612793,0.261940100237
A180G:D194G,-9.583884239196777,0.714734887543
A180G:D194A,-7.841098785400391,0.521192180902
A180G,-3.474522590637207,0.4751676420000001
A180F:R187G,-21.07883071899414,0.370501537549
A180F:I193S,-16.610435485839844,0.480973758451
A180D:Y188D,-16.641969680786133,0.142641653022
A180D:W199F,-10.215429306030273,0.493243779623
A180D:T198P,-13.575695037841797,0.122991730733
A180D:T196S,-7.465653419494629,0.241222579705
A180G:D194E,-4.946537971496582,0.611017370701
A180N:D194V,-14.953422546386719,1.91555176405
K181N:Q195K,-2.612072706222534,1.45498528315
K181Y:R187P,-3.274900197982788,0.4107861498480001
K181L:D201H,-11.616158485412598,1.26690457034
K181L:D201N,-10.284029006958008,0.649919667878
K181L:G185D,-12.333192825317383,0.938446303202999
K181L:P202R,-16.686161041259766,1.1922354215000002
K181L:Q200K,-10.622175216674805,1.31387147814
K181L:Q200R,-10.751747131347656,2.5207619692299903
K181L:R187H,-10.438192367553711,1.64516318568
K181L:S183I,-9.037569046020508,1.07523723501
K181L:T196I,-9.905917167663574,0.924582570379
K181L:Y188F,-10.333141326904297,1.05917779495
K181L:Y188S,-16.50724983215332,1.41931593748
K181M,-4.981272220611572,0.7325612970000001
K181M:D194N,-5.263702869415283,1.9747834541
K181M:L190V,-7.1416015625,0.27494226897
K181M:S183R,-10.527973175048828,1.60299368889999
K181M:T198K,-12.14526653289795,0.845213666520999
K181N,-5.749183654785156,0.688156381
K181N:D194A,-10.379846572875977,1.6138823399000002
K181N:D194E,-7.5821733474731445,0.788206669476
K181N:D194G,-12.077949523925781,0.5078973046549989
K181N:D194H,-12.137301445007324,0.563341475696
K181N:D194N,-6.002905368804932,1.334095
K181N:D194V,-13.427913665771484,0.137658472357
K181N:D194Y,-12.43404769897461,0.367732354444
K181N:D201A,-18.103845596313477,0.219210910323
K181L:D201A,-16.996028900146484,1.17181087045
K181N:D201E,-16.441280364990234,0.037735260318
K181L:D194E,-6.562376976013184,0.175977720122
K181I:Y188G,-17.37010955810547,1.52381637136
K181I:Q200H,-6.95805549621582,0.750708961033
K181I:Q200L,-5.695736885070801,0.133637159552
K181I:Q200M,-7.443765640258789,1.23136256301
K181I:Q200R,-10.95997428894043,0.888068344656
K181I:Q200S,-8.92570686340332,1.74301995182
K181I:R187C,-12.46175765991211,0.261056963909
K181I:R187H,-10.644255638122559,0.612788318338999
K181I:R187I,-10.136093139648438,2.47989076807
K181I:R187P,-9.906240463256836,0.6510284168680001
K181I:S183G,-7.039843559265137,0.909652869041
K181I:S183I,-9.121428489685059,0.604887411827
K181I:S183N,-5.552295684814453,0.801173757302999
K181I:S183R,-10.26736068725586,0.84132469966
K181I:S183T,-5.927035331726074,0.921386240407
K181I:S184A,-5.792810440063477,0.508281571872999
K181I:S184F,-9.375787734985352,0.744112430845
K181I:S184Y,-8.30704402923584,1.44161195037999
K181I:T182I,-12.233976364135742,0.204569964044
K181I:T196I,-9.996870994567871,0.367003372686
K181I:T196N,-11.535625457763672,0.482940914155
K181I:T196R,-9.988216400146484,1.15308185781
K181I:T196S,-7.0081281661987305,0.366172379388
K181I:T197S,-9.128432273864746,0.234414804352
K181I:T198A,-10.896127700805664,0.5189803823820001
K181I:T198M,-12.010677337646484,0.189666155368
K181L,-4.667930603027344,0.911169915
K181N:D201G,-18.410812377929688,0.259400709631
K181N:D201L,-19.338857650756836,1.84893343153
K181N:D201N,-11.391845703125,0.247484579257
K181N:R187L,-12.298187255859375,0.395294903359999
K181N:R187S,-13.274856567382812,0.11235415137
K181N:R203F,-19.489513397216797,0.531695668499
K181N:S183G,-7.967931747436523,0.421125276674
K181N:S183I,-10.049516677856445,0.753089325281
K181N:S183K,-10.563423156738281,2.16619741947
K181N:S183N,-6.48038387298584,1.27243661397
K181N:S183P,-4.8743462562561035,2.65288787595
K181N:S183R,-11.195448875427246,0.956707507317
K181N:S183T,-6.855123043060303,0.976011501404
K181N:S183W,-15.517988204956055,2.08005021884
K181N:S183Y,-10.849218368530273,1.21507156241
K181N:S184C,-10.473291397094727,0.367158022882
K181N:S184F,-10.676193237304688,1.10495379992
K181N:S184T,-4.379021644592285,1.00297120721
K181N:S184Y,-9.60744857788086,1.08255182271
K181N:T182A,-11.255359649658203,0.162686479242
K181N:T182I,-14.75486946105957,0.204043140309
K181N:T182S,-9.270721435546875,0.300572512768
K181N:T196I,-11.052946090698242,0.241923323309
K181N:T196N,-12.591700553894043,0.195670276343
K181N:T196S,-8.064204216003418,0.3370974608879989
K181N:T197P,-14.248100280761719,0.330912842886
K181N:T197S,-10.059345245361328,0.249107325998
K181N:T198A,-11.893318176269531,0.192086739698
K181N:R187H,-11.230236053466797,0.155753656217
K181N:Q200Y,-10.10278606414795,1.4738704643
K181N:Q200R,-11.81400203704834,0.871001360331999
K181N:Q200L,-6.549764156341553,0.236620712465
K181N:F189S,-18.426647186279297,0.156990389133999
K181N:F189Y,-7.949075698852539,0.3098968880559989
K181N:G185C,-15.545685768127441,0.207084812816
K181N:G185R,-11.832671165466309,0.5770112050680001
K181N:I193L,-8.614788055419922,0.341420873421
K181N:I193M,-10.516046524047852,0.241519531829
K181N:I193N,-6.965062618255615,1.4688820715200002
K181N:I193T,-9.295702934265137,0.661073377337
K181N:I193V,-6.752739429473877,0.616620527183
K181N:L190I,-2.8471295833587646,2.01342847017
K181N:L190M,-7.914529800415039,0.401463128966
K181N:L190R,-11.952474594116211,0.394301594614
K181I:Q200E,-9.074228286743164,0.241604603234
K181N:L190V,-7.600539207458496,0.421357299604
K181N:P202Q,-18.330039978027344,0.1963109621489989
K181N:P202R,-17.711015701293945,0.102005532754999
K181N:Q186E,-5.675936698913574,0.273511653652
K181N:Q186H,-10.796880722045898,0.7167496749660001
K181N:Q186L,-9.81106948852539,0.300582055598
K181N:Q186R,-9.432537078857422,1.08620811875
K181N:Q195E,-9.758663177490234,0.146021944823
K181N:Q195H,-7.604220390319824,0.434699874573
K181N:Q195R,-1.9376707077026367,1.71979242802
K181N:Q195S,-9.225807189941406,0.3635033457909989
K181N:Q200G,-13.383840560913086,2.05087188728
K181N:Q200H,-7.812082767486572,0.914566636608
K181N:P202L,-17.255722045898438,0.0834900167373999
K181N:Y188H,-14.543782234191895,0.180147397866
K181I:Q200D,-10.201812744140625,0.685288935783
K181I:Q195K,-1.905134916305542,1.12807242048
K181E:L190P,-17.474754333496094,0.123658018559
K181E:N191S,-14.124320030212402,0.685794017347999
K181E:Q186E,-7.647125720977783,0.221103647731
K181E:Q186H,-12.768070220947266,0.778219439347
K181E:Q186L,-11.782258987426758,0.445527583589
K181E:Q186P,-16.51385498046875,0.106120867488
K181E:Q186R,-11.403726577758789,1.06724033329
K181E:Q195H,-10.105152130126953,0.414787961263
K181E:Q195K,-5.113004684448242,1.38878571511
K181E:Q195R,-4.438602447509766,2.04370201031
K181E:Q200E,-12.201059341430664,0.380820251215
K181E:Q200H,-10.08488655090332,1.29729908355
K181E:Q200K,-13.957235336303711,0.4217096392270001
K181E:Q200L,-8.822568893432617,0.275780597194
K181E:Q200R,-14.086806297302246,1.43093862952999
K181E:R187C,-14.890029907226562,0.19189368924
K181E:R187H,-13.072526931762695,0.627802278447
K181E:R187L,-14.140478134155273,0.473331997573
K181E:R187S,-15.117148399353027,0.98413429014
K181E:R203D,-23.534765243530273,0.8801598769600001
K181E:R203G,-20.686992645263672,0.242409279235
K181E:R203H,-19.198490142822266,0.0838127094784
K181E:S183C,-14.625194549560547,0.0754682681834
K181E:S183G,-10.254545211791992,0.5373931903010001
K181E:S183I,-12.336130142211914,0.956437537172
K181E:L190M,-10.625654220581055,0.4362575669780001
K181E:S183R,-13.482063293457031,1.09965064411
K181E:I193V,-8.97789478302002,0.2991471743739989
K181E:I193S,-12.998747825622559,0.429332811686
K181Y:S184F,-3.403480052947998,1.32722433345
K181A,-6.606552600860596,0.6802250470000001
K181A:Q200L,-7.422074794769287,1.47768316299
K181C:D194A,-11.144210815429688,0.924445840714
K181D,-10.348427772521973,0.529622291
K181D:P202Q,-22.901077270507812,0.8801598769600001
K181D:Q195K,-7.417956352233887,8.08372894584
K181D:S183R,-15.68967056274414,0.85265112433
K181E,-7.991978645324707,0.821717574
K181E:D194A,-12.633062362670898,2.66587126466
K181E:D194E,-9.835389137268066,1.04291201513
K181E:D194G,-14.33116626739502,0.73576751228
K181E:D194H,-14.390518188476562,0.826982963882
K181E:D194K,-14.425472259521484,3.9068293622
K181E:D194N,-8.256121635437012,1.03979088332999
K181E:D194Y,-14.687263488769531,0.826991155057
K181E:D201A,-20.30594253540039,0.377141959154
K181E:D201G,-20.612911224365234,0.451759005982
K181E:D201N,-13.593942642211914,0.25286012986
K181E:D201V,-20.07268524169922,0.525308057225
K181E:F189Y,-10.12775993347168,0.418548731748
K181E:G185R,-14.044431686401367,0.886308805115
K181E:I193F,-13.326093673706055,0.385327309947
K181E:I193M,-12.741202354431152,0.560294961081
K181E:I193N,-9.190217971801758,0.6303393569210001
K181E:I193T,-11.520858764648438,0.824572136750999
K181E:S183T,-9.14173698425293,0.841457629004
K181E:S184A,-9.247886657714844,0.582098728228
K181E:S184C,-12.627962112426758,0.345794033064
K181I:D201E,-15.443920135498047,0.210527202106
K181I:D201G,-17.413454055786133,0.157228037997
K181I:D201H,-11.726614952087402,0.2643650808709989
K181I:D201I,-17.128623962402344,0.602546258985
K181I:D201N,-10.394485473632812,0.533481503561
K181I:F189Y,-6.936642169952393,0.706677090851
K181I:G185C,-14.42930793762207,0.146150916888
K181I:G185D,-12.491503715515137,0.237037248866
K181I:G185R,-10.716293334960938,0.3192506187409989
K181I:G185S,-11.628608703613281,0.307810845709
K181I:I193F,-10.06730842590332,0.3983316979779989
K181I:I193K,-8.595050811767578,0.736772693280999
K181I:I193L,-7.581157684326172,0.36742848747
K181I:I193M,-9.482417106628418,0.264340947667
K181I:I193N,-5.931432723999023,1.02553681056
K181I:I193T,-8.262073516845703,0.385732259247
K181I:I193V,-5.719109535217285,1.09588473995
K181I:L190M,-7.520203590393066,0.407285695897
K181I:L190R,-11.558149337768555,0.604928757764
K181I:L190V,-7.206213474273682,0.491294744841
K181I:N191D,-9.937688827514648,0.6913387705580001
K181I:N191S,-10.973668098449707,0.2135787181679989
K181I:Q186H,-9.953649520874023,0.591675270147
K181I:Q186L,-8.967838287353516,0.137143424592
K181I:Q186R,-8.589305877685547,0.874247714581
K181I:D194Y,-11.548572540283203,0.219691219359
K181I:D194N,-5.117430686950684,0.946667933323
K181I:D194H,-11.251827239990234,1.33590337877999
K181I:D194G,-11.192475318908691,0.521729302844
K181E:S184F,-12.830863952636719,2.4069699771599904
K181E:S184Y,-11.762120246887207,1.0485270894399898
K181E:T182A,-13.338977813720703,0.460709166382
K181E:T182I,-16.83848762512207,0.661939506138
K181E:T182N,-13.709186553955078,0.304522539593
K181E:T182S,-11.354340553283691,0.153640511898
K181E:T196A,-14.275160789489746,0.258965112206
K181E:T196I,-13.191065788269043,0.5028253748179989
K181E:T196S,-10.202322959899902,0.467126119293
K181E:T197S,-12.365594863891602,0.274149734393
K181E:T198A,-14.111719131469727,0.582036570874999
K181E:T198I,-16.347848892211914,1.08101981796
K181I:Q195R,-1.2307329177856445,2.46525924687
K181E:T198K,-15.162382125854492,0.282086317172
K181E:W199F,-12.420757293701172,0.22168133261
K181G:S183V,-12.759788513183594,1.76449721383
K181G:T198M,-16.872501373291016,0.501315233619
K181H,-1.0132880210876465,0.970298873
K181H:P202T,-13.065885543823242,0.1978630756569989
K181H:Q186H,-6.038295745849609,0.885650814399999
K181H:Q186R,-4.673952102661133,2.16035502723
K181H:Q195R,2.721804618835449,4.12368781066
K181H:S183N,-1.8913875818252563,1.63582986560999
K181I,-4.788064956665039,0.63669881
K181I:D194A,-9.49437141418457,1.20572512399
K181I:D194E,-6.696698188781738,0.443211385463
K181E:T198M,-15.22626781463623,0.286531708455
K181P,-10.403451919555664,0.0612673409999999
K181I:Q195H,-6.897282600402832,0.202582742786
K181Q,-3.4318530559539795,0.823065802
K181S:T196S,-7.644680023193359,0.7389078663680001
K181S:T198A,-11.362981796264648,2.40356448318
K181S:T198K,-12.413644790649414,0.709011566813
K181S:T198R,-11.09487533569336,0.311257209915
K181T,-3.3947436809539795,0.7907033
K181T:D194A,-7.997561454772949,1.38248957452999
K181T:D194E,-5.199888229370117,1.1356726002700002
K181T:D194G,-9.69566535949707,0.86491117704
K181T:D194H,-9.755016326904297,1.41978024
K181T:D194N,-3.6206204891204834,1.033830314
K181T:D194Q,-8.953359603881836,3.95843153057
K181T:D194V,-11.045629501342773,0.877897808674
K181T:D194Y,-10.051763534545898,0.698454528127
K181T:D201A,-15.77755355834961,0.598120610448
K181T:D201H,-10.397682189941406,0.181384761042
K181T:D201K,-16.226022720336914,1.11754268265
K181T:D201N,-9.065553665161133,0.460322684493
K181T:D201Y,-13.574182510375977,0.287641602199
K181T:F189C,-14.807534217834473,0.200805293365
K181T:F189S,-15.92923355102539,0.303230430171
K181T:G185C,-13.127763748168945,0.261238747309
K181T:G185S,-10.327062606811523,0.30883260288
K181T:I193F,-8.787925720214844,0.685444197984
K181T:I193L,-6.3017754554748535,0.947082908804
K181T:I193M,-8.203035354614258,0.319723368659
K181S:R203L,-16.71990966796875,0.413350927444
K181S:Q200K,-11.288368225097656,1.03254123257999
K181S:Q195R,-1.624277114868164,2.68396206689
K181S:Q195K,-2.2986791133880615,3.9143638239
K181R:S183R,-6.285609722137451,1.66808996527
K181R:S183T,-1.945284128189087,1.30802685564999
K181R:S184A,-2.471367359161377,0.619690025552
K181R:S184C,-5.851442813873291,0.347134385645
K181R:S184F,-6.05434513092041,1.30687283592
K181R:S184Y,-4.98560094833374,1.30606914782
K181R:T182A,-6.175290584564209,0.888098920007
K181R:T182I,-9.674799919128418,0.728646838968
K181R:T182P,-11.587150573730469,0.165875549336
K181R:T182R,-10.622910499572754,1.07360597519
K181R:T182S,-4.190652847290039,0.142165476685
K181R:T196F,-9.52151870727539,1.79198322384
K181T:I193N,-4.652050495147705,1.18000088104
K181R:T196I,-6.028697967529297,0.469012453896
K181R:T196S,-3.0399553775787354,0.594238768234
K181R:T198M,-8.23143482208252,0.44728470692
K181R:Y188F,-6.682875633239746,0.351515416229
K181S,-5.337428092956543,0.917196172
K181S:D194H,-11.6900634765625,3.7157386098
K181S:D194N,-5.555667877197266,2.33305368413
K181S:F189Y,-7.422600269317627,0.924445840714
K181S:L190M,-7.710873603820801,0.656774411074
K181S:L190R,-11.748819351196289,2.5726545951900004
K181S:N191S,-11.486908912658691,0.930506012285
K181S:P202L,-16.86145782470703,0.906803458449
K181S:Q195H,-7.290826797485352,1.2931428606
K181R:T196N,-7.5674519538879395,0.489372081321
K181R:S183N,-1.5705444812774658,0.928169016464
K181T:I193V,-4.439727306365967,0.453194079813
K181T:L190K,-9.787555694580078,2.8721206056
K181T:S184Y,-7.244288444519043,0.888868211296
K181T:T182A,-8.207572937011719,0.4803183365300001
K181T:T182I,-11.707082748413086,0.570180837788
K181T:T182S,-6.222934722900391,0.0578432901459
K181T:T196A,-9.731282234191895,0.341918360477
K181T:T196I,-8.647187232971191,0.4262043576340001
K181T:T196N,-10.185941696166992,0.4180892500110001
K181T:T196S,-5.658444881439209,0.459171065609
K181T:T198S,-4.023161888122559,0.52107424522
K181T:W199S,-11.22403621673584,0.0485050324895
K181V,-4.052248954772949,0.3314318069999999
K181V:D201G,-16.641761779785156,1.16450840603
K181V:I193V,-4.972901344299316,1.08310313537
K181V:P202R,-16.05719566345215,0.40355484456
K181V:Q186R,-7.806394100189209,1.03168826011
K181V:Q195R,-0.5206332206726074,1.52381637136
K181V:S183R,-9.502874374389648,1.35007169564
K181V:S184Y,-7.614022254943848,2.70434203585
K181Y,1.2432986497879028,0.551845251
K181Y:D201Y,-8.77532958984375,0.68835821971
K181Y:Q195H,-1.084525227546692,0.560287022639
K181Y:Q195K,3.907622814178467,3.1132556682200003
K181Y:Q195R,4.582024574279785,1.2744838446
K181P:Q186H,-15.339340209960938,1.29565091457
K181Y:Q200E,-3.000293731689453,0.567771130455
K181T:S184T,-2.0158610343933105,0.7734478982870001
K181T:S184F,-8.313032150268555,1.00009677096
K181T:S184C,-8.110130310058594,0.630457264271
K181T:S184A,-4.73005485534668,0.564165101179
K181T:L190M,-6.125182151794434,0.551302352404
K181T:L190V,-5.811192035675049,0.538007269265
K181T:N191D,-8.531017303466797,0.145910741279999
K181T:N191T,-14.451459884643555,0.170657405721
K181T:Q186A,-8.684091567993164,1.0924159453
K181T:Q186E,-3.374148368835449,0.401361641593
K181T:Q186H,-8.495092391967773,0.626101610337
K181T:Q186R,-7.130749225616455,0.977316262457
K181T:Q186T,-9.394654273986816,1.15529888295
K181T:Q195K,-0.37467217445373535,1.69422914778
K181T:Q195R,0.2997298240661621,1.83882735459
K181T:Q200A,-7.243313789367676,1.1350688484
K181T:L190I,-1.0577824115753174,2.87653733470999
K181T:Q200H,-5.537515640258789,0.964458590875
K181T:Q200L,-4.2751970291137695,0.377246062143
K181T:Q200R,-9.539435386657715,0.907699957618
K181T:R187D,-12.986038208007812,0.52642202832
K181T:R187H,-8.678961753845215,0.6289526932630001
K181T:R187L,-9.746912956237793,0.710597627232999
K181T:R187P,-7.940946578979492,0.8527948431710001
K181T:R187S,-10.723583221435547,0.802048020988
K181T:R203P,-16.867870330810547,0.078557103849
K181T:S183I,-7.767226219177246,0.419569134699
K181T:S183N,-4.198093414306641,0.507727352117
K181T:S183R,-8.913158416748047,1.39041247611
K181T:S183T,-4.572833061218262,0.7271991993860001
K181T:Q200K,-9.40986442565918,0.430012590969
K181R:S183I,-5.139677047729492,0.8004963948280001
K181T:I193T,-6.982690811157227,1.26491491985
K181R:R203H,-11.668657302856445,0.144367301423
K181Q:Q186H,-8.402158737182617,0.534313862394
K181Q:Q186R,-7.037816047668457,0.964183463665
K181Q:Q195E,-7.503603935241699,0.850126717178
K181Q:Q195H,-5.349161148071289,0.500093290213
K181Q:Q195K,-0.3570132255554199,1.52291938963
K181Q:Q195L,-8.711905479431152,0.170566258154
K181Q:Q195P,-11.629515647888184,0.177658854759999
K181Q:Q195R,0.31738877296447754,2.2179570451700004
K181Q:Q200H,-5.477643966674805,1.03143120864
K181Q:Q200L,-4.215325355529785,0.468508713584
K181Q:Q200R,-9.479562759399414,0.336217597484
K181Q:R187G,-12.631575584411621,0.157107209852
K181Q:R187L,-10.180234909057617,0.605216129515
K181Q:R187S,-11.156905174255371,0.385842273421
K181Q:R203H,-14.583721160888672,0.250652012086
K181Q:S183G,-5.775467872619629,3.40867445087
K181Q:S183I,-7.857052803039551,1.02646420879
K181Q:S183R,-9.002985000610352,1.20266896779
K181Q:S183T,-4.662659645080566,1.07144285379
K181Q:S184A,-4.888785362243652,0.242069838845
K181Q:S184F,-8.471763610839844,0.909271147819
K181Q:S184T,-2.1745917797088623,0.422676728578
K181Q:S184Y,-7.403018951416016,1.2252559905
K181Q:T182A,-8.38100528717041,0.985158354126999
K181Q:T182I,-11.880515098571777,0.327755019785
K181Q:Q186E,-3.281214714050293,0.290900885269
K181Q:Q186D,-7.883661270141602,2.1603179583500003
K181Q:N191S,-9.647276878356934,0.593898457678
K181Q:L190V,-5.446733474731445,0.123741580019
K181Q:D194A,-8.051177024841309,2.81308854546
K181Q:D194E,-5.253504276275635,1.04116512731
K181R:S183G,-3.0580923557281494,0.943876320198
K181Q:D194G,-9.74928092956543,0.8476651072490001
K181Q:D194H,-9.808632850646973,1.06299915778
K181Q:D194N,-3.674236297607422,1.4812029824
K181Q:D194V,-11.099245071411133,0.758517059012
K181Q:D194Y,-10.105379104614258,0.267720333449
K181Q:D201A,-15.796839714050293,0.752857705589
K181Q:D201L,-17.03185272216797,0.567771130453
K181Q:D201N,-9.084839820861816,0.310282889766
K181Q:D201V,-15.563582420349121,0.592656642036
K181Q:T182N,-8.751213073730469,0.3531088209669989
K181Q:D201Y,-13.593467712402344,0.412191375436
K181Q:F189S,-15.978635787963867,0.168317333781
K181Q:G185R,-9.410940170288086,0.435294638693
K181Q:H192Q,-11.746870040893555,0.16707605864
K181Q:I193F,-8.765207290649414,0.363563957328
K181Q:I193L,-6.279057025909424,0.632727767748
K181Q:I193M,-8.180316925048828,0.824563970065
K181Q:I193N,-4.629332065582275,1.1151450955600002
K181Q:I193S,-8.437862396240234,0.994805861953
K181Q:I193T,-6.959972381591797,0.698532549332
K181Q:L190M,-5.760724067687988,0.771876857623
K181Q:L190Q,-10.633100509643555,0.597772289382
K181Q:L190R,-9.79866886138916,0.247999008004
K181Q:F189L,-12.84073257446289,0.180307229563
K181Q:T196I,-8.789567947387695,1.09488267883
K181Q:Q186L,-7.416348457336426,0.47475451895
K181Q:T196N,-10.32832145690918,0.192691301023
K181R:I193M,-5.625121593475342,0.890266852366
K181R:I193N,-2.0741372108459473,0.992808829157
K181R:I193S,-5.882667064666748,0.582724576963
K181R:I193T,-4.404777526855469,0.8870557661990001
K181R:I193V,-1.861814022064209,0.58587196621
K181R:L190Q,-7.926153182983398,0.5431791052939989
K181R:L190R,-7.091721534729004,0.343896684191
K181R:L190V,-2.739786386489868,0.41122910962
K181R:N191D,-6.165406703948975,0.738101114137
K181R:N191S,-7.201386451721191,0.4887045446360001
K181R:Q186L,-4.427596092224121,0.738784712363
K181R:Q186P,-9.159191131591797,0.635048013432
K181R:I193L,-3.7238621711730957,0.555238134719
K181R:Q186R,-4.049063682556152,1.53047256996
K181R:Q195K,2.5349764823913574,1.97305790232
K181R:Q195R,3.209378480911255,2.20031007936
K181R:Q200H,-2.8939363956451416,1.06108835212
K181R:Q200R,-6.895855903625488,0.927978231305
K181R:R187C,-9.442243576049805,0.394309589773
K181R:R187G,-11.14403247833252,0.392993058812
K181R:R187H,-7.624741077423096,0.79545909634
K181R:R187L,-8.692691802978516,0.803462028851999
K181R:R187P,-6.886725425720215,1.30348482635
K181R:R187S,-9.66936206817627,0.572588144016
K181R:R187T,-7.715904235839844,1.60809658175
K181R:R203C,-11.031331062316895,0.0934425480354
K181R:Q195E,-4.611614227294922,0.309695498573
K181R:I193F,-6.210012435913086,0.358509444418
K181R:Q186H,-5.4134063720703125,0.8087867810100001
K181R:D194A,-5.253124713897705,1.7448072899900002
K181Q:T196R,-8.780912399291992,0.914568467652
K181R:G185S,-7.826084613800049,0.400043378345
K181Q:T196S,-5.800825119018555,0.539385855219
K181Q:T197S,-7.753085613250732,0.258863049773
K181Q:T198K,-10.633712768554688,0.0753766624673
K181Q:T198R,-9.314943313598633,0.0937160206009
K181Q:T198S,-4.266750335693359,0.3538829350119989
K181R,-0.8460149168968201,0.89982034
K181Q:T196P,-16.325088500976562,0.294855636285
K181R:D194E,-2.455451488494873,1.19082714822
K181R:D194G,-6.951228618621826,1.12478159317
K181R:D194H,-7.010580062866211,1.24186520931
K181R:D194K,-7.045535087585449,4.86024722422
K181R:D194I,-7.656887054443359,1.4507148253600002
K181R:D194V,-8.301192283630371,0.8096200182100001
K181R:D194Y,-7.307326316833496,0.659930419124
K181R:D201A,-13.15584659576416,1.09244709717
K181R:D201H,-7.775975227355957,0.767567694045999
K181R:D201N,-6.443846225738525,0.8241663947660001
K181R:D201Y,-10.952474594116211,0.4991926392369989
K181R:F189Y,-2.9679195880889893,0.8400627386
K181R:G185C,-10.626785278320312,0.2247537139189989
K181R:G185D,-8.688980102539062,0.1758661268519989
K181R:G185R,-6.9137701988220215,0.849369120367
K181R:D194N,-0.8761836886405945,1.85569422781
T182P:R187P,-16.53917694091797,0.135517186957
T182P:T196I,-16.12994384765625,0.276862343853
T182P:T197A,-16.254043579101562,0.224367459478
T182P:S183I,-14.549826622009277,0.121337317288
T182P:Q200P,-21.08257293701172,0.0447829811144
T182S:D194T,-2.9356138706207275,2.7474966807200003
T182P:Q195K,-7.037540435791016,0.241627919808
T182P:Q186P,-18.430978775024414,0.469020823891
T182P:N191T,-22.383541107177734,0.0591959349394
T182P:L190V,-13.063949584960938,0.0508875238773
T182P:L190R,-17.323606491088867,0.2034780103689989
T182P:Q195R,-6.0964884757995605,0.390235478008
T182P:T197S,-16.02743148803711,0.24044981989
T182S:D194N,-3.5758397579193115,0.822126930318
T182R:D201N,-15.9678955078125,0.39889719008
T182R:N191H,-16.362018585205078,1.50960376032999
T182R:T196S,-12.29710578918457,0.610387658831
T182R:T198P,-18.659259796142578,1.5154812668200002
T182S,-3.849748134613037,0.492115261
T182S:D194A,-8.016019821166992,1.37384630063
T182S:D194E,-5.385498046875,0.636351707476
T182S:D194G,-9.780416488647461,0.298053318465
T182S:D194H,-9.807682991027832,0.900103534231
T182P:I193S,-16.45318603515625,0.3486196624
T182S:D194V,-11.123627662658691,0.532490111333
T182P:Y188F,-16.293434143066406,0.133371950737999
T182P:I193N,-12.569254875183105,0.345447986841999
T182N:R187L,-13.636743545532227,0.424577016511999
T182P:G185R,-18.792266845703125,0.177657402532
T182N:R187G,-15.281768798828125,0.201590423959
T182S:D194Y,-10.118026733398438,0.648264771541
T182N:Q200R,-12.14946460723877,0.467465721074
T182N:R187P,-11.378231048583984,0.4675386890300001
T182N:R187S,-13.357152938842773,0.571080539719
T182N:Q200L,-6.874667167663574,0.0842132683321
T182N:R203G,-18.38945770263672,0.222198160111
T182N:R203H,-16.858489990234375,0.060451135277
T182N:S183I,-10.355775833129883,0.342560168819
T182N:S183N,-7.371132850646973,0.105266802757
T182N:S183R,-11.677877426147461,0.266887112931
T182N:S184A,-6.309659481048584,0.571441084189
T182N:S184C,-9.4894380569458,0.356762108505
T182N:S184F,-9.17418384552002,0.2322612459519989
T182N:S184P,-11.957578659057617,0.0763208615272
T182N:S184Y,-8.300177574157715,1.36020060096
T182N:T196D,-17.400283813476562,0.79530259294
T182N:T196I,-11.186476707458496,0.277755931975
T182N:T198M,-13.41384506225586,0.337096323153
T182N:T198R,-11.98691177368164,0.21312345145
T182N:T198S,-6.949979782104492,0.296465946015
T182N:W199L,-13.595439910888672,0.2385806555270001
T182P,-11.018023490905762,0.087387674
T182P:D194H,-16.986608505249023,0.177312798784
T182P:D194N,-10.754765510559082,0.354047620435
T182P:D194Y,-17.296951293945312,0.358103104189
T182P:D201Y,-21.123563766479492,0.0620692286386999
T182P:I193F,-16.681476593017578,0.248497670265
T182S:D201A,-16.55040168762207,0.258431453074
T182S:T198A,-10.212841033935547,0.209091244308
T182S:D201F,-16.179624557495117,0.364996385674
T182S:R187C,-12.050189971923828,0.1998843656309989
T182S:R187H,-10.60190200805664,0.54339893205
T182S:R187L,-11.54629898071289,0.3573852991269989
T182S:R187N,-10.98416519165039,0.670219616923
T182S:R187P,-9.287786483764648,0.623907759876
T182S:R187S,-11.266707420349121,0.215393516292
T182S:R187V,-8.813982009887695,1.12198629032
T182S:R203T,-15.910255432128906,0.229203162849
T182S:S183C,-10.736356735229492,0.130336579708999
T182S:S183D,-6.026307106018066,0.600321792322
T182S:S183F,-7.619436264038086,0.88041419871
T182S:S183G,-6.264595985412598,0.333930579852
T182S:S183I,-8.03459644317627,0.464617678276
T182S:S183K,-8.775376319885254,0.664431512396999
T182S:S183N,-5.049953460693359,0.414954141111
T182S:S183R,-9.356698989868164,0.761882687221
T182S:S183T,-5.343946933746338,0.370209644312
T182S:S184R,-5.888472557067871,0.663473933025
T182S:S184Y,-7.4043684005737305,0.492042289337
T182S:T196I,-8.996655464172363,0.233395146959
T182S:T196L,-11.11705207824707,0.4107861498480001
T182S:T196S,-6.151410102844238,0.265769482517
T182S:T198K,-11.271316528320312,0.0748891439989
T182S:T198S,-4.873753547668457,0.442395248527
T182V,-9.57243537902832,0.528226935
T182N:Q200K,-11.982641220092773,0.203023296252
T182S:Y188N,-14.95785140991211,0.0678466692585
T182S:Q200R,-9.945430755615234,0.780455705731
T182S:D201E,-14.552315711975098,0.136992934970999
T182S:Q200M,-6.369923114776611,0.329467294518
T182S:Q200H,-6.069458484649658,0.6447793691520001
T182S:D201H,-11.303375244140625,0.479209340361
T182S:D201N,-9.831231117248535,0.1471464055859989
T182S:F189C,-15.465190887451172,0.1965017553319989
T182S:F189Y,-6.7834296226501465,0.919764206914999
T182S:G185E,-12.84319019317627,1.10707702689999
T182S:G185V,-16.044879913330078,0.1779469194
T182S:H192Q,-12.375261306762695,0.028968174735
T182S:I193F,-9.458356857299805,0.383014452389
T182S:I193M,-8.7900390625,0.436445126566
T182S:I193N,-5.34613561630249,0.524975226704
T182S:I193R,-9.227649688720703,0.491501950817999
T182S:I193S,-9.230066299438477,0.910169211625
T182S:I193T,-7.696605682373047,0.742191983452
T182S:I193V,-4.934006214141846,0.668974853052
T182S:L190M,-5.841645240783691,0.42954421573
T182S:L190Q,-10.682318687438965,0.224777251623
T182S:L190V,-5.18944787979126,0.233045421349
T182S:N191F,-15.79141902923584,2.10508732325
T182S:N191S,-10.450611114501953,0.129749035417
T182S:P202H,-16.301502227783203,1.08248026855
T182S:Q186H,-7.813831329345703,0.5398515349899989
T182S:Q186R,-6.128307819366455,0.998885228343
T182S:Q195E,-7.306960582733154,0.187442907283
T182S:Q195H,-4.910584449768066,0.311881862429
T182S:Q195K,0.018647432327270508,1.38322452939
T182S:Q195R,0.9596991539001465,1.43504960678
T182S:Q195S,-6.746180057525635,0.266369349185
T182S:Q200L,-4.670633792877197,0.370805416844
T182N:Q200H,-8.273491859436035,0.233086115323
T182I:F189Y,-12.07780933380127,0.3798324693159989
T182N:Q195R,-1.4309115409851074,1.29094675972
T182A:R187H,-12.524532318115234,0.551139642024
T182A:Q200R,-12.098164558410645,0.616874958943
T182A:Q200L,-6.823367118835449,0.234788016256
T182A:Q200K,-11.931341171264648,0.147832470345
T182A:Q200H,-8.22219181060791,0.938735732556
T182A:Q195R,-1.2959208488464355,0.728457243578
T182A:Q195K,-2.2369725704193115,1.42882322639999
T182A:Q186S,-11.973520278930664,2.4840246978
T182A:Q186R,-7.955379962921143,1.39635808537
T182A:Q186L,-9.001348495483398,0.330017698084
T182A:Q186H,-9.64090347290039,0.573348391787
T182A:P202R,-18.001367568969727,0.38007289596
T182A:R187L,-13.468929290771484,0.584881560609
T182A:N191K,-16.36721420288086,0.254630296297
T182A:L190R,-11.22047233581543,0.4829136892580001
T182A:L190M,-7.613012313842773,0.6835282162880001
T182A:L190I,-2.037264585494995,2.41172524681
T182A:I193V,-7.193061351776123,0.234711295275
T182A:I193T,-9.955660820007324,0.5975722682600001
T182A:I193S,-11.48912239074707,0.401129858984
T182A:I193N,-7.605190753936768,0.772719574181
T182A:I193M,-11.049095153808594,0.838975078069999
T182A:I193L,-9.163331985473633,0.791882940441
T182A:I193F,-11.717411994934082,0.4088034691709989
T182A:H192R,-13.376321792602539,0.0909806774126
T182A:F189Y,-8.929839134216309,0.649935759319
T182A:L190V,-6.9608154296875,0.745754521192
T182A:R187P,-11.210416793823242,0.758711814904
T182A:S183D,-7.2391157150268555,2.69386854749
T182A:S183G,-7.477404594421387,0.337817774196
T182I:L190M,-10.889484405517578,0.370551993426
T182V:T196A,-15.935774803161621,1.68297315122
T182I:L190K,-14.267099380493164,2.1823795667
T182I:L190I,-5.313736915588379,1.62422669299
T182I:I193M,-14.133773803710938,0.448699633886
T182I:I193L,-12.248011589050293,0.355519722948
T182I:F189I,-21.088197708129883,0.12043581339
T182I:D194Y,-15.604101181030273,0.433270394271
T182I:D194N,-9.061914443969727,0.8243770481280001
T182I:D194K,-15.275694847106934,0.560287022639
T182I:D194G,-15.266490936279297,0.256354215672
T182I:D194E,-10.871572494506836,0.164809792342
T182I:D194A,-13.502094268798828,0.180936002559
T182I,-9.193164825439453,0.4288329729999999
T182H,-6.8262529373168945,0.084955766
T182G:P202S,-19.569181442260742,0.310132221987
T182G:I193N,-10.621557235717773,0.816222668774
T182F:T197N,-18.673583984375,1.13627843044
T182D:R203C,-14.8214111328125,0.884823252544
T182C:W199C,-19.105606079101562,0.633468742359
T182A:T198S,-7.0726728439331055,0.297703693024
T182A:T197S,-10.891733169555664,0.20291186426
T182A:S184T,-5.098352432250977,1.04938630393
T182A:S184F,-10.191034317016602,0.257596382569
T182A:S184A,-7.326510429382324,0.406678934877
T182A:S183T,-6.556755542755127,0.808790454289999
T182A:S183R,-10.569507598876953,1.20020552323
T182A:D201Y,-16.350460052490234,0.243337412368
T182A:D201E,-16.83209228515625,0.12239932347
T182A:D194Y,-12.317605972290039,0.2802082237079989
T182A:D194V,-13.32320785522461,0.320991241974
T182L:R187S,-14.051491737365723,1.76677452039
T182M,-8.24496841430664,0.705413423
T182M:D194N,-8.221970558166504,1.45570266146
T182N,-6.006838321685791,0.388788006
T182N:D194A,-10.126880645751953,0.669954348586
T182N:D194E,-7.496359348297119,0.410090498972
T182N:D194G,-11.891277313232422,0.413639035783
T182N:D194H,-11.91854476928711,0.331534421812
T182N:D194N,-5.68670129776001,0.612389671245
T182N:D201E,-16.75743865966797,0.324409902913
T182N:D201H,-13.50849723815918,0.112796340584
T182N:D201N,-12.036354064941406,0.325140805536
T182N:D201V,-18.35464859008789,0.2493428097590001
T182N:G185D,-13.682785034179688,0.242328595235
T182N:G185S,-13.629536628723145,0.123658178079
T182N:H192D,-16.514549255371094,0.0616166080024
T182N:H192N,-13.840574264526367,0.238720421616
T182N:I193F,-11.6741943359375,0.137258433982
T182N:I193M,-11.005876541137695,0.187008371575
T182N:I193T,-9.912443161010742,0.267200296321
T182N:I193V,-7.149843215942383,0.0909871196666
T182N:L190I,-2.46427321434021,1.07829023392
T182N:L190R,-11.647480964660645,0.258737393524
T182N:N191K,-16.082866668701172,0.156649398262
T182N:P202W,-21.66565704345703,0.861613466748
T182N:Q186R,-8.792913436889648,0.586527394952
T182N:Q195K,-2.3719632625579834,1.0761541806
T182L:D194N,-6.817729473114014,1.69172500379
T182N:Q195Y,-10.006946563720703,0.460012302517
T182L,-6.752254009246826,0.470943215
T182I:T198P,-18.021453857421875,0.279786426167
T182A:D194N,-5.775420188903809,1.03591430147999
T182A:D194K,-11.989200592041016,4.05298038941
T182A:D194H,-12.00726318359375,0.676133837718999
T182A:D194G,-11.979996681213379,0.5041792796360001
T182A:D194A,-10.21560001373291,0.876160922429999
T182A,-6.054985046386719,0.658983784
T182I:N191D,-14.67306137084961,0.0642316733753999
T182I:P202Q,-21.783174514770508,0.112670580756
T182I:P202R,-21.13690185546875,0.2277888284189989
T182I:Q186E,-8.945855140686035,0.197234942083
T182I:Q186H,-13.286125183105469,0.259323511195
T182I:Q186L,-12.646570205688477,0.0809124685166
T182I:Q186R,-11.600602149963379,0.969697798251
T182I:Q195K,-5.591202735900879,1.35087194932999
T182I:Q195M,-11.85180950164795,2.06010692195
T182I:Q195R,-4.650150775909424,1.17439711363
T182I:Q200D,-14.621962547302246,1.9802794033
T182I:Q200H,-11.489204406738281,0.557986943301
T182I:Q200L,-10.09037971496582,0.421820156294
T182I:R203G,-21.427074432373047,0.137640208933
T182I:S183G,-10.48681640625,0.640402828516
T182I:S183H,-11.250783920288086,2.50663771365
T182I:S183N,-9.272173881530762,0.267874047028
T182I:S183R,-13.57891845703125,0.451853277514
T182I:S183T,-9.566167831420898,0.179231474041
T182I:S184T,-8.456154823303223,0.8023642900560001
T182I:T198K,-16.675209045410156,0.10107815644
T182I:T198S,-10.2776460647583,0.26436653131
T182Y,-8.583590507507324,0.8672892759999999
T182I:Q195H,-10.520434379577637,0.33554628658
T182I:L190V,-10.237287521362305,0.293318115158
T182I:L190R,-14.496944427490234,0.363276253195
S183I:Q195R,-0.35431814193725586,1.89828195843
S183I:Q200D,-9.946826934814453,1.38265677576
S183I:Q200E,-8.811058044433594,0.838482508408
S183I:Q200H,-6.742185115814209,1.53036531838
S183I:Q200R,-10.724867820739746,1.59257786637999
S183I:R187C,-13.161901473999023,0.275952921282
S183I:R187G,-14.448287010192871,0.251059004627
S183I:R187H,-11.695989608764648,1.5101486855
S183I:R187P,-10.723100662231445,1.64235100492
S183I:R187S,-12.658539772033691,0.286003342337
S183I:R187V,-10.153255462646484,1.08561504427
S183I:R187W,-15.90149974822998,1.48985442847
S183I:R203C,-14.828001022338867,0.18750614009
S183I:S184C,-8.247154235839844,0.403737410396
S183I:S184F,-6.753970146179199,0.697306632715
S183I:S184L,-5.24228572845459,2.46429755847
S183I:S184P,-10.249914169311523,0.2225150707979989
S183I:S184T,-2.443512201309204,0.77709227074
S183I:S184Y,-5.888458251953125,0.749762999384
S183I:T196A,-10.942098617553711,0.453701265488
S183I:T196I,-9.834146499633789,0.599648270886
S183I:T196K,-8.593435287475586,2.21321836903
S183I:T196M,-10.478445053100586,2.12661048699
S183I:T196N,-11.477210998535156,0.671656771328
S183I:T196S,-6.874517440795898,1.11537292356
S183I:T196Y,-13.469849586486816,2.9260087055699904
S183I:Q195P,-12.392353057861328,0.255404934157
S183I:Q195L,-9.48902702331543,0.128423311926
S183I:Q195K,-0.961167573928833,1.35159653645
S183I:Q186S,-10.739197731018066,1.79822719999
S183I:D201H,-11.684011459350586,0.352501068587
S183I:D201L,-18.03286361694336,0.984617649274
S183I:D201N,-10.297109603881836,0.584088992948
S183I:D201Y,-14.53509521484375,0.591755267034
S183I:F189Y,-7.539741516113281,0.97984579439
S183I:G185A,-13.878473281860352,0.295575127945
S183I:G185D,-12.443613052368164,0.596539533254
S183I:G185S,-12.142964363098145,0.164942547524
S183I:H192R,-11.62717056274414,0.0366333928452
S183I:I193L,-7.372014045715332,1.12073697933
S183I:I193M,-9.297395706176758,1.8671679837
S183I:I193N,-5.791706085205078,1.10018756506
S183I:T197A,-8.648604393005371,0.154205024562
S183I:I193S,-9.648767471313477,0.914461305809
S183I:I193V,-5.4920854568481445,0.944103083519
S183I:L190M,-6.8343825340271,1.19594603932999
S183I:L190Q,-11.620394706726074,0.575714668121
S183I:L190R,-10.592164993286133,0.946419154363999
S183I:L190V,-6.285501956939697,0.641208761541
S183I:N191D,-10.02774429321289,0.5118098878230001
S183I:N191K,-14.676145553588867,0.141406161259
S183I:N191S,-10.959489822387695,0.663637151655
S183I:Q186E,-3.42756986618042,0.697510194885
S183I:Q186H,-8.678842544555664,0.53366941055
S183I:Q186L,-7.648873329162598,0.71907467128
S183I:Q186R,-7.510119438171387,1.28455144142
S183I:I193T,-8.077596664428711,0.812530283541
S183I:T197P,-12.955974578857422,0.333238835142
S183I:T197S,-8.71140193939209,0.753715963225
S183I:T198A,-10.795555114746094,0.679767447777999
S183N:D194K,-6.87821102142334,2.1395895739400004
S183N:D194N,-0.6826003789901733,1.97333518355
S183N:D194V,-8.1519136428833,0.781882385492
S183N:D194Y,-7.143301010131836,0.666269874634
S183N:D201E,-11.678178787231445,0.118240442208
S183N:D201G,-13.79143238067627,0.208187480865
S183N:D201K,-14.040864944458008,0.290704575928
S183N:D201V,-13.278223991394043,0.221716714074
S183N:D201Y,-11.183807373046875,0.522189006955
S183N:F189V,-14.762561798095703,0.502235885867
S183N:F189Y,-3.949647903442383,0.563904718664
S183N:G185D,-8.9027099609375,0.217430404116
S183N:D194H,-6.849374294281006,0.796223134135
S183N:H192R,-7.965175628662109,0.111868723457999
S183N:I193L,-3.8864803314208984,0.412488328359999
S183N:I193M,-5.811862945556641,0.7187222054610001
S183N:I193S,-6.163233757019043,0.583881529636
S183N:I193T,-4.592063903808594,0.961193081586
S183N:L190M,-2.997478485107422,0.626475701852
S183N:L190Q,-7.7834906578063965,0.452591560882
S183N:L190R,-6.755260467529297,0.6951158873090001
S183N:L190V,-2.4485979080200195,0.668503464325999
S183N:N191H,-7.3675737380981445,0.218620050353
S183N:P202Q,-13.513413429260254,0.0996947694159
S183N:P202R,-12.839974403381348,0.200075115887
S183N:P202T,-12.923768043518066,0.259721978767
S183N:I193F,-6.302861213684082,0.73313646924
S183I:D201A,-16.976465225219727,0.722930993262999
S183N:D194G,-6.813072681427002,1.03327046553999
S183N:D194A,-5.012889862060547,2.40993448577
S183I:T198P,-13.019567489624023,0.169023747032
S183I:T198S,-5.415846347808838,0.695808068152
S183I:Y188F,-10.407793045043945,0.314356900207
S183I:Y188L,-13.820700645446777,0.862577943490999
S183I:Y188S,-16.942955017089844,0.174597611343
S183K,-5.0864176750183105,1.888502247
S183K:D201H,-12.389968872070312,0.937467781456
S183K:H192Y,-12.505191802978516,1.21325542197
S183K:I193L,-8.036479949951172,1.54215903577999
S183K:I193M,-9.961862564086914,3.37504211495
S183K:N191K,-15.222124099731445,0.2717290301
S183K:N191T,-16.309234619140625,0.103278167463
S183N:D194E,-2.4302594661712646,1.0811779624700002
S183K:Q186E,-3.9766063690185547,0.726627141051999
S183K:S184F,-7.678516387939453,2.18230972835
S183K:T196S,-7.277252197265625,2.56926374072
S183K:T197P,-13.727046966552734,1.73022646045
S183L,-1.6847856044769287,0.692028368
S183L:L190V,-3.4523191452026367,2.12568099272
S183L:Q195K,1.8908751010894775,0.858628141684
S183L:Q200H,-3.8929548263549805,3.4753749546800004
S183L:Q200R,-7.875637531280518,4.53127094066
S183L:S184C,-5.568984031677246,0.834225173697
S183L:T196S,-4.061068058013916,0.958662915748
S183M,-3.787520408630371,0.7169909809999999
S183N,-0.9156324863433838,1.090485719
S183K:Q195R,-0.9579534530639648,1.5949051225400002
S183I:D194Y,-10.914567947387695,0.66733296323
S183I:D194V,-11.92318058013916,0.7914068565860001
S183I:D194N,-4.453866958618164,1.7391611583700002
S183C:S184Y,-8.70716667175293,0.663042938584
S183C:T196S,-9.057493209838867,0.0925092314878
S183C:T198K,-14.0557861328125,0.231931109826
S183C:T198S,-7.7109375,0.194723087744
S183D,-1.5177183151245117,0.454053546
S183D:D201A,-14.396671295166016,1.23287957911
S183E,-0.828848123550415,0.725349624
S183F,-4.741403102874756,0.814794351
S183F:T197S,-8.963695526123047,0.580383641032
S183G,-2.327719211578369,1.104197754
S183G:D194A,-6.477736949920654,1.7623196832700003
S183G:D194E,-3.895106792449951,1.49880048215
S183C:S184P,-13.068622589111328,0.202468249982
S183G:D194G,-8.27791976928711,0.911103327999999
S183G:D194N,-2.1474475860595703,2.00690025287
S183G:D194V,-9.616761207580566,0.405748128562
S183G:D194Y,-8.608148574829102,0.84583821273
S183G:D201A,-15.067597389221191,0.542994456632
S183G:D201H,-9.775144577026367,0.5917956424040001
S183G:D201N,-8.388242721557617,0.226079949642
S183G:D201V,-14.7206449508667,0.114922679563
S183G:D201Y,-12.626228332519531,0.257873855779
S183G:F189I,-14.331907272338867,0.208673980122
S183G:G185A,-11.782180786132812,0.57385473468
S183G:G185D,-10.347320556640625,0.370222618047999
S183G:H192Q,-10.714506149291992,0.364664435999
S183G:D194H,-8.314221382141113,1.6317260259200002
S183G:I193F,-7.6573333740234375,0.736551000554
S183C:S184F,-9.572677612304688,0.168242926373
S183C:R187L,-14.957765579223633,0.20385390627
S183A:R187S,-8.305490493774414,1.64222109004
S183C,-6.799540996551514,0.27890144
S183C:D194A,-11.073973655700684,0.3871283095800001
S183C:D194E,-8.49134349822998,0.203853794312
S183C:D194G,-12.874156951904297,0.337195414319
S183C:D194H,-12.910457611083984,0.724949743389
S183C:D194N,-6.7436842918396,0.427453040763
S183C:D194Y,-13.204384803771973,0.220854533599
S183C:D201H,-14.083568572998047,0.180852836614
S183C:D201V,-19.029067993164062,0.265267076683
S183C:F189V,-20.68062973022461,0.186064878064
S183C:F189Y,-9.867714881896973,0.130749853479
S183C:R187S,-14.894461631774902,0.211254136853
S183C:I193M,-11.765583038330078,0.298779452176
S183C:I193V,-7.960272789001465,0.136386764994
S183C:L190M,-9.103132247924805,0.123092397334
S183C:L190Q,-13.889144897460938,0.131704942983
S183C:L190V,-8.554251670837402,0.111771486386999
S183C:N191D,-12.363656997680664,0.135064049023
S183C:Q195H,-8.461053848266602,0.157732077497
S183C:Q195K,-3.2131292819976807,0.461749448969
S183C:Q195R,-2.6062798500061035,0.509955362371
S183C:Q200H,-8.991960525512695,0.397099055705
S183C:Q200R,-12.97464370727539,0.481343537628
S183C:R187G,-16.684207916259766,0.175317185095
S183C:R187H,-13.93191146850586,0.333165950195
S183C:I193N,-8.259893417358398,0.184057620161
S183G:I193K,-6.183261871337891,0.783659240191
S183G:I193L,-5.240952491760254,0.949932619715
S183G:I193M,-7.166335105895996,1.10881717907
S183G:R203L,-13.439153671264648,0.0991029439386
S183G:S184A,-3.7963714599609375,0.654991031311
S183G:S184C,-7.43762731552124,0.446975408526
S183G:S184F,-5.9444427490234375,1.2558071404200002
S183G:S184T,-1.6339848041534424,0.797064590235
S183G:S184Y,-5.078930854797363,1.33778953351
S183G:T196I,-7.505034446716309,0.719837667646
S183G:T196N,-9.14809799194336,0.427051848206
S183G:T196S,-4.545404434204102,0.766706672690999
S183G:T196V,-7.799219131469727,2.39046553762
S183G:T197A,-6.7298479080200195,0.433743944911
S183G:T197S,-6.792645454406738,0.736094095822
S183G:R187S,-10.149829864501953,0.663098529533
S183G:T198A,-8.49917984008789,0.224909382457
S183G:T198Q,-5.896312713623047,1.74765369137
S183G:T198R,-8.165349960327148,0.1812517495459989
S183G:T198S,-3.1194701194763184,0.640901639425
S183H,-3.667759895324707,1.416064987
S183H:G185S,-11.202476501464844,2.4842865913599903
S183H:R187Q,-11.156027793884277,1.8507492272
S183I,-4.528870582580566,1.19217961
S183I:D194A,-8.784156799316406,2.06891216993
S183I:D194E,-6.201526165008545,1.15927037362999
S183I:D194G,-10.584339141845703,0.8446323053020001
S183I:D194H,-10.620640754699707,0.985002449652
S183I:D194K,-10.649477005004883,4.81745360071999
S183G:T198M,-9.617095947265625,0.361152699843999
S183G:R187P,-8.214391708374023,1.20005993893
S183G:R187L,-10.213133811950684,0.869557603862
S183G:R187H,-9.187280654907227,1.3168732094600002
S183G:I193N,-3.660645008087158,1.45172688089
S183G:I193S,-7.517705917358398,0.647662055789
S183G:I193T,-5.946536064147949,0.7279371571500001
S183G:I193V,-3.3610239028930664,0.371573849066
S183G:L190M,-4.070972442626953,0.726083381768
S183G:L190R,-7.828754425048828,0.125643470065
S183G:L190V,-3.522091865539551,0.528850858719
S183G:N191D,-7.833504676818848,0.151875523654
S183G:N191S,-8.765251159667969,0.285963072845
S183G:P202S,-12.813304901123047,0.139821451854
S183G:Q186E,-1.6490848064422607,0.656331010163
S183G:Q186L,-5.870388031005859,0.3422153197199989
S183G:Q186R,-5.731634616851807,2.3242129337599904
S183G:Q195E,-5.584495544433594,0.356963343338
S183G:Q195H,-3.3223085403442383,0.663794826155999
S183G:Q195K,1.9256162643432617,1.87332507354
S183G:Q195L,-6.602243423461914,0.244942314305
S183G:Q195M,-4.519412994384766,1.16450840603
S183G:Q195R,2.532465696334839,2.12633557427
S183G:Q200E,-6.65443754196167,0.0835549707627
S183G:Q200H,-4.585564613342285,1.68588215437
S183G:Q200K,-8.391413688659668,0.475566339111
S183G:Q200L,-3.356332540512085,0.740797360211
S183G:Q200R,-8.568246841430664,1.27872765607
S183G:Q200Y,-6.910057067871094,1.73550588885999
S183G:R187C,-10.653191566467285,0.582823815733
S183G:R187G,-11.939577102661133,0.0804381806926
S183N:Q186E,-0.392975389957428,0.623565272983
S183N:Q186H,-5.644247531890869,1.08190610051
S183N:Q186L,-4.614278793334961,0.688695822031
S183N:Q186P,-9.030187606811523,0.179606773977
S183T,-1.2382009029388428,1.098956339
S183T:D194A,-5.343090534210205,1.855385272
S183T:D194E,-2.760460376739502,1.24981953865
S183T:D194G,-7.14327335357666,0.957614220833999
S183T:D194H,-7.179574966430664,1.41952208486
S183T:D194K,-7.208411693572998,2.20445824557
S183T:D194N,-1.012801170349121,1.8867656467900005
S183T:D194V,-8.482114791870117,0.949523707853
S183T:D194Y,-7.473501682281494,1.1379134993
S183T:D201E,-11.92751407623291,0.129174398984
S183T:D201F,-13.541167259216309,1.32074640127999
S183T:D201G,-14.040767669677734,0.306859483516
S183R:Y188S,-18.08426856994629,0.130224568516
S183T:D201H,-8.582058906555176,0.480270068046
S183T:D201T,-14.830778121948242,1.89231222698
S183T:D201V,-13.527559280395508,0.443924697623
S183T:D201Y,-11.43314266204834,0.750431297431
S183T:F189I,-13.210424423217773,0.457145869916
S183T:F189L,-11.007654190063477,0.0809698354183
S183T:F189Y,-4.282262325286865,0.664170578491
S183T:G185D,-9.096081733703613,0.126710020926
S183T:G185S,-8.795433044433594,0.1864657981
S183T:G185T,-13.066648483276367,1.7463413493400002
S183T:I193M,-6.183163642883301,1.13882188611
S183T:I193T,-4.963364601135254,1.07592861868
S183T:L190M,-3.4265365600585938,0.861287224331
S183T:D201I,-13.741250991821289,1.84590217284
S183T:L190P,-10.060542106628418,0.463097251349999
S183R:Y188H,-15.17936897277832,0.109413110681
S183R:T198S,-6.700807094573975,1.01956262849
S183R:R203H,-16.842559814453125,0.223718280433
S183R:R203L,-17.012048721313477,0.11604810308
S183R:R203N,-19.30426025390625,0.329467294518
S183R:R203P,-19.191410064697266,0.0414221365583
S183R:R203S,-18.603038787841797,0.290114805154
S183R:R203V,-16.206701278686523,0.706535558535999
S183R:S184A,-6.371705055236816,1.3048809828
S183R:S184C,-10.012960433959961,0.430725013631
S183R:S184F,-8.519776344299316,1.8848795031
S183R:S184P,-12.01572036743164,0.231414884361
S183R:S184T,-4.2093186378479,1.32860125381
S183R:S184V,-8.949991226196289,2.1597511858000003
S183R:Y188F,-11.549104690551758,0.294385531902
S183R:S184Y,-7.654264450073242,2.3881123988999904
S183R:T196I,-10.989864349365234,0.903874742193
S183R:T196N,-12.632926940917969,0.872070835077
S183R:T196P,-18.500904083251953,0.431964468
S183R:T196R,-10.757424354553223,5.11039576042
S183R:T196S,-8.030234336853027,1.18663899217
S183R:T197A,-10.161674499511719,0.290934403593
S183R:T197S,-10.224472045898438,0.645702221886
S183R:T198A,-12.080516815185547,0.639951635474
S183R:T198L,-13.493866920471191,0.630521021071999
S183R:T198M,-13.198432922363281,0.255404378907
S183R:T198Q,-9.477649688720703,1.59353235308999
S183R:T198R,-11.746686935424805,0.4197669555439989
S183R:T196A,-12.097814559936523,0.860295438965
S183R:R203G,-18.35216522216797,0.175069567659
S183T:L190R,-7.184318542480469,0.495950647946999
S183T:N191D,-6.719760894775391,0.169276494221
S183T:T197A,-5.551948070526123,0.300812522312
S183T:T197K,-9.570408821105957,0.27494226897
S183T:T197S,-5.614745616912842,0.487653924162
S183T:T198A,-7.608687400817871,0.597493581267
S183T:T198M,-8.726603507995605,0.5606929784870001
S183T:T198N,-8.520289421081543,0.493243779623
S183T:T198P,-9.8326997756958,0.199951356103
S183T:T198R,-7.274857521057129,0.419656850543
S183T:T198S,-2.228978157043457,0.420458777846
S183V,-3.3980188369750977,1.010614488
S183V:D194E,-5.053157806396484,2.39173723158
S183V:N191K,-13.555662155151367,0.79572831138
S183T:T196S,-3.4950194358825684,1.62692545019
S183V:R187S,-11.653219223022461,3.64336519103
S183V:Y188H,-12.929086685180664,1.40954344223
S183W,-9.807929039001465,1.199468491
S183W:D194E,-11.611863136291504,1.63436335134
S183W:Q186H,-14.119311332702637,1.91555176405
S183W:Q200R,-16.04450225830078,1.58132451012999
S183W:W199S,-18.46523666381836,1.36935188432999
S183Y,-5.266319751739502,0.917574196
S183Y:F189L,-14.99396800994873,0.0811480326532999
S183Y:I193L,-8.248424530029297,1.44230640192999
S183Y:I193M,-10.173807144165039,1.57086862217
S183Y:Q195R,-1.016794204711914,5.88495793855999
S183Y:T196S,-7.53585958480835,2.07114184403
S183V:S184T,-1.535099983215332,1.21288634138
S183T:L190V,-2.8776559829711914,0.691641141055
S183T:T196N,-8.097712516784668,0.931317644819
S183T:T196A,-7.562600135803223,0.431685718943
S183T:N191K,-11.368163108825684,0.278853112232
S183T:N191Y,-11.538663864135742,0.0656979954146
S183T:Q186E,-0.5879971385002136,0.854470085299
S183T:Q186H,-5.839269638061523,1.09350548606
S183T:Q186L,-4.809300422668457,0.991303876826999
S183T:Q186R,-4.670547008514404,1.74578836350999
S183T:Q186Y,-8.033370018005371,1.09637200949
S183T:Q195E,-4.829328536987305,0.227686371649
S183T:Q195H,-2.567141056060791,0.5793778571270001
S183T:Q195K,2.68078351020813,2.40647607793
S183T:Q195R,3.287632942199707,1.8090421510099897
S183T:Q200H,-3.475222110748291,1.59727587692
S183T:T196I,-6.454648971557617,0.85044738542
S183T:Q200N,-3.526683807373047,1.6677933195200003
S183T:R187C,-9.816099166870117,0.4107665955780001
S183T:R187H,-8.350187301635742,0.598288595016999
S183T:R187L,-9.376041412353516,0.958465328169
S183T:R187P,-7.377298355102539,0.7210186488150001
S183T:R187S,-9.312737464904785,0.523032421708
S183T:R187Y,-11.685419082641602,0.67912193904
S183T:S184A,-2.3034539222717285,1.46991586697999
S183T:S184F,-4.4515252113342285,1.21183254096
S183T:S184N,-1.7556650638580322,1.70173770955
S183T:S184P,-7.947469711303711,0.673814743001
S183T:S184T,-0.14106744527816772,1.80544880363
S183T:S184Y,-3.5860133171081543,1.90287457352
S183T:Q200R,-7.457904815673828,1.93957845776
S183R:R187V,-11.340047836303711,5.37000595873
S183R:R187S,-13.845333099365234,1.16401324569999
S183R:R187P,-11.909894943237305,1.58480882001
S183N:T198R,-6.907857894897461,0.299227424083
S183N:T198S,-1.8619787693023682,0.7126211932780001
S183N:Y188H,-10.404211044311523,0.310461129554
S183P,0.6890075206756592,0.727134572
S183P:D194N,0.8823907375335693,3.54509713075
S183P:Q200R,-5.467379093170166,1.54004916072
S183Q,0.04549155756831169,1.7430199519999998
S183R,-5.811830043792725,1.49171078
S183R:D194A,-10.144465446472168,2.5934308266299904
S183R:D194C,-12.751659393310547,2.64183618329
S183R:D194E,-7.561835289001465,1.99661488408
S183R:D194F,-13.783266067504883,0.533295879251
S183N:T198Q,-4.638821601867676,2.91912150293
S183R:D194G,-11.944648742675781,1.74563325158
S183R:D194K,-12.009786605834961,2.2300529784200003
S183R:D194N,-5.814176082611084,2.45577908544
S183R:D194S,-7.676272869110107,1.43675064717
S183R:D194T,-5.087187767028809,2.1155886568
S183R:D194V,-13.283489227294922,1.43273005877999
S183R:D194Y,-12.274876594543457,1.32722261852999
S183R:D201A,-18.392162322998047,0.743089946541
S183R:D201E,-16.44516372680664,0.136967589098
S183R:D201G,-18.55841827392578,0.531475825954
S183R:D201H,-13.099709510803223,0.858171989444
S183R:D201N,-11.712807655334473,0.794797722929
S183R:D201V,-18.045209884643555,0.783182631889999
S183R:D194H,-11.980949401855469,1.94921942722
S183R:D201Y,-15.950793266296387,0.840054214072
S183N:T198A,-7.241687774658203,0.740199689281
S183N:T196S,-3.190290689468384,0.589468428622
S183N:Q186R,-4.475525379180908,1.04101334453
S183N:Q195E,-4.551707744598389,0.0786040904336
S183N:Q195H,-2.289520502090454,0.320558817394
S183N:Q195K,2.958404064178467,1.97133093909
S183N:Q195R,3.565253496170044,2.36590626931
S183N:Q200E,-5.231322288513184,0.291523702737
S183N:Q200H,-3.162449359893799,1.106704605
S183N:Q200K,-6.968298435211182,0.5653868348800001
S183N:Q200L,-1.9332174062728882,1.34373167037
S183N:Q200R,-7.145132064819336,1.30823117908999
S183N:R187G,-10.557086944580078,0.225503817596
S183N:R187H,-7.804790496826172,0.8967177360840001
S183N:T197S,-5.251062393188477,0.443253413430999
S183N:R187L,-8.830643653869629,0.743643789137
S183N:R187S,-8.767339706420898,0.736090764356
S183N:R187T,-6.274659633636475,0.922775035423
S183N:R187V,-6.262055397033691,0.493243779623
S183N:S184A,-1.8034523725509644,0.55278054905
S183N:S184C,-5.444708347320557,0.394531134619
S183N:S184F,-3.951523542404175,1.50433470303999
S183N:S184G,-2.7287962436676025,1.6064557114700002
S183N:S184Y,-3.0860118865966797,1.3678437745700005
S183N:T196A,-7.257871627807617,0.627374581281
S183N:T196I,-6.149920463562012,0.874028337174
S183N:T196P,-13.660959243774414,0.470300201701
S183N:T196R,-5.91748046875,1.96412777435999
S183N:R187P,-6.831901550292969,1.37724028275999
S183R:F189I,-17.76983642578125,0.177678362499
S183R:F189Y,-8.8416748046875,1.29928009173
S183R:G185A,-15.114144325256348,0.123605572323
S183R:Q186L,-8.79499626159668,0.870684421066
S183R:Q186P,-13.210905075073242,0.148327426863
S183R:Q186R,-8.656242370605469,1.84456261926
S183R:Q186W,-14.895357131958008,1.58776235257999
S183R:Q186Y,-12.019065856933594,2.1089639837400003
S183R:Q195E,-9.797136306762695,0.286498201292
S183R:Q195H,-7.534948825836182,0.818388418526
S183R:Q195K,-2.2870242595672607,2.76796361894
S183R:Q195L,-10.814884185791016,0.364263977107
S183R:Q195R,-1.6801748275756836,3.2128380676200003
S183R:Q200A,-9.53468132019043,0.800371399731999
S183R:Q200D,-11.234477043151855,1.2509653826
S183R:Q186K,-8.259322166442871,0.4298270972569989
S183R:Q200E,-10.098709106445312,0.768765245077
S183R:Q200H,-8.02983570098877,1.6958230224200002
S183R:Q200K,-11.835684776306152,0.873118340688
S183R:Q200L,-6.800603866577148,0.634420338565
S183R:Q200N,-8.081296920776367,2.19037699294999
S183R:Q200R,-12.012517929077148,2.46670425895
S183R:R187A,-14.436704635620117,2.5133620516999904
S183R:R187C,-14.348694801330566,0.404686932571
S183R:R187F,-17.145368576049805,5.13713896276
S183R:R187G,-15.635080337524414,0.243810879401
S183R:R187H,-12.882783889770508,1.33375435483
S183R:R187I,-11.509540557861328,0.846957472918999
S183R:R187L,-13.908637046813965,1.30896344591
S183R:Q200G,-13.480888366699219,2.21696675988
S183R:Q186H,-9.82496452331543,1.6325202847
S183R:P202V,-17.644052505493164,0.779290345397
S183R:P202S,-16.316219329833984,0.0317606532446
S183R:G185C,-16.153289794921875,0.158413322415
S183R:G185D,-13.67928409576416,0.205183152854
S183R:G185R,-13.546747207641602,0.600322940165
S183R:G185S,-13.37863540649414,0.552284323447
S183R:G185Y,-18.510099411010742,0.758626077791
S183R:H192D,-16.026315689086914,0.0315522624975
S183R:H192Y,-13.159994125366211,0.2013055382079989
S183R:I193F,-11.175455093383789,0.936983316155
S183R:I193L,-8.759075164794922,1.32228033146
S183R:I193M,-10.684457778930664,5.524403189419991
S183R:I193N,-7.178767204284668,1.85248730494
S183R:I193R,-10.942306518554688,3.57881786049
S183R:I193S,-11.03582763671875,1.21528608146
S183R:I193T,-9.464658737182617,1.31356440293
S183R:I193V,-6.879146575927734,1.07314253358
S183R:L190M,-8.374313354492188,1.01032648768
S183R:L190Q,-13.16032600402832,0.597513225384
S183R:L190R,-12.132095336914062,0.728261263484
S183R:L190V,-7.825432777404785,1.12507794266
S183R:N191D,-11.309263229370117,0.221467381907
S183R:N191H,-12.250484466552734,0.267903133412
S183R:N191K,-15.957664489746094,0.306125520681
S183R:N191S,-12.241008758544922,0.797748544487999
S183R:N191T,-17.044776916503906,0.0608645102346
S183R:N191Y,-16.12816619873047,0.6191053701470001
S183R:P202Q,-18.281064987182617,0.17017515303
S183R:P202R,-17.60762596130371,0.373795705229
S183A:Q186H,-4.575872421264648,0.683115704206
S183A,0.05796324834227562,1.486004561
S183G:L190Q,-8.85698413848877,0.338803105878
S184F:T197S,-9.321236610412598,0.502468232119
S184P:N191D,-12.9684419631958,0.0536920220753
S184P:P202R,-19.2354793548584,0.21660281583
S184P:Q186R,-9.237666130065918,0.296432993777
S184P:Q200L,-8.239649772644043,0.204842972362
S184P:R187L,-15.298797607421875,0.2191162042909989
S184P:R187P,-13.36540699005127,0.488928729424
S184P:R203V,-17.62976837158203,1.3014720057
S184P:T196N,-14.261963844299316,0.00585729505868
S184P:T196P,-20.125812530517578,0.0659445439711
S184P:T198P,-15.977497100830078,0.241953287184
S184P:W199L,-15.003080368041992,0.285214904215
S184P:Y188H,-16.74414825439453,0.276886506022
S184R,-2.947960376739502,1.306861885
S184R:D194N,-2.8984224796295166,2.6908074131700004
S184R:D201N,-8.928877830505371,0.618371176179
S184R:P202R,-14.64030647277832,1.23287957911
S184R:R187P,-9.187006950378418,1.96470598232
S184P:L190V,-9.00044059753418,0.344093093873
S184P:L190M,-9.576068878173828,0.355263408961
S184P:I193V,-8.613703727722168,0.314718167244
S184P:I193M,-12.409035682678223,0.159683908338
S184L:D194N,-2.8781814575195312,1.1711327230700002
S184L:I193V,-3.942708730697632,1.0179117537
S184L:Q186L,-4.901994228363037,2.31106082816
S184L:Q195E,-6.29417085647583,1.71296538072
S184L:T196A,-9.292409896850586,0.546443034834
S184L:T197S,-7.215954780578613,2.26658258823
S184L:T198S,-3.7566065788269043,1.44853888062
S184N:N191I,-11.390326499938965,2.2855053887400003
S184R:T196S,-5.214743137359619,2.36850985678
S184P,-7.447383880615234,0.1943982789999999
S184P:D194E,-9.147808074951172,0.242135569597
S184P:D194N,-7.315737247467041,0.4561839285369989
S184P:D194S,-9.287603378295898,0.68996112675
S184P:D194Y,-13.827398300170898,0.276648868182
S184P:D201V,-19.763437271118164,0.282876900542
S184P:D201Y,-17.74407386779785,0.215791687925
S184P:G185A,-16.693317413330078,0.238592494483
S184P:H192Y,-14.994874000549316,0.146750147645
S184P:D194A,-11.781816482543945,0.416913767138
S184L,-2.8378524780273438,0.802335538
S184T,1.2022385597229004,0.964898963
S184T:D194E,-0.46510863304138184,2.99568544236
S184T:I193S,-4.169760704040527,0.2319996029259989
S184T:I193T,-2.6230552196502686,0.584202486487
S184T:I193V,0.01920175552368164,1.52728334963999
S184T:L190M,-1.102736234664917,1.19701386148999
S184T:L190Q,-5.856680393218994,0.26210374915
S184T:L190V,-0.527107834815979,0.744687948041
S184T:N191D,-4.306865215301514,0.113259750709999
S184T:N191H,-5.2913498878479,0.5280616716350001
S184T:N191S,-5.269470691680908,0.396341182033
S184T:N191T,-10.025437355041504,0.23844109268
S184T:P202R,-10.621749877929688,0.2424580428599989
S184T:Q186E,2.8213624954223633,0.591701986683
S184T:Q186H,-2.974146842956543,0.899381773232
S184T:Q186L,-1.7173432111740112,0.2831660757
S184T:Q186R,-1.151685357093811,1.07869378235
S184T:Q195H,0.018630623817443848,0.511176707736
S184T:Q195K,5.152742385864258,2.56099770973
S184T:I193L,-1.844533920288086,0.675521486153
S184T:I193F,-4.290509223937988,0.8838923441050001
S184T:H192R,-6.221067428588867,0.155800080771
S184T:H192P,-11.908700942993164,0.279157358125
S184T:D194G,-4.874050140380859,0.984622467482
S184T:D194H,-4.858760833740234,1.44391735151
S184T:D194N,1.3669625520706177,1.23142473821
S184T:D194V,-6.1827287673950195,0.828288905063
S184T:D194Y,-5.1446990966796875,0.680955675836
S184T:D201A,-11.431939125061035,0.985240915652
S184T:D201H,-6.206655502319336,0.583759837307
S184T:D201I,-11.30637264251709,0.847763358244999
S184T:D194A,-3.0991172790527344,2.0606994433200003
S184T:D201K,-11.834644317626953,1.60751102156
S184T:D201V,-11.068754196166992,0.725257556992
S184T:D201Y,-9.04939079284668,0.701447795025
S184T:F189Y,-1.845259666442871,1.34927241422999
S184T:G185C,-8.739143371582031,0.362833694697
S184T:G185D,-6.274941444396973,0.208802478252
S184T:G185E,-7.663407325744629,1.3374358085100002
S184T:G185R,-6.452188968658447,0.7512752350830001
S184T:G185S,-6.156702518463135,1.4905215328
S184T:D201N,-4.777675628662109,0.6091692891130001
S184I:D194N,-4.80730676651001,1.67387698558999
S184I,-4.816115379333496,0.8417349390000001
S184H:N191L,-15.396105766296387,2.0379474389500003
S184F:L190Q,-11.762904167175293,0.236192787906
S184F:I193T,-8.728328704833984,1.21681702234999
S184F:I193S,-10.275033950805664,1.0089643057700002
S184F:I193N,-6.393929481506348,1.39142732849999
S184F:I193M,-9.881402969360352,1.04573438227999
S184F:I193L,-7.949807167053223,1.21565640472
S184F:H192R,-12.623464584350586,0.232379378509
S184F:H192D,-15.712202072143555,0.134420174285
S184F:G185D,-12.36196517944336,0.196141135781
S184F:F189Y,-7.837140083312988,1.20644484004999
S184F:F189C,-16.517419815063477,0.151729194922
S184F:D194Y,-11.568132400512695,0.642406493046
S184F:D194V,-12.606162071228027,0.492979067894
S184F:D194S,-7.028336524963379,0.541982894384
S184F:D194N,-5.05647087097168,1.7371034961
S184F:D194K,-11.292526245117188,1.67803869726
S184F:D194H,-11.282194137573242,0.499628278838
S184F:L190R,-10.763347625732422,0.820952246267
S184F:L190V,-6.433331489562988,0.704220598347
S184F:N191H,-11.450927734375,0.241172530751
S184F:N191S,-11.429048538208008,0.438647478727
S184F:R187P,-10.516046524047852,1.60084324115
S184F:R187S,-12.383642196655273,0.817310302737
S184F:R187L,-12.449437141418457,0.6359635226420001
S184F:R187H,-11.589095115661621,0.6713619611570001
S184F:R187C,-12.899616241455078,0.196588060955
S184F:Q200R,-11.098380088806152,1.39154667801
S184F:Q200L,-5.835163593292236,0.708100113236
S184F:Q200H,-7.254380226135254,1.55676668852999
S184F:D194G,-11.297483444213867,0.92025961588
S184F:Q200E,-9.296993255615234,0.450000593151
S184F:Q195K,-1.1874639987945557,1.93708891740999
S184F:Q195E,-8.590669631958008,0.856792826467999
S184F:Q186R,-5.498157501220703,1.81632073232
S184F:Q186P,-10.850418090820312,0.188633191969
S184F:Q186L,-6.063815593719482,0.212096514576
S184F:Q186H,-7.320619583129883,1.02522601273
S184F:Q186E,-1.5251100063323975,0.7387860951180001
S184F:Q186D,-5.780925750732422,1.73696696398
S184F:Q195R,-0.5050969123840332,2.35376224151
S184F:D194E,-6.888542175292969,1.35515533204
S184F:D194C,-12.152780532836914,1.00623471065
S184F:D194A,-9.522550582885742,1.46047747611
S184F:T198M,-12.348498344421387,0.145695609088
S184F:T198R,-10.894906997680664,0.3085417978599989
S184F:T198S,-5.919834613800049,0.953109239546999
S184G,-2.3002963066101074,1.224846881
S184C:Q195K,-1.4197580814361572,1.27429570701
S184C:Q186R,-6.118258476257324,0.510885710869
S184C:Q186E,-2.1452105045318604,0.574558021647
S184C:N191S,-11.598670959472656,0.0413094283174
S184C:Q195R,-0.7373909950256348,1.01197886959999
S184C:I193N,-6.598103046417236,0.53456900437
S184G:D194A,-6.564009189605713,2.897690786540001
S184G:I193N,-3.745072364807129,1.84437550342
S184G:L190M,-4.493412494659424,0.961985973664
S184G:L190Q,-9.247356414794922,1.05917779495
S184G:N191S,-8.82597827911377,0.668926980451999
S184G:Q195K,1.5663156509399414,2.79451738944
S184H,-2.74562406539917,0.462754975
S184H:D194N,-2.7130424976348877,2.02620204758
S184C:D201A,-17.679931640625,0.276921791217
S184T:Q195R,5.835109710693359,1.5101075022
S184F:T196S,-7.338149070739746,0.835312950944
S184F:T196A,-11.37629222869873,0.411995146076
S184F,-5.014382839202881,1.103066226
S184D:Q200R,-6.370445251464844,1.50429320672
S184D:Q186R,-2.810208797454834,1.26713524119
S184D:N191Y,-10.818439483642578,1.26349450229
S184D,-0.36375725269317627,0.92077903
S184C:Y188L,-14.016555786132812,0.855251562549999
S184C:T198K,-12.287118911743164,0.176873728287
S184C:T196S,-7.298104286193848,0.4705207379550001
S184F:T196I,-10.218528747558594,0.659203276252
S184C:T196L,-12.251320838928223,0.720030845315
S184C:R187S,-12.826967239379883,0.478463135971
S184C:R187H,-12.032421112060547,0.271168422513
S184C:R187F,-16.094562530517578,1.32517665029
S184C:Q200R,-11.094661712646484,0.534997903044
S184C:Q200H,-7.250661849975586,0.65605869748
S184C:Q195Y,-9.215526580810547,1.21522802498
S184F:R187V,-9.893939971923828,0.951687690041999
S184F:R203P,-18.235252380371094,0.0811480326531
S184C:T196I,-10.178483963012695,0.175060149455
S184T:Q200H,-0.9555596113204956,1.68472730005
S184T:Q186P,-6.503945350646973,0.243659420091
S184T:Q200L,0.46365731954574585,0.891390596606999
S184C:D194A,-9.458728790283203,0.71239307029
S184C,-5.062744140625,0.468705008
S184A:Y188H,-11.027658462524414,1.48907747754
S184A:W199C,-11.858147621154785,0.137813880571
S184A:T198S,-2.568535566329956,0.878729931429
S184A:T198A,-7.911168098449707,0.415162110479
S184A:T197S,-6.15989875793457,0.4380367350569989
S184A:T196S,-3.99440598487854,0.693249963083
S184A:T196P,-14.419994354248047,0.1488333119
S184A:T196I,-6.874786376953125,0.498042098896
S184A:T196A,-8.032548904418945,0.828005573387
S184A:R203C,-11.817078590393066,0.129648913241
S184A:R187S,-9.556270599365234,0.721012116360999
S184A:R187Q,-9.233291625976562,4.2226638249
S184A:R187L,-9.622065544128418,0.621401817098
S184A:R187H,-8.761723518371582,0.919385477241
S184A:R187C,-10.072244644165039,0.418051073999
S184C:D194E,-6.82472038269043,0.599888998017
S184C:D194G,-11.233661651611328,0.368487103219
S184C:D194H,-11.218372344970703,0.792764449548999
S184C:D194N,-4.992649078369141,0.839156383147
S184Y:T196K,-8.140779495239258,3.52558431791
S184Y:T196M,-9.998554229736328,1.44662423771
S184T:Q200K,-4.644279956817627,0.543131992539999
S184Y:T196P,-16.892446517944336,0.401817499611
S184Y:T196S,-6.466858386993408,1.16037165468
S184Y:T196Y,-13.026166915893555,1.88975912665
S184Y:T197A,-8.17110824584961,0.0923365128296
S184Y:T197P,-12.538246154785156,0.517396230485
S184A:Q200R,-7.721692085266113,1.7971978321900002
S184Y:T197S,-8.342000007629395,0.651140255055999
S184Y:T198P,-12.722784042358398,0.493913988336
S184Y:T198R,-10.107192993164062,0.589338980931
S184Y:T198S,-5.132119655609131,0.866156131747
S184Y:Y188C,-12.579095840454102,0.248666016387
S184Y:Y188D,-15.559463500976562,0.144873116478
S184Y:Y188F,-9.705082893371582,0.172253508233
S184C:D194Y,-11.504310607910156,0.535962318449
S184C:D194V,-12.542340278625488,0.160932097256
S184Y:T198A,-10.474752426147461,0.698302400018
S184A:Q200L,-2.458475351333618,0.612938350752
S184A:Q200H,-3.877692222595215,1.60362641224
S184A:Q200E,-5.920305252075195,0.352886718764
S184A:G185V,-13.718809127807617,0.123750538121
S184A:F189Y,-4.763028621673584,1.36435437044999
S184A:F189C,-13.443307876586914,0.0442419728899
S184A:D201V,-14.007960319519043,0.547694017164
S184A:D201P,-12.77147102355957,1.28726058466
S184A:D201N,-7.71688175201416,0.589747997827999
S184A:D201H,-9.145861625671387,0.646501124352
S184A:D201G,-14.544315338134766,0.84871248764
S184A:I193F,-7.143190383911133,0.4681684040470001
S184A:D201E,-12.440445899963379,0.3307186667969989
S184A:D194V,-9.0873384475708,1.01448401267999
S184A:D194N,-1.537646770477295,2.04979124494
S184A:D194K,-7.773702621459961,2.28022960925
S184A:D194H,-7.763370037078857,1.96659434860999
S184A:D194G,-7.778659343719482,1.16771842903
S184A:D194E,-3.369718074798584,1.11339777952999
S184A:D194A,-6.003726482391357,2.22390266372
S184A,-1.6986184120178223,1.077888723
S184A:D194Y,-8.049308776855469,1.16648958231
S184Y:T196I,-9.347238540649414,0.571003956523
S184A:I193L,-4.6972150802612305,1.01978766182
S184A:I193N,-3.1413373947143555,1.1089026534
S184A:Q195R,2.846207857131958,2.0919844424900003
S184A:Q195K,2.1638407707214355,4.012600010480003
S184A:Q195H,-2.970271110534668,0.3682427905929989
S184A:Q195E,-5.2393646240234375,0.54473800196
S184A:Q195A,-6.732633590698242,1.96344315595999
S184A:Q186Y,-7.231114387512207,5.03378074979
S184A:Q186R,-3.88451886177063,0.826305263921
S184A:Q186L,-4.45017671585083,0.70519282323
S184A:I193M,-6.628810882568359,0.557384367479
S184A:Q186K,-3.6230340003967285,0.477008290864999
S184A:Q186E,0.08852887153625488,0.792682734363999
S184A:Q186D,-4.1672868728637695,1.25474860127
S184A:L190R,-7.70425271987915,0.468590187695999
S184A:L190Q,-8.703808784484863,0.35970126759
S184A:L190M,-3.9498648643493652,1.51373584653
S184A:I193V,-2.833479166030884,0.805441497956
S184A:I193T,-5.475736141204834,0.8563515943860001
S184A:I193S,-7.022441864013672,0.2219693687649989
S184A:Q186H,-5.7069807052612305,0.971188895054
S184Y:T196A,-10.505001068115234,0.400539269684
S184Y:T196N,-11.02859878540039,0.655456853297
S184Y:R187P,-9.675163269042969,1.80099430033
S184W,-8.477957725524902,1.083782072
S184W:Q195E,-12.217728614807129,2.25913619132
S184W:Q195R,-4.132155895233154,5.20787365021
S184W:Q200K,-14.41708755493164,1.60532247583
S184W:Q200R,-14.572366714477539,1.28064885964
S184Y,-4.149145603179932,1.515227045
S184Y:D194A,-8.638444900512695,2.1924619826800003
S184Y:D194E,-6.004436492919922,1.56732434495
S184Y:D194G,-10.41337776184082,1.37542145981
S184Y:D194H,-10.398088455200195,2.19121790092
S184Y:D194K,-10.408421516418457,2.09999701072
S184Y:D194N,-4.172365665435791,2.17573251685
S184Y:D194S,-6.14423131942749,1.39133061528999
S184Y:R187S,-11.54275894165039,1.0375348721200002
S184Y:D194Y,-10.684026718139648,0.732140205055
S184Y:D201A,-16.73917007446289,0.727290478787
S184Y:D201K,-17.141874313354492,1.2372975804200002
S184V,-4.009817600250244,0.941664387
S184T:T198S,0.29601436853408813,0.6199354153800001
S184T:T198R,-4.67905855178833,0.143166759799
S184T:T198P,-7.294649600982666,0.268736686854
S184T:Q200R,-4.799559116363525,1.45844579006
S184T:Q200T,-0.4667750597000122,1.39112337639
S184T:Q200W,-8.232147216796875,2.78085207537
S184T:R187C,-7.333414554595947,0.652415841357
S184T:R187G,-8.632118225097656,0.369155182633
S184T:R187H,-6.02289342880249,0.624355094439
S184T:R187L,-6.883235454559326,1.73832587042999
S184T:R187P,-4.949844837188721,1.30839573001
S184Y:D201N,-10.084905624389648,0.4571007969730001
S184T:R203G,-11.144621849060059,0.412547037866
S184T:T196C,-4.308522701263428,1.08985241104
S184T:T196F,-7.465834617614746,1.93052458598
S184T:T196I,-3.9229698181152344,0.309186172913
S184T:T196N,-5.604329586029053,0.806704796833
S184T:T196S,-1.042589783668518,0.626573849542
S184T:T197A,-3.0826988220214844,0.280027581101
S184T:T197N,-8.587071418762207,0.105298854175
S184T:T197S,-3.2535901069641113,0.646878850448
S184T:T196A,-5.080732822418213,0.796924255348999
S184Y:F189C,-15.604132652282715,0.221085652469
S184Y:D194V,-11.722057342529297,0.8240904367980001
S184Y:F189Y,-6.923852920532227,1.3319965587
S184Y:Q186L,-4.685153007507324,0.579372908832
S184Y:Q186N,-7.427671432495117,0.878698248127
S184Y:F189L,-13.537039756774902,0.236101279911
S184Y:Q195H,-5.409734725952148,1.4486273557
S184Y:Q195K,-0.275623083114624,2.9521818401999904
S184Y:Q195L,-8.660097122192383,0.201835054247
S184Y:Q195R,0.40674400329589844,2.8651966733200003
S184Y:Q200E,-8.459932327270508,1.05050451894
S184Y:Q200H,-6.417319297790527,1.9009841654400004
S184Y:Q200K,-10.106040000915527,0.739154196442
S184Y:Q200L,-4.99810266494751,0.95411755813
S184Y:Q200R,-10.261319160461426,2.12776990610999
S184Y:Q200S,-8.187694549560547,1.83056241001
S184Y:Q200Y,-8.653006553649902,1.49534387341
S184Y:R187G,-13.357436180114746,0.104209912432
S184Y:R187H,-10.748211860656738,1.20722681156
S184Y:R187L,-11.608553886413574,0.721508733201
S184Y:Q186K,-3.8580105304718018,0.363156694481
S184Y:Q186H,-5.941956996917725,2.0683101581
S184Y:Q186R,-4.119495391845703,3.12883876383
S184Y:P202T,-16.10142707824707,0.0955959571711
S184Y:G185C,-14.098711013793945,0.203781322322
S184Y:G185R,-11.811756134033203,0.148622993539
S184Y:H192R,-11.726495742797852,0.20977260942
S184Y:Q186E,-0.14644765853881836,0.609036190418
S184Y:I193M,-9.022581100463867,2.0167901443700003
S184Y:I193N,-5.535107135772705,1.56638784732999
S184Y:I193P,-13.756441116333008,1.43089980127
S184Y:I193S,-9.41621208190918,0.762446111869999
S184Y:I193T,-7.869505882263184,1.1378874121200002
S184Y:I193L,-7.090984344482422,2.30266697823
S184Y:L190M,-6.07247257232666,1.10556740193
S184Y:L190R,-9.826860427856445,0.649821483361
S184Y:L190V,-5.4968438148498535,1.18716755217
S184Y:N191D,-9.673022270202637,0.16140804053
S184Y:N191H,-10.657506942749023,0.341955051896
S184Y:N191K,-14.314069747924805,0.2298836879369989
S184Y:N191S,-10.635627746582031,0.619950880088
S184Y:P202R,-15.995244026184082,0.298784068506
S184Y:I193V,-5.2272491455078125,1.2993905463600002
G185A:Q195K,-5.450366020202637,0.822105196395
G185A:Q186H,-13.842765808105469,0.0835650090281
G185A:L190R,-14.56003189086914,0.245106063434
G185A:L190M,-10.99637222290039,0.336864724882
G185A,-9.48283576965332,0.295663185
G185A:F189A,-24.8487548828125,1.63651926764
G185A:D201N,-15.46358585357666,0.136530341609
G185A:D194N,-9.358630180358887,0.6532329708300001
G185A:Q200L,-10.310118675231934,0.159509075537
G185A:I193N,-10.911495208740234,0.137668733871
G185A:R187H,-16.029529571533203,0.0797657225234999
G185D:L190R,-13.313972473144531,0.229980944956
G185A:T196I,-14.749930381774902,0.0569213613486999
G185R:Q200R,-13.845621109008789,0.4130824760589989
G185R:R187P,-13.709244728088379,0.254505103862
G185R:T196I,-13.072783470153809,0.182163536147
G185R:T196N,-14.788961410522461,0.465969729892
G185R:T196S,-10.184080123901367,0.111053159182999
G185R:T197S,-12.362428665161133,0.108448816104
G185R:Q200H,-9.93881607055664,0.540574476915
G185R:T198K,-15.120643615722656,0.438127103118
G185R:T198P,-16.342857360839844,0.114303984258
G185R:T198R,-13.819326400756836,0.271074613692
G185A:R187S,-17.02283477783203,0.2502863909409989
G185R:Y188F,-13.663238525390625,0.317617343213
G185S,-7.717796325683594,0.3557205779999999
G185S:D194A,-11.856807708740234,0.4074823746909989
G185R:T198M,-15.262630462646484,0.2030125524769989
G185S:D194E,-9.21123218536377,0.572363104024
G185R:Q195P,-15.266875267028809,0.333988280301
G185R:Q195H,-9.03161334991455,0.643096033439
G185R,-7.844637870788574,0.473883115
G185N:T198S,-7.04794454574585,1.53956014311
G185R:D201A,-20.578462600708008,0.180463642255
G185R:D201C,-17.583663940429688,0.862577943490999
G185R:D201H,-15.262619972229004,0.207566336405
G185R:D201N,-13.842996597290039,0.227563061902
G185R:Q195K,-3.866055727005005,1.57065715574
G185R:F189W,-16.295856475830078,0.835460369295
G185R:I193F,-13.377863883972168,0.3626146428630001
G185R:I193N,-9.355586051940918,0.957186473226
G185R:I193T,-11.676740646362305,0.583914107428
G185R:I193V,-9.056595802307129,0.287415084897
G185R:P202R,-19.516237258911133,0.619838873679
G185R:Q186H,-11.811458587646484,0.516623398203
G185R:F189Y,-10.636640548706055,0.036612438095
G185R:D194G,-13.836597442626953,0.587331258197
G185S:D194N,-7.569256782531738,0.806368583317
G185S:D201E,-18.531219482421875,0.180755232656
G185S:T198P,-16.178314208984375,0.289844367443
G185T:Q195P,-19.547996520996094,0.52642202832
G185V,-12.362728118896484,0.0409702979999999
G185V:D194H,-18.370616912841797,0.3798132849239989
G185V:D201K,-25.4461669921875,0.435075498525
G185V:H192Y,-19.894136428833008,0.083319821735
G185S:T198K,-14.956101417541504,0.145942594192
G185V:I193N,-13.787909507751465,0.265237558673
G185V:Q195P,-19.792200088500977,0.0754457393866
G185V:Q200E,-16.733884811401367,0.187240302082
G185V:T196G,-21.12422752380371,1.11126542036
G185V:T197M,-22.541980743408203,0.951687690041999
G185W,-13.41276741027832,0.17919543
G185Y:Q195K,-8.938620567321777,1.36908778996
G185V:I193V,-13.488919258117676,0.0460930386326
G185S:D194Y,-14.00937271118164,0.268387531713
G185S:T196I,-12.986080169677734,0.632520558292
G185S:Q200R,-13.723163604736328,0.21424865928
G185S:F189C,-19.30193519592285,0.212648162799
G185S:F189Y,-10.5294189453125,0.315105772655
G185S:H192P,-20.693891525268555,0.0587231216035
G185S:I193F,-13.250504493713379,0.030237121043
G185S:I193L,-10.826080322265625,0.3889506656840001
G185S:I193M,-12.779571533203125,0.503958997123999
G185S:R187H,-14.381851196289062,0.2821059629369989
G185S:I193T,-11.549381256103516,0.0541281390719
G185S:L190V,-8.531564712524414,0.485529570774
G185S:Q186D,-11.857301712036133,1.6665182613
G185S:Q186R,-10.586864471435547,0.457232832444
G185S:Q195K,-3.6397111415863037,1.22420878912
G185S:Q195R,-2.9903340339660645,0.7733516670730001
G185S:Q200K,-13.565406799316406,0.122710843386
G185S:L190Q,-13.898487091064453,0.160308610702
G185R:D194H,-13.90733528137207,0.60707699911
G185R:W199F,-12.924861907958984,1.15401234652
G185R:D194Y,-14.204648971557617,0.266782344347
G185C:T196I,-15.679153442382812,0.0694356813079
G185C:T196S,-12.790450096130371,0.0715075097868999
G185C:T197S,-14.908967018127441,0.119572158604
G185D,-7.934778690338135,0.42102237
G185D:D194A,-12.148555755615234,0.482089273863999
G185D:D194E,-9.50298023223877,0.429912636677
G185C:Q200R,-16.51947021484375,0.519015412341
G185D:D194G,-13.933070182800293,0.290359363155
G185D:D194N,-7.861004829406738,0.782487415533999
G185D:D194Y,-14.30112075805664,0.396428361711
G185D:D201G,-20.737022399902344,0.21143542954
G185D:D201H,-15.284529685974121,0.350572351979
G185D:D201N,-13.864906311035156,0.120132083876
G185D:F189C,-19.532588958740234,0.137577249854
G185D:D194H,-14.003807067871094,0.520943538107
G185D:F189I,-19.806270599365234,0.145305886316
G185C:Q200K,-16.361713409423828,0.409143353565
G185C:Q195K,-6.484920501708984,0.787848140084
G185A:T197S,-13.95052433013916,0.0939265097272
G185A:T198K,-16.695560455322266,0.113914035308
G185C,-10.448786735534668,0.378104551
G185R:D194N,-7.764532566070557,0.904735946880999
G185C:D194N,-10.367681503295898,0.438418737786
G185C:D201A,-23.138763427734375,0.0903334857412
G185C:Q200H,-12.612665176391602,0.722321623529
G185C:F189Y,-13.28770923614502,0.482740288098
G185C:I193N,-11.930848121643066,0.801619293401
G185C:L190Q,-16.859926223754883,0.28011770187
G185C:P202R,-22.171356201171875,0.1967447796209989
G185C:P202V,-22.31645965576172,0.670304062557
G185C:Q186R,-13.227755546569824,0.498727872619999
G185C:Q195E,-13.968708038330078,0.261434827014
G185C:I193M,-15.482192993164062,0.255196967022
G185D:I193F,-13.545642852783203,0.550816884159
G185C:D194E,-12.00965690612793,0.133981086735
G185D:I193M,-13.074710845947266,0.438619517717999
G185D:I193L,-11.12121868133545,0.3755791266
G185N:Q195H,-7.1879096031188965,1.8365721633099896
G185N:L190R,-11.13010025024414,5.45320124364
G185N:I193S,-11.620277404785156,1.81008004045999
G185N,-6.1242356300354,0.5139554239999999
G185M,-11.904973983764648,0.450016242
G185L:W199L,-19.439226150512695,1.15030445099
G185L,-12.081501007080078,0.300054363
G185H:Q200R,-16.709651947021484,2.77315358071
G185H:L190R,-15.757403373718262,0.176536326132
G185F:R187P,-18.939035415649414,0.642966977033
G185F:Q200L,-14.275739669799805,0.75816411243
G185E:D201A,-21.801176071166992,0.379905074868
G185D:W199C,-18.00776481628418,0.388399711740999
G185D:T197P,-16.57259178161621,0.103126166264
G185N:T197I,-13.823482513427734,2.363138092
G185D:R203L,-19.05950164794922,0.0629698095719
G185D:I193N,-9.523365020751953,0.943252514611
G185D:I193T,-11.844520568847656,0.780703614965
G185D:L190V,-9.106880187988281,0.409222141769
G185D:Q195H,-9.214859008789062,0.485423100962
G185D:T196I,-13.171826362609863,0.32079186124
G185D:Q195R,-3.3999242782592773,0.891785145023
G185D:Q195K,-4.0493011474609375,0.819179443484
G185D:Q200L,-8.766934394836426,0.425547005565
G185D:Q200P,-17.901472091674805,0.0222753549995
G185D:Q200R,-13.968488693237305,0.246150507345
G185D:R187H,-14.191780090332031,0.226890327417
G185D:R187L,-15.218860626220703,0.0558417096031
G185D:R187P,-13.163642883300781,0.3558794145539989
G185D:Q200H,-10.061683654785156,0.549944660969
Q186H:Y188D,-15.899480819702148,0.28804421581
Q186K:D194G,-8.726937294006348,0.370487798391
Q186K:D194K,-8.703875541687012,0.8127147037720001
Q186K:D194N,-2.628056764602661,0.489716388459
Q186K:F189S,-15.556002616882324,0.443978991428
Q186K:Q195R,2.4533655643463135,0.508096137688
Q186K:H192P,-15.373226165771484,0.168130934548
Q186K:H192R,-9.615728378295898,0.170264505093
Q186K:L190P,-11.601919174194336,0.507944190418
Q186K:N191T,-13.82811164855957,0.122512715048999
Q186K:P202R,-14.315564155578613,0.327397388819
Q186K:Q200E,-6.638900279998779,0.279712405465
Q186K:F189Y,-5.65364933013916,0.467908992294
Q186H:T198S,-5.395072937011719,0.440044765198
Q186H:T196I,-9.564534187316895,0.435831813714
Q186H:T198G,-13.052953720092773,0.608760424066
Q186H:T198A,-10.807108879089355,0.496665084662
Q186H:T197S,-9.26807975769043,0.75637803702
Q186H:T196S,-6.737336158752441,0.478587945707
Q186H:T196R,-9.275981903076172,2.70186077652
Q186H:T196A,-10.745927810668945,0.554894077918
Q186H:R203L,-15.401962280273438,0.0801492621643
Q186H:R203H,-15.223785400390625,0.0817620569733
Q186H:R203G,-16.753549575805664,0.409455593723
Q186H:R203D,-19.542253494262695,1.44305248933999
Q186H:R187V,-10.501062393188477,1.34108741844
Q186H:R187S,-12.879264831542969,0.444990137717
Q186K:Q200K,-8.043869018554688,0.325536445666
Q186H:R187P,-10.461976051330566,1.00133306395
Q186H:T198R,-10.400167465209961,0.459885103939999
Q186K:R187P,-8.860834121704102,0.194693330876
Q186L:D201N,-9.458563804626465,0.2513414521579989
Q186K:T197P,-11.725826263427734,0.0678108207681
Q186L:Q195K,0.020592689514160156,0.976896172038999
Q186H:R187L,-12.885551452636719,1.23315878028
Q186L:Q195R,0.7831401824951172,1.7254438025
Q186L:P202R,-15.558327674865723,0.224875418084
Q186L:P202Q,-16.261478424072266,0.156857191669
Q186L:N191S,-9.917966842651367,0.174146972832
Q186L:L190V,-5.745810508728027,0.398022329771
Q186L:L190R,-9.957244873046875,0.342869589204
Q186L:L190Q,-11.003011703491211,0.167800011717
Q186L:L190M,-6.358247756958008,0.403630364012
Q186L:I193V,-3.971412420272827,0.261925965891
Q186L:I193T,-6.563137531280518,0.685880533204
Q186L:I193N,-4.249901294708252,1.1607004793
Q186L:I193M,-7.853615760803223,0.773892959875
Q186L:I193L,-5.915737152099609,0.451492291512
Q186L:D201V,-15.820974349975586,0.165265928048
Q186L:D201H,-10.892119407653809,0.305335762079
Q186L:D201G,-16.32735252380371,0.0875260601354
Q186L:D201E,-14.327348709106445,0.0433930742203
Q186L:D194V,-11.591114044189453,0.283244118060999
Q186L:D194S,-6.098965644836426,0.4028013548960001
Q186L:D194N,-4.157445430755615,2.77803336085
Q186L:D194K,-10.233264923095703,2.2256899795700003
Q186L:D194H,-10.301658630371094,0.481139856527
Q186L:D194G,-10.256325721740723,0.673025152237
Q186L:D194E,-5.700901508331299,0.841348412012
Q186L:D194A,-8.478277206420898,1.05054448123
Q186L,-3.6182522773742676,0.538741653
Q186K:Y188H,-12.153953552246094,0.0765118166931
Q186K:T196P,-15.14906120300293,0.208941520479
Q186H:R187H,-11.707204818725586,1.0066590225399898
Q186R:D194E,-4.728341102600098,1.70171104841
Q186H:R187C,-13.162525177001953,0.305706440088
Q186H:D194N,-4.5990142822265625,1.68287093604
Q186H:D194K,-10.674833297729492,2.56444497836
Q186H:D194H,-10.7432279586792,1.08924540562
Q186H:D194G,-10.697895050048828,1.2645641559
Q186H:D194E,-6.142470359802246,1.07659331653
Q186H:D194A,-8.919846534729004,1.67207752808999
Q186H,-4.467836380004883,0.970355774
Q186G:Q200H,-9.797435760498047,1.14571442149
Q186G:D201E,-18.500715255737305,0.52642202832
Q186G,-7.668854236602783,0.672532943
Q186E:T197S,-4.44810152053833,0.344094381661
Q186E:T196S,-2.0169782638549805,0.429699022831
Q186E:T196I,-4.844176292419434,0.656953239707
Q186E:T196F,-8.406573295593262,1.06066610698
Q186E:R203G,-12.125571250915527,0.272178692607
Q186E:R187S,-7.733397960662842,0.696540084037
Q186E:R187P,-5.316109657287598,0.7528598970720001
Q186E:R187L,-7.739685535430908,0.468454610983
Q186E:R187H,-6.561338901519775,0.589974492441
Q186E:R187G,-9.533089637756348,0.485915084369999
Q186E:R187C,-8.0166597366333,0.347252267981
Q186E:Q200S,-3.7004575729370117,0.865200914376
Q186E:Q200R,-5.745634078979492,0.679399712346999
Q186E:Q200L,-0.5663658380508423,0.134274053732
Q186E:Q200H,-2.0409295558929443,0.917016532383999
Q186E:Q200E,-4.07965087890625,0.111187792226
Q186E:Q195R,4.595196723937988,2.04362912919999
Q186L:Q200H,-5.856579780578613,0.547963005313
Q186E:Q195L,-4.632273197174072,0.2172795723759989
Q186H:D194V,-12.032683372497559,0.640916552955
Q186H:D194Y,-11.06351089477539,0.7436378233140001
Q186H:D201H,-11.66491985321045,0.302082973888
Q186H:D201N,-10.231364250183105,0.283197566317
Q186H:Q200W,-14.059825897216797,1.05239111649
Q186H:Q200T,-6.107964515686035,2.01298358608
Q186H:Q200S,-8.278369903564453,2.06444807403
Q186H:Q200R,-10.323546409606934,1.87337614437999
Q186H:Q200L,-5.144278526306152,0.241632882575
Q186H:Q200K,-10.062532424926758,0.228102429659
Q186H:Q200H,-6.618842124938965,1.28227075921
Q186H:Q200E,-8.657563209533691,0.3643053751569989
Q186H:Q195R,0.05047416687011719,2.30638585508
Q186H:Q195L,-9.176996231079102,0.20363866803
Q186H:Q195K,-0.7120733261108398,2.24014281129
Q186H:Q195H,-5.842558860778809,0.400063927851
Q186H:N191Y,-14.845497131347656,0.176576125432
Q186H:N191S,-10.986452102661133,0.364711522439
Q186H:R187F,-15.992704391479492,1.08358161274
Q186H:N191H,-11.059551239013672,0.180765784756
Q186H:L190V,-6.4329142570495605,0.665660167751
Q186H:L190R,-10.644349098205566,0.247853310631
Q186H:L190P,-13.600305557250977,0.0900401200868
Q186H:L190M,-7.045351028442383,0.510083166076
Q186H:I193V,-5.46661376953125,1.62984823382
Q186H:I193T,-8.05833911895752,1.36468015232999
Q186H:I193S,-9.595641136169434,0.7740875825560001
Q186H:I193N,-5.745102405548096,2.0945594726400003
Q186H:I193M,-9.348816871643066,1.11258197609
Q186H:I193L,-7.410938739776611,0.902274383832
Q186H:I193F,-9.90395450592041,0.772984424626999
Q186H:F189Y,-7.400270462036133,1.11189879838
Q186H:F189L,-14.176630020141602,0.0889951656474
Q186H:D201V,-16.593774795532227,0.500319664006
Q186H:N191D,-10.161056518554688,0.183213986074
Q186L:Q200K,-9.300270080566406,0.327531115335
Q186E:Q195K,3.8326492309570312,1.21858683666
Q186L:R187G,-13.36785888671875,0.220454181365
Q186T:N191K,-15.64730453491211,0.512354222158
Q186T:T196I,-10.59360122680664,2.21041825717
Q186T:T198A,-11.731661796569824,0.229203162849
Q186V,-3.4283244609832764,0.285005894
Q186V:D194N,-3.6746304035186768,1.57965922044
Q186V:Q195H,-4.843238830566406,0.144113902937
Q186V:Q195R,1.0497937202453613,3.32799839083
Q186W,-9.671052932739258,1.353130552
Q186T,-5.496684551239014,0.234903552
Q186W:F189Y,-12.53952693939209,3.36211832463
Q186W:Q200H,-11.732169151306152,3.16978156871
Q186W:T196A,-15.823005676269531,0.52642202832
Q186Y,-6.8474273681640625,2.203458399
Q186Y:D194E,-8.490428924560547,1.74458483896
Q186Y:I193F,-12.214387893676758,2.39122222139
Q186Y:I193L,-9.721372604370117,3.15614963199
Q186Y:Q195K,-3.1712989807128906,3.23635630832
Q186Y:Q195R,-2.4087514877319336,4.085632544
Q186W:H192L,-18.533172607421875,2.22721345809
Q186S:R203C,-16.832069396972656,0.402480378333
Q186S:Q195R,-2.077911853790283,3.20160915412
Q186S:D194A,-10.889627456665039,1.04122686099
Q186R:R187P,-8.923391342163086,2.12019390812
Q186R:R187Q,-10.997302055358887,2.35155758254
Q186R:R187S,-11.340680122375488,0.781702485625
Q186R:R203S,-15.485513687133789,0.555794486047
Q186R:T196A,-9.127300262451172,0.8498764916150001
Q186R:T196I,-7.945906639099121,0.581956741008
Q186R:T196K,-6.615294456481934,2.62544174194
Q186R:T196N,-9.654419898986816,0.415002717387
Q186R:T196P,-15.485200881958008,0.481977155876
Q186R:T196S,-5.11870813369751,0.996037153374
Q186R:T196V,-8.26777458190918,2.7735909875
Q186R:T197P,-12.045890808105469,0.210295878884
Q186R:T197S,-7.827406883239746,0.725259370571
Q186R:T198A,-9.217833518981934,0.6137490596840001
Q186R:T198N,-10.079228401184082,1.7020923405
Q186R:T198P,-11.350380897521973,0.246824571399
Q186R:T198R,-8.810893058776855,0.612590850367
Q186R:T198S,-3.805798053741455,0.683292714917999
Q186S,-6.692570209503174,0.798911714
Q186Y:R187G,-17.009531021118164,1.76071682309
Q186R:R187L,-11.346967697143555,1.18758375623
Q186Y:T198P,-15.300374031066895,0.480973758451
Q186Y:W199R,-14.824407577514648,0.270672542495
Q186E:D194G,-5.492221832275391,0.719066217951
Q186E:D194E,-0.9367977976799011,0.8549742944580001
Q186E:D194A,-3.7141740322113037,1.45321680687
Q186E,0.1437845528125763,0.673642948
Q186D:Q200R,-10.163893699645996,1.64761673956
Q186D:Q200H,-6.459189414978027,0.775621052664999
Q186D:I193V,-5.417697906494141,2.6646390157599904
Q186D:F189L,-14.016862869262695,1.01145193671
Q186E:D194H,-5.53755521774292,1.34175839282999
Q186D:D201Y,-14.442644119262695,0.8144682871690001
Q186A:R187H,-11.43874740600586,3.2478633410900004
Q186A:Q200H,-6.899847984313965,1.86583312014999
Q186A:Q195R,-0.2717890739440918,1.60076014652
Q186A:I193L,-7.4515509605407715,1.03503075571
Q186A:D194Y,-11.155925750732422,1.18952821409999
Q186A,-4.689202308654785,1.343553825
Q186E:Q195H,-1.2978360652923584,0.635626522921
Q186L:Q200R,-9.561284065246582,0.704006050977
Q186D,-4.314206123352051,0.7492418829999999
Q186E:D194K,-5.469160556793213,2.97556810548
Q186E:D194N,0.6066582798957825,1.42057614442999
Q186E:D194S,-1.3348619937896729,1.72724206852999
Q186Y:W199S,-16.201738357543945,0.936475059100999
Q186E:Q195A,-5.043885707855225,1.3912435645200003
Q186E:N191K,-10.247204780578613,0.192475487107
Q186E:N191D,-5.698343753814697,0.159365754682
Q186E:N191C,-7.605518341064453,0.310132221987
Q186E:L190V,-1.8688186407089233,0.442743109773
Q186E:L190R,-6.080253601074219,0.247292620806
Q186E:L190Q,-7.126020431518555,0.405983421155
Q186E:L190M,-2.481255531311035,0.5204938263800001
Q186E:I193V,-0.968020498752594,0.549282738481
Q186E:I193N,-1.246509313583374,1.12678957757999
Q186E:I193M,-4.850223541259766,0.817985046015
Q186E:I193L,-2.9123454093933105,0.235299807322
Q186E:I193F,-5.405361175537109,0.5344344926829989
Q186E:D201H,-6.9813690185546875,0.490266766882
Q186E:D201G,-12.416601181030273,0.2764059492699989
Q186E:D201A,-12.217592239379883,0.472154353431
Q186E:D194Y,-5.857837677001953,0.475134738565
Q186E:D194V,-6.827010631561279,0.813518973195
Q186Y:T198S,-7.755791664123535,1.403381309
Q186R:R187H,-10.168621063232422,1.47730637434
Q186E:I193T,-3.5597455501556396,0.539160525597
Q186R:Q200V,-4.791285514831543,0.783659240192
Q186P:F189A,-23.687408447265625,0.510842365893
Q186P:H192Y,-15.766956329345703,0.316709594169
Q186P:I193S,-13.309478759765625,0.409991248379
Q186P:I193V,-9.180452346801758,0.246798604763
Q186P:L190V,-11.004861831665039,0.166967686736
Q186P:N191Y,-18.57685661315918,0.233457448766
Q186P:P202Q,-20.70395851135254,0.3557749875289989
Q186P:P202R,-20.000808715820312,0.0954779811388
Q186P:D194V,-15.491539001464844,0.0557741750961
Q186P:Q195R,-3.4680962562561035,0.670860646351
Q186P:T196S,-10.27414608001709,0.10893335884
Q186P:T198R,-14.008707046508789,0.3321729000189989
Q186P:T198S,-9.003612518310547,0.0787227874473
Q186P:W199K,-17.9520206451416,0.5353988807810001
Q186P:Y188S,-20.501922607421875,0.287801793346
Q186R,-2.979308843612671,1.272773627
Q186R:D194A,-7.5057172775268555,2.46461081188
Q186R:D194G,-9.28376579284668,1.95127129221
Q186P:Q200H,-10.450728416442871,0.247781929426
Q186P:D194E,-9.601325988769531,0.0729109697928999
Q186P:D194A,-12.378702163696289,0.382068906131
Q186P,-8.200241088867188,0.12287693
Q186L:R187H,-10.396108627319336,0.491725860166
Q186L:R187L,-11.574455261230469,0.963991586439999
Q186R:R187G,-13.140371322631836,0.605098639484
Q186L:R187P,-9.15087890625,0.958842812091
Q186L:R187S,-11.568167686462402,0.646782124036
Q186L:T196A,-9.96480941772461,0.197602448913
Q186L:T196I,-8.783414840698242,0.489716388459
Q186L:T196N,-10.491929054260254,0.4281336427009989
Q186L:T196S,-5.956216812133789,0.151645690528
Q186L:T198S,-4.635948181152344,0.33982692333
Q186L:W199R,-11.218620300292969,0.0542901107099
Q186M,-4.0466718673706055,0.512580759
Q186M:D194E,-6.029839515686035,2.37929466834
Q186N,-6.89371395111084,0.2984452
Q186N:D194G,-12.931131362915039,1.93743899049
Q186N:D194Y,-13.296747207641602,0.783659240191
Q186N:H192Y,-14.613584518432617,0.734268371713
Q186N:P202S,-17.56548309326172,0.847763358244999
Q186N:T196I,-11.973974227905273,1.26131485219
Q186R:D194H,-9.32909870147705,1.55457289428
Q186R:D194N,-3.184885025024414,2.4592995323099904
Q186P:Q200D,-13.57522964477539,1.32084165565
Q186R:D194Y,-9.649381637573242,1.71114325281
Q186R:L190R,-8.761810302734375,1.28929396874
Q186R:L190Q,-9.807577133178711,0.0990098969683
Q186R:L190P,-11.717766761779785,0.280764655925
Q186R:L190M,-5.162812232971191,0.795742847023
Q186R:I193V,-3.927893877029419,0.958265461081
Q186R:I193T,-6.519618988037109,1.0849322299600002
Q186R:I193S,-8.056921005249023,1.14836614641
Q186R:I193N,-4.206382751464844,1.57716784819
Q186R:I193M,-7.810096740722656,1.25420133666
Q186R:I193L,-5.872219085693359,1.18291767781
Q186R:I193F,-8.365234375,1.15814989112
Q186R:H192R,-9.795891761779785,0.364688962699
Q186R:H192N,-10.350239753723145,0.173707516987
Q186R:F189Y,-5.914639472961426,0.842167208142
Q186R:D201Y,-13.117721557617188,0.7573237653820001
Q186R:L190V,-4.550375461578369,1.00823405416
Q186R:D201V,-15.167485237121582,0.884731942874999
Q186R:N191D,-8.447571754455566,0.197748987777
Q186R:N191K,-12.996432304382324,0.234337620508
Q186R:Q200R,-8.521320343017578,2.06449190316
Q186R:Q200L,-3.3420519828796387,1.02535838627
Q186R:Q200K,-8.260306358337402,1.08664614592999
Q186R:Q200H,-4.816615581512451,1.27747095395
Q186R:Q200E,-6.855337142944336,1.05684413305
Q186R:Q195R,2.2117130756378174,2.9921934958599903
Q186R:Q195L,-7.015756607055664,0.6842919253849991
Q186R:Q195K,1.4491655826568604,2.53675735419
Q186R:Q195H,-3.6813197135925293,0.907607095701
Q186R:Q195E,-5.795510292053223,0.552034899761
Q186R:D194V,-10.61855411529541,1.24992276336
Q186R:P202R,-14.513914108276367,0.236491335661
Q186R:P202A,-14.835700988769531,0.133652293772
Q186R:N191Y,-13.132012367248535,0.242977261233
Q186R:N191S,-9.272967338562012,0.843581503314999
Q186R:N191H,-9.346067428588867,0.527545733741
Q186R:D201S,-13.762090682983398,1.90348515174
Q186R:P202S,-13.217546463012695,0.104510753419
Q186R:D201K,-15.81161880493164,0.347815264223
Q186R:D201A,-15.474853515625,0.834310121085
Q186R:D201N,-8.805074691772461,0.603979391059
Q186R:D201E,-13.673859596252441,0.407798867263
Q186R:D201H,-10.238630294799805,0.871057482176
R187L:I193T,-12.07341194152832,1.13264642801
R187L:I193V,-9.450559616088867,0.898749944074
R187L:L190M,-11.164746284484863,0.692964539177999
R187L:L190R,-15.059358596801758,1.11685791622999
R187L:N191D,-13.812948226928711,0.451882961998
R187L:N191S,-14.768806457519531,0.379326663263
R187L:Q195H,-9.984003067016602,0.567098114940999
R187L:Q195K,-4.88007926940918,2.31932071157
R187L:Q195L,-13.25703239440918,0.0772280595491
R187H:Y188S,-19.34581756591797,0.134345230529
R187L:Q200H,-10.72039794921875,1.15129345089
R187L:Q200K,-14.5205078125,0.618802282308
R187L:Q200R,-14.537742614746094,1.09876292602
R187L:Q200Y,-12.900739669799805,1.97763357530999
R187L:T196A,-14.678936958312988,0.0982304780307
R187L:T196I,-13.489112854003906,0.570527513719
R187P:N191I,-16.809326171875,0.290547191688
R187L:T196L,-15.587942123413086,0.862577943490999
R187L:I193S,-13.581062316894531,0.393855179077999
R187L:Q195R,-4.384832382202148,2.51844180552
R187L:I193N,-9.675883293151855,1.31686984227999
R187L:T196N,-15.155691146850586,0.6601653174350001
R187I,-6.0748419761657715,1.683243439
R187P:N191Y,-16.812795639038086,0.534894003347
R187I:N191L,-18.794139862060547,0.52642202832
R187L,-8.293679237365723,1.020529566
R187L:D194A,-12.69671630859375,1.99584374324999
R187L:D194E,-10.319055557250977,0.975245634912
R187L:D194G,-14.389124870300293,1.71298893307
R187L:D194N,-8.184009552001953,1.47330294097
R187L:I193R,-13.446121215820312,2.32946070314
R187L:D194S,-10.154410362243652,1.86568360197
R187L:D201A,-19.776718139648438,0.473672683954
R187L:D201I,-19.804901123046875,0.973271010127
R187L:D201N,-12.850149154663086,0.2847508495019989
R187L:D201R,-19.81647300720215,2.2079993544
R187L:F189Y,-8.124655723571777,0.6273370006
R187L:H192Q,-16.5865478515625,0.468766102348999
R187L:I193F,-13.74183177947998,0.623883620003
R187L:I193L,-11.253984451293945,1.21117040816
R187L:D194Y,-14.682748794555664,0.578169504332
R187L:I193M,-13.182278633117676,1.0968656062100002
R187L:T196S,-10.52247142791748,0.405485409784
R187L:T197A,-12.755395889282227,0.21668267388
R187P:H192R,-13.153931617736816,0.219265746792
R187P:F189Y,-5.9747314453125,0.675620572607
R187P:F189L,-14.697086334228516,0.0864166894719
R187P:D201Y,-15.42179012298584,0.40452828886
R187P:D201V,-17.3051815032959,0.304405934689
R187P:D201N,-10.543829917907715,0.353183637219
R187P:D201H,-11.877894401550293,0.35795082244
R187P:D201G,-17.938961029052734,0.260533497225
R187P:D201E,-16.387962341308594,0.138266310526
R187P:D201A,-17.47039794921875,0.150212664906
R187P:D194Y,-12.272336959838867,1.48437966791999
R187P:D194V,-13.317231178283691,0.787750326441999
R187P:D194S,-7.743999481201172,2.0871164129400004
R187P:D194N,-5.7735981941223145,2.2259568370400005
R187P:D194H,-12.017576217651367,1.12415383097
R187P:D194G,-11.978713989257812,1.1387535067
R187P:D194C,-12.782171249389648,0.848512699934999
R187H:W199L,-14.610795974731445,0.104804445647
R187P:D194E,-7.908644676208496,1.87921975762
R187P:I193F,-11.825937271118164,0.727118357592
R187L:T196R,-13.442431449890137,2.55497415275
R187P:I193L,-9.338089942932129,1.25259013597
R187P:I193N,-7.759987831115723,1.75136508167
R187L:T197P,-17.067859649658203,0.2816731466
R187L:T197S,-12.513075828552246,0.204569889805
R187L:T198A,-14.255474090576172,0.3876182859099989
R187L:T198S,-8.96563720703125,0.473215430493
R187N,-7.842015266418457,1.498533972
R187N:D194E,-9.648609161376953,1.46496732455
R187N:D194G,-13.71867847442627,1.79789316155
R187N:L190Q,-15.102287292480469,0.919590812074
R187P,-6.186675548553467,1.372245636
R187P:D194A,-10.28630542755127,1.93815496534999
R187P:N191F,-18.38601303100586,0.98278390896
R187P:N191D,-11.878241539001465,0.329157860109
R187P:L190V,-8.173635482788086,0.852416021722999
R187P:L190R,-12.643879890441895,1.15130250767
R187P:L190Q,-13.634021759033203,0.359241376658
R187P:L190M,-8.749267578125,0.7685517064920001
R187P:I193V,-7.534665107727051,1.24773649342
R187P:I193T,-10.157517433166504,0.981118588907
R187P:I193S,-11.665166854858398,2.01671367257
R187P:I193M,-11.26638412475586,1.95744423055
R187H:T198S,-8.004172325134277,0.441271064115
R187H,-7.155125617980957,0.986778535
R187H:T196P,-19.96014404296875,0.0648232996888
R187F:T196N,-18.479970932006836,0.717682460912999
R187G,-9.890280723571777,0.332460056
R187G:D194A,-14.107102394104004,0.2525244815569989
R187G:D194E,-11.72944164276123,0.215282578828
R187G:D194G,-15.799510955810547,0.141861225802
R187G:D194H,-15.838373184204102,0.603117861852
R187G:D194N,-9.594395637512207,0.692859796127
R187G:D201H,-16.0221004486084,0.4451353456069989
R187G:D201N,-14.68803596496582,0.140999161011
R187P:P202R,-18.13019561767578,0.432453971761
R187G:D201V,-21.449386596679688,0.140128347558
R187G:I193L,-12.903533935546875,0.478057414111
R187G:I193N,-11.325432777404785,0.626390964058
R187G:I193T,-13.72296142578125,0.37775839255
R187G:L190V,-11.514866828918457,0.322353501837
R187G:Q195K,-6.2738494873046875,1.11941444665
R187G:Q195M,-12.530715942382812,0.526422028322
R187G:Q195R,-5.778602600097656,0.894013288189999
R187G:Q200R,-15.970491409301758,0.537454483084
R187F:Q200R,-17.784582138061523,2.13347429706
R187G:R203G,-22.223459243774414,0.16266505486
R187F:I193L,-14.581933975219727,0.733166146136
R187F:D194N,-11.49250316619873,2.55910969873
R187C:I193T,-12.500832557678223,0.555750766564
R187C:I193V,-9.877981185913086,0.3750494232819989
R187C:L190I,-5.657591819763184,1.12362546581
R187C:L190V,-10.393059730529785,0.377720207413
R187C:Q195K,-5.1742448806762695,1.04220855521
R187C:Q195R,-4.678997993469238,1.07947982318999
R187C:Q200E,-13.354911804199219,0.284872702059
R187C:Q200H,-10.988334655761719,0.7850260010690001
R187C:Q200K,-14.788444519042969,0.281013403582
R187C:R203C,-19.118213653564453,0.0435424934615
R187C:T196I,-13.854400634765625,0.2252640283949989
R187C:W199Y,-13.93109130859375,0.444495460926
R187D,-10.010030746459961,0.6689303670000001
R187D:D194E,-11.665613174438477,0.649818611937
R187D:D194N,-9.530567169189453,1.4227687938100002
R187D:F189L,-18.55588150024414,1.21507156242
R187D:P202S,-20.529443740844727,1.07489817345
R187D:T197S,-14.389392852783203,1.11801153405
R187F,-11.584397315979004,0.91571772
R187F:D201N,-16.188201904296875,2.52398723624
R187H:T197S,-11.472139358520508,0.314485557606
R187G:T196I,-15.095287322998047,0.156659948631
R187G:T198P,-18.10173988342285,0.410258373908
R187H:L190I,-4.169068336486816,1.14715457681
R187H:L190P,-16.457780838012695,0.240870283035
R187H:L190R,-13.374780654907227,0.6903229059520001
R187H:L190V,-8.904536247253418,1.0014296581
R187H:P202R,-19.040010452270508,0.285355929514
R187H:Q195D,-13.864513397216797,0.235945236134999
R187H:Q195E,-10.783543586730957,0.0550642635107
R187H:Q195K,-3.4501469135284424,2.3343019067400004
R187H:Q195R,-2.954899787902832,2.53653673096
R187H:Q200D,-12.985507011413574,1.45343233716
R187H:Q200E,-11.803211212158203,0.641937624284
R187H:Q200H,-9.436634063720703,1.18780535506
R187H:Q200K,-13.236742973327637,0.525829376866
R187H:Q200L,-7.780586242675781,0.665779393655
R187H:Q200P,-17.254554748535156,0.161866918412
R187H:Q200R,-13.25397777557373,0.4259447942109989
R187H:T196A,-13.666345596313477,0.587762322442
R187H:T196I,-12.476522445678711,0.735717396119
R187H:T196N,-14.143098831176758,0.158724015341
R187H:I193V,-8.46946907043457,0.660805291449
R187G:T198A,-15.894115447998047,0.0860583020048
R187H:I193T,-11.092321395874023,0.614817703985
R187H:I193N,-8.694792747497559,1.47755846857999
R187G:T198Q,-12.785776138305664,1.96134776244
R187G:Y188H,-19.443546295166016,0.381636066558
R187H:D194A,-11.44154167175293,1.4206263758700002
R187H:D194E,-9.063880920410156,0.816913257129
R187H:D194G,-13.133950233459473,0.630437788809
R187H:D194H,-13.172813415527344,0.956856271856
R187H:D194K,-13.217299461364746,1.66122381743
R187H:D194N,-6.928834438323975,1.90517348095
R187H:D194V,-14.472467422485352,0.76094709378
R187H:D194Y,-13.427574157714844,0.560345141163
R187H:D201H,-13.294906616210938,0.309562155655
R187H:D201N,-11.96084213256836,0.105215539071
R187H:F189Y,-7.47109317779541,0.807410608994
R187H:H192N,-14.527078628540039,0.342201866513
R187H:H192P,-19.960397720336914,0.223035785099
R187H:H192R,-14.054190635681152,0.194557010969
R187H:I193F,-12.760741233825684,0.354170611105
R187H:I193L,-10.272893905639648,0.6137089154300001
R187H:I193M,-12.201188087463379,1.20235911063
R187H:I193S,-12.599971771240234,0.401956656492
R187P:Q195E,-9.896464347839355,0.8864978854100001
R187C:D201G,-20.92975616455078,0.158035628034
R187P:Q195K,-2.5630671977996826,2.58714733420999
R187T,-5.717343807220459,1.32468388
R187S:Y188F,-14.24360466003418,0.1873185587319989
R187S:T198R,-13.625616073608398,0.139711420198
R187S:T198P,-16.298770904541016,0.509383322295
R187S:T198N,-14.987518310546875,1.46062171592
R187S:T198K,-15.008227348327637,0.201821014257
R187S:T197S,-12.372176170349121,0.34034042217
R187S:T196S,-10.388016700744629,0.349544687061
R187S:T196R,-13.307976722717285,5.38942774014
R187S:T196N,-15.021236419677734,0.458334308636
R187S:T196K,-12.400684356689453,1.47769413044
R187S:T196I,-13.354658126831055,0.452978980493
R187S:R203G,-20.54143524169922,0.224581290266
R187S:Q200R,-14.264835357666016,0.397334916414
R187S:Q200K,-14.247600555419922,0.3840224216539989
R187S:Q200H,-10.447491645812988,0.997685760731
R187S:Q200E,-12.814069747924805,0.5790053393760001
R187S:Q200A,-11.981744766235352,1.60392929773
R187S:Q195R,-4.110786437988281,2.18819564566
R187S:Q195K,-4.6060333251953125,1.5621409377700002
R187S:Q195H,-9.709957122802734,0.921094068481
R187V,-5.88083028793335,0.992885271
R187S:Q195E,-11.939430236816406,0.290444475927
R187V:D194A,-10.370865821838379,0.783659240191
R187V:D194Y,-12.356897354125977,2.7410708291900003
R187C:I193L,-11.681405067443848,0.950648407168
R187A,-8.748682975769043,0.935915056
R187A:Q195H,-10.375839233398438,1.92795127903
R187A:Q200H,-11.089393615722656,2.94535767579
R187C,-8.661505699157715,0.552779669
R187C:D194A,-13.030195236206055,0.686648581083
R187P:Q195H,-7.666991233825684,0.750649624376
R187C:D194H,-14.761466979980469,0.178722737001
R187C:D194N,-8.517488479614258,1.29694409051
R187C:D194Y,-15.016227722167969,0.145984072903
R187Y:Q200L,-11.28344440460205,2.18141431169999
R187Y:Q195R,-6.59025764465332,1.7118358041
R187Y:D201H,-16.51681137084961,2.70100867447
R187Y,-10.577207565307617,0.867007092
R187W:D194E,-13.461285591125488,0.865364752094
R187W,-11.413491249084473,0.8248448759999999
R187V:T196S,-8.175203323364258,1.34924450652
R187V:R203H,-16.64404296875,0.567771130453
R187V:Q195R,-2.0853123664855957,2.90210035912
R187V:Q195E,-9.913956642150879,1.0179117537
R187V:D201H,-11.670291900634766,1.40566452002
R187V:D194N,-5.858158588409424,1.3374358085100002
R187S:P202T,-20.141281127929688,0.143381392334
R187C:D194E,-10.652534484863281,0.898968480129
R187S:L190R,-14.294921875,0.478838514273
R187P:T198M,-13.080795288085938,0.283736611401
R187P:T198K,-13.05667495727539,0.122573610647
R187P:T198A,-12.139594078063965,0.621119220746
R187P:T197S,-10.357248306274414,0.7987225634270001
R187P:T197P,-14.912033081054688,0.304894865339
R187P:T196S,-8.485358238220215,0.74103536763
R187P:T196N,-13.11857795715332,0.4757880876349989
R187P:T196I,-11.452000617980957,0.8332955793250001
R187P:T196A,-12.641824722290039,0.710981112535
R187P:R203S,-18.928573608398438,0.358492545652
R187P:R203H,-17.1356143951416,0.181942880367
R187P:R203G,-18.469554901123047,0.116279754914999
R187P:R203C,-16.51969337463379,0.0772055969853
R187P:Q200R,-12.378072738647461,1.01706143763
R187P:Q200L,-6.90468168258667,0.545690502857
R187P:Q200K,-12.360837936401367,0.8398202881290001
R187P:Q200H,-8.560729026794434,2.2631272332
R187P:Q200E,-10.92730712890625,0.626492435356
R187P:Q195R,-2.0678200721740723,2.40463956686
R187S:N191K,-18.355396270751953,0.134297316178
R187P:Q195L,-10.940019607543945,0.32084457122
R187P:T198Q,-9.031253814697266,1.42149924232
R187P:T198R,-11.674062728881836,0.2978465488589989
R187C:I193N,-10.103303909301758,0.529734685498
R187P:Y188H,-16.270938873291016,0.28643756249
R187P:T198S,-6.849756240844727,0.637235705644
R187S:L190M,-10.400308609008789,0.629693818419
R187S:I193V,-9.341907501220703,0.991553680283
R187S:I193N,-9.567230224609375,1.27654398877
R187S:I193M,-13.073625564575195,0.790446386313
R187S:F189Y,-8.079666137695312,1.28445162096
R187S:D201Y,-17.711307525634766,0.710060024602
R187S:D201H,-14.167411804199219,0.3978672660989989
R187S:D201G,-20.228479385375977,0.238678679805
R187S:D194V,-15.411820411682129,0.809707128938
R187S:D194N,-7.868187427520752,1.65948476449
R187S:I193T,-11.96475887298584,0.664176495379
R187S:D194G,-14.07330322265625,0.707571367462
R187S:D194E,-10.003233909606934,1.17073879588
R187S:D194A,-12.380894660949707,1.29089532631
R187S,-8.117035865783691,0.890886649
R187Q:Q200R,-13.70319938659668,3.11156138172
R187Q:Q195R,-3.539057731628418,1.93777785715
R187Q:Q195H,-9.138229370117188,0.805830892465
R187Q:D194E,-9.470733642578125,2.3545869958
R187Q,-7.646591663360596,0.633304313
R187P:Y188N,-18.189767837524414,0.3338069253
R187S:D194H,-14.112165451049805,0.945461908881
Y188S:T198P,-20.941761016845703,0.178505647014
Y188S:T196P,-25.06265640258789,0.131049448682
Y188S:N191D,-17.78240966796875,0.297269253233
Y188S:Q200R,-18.621173858642578,0.00490855028583
Y188S:Q200E,-16.643352508544922,0.0590857548983
Y188S:P202R,-24.154191970825195,0.872699952673999
Y188S:R203H,-23.14461898803711,0.221576804527
Y188S:T198R,-18.372159957885742,0.0843684796098999
Y188H:R203P,-22.453615188598633,0.134779695355999
Y188T:Q195H,-14.404542922973633,0.461226157109
Y188H:T196S,-11.61572551727295,0.0507826588889
Y188H:Q195R,-4.7791547775268555,0.2081993591
Y188H:N191H,-15.924914360046387,0.147458119578
Y188H:H192N,-17.215734481811523,0.391070484545
Y188H:D201Y,-19.63253402709961,0.298966408645
Y188H:D201N,-15.544166564941406,0.142283600469
Y188S:T198S,-13.291624069213867,0.116468931921
Y188S:H192P,-25.53725814819336,0.146404016438
Y188N:D194V,-18.792016983032227,0.114849993209
Y188S:D201N,-18.565715789794922,0.127407841055
Y188H:T197N,-18.677879333496094,0.340890786653
Y188H:T198M,-16.5914306640625,0.0564871306405
Y188I:D201V,-22.20520782470703,1.05917779495
Y188I:P202T,-21.495521545410156,1.1338371902600002
Y188K:R203S,-25.04975700378418,0.308630015963
Y188L:D201V,-21.865245819091797,0.315586064704
Y188L:P202A,-21.305145263671875,1.01038188236
Y188L:T196N,-16.134262084960938,1.48163583768
Y188S:D201S,-23.473230361938477,0.53516641128
Y188N:D194G,-17.44447135925293,0.200749368299
Y188N:D194Y,-17.75916290283203,0.260711757035
Y188N:D201V,-23.780662536621094,0.364272809351
Y188N:N191K,-21.559261322021484,0.499597894535
Y188N:P202R,-23.131427764892578,0.168945954091
Y188N:T198K,-18.8212947845459,0.143736418172
Y188N:T198M,-18.656314849853516,0.0724786754269
Y188Q:P202A,-24.213573455810547,0.499568034217
Y188S:D194G,-18.53042221069336,0.372014543045
Y188H:D201H,-16.9445743560791,0.436311954006
Y188H:D194N,-9.231744766235352,0.309416931398
Y188F:H192R,-13.074817657470703,0.0367023350911
Y188G:P202S,-23.5250244140625,1.45570266146
Y188D:I193N,-13.196321487426758,0.0524701899616
Y188D:D194Y,-18.044845581054688,0.147121265326
Y188D:D194V,-19.077699661254883,0.180728212083
Y188D:D194I,-18.40182113647461,0.862577943490999
Y188D,-11.607890129089355,0.057448538
Y188C:W199C,-18.36532211303711,0.0703310874248
Y188C:T196N,-15.588486671447754,0.248143445354
Y188C:R203S,-21.326416015625,0.0407249731497
Y188C:P202Q,-21.18711280822754,0.183344977497
Y188C:L190R,-15.20068359375,0.242840938215
Y188C:H192K,-17.374231338500977,0.736772693280999
Y188C:D194Y,-15.164438247680664,0.0878609698425
Y188C:D194S,-10.66162395477295,0.52642202832
Y188C:D194N,-8.655259132385254,0.0510845133558
Y188C:D194H,-14.816777229309082,0.152294076366
Y188C:D194G,-14.849748611450195,0.2165423626889989
Y188C:D194A,-13.163396835327148,0.238781997934
Y188D:I193T,-15.461508750915527,0.324505714349
Y188D:Q195R,-7.058446884155273,0.377939418797
Y188D:R203P,-24.72371482849121,0.27149920694
Y188D:T198S,-12.576580047607422,0.0957846526855
Y188F:T197R,-15.620113372802734,0.179429756656
Y188F:T197N,-15.33348560333252,0.29509653988
Y188F:T196I,-10.782917976379395,0.119442092081
Y188F:T196A,-12.081277847290039,0.152508022382
Y188F:R203S,-18.515369415283203,0.0464282599826
Y188F:Q195R,-1.5812911987304688,0.107605258336999
Y188F:Q195K,-2.382913112640381,0.427240514758
Y188F:L190V,-7.691806793212891,0.272034264977
Y188H,-9.309660911560059,0.090963722
Y188F:H192Q,-14.209695816040039,0.144376556662
Y188F:D201A,-18.846054077148438,0.0575212813959
Y188F:D194N,-6.082143306732178,0.496957271613
Y188F:D194H,-12.243661880493164,0.271157297909
Y188F:D194G,-12.276632308959961,0.308512209793
Y188F:D194A,-10.590280532836914,0.474176042537
Y188F,-5.881946086883545,0.1535826069999999
Y188E:L190M,-16.23756980895996,1.83193900910999
Y188E:H192L,-22.340286254882812,1.01038188236
Y188F:F189V,-19.77704429626465,0.0863615837261
Y188D:Q200P,-21.92795753479004,0.352779936122
Y188W:D201E,-24.03350067138672,3.41181344089
Y188V:T198R,-15.398139953613281,1.49026390999
F189Y:I193M,-7.999901294708252,1.3790717971200002
F189Y:D201N,-7.816498279571533,0.79124508529
F189Y:D194Y,-8.947251319885254,0.592120164665
F189Y:D194V,-9.834267616271973,0.970442896675
F189Y:D194N,-2.443284749984741,1.64141265917999
F189Y:D194H,-8.581009864807129,1.90931511922
F189Y:D194G,-8.470633506774902,1.38894270266
F189Y:D194E,-4.078924655914307,1.87337155017
F189Y:D194A,-6.690794467926025,1.90519672892
F189Y,-2.987849235534668,1.133935953
F189W:D194E,-9.956592559814453,0.597148016045
F189V:W199Y,-19.044004440307617,0.732647753971
F189V:W199S,-22.369400024414062,0.174499309359
F189V:T197I,-21.561195373535156,0.399375237522
F189V:T196A,-20.115488052368164,0.185624979618999
F189V:Q200K,-20.021390914916992,0.544065284076
F189V:N191S,-20.26560401916504,0.121509369185
F189V:N191K,-23.96703338623047,0.0883807465509999
F189V:I193F,-19.157371520996094,0.0661405445339
F189V:H192D,-24.286264419555664,0.24417304313
F189V:D201A,-25.897531509399414,0.0444626446702
F189V,-13.839556694030762,0.06234471
F189T:W199R,-22.839872360229492,0.52642202832
F189T,-15.159873962402344,0.079562905
F189S:T198S,-13.835238456726074,0.361442376989
F189Y:D201Q,-15.087236404418945,2.18328038962
F189Y:D201Y,-12.535636901855469,0.782022888007999
F189Y:I193F,-8.497713088989258,0.895139192287
F189Y:I193L,-6.065485954284668,0.8065053791310001
F189Y:T198R,-8.315942764282227,0.315934327723
F189Y:T198P,-11.109100341796875,0.245506827067
F189Y:T197S,-7.5288238525390625,0.3671292489109989
F189Y:T197P,-11.71922492980957,0.511849850178
F189Y:T196N,-9.782212257385254,0.65163180459
F189Y:T196I,-8.000102043151855,0.556142051035
F189Y:T196A,-9.154052734375,0.268730132326
F189Y:Q200R,-9.436402320861816,0.855284177578
F189Y:Q200L,-4.182366847991943,1.02072158309
F189Y:Q200K,-9.23951530456543,0.538335028036
F189Y:Q200H,-5.411705017089844,1.6837448076
F189Y:Q200E,-7.5482683181762695,0.635329285932
F189Y:Q195R,1.4751296043395996,1.8432814586
F189Y:Q195L,-7.716804027557373,0.022881816682
F189Y:Q195K,0.8176634311676025,2.40269377913
F189Y:Q195H,-4.453004360198975,0.223986747164
F189Y:P202R,-14.709712982177734,0.269702680872
F189Y:N191Y,-13.199873924255371,0.0500377330667
F189Y:N191S,-9.31199836730957,0.882653080086999
F189Y:N191D,-8.352256774902344,0.466463911963
F189Y:L190R,-9.436247825622559,0.7999070863850001
F189Y:L190Q,-10.473624229431152,0.80835947353
F189Y:I193V,-4.307525634765625,0.233320471505
F189Y:I193S,-8.335612297058105,0.482983921421
F189Y:I193N,-4.4714765548706055,1.18988169002
F189S:T198P,-21.335742950439453,0.167501765961
F189S:T196P,-25.564311981201172,0.16504855622
F189V:T198A,-19.76845359802246,0.234192112875
F189S:Q200K,-19.139137268066406,0.110343457678999
F189L:D201A,-21.891164779663086,0.223936493303
F189L:D194H,-15.628040313720703,0.1844489451639989
F189L:D194E,-11.125955581665039,0.0313865240596
F189L:D194A,-13.737825393676758,0.21674149395
F189I:T198R,-17.557764053344727,0.119590260598
F189I:R203S,-24.48989486694336,0.247901472779
F189I:P202T,-23.858034133911133,0.151662475753
F189I:I193L,-14.809109687805176,0.0771965180845
F189I:D201Y,-21.91901969909668,0.179714790642
F189I:D194G,-17.793352127075195,0.208680033077
F189S:R203C,-22.90003204345703,0.113190937452
F189I,-11.964282989501953,0.058359537
F189H:T197S,-15.799474716186523,0.845542138726
F189H,-11.238077163696289,0.180127498
F189G:Q200H,-17.46698760986328,0.778496737417
F189G:L190R,-21.523645401000977,0.944115998496
F189C:W199C,-21.508426666259766,0.48654405338
F189C:Q200R,-18.116647720336914,0.268031992469
F189C:Q195G,-13.671422958374023,0.5780128995570001
F189C:I193T,-15.503379821777344,0.0694320200286
F189C:D201H,-17.946815490722656,0.7056249005130001
F189C:D201G,-24.20612144470215,0.341014289939
F189C:D194Y,-17.816173553466797,0.354383752475999
F189C:D194N,-11.312207221984863,0.135388491765999
F189A,-15.482440948486328,0.227098952
F189L:D201P,-19.943695068359375,0.379905074868
F189L:D201Y,-19.737045288085938,0.4297354031679989
F189I:D194A,-16.013513565063477,0.425158813232
F189L:H192R,-17.00473403930664,0.0421858349314
F189S:Q200H,-15.31132698059082,0.375817109019
F189L:H192Q,-18.207157135009766,0.0840427917771999
F189S:Q200E,-17.447891235351562,0.275410755857
F189S:Q195R,-8.430723190307617,0.355185257826
F189S:I193V,-14.07596206665039,0.149074830542
F189S:I193T,-16.593019485473633,0.354971640434
F189S:I193N,-14.239912986755371,0.0601104228823
F189S:H192D,-23.388057708740234,0.105913971765
F189S:D201E,-22.969223022460938,0.0587541934399
F189R:P202T,-25.710689544677734,0.675714657086
F189R:I193F,-19.12857437133789,1.37542504455
F189P:D194N,-13.442944526672363,1.92186578945
F189N:T198R,-18.519145965576172,1.50429320672
F189S:D194N,-12.50728988647461,0.199362254901
F189L:Q200H,-12.095438957214355,0.0447474268251
F189L:T198R,-15.453365325927734,0.131413986802
F189L:T196I,-14.852008819580078,0.153648012007
F189L:R203H,-20.458717346191406,0.0852601079733
F189L:Q200R,-16.120136260986328,0.0709824257472
F189L:Q200P,-19.88119125366211,0.144019043423
F189L:Q200K,-15.923250198364258,0.0719524960648
F189L:Q195K,-5.7266130447387695,0.298068443926
F189L:P202S,-20.24122428894043,0.0321516971029
F189L:P202R,-21.494300842285156,0.227974403192
F189L:W199R,-17.594684600830078,0.0670138926828
F189L:L190V,-11.012303352355957,0.11444353737
L190Q:P202L,-18.596996307373047,0.147799815358
L190Q:P202Q,-19.562847137451172,0.367605760844
L190Q:D201H,-14.341750144958496,0.267123777624
L190Q:D194N,-6.225656032562256,0.807723934007
L190Q:N191D,-12.342658996582031,0.113331204392
L190Q:I193T,-10.110894203186035,0.901390432134
L190Q:D201V,-19.221538543701172,0.122711643551
L190Q:I193M,-11.482379913330078,0.602761230363
L190Q:I193L,-9.590059280395508,0.474136961464
L190Q:D201Y,-17.20687484741211,0.135900012756
L190Q:Q195K,-3.477570056915283,0.64964368061
L190Q:I193N,-7.913782596588135,0.514262524624
L190Q:Q200H,-9.179852485656738,0.20480184948
L190R:D194N,-5.178398132324219,1.18568588516
L190Q:T196S,-9.015353202819824,0.211600352831
L190Q:T197N,-17.225482940673828,0.454842659121999
L190Q:T197S,-13.464420318603516,0.140999630097
L190Q:T198S,-8.101638793945312,0.476024719701
L190Q:W199Y,-11.381963729858398,1.83249757398
L190R,-5.874491214752197,0.6403079279999999
L190R:D194A,-9.342735290527344,0.906879250228
L190R:D194E,-7.31900691986084,0.936474809569
L190R:D194G,-10.913166046142578,0.839739001104999
L190R:D194H,-11.138956069946289,1.74144464118
L190R:D194K,-11.518142700195312,0.874003134189
L190R:D194V,-12.693931579589844,1.00143745286
L190Q:D194H,-12.186214447021484,0.868523947793
L190R:D194Y,-11.687972068786621,1.8019689525
L190Q:Q200R,-13.249258041381836,0.319719679233
L190Q:D194A,-10.389992713928223,0.918642714588
L190R:T196A,-11.603249549865723,0.447947203012999
L190P:W199Y,-13.118155479431152,1.14331985208999
L190R:D201H,-13.284231185913086,0.144928886784
L190M:Q200D,-7.67237663269043,1.12500229861
L190M:Q200E,-6.679636001586914,0.1963339443739989
L190M:Q200G,-9.492359161376953,1.35623996932
L190M:Q200K,-8.169097900390625,0.857740080017
L190M:Q200L,-3.173957347869873,0.312772561434
L190M:Q200R,-8.396533012390137,0.965231068584
L190M:T196A,-7.950331687927246,0.230049014225
L190M:T196P,-14.844991683959961,0.113306536146
L190M:T196S,-4.173246383666992,0.751867225171999
L190M:T197G,-15.53520679473877,1.76973356155
L190M:T198A,-8.36381721496582,0.0903180047793
L190M:T198M,-9.146736145019531,0.474239717941
L190M:T198S,-3.297675132751465,0.587951529734
L190Q,-6.969877243041992,0.330103331
L190P,-8.867504119873047,0.109454749
L190P:D194N,-8.065384864807129,0.119550056635999
L190P:D194V,-15.580917358398438,0.336224453016
L190P:D201H,-16.172948837280273,0.3356780341099989
L190P:D201Y,-19.038074493408203,0.404557935238
L190P:H192N,-17.323509216308594,0.279423245271
L190P:H192Y,-16.961030960083008,0.00650360422156
L190P:I193F,-13.931572914123535,0.0794392492078999
L190P:I193G,-16.09369659423828,0.52642202832
L190P:Q195K,-5.04254150390625,0.2801657608439989
L190P:Q195R,-4.643155097961426,0.620771263145
L190P:Q200H,-11.037721633911133,0.273813979975
L190P:Q200R,-15.107128143310547,0.250233839531
L190P:R203C,-18.962459564208984,0.668294353538
L190P:T198K,-15.58999252319336,0.190902882605
L190P:D194E,-10.20599365234375,0.248379674836
L190R:D201N,-11.679006576538086,0.401242740738
L190V:Q200R,-7.887362957000732,0.530591185051
L190R:D201Y,-16.149354934692383,0.577997391
L190V:D194Y,-7.914707183837891,0.326035828865
L190V:D201A,-14.35307788848877,0.67455282877
L190V:D201G,-14.578510284423828,0.414766887104
L190V:D201H,-9.065165519714355,0.398655192585
L190V:D201L,-15.33543872833252,0.458553590478
L190V:D201Y,-11.930289268493652,0.390522934099999
L190V:I193F,-6.649300575256348,0.192042608158
L190V:I193L,-4.31431770324707,0.630352952758999
L190V:I193N,-2.6380414962768555,2.23484236414
L190V:I193T,-4.835153102874756,0.188446770114
L190V:N191D,-6.95546817779541,0.14121362823
L190V:P202R,-13.550821304321289,0.220749443276
L190V:Q195H,-3.596005439758301,0.358539994222
L190V:D194N,-1.4051332473754883,1.0522605
L190V:Q195K,1.5616555213928223,2.1642856956
L190V:Q195R,1.9610419273376465,2.1862174926599898
L190V:Q200E,-6.170466423034668,0.337197823526
L190V:Q200G,-8.98318862915039,0.919657769657
L190V:Q200H,-3.8179574012756348,0.715908077254
L190V:Q200K,-7.659927845001221,0.329796286676
L190M:Q195R,1.4022648334503174,1.52230395409999
L190V:Q200Y,-6.4086174964904785,2.9390764335500004
L190V:R203H,-12.55359935760498,0.0931342523303
L190V:T196A,-7.515038013458252,0.729288711562
L190V:T196S,-3.737952709197998,0.694420124972
L190V:T198A,-7.822181701660156,0.19855417409
L190V:T198R,-7.3130388259887695,0.380477247706
L190V:T198S,-2.7560391426086426,0.3566663696509989
L190V:Q195L,-7.041023254394531,0.502143383091
L190V:D194H,-7.365691184997559,0.62627461227
L190V:D194G,-7.139901161193848,1.46572216736
L190V:D194E,-3.5457420349121094,0.266463554776
L190R:H192N,-13.974605560302734,0.163225051433
L190R:I193F,-10.978531837463379,0.459953487167
L190R:I193L,-8.643548965454102,0.59005615282
L190R:I193M,-10.535869598388672,0.685332060254
L190R:I193N,-6.967272758483887,1.37625403093
L190R:I193V,-7.098710060119629,0.138825685784
L190R:P202R,-17.7801513671875,0.307463133895
L190R:Q195K,-3.474170684814453,1.46454763659
L190R:Q195P,-15.288408279418945,0.301455353574
L190R:Q195R,-3.074784278869629,1.73236344722999
L190R:Q200D,-11.503982543945312,1.3947387285
L190R:Q200E,-10.511241912841797,0.387906564066
L190R:Q200H,-8.158733367919922,1.01596231955
L190R:Q200K,-12.000703811645508,0.107450276664
L190R:Q200P,-16.534616470336914,0.299919663691
L190R:R203C,-15.822678565979004,0.0650517091315
L190R:R203P,-18.991230010986328,0.0946985962142
L190R:T196N,-12.028642654418945,0.582046359852
L190R:T196S,-7.826164245605469,0.187942372265
L190R:T197P,-16.36992073059082,0.3224275283439989
L190R:T198K,-12.355419158935547,0.466633836187
L190R:T198M,-12.717975616455078,0.7974333143350001
L190R:T198P,-14.770965576171875,0.250621130817
L190R:T198R,-11.42591381072998,0.548681921935
L190R:W199S,-14.086308479309082,0.15365690584
L190S:I193L,-10.04143238067627,1.63651926764
L190T,-6.027451038360596,0.2448752039999999
L190V,-1.6749347448349,0.7231992140000001
L190V:D194A,-5.569469928741455,0.922400222582
L190R:D201V,-18.164020538330078,0.801742220939999
L190M:Q195K,1.0028784275054932,1.24458660501
L190M:Q200H,-4.327127456665039,0.8503823426010001
L190M:P202Q,-14.765523910522461,0.0638737742616
L190K:D201G,-18.474870681762695,1.89273255665
L190K,-5.570230960845947,2.702899304
L190I:W199G,-6.3142595291137695,0.50857680009
L190I:T196S,1.422925591468811,1.17364635846
L190I:R203S,-9.39490795135498,1.4708256513100002
L190I:R203H,-7.583573341369629,0.794610871918
L190I:R203C,-6.844108581542969,0.252533688623
L190I:Q200E,-1.198923110961914,0.587346043825
L190I:Q195H,1.410550832748413,1.19521737712
L190I:N191S,-2.015171527862549,1.49460446568
L190K:N191Y,-15.826107025146484,2.03805114463
L190I:I193L,1.0098850727081299,0.420724483091
L190I:D201E,-7.290949821472168,0.675513358612
L190I:D201A,-9.318486213684082,1.38745398234
L190I:D194V,-4.008110046386719,1.52070990363
L190I:D194N,3.507422924041748,1.79937750355999
L190I:D194H,-2.453134775161743,1.3661480352200002
L190I:D194A,-0.6569137573242188,1.84061868075999
L190I,3.320617437362671,1.165557394
L190F:T197A,-13.178343772888184,0.925064487073
L190E:R203C,-20.145278930664062,0.567771130453
L190M:Q195E,-6.886897563934326,0.473338855937
L190I:I193F,-1.3250973224639893,0.726627141051999
L190M,-2.205022096633911,0.740773308
L190A:I193T,-10.183707237243652,1.37200818007
L190M:D194E,-3.8141841888427734,1.37442847396
L190M:D194A,-5.837912559509277,1.41389263259999
L190M:N191S,-7.6659698486328125,0.335863455814
L190M:N191K,-11.798025131225586,0.116432683740999
L190M:N191D,-7.561714172363281,0.313221049365
L190M:N191Y,-12.505460739135742,0.134232346949
L190M:I193T,-5.476313591003418,0.484395958614
L190M:I193S,-6.966867446899414,0.4097992175159989
L190M:I193M,-6.8477983474731445,0.473586247853
L190M:I193L,-4.955478191375732,0.712836053489999
L190M:I193F,-7.290460586547852,0.465462331399
L190M:I193N,-3.2792015075683594,1.00200112089
L190M:D201Y,-12.543623924255371,0.883701471981
L190M:D194G,-7.408343315124512,1.05435730663999
L190M:H192D,-13.367300987243652,0.248518542524
L190M:D194N,-1.673575520515442,1.32791106405
L190M:D194V,-9.189108848571777,0.4339411728419989
L190M:D194Y,-8.183149337768555,0.961576828525
L190M:D194H,-7.634133338928223,1.73725371140999
L190M:D201H,-9.678500175476074,0.241008329239
L190M:D201K,-15.372326850891113,0.767365617209
L190M:D201N,-8.073275566101074,0.5337186776380001
L190M:D201G,-15.191844940185547,0.1625581340919989
N191Y:D194N,-6.814882278442383,0.369757047073
N191H:R203Y,-17.972713470458984,0.434927324812
N191H:T196S,-8.983102798461914,0.0506746812836
N191H:T197N,-16.479307174682617,0.335558644711
N191H:T198S,-7.6714582443237305,0.0606042146524
N191Y:Q195K,-6.235994815826416,0.981750677825
N191Y:P202V,-22.180255889892578,0.670304062557
N191Y:I193N,-10.401346206665039,0.3983296637749989
N191Y,-10.280083656311035,0.118332683
N191S:T198S,-7.467106819152832,0.382696179173
N191T:T198S,-12.442485809326172,0.2083232502
N191T:T198K,-17.808473587036133,0.113222005906
N191T:T196N,-17.965065002441406,0.1576566331069989
N191T:Q200R,-17.160808563232422,0.0928571686917
N191T:P202R,-22.92314338684082,0.152983591272999
N191T:I193D,-18.301509857177734,0.510842365893
N191T:H192D,-21.757205963134766,0.329113906239
N191T:D194S,-10.056463241577148,0.979273395202
N191T,-11.2446870803833,0.080871599
N191H:Q200R,-12.616912841796875,0.267477489651
N191S:T198R,-12.205192565917969,0.244360321916
N191V:D201N,-18.012008666992188,1.43193032423999
N191H:Q200L,-7.407154560089111,0.140153035393
N191H:D194E,-6.265530109405518,0.188340718092
N191H:Q200D,-12.323328971862793,1.35976446922999
N191D:Q200R,-11.539773941040039,0.600066231982
N191S:T198M,-13.954263687133789,0.0296535798764
N191D:T197N,-15.489215850830078,0.112456688581
N191D:T197S,-10.318026542663574,0.210463027398
N191D:T198S,-6.597672462463379,0.291210658247
N191D:W199C,-15.396587371826172,0.127611823139
N191D:W199Q,-16.137283325195312,1.02693261456
N191E:D201A,-25.23357391357422,0.701490765447
N191E:D201N,-18.255001068115234,0.290704575928
N191E:I193T,-15.293752670288086,1.05917779495
N191H:Q200H,-8.89574146270752,0.119958383813
N191F:D194G,-14.16810131072998,1.4283073791
N191H,-6.445211887359619,0.191104856
N191H:D194A,-6.700047969818115,0.4965514012879989
N191H:D194G,-8.202451705932617,0.278621372668
N191H:D201N,-12.133935928344727,0.307176079217
N191H:H192D,-16.91999053955078,0.342406635415
N191H:H192Q,-14.937984466552734,0.0333213695619
N191H:I193L,-8.368313789367676,0.313480238205
N191H:I193T,-8.718594551086426,0.297277558231
N191H:I193V,-5.990753650665283,0.0617100030084
N191H:Q195K,-2.6652140617370605,0.2297058364849989
N191G:H192N,-18.668804168701172,1.50646679507
N191S:T198A,-12.836368560791016,0.241495598502
N191S:D194H,-10.889402389526367,0.6904323073630001
N191S:T197P,-15.179012298583984,0.168010175529
N191R:R203C,-19.0380802154541,1.26535058130999
N191R:Q195R,-4.459475517272949,0.52642202832
N191R:P202R,-20.64120101928711,0.123777936675
N191R:I193S,-13.057509422302246,0.674941594221
N191R,-8.862442970275879,0.113358739
N191K:T198R,-16.06328582763672,0.263202749005
N191K:Q200V,-12.277746200561523,0.592502280057
N191K:Q200R,-16.087610244750977,0.123500610522
N191K:Q200H,-12.366437911987305,0.112406666256
N191K:Q195R,-5.340065956115723,0.25057252903
N191R:T197S,-13.760963439941406,0.358058256559
N191K:Q195K,-6.058996677398682,0.418068408289
N191K:Q195E,-13.664804458618164,0.0618745913844
N191K:I193M,-13.867271423339844,0.2544999727499989
N191K:I193L,-11.926155090332031,0.106115291446
N191K:I193K,-12.541781425476074,0.302866402055
N191K:I193F,-14.320566177368164,0.231334041543
N191K:H192Y,-17.879348754882812,0.098215693252
N191K:H192N,-18.16925811767578,0.104878658784
N191K:D201Y,-20.16461944580078,0.0665429405192
N191K:D194N,-7.902311325073242,0.286831567576
N191K:D194G,-13.538872718811035,0.152452408136
N191K:Q195H,-11.297924041748047,0.103849091486
N191S,-6.425596237182617,0.566387259
N191S:D194A,-8.854839324951172,0.139413644341
N191S:D194E,-8.420321464538574,0.496043228922
N191S:T196P,-18.805191040039062,0.143154796431
N191S:R203G,-18.77159309387207,0.254927972587
N191S:Q200R,-12.257648468017578,0.631748223576
N191S:Q200P,-16.223913192749023,0.1539122593
N191S:Q200K,-12.079023361206055,0.192347352361
N191S:Q200H,-8.536476135253906,0.4202631546779989
N191S:Q195L,-10.935277938842773,0.193123606538
N191S:Q195K,-2.414552688598633,1.07808209986
N191S:Q195H,-7.653480052947998,0.556023515388
N191S:Q195G,-8.311593055725098,1.44182383856
N191S:Q195E,-10.020360946655273,0.0915132715036
N191S:P202L,-17.81411361694336,0.141148687171
N191S:I193S,-11.653619766235352,0.166080988923
N191S:I193R,-11.619159698486328,0.901302923655
N191S:I193N,-7.212578296661377,1.06767444442
N191S:I193M,-11.682844161987305,0.488106339111
N191S:H192P,-19.38481330871582,0.12848142439
N191S:D201Y,-16.390758514404297,0.0510209559748
N191S:D201V,-18.549053192138672,0.0487949637517
N191S:D194Y,-11.590105056762695,0.327974199085
N191S:D194N,-4.720682144165039,1.1134545406999898
N191D:Q200K,-11.361148834228516,0.545148651361
N191S:D194G,-10.357243537902832,0.4077880688019989
N191S:T197S,-11.031094551086426,0.1799295652299989
N191D:Q200H,-7.818602085113525,0.7126388601420001
N191I:I193N,-9.680694580078125,0.50739716875
N191D:Q195S,-9.085901260375977,0.83380028657
N191D:Q200E,-10.189371109008789,0.216450183282
N191K,-10.117219924926758,0.176948308
N191A:T198S,-13.53019905090332,1.36298542738
N191D,-5.502309799194336,0.354226797
N191D:D194A,-2.483349561691284,0.973285522135
N191D:D194E,-2.0488317012786865,0.781185615829
N191D:D194G,-3.985753297805786,0.807565753329
N191D:D194H,-4.517911911010742,2.58954018339
N191D:D194N,1.6508080959320068,1.96739715148
N191D:D194R,-6.019139289855957,0.864475834446
N191C,-7.4941816329956055,0.218036908
N191D:H192Y,-13.191986083984375,0.406444506919
N191D:Q195R,-1.1404595375061035,0.588842846982999
N191D:D201G,-18.291057586669922,0.0397562962664
N191D:Q195P,-13.217207908630371,0.0984801309496
N191D:Q195H,-7.098317623138428,0.114527351909
N191D:Q195K,-1.8593902587890625,0.992932221761
N191D:I193V,-5.254520893096924,0.3922214985369989
N191D:I193S,-9.543973922729492,0.25848349776
N191D:I193N,-5.102931976318359,0.402421187444
N191D:I193M,-9.573198318481445,0.33578539767
N191D:P202T,-17.402931213378906,0.0303966483425
H192R:D194Y,-13.489340782165527,0.202972081452
H192R:D194A,-11.01736068725586,0.297823464935
H192R:D194V,-14.125944137573242,0.174272576035
H192R:D194N,-7.201239585876465,0.456946949831999
H192R:D194G,-13.112771034240723,0.370408087874
H192R:D194E,-8.29074764251709,0.116793063884999
H192R,-7.211048603057861,0.060607017
H192Q:T196N,-15.216625213623047,0.13752033248
H192Q:T197G,-19.240171432495117,0.915841470826
H192Q:T196S,-10.718790054321289,0.0285030415137999
H192Q:T196A,-14.835317611694336,0.10063285686
H192Q:R203N,-21.84450340270996,0.720341822253
H192Q:Q200A,-11.944796562194824,1.46853066493
H192R:I193M,-11.799792289733887,0.121206273204
H192Q:T197R,-17.733686447143555,1.24358903355
H192R:I193N,-8.281761169433594,0.256252128979
H192R:T197N,-16.68179702758789,0.250336089098
H192R:P202S,-17.814680099487305,0.0960642014413
H192Y:W199K,-16.27019500732422,0.973271010127
H192Y:R203S,-20.183338165283203,0.0165295871806
H192Y:Q195V,-14.23866081237793,0.52642202832
H192T:W199R,-17.601078033447266,0.222320689849
H192S:R203S,-23.064674377441406,0.0920954000083
H192S:P202S,-21.155752182006836,1.14079091426
H192R:T198P,-15.852043151855469,0.1812493338859989
H192R:P202M,-23.37112045288086,0.510842365893
H192Q:Q195K,-4.998688697814941,0.279236044692
H192R:Q200R,-13.348615646362305,0.296706273573
H192R:Q200K,-13.067611694335938,0.167452431182
H192R:Q200H,-9.408438682556152,0.189434794068
H192R:Q200G,-14.899456977844238,0.674941594221
H192R:Q200A,-10.794292449951172,0.477056847774
H192R:Q195R,-3.395961284637451,0.3765947006319989
H192R:Q195K,-4.188372611999512,0.376858114269
H192R:T196A,-13.778188705444336,0.154412227156
H192Q:D194N,-8.319802284240723,0.13763498107
H192P,-13.020305633544922,0.034190683
H192P:T198R,-19.1110897064209,0.097321493002
H192P:W199C,-22.486103057861328,0.118217020925
H192L:Q200R,-14.936729431152344,0.129805910195
H192L:D194E,-10.404324531555176,0.141448132618
H192I,-12.087491989135742,0.192325331
H192G:W199R,-18.82889175415039,0.931245506774
H192E:T196N,-18.14816665649414,0.1765363261349989
H192D:T198P,-19.127777099609375,0.136432115158
H192L:R203I,-19.78376007080078,0.435916876694
H192D:T198A,-16.77836036682129,0.0877575179323
H192D:Q200S,-14.23507308959961,0.5289382758810001
H192D:Q200K,-16.190847396850586,0.0534523165666999
H192D:Q195R,-5.867588043212891,0.170396601289
H192D:P202L,-21.82344627380371,0.0497685524099
H192D:P202A,-22.642601013183594,0.143586688729
H192D:D194H,-16.49068832397461,0.25711744125
H192C,-11.094905853271484,0.172244151
H192D:T196V,-15.801887512207031,0.504646150923
H192L:T198I,-17.36579132080078,1.79789316155
H192L:R203D,-23.93655014038086,1.79633514809
H192N:D194G,-13.593826293945312,0.159278249075
H192P:T197N,-22.5338134765625,0.152760408894
H192P:Q200H,-15.306109428405762,0.303194222649
H192P:Q195K,-9.264961242675781,0.37001385877
H192P:I193T,-16.15239906311035,0.27020225144
H192P:D194Q,-17.661170959472656,0.628495235959
H192N:D194E,-8.77180290222168,0.0974733459578999
H192N:W199K,-16.775468826293945,0.623784394631
H192N:W199C,-17.38810157775879,0.127641576788
H192P:D194G,-18.65858268737793,0.21301809913
H192N:Q195R,-3.4597601890563965,0.147507612959999
H192N:Q195K,-4.252171516418457,0.196999898414
H192N:P202T,-19.817861557006836,0.0704646122663
H192N:I193V,-9.243711471557617,0.1716480266699989
H192N:I193L,-10.57796859741211,0.302323269672
H192N:D194Y,-13.970396041870117,0.159847401336
H192N:D194V,-14.606999397277832,0.0175556848015
H192N:T198A,-14.087457656860352,0.321781308097
H192D:D201V,-22.893882751464844,0.0368509326318
I193V:Q200R,-7.471942901611328,1.17732097438
I193V:Q200K,-7.398932456970215,0.144256846432
I193V:Q200H,-3.2832770347595215,1.34604350097
I193V:Q195R,3.1610138416290283,2.32099117369
I193V:Q195P,-8.676050186157227,0.4089028287539989
I193S:D201N,-11.575923919677734,0.133757678606
I193V:D201Y,-11.579580307006836,0.4105423797860001
I193L:T198R,-8.777575492858887,0.5178358957
I193L:T198Q,-6.6370344161987305,2.92826249402
I193L:T198K,-10.1651611328125,0.125135620246
I193L:T198A,-9.269193649291992,0.401103822543
I193L:T197S,-7.424239635467529,0.437094172086
I193L:T197P,-11.812400817871094,0.2081302785139989
I193L:T197D,-16.399953842163086,1.25923684184
I193L:T196S,-5.26291036605835,0.5316034302880001
I193L:T196I,-8.446928024291992,0.3606964185369989
I193L:T196A,-9.317168235778809,0.310077431955
I193L:R203L,-13.94399356842041,0.107580887512
I193L:R203H,-13.946292877197266,0.217063969399
I193L:T198S,-3.962733268737793,0.692103654794999
I193L:Q200R,-9.323390007019043,1.29419838057
I193L:Q200H,-5.1347246170043945,1.20235730979
I193L:Q200E,-7.553765773773193,0.172078694307
I193L:Q195R,1.3756718635559082,1.98126512115999
I193L:Q195L,-7.444538593292236,0.283372561583
I193L:Q195K,0.30992650985717773,1.90252667578
I193L:Q195H,-4.672214508056641,0.7248062712800001
I193L:D201V,-15.445220947265625,0.597740135966999
I193L:D201N,-9.209391593933105,0.593961347735
I193L:D201I,-15.696584701538086,2.21208023592
I193L:D201H,-10.6350679397583,0.3818498018639989
I193L:D201G,-15.973666191101074,0.3255860987689989
I193L:D201A,-15.791028022766113,0.400048414571
I193L:Q200K,-9.25037956237793,0.08200299517
I193L:D194Y,-9.582738876342773,0.541330207652
I193L:W199S,-11.626249313354492,0.156538245443
I193M:D194A,-8.451446533203125,2.160608451
I193M:T196P,-17.704370498657227,0.183515077864
I193M:T196I,-10.322981834411621,0.568621062673
I193M:R203C,-14.975662231445312,0.122078548599
I193M:Q200W,-14.274438858032227,1.54083309351
I193M:Q200R,-11.156896591186523,1.28751608664
I193M:Q200P,-14.901470184326172,0.227067404818
I193M:Q200L,-5.6897478103637695,0.985135097
I193M:Q200K,-11.08388614654541,0.428167789637
I193M:Q200H,-6.968230247497559,1.45941690456
I193M:Q195R,-0.7051401138305664,2.01203486074
I193M:Q195K,-1.7708854675292969,1.90864359839
I193M:Q195H,-6.753026485443115,0.516892022619999
I193M,-4.9126152992248535,0.975948534
I193M:P202R,-16.837818145751953,0.304466669439
I193M:D201Y,-15.37302303314209,0.417818381832
I193M:D201V,-17.399566650390625,0.616951260063999
I193M:D201N,-11.163736343383789,0.303710189794
I193M:D201K,-18.264463424682617,1.21068229674
I193M:D201A,-17.745372772216797,0.625326188913
I193M:D194Y,-11.631433486938477,0.8304430496490001
I193M:D194V,-11.004570007324219,0.644171191505
I193M:D194N,-4.684420108795166,1.75933233461
I193M:D194I,-10.294462203979492,0.458040456945
I193M:D194H,-11.499807357788086,1.19063613191
I193M:D194G,-11.161500930786133,0.628858903684
I193M:D194E,-6.754093170166016,1.4707521952200002
I193M:P202A,-16.949832916259766,0.269964425936
I193M:T196S,-7.138964653015137,0.468819682143
I193L:D194V,-8.955876350402832,1.07405334964
I193L:D194K,-8.627310752868652,3.30505229515
I193F:Q195R,-1.2215847969055176,1.60754339152
I193F:Q195L,-10.04179573059082,0.294992973602
I193F:Q195K,-2.287330150604248,1.56649856288
I193F:Q195H,-7.269471168518066,0.667786113966
I193F:P202R,-17.245464324951172,0.255441441219
I193F:P202Q,-17.883968353271484,0.0935817040517
I193F:P202L,-16.81671905517578,0.0819466597535
I193F:D201Y,-15.821855545043945,0.339092974141
I193F:D201V,-17.848398208618164,0.23238480101
I193F:D201S,-16.536325454711914,0.52642202832
I193F:D201A,-18.19420623779297,0.0580059776358
I193F:D194Y,-11.784067153930664,0.699780387467
I193F:Q200H,-7.522305488586426,1.36518517819
I193F:D194V,-11.157204627990723,0.457963459733
I193F:D194N,-4.837054252624512,1.34987662743999
I193F:D194H,-11.65244197845459,1.46801362527
I193F:D194G,-11.31413459777832,0.68704794902
I193F:D194E,-6.906727313995361,1.4550357684900002
I193F:D194C,-10.962739944458008,1.89497910649
I193F:D194A,-8.604080200195312,2.07154497468
I193F,-5.396838188171387,0.693820276
I193D:P202A,-20.038965225219727,0.746909462832
I193C:T198A,-13.395223617553711,0.4315071710600001
I193C,-7.219517230987549,0.841481037
I193A:Q195H,-7.039172172546387,0.816222668774
I193A,-5.126780033111572,0.692881705
I193F:D194S,-6.516584396362305,1.07913443837
I193L:D194N,-2.6357262134552,1.09633902812
I193F:Q200K,-11.637960433959961,0.283362775976
I193F:Q200S,-9.515481948852539,0.52642202832
I193L:D194H,-9.4511137008667,1.48742001672999
I193L:D194G,-9.11280632019043,0.757589835611999
I193L:D194E,-4.705399036407471,1.43205119598
I193L:D194A,-6.402751922607422,1.4992372468900002
I193L,-2.9795820713043213,0.96137972
I193K:T197A,-8.660576820373535,0.52642202832
I193K:T196P,-16.442596435546875,0.783659240191
I193K:T196A,-9.931448936462402,0.736772693280999
I193K:Q195R,-0.02820587158203125,2.72743203902
I193K:D194N,-3.8339364528656006,2.05087188728
I193K,-3.917903423309326,1.494868453
I193H:T198S,-6.559098720550537,0.450016241674
I193F:Q200R,-11.710970878601074,1.04323040783999
I193H,-5.6709184646606445,1.079320109
I193G,-7.68073034286499,0.89901251
I193F:W199C,-15.430191040039062,0.0482438204466
I193F:T198S,-6.346240043640137,0.413089879834
I193F:T198N,-12.586101531982422,0.530576733434
I193F:T198A,-11.652700424194336,0.244473498765
I193F:T197S,-9.779654502868652,0.313062579813
I193F:T197P,-14.167815208435059,0.3710204124930001
I193F:T196S,-7.698197364807129,0.288668210979
I193F:T196P,-18.26360321044922,0.10824238898
I193F:T196I,-10.88221549987793,0.624850542008
I193F:T196A,-11.752455711364746,0.443798481963
I193F:R203S,-18.045686721801758,0.1315466702
I193G:Q195R,-3.398153781890869,1.76937681308
I193V:Q195K,2.095268487930298,1.53075806224
I193M:T197S,-9.259005546569824,0.378722962117
I193M:T198K,-12.051513671875,0.186080334882
I193T:D194Y,-9.810975074768066,1.7286739161000002
I193T:D194V,-9.184112548828125,1.02308520554
I193T:D194N,-2.8639626502990723,1.59197352854999
I193T:D194H,-9.679349899291992,1.22687231159
I193T:D194G,-9.341042518615723,0.573977031085
I193T:D194E,-4.933635711669922,1.48284213858
I193T:D194A,-6.630988597869873,1.40159921252999
I193T,-3.697847366333008,0.983589148
I193S:T198S,-6.102025985717773,0.406146691423
I193S:T198A,-11.408485412597656,0.535016415532
I193S:T197S,-9.781582832336426,0.26191616793
I193S:T197P,-14.169743537902832,0.253239474948
I193T:D201G,-16.76765251159668,0.309602284612
I193S:T197N,-15.107059478759766,0.0571601200624
I193S:T196N,-12.321556091308594,0.119315367876
I193S:T196I,-10.742769241333008,0.159524224047
I193S:R203G,-17.485576629638672,0.105371438052999
I193S:Q200R,-11.464930534362793,1.32385934527
I193S:Q200K,-11.39192008972168,0.170459488042999
I193S:Q200H,-7.2762651443481445,0.811844345628
I193S:Q195R,-0.9160003662109375,2.07177297102
I193S:Q195K,-1.981745719909668,0.953983806624
I193S:P202S,-15.843114852905273,0.18407430524
I193S:P202R,-17.251840591430664,0.414333022694
I193S:D201Y,-15.785211563110352,0.291291838162
I193S:D201V,-17.81175422668457,0.2928632558489989
I193S:T196S,-7.558752059936523,0.453327606215
I193V:R203C,-11.132465362548828,0.0551056167689
I193T:D201H,-11.42905330657959,0.38403707583
I193T:D201V,-16.239206314086914,0.417236766739
I193V:D201N,-7.370293617248535,0.5243017469669989
I193V:D201H,-8.79596996307373,0.683849556356
I193V:D201G,-14.13456916809082,0.422250042018
I193V:D201E,-11.981725692749023,0.157513968224
I193V:D201A,-13.95193099975586,0.613454705305
I193V:D194Y,-7.792978763580322,0.823453406355
I193V:D194V,-7.166116237640381,0.7942641702490001
I193V:D194N,-0.8459662199020386,1.62680851875
I193V:D194E,-2.9156391620635986,0.623086561261
I193V:D194A,-4.612992286682129,1.4878746425
I193V,-1.0954025983810425,0.735393738
I193T:T198S,-4.610323905944824,0.269649435685999
I193T:D201N,-10.003376960754395,0.474882119975
I193T:T198R,-9.425166130065918,0.6352376219100001
I193T:T198A,-9.916784286499023,0.6876068383670001
I193T:T197S,-8.235097885131836,0.537808831078
I193T:T196S,-5.864666938781738,0.439059228873
I193T:T196I,-9.048684120178223,0.556689044113
I193T:Q200R,-9.90057373046875,1.3409976224
I193T:Q200K,-9.827564239501953,1.01131048401
I193T:Q200H,-5.711908340454102,1.35861317593999
I193T:Q200E,-8.130949974060059,0.706967557594
I193T:Q195R,0.5553383827209473,2.38419421712
I193T:Q195P,-11.28172492980957,0.529286160202
I193T:Q195K,-0.5104069709777832,1.48348110169
I193T:Q195E,-7.400787830352783,0.321551999927
I193T:T198K,-10.812751770019531,0.279238199412
I193M:T198A,-11.15554428100586,0.493212870864
I193S:D201E,-16.187355041503906,0.203995327678
I193S:D194V,-10.95374584197998,0.384787188609
I193N:Q200E,-5.829536437988281,0.6848519849250001
I193N:Q195R,3.6121363639831543,2.71895006009
I193N:Q195L,-5.20807409286499,0.462977035045
I193N:Q195K,2.546391010284424,2.60116235993
I193N:Q195H,-2.4357500076293945,1.07655747245
I193N:P202Q,-13.928433418273926,0.362672313685
I193N:D201Y,-11.895566940307617,0.30759227707
I193N:D201V,-13.922109603881836,1.03483113127
I193N:D201S,-12.610036849975586,1.70544310555
I193N:D201N,-7.686279296875,1.05166982864
I193N:D201H,-9.111955642700195,1.25073381154
I193N:D201G,-14.450554847717285,0.246499201446
I193N:Q200H,-3.4104952812194824,1.84320954729
I193N:D201A,-14.267916679382324,1.7022779945700002
I193N:D194V,-7.488256454467773,1.3745267570100002
I193N:D194S,-2.8476364612579346,0.56554647469
I193N:D194R,-9.232610702514648,5.7649097779400025
I193N:D194N,-1.1681064367294312,2.1465287333400003
I193N:D194H,-7.983493804931641,1.67721336488
I193N:D194G,-7.645186424255371,0.772409235928999
I193N:D194E,-3.237779378890991,1.79442811437
I193N:D194A,-4.9351325035095215,2.10899029062
I193N,-1.3509576320648193,1.33377755
I193M:W199Q,-15.805675506591797,0.859815194869
I193M:T198S,-5.849084854125977,0.12913396025
I193M:T198R,-10.66392707824707,0.471701456981
I193N:D194Y,-8.115118980407715,1.09045989903
I193S:D201A,-18.157562255859375,0.213565160457
I193N:Q200K,-7.526150703430176,0.588181226527
I193N:Q200R,-7.599161148071289,2.60872792366
I193S:D194N,-4.6335954666137695,1.23698470715
I193S:D194H,-11.448983192443848,1.71053728268
I193S:D194G,-11.110675811767578,0.502908072556
I193S:D194E,-6.703268527984619,0.584045636399
I193S:D194A,-8.40062141418457,0.920593602682
I193S,-5.2333269119262695,0.76141968
I193R:T196S,-7.227904319763184,0.273177122778
I193R:Q200R,-11.387080192565918,2.79266234842
I193R:Q200L,-5.919931411743164,0.839383123323
I193R:D194A,-9.045015335083008,3.51392895372
I193R,-5.128712177276611,0.99769525
I193P:D194H,-15.843406677246094,1.58776235257999
I193N:Q200L,-2.132012367248535,1.2381212343
I193P,-9.641756057739258,0.28288424
I193N:T198R,-6.860096454620361,0.917557198694
I193N:T198P,-9.536626815795898,0.268812405241
I193N:T198A,-7.351714134216309,0.721869546073
I193N:T197S,-6.1410603523254395,0.591255318488999
I193N:T196S,-3.863053321838379,1.5353965884
I193N:T196R,-6.7100510597229,0.298562651818
I193N:T196N,-8.625858306884766,0.595181777295
I193N:T196I,-7.0470709800720215,1.08143076049
I193N:T196F,-10.415210723876953,1.3374358085100002
I193N:T196A,-7.917311668395996,0.302996747993
I193N:R203G,-13.553048133850098,0.21736126629
I193N:Q200Y,-5.726131439208984,1.51837328435
I193N:T198S,-2.0452542304992676,0.8450803184110001
I193V:R203G,-13.398357391357422,0.682361632188
I193V:D194G,-7.3230462074279785,0.649357008604
I193V:T196A,-7.125868797302246,0.413556736841999
I193V:T196K,-5.19708251953125,1.1458743580500002
I193V:T196S,-3.071610450744629,0.566321226461
I193V:T197S,-5.654850482940674,0.54328692016
I193V:T198R,-6.805729389190674,0.4890204806679989
I193V:T198S,-1.990886926651001,0.753750260879
I193Y,-6.002408504486084,1.029292251
I193V:R203H,-11.96916389465332,0.136586339
D194G:T196I,-10.778017044067383,0.4144446918
D194G:T196N,-11.500873565673828,0.2179637340219989
D194G:T196S,-7.6156182289123535,0.614203516405
D194G:T197N,-15.831892967224121,0.0771782383549
D194G:T197S,-10.879144668579102,0.656980435227
D194G:T198A,-12.051406860351562,0.663596716904
D194H,-5.9813151359558105,1.460187346
D194G:T198V,-13.895563125610352,3.21950374520999
D194G:T196F,-14.626139640808105,2.34371146721
D194H:D201A,-18.977413177490234,0.489334506903
D194H:D201E,-16.863313674926758,0.472633859944
D194H:D201G,-19.165081024169922,0.391038898975
D194G:T198P,-14.328048706054688,0.0748031448753
D194G:T196A,-10.237565994262695,0.5462243860589989
D194G:Q200P,-16.142974853515625,0.112637746454
D194G:Q200R,-12.88392448425293,1.37431209812
D194Y:T198S,-6.990483283996582,0.653328721906
D194G:Q200M,-9.096771240234375,0.816222668774
D194G:Q200L,-7.328059673309326,0.611160834117999
D194G:Q200K,-12.427314758300781,0.659056560851999
D194G:Q200H,-8.580793380737305,1.7475345538
D194G:Q200E,-10.085647583007812,0.952725610616
D194G:Q195W,-11.11778450012207,1.54004916072
D194G:Q195R,-1.9064173698425293,2.44626470291999
D194G:Q195L,-11.175355911254883,0.123806813355
D194G:Q195K,-2.3154540061950684,2.94599658748
D194G:Q195H,-7.56923770904541,0.860357964749999
D194G:P202R,-18.083921432495117,0.295823315341
D194G:D201V,-18.543994903564453,0.353549042365
D194G:R203C,-16.179807662963867,0.177086095665
D194Y:T198R,-12.539264678955078,0.210884822069
D194Y:T197S,-11.256681442260742,0.5322377525349989
D194Y:T198G,-14.580289840698242,1.81216437791999
D194V:T197S,-12.242389678955078,0.406361995102
D194V:T198A,-13.562029838562012,0.186531023746
D194V:T198K,-15.104193687438965,0.255990633856
D194V:T198S,-8.167695999145508,0.433268624117
D194V:W199C,-17.102813720703125,0.0593498119814
D194W,-9.154269218444824,1.473870464
D194Y,-6.297428131103516,1.042075197
D194Y:D201E,-17.17873764038086,0.150339415747
D194Y:D201G,-19.480506896972656,0.17320291544
D194Y:D201K,-19.73760986328125,0.434927324812
D194Y:D201Y,-16.76028823852539,0.2439709835420001
D194Y:P202R,-18.523771286010742,0.63170452624
D194Y:Q195H,-7.972618103027344,0.767163910868
D194Y:Q195K,-2.718834400177002,1.98260289936
D194Y:Q195M,-9.600569725036621,0.52642202832
D194Y:Q195R,-2.309797763824463,2.61620934936
D194Y:Q200D,-12.018560409545898,1.18450950338
D194Y:Q200E,-10.62022590637207,0.30771705178
D194Y:Q200H,-9.115372657775879,1.2304025732
D194Y:Q200K,-12.961894035339355,0.464884626636
D194Y:Q200L,-7.862638473510742,0.38538925086
D194Y:Q200R,-13.418502807617188,1.24992066209999
D194Y:Q200Y,-11.715469360351562,0.506260030113
D194Y:T196I,-11.379347801208496,0.452814256778
D194Y:T196S,-8.216949462890625,0.51106651248
D194Y:T197P,-15.688525199890137,0.362557747669
D194Y:T197R,-16.549903869628906,0.219508917136
D194G:D201S,-17.285280227661133,0.834225173697
D194Y:T198A,-12.384817123413086,0.619105317022
D194Y:T198M,-13.424628257751465,0.182817200214
D194G:D201N,-12.280695915222168,0.263765783629
D194F:Q200E,-12.202066421508789,1.83249757398
D194G:D201A,-18.94687271118164,0.233366506952
D194E:P202A,-13.795395851135254,0.0355080529343
D194E:D201Y,-11.836385726928711,0.3668597195629989
D194E:D201V,-13.966058731079102,0.562758228583
D194E:D201T,-15.312002182006836,0.255243703369999
D194E:D201P,-12.843040466308594,0.52642202832
D194E:D201N,-7.702760696411133,0.135276797385
D194E:D201H,-9.142024040222168,1.0089626777200005
D194E:D201E,-12.254837036132812,0.185130962501
D194E:D201A,-14.368938446044922,0.670160469491
D194E,-1.5327318906784058,1.316201445
D194C:T196S,-8.444415092468262,1.36908778996
D194C,-6.816392421722412,1.853621022
D194A:T198S,-4.834881782531738,1.11411687611
D194A:T198R,-10.383663177490234,0.654703949255
D194A:T198P,-12.505857467651367,0.465691114111
D194A:T198M,-11.269026756286621,0.2706583433839989
D194A:T198A,-10.229215621948242,0.846930171744
D194A:T197S,-9.249638557434082,0.6067464019250001
D194A:T197P,-13.681482315063477,0.620689723224999
D194A:T197A,-9.710792541503906,0.742972545306
D194A:T196S,-5.863580226898193,1.25829499428
D194A:T196P,-16.17056655883789,0.7245003916930001
D194A:T196N,-9.748835563659668,0.480877828809
D194A:T196I,-9.025979042053223,0.846289983184
D194A:T196F,-12.874101638793945,1.18226099018999
D194A:T196A,-8.485527992248535,0.922133972915
D194A:R203H,-15.228598594665527,0.204632712872
D194A:Q200Y,-9.439969062805176,2.3329313469299904
D194A:Q200R,-11.143003463745117,1.83104359292999
D194E:P202L,-12.945467948913574,0.14408979338
D194G:D201H,-13.719959259033203,0.126999907337
D194E:P202S,-12.132352828979492,0.10167237136
D194E:Q195H,-1.7198541164398193,0.6758577781640001
D194G,-5.923829078674316,1.237291433
D194V:T197P,-16.674232482910156,0.223487536606
D194F,-7.819205284118652,1.138575996
D194E:W199L,-8.616562843322754,0.132540862825
D194E:T198S,-2.3328962326049805,0.549062789648
D194E:T198R,-7.881677150726318,0.572754884606
D194E:T198P,-10.003870964050293,0.197984689753
D194E:T198L,-9.063094139099121,0.7965689047600001
D194E:T198K,-9.269393920898438,0.132191820417
D194E:T198A,-7.727230072021484,0.917284632945999
D194E:T197S,-6.216470241546631,0.618297768453
D194E:T197A,-6.677624702453613,0.296522974486
D194E:T196S,-2.0089612007141113,1.29461389407
D194E:T196R,-4.856650352478027,2.43863783461
D194E:T196N,-5.894216537475586,0.869533042783
D194E:T196K,-3.9113855361938477,0.510842365893
D194E:T196I,-5.171360015869141,0.421280467004
D194E:T196A,-4.630908966064453,0.559477058745
D194E:R203L,-12.771910667419434,0.166567433441
D194E:Q200V,-3.8529086112976074,1.70471211734
D194E:Q200T,-3.2689287662506104,2.85606806672
D194E:Q200R,-8.163040161132812,1.61470762561
D194E:Q200L,-2.607175588607788,1.01873514587
D194E:Q200K,-7.7064313888549805,0.750736913734
D194E:Q200H,-3.859909772872925,1.90441247728
D194E:Q200E,-5.364763259887695,0.646500538834
D194E:Q195R,3.9429659843444824,2.91883530398
D194E:Q195L,-5.325973033905029,0.252555652459
D194E:Q195K,3.5339293479919434,2.1510757859400003
D194E:Q195E,-3.9447453022003174,0.353837666752
D194V:T197A,-12.703544616699219,0.238533339224
D194V:T196A,-11.273832321166992,0.442464040404
D194V:T196R,-11.49957275390625,2.09649703625
D194K:Q195K,-2.1690330505371094,5.274959067809991
D194K:Q195R,-1.7599964141845703,4.40422274953
D194K:Q200H,-8.550346374511719,2.76431588126
D194K:Q200K,-12.396867752075195,0.513579065728
D194K:Q200L,-7.29761266708374,3.40064645515999
D194K:Q200R,-12.853477478027344,1.28266443181
D194K:R203G,-18.603769302368164,1.03505253404
D194K:T196S,-7.429690361022949,1.89520350525
D194K:T197P,-15.369935989379883,1.37788293997
D194K:T197S,-10.938093185424805,1.50548269634999
D194K:W199C,-15.808995246887207,0.567771130453
D194L,-5.7331061363220215,1.198836095
D194L:D201N,-12.134765625,1.2861635273899898
D194L:T197A,-11.300124168395996,0.924445840714
D194N,0.17659170925617218,1.717223013
D194N:D201A,-12.888223648071289,1.10003045797
D194N:D201H,-7.661309719085693,1.15794929965
D194N:D201N,-6.222046375274658,0.7752035349940001
D194N:D201V,-12.485344886779785,0.811239064696
D194N:D201Y,-10.355671882629395,0.854117058022
D194N:P202L,-11.153972625732422,0.194302140595
D194N:P202R,-12.012805938720703,0.3504939034579989
D194N:Q195E,-3.9850380420684814,0.54938153682
D194N:Q195H,-1.7601468563079834,1.19254597657
D194N:Q195K,3.4936366081237793,3.5446151215900006
D194N:Q195L,-5.366265773773193,0.428542626368
D194N:Q195P,-7.89931583404541,0.188144225938
D194N:Q195R,3.9026732444763184,3.14569615871
D194N:Q195Y,-4.938154220581055,1.39509928729999
D194K:D201Y,-16.442466735839844,1.42328069777
D194N:Q200D,-5.358326435089111,2.05865505183
D194K:D201H,-13.748106002807617,2.54296375801
D194K,-5.972357749938965,2.430656901
D194H:D201N,-12.311236381530762,0.571556710435
D194H:D201Y,-16.444862365722656,0.389091981233
D194H:P202A,-18.187660217285156,0.213382990812
D194H:Q195E,-9.89659595489502,0.588487564262
D194H:Q195H,-7.67170524597168,0.99631134721
D194H:Q195K,-2.417921543121338,3.8918808276599903
D194H:Q195R,-2.008884906768799,4.26663604618
D194H:Q200H,-8.702278137207031,1.87329259237
D194H:Q200K,-12.548799514770508,0.425972372069999
D194H:Q200L,-7.449544429779053,0.960426194529999
D194H:Q200R,-13.005409240722656,1.9308121192099896
D194H:R203G,-18.615097045898438,0.317670912549
D194H:T196A,-10.182923316955566,0.713836170246
D194H:T196I,-10.723374366760254,0.982716794525
D194H:T196N,-11.4462308883667,1.08730880843
D194H:T196P,-17.867961883544922,0.4681082410320001
D194H:T196R,-10.40866470336914,0.6061044246580001
D194H:T196S,-7.560975551605225,0.912821606298
D194H:T197P,-15.434032440185547,0.579277633894
D194H:T197S,-11.002189636230469,0.522135215192
D194H:T198A,-12.041669845581055,0.495027644406
D194H:T198M,-13.081480979919434,0.350060731268
D194H:T198R,-12.196117401123047,0.513179510562
D194H:T198S,-6.647336006164551,0.6737875557100002
D194H:W199C,-15.728019714355469,0.176910429193
D194I,-6.629359722137451,1.165943121
D194I:D201A,-19.6943359375,0.816222668774
D194I:Q200L,-8.090963363647461,0.893520192133
D194I:Q200R,-13.646827697753906,0.710171662167
D194K:D201A,-18.975019454956055,0.984617649274
D194N:Q200E,-3.9599921703338623,0.592452058293
D194N:Q200H,-2.4551384449005127,2.89043051687999
D194N:Q200K,-6.30165958404541,0.840111250066999
D194R:Q195H,-10.286005020141602,1.50429320672
D194R:Q195R,-4.623184680938721,4.4544924957
D194R:Q200H,-11.183883666992188,5.5835369021200005
D194R:T196N,-14.067489624023438,4.10356675878
D194R:T196S,-10.182233810424805,2.20353047515
D194R:T198P,-16.827014923095703,1.18408128523999
D194S,-1.7029484510421753,1.617697497
D194S:D201N,-8.066433906555176,0.996961508505
D194S:Q195R,1.869460105895996,2.5340043106400003
D194S:Q200R,-8.663506507873535,1.43884710451
D194S:R203C,-12.027963638305664,0.146535358386
D194T,0.8766205906867981,1.09535668
D194T:P202S,-9.5628080368042,0.21949079097
D194T:Q195H,-1.2372363805770874,2.9122465199
D194T:Q195P,-7.376405239105225,0.839383123323
D194T:T196S,-1.4800384044647217,1.09932959132
D194V,-7.288029193878174,1.031891983
D194V:D201A,-20.352802276611328,0.241124606754
D194V:D201H,-15.12588882446289,0.358077828407
D194V:P202R,-19.470563888549805,0.161146095706
D194V:Q195E,-10.87468147277832,0.4241450430830001
D194V:Q195K,-3.3960065841674805,2.43535422078
D194V:Q195R,-2.9869699478149414,1.93854269779
D194V:Q200E,-11.461614608764648,0.823629068425
D194V:Q200H,-9.95676040649414,1.36623335424
D194V:Q200K,-13.803281784057617,0.200075434546
D194V:Q200L,-8.70402717590332,0.081849740668
D194V:Q200R,-14.259891510009766,1.25872928435
D194A:Q200L,-5.587138652801514,0.880188790073
D194R:P202A,-20.772369384765625,0.709011566813
D194R:D201Y,-19.04478645324707,0.866181762921
D194R,-8.524370193481445,3.159291618
D194Q:T197P,-14.511237144470215,1.33461946923
D194N:Q200L,-1.202404260635376,1.2312446581899898
D194N:Q200R,-6.758268356323242,1.9653932687
D194N:R203H,-10.78482437133789,0.336930526727
D194N:R203L,-11.001002311706543,0.276806924162
D194N:R203S,-12.529837608337402,0.23313445535
D194N:R203Y,-11.390341758728027,0.540038303631
D194N:T196A,-5.641521453857422,0.910390744843
D194N:T196I,-6.181972503662109,0.453442705376
D194N:T196N,-6.904829025268555,0.689282492407999
D194N:T196P,-13.326559066772461,0.378791104667
D194N:T196R,-5.867262840270996,2.1532855045200003
D194N:T196S,-3.01957368850708,1.67504581665
D194N:T197A,-5.294460773468018,0.352575838272
D194N:T197P,-9.26515007019043,0.343618890158
D194V:T196S,-8.651884078979492,0.632416730331
D194N:T197S,-4.833306312561035,0.8423203575660001
D194N:T198E,-8.0177640914917,1.01082183561
D194N:T198G,-7.958802223205566,1.65820622982
D194N:T198L,-7.099194526672363,0.836714724176
D194N:T198M,-6.803141117095947,0.39807868224
D194N:T198R,-5.917777061462402,1.63995665157
D194N:T198S,-0.3689960241317749,1.10241224198
D194P,-9.609573364257812,0.16607765
D194P:T196P,-22.183399200439453,0.175563013159
D194Q,-5.148983001708984,1.942447821
D194Q:D201G,-18.35913848876953,0.951687690041999
D194Q:P202R,-17.396793365478516,1.33330181072
D194Q:Q195R,-1.071108341217041,1.97187947937
D194Q:Q200E,-9.277706146240234,1.38978525414
D194Q:R203L,-16.471006393432617,0.756127713659
D194N:T198A,-5.763329982757568,0.911488975419
D194H:D201I,-18.839584350585938,1.25975047897999
D194H:D201H,-13.750499725341797,0.47541629915
D194A:Q200H,-6.83987283706665,2.31094260024
D194A:Q200K,-10.686393737792969,0.848287190891
D194A:Q200E,-8.3447265625,1.42445541546
D194A:Q195R,-0.43353891372680664,3.2906745573799903
D194A:Q195P,-12.235527992248535,0.489714262524
D194A:Q195K,-0.8425755500793457,3.17411572639
D194A:Q195H,-6.0963592529296875,1.24012258073
D194A:Q195L,-9.702478408813477,0.280073640278
D194A:D201N,-10.521207809448242,0.424288750886
D194A:D201H,-11.960470199584961,0.705082855466
D194A:D201G,-17.375051498413086,0.580572962541
D194A:D201A,-17.18738555908203,0.878823790958
D194A,-4.146027088165283,1.802303014
D194A:P202R,-16.34459686279297,0.102139493281
Q195K:D201G,-8.957398414611816,0.90650380307
Q195K:D201N,-1.958390712738037,1.73704353801
Q195K:D201K,-9.11242389678955,3.4844515887300003
Q195K:D201I,-8.549647331237793,4.32922859948
Q195K:D201H,-3.3736629486083984,2.23620029265
Q195K:D201F,-8.324544906616211,2.69183490622
Q195K:D201V,-8.328974723815918,2.01909056499
Q195K:D201A,-8.691558837890625,2.08508461967
Q195K,3.9260733127593994,2.118778549
Q195H:W199Y,-6.5299153327941895,0.344545352968
Q195K:D201Q,-9.3242826461792,1.71150475014999
Q195Y:Q200K,-10.290176391601562,0.683115704206
Q195K:D201E,-6.789102554321289,0.545340406929
Q195Y,-3.934105396270752,0.2751756389999999
Q195R:T198K,-2.7273221015930176,0.377085397202999
Q195V:Q200K,-12.789091110229492,0.888833220706
Q195R:T198S,3.570108413696289,1.7217987255900002
Q195R:T198R,-1.6053824424743652,0.728181802332
Q195R:T198P,-3.8341727256774902,0.632404472486
Q195R:T198M,-2.8833608627319336,0.316309640791
Q195H:T198S,-2.1380956172943115,0.2638004868849989
Q195R:T198A,-1.7111644744873047,1.31721207583999
Q195R:T197S,-0.2511157989501953,1.27126532748999
Q195R:T197P,-4.476355075836182,1.01779172509
Q195R:T197A,-0.4326910972595215,0.869500222807
Q195R:T196S,1.9984760284423828,1.6701223446200002
Q195R:T196P,-8.195127487182617,0.633149449554
Q195V:T198R,-12.634618759155273,0.176536326132
Q195H:T198A,-7.419368743896484,0.421213205586
Q195H:Q200R,-7.853975772857666,0.918998650617
Q195H:T196S,-4.0258941650390625,0.593080418164
Q195D:T197S,-11.12531852722168,1.596498929
Q195E,-3.530597448348999,0.210800198
Q195E:D201H,-10.865398406982422,0.191475881328
Q195E:D201N,-9.450125694274902,0.0531510836187
Q195E:P202T,-15.310816764831543,0.0651071744214999
Q195E:Q200H,-5.727191925048828,0.379156035433
Q195E:Q200R,-9.957402229309082,0.564317111158
Q195E:T198G,-11.932929992675781,1.189754764
Q195E:W199Y,-8.762399673461914,0.556251610914
Q195G,-1.7651121616363525,0.162256176
Q195H,-1.2281183004379272,0.574979613
Q195H:D201A,-13.798294067382812,0.6195284943129991
Q195H:D201E,-11.895837783813477,0.1546334689
Q195H:D201H,-8.480398178100586,0.123087271466
Q195H:D201K,-14.219159126281738,0.641460026049
Q195H:D201N,-7.065125942230225,0.452067247619999
Q195H:D201V,-13.435709953308105,0.346993464739
Q195H:D201Y,-11.381388664245605,0.544415024436
Q195H:P202R,-13.053768157958984,0.0693561179634
Q195H:Q200G,-9.018684387207031,0.859815194869
Q195H:Q200H,-3.6237659454345703,0.986623233012
Q195R:T196N,-2.600442409515381,1.30485678255
Q195H:Q200T,-3.097033739089966,1.24788953069
Q195H:Q200V,-3.7291040420532227,0.886370981424
Q195H:T196I,-6.448348045349121,0.535610556106999
Q195H:T196N,-8.624813079833984,0.492047028628999
Q195H:T196P,-14.219497680664062,0.101172127907
Q195H:T197S,-5.848669052124023,0.339917362883
Q195R:T196K,-0.33852291107177734,1.82604223275999
Q195R:D201A,-7.816479682922363,1.76290110227
Q195R:T196G,-4.670005798339844,0.599201000895999
Q195K:T198R,-2.223440170288086,0.940653351362
Q195K:T198M,-3.5014185905456543,0.700353694214999
Q195K:T198A,-2.3292222023010254,1.18075965082
Q195K:T197S,-0.8466074466705322,0.965626506499
Q195K:T197P,-5.071846961975098,0.816424027953999
Q195K:T197A,-1.0281827449798584,0.690968174482
Q195K:T196S,1.5864639282226562,2.12625505146
Q195K:T196R,-1.5726547241210938,1.38954358406
Q195K:T196P,-8.607139587402344,0.834098586868
Q195K:T196N,-3.0124545097351074,1.41589336465
Q195K:T196L,-3.251951217651367,1.96083552725
Q195K:T196I,-0.8359894752502441,1.41364914215
Q195K:T196A,-2.4574155807495117,1.46138623587
Q195K:R203L,-7.170975208282471,0.41999536866
Q195K:R203H,-6.874191761016846,0.355524868429
Q195L,-4.575907230377197,0.1733724139999999
Q195K:R203C,-6.157299518585205,0.373724763871
Q195L:D201N,-10.399858474731445,0.595745488289
Q195L:Q200H,-6.982842445373535,0.196987631891
Q195P:T196S,-9.980554580688477,0.132264920197
Q195R:T196I,-0.4239773750305176,2.14577158153
Q195P:T196A,-14.024434089660645,0.220857600227
Q195P:D201V,-19.48237419128418,0.271724186726
Q195P:D201G,-20.110797882080078,0.16750051092
Q195P,-7.4520978927612305,0.0931985319999999
Q195N:D201N,-8.534684181213379,1.43336260767
Q195M:T198R,-8.628681182861328,2.15536123036
Q195M:Q200E,-7.637337684631348,1.75563807672999
Q195M:D201E,-13.172215461730957,0.502361954687
Q195M,-2.4834189414978027,0.393983323
Q195L:T198R,-10.689952850341797,0.173051723123
Q195L:T198A,-10.795734405517578,0.2883360855669989
Q195L:T196S,-7.163670539855957,0.0635122652318
Q195L:T196I,-9.586124420166016,0.00671036494265
Q195L:D201S,-15.414701461791992,0.712501014181
Q195K:Q200W,-6.016432762145996,1.27345399044
Q195K:T198S,2.9520506858825684,1.79744393827999
Q195K:Q200P,-5.968426704406738,0.201441928843
Q195R:P202R,-7.159882545471191,0.896703798941999
Q195R:P202S,-5.908943176269531,0.296015897692
Q195R:P202T,-7.224431991577148,0.181006244691
Q195R:Q200E,-0.39403772354125977,1.1382923393200002
Q195R:Q200K,-1.7132301330566406,1.4925320428600002
Q195R:Q200L,3.582082509994507,1.3656828068900002
Q195R:Q200N,2.3792724609375,2.57261831212
Q195R:Q200R,-1.911736011505127,3.0824360073799904
Q195R:Q200Y,-0.1411876678466797,2.4220210358700003
Q195R:R203G,-7.635213375091553,0.0633925443739
Q195R:R203H,-6.071241855621338,0.5879514058690001
Q195R:R203L,-6.368025302886963,0.352814615052
Q195R:R203S,-7.848800182342529,0.212817428614
Q195K:Q200R,-2.583942413330078,2.4995790487900003
Q195R:T196A,-2.045403480529785,1.7977978191900004
Q195R:P202L,-6.868592262268066,0.280466310936
Q195R:D201Y,-5.399574279785156,1.59126649482
Q195R:Q200H,2.318474054336548,2.9619549119700004
Q195R:D201N,-1.0833115577697754,0.8231245794930001
Q195K:Q200L,2.9098761081695557,1.47236875135
Q195R:D201V,-7.453895568847656,1.05538752384
Q195K:Q200H,1.6462676525115967,2.97602761067
Q195K:Q200E,-1.066244125366211,0.910069076822
Q195K:P202S,-6.44532585144043,0.2059372305909989
Q195K:P202L,-7.404974937438965,0.1981512658639989
Q195K:P202A,-7.993837356567383,0.383416073677
Q195K:D201Y,-6.274653434753418,2.14995931967
Q195K:Q200K,-2.385436534881592,1.20895752032
Q195P:T198R,-13.75544548034668,0.224000825844
Q195P:W199L,-14.785196304321289,0.223077301742
Q195R,4.594723701477051,2.280922616
Q195K:D201P,-7.070281028747559,2.71791854168
Q195R:D201G,-8.082319259643555,0.920848755919
Q195R:D201H,-2.4985837936401367,1.5595115539500002
Q195P:T197S,-12.010631561279297,0.119217438380999
T196S:D201V,-14.513715744018555,0.3536982349849989
T196S:D201R,-15.354206085205078,1.36037194442
T196S:D201N,-8.136969566345215,0.271333971462
T196S:D201K,-15.291332244873047,0.624219543658
T196S:D201G,-15.06872844696045,0.145028138237
T196S:D201E,-12.958906173706055,0.149539020062
T196S:D201A,-14.868300437927246,0.49103890086
T196R:D201G,-17.8446044921875,0.181823912133
T196R:P202L,-16.41592025756836,0.714212509123
T196R,-4.9159626960754395,1.261572505
T196P:T198S,-13.627981185913086,0.23087687654
T196P:T198R,-18.611305236816406,0.0802188634826
T196P:T197P,-20.557382583618164,0.273263307739
T196S:P202G,-16.016132354736328,0.146535358386
T196S,-2.233718156814575,0.760399357
T196S:P202L,-13.668620109558105,0.0193676812179
T196Y:W199C,-18.543994903564453,1.09932959132
T196S:Q200H,-4.131548881530762,0.952266575505
T196P:T197A,-16.278390884399414,0.425843951244
T196Y:D201A,-21.265201568603516,3.1349487700300003
T196V:W199G,-15.67459487915039,0.925064487073
T196V:T197A,-9.046727180480957,0.783659240191
T196S:T198S,-3.398531198501587,0.405722556207
T196S:T198R,-8.381854057312012,0.256101163565
T196S:T198I,-10.510164260864258,0.636508987801999
T196S:T198A,-8.564501762390137,0.127831487996
T196S:T197S,-6.5257792472839355,0.407082288806
T196S:T197R,-11.64596176147461,0.346974247531
T196S:T197A,-6.17150354385376,0.225237563482
T196S:R203P,-15.24913501739502,0.0698999922933999
T196S:R203H,-12.947694778442383,0.0807075696511
T196S:Q200R,-8.178077697753906,0.853462235542
T196S:Q200L,-2.751505136489868,0.499549512246999
T196S:Q200A,-5.70828914642334,0.784950485132
T196P:R203Q,-23.59705352783203,1.2031038054
T196P:T198A,-18.7939510345459,0.372604692601
T196P:Q200H,-14.817687034606934,0.510746344097
T196D,-11.283510208129883,0.117797109
T196F,-8.663165092468262,1.024077297
T196H,-8.254188537597656,0.340780686
T196I,-5.148452281951904,0.676608257
T196N:D201H,-14.09268856048584,0.293898544618
T196I:D201A,-17.69739532470703,0.889732010724
T196I:D201G,-17.897823333740234,0.133742037128999
T196I:D201H,-12.386154174804688,0.390245453641
T196I:D201I,-17.566139221191406,3.24182280876
T196I:D201N,-10.966066360473633,0.343152992592
T196I:D201Y,-15.225831031799316,0.199632925139
T196I:P202R,-16.872976303100586,0.668694771875
T196I:Q200E,-9.062679290771484,0.271979603746
T196I:Q200H,-7.233585834503174,0.8640103651980001
T196I:Q200R,-11.28011417388916,0.824788323917
T196I:T197S,-9.167359352111816,0.3536118652539989
T196I:T198A,-12.061553955078125,0.3294596985949989
T196I:T198P,-14.505313873291016,0.154995872509
T196I:T198R,-11.87890625,0.460295387576
T196I:T198S,-6.895583629608154,0.262189758258
T196K,-3.9243953227996826,0.692250843
T196K:Q200H,-5.767494201660156,0.386142528304
T196K:Q200L,-4.387450218200684,0.308630015963
T196K:Q200W,-13.212657928466797,0.98278390896
T196K:T198S,-5.0193071365356445,2.2479988421200003
T196L,-7.2181830406188965,0.8998275840000001
T196M,-5.7966132164001465,0.767985557
T196N,-6.815145492553711,0.6620369629999999
T196P:Q200R,-18.864215850830078,0.329293761832
T196N:D201N,-12.672600746154785,0.0610770887722
T196N:P202R,-18.801225662231445,0.389444866854
T196N:P202L,-18.23457145690918,0.142309095669
T196A:T197P,-14.484567642211914,0.361261741603
T196P:P202A,-24.877147674560547,0.180481226424
T196A,-6.272499084472656,0.557788591
T196A:D201A,-18.895187377929688,0.289683288432
T196A:D201G,-19.09561538696289,0.456190461893
T196A:D201Y,-16.423622131347656,0.2141765297989989
T196A:P202R,-18.129491806030273,0.234694398024
T196A:Q200E,-10.027039527893066,0.115322604503
T196A:Q200H,-8.197945594787598,1.1075815377
T196A:Q200K,-12.008543014526367,0.31887918369
T196A:Q200L,-6.817901611328125,0.268841867104
T196A:Q200R,-12.244474411010742,0.56798360121
T196A:R203Y,-17.673614501953125,0.459442710978
T196N:Q200H,-8.672718048095703,0.616888360092
T196A:T197S,-10.559852600097656,0.280485605535
T196A:T198A,-12.70789909362793,0.361019963015
T196A:T198M,-13.39085865020752,0.289537120561
T196A:T198S,-7.541928768157959,0.439514343247
T196C,-5.492504119873047,0.777117387
T196C:Q200H,-7.434842586517334,1.26460858025
T196P:D201N,-18.45764923095703,0.373806254571
T196P:D201G,-25.389408111572266,0.246416433354
T196P:D201A,-25.188980102539062,0.580482123071
T196P,-12.650964736938477,0.188857146
T196N:T198S,-8.086745262145996,0.345508562426
T196N:T198R,-13.070068359375,0.352920079396
T196N:T198A,-13.252715110778809,0.215402064668
T196N:T197S,-10.783994674682617,0.257896831298
T196N:Q200R,-12.719245910644531,1.28207766876
T196N:Q200L,-7.2926740646362305,0.31948932303
T196P:P202R,-24.706716537475586,0.59980183974
T197S:T198P,-12.77520751953125,0.161355588458
T197S:T198I,-12.713996887207031,0.270672542495
T197S:T198R,-10.404275894165039,0.269575720967
T197S:T198A,-10.652689933776855,0.2663070713329989
T197A:P202Q,-16.75924301147461,0.0661109415451
T197S:Q200W,-14.227317810058594,0.979545410711
T197S:R203C,-14.351839065551758,0.105584995712
T197S:Q200L,-5.706894397735596,0.0482650306276
T197S:Q200K,-10.318323135375977,0.295726041853
T197S:Q200H,-6.623833656311035,0.5664293873740001
T197S:P202R,-16.39588165283203,0.223350672428
T197S:P202E,-18.880144119262695,0.308630015963
T197S:D201Y,-14.667906761169434,0.167609846154
T197S:D201H,-11.802347183227539,0.277520519583
T197S:D201E,-15.101741790771484,0.0121645304885
T197S,-4.454570770263672,0.4812693229999999
T197R,-9.684195518493652,0.092289806
T197P:R203H,-19.266258239746094,0.147998796437999
T197P:Q200R,-14.925451278686523,0.446179088296
T197P:D201Y,-18.856910705566406,0.337637815855
T197P:D201V,-20.960437774658203,0.411250278203
T197S:Q200N,-6.738341331481934,0.216642453486
T197N:T198K,-17.00278091430664,0.245669187992
T197S:Q200S,-8.50567626953125,0.46167897308
T197P:D201A,-21.252309799194336,0.314054669808
T197S:Q200R,-10.547950744628906,0.719523939386
T197A:D201A,-16.722919464111328,0.285821889068
T197A:D201H,-11.461959838867188,0.294199367838
T197A:D201I,-16.685861587524414,0.739535805774
T197A:D201G,-16.79957389831543,0.462661633252
T197A:T198S,-5.550508499145508,0.0471148625447
T197I:P202T,-19.544145584106445,0.284942394341
T197I:W199P,-18.111860275268555,1.82560599493
T197N,-9.742712020874023,0.0837202059999999
T197N:D201G,-22.422012329101562,0.208944846568
T197N:D201V,-22.053483963012695,0.0563191821187
T197A:P202R,-16.169845581054688,0.22281734226
T198R:Q200L,-7.305290222167969,0.25508001113
T198S:D201R,-13.781523704528809,3.0356903700099904
T198R:Q200R,-12.430243492126465,0.406130313404
T198S,-0.8904015421867371,0.6889133479999999
T198S:D201A,-13.264546394348145,1.14507889446
T198S:D201E,-11.37222671508789,0.222846158984
T198S:D201N,-6.498048782348633,0.233099309859999
T198S:D201V,-12.955124855041504,0.842598277317
T198S:R203G,-13.456329345703125,0.141190497388
T198S:Q200A,-3.5601680278778076,1.86543842118
T198S:Q200E,-4.187112331390381,0.2342104833069989
T198S:Q200H,-2.539292812347412,0.606857693671
T198S:Q200N,-2.469911575317383,0.6061044246580001
T198S:Q200R,-6.164248466491699,0.79780162
T198S:R203P,-14.284668922424316,0.176014731067
T198S:R203S,-13.710551261901855,0.158056729908
T198W,-10.444316864013672,0.53335865
T198R:Q200K,-12.37956428527832,0.15320168095
T198S:D201Y,-10.793854713439941,0.269161676803
T198R:Q200H,-8.805288314819336,0.4922671323749989
T198S:D201H,-7.764750957489014,0.490847362342
T198R:D201Y,-16.13138198852539,0.2982588015769989
T198K:D201V,-19.71188735961914,0.147028422813
T198K:D201N,-13.254810333251953,0.3492786982249989
T198K,-7.22369909286499,0.165330598
T198G,-8.543818473815918,0.3834474470000001
T198E:R203H,-21.334360122680664,0.591674051262
T198E,-10.351452827453613,0.327952431
T198R:P202R,-18.104103088378906,0.709740311188
T198A:R203H,-17.367338180541992,0.0935673703955
T198A:Q200R,-12.555259704589844,0.693448700286999
T198A:Q200L,-7.4303059577941895,0.2183270927059989
T198A:Q200K,-12.5045804977417,0.322643818525
T198A:Q200H,-8.930303573608398,0.1929832141649989
T198A:Q200E,-10.578123092651367,0.3662038544979989
T198A:P202R,-18.249916076660156,0.196770713967
T198A:D201Y,-16.298789978027344,0.4542232218240001
T198A:D201V,-18.460060119628906,0.708021439955
T198A:D201N,-12.002985000610352,0.296009856535
T198A:D201H,-13.26968765258789,0.267005586755
T198A:D201G,-18.854167938232422,0.402759472936
T198A:D201A,-18.769481658935547,0.256749764537
T198A,-6.264784812927246,0.457146955
T198K:P202T,-19.33237075805664,0.113205108227999
T198K:Q200H,-10.019062042236328,0.108180010745
T198A:R203P,-19.60804557800293,0.1761013587189989
T198L:D201G,-20.31836700439453,0.649919667878
T198R:D201V,-18.292652130126953,0.329017002129
T198K:Q200R,-13.644018173217773,0.218066141944
T198R:D201G,-18.686758041381836,0.362742812188
T198R:D201A,-18.602073669433594,0.686544292389999
T198R,-5.929441928863525,0.439849736
T198Q:R203S,-16.296552658081055,1.73974757955999
T198Q,-3.6193649768829346,1.4367599880000002
T198P:Q200K,-14.69979476928711,0.183136461984
T198P:P202T,-20.392040252685547,0.186772035868999
T198P:P202R,-20.46814727783203,0.463560488344
T198P:D201Y,-18.39486312866211,0.288470116649
T198R:D201H,-13.102277755737305,0.374001929462
T198P,-8.48139762878418,0.207137978
T198P:D201V,-20.556133270263672,0.390090059304
T198L:D201V,-19.92426300048828,0.7390681832070001
T198L:W199R,-15.791162490844727,0.669027300256
T198M,-7.369484901428223,0.203469551
T198M:D201Y,-17.619924545288086,0.246499211041
T198K:Q200E,-11.666881561279297,0.262169332936
T198M:Q200K,-13.795967102050781,0.249687505621
T198M:W199L,-14.94253158569336,0.114255129550999
T198N,-7.186405658721924,0.380181572
T198N:R203H,-18.283336639404297,1.04932176971
T198M:Q200H,-10.221689224243164,0.200532884945
W199A:Q200H,-11.96501350402832,0.510842365893
W199C:D201I,-22.480728149414062,0.593817354482
W199C:P202Q,-22.27566909790039,0.0660047611697
W199C:R203S,-22.469226837158203,0.0905138888402
W199F:D201V,-17.438709259033203,0.790801822486999
W199L:D201K,-20.373903274536133,0.600521257064
W199L:D201S,-18.402372360229492,0.363503345793
W199L:P202R,-18.56502914428711,0.224955517635
W199R:D201S,-18.816802978515625,0.8913363396780001
W199S:D201Q,-21.957683563232422,0.736772693280999
W199S:Q200H,-10.65401554107666,0.257286837195
W199S:Q200R,-14.21573543548584,0.151700843341
W199S:R203P,-21.54347038269043,0.0717569224362
W199V:P202S,-19.288564682006836,1.18226099018999
W199V:Q200A,-12.521354675292969,0.822757343635
W199Y:P202R,-16.742977142333984,0.3267485291
W199L:R203C,-17.12677764892578,0.205320184772
W199S:R203H,-19.207725524902344,0.0946858810721
Q200H:R203L,-13.56602668762207,0.0488569473999
Q200P:R203G,-22.331459045410156,0.131578059212
Q200L:D201A,-13.380289077758789,0.2426914379659989
Q200L:D201H,-7.961270332336426,0.167072074254
Q200L:D201N,-6.5930986404418945,0.0489204472146
Q200L:D201V,-13.09003734588623,0.0513562934891
Q200M,-2.638075113296509,0.732776084
Q200M:D201N,-8.357686996459961,0.71657637975
Q200N,-2.2935245037078857,1.268605223
Q200N:D201V,-14.846057891845703,0.593556556658
Q200P,-10.102422714233398,0.043327539
Q200P:D201A,-22.680524826049805,0.1425606634889989
Q200P:D201H,-17.261507034301758,0.577628660281
Q200P:D201Y,-20.319717407226562,0.154792797258
Q200Y:P202Q,-16.922771453857422,0.873469899247999
Q200Y,-4.554557800292969,0.896513949
Q200W,-9.654180526733398,0.924825944
Q200T,-1.7912853956222534,0.6938325409999999
Q200S:D201Y,-14.611953735351562,1.16450840603
Q200S:D201N,-10.185571670532227,1.28116561694999
Q200S,-4.01545524597168,0.795291869
Q200R:R203P,-19.2689266204834,0.139451945674
Q200R:R203N,-19.34893798828125,0.146535358386
Q200R:D201Y,-16.621572494506836,0.735301413644
Q200R:D201V,-18.692129135131836,1.16758485953
Q200R:D201L,-19.98989486694336,2.62697037012
Q200R:D201K,-19.434894561767578,1.24954942093
Q200R:D201H,-13.563362121582031,0.7955304882590001
Q200R:D201G,-19.079383850097656,1.37755558635
Q200R:D201A,-18.982379913330078,0.813263335764
Q200R,-6.168015956878662,1.368045172
Q200L,-0.9671134948730469,0.540865251
Q200K:R203S,-18.424720764160156,0.246918103352
Q200K:P202S,-16.54144859313965,0.190837508764
Q200K:D201Y,-16.401470184326172,0.21576502968
Q200A,-3.7195680141448975,0.947362798
Q200A:D201G,-16.877826690673828,0.32559238018
Q200D,-5.495967864990234,0.655563639
Q200E,-4.3854804039001465,0.454173482
Q200E:D201E,-15.328145027160645,0.107580639337
Q200E:D201N,-10.517311096191406,0.356451069114
Q200E:D201V,-17.01424789428711,0.271397537252
Q200E:R203C,-14.385236740112305,0.164977647148
Q200G,-7.681926727294922,0.8963757720000001
Q200H,-2.215531826019287,1.397860963
Q200H:D201A,-14.70757007598877,0.737682594584
Q200H:D201E,-12.73121452331543,0.182118028419
Q200H:D201G,-14.804574012756348,0.580378309192999
Q200H:D201H,-9.288552284240723,1.0484723560100002
Q200P:P202H,-22.604106903076172,1.53205244365
Q200H:D201N,-7.920380592346191,0.7155657882340001
Q200H:D201S,-13.001459121704102,0.797408697023
Q200H:D201T,-15.810568809509277,0.881340202517
Q200H:D201V,-14.417318344116211,0.3541825587759989
Q200H:D201Y,-12.346762657165527,0.8531747939990001
Q200H:P202A,-14.509880065917969,0.264345245418
Q200H:P202R,-14.207478523254395,0.314555792455
Q200H:P202S,-12.902847290039062,0.109265756965
Q200H:R203G,-14.610493659973145,0.141326067109
Q200H:R203N,-15.538105010986328,0.849175238559
Q200H:R203S,-14.871269226074219,0.3600969286640001
Q200K,-5.995358467102051,0.563799529
Q200K:D201A,-18.76227569580078,0.238980915687
Q200K:D201N,-11.975086212158203,0.687989534855999
Q200K:D201V,-18.47202491760254,0.375867588204
Q200H:D201R,-15.334850311279297,2.40422330332
Q200P:P202L,-21.423809051513672,0.0690372227099
D201A:P202A,-24.815181732177734,0.238809065486
D201H:P202Q,-19.826923370361328,0.119347172135
D201I,-12.536072731018066,0.337056451
D201H:R203S,-20.12301254272461,0.495912623103
D201H:R203G,-20.416057586669922,0.252062238586
D201H:P202R,-19.112773895263672,0.4658606042600001
D201A,-12.668527603149414,0.704252764
D201H,-7.388028621673584,0.6983961879999999
D201G:R203C,-23.588098526000977,0.0670725179468
D201G,-12.812366485595703,0.35020723
D201E:R203G,-23.71950912475586,0.174356998704
D201I:R203H,-24.646467208862305,1.07830895149
D201E:P202R,-22.707191467285156,0.118027728077
D201E:P202E,-25.18362808227539,0.870862803495
D201E,-10.717339515686035,0.254635298
D201A:R203S,-25.501855850219727,0.594284485072
D201A:R203P,-26.70471954345703,0.6013957703530001
D201A:R203H,-24.25197982788086,0.550599673014
D201A:R203G,-25.79490089416504,0.236997028985
D201A:R203C,-23.142597198486328,0.125156255077
D201A:P202S,-23.17458152770996,0.057877809842
D201A:P202R,-24.617340087890625,0.456164168416
D201E:P202K,-24.08698081970215,0.510842365899
D201I:R203S,-25.896343231201172,1.9043237477
D201H:R203L,-18.742673873901367,0.59989697454
D201K:P202S,-23.50371551513672,0.912819146366
D201Y:R203H,-22.479515075683594,0.259620991816
D201Y:R203C,-21.370134353637695,0.288923351052
D201Y,-10.201376914978027,0.617182283
D201K,-13.068446159362793,0.760826085
D201V:R203P,-26.734390258789062,0.489133974231999
D201V:R203H,-24.28165054321289,0.3490748732029989
D201V,-12.306716918945312,0.63881394
D201T,-13.638242721557617,0.386769319
D201S,-10.960624694824219,0.534497322
D201V:R203S,-25.531524658203125,0.162814547971
D201Q:R203C,-24.21995735168457,0.848512699934999
D201Q,-13.363921165466309,0.3858907720000001
D201P,-11.083632469177246,0.499124674
D201N:R203S,-18.977567672729492,0.34388664916
D201N:R203H,-17.727691650390625,0.278185970412
D201N:R203C,-16.618310928344727,0.17976101083
D201N,-5.96426248550415,0.5382918520000001
D201Q:R203H,-25.32933807373047,0.944780052947
P202R,-11.818330764770508,0.240944946
P202R:R203H,-22.82653045654297,0.2233308042529989
P202R:R203S,-24.441654205322266,0.146483250496
P202S,-10.509267807006836,0.0419084439999999
P202L:R203Q,-22.328012466430664,1.93436203574
P202A,-12.163694381713867,0.0557903809999999
P202W,-15.582887649536133,0.0674981509999999
P202W:R203C,-25.526769638061523,1.3334963598
P202H,-12.405394554138184,0.08686077
P202K:R203S,-25.698402404785156,1.09932959132
P202Q:R203S,-25.01294708251953,0.119758411041
P202T:R203S,-24.464611053466797,0.207798940981
P202Q,-12.528867721557617,0.069048133
R203C,-10.07776165008545,0.157368182
R203H,-10.819744110107422,0.1240269669999999
R203G,-12.32508659362793,0.150522964
R203D,-15.158650398254395,0.1386608919999999
R203S,-12.586912155151367,0.167860387
R203P,-13.14091682434082,0.061894785
