mutant,carp_640M_score,DMS_score
K2C,-2.1928343772888184,0.224238318
K2Y,-0.5789468288421631,0.020592388
K2W,-0.13373684883117676,-1.293939454
K2V,-0.0430302619934082,-0.144815083
K2T,-0.7715780735015869,0.5854970970000001
K2S,-0.7085545063018799,-0.147164557
K2R,-0.6328585147857666,-0.779948317
K2Q,-1.4839096069335938,-0.164746319
K2P,-2.106001377105713,-0.744239688
K2M,-0.6347177028656006,-0.215980606
K2L,1.5566692352294922,0.367245324
K2I,1.172534465789795,0.225177571
K2H,-1.5969152450561523,-0.306168352
K2G,-1.1532502174377441,-1.005611204
K2F,0.6195874214172363,0.275227823
K2E,-1.0603041648864746,-1.005736089
K2N,-0.721468448638916,0.07276814
K2D,-1.7767891883850098,-1.858329509
A3T,0.3311166763305664,-0.878024613
A3C,-0.8590707778930664,-1.016082701
A3D,-2.11740779876709,-0.571985778
A3E,-0.8707208633422852,-1.095286368
A3F,0.6405081748962402,-0.483739724
A3G,-0.29039525985717773,-2.090809945
A3H,-1.383955955505371,-1.230308177
A3I,0.9502191543579102,-0.34801493
A3K,-0.5554666519165039,-1.481383163
A3V,0.4561319351196289,-0.186639877
A3L,1.792898178100586,0.437673315
A3Y,-0.20935702323913574,-0.173281799
A3S,0.4382953643798828,-0.7082328509999999
A3R,-0.3399038314819336,-0.7132013490000001
A3W,-0.04403543472290039,-0.845873038
A3P,-0.6889533996582031,-1.188825393
A3N,-0.5207581520080566,-0.143236067
A3M,-0.43538951873779297,-0.286024473
A3Q,-1.0368056297302246,-0.958126529
K4P,-0.13303375244140625,-0.445344958
K4W,0.11052227020263672,-0.6663295570000001
K4V,2.1918065547943115,-0.286757464
K4T,1.2010431289672852,-0.110218193
K4S,1.260681390762329,-0.228465656
K4R,-0.38673877716064453,-0.130027221
K4Q,-0.15124893188476562,-0.281620008
K4N,-0.4284029006958008,-0.30702819
K4G,0.11255311965942383,-0.902150908
K4L,2.836514949798584,-0.317671939
K4I,2.280817985534668,-0.610505839
K4H,-0.41608190536499023,-0.6908806759999999
K4Y,0.7369475364685059,-0.801767828
K4F,1.9380426406860352,-0.831190357
K4E,-0.5198898315429688,-0.832860405
K4D,-1.8839726448059082,-1.575218795
K4C,0.15578460693359375,-0.380492667
K4M,-1.161552906036377,-0.208073646
K4A,1.5033941268920898,0.258156216
L5Q,-4.098982334136963,-1.841858717
L5D,-4.824263572692871,-2.029726862
L5A,-2.0965051651000977,-0.128172931
L5Y,-2.308328151702881,-1.204846004
L5W,-2.3109688758850098,-1.109656258
L5V,-1.2553390264511108,-1.475810389
L5T,-2.675828456878662,-1.841069239
L5S,-2.77274751663208,-2.397973973
L5R,-4.308833122253418,-2.262436684
L5P,-4.278390884399414,-2.381751789
L5C,-2.9074411392211914,-0.342155526
L5M,-4.319178104400635,-1.383909118
L5K,-4.211201190948486,-0.98647652
L5I,-0.8261754512786865,-0.8093621609999999
L5H,-3.8502917289733887,-0.902685104
L5G,-3.289308547973633,-1.9563633
L5F,-1.372827410697937,0.043352826
L5N,-4.075656890869141,-2.164015511
L5E,-4.1940765380859375,-1.631024684
L6Y,-3.15659761428833,-1.021144471
L6W,-3.0670087337493896,-0.267739916
L6T,-2.974154233932495,-2.039598663
L6S,-2.692864418029785,-1.187558614
L6R,-5.10988712310791,-2.036059417
L6Q,-4.710055351257324,-0.814609679
L6N,-4.831392288208008,-2.594665509
L6V,-1.2999916076660156,-1.0419923290000002
L6K,-4.819270133972168,-2.398874474
L6M,-4.354354381561279,-0.7965698729999999
L6A,-1.7986714839935303,-1.208363988
L6C,-2.689704418182373,-1.353921058
L6D,-5.954723358154297,-1.7984424769999998
L6P,-4.533428192138672,-2.119871554
L6F,-0.9008021950721741,-0.022768564
L6G,-3.3976216316223145,-2.727418222
L6H,-5.038165092468262,-0.7697689129999999
L6I,-1.23466157913208,-0.545308673
L6E,-5.272425651550293,-2.329218855
V7Y,-2.1327857971191406,-1.087660122
V7W,-2.3040270805358887,-0.194406065
V7T,-1.2546536922454834,-0.965387478
V7S,-1.2704253196716309,-2.171250622
V7R,-4.31680965423584,-0.568014481
V7Q,-3.4924674034118652,-1.598904205
V7P,-1.8583686351776123,-3.392222865
V7N,-3.855513095855713,-1.4051253869999998
V7L,1.0287771224975586,0.244861064
V7K,-4.320838928222656,-0.896535038
V7I,-0.10565710067749023,-0.284359507
V7G,-1.9221339225769043,-2.210526495
V7F,-0.16707682609558105,-0.046532717
V7E,-4.736701011657715,-1.184605056
V7D,-5.585822582244873,-2.205862666
V7C,-1.1788454055786133,-0.055073974
V7M,-2.9832253456115723,-0.066519555
V7H,-3.812668800354004,-2.394235999
V7A,-0.9130251407623291,-1.02701726
L8Y,-3.50502872467041,-2.309645036
L8D,-6.948988914489746,-3.270167166
L8C,-2.978633403778076,-1.916443715
L8A,-1.9858542680740356,-1.754838633
L8E,-6.454560279846191,-2.9697349
L8F,-1.0557630062103271,-0.445806288
L8H,-5.727604389190674,-2.422921396
L8I,-1.5069864988327026,-0.929110755
L8K,-6.131455898284912,-2.715357275
L8G,-3.309875011444092,-2.600948103
L8N,-5.755488872528076,-2.689487401
L8M,-4.4138288497924805,-1.4325444859999998
L8T,-3.1232028007507324,-2.210601541
L8S,-2.960552215576172,-1.700080632
L8R,-6.333878040313721,-2.394040839
L8V,-1.5557650327682495,-1.375924355
L8Q,-5.636844158172607,-1.956400488
L8P,-4.701891899108887,-2.671769822
L8W,-3.419858932495117,-1.621959329
L9M,-4.207108497619629,-0.560096975
L9D,-7.7102789878845215,-2.684399661
L9E,-6.838840484619141,-2.543837966
L9F,-1.3141435384750366,-0.983415455
L9G,-3.3607473373413086,-0.597957184
L9H,-5.8837385177612305,-2.53531663
L9I,-1.6054481267929077,-1.039299626
L9K,-6.647090911865234,-2.7397782530000003
L9N,-5.958899974822998,-1.905716517
L9R,-6.586233139038086,-1.995001174
L9Q,-5.55880069732666,-2.442884029
L9S,-2.351748466491699,-2.4444751630000003
L9T,-2.8016204833984375,-2.131551502
L9V,-1.562750220298767,-0.464704824
L9W,-3.599334239959717,-0.995890151
L9Y,-3.6890687942504883,-0.77960677
L9C,-2.522200584411621,-0.483103856
L9A,-1.37545907497406,-2.701224602
L9P,-5.0619282722473145,-2.081130979
Y10G,1.137871503829956,-1.830176485
Y10H,-1.4352021217346191,-1.198456577
Y10I,1.1342954635620117,-0.013136245
Y10K,-2.32778263092041,-0.239544308
Y10L,2.504444122314453,-0.315498298
Y10M,-0.6980876922607422,-0.476675093
Y10T,1.561488151550293,-0.6572441520000001
Y10Q,-0.6799221038818359,-1.841367474
Y10R,-2.3981447219848633,-1.786311973
Y10S,1.9446580410003662,-0.003387633
Y10V,1.7168631553649902,-1.079731891
Y10W,-0.14532470703125,-1.702459846
Y10F,1.4731407165527344,0.4415991520000001
Y10P,-1.0929765701293945,-2.569649889
Y10E,-2.2848610877990723,-2.412730359
Y10N,-0.904411792755127,-2.059484045
Y10A,2.090710163116455,-0.524130701
Y10C,0.9632129669189453,-0.28667263
Y10D,-3.544910430908203,-2.097052268
A11D,-4.813069820404053,-2.052987093
A11E,-4.223110198974609,-1.0201452359999998
A11F,0.12795591354370117,0.418691774
A11G,-0.8094840049743652,-1.200734958
A11H,-2.577143669128418,-0.60514846
A11I,0.06070375442504883,-0.167704632
A11K,-3.468818187713623,-2.116259155
A11L,1.194811224937439,0.301658344
A11M,-2.675816535949707,-0.635461475
A11C,-0.24220585823059082,-0.395324568
A11N,-2.7056002616882324,-1.001927387
A11P,-2.702700138092041,-1.617772348
A11Q,-2.685725688934326,-0.6871437890000001
A11R,-3.353140354156494,-1.758038288
A11S,-0.3622007369995117,-0.129601891
A11T,-0.7481288909912109,-0.419764045
A11V,0.043990135192871094,0.244837398
A11W,-1.8901968002319336,-0.30845268
A11Y,-1.1532411575317383,-0.846753085
F12W,-2.863072633743286,-0.684859263
F12R,-4.353266716003418,-1.2882625
F12S,-1.4408564567565918,-0.035463745
F12I,0.4520833492279053,-0.269781991
F12D,-5.55489444732666,-2.120370995
F12Y,-2.4577510356903076,-1.980238003
F12E,-5.289963722229004,-2.466964592
F12G,-2.8555214405059814,-0.213299235
F12H,-4.2493438720703125,-1.620561024
F12C,-1.5687000751495361,-0.0684075359999999
F12K,-4.069206237792969,-2.321027191
F12M,-2.970994234085083,-1.174985706
F12N,-4.0892486572265625,-1.992125046
F12P,-4.165339469909668,-2.03861741
F12Q,-4.466073036193848,-1.960294482
F12V,0.4778776168823242,0.039486357
F12T,-1.2517740726470947,-1.5147559
F12L,0.4916365146636963,-0.282479572
F12A,0.0014812946319580078,-0.5264774489999999
V13H,-1.7083131074905396,-1.390454102
V13I,-0.5136147737503052,-1.00037156
V13F,-1.324635624885559,-1.79384644
V13E,-2.8515872955322266,-0.641946385
V13K,-1.5858856439590454,-2.198001375
V13L,-0.09340250492095947,-2.20879515
V13M,-3.107666492462158,-1.517384745
V13N,-2.114980697631836,-2.026057809
V13P,-2.897001266479492,-2.36671225
V13Q,-1.8010801076889038,-1.437589086
V13R,-1.8244215250015259,-1.442781483
V13A,-0.18572652339935303,-0.873311883
V13T,-0.5077234506607056,-1.315959147
V13W,-2.2450013160705566,-2.029196958
V13Y,-0.8857408761978149,-2.126261087
V13C,-1.393166184425354,-1.613592739
V13G,-1.0958853960037231,-2.090318137
V13D,-3.306705951690674,-2.289044989
V13S,-0.30633366107940674,-0.465042681
A14T,-0.5847518444061279,-1.474787741
A14S,-0.1974475383758545,-1.192082088
A14R,-1.4107229709625244,-1.459436909
A14Q,-1.638181447982788,-0.513165997
A14P,-2.647428274154663,-1.954401334
A14N,-1.7404115200042725,-0.872372982
A14M,-2.7327797412872314,-1.245815275
A14H,-1.7851178646087646,-1.456159419
A14K,-1.134052038192749,-1.666141296
A14I,-0.10995221138000488,-1.900892096
A14G,-0.6256532669067383,-1.465577305
A14F,-0.07414364814758301,-1.262300091
A14E,-2.2310516834259033,-0.819584656
A14D,-2.967935800552368,-1.657521747
A14V,-0.019101858139038086,-1.54770002
A14L,0.6067783832550049,-0.817844699
A14C,-0.9200537204742432,-1.007098984
A14W,-1.8580090999603271,-1.362670188
A14Y,-0.35259366035461426,-1.572351653
T15V,1.286723256111145,-0.612955931
T15E,-3.167416572570801,-2.1028853780000003
T15F,-1.416161060333252,-2.708042476
T15G,-1.7826590538024902,-2.05954915
T15H,-3.1716790199279785,-2.60064626
T15I,0.8431833982467651,-0.144558913
T15K,-2.218146800994873,-2.068148108
T15M,-3.254232406616211,-1.091665657
T15L,-0.42783117294311523,-3.388879962
T15P,-3.805567741394043,-1.134083463
T15Q,-3.0809364318847656,-2.846309264
T15R,-3.089940071105957,-2.94216688
T15S,-0.08481335639953613,-1.132755734
T15W,-4.4805402755737305,-1.920635523
T15Y,-2.0671401023864746,-2.431614643
T15C,-0.5107152462005615,-0.956532251
T15A,0.4560050964355469,-1.29877431
T15D,-3.163947582244873,-2.200361105
T15N,-1.9918713569641113,-2.308369606
D16Q,1.076819658279419,-1.963992743
D16P,-2.0663604736328125,-3.39371365
D16N,1.828585147857666,-1.829978723
D16M,-1.0332231521606445,-0.732612404
D16L,1.34926438331604,-1.791228232
D16K,1.851613998413086,-0.7145069829999999
D16I,0.8635435104370117,-1.938562887
D16H,0.9052326679229736,-0.919787633
D16G,-0.5364608764648438,-1.775479169
D16F,1.1428730487823486,-2.502276532
D16E,0.527623176574707,-1.244251419
D16C,-0.46453285217285156,-1.973005854
D16A,0.9314696788787842,-0.46604586
D16R,1.1358203887939453,-0.8165063490000001
D16T,1.4254124164581299,-1.753360614
D16S,1.8782508373260498,-1.385772401
D16W,-0.8958826065063477,-1.61214778
D16V,0.7652626037597656,-1.668746739
D16Y,1.2416598796844482,-1.477501635
A17D,-2.8533148765563965,-1.942281605
A17E,-3.0001485347747803,-2.377422129
A17F,-3.105586290359497,-2.9242993160000004
A17G,-1.5114741325378418,-1.5371081359999998
A17H,-4.306023597717285,-2.364271585
A17I,-2.4071290493011475,-2.364950339
A17K,-3.0209462642669678,-2.503663139
A17L,-2.3744208812713623,-3.383928545
A17C,-2.0548179149627686,-2.511940321
A17N,-2.8910305500030518,-2.537655985
A17P,-3.3938148021698,-3.048573938
A17Q,-3.3969643115997314,-2.536517965
A17R,-3.647418737411499,-3.379975043
A17S,-1.596289873123169,-1.840977653
A17T,-2.195904016494751,-2.826219517
A17V,-1.7655143737792969,-2.271561258
A17Y,-3.325902223587036,-3.150683393
A17W,-4.727808952331543,-2.220350907
A17M,-4.638129234313965,-2.289258776
D18V,0.028819799423217773,-1.990660573
D18T,0.7416379451751709,-2.77409384
D18S,1.3459599018096924,-3.505372565
D18R,0.725471019744873,-2.717510874
D18Q,0.550987720489502,-2.765642033
D18P,-2.0962557792663574,-3.050558175
D18K,1.3208727836608887,-2.526310168
D18M,-1.704756259918213,-2.608349387
D18L,0.42943596839904785,-3.874635819
D18I,-0.08279609680175781,-3.3956227930000003
D18H,-0.5840544700622559,-2.986372265
D18G,-0.0008566379547119141,-1.371039857
D18F,-0.3483407497406006,-3.330397485
D18E,0.4648146629333496,-1.96956657
D18A,1.267939567565918,-2.384953005
D18N,0.6280255317687988,-1.980477176
D18C,-0.6934037208557129,-3.064725914
D18Y,-0.4336585998535156,-1.409568613
D18W,-1.9545950889587402,-2.556294323
T19A,-0.4918394088745117,-2.702136055
T19C,-1.583845615386963,-2.583947528
T19D,0.6574578285217285,-1.830656456
T19E,0.6381497383117676,-0.6718561340000001
T19F,-0.9476213455200195,-1.58910226
T19G,-0.12262177467346191,-3.0709353210000003
T19I,-0.508063793182373,-0.606735438
T19K,0.4996638298034668,-0.160709779
T19L,-0.36788463592529297,0.529160245
T19H,-0.8089101314544678,-0.416867618
T19N,0.45368242263793945,-0.291566323
T19P,-0.0436098575592041,-3.239728354
T19Q,-0.2870454788208008,0.466590933
T19R,-0.11312198638916016,-0.037908683
T19S,0.7130722999572754,0.060901078
T19V,-0.3699643611907959,-0.321372391
T19W,-1.9372811317443848,-1.945706282
T19Y,-0.6178665161132812,-0.554087972
T19M,-2.2874035835266113,-0.6116770570000001
I20L,-8.463859558105469e-05,-1.584914326
I20K,0.46908044815063477,-1.074162804
I20H,-0.8085901737213135,-3.36254168
I20C,-1.521700382232666,-3.26957477
I20F,-0.7516639232635498,-3.05136652
I20E,-0.28566932678222656,-2.627726515
I20D,-0.3527817726135254,-2.453268917
I20G,-0.28230714797973633,-3.61938193
I20M,-2.2620468139648438,-1.935123841
I20P,-0.4629392623901367,-2.683445902
I20Q,-0.33262109756469727,-2.253161655
I20Y,-0.5568597316741943,-2.756886337
I20N,0.41774606704711914,-2.885446759
I20W,-2.0429534912109375,-3.1261800930000003
I20A,-0.549004077911377,-3.393554074
I20T,0.44152021408081055,-2.337816
I20R,-0.0610508918762207,-3.332948451
I20S,0.6484518051147461,-2.975412084
I20V,0.11954903602600098,-1.815771097
C21Y,0.6225571632385254,-3.052727972
C21E,1.5748281478881836,-3.656465267
C21F,0.28255748748779297,-2.675317918
C21G,1.6361353397369385,-3.816313095
C21H,0.9387040138244629,-3.595009128
C21I,0.5632503032684326,-3.767752042
C21K,1.6294755935668945,-2.711920914
C21L,0.9792852401733398,-3.226809082
C21N,1.9137134552001953,-3.368983719
C21Q,1.037390947341919,-3.252660128
C21R,1.3191606998443604,-3.074682616
C21S,2.1932883262634277,-3.186861703
C21T,1.5495381355285645,-3.597690942
C21V,0.9653043746948242,-2.681920451
C21W,-0.556154727935791,-1.992541898
C21M,-1.2863292694091797,-2.902901452
C21P,1.597858190536499,-2.9761670760000003
C21A,0.9754369258880615,-3.39159611
C21D,1.7652015686035156,-1.345210259
I22T,0.5976309776306152,-2.782922967
I22S,0.8452565670013428,-2.960453055
I22R,0.5156326293945312,-3.609408158
I22Q,-0.0340275764465332,-3.15657287
I22P,0.299546480178833,-3.983610838
I22N,0.8355326652526855,-2.616723625
I22M,-1.8245196342468262,-2.658913413
I22L,0.18310952186584473,-1.614587641
I22K,0.8992674350738525,-2.5481107000000005
I22H,0.013201713562011719,-2.776584675
I22G,-0.031640052795410156,-3.818852699
I22F,-0.38341331481933594,-3.203119609
I22E,0.10793662071228027,-2.9553293330000003
I22D,0.23669028282165527,-1.803581263
I22C,-1.3468422889709473,-2.8760345110000003
I22V,0.051700592041015625,-1.555733816
I22A,-0.5546650886535645,-2.6851148960000004
I22W,-1.1353201866149902,-2.9651933
I22Y,0.12367439270019531,-1.808738419
G23W,-1.971146583557129,-2.857214694
G23D,0.19147253036499023,-2.708832375
G23E,0.06789231300354004,-3.1935528310000003
G23F,-1.8954100608825684,-3.5966430560000004
G23H,-0.8152084350585938,-3.1965599460000003
G23I,-1.3952341079711914,-3.56955727
G23K,0.761839747428894,-3.192091494
G23M,-2.8503828048706055,-3.008071185
G23N,0.4783813953399658,-3.234799938
G23P,0.00838327407836914,-2.739962802
G23Q,-0.34770965576171875,-3.235659577
G23R,-0.05007600784301758,-3.174699662
G23S,0.20733928680419922,-1.145348728
G23T,-0.11260032653808594,-3.926621805
G23V,-0.9892170429229736,-2.672130807
G23Y,-1.3330669403076172,-3.27874187
G23L,-0.9910621643066406,-3.320879769
G23A,-0.8965623378753662,-3.136468462
G23C,-2.3133583068847656,-2.714122495
Y24C,-0.5777816772460938,-2.2694363180000003
Y24W,-1.6741294860839844,-1.6911881380000002
Y24V,0.2624073028564453,-1.92512432
Y24T,0.8438889980316162,-0.936208221
Y24S,1.3970465660095215,-2.433318676
Y24R,0.7412304878234863,-3.4069971810000004
Y24Q,0.3647894859313965,-1.654041382
Y24P,0.11075735092163086,-4.274512873
Y24N,1.5123369693756104,-3.33877497
Y24A,0.05606698989868164,-3.031261528
Y24L,0.16079378128051758,-3.63427823
Y24K,1.4027118682861328,-2.281269991
Y24I,0.17636919021606445,-2.635237567
Y24H,0.29192209243774414,-2.42151618
Y24G,0.796377420425415,-4.391937042
Y24F,-0.472320556640625,-1.190340266
Y24E,0.8709900379180908,-2.762085433
Y24D,1.0488083362579346,-3.047893592
Y24M,-1.7301673889160156,-1.936430894
H25D,1.1337718963623047,-2.687210295
H25E,0.7262425422668457,-2.951856078
H25F,0.10457158088684082,-3.3956865210000005
H25G,0.8807888031005859,-2.962305212
H25I,0.5230374336242676,-1.736929643
H25K,1.362764835357666,-1.342017599
H25L,0.8441054821014404,-0.674322903
H25R,0.6120812892913818,-3.06213158
H25N,1.6121680736541748,-2.188511656
H25P,0.4106762409210205,-2.935685623
H25Q,0.31062817573547363,-1.086129951
H25S,1.5371596813201904,-2.070819709
H25T,1.0427122116088867,-1.5171866319999998
H25V,0.7614016532897949,-1.2786740559999998
H25W,-1.1535775661468506,-2.820110655
H25M,-1.358290433883667,-1.859337743
H25Y,0.20290803909301758,-1.757660001
H25A,0.5885331630706787,-1.224462512
H25C,-0.7141492366790771,-2.182161265
A26R,0.1618666648864746,-3.889604142
A26Y,-0.06044912338256836,-1.041723527
A26W,-0.9746246337890625,-2.87792998
A26V,0.28928184509277344,-1.023313908
A26T,0.26635122299194336,-2.555767435
A26S,0.9090075492858887,-1.268894334
A26C,-0.46632862091064453,-1.707427108
A26Q,-0.12660861015319824,-2.955972318
A26P,-0.18570709228515625,-3.839640752
A26N,0.4616551399230957,-1.487574714
A26L,0.5104410648345947,-3.87554427
A26K,0.43273067474365234,-3.378906381
A26I,0.12926673889160156,-3.115633935
A26H,-0.4049687385559082,-3.288875267
A26G,0.5459189414978027,-3.136662253
A26F,-0.08541560173034668,-3.138589651
A26E,0.19005417823791504,-2.472989365
A26D,0.02676105499267578,-3.590138807
A26M,-1.7877426147460938,-2.562665301
N27R,-0.4589221477508545,-2.554117546
N27P,-0.4769148826599121,-4.098851378
N27Q,-0.6305851936340332,-3.610618087
N27S,0.384202241897583,-2.425213508
N27K,0.014568090438842773,-2.341787802
N27V,0.15077781677246094,-4.236636946
N27W,-1.28981614112854,-3.185774775
N27Y,-0.6981303691864014,-3.153897169
N27T,0.05567145347595215,-3.338277971
N27M,-1.95194411277771,-3.240073062
N27E,-0.05755257606506348,-3.562999378
N27I,-0.10823178291320801,-2.828605301
N27H,-1.1432220935821533,-2.435908941
N27G,-0.024781227111816406,-3.500944775
N27F,-0.5144472122192383,-2.284847835
N27D,-0.023930788040161133,-2.4634244030000003
N27C,-1.077960729598999,-3.604205546
N27A,-0.22833251953125,-2.871148067
N27L,0.23013520240783691,-3.959689238
N28L,-0.6052505970001221,-3.855074046
N28T,-0.7179534435272217,-3.4123664280000003
N28S,-0.2233126163482666,-2.866529893
N28R,-1.4502437114715576,-3.808885245
N28Q,-1.6658785343170166,-3.255781106
N28P,-1.3362278938293457,-4.098306678
N28M,-2.7978737354278564,-2.976246092
N28K,-1.0134549140930176,-2.812148719
N28W,-2.47422194480896,-1.65388117
N28H,-1.6923797130584717,-3.68215046
N28G,-0.438889741897583,-3.15639536
N28F,-1.3478376865386963,-3.157660597
N28E,-1.068390130996704,-2.851378175
N28D,-0.9664270877838135,-1.822239231
N28C,-1.5769891738891602,-3.696222681
N28A,-1.027177095413208,-1.400317994
N28I,-0.6559169292449951,-3.618646151
N28V,-0.6536493301391602,-3.486436607
N28Y,-1.3829424381256104,-3.234787781
S29C,-1.202796220779419,-2.030677081
S29E,-0.7846243381500244,-1.988391234
S29F,-0.9729690551757812,-3.323869148
S29G,-0.43901753425598145,-2.499008249
S29H,-1.5053520202636719,-2.496252341
S29I,-0.19039249420166016,-3.5841434760000004
S29K,-0.6626923084259033,-2.155934068
S29L,-0.3048679828643799,-3.65349364
S29M,-2.268235445022583,-2.74958767
S29P,-1.528264045715332,-3.243366569
S29Q,-1.0951588153839111,-2.6931047660000003
S29R,-1.0688271522521973,-3.353077573
S29T,-0.22360706329345703,-1.54353796
S29V,-0.11509227752685547,-2.8148715510000004
S29W,-2.1166627407073975,-2.505554734
S29Y,-1.1043181419372559,-3.020190229
S29D,-0.8312795162200928,-3.95216062
S29A,-0.48047423362731934,-1.272092025
S29N,-0.4551844596862793,-1.448012667
T30W,-2.7075161933898926,-1.096293783
T30A,-1.6577831506729126,-3.1849881210000004
T30C,-1.7136563062667847,-3.3201153430000003
T30D,-1.4008866548538208,-3.261417663
T30E,-1.475875973701477,-2.834078363
T30F,-1.5317350625991821,-3.188186898
T30G,-1.3946973085403442,-3.0128624530000003
T30H,-2.3069238662719727,-2.027271642
T30I,-1.1242212057113647,-3.015619312
T30Y,-1.802167534828186,-3.444295351
T30L,-0.9684435129165649,-3.628120007
T30M,-2.867086410522461,-2.563242889
T30N,-0.493228554725647,-1.244933289
T30P,-1.9861193895339966,-2.392720812
T30Q,-1.862740159034729,-3.133679528
T30R,-1.9101723432540894,-3.683154607
T30S,-0.510776162147522,-1.6045279959999998
T30V,-1.2878650426864624,-3.613043008
T30K,-1.0794426202774048,-3.07195977
D31W,-0.8667693138122559,-2.563007206
D31V,1.0338413715362549,-1.584838345
D31T,0.6563045978546143,-1.09038109
D31S,0.7021007537841797,-3.737568088
D31R,-0.49973535537719727,-3.550158574
D31Q,-0.30319809913635254,-1.058117538
D31P,-0.6637489795684814,-3.852646911
D31I,0.8566403388977051,-2.787837917
D31M,-1.2595939636230469,-2.9250340510000004
D31L,0.8053576946258545,-3.276971885
D31K,0.15332508087158203,-2.369325442
D31H,-0.6337871551513672,-1.89284
D31G,-0.1755232810974121,-2.897821962
D31F,0.34199070930480957,-2.794033813
D31E,0.318756103515625,-1.34683839
D31N,0.4750354290008545,-2.2818523280000003
D31C,0.04839348793029785,-3.20725127
D31A,0.21436738967895508,-2.380881979
D31Y,0.37783193588256836,-2.158171583
T32A,-0.41577768325805664,-2.334196308
T32W,-2.030853748321533,-2.548337152
T32V,0.18923377990722656,-1.836875488
T32S,0.24919819831848145,-1.873223023
T32R,-1.0780839920043945,-1.286311234
T32Q,-1.1958580017089844,-2.235773093
T32P,-0.9753925800323486,-2.849605064
T32N,0.019367694854736328,-2.206417339
T32E,-0.5387048721313477,-0.438353579
T32M,-2.288118839263916,-1.507695826
T32K,-0.461850643157959,-2.872789118
T32I,0.21770286560058594,-2.151537337
T32H,-1.2318997383117676,-2.8382021
T32G,-0.6340749263763428,-2.588156661
T32D,-0.21474051475524902,-3.058214162
T32C,-0.6305444240570068,-2.415265887
T32F,-0.35732603073120117,-3.176857576
T32L,0.18636608123779297,-1.359513103
T32Y,-0.5319187641143799,-3.3918432860000003
V33Y,-0.6640634536743164,-3.197314131
V33T,-0.09324169158935547,-3.555455399
V33C,-0.10351133346557617,-2.751171684
V33A,-0.7878799438476562,-2.6633636330000003
V33E,-0.6205427646636963,-3.108875032
V33F,-0.3977477550506592,-2.779618834
V33G,-0.8700273036956787,-3.027620748
V33H,-1.692068099975586,-3.4067769180000003
V33W,-0.983522891998291,-3.182358341
V33I,0.08141851425170898,-1.355487113
V33L,0.2580127716064453,-1.750617829
V33M,-1.9217853546142578,-2.915834584
V33N,0.56937575340271,-3.59083733
V33P,-0.8993382453918457,-4.073160852
V33Q,-1.1353883743286133,-2.964704935
V33R,-1.3284621238708496,-3.682014078
V33K,-0.5106477737426758,-1.961485912
V33S,0.15240073204040527,-2.613289506
V33D,-0.5776927471160889,-1.5432524440000002
D34F,-0.2517845630645752,-2.632894932
D34E,0.5008828639984131,-2.162522781
D34C,-0.08773040771484375,-3.3244283510000003
D34G,-0.17751693725585938,-2.363070539
D34H,-0.5354316234588623,-2.993986082
D34I,0.004545927047729492,-3.414250488
D34K,0.7462940216064453,-3.5120889180000003
D34L,0.21161246299743652,-3.2689204060000003
D34M,-1.6677253246307373,-2.468218032
D34N,0.5321145057678223,-2.120484865
D34A,0.09642481803894043,-3.230476692
D34Q,0.10112714767456055,-3.190887797
D34R,0.020717620849609375,-3.315144961
D34S,0.7551991939544678,-3.560666889
D34T,0.6624226570129395,-2.691124872
D34V,0.41912150382995605,-2.492966231
D34W,-1.1223642826080322,-2.878811133
D34Y,0.19266867637634277,-2.255500551
D34P,-0.2366185188293457,-2.675624526
T35Y,-0.46358537673950195,-3.079438994
T35E,0.0814354419708252,-3.356558055
T35F,-0.637606143951416,-3.2732377
T35G,-0.23190760612487793,-3.645637065
T35A,-0.23078298568725586,-2.867025734
T35I,-0.24903392791748047,-2.740202675
T35K,-0.0044097900390625,-2.5159680140000003
T35L,-0.056200504302978516,-3.549855979
T35Q,-0.6283974647521973,-2.689323475
T35N,-0.135345458984375,-2.515895441
T35P,-0.6832413673400879,-3.517642927
T35R,-0.5469591617584229,-3.468837188
T35S,0.3596935272216797,-1.746881195
T35V,0.24002361297607422,-3.494898751
T35D,-0.21102595329284668,-3.248230403
T35C,-0.48387956619262695,-3.2239856380000003
T35W,-1.2704734802246094,-3.3788698310000003
T35M,-1.756718635559082,-2.8310966110000004
T35H,-1.2093892097473145,-2.812096109
I36W,-1.8803026676177979,-2.874312306
I36A,-0.7430307865142822,-2.037562801
I36T,-0.1132819652557373,-1.367686254
I36C,-0.4456167221069336,-2.102340603
I36D,-0.8009114265441895,-3.285711951
I36E,-0.7726461887359619,-3.173737569
I36F,-0.6221902370452881,-2.0475259930000003
I36G,-1.0462806224822998,-3.026461158
I36H,-1.6227710247039795,-3.2682025930000003
I36K,-0.45966625213623047,-2.5341242530000003
I36L,0.19836163520812988,-1.481940146
I36M,-2.151318311691284,-0.891586097
I36N,-0.30046916007995605,-3.102833931
I36P,-1.0820691585540771,-2.171023315
I36Q,-1.1550981998443604,-2.545435051
I36R,-1.23294997215271,-3.170771052
I36S,0.0325922966003418,-2.962791868
I36V,-0.054731130599975586,-2.276888577
I36Y,-0.8540847301483154,-2.034520576
L37G,-1.066452980041504,-2.269817234
L37C,-0.7871506214141846,-0.572429482
L37I,-0.18435978889465332,-0.924006966
L37K,-0.6552643775939941,-1.437024342
L37M,-2.2913832664489746,-1.308413049
L37N,-0.4001195430755615,-1.605302514
L37A,-1.0168721675872803,-1.373749998
L37Q,-1.2072234153747559,-0.270535668
L37R,-1.4189934730529785,0.441165083
L37S,-0.24208855628967285,1.01909427
L37P,-1.1876778602600098,-1.998688385
L37V,-0.2017674446105957,-2.626674397
L37W,-2.125105857849121,-1.4665064630000002
L37Y,-0.9693088531494141,-0.844841953
L37F,-0.9316744804382324,-0.823208444
L37E,-0.6749253273010254,-1.406811442
L37D,-0.5962519645690918,-0.183533314
L37H,-1.5886600017547607,-2.555683711
L37T,-0.4140613079071045,0.6622696020000001
E38L,0.3501911163330078,-3.734475506
E38K,-0.012898683547973633,-2.4456407280000003
E38I,-0.046941518783569336,-2.896015875
E38D,-0.1404285430908203,-2.062059348
E38G,0.30365920066833496,-2.350915144
E38F,-0.6136908531188965,-2.627130504
E38M,-1.6529450416564941,-2.6900582889999995
E38H,-0.7182812690734863,-2.432513619
E38N,0.18839192390441895,-1.993911976
E38C,-0.2811317443847656,-3.238105833
E38Q,-0.4124007225036621,-0.7605389640000001
E38P,-0.042197465896606445,-3.968202161
E38Y,-0.33904290199279785,-2.822112717
E38W,-1.5305695533752441,-1.867947562
E38A,-0.18928956985473633,-0.940679151
E38T,-0.04913187026977539,-2.694220172
E38S,0.4358384609222412,-1.649504644
E38R,-0.34706616401672363,-2.167010372
E38V,0.24169921875,-2.749412127
K39Y,-1.0268030166625977,-2.621988898
K39Q,-0.7055623531341553,-2.930577513
K39W,-2.4746880531311035,-2.493467055
K39V,-1.1776020526885986,-2.913979621
K39T,-0.11645364761352539,-1.590592987
K39S,0.32798075675964355,-3.141402963
K39R,-0.390594482421875,-0.105743534
K39P,-0.7814364433288574,-2.602479984
K39I,-1.6467556953430176,-2.993505525
K39M,-2.514617919921875,-1.810590053
K39L,-1.0802581310272217,-3.332472934
K39H,-1.1415948867797852,-2.301024384
K39G,-0.1675128936767578,-1.386002551
K39F,-1.7094917297363281,-2.941401871
K39A,-0.6610667705535889,-2.282889591
K39C,-1.1876592636108398,-2.307941497
K39D,-0.36710500717163086,-2.7904670310000004
K39N,0.39658069610595703,-2.032030232
K39E,-0.06801080703735352,-1.991406759
N40V,0.12100076675415039,-3.02995028
N40T,0.03539419174194336,-2.83243901
N40Y,-0.4825170040130615,-2.561338621
N40C,-0.42982006072998047,-3.01473968
N40W,-1.9718880653381348,-2.8136916810000003
N40A,0.11942768096923828,-2.418524502
N40D,-0.1845846176147461,-2.399488845
N40F,-0.6404452323913574,-3.009131824
N40G,0.2595789432525635,-2.0262349090000003
N40H,-0.8392276763916016,-2.404732244
N40E,-0.2892298698425293,-1.906093347
N40K,-0.39499998092651367,-1.680782369
N40L,0.4396626949310303,-3.70547741
N40M,-1.4855470657348633,-2.560960429
N40P,-0.4277839660644531,-3.2696140760000003
N40Q,-0.7547831535339355,-2.314249309
N40S,0.14846420288085938,-2.080434919
N40I,0.06917476654052734,-3.373130256
N40R,-0.5393288135528564,-2.474658556
V41M,-1.9265427589416504,-2.088829992
V41N,0.12320852279663086,-2.071998754
V41P,-0.6443495750427246,-3.2317782860000004
V41R,-0.8214235305786133,-3.313994967
V41S,0.06165790557861328,-3.685498374
V41T,-0.18158292770385742,-2.891180978
V41L,-0.014266729354858398,-2.338193685
V41Q,-0.9806628227233887,-2.345936505
V41K,-0.13550472259521484,-2.866664313
V41Y,-0.6777162551879883,-2.965790989
V41H,-1.2824981212615967,-2.8768337230000003
V41G,0.33486342430114746,-2.353855869
V41F,-0.6372056007385254,-2.766009566
V41E,-0.19011926651000977,-2.397417209
V41W,-2.0143990516662598,-2.140418064
V41D,-0.28937721252441406,-2.990067798
V41C,-0.42787694931030273,-2.233939411
V41A,-0.42514824867248535,-2.409552786
V41I,-0.07549142837524414,-1.1583311509999998
A42W,-1.5184459686279297,-0.8627830059999999
A42V,0.4578225612640381,0.074156743
A42C,-0.2292957305908203,0.074584504
A42T,1.7739280462265015,-0.877135453
A42P,0.061339616775512695,0.231321464
A42Q,-0.16232728958129883,-1.3743633519999998
A42Y,-0.1042332649230957,-1.205601198
A42S,1.240422010421753,-1.337926525
A42R,-0.18905854225158691,-0.723410335
A42N,1.8329682350158691,-2.108020059
A42M,-1.3533005714416504,-1.166064505
A42L,0.5092184543609619,-1.774126312
A42I,0.2664222717285156,-0.636013319
A42H,-0.3220860958099365,-1.174380393
A42G,-0.16396164894104004,-0.987131489
A42F,-0.09606027603149414,-0.342407374
A42E,0.33255958557128906,-1.242464692
A42D,0.24244904518127441,-1.3488378769999998
A42K,0.5423307418823242,-0.165116942
V43S,0.23751425743103027,-2.1529815
V43D,-0.5632627010345459,-1.826114951
V43T,0.058441162109375,-2.044499289
V43R,-0.8182613849639893,-2.408707335
V43Y,-0.5571141242980957,-1.691847649
V43Q,-0.8093469142913818,-1.664252575
V43W,-1.8654396533966064,-1.704569808
V43P,-0.8205792903900146,-1.865919442
V43H,-1.1084620952606201,-1.244511577
V43M,-1.9057648181915283,-1.43439327
V43L,0.2778294086456299,-2.958527112
V43K,-0.2604343891143799,-1.624128244
V43I,-0.04147458076477051,-1.186899219
V43A,-0.453993558883667,-1.1946971000000002
V43G,-0.5200459957122803,-2.046667866
V43F,-0.4315335750579834,-1.948027183
V43E,-0.3602621555328369,-1.632946472
V43N,-0.017247915267944336,-1.61191281
V43C,-1.0950970649719238,-1.752811909
T44D,-0.3102707862854004,-2.415741771
T44I,-0.05498862266540527,-2.625454666
T44E,-0.020204782485961914,-2.8449139110000004
T44F,-0.49551939964294434,-2.282619292
T44Y,-0.5737028121948242,-2.974355178
T44W,-1.4492909908294678,-2.561359972
T44V,0.12210774421691895,-2.39929066
T44S,0.28499484062194824,-2.695744729
T44R,-0.61861252784729,-3.445189141
T44Q,-0.5353529453277588,-2.930271388
T44G,-0.407759428024292,-3.300013585
T44N,0.29065871238708496,-2.769832858
T44M,-1.5642917156219482,-2.765421924
T44L,0.3875443935394287,-2.865985161
T44K,-0.025054931640625,-2.239828856
T44H,-0.9694921970367432,-2.9955103060000003
T44P,-0.6468040943145752,-4.218198809
T44C,-0.8174145221710205,-3.4926163530000003
T44A,-0.4410369396209717,-2.786663225
H45T,1.3494434356689453,-3.321242235
H45Y,0.7115025520324707,-2.386179956
H45W,-0.5509164333343506,-2.491446877
H45V,1.0590629577636719,-3.572671569
H45S,1.6784141063690186,-1.037650475
H45R,0.7671198844909668,-2.998881646
H45Q,0.49319934844970703,-1.818782505
H45P,0.7630693912506104,-2.991976246
H45M,-0.8624022006988525,-1.826618278
H45N,1.358799934387207,-2.351079629
H45K,1.4324405193328857,-3.381440158
H45I,0.662508487701416,-3.4104601710000004
H45G,1.0140697956085205,-2.589727724
H45F,0.46639323234558105,-1.5892759
H45E,1.3048715591430664,-2.544470106
H45D,1.1648385524749756,-1.799241493
H45C,0.5646789073944092,-2.870879575
H45A,0.917741060256958,-1.7232747590000002
H45L,0.9601294994354248,-2.713061671
S46V,-0.18190932273864746,-2.876580246
S46F,-0.504432201385498,-1.703613656
S46Y,-0.737144947052002,-2.522625654
S46G,-0.6969480514526367,-3.146656105
S46W,-1.6666169166564941,-1.156847364
S46T,-0.1148226261138916,-2.26849978
S46A,-0.5544102191925049,-2.039740326
S46Q,-1.0445618629455566,-2.58114471
S46P,-1.059699296951294,-2.6648959430000003
S46N,-0.29770612716674805,-2.16057166
S46M,-2.0851683616638184,-2.186270476
S46L,0.38472747802734375,-1.807299639
S46K,-0.502652645111084,-2.244836213
S46R,-1.0798659324645996,-3.140957309
S46C,-0.5842700004577637,-2.501154398
S46H,-1.2101762294769287,-1.58537961
S46I,-0.2011127471923828,-2.598813334
S46D,-0.5924155712127686,-2.575548265
S46E,-0.7128515243530273,-2.921253492
V47Y,-0.5122852325439453,-0.477227239
V47W,-1.3279156684875488,-2.300510745
V47T,-0.09295225143432617,-1.609605001
V47S,0.4378945827484131,-2.630298122
V47R,-0.41324305534362793,-1.74246548
V47G,-0.2695612907409668,-2.711564942
V47F,-0.39509081840515137,-0.832618264
V47N,0.021001577377319336,-3.199829251
V47M,-1.7415976524353027,-1.466360937
V47L,0.3535799980163574,-1.39969532
V47K,-0.07422208786010742,-0.973550659
V47I,0.03279376029968262,-0.926732336
V47H,-0.9106998443603516,-2.275962447
V47E,-0.14117431640625,-2.628544113
V47P,-0.785764217376709,-3.725154637
V47Q,-0.5237059593200684,-1.187858889
V47D,-0.33749914169311523,-2.631100033
V47C,-0.48340892791748047,-2.359444502
V47A,-0.5554585456848145,-1.949988875
N48Y,-0.95876145362854,-3.177009804
N48A,-0.49634838104248047,-3.74303105
N48C,-0.9485492706298828,-3.24404744
N48D,-0.07301568984985352,-1.789854404
N48E,0.13745856285095215,-1.833424304
N48F,-1.297722578048706,-2.724130966
N48G,-0.332141637802124,-3.175604813
N48H,-0.9023792743682861,-3.5066340730000003
N48I,-0.8718822002410889,-3.426426879
N48K,0.12079095840454102,-2.442203465
N48L,-0.3978252410888672,-3.679118623
N48M,-2.110100269317627,-2.687881139
N48P,-0.14571380615234375,-2.354804623
N48Q,-0.31212902069091797,-2.809045391
N48R,-0.5391581058502197,-2.8144556510000003
N48S,0.37633848190307617,-1.168313185
N48T,0.06516504287719727,-1.297828781
N48W,-2.3271079063415527,-2.05315595
N48V,-0.49911952018737793,-3.11441464
L49A,-0.7595291137695312,-4.025175757
L49C,-0.46239399909973145,-2.877052174
L49F,-0.896367073059082,-1.691544496
L49K,-0.7361056804656982,-3.227004758
L49M,-2.3108162879943848,-2.705733486
L49N,-0.38788437843322754,-3.426463642
L49P,-0.803145170211792,-2.487332539
L49Q,-0.9447851181030273,-2.57047353
L49R,-1.2563493251800537,-3.252278044
L49S,0.1134037971496582,-3.5005143
L49T,-0.43907928466796875,-3.348448788
L49V,-0.28222107887268066,-3.307445247
L49W,-2.0144410133361816,-3.0476605310000005
L49Y,-0.8626573085784912,-2.899639145
L49G,-0.3611781597137451,-3.89462626
L49I,-0.25937509536743164,-2.086429952
L49E,-0.5528018474578857,-2.844270844
L49H,-1.1504945755004883,-3.1382309260000003
L49D,-0.5141439437866211,-3.182083207
L50F,-0.8498952388763428,-2.83803452
L50Y,-0.7272560596466064,-2.9569362810000004
L50E,-0.3797013759613037,-3.561083162
L50W,-1.968212604522705,-2.959804538
L50V,-0.46866869926452637,-2.336324644
L50T,0.1822206974029541,-3.966008295
L50S,-0.050710201263427734,-2.818110232
L50R,-1.1071410179138184,-3.887323954
L50Q,-0.8897323608398438,-3.244386702
L50P,-0.6427421569824219,-3.1185449380000003
L50N,-0.22829198837280273,-3.784233701
L50M,-2.0416340827941895,-2.583617851
L50A,-0.9449825286865234,-2.983396679
L50C,-0.16137480735778809,-2.994183216
L50D,-0.3766353130340576,-1.82471505
L50K,-0.23776602745056152,-3.121813554
L50I,-0.3036942481994629,-3.072006356
L50H,-1.2909727096557617,-3.448865082
L50G,-0.6013162136077881,-3.418217587
E51F,-0.7018032073974609,-1.897341296
E51P,-0.3046598434448242,-4.183433629
E51A,-0.3852379322052002,0.016194379
E51G,-0.10519599914550781,-2.319458231
E51Y,-0.5884978771209717,-1.992671846
E51W,-2.025709629058838,-2.63266715
E51V,-0.13826513290405273,-0.069781252
E51T,0.1858055591583252,-0.804891804
E51S,0.5760011672973633,-2.938812277
E51R,-0.3505287170410156,-2.541185259
E51C,0.05168771743774414,-0.807994752
E51Q,-0.34438157081604004,-1.574225659
E51N,0.15921950340270996,-3.1076043510000004
E51M,-1.6561026573181152,-2.565286631
E51L,0.13954401016235352,-1.69712085
E51K,0.31067705154418945,-1.821028002
E51I,-0.334805965423584,-0.936528869
E51H,-0.9181089401245117,-2.404259738
E51D,0.008591890335083008,-1.296734003
D52C,0.7107534408569336,-2.528823199
D52E,0.1824653148651123,-0.991144477
D52A,0.2607460021972656,-0.435035083
D52H,-0.4918100833892822,-0.925783853
D52I,0.4204080104827881,-2.080230223
D52K,0.5928647518157959,-1.460985766
D52L,0.45116114616394043,-1.692367419
D52M,-1.2592365741729736,-1.501802124
D52N,0.5875256061553955,-0.8937645940000001
D52G,0.27425575256347656,-0.994768464
D52P,-0.2222609519958496,-3.331827971
D52R,-0.021398067474365234,-2.177899103
D52S,0.7402307987213135,-0.429483973
D52T,0.6420860290527344,-0.6856805859999999
D52V,0.4026665687561035,-1.118450494
D52W,-1.3387320041656494,-2.128779698
D52Y,0.08899044990539551,-1.022271451
D52Q,-0.16242456436157227,-2.527942107
D52F,-0.17122983932495117,-2.978696014
S53Y,-0.3477616310119629,-0.915485181
S53D,-0.41695284843444824,-1.252426585
S53W,-1.9654440879821777,-1.145845903
S53V,-0.039520978927612305,-0.359259918
S53T,-0.2917656898498535,-0.1027126
S53R,-1.1437993049621582,-0.38284283
S53Q,-1.0115368366241455,-0.025899098
S53P,-0.8406491279602051,-3.639312985
S53N,-0.29999351501464844,-0.446217193
S53M,-1.773557186126709,-0.156253725
S53L,0.16507434844970703,-0.544741702
S53K,-0.28197169303894043,-0.5413043329999999
S53I,0.22611331939697266,-0.923244229
S53H,-1.2464954853057861,-0.317816459
S53G,-0.41762518882751465,0.022925143
S53F,-0.4096052646636963,-0.46222652
S53E,-0.2930161952972412,0.836385562
S53C,-0.15620183944702148,-2.050160995
S53A,-0.7557973861694336,0.197523285
H54I,1.357511043548584,-2.4053233830000003
H54C,1.1677870750427246,-2.868284435
H54V,1.355332851409912,-2.432245426
H54T,1.2619221210479736,-0.796770792
H54S,1.756143569946289,-1.85544623
H54R,0.7024264335632324,-2.048317395
H54Q,0.7553186416625977,-1.997745677
H54P,0.859410285949707,-1.932181497
H54N,1.329023838043213,-2.499181234
H54M,-0.47250890731811523,-1.827218919
H54L,1.6090102195739746,-3.867842555
H54K,1.6517224311828613,-2.862883754
H54Y,0.7397260665893555,-1.194855116
H54G,1.146291732788086,-3.056993636
H54F,0.9121122360229492,-3.331744448
H54E,1.5812408924102783,-2.802638076
H54D,1.1450600624084473,-2.819936352
H54A,0.8465700149536133,-1.475211222
H54W,-0.6114616394042969,-2.569015554
N55A,-0.4353020191192627,-3.384731635
N55R,-0.824561357498169,-3.600095545
N55Y,-0.29201793670654297,-3.365640298
N55W,-1.8664805889129639,-2.864164059
N55V,0.00814962387084961,-3.33625818
N55T,0.050867557525634766,-1.797796056
N55S,0.37229299545288086,-1.726246196
N55Q,-0.7197201251983643,-2.581094189
N55P,-0.6792771816253662,-3.682268662
N55L,0.6265010833740234,-3.716398177
N55M,-1.8830759525299072,-2.5330459
N55I,0.13657879829406738,-2.743478872
N55H,-1.0021226406097412,-2.862855269
N55G,-0.3309783935546875,-2.763606406
N55F,-0.0995645523071289,-1.237738931
N55E,-0.35488247871398926,-2.770790662
N55D,-0.10738301277160645,-2.26440075
N55C,-0.1774601936340332,-3.3038767
N55K,-0.09657692909240723,-2.070473325
G56S,0.5513124465942383,-1.536092904
G56Q,-0.3971438407897949,-1.925314703
G56R,-0.6432476043701172,-2.096613292
G56T,-0.05481719970703125,-2.135332231
G56A,-0.3939332962036133,-1.806688169
G56V,-0.407001256942749,-2.902786252
G56W,-2.3915538787841797,-2.13746201
G56P,-0.35760498046875,-3.288499673
G56Y,-0.747459888458252,-2.230454187
G56N,0.20714092254638672,-2.043099063
G56F,-0.9598431587219238,-2.031490559
G56L,-0.04403400421142578,-3.907390388
G56K,0.01817154884338379,-2.297133788
G56I,-0.4339592456817627,-1.587687791
G56H,-1.0454015731811523,-1.332826537
G56E,0.27022647857666016,-1.426180974
G56D,-0.06259822845458984,-2.044309727
G56C,-0.7782056331634521,-2.753791291
G56M,-1.829854965209961,-0.7008176009999999
K57M,-1.8929238319396973,-0.773775147
K57E,-0.15073657035827637,-3.167634094
K57F,-0.9018182754516602,-0.037811181
K57G,-0.7143585681915283,-1.99217318
K57H,-1.3475127220153809,-0.826726695
K57I,-0.4301793575286865,-2.824525991
K57L,-0.044532060623168945,-1.415557865
K57N,-0.17937040328979492,-1.936512994
K57P,-1.0685882568359375,-3.034403348
K57Q,-0.8914761543273926,-0.6714616520000001
K57R,-0.8583300113677979,-0.90962386
K57S,-0.02758646011352539,-3.328905484
K57T,0.0035676956176757812,-2.835237101
K57V,-0.42377305030822754,-0.990923893
K57W,-2.874541759490967,-1.007137205
K57Y,-0.9084689617156982,-1.20308285
K57D,-0.20595264434814453,-2.3797859
K57C,-2.1684727668762207,-2.089640746
K57A,-0.77813720703125,-0.244462953
L58Q,-0.636451005935669,-2.810858205
L58A,-0.6800403594970703,-3.715471576
L58R,-0.7687203884124756,-2.706251979
L58T,0.07059049606323242,-3.362715395
L58P,-0.5549542903900146,-2.704632976
L58Y,-0.594623327255249,-2.573260135
L58S,0.29628634452819824,-3.153970935
L58N,0.05571484565734863,-2.620949399
L58G,-0.45554661750793457,-3.666982913
L58K,0.010810613632202148,-3.005744341
L58I,-0.18074274063110352,-1.605521939
L58H,-1.1159374713897705,-2.7412406810000003
L58W,-2.1813271045684814,-2.300322107
L58F,-0.8043148517608643,-2.851871586
L58E,-0.03809094429016113,-2.4403770280000003
L58D,-0.013688325881958008,-3.519230739
L58C,-1.331434965133667,-2.90593989
L58M,-1.7475645542144775,-2.432614224
L58V,-0.15459132194519043,-3.042167872
C59R,0.7345654964447021,-3.3625054910000003
C59T,0.9139344692230225,-3.786181214
C59S,1.4512898921966553,-3.388676016
C59Q,0.6671860218048096,-1.846617779
C59P,0.9379072189331055,-3.668200791
C59N,1.05904221534729,-2.8619097630000003
C59M,-0.7813646793365479,-2.3529920840000003
C59L,0.9394571781158447,-3.1736350110000004
C59K,1.2475669384002686,-3.581022716
C59I,0.5637261867523193,-3.0298917710000004
C59H,-0.03592944145202637,-3.450666202
C59G,0.8090829849243164,-2.904688304
C59F,-0.08236956596374512,-2.583233073
C59E,1.1203362941741943,-2.542118705
C59D,0.718951940536499,-2.884313327
C59V,0.7601668834686279,-3.1078542560000004
C59A,0.40531420707702637,-3.5907680460000004
C59Y,0.23857855796813965,-2.00494308
C59W,-1.3307716846466064,-2.78599264
K60D,0.18703103065490723,-1.67246857
K60C,-1.5411546230316162,-2.63251728
K60A,-0.5752766132354736,-0.80647787
K60G,-0.011066675186157227,-3.02287514
K60H,-0.8659329414367676,-0.543300796
K60I,-0.9430830478668213,-3.071634924
K60L,-0.4409329891204834,-0.824196458
K60M,-2.1039631366729736,-1.306862208
K60N,0.11487531661987305,-0.178966185
K60P,0.07389402389526367,-3.913498293
K60Q,-0.5198953151702881,-1.161184917
K60R,-0.6541628837585449,0.127169636
K60S,0.5694580078125,-0.417403603
K60T,0.06846022605895996,-0.86690653
K60V,-0.7903907299041748,-3.812754039
K60W,-2.7437870502471924,-1.758876427
K60Y,-0.758955717086792,-0.00961796
K60F,-1.1439189910888672,-0.607959543
K60E,-0.07285618782043457,-1.909479655
L61W,-1.9447441101074219,-3.191183783
L61D,0.4794955253601074,-3.42915342
L61E,0.5969898700714111,-2.658028729
L61F,-0.7468609809875488,-2.643782826
L61G,1.1719259023666382,-3.249662582
L61H,-0.8998966217041016,-3.749354119
L61I,-0.20559930801391602,-0.4155521820000001
L61K,0.07077407836914062,-3.476771308
L61M,-1.6485700607299805,-1.828848246
L61N,0.5749228000640869,-2.995402234
L61Q,-0.2805328369140625,-3.675766827
L61R,-0.11276626586914062,-3.792147561
L61S,0.8681588172912598,-3.232138657
L61T,0.34576869010925293,-3.14215666
L61V,0.09791707992553711,-0.805152283
L61Y,-0.3837742805480957,-1.842933052
L61P,-0.09665393829345703,-3.2409581000000003
L61C,-0.7471709251403809,-3.55753673
L61A,0.20970869064331055,-3.97508899
K62E,-0.22044992446899414,-0.658101499
K62F,-1.3259077072143555,-0.840231298
K62G,-0.2951376438140869,-0.927131805
K62H,-0.7988522052764893,0.451358735
K62I,-1.2279343605041504,-3.3394341730000003
K62L,-0.5946295261383057,-2.166157515
K62D,-0.09182381629943848,-0.285424051
K62M,-2.3062334060668945,-1.4282424530000002
K62P,-0.32206225395202637,-3.637681926
K62Q,-0.5994360446929932,-0.451528154
K62R,-0.5506019592285156,-0.8962325640000001
K62S,0.16360068321228027,-1.521106329
K62T,-0.18530583381652832,-2.50078588
K62Y,-1.0729448795318604,-0.275873024
K62N,0.14907002449035645,0.206714922
K62W,-3.1299428939819336,-0.930340207
K62V,-0.9335551261901855,-3.245929973
K62A,-0.7422981262207031,-0.8550321820000001
K62C,-1.0737600326538086,-2.852620354
G63T,0.025133609771728516,-2.802253097
G63A,-0.4210383892059326,-3.341788633
G63C,-0.06903195381164551,-3.008653535
G63D,0.46455931663513184,-2.024794165
G63E,0.5293171405792236,-2.322451941
G63F,-0.642876386642456,-2.5956920930000003
G63H,-0.7330203056335449,-1.110868512
G63I,-0.7427983283996582,-3.309536925
G63K,0.44427943229675293,-2.490586735
G63L,-0.3449890613555908,-3.743217845
G63M,-2.0448529720306396,-2.5952089330000003
G63N,0.6386828422546387,-1.6076775019999998
G63P,-0.17850995063781738,-3.522832773
G63Q,-0.376572847366333,-2.406040923
G63Y,-0.40842556953430176,-3.037225184
G63W,-2.0387160778045654,-2.716135279
G63R,-0.41980648040771484,-2.442604865
G63S,0.4928317070007324,-1.580930194
G63V,-0.4989328384399414,-2.649819257
I64V,0.08861160278320312,-0.235803729
I64H,-0.6487483978271484,-0.522123008
I64S,0.8578782081604004,-1.973237099
I64R,-0.19974255561828613,-0.1172424
I64Q,-0.3856797218322754,-0.79905144
I64N,0.6654109954833984,-0.777424098
I64M,-1.5839200019836426,-1.093810445
I64L,0.1084451675415039,-1.533612597
I64K,0.6652407646179199,-0.48884026
I64W,-2.2827649116516113,-2.281560805
I64G,0.7547168731689453,-1.755269573
I64F,-0.5756685733795166,-1.940830119
I64E,0.32784342765808105,-1.264381079
I64D,0.5065569877624512,-1.77735298
I64C,0.18197369575500488,-2.266839422
I64A,0.012415647506713867,-1.611824039
I64T,0.34767770767211914,-1.483127366
I64Y,-0.40612149238586426,-2.568230524
I64P,-0.09953737258911133,-3.6003397980000003
A65H,-0.3098280429840088,-0.491039622
A65W,-2.051131010055542,-1.718076865
A65V,-0.054883718490600586,-1.711906389
A65T,0.6624197959899902,-0.773153603
A65S,1.0651941299438477,-0.989403603
A65R,-0.10075688362121582,-0.730628754
A65Q,0.03107452392578125,-0.45845535
A65P,0.33492493629455566,-0.50023125
A65Y,-0.24686098098754883,-0.621868074
A65N,0.8993632793426514,-0.378220054
A65L,0.1271531581878662,-0.7232007090000001
A65K,0.9080650806427002,-0.06402685
A65I,-0.2242293357849121,-2.297971154
A65C,-0.09640884399414062,-2.6390849
A65D,0.6893589496612549,-0.856278007
A65E,0.5898849964141846,0.5844533439999999
A65F,-0.6888010501861572,-1.5693770180000002
A65M,-1.6966402530670166,-0.372293672
A65G,0.4207429885864258,-0.729981531
P66C,-0.018761157989501953,-3.056169015
P66Y,-0.7253832817077637,-3.0969855710000003
P66D,0.1963965892791748,-3.061705787
P66E,0.2968940734863281,-3.149778514
P66F,-1.1980607509613037,-3.123424534
P66G,0.2469174861907959,-2.752042169
P66H,-0.6365222930908203,-2.700873432
P66I,-1.004554033279419,-3.193333281
P66K,0.6994011402130127,-3.076746515
P66L,-0.40685486793518066,-3.3440048360000003
P66N,0.3978707790374756,-3.387102946
P66Q,-0.11624598503112793,-3.538477954
P66R,0.03182792663574219,-3.780031564
P66S,0.6172702312469482,-3.200706734
P66T,0.34132981300354004,-3.415881867
P66V,-0.6952540874481201,-3.506517622
P66W,-1.967876672744751,-2.757365747
P66M,-1.9846417903900146,-2.549634008
P66A,-0.3318350315093994,-1.436377197
L67C,-0.6575322151184082,-2.893018974
L67R,-0.6985359191894531,-2.669235861
L67W,-1.8648157119750977,-2.323867204
L67V,-0.15688586235046387,-1.749428599
L67T,0.16034555435180664,-2.717098865
L67S,0.5324935913085938,-3.256677193
L67A,-0.4103429317474365,-3.734673262
L67Q,-0.4686882495880127,-2.931542098
L67P,-0.49260377883911133,-2.835316221
L67N,0.22817564010620117,-2.722072227
L67M,-1.9496803283691406,-2.242926623
L67K,0.11714458465576172,-2.84143952
L67I,-0.240447998046875,-1.666480598
L67H,-0.6242213249206543,-2.459849996
L67G,0.0064945220947265625,-3.895188936
L67F,-0.6265163421630859,-2.243793653
L67Y,-0.3197507858276367,-2.705094902
L67E,0.41821789741516113,-3.271987183
L67D,0.08524560928344727,-3.339392733
Q68V,-0.31205153465270996,0.029205066
Q68W,-2.3533966541290283,-0.8530807090000001
Q68Y,-0.548642635345459,-0.420814719
Q68T,0.5370047092437744,-0.411512806
Q68R,-0.18709683418273926,-0.195356914
Q68P,0.3048832416534424,-0.998466438
Q68N,0.6051180362701416,-1.608098932
Q68M,-1.824375867843628,0.346755379
Q68L,-0.09430122375488281,0.022464466
Q68K,0.7467455863952637,-1.297338968
Q68S,0.7539584636688232,-0.7103273859999999
Q68H,-0.6094062328338623,-0.994136039
Q68G,0.29371190071105957,-1.081848921
Q68F,-1.0598413944244385,-0.696524037
Q68E,0.43241238594055176,0.329560783
Q68D,0.6644439697265625,0.611863144
Q68A,-0.15656542778015137,-0.363430941
Q68C,-0.8069496154785156,-1.838638471
Q68I,-0.6265552043914795,0.132186169
L69W,-1.5356810092926025,-2.9150970810000003
L69Y,-0.24110913276672363,-3.614843877
L69V,-0.011864423751831055,-3.077073501
L69T,0.0860300064086914,-3.463444048
L69S,0.4468376636505127,-2.481003758
L69R,-0.5360596179962158,-2.330743763
L69Q,-0.38338160514831543,-3.811411361
L69P,-0.39174962043762207,-3.93427968
L69K,0.3994755744934082,-3.796375897
L69M,-1.7995564937591553,-2.6946528560000003
L69I,-0.17148947715759277,-2.361885838
L69H,-0.821638822555542,-3.608735707
L69G,-0.20830774307250977,-2.555498267
L69F,-0.4973580837249756,-2.409922229
L69D,0.06801390647888184,-2.937683525
L69C,-0.7082998752593994,-3.516838962
L69A,-0.41678357124328613,-4.029580513
L69N,0.5178666114807129,-3.018531634
L69E,0.2411487102508545,-2.551017052
G70S,0.3884763717651367,-1.513446591
G70I,-0.8396439552307129,-3.032834952
G70T,-0.15272164344787598,-1.935087449
G70D,-0.45351290702819824,-0.8979623259999999
G70E,0.012241363525390625,-0.748121157
G70F,-0.4357261657714844,-1.5222852930000002
G70Y,0.12146711349487305,-1.943475354
G70H,-0.7570474147796631,-0.6003622789999999
G70K,0.15419697761535645,-0.7824735359999999
G70C,-1.333975076675415,-2.631226826
G70L,-0.3040506839752197,-0.984381352
G70N,-0.07449603080749512,-1.172834439
G70P,-0.5219323635101318,-2.4417474830000003
G70Q,-0.2918274402618408,-0.574839816
G70R,-0.652698278427124,-0.767934439
G70W,-0.838129997253418,-2.824222638
G70V,-0.38515496253967285,-2.819344456
G70M,-1.863659143447876,-1.206849243
G70A,-0.5061535835266113,-1.532543191
K71S,0.1547400951385498,-0.377130117
K71R,-0.7208156585693359,-0.332229383
K71T,-0.2919273376464844,1.101813382
K71Q,-0.6443049907684326,-0.428409734
K71P,-1.2038867473602295,0.748577924
K71N,-0.1432340145111084,-0.687270032
K71M,-1.9482691287994385,-0.311181295
K71L,-0.6143457889556885,-0.730683689
K71I,-0.8564801216125488,-0.405143705
K71H,-1.2171223163604736,-1.212595891
K71G,-0.4553847312927246,0.405228014
K71F,-1.2794454097747803,-0.967251406
K71E,-0.21268248558044434,-0.224572799
K71D,-0.4727134704589844,-1.434414524
K71C,-1.7218081951141357,-1.827916274
K71W,-2.657122850418091,-0.525061615
K71V,-0.5898621082305908,-1.104966598
K71Y,-1.0621576309204102,-0.360249213
K71A,-0.6953079700469971,0.093587861
C72Y,1.4240913391113281,-2.890781216
C72W,-0.2912893295288086,-3.226942423
C72V,1.2540311813354492,-2.936474554
C72T,1.9212636947631836,-4.051049307
C72E,1.8884022235870361,-3.490641137
C72S,2.2042999267578125,-3.711721072
C72R,1.8564438819885254,-2.954044653
C72Q,1.4559240341186523,-3.340526328
C72A,1.2835578918457031,-3.428374092
C72N,1.9279882907867432,-3.540551122
C72M,0.0704808235168457,-1.680485987
C72L,1.2734737396240234,-3.551682939
C72K,2.207643508911133,-3.206840607
C72I,0.9486682415008545,-3.399663405
C72H,1.5713253021240234,-3.600258611
C72G,1.757556438446045,-3.851010454
C72F,0.8572745323181152,-2.7344217310000003
C72D,1.4414393901824951,-3.636644462
C72P,0.8477439880371094,-4.1130746380000005
N73L,-0.9904742240905762,-3.452991172
N73R,-1.1369738578796387,-2.071049361
N73Y,-1.2490925788879395,-3.022684392
N73W,-2.6848316192626953,-2.753248543
N73V,-1.1633167266845703,-3.66105034
N73T,-0.8381860256195068,-0.376997788
N73S,-0.3370952606201172,-0.133800332
N73P,-1.526824712753296,-3.478252066
N73M,-2.491368293762207,-1.515327256
N73K,-0.5601727962493896,-1.804938398
N73Q,-1.088136911392212,-1.045050087
N73H,-1.5470712184906006,-1.976608754
N73G,-0.45591259002685547,-0.816424692
N73F,-1.442436695098877,-3.179059442
N73E,-0.6923923492431641,-1.418668004
N73D,-0.5630588531494141,-0.943989663
N73C,-1.9049656391143799,-1.951509128
N73A,-1.2586133480072021,-1.367024914
N73I,-1.274268627166748,-3.544874304
I74P,-1.2981793880462646,-1.547839114
I74W,-1.7728590965270996,-2.88638084
I74V,0.11038565635681152,-0.357135968
I74T,-0.1575467586517334,-2.561668242
I74S,0.27298617362976074,-4.24154693
I74R,-0.5940213203430176,-3.687095005
I74Q,-0.3964402675628662,-2.91237142
I74M,-1.438748836517334,-1.219081894
I74N,-0.24244379997253418,-3.335885106
I74K,-0.22028088569641113,-3.5327122460000004
I74L,0.0001926422119140625,-0.236881511
I74Y,-0.20185470581054688,-3.832964224
I74C,-1.1958889961242676,-2.385828129
I74D,-0.6444177627563477,-3.845940617
I74A,-0.3489656448364258,-3.727811727
I74F,-0.34885501861572266,-1.007269848
I74G,0.030499935150146484,-3.692178416
I74H,-1.1768033504486084,-3.323510085
I74E,0.07856988906860352,-3.589153833
T75Q,-0.12328362464904785,-1.818181252
T75Y,0.37289905548095703,-1.960897966
T75W,0.22622132301330566,-2.583785127
T75V,0.04095196723937988,-0.189821976
T75S,0.02742457389831543,-1.4597219380000002
T75A,-0.4363579750061035,-1.236169539
T75R,-0.1845107078552246,-2.092131886
T75P,-0.9323935508728027,-0.965302266
T75E,-0.08734703063964844,-2.293704675
T75M,-0.899744987487793,-1.181636538
T75L,1.1367192268371582,-0.460340555
T75K,0.24768614768981934,-1.84269575
T75I,0.21054506301879883,-0.128546605
T75H,-0.514453649520874,-1.6754553680000002
T75F,0.5684349536895752,-2.333795641
T75G,-0.360703706741333,-1.745776479
T75C,-0.456540584564209,-1.222273143
T75N,0.24178624153137207,-1.5477648030000002
T75D,-0.2392902374267578,-3.71968324
G76W,-2.8808867931365967,-3.043665824
G76V,-0.5410215854644775,-2.611951827
G76Y,-1.1830589771270752,-3.640590383
G76T,0.6874659061431885,-3.868786725
G76S,1.0575246810913086,-3.439219908
G76R,0.2745988368988037,-3.1430094110000004
G76Q,0.4717438220977783,-3.378142057
G76N,1.026374101638794,-3.480718642
G76M,-1.9500763416290283,-2.809392019
G76L,-0.5681817531585693,-3.627724679
G76P,-0.28990888595581055,-4.13059924
G76I,-0.9020946025848389,-3.962931454
G76H,-0.39814257621765137,-3.631486528
G76F,-1.7298290729522705,-3.543977738
G76E,0.600579023361206,-2.585393974
G76D,0.40456104278564453,-3.2829711460000004
G76C,-1.4906418323516846,-3.374096652
G76A,0.15034127235412598,-1.617015829
G76K,1.1196906566619873,-2.897303637
W77P,1.2140607833862305,-4.222073918
W77Q,1.7071142196655273,-3.10353073
W77R,1.7918505668640137,-3.558532856
W77Y,1.5034337043762207,-3.096549149
W77T,2.247499704360962,-3.692295134
W77V,1.9794116020202637,-2.669850745
W77N,2.126753330230713,-2.9898413180000003
W77S,2.386202096939087,-3.744585876
W77M,0.547886848449707,-3.18839881
W77G,1.865377426147461,-2.675684719
W77K,2.4630441665649414,-2.983914468
W77C,1.0908334255218506,-2.569901777
W77D,1.855593204498291,-3.3933728110000003
W77E,2.184889554977417,-3.138198721
W77L,2.008000373840332,-2.64888205
W77A,1.8220953941345215,-3.880288975
W77H,1.1950886249542236,-3.349217969
W77I,1.9498498439788818,-3.063221339
W77F,1.2842323780059814,-3.280652415
L78Y,-0.34633326530456543,-3.51378918
L78W,-1.5363609790802002,-3.089176487
L78V,0.06169915199279785,-1.483374275
L78T,0.8841478824615479,-3.706826313
L78S,0.918832540512085,-1.33950459
L78R,0.17882204055786133,-3.149719986
L78P,-0.667062520980835,-2.169092926
L78N,0.5556457042694092,-3.135995933
L78Q,-0.25991320610046387,-3.540993745
L78K,0.6172835826873779,-3.4523150360000003
L78C,-0.7188084125518799,-3.527174786
L78D,0.1513986587524414,-2.734659214
L78E,0.47095370292663574,-3.327946902
L78A,0.29613471031188965,-3.315424329
L78G,0.7726991176605225,-3.127973165
L78H,-0.6270384788513184,-2.904848494
L78I,-0.0965735912322998,-2.685894924
L78F,-0.8037941455841064,-2.461704815
L78M,-1.1904966831207275,-1.807540168
L79I,-0.12359070777893066,-1.195853724
L79A,-0.41057801246643066,-2.817854852
L79C,-0.9765641689300537,-3.455804614
L79D,-0.6958136558532715,-3.740582068
L79E,-0.33110547065734863,-3.425270302
L79F,-0.7797830104827881,-2.986824265
L79G,-0.35425591468811035,-4.291815714
L79H,-1.2031679153442383,-3.869076418
L79K,-0.05122780799865723,-3.790945786
L79N,-0.11580967903137207,-2.668706994
L79W,-1.8970749378204346,-2.486457297
L79V,-0.08284664154052734,-2.639315839
L79T,0.05585217475891113,-2.569805325
L79Y,-0.7286930084228516,-2.545534626
L79R,-0.7186057567596436,-2.368453289
L79Q,-0.6838395595550537,-3.466369347
L79P,-1.0052385330200195,-1.88289248
L79S,0.2330336570739746,-3.425140094
L79M,-1.5825107097625732,-2.225832801
G80P,-1.0148673057556152,-3.768941802
G80Y,-1.366792917251587,-3.763347313
G80W,-2.3887715339660645,-3.240831636
G80V,-1.0465421676635742,-2.554658068
G80T,-0.1970815658569336,-4.00923766
G80S,0.17845773696899414,-4.088723599
G80R,-0.6248507499694824,-3.199760558
G80Q,-0.5842137336730957,-3.290183678
G80N,0.23412489891052246,-3.661808316
G80L,-1.04124116897583,-4.503180233
G80K,0.08317995071411133,-3.354055093
G80I,-1.3093228340148926,-4.261490247
G80H,-1.4729418754577637,-3.879086207
G80F,-1.7105317115783691,-4.005277152
G80E,0.013693094253540039,-3.203041583
G80D,-0.08271646499633789,-4.05552278
G80C,-1.0447020530700684,-3.736493851
G80A,-0.7441134452819824,-2.16666595
G80M,-2.3185038566589355,-3.229304227
N81Q,-0.7085392475128174,-3.164229106
N81R,-0.28786754608154297,-3.253991339
N81S,0.0665731430053711,-1.537841095
N81P,-1.8040099143981934,-4.920218557
N81V,-0.8079009056091309,-3.345771854
N81W,-3.4749274253845215,-3.363028675
N81Y,-1.3708128929138184,-3.59522079
N81T,-0.25545644760131836,-2.564758624
N81M,-2.4645137786865234,-3.4415141460000003
N81A,-0.9926447868347168,-2.298304182
N81K,0.10742688179016113,-2.618570528
N81I,-0.7168169021606445,-2.682173535
N81H,-1.071819543838501,-0.8691939129999999
N81G,-0.7709074020385742,-3.637590038
N81F,-1.7435145378112793,-3.839822807
N81E,-0.4927835464477539,-3.150468871
N81D,-0.3161957263946533,-2.314331577
N81C,-0.9468321800231934,-3.356526765
N81L,-0.5885968208312988,-3.536105389
P82C,-2.0386743545532227,-3.13658253
P82D,-0.16594219207763672,-2.995985042
P82E,0.2641642093658447,-2.848064289
P82F,-1.360642910003662,-3.789595154
P82G,-0.32514238357543945,-3.719724591
P82H,-1.0661633014678955,-1.301005114
P82I,-1.10025954246521,-3.757817075
P82Q,-0.4467291831970215,-3.580015879
P82L,-0.7796478271484375,-2.872743852
P82M,-2.2700729370117188,-3.229610376
P82N,-0.2687520980834961,-3.745438419
P82A,-0.6805586814880371,-3.464338407
P82R,-0.08533787727355957,-3.687654817
P82S,0.25672149658203125,-3.0971597230000003
P82T,-0.3785135746002197,-3.020466818
P82K,0.2563023567199707,-3.395690672
P82Y,-0.5037548542022705,-3.691379302
P82W,-2.307880401611328,-3.488226165
P82V,-0.879824161529541,-3.382925181
E83W,-2.9314751625061035,-1.58356034
E83C,-1.087674856185913,-2.017330493
E83A,-1.0329034328460693,-0.56474877
E83D,0.17580485343933105,-1.131547069
E83F,-0.9309003353118896,-1.849051881
E83G,-1.039618730545044,-1.132928948
E83H,-1.0576729774475098,-2.215103657
E83I,-0.80106520652771,-2.091578133
E83K,0.030437946319580078,-1.961867656
E83L,-0.6123058795928955,-1.400713452
E83M,-2.460573673248291,-1.312636148
E83N,0.04141402244567871,-0.702569035
E83P,-1.29286527633667,-4.458071003
E83Q,-0.5732479095458984,-1.409391346
E83S,0.024312257766723633,-1.588989494
E83V,-0.7650728225708008,-1.996001536
E83Y,-0.6023509502410889,-0.559658615
E83R,-0.8680934906005859,-3.408962737
E83T,-0.45180249214172363,-1.457615594
C84A,-0.8462550640106201,-3.750002871
C84Y,-0.9497318267822266,-3.005497198
C84W,-1.7201106548309326,-2.281897309
C84T,-0.5709044933319092,-3.532088941
C84S,-0.3802149295806885,-3.380029089
C84R,-1.6609389781951904,-2.771210108
C84Q,-1.6646201610565186,-3.453601382
C84P,-1.7730724811553955,-3.749579635
C84N,-0.5466721057891846,-3.03915797
C84M,-1.5291593074798584,-3.02087797
C84V,-0.20022320747375488,-3.075653803
C84K,-0.6060957908630371,-3.41251819
C84I,-0.045686960220336914,-3.5970235
C84H,-2.1465871334075928,-3.731384654
C84G,-1.3953943252563477,-2.982234352
C84F,-0.44828319549560547,-2.715390013
C84E,-0.511681318283081,-3.388350389
C84L,0.11630725860595703,-4.681401177
C84D,-0.1631162166595459,-3.363108667
D85T,-0.500410795211792,-2.138093887
D85S,0.35030341148376465,-3.134266303
D85R,-0.637702226638794,-4.061337487
D85Q,-0.21327614784240723,-2.337764003
D85P,-0.8528904914855957,-3.687546011
D85N,-0.07364678382873535,-2.470505204
D85M,-2.5973870754241943,-2.869897925
D85I,-1.7893993854522705,-3.623739067
D85K,0.1294107437133789,-3.870769498
D85H,-1.1096007823944092,-2.962062557
D85G,-0.8933117389678955,-2.674732191
D85F,-2.2328732013702393,-3.409929445
D85V,-1.4313008785247803,-3.159730311
D85E,0.2439253330230713,-0.8108995
D85L,-1.057828426361084,-2.7647467430000003
D85W,-3.8792731761932373,-3.2505052310000004
D85A,-0.640390157699585,-2.68817747
D85C,-2.533757448196411,-2.722050114
D85Y,-1.4841444492340088,-2.38290347
S86W,-4.0478129386901855,-0.854056603
S86E,-0.15201950073242188,0.152291149
S86F,-2.652872085571289,-0.368977391
S86G,-1.3430871963500977,-0.698371918
S86H,-2.168057441711426,0.336747719
S86I,-1.9124970436096191,0.143042159
S86K,-0.5688028335571289,-1.4445864
S86D,-0.6229550838470459,0.530116285
S86N,-0.4705784320831299,-0.49398619
S86P,-1.062652826309204,-0.485733264
S86Q,-0.8556311130523682,-0.1726208739999999
S86R,-1.4530138969421387,-0.871541272
S86T,-0.7411091327667236,-0.528505223
S86V,-1.622164011001587,-0.193233789
S86M,-2.8161373138427734,-0.317320609
S86L,-1.6477901935577393,0.362620245
S86A,-0.9568488597869873,-0.076340705
S86C,-2.402057647705078,-1.586207499
S86Y,-2.242239475250244,0.5278101479999999
L87D,-0.5833306312561035,-2.404261733
L87E,-0.1070551872253418,-3.337387511
L87Y,-1.1261019706726074,-3.135273963
L87W,-3.253507614135742,-2.919005837
L87V,-0.1049954891204834,-2.638982314
L87S,0.43607115745544434,-3.353760037
L87R,-1.0185012817382812,-2.698992359
L87Q,-0.7928049564361572,-2.631518499
L87T,-0.12320232391357422,-2.685002368
L87N,-0.3341093063354492,-3.64130769
L87C,-1.590031623840332,-2.96551932
L87P,-0.9262399673461914,-2.910005479
L87F,-1.2478723526000977,-3.344649178
L87G,-1.1513054370880127,-3.631559389
L87A,-0.7580082416534424,-2.565034892
L87I,-0.20885443687438965,-0.980709008
L87K,-0.08655214309692383,-3.488930318
L87M,-1.712224006652832,-2.10246383
L87H,-1.9120359420776367,-2.9315952060000003
L88P,-0.009435653686523438,-2.7793848480000003
L88Y,-0.26651954650878906,-1.735520199
L88W,-3.318828582763672,-0.3530363829999999
L88V,-0.48911571502685547,-1.252621073
L88T,0.265505313873291,-1.750305562
L88R,-0.47266530990600586,-3.4252307180000003
L88Q,0.3135862350463867,-0.817303413
L88N,1.3889262676239014,-2.10446079
L88A,-0.05298042297363281,-1.266115205
L88K,0.2798655033111572,-1.28683557
L88I,-0.45309972763061523,-0.121020282
L88H,0.5317525863647461,-1.568844059
L88G,0.048105478286743164,-1.936176199
L88F,-0.9688525199890137,-1.4247014409999998
L88E,0.5704436302185059,-0.613143422
L88D,0.0888662338256836,-2.0895766730000003
L88C,-1.9865236282348633,-3.018317182
L88M,-1.887343406677246,-0.335179269
L88S,0.9595258235931396,-1.614172621
P89A,1.064835548400879,-0.280651957
P89Y,0.2683227062225342,0.106678076
P89W,-3.7382044792175293,-1.098237302
P89V,1.188971757888794,-0.3369255329999999
P89T,1.1165952682495117,-0.238161217
P89S,1.456404209136963,-0.402079708
P89R,-0.10235261917114258,-1.023146031
P89N,0.6193046569824219,-0.227422871
P89M,1.3259468078613281,-0.188173905
P89L,1.985439419746399,0.532671916
P89Q,0.2761383056640625,-1.191810839
P89I,1.0505292415618896,0.181350742
P89H,0.24855947494506836,-0.235549305
P89G,-0.26998090744018555,0.257639669
P89F,0.4846487045288086,0.457187947
P89E,-0.5923280715942383,0.059796437
P89D,-1.1143951416015625,0.4419804570000001
P89C,-1.277928352355957,-3.405289694
P89K,0.7753090858459473,-0.7200961490000001
A90R,-1.5498933792114258,-1.044781652
A90C,-3.570427894592285,-1.714058166
A90W,-4.66448974609375,-1.435938861
A90V,-0.7133049964904785,-0.5004039920000001
A90T,0.2934398651123047,0.3932522470000001
A90S,0.9111130237579346,-0.228938257
A90Q,-1.103301763534546,-0.28064398
A90F,-2.472452163696289,0.3426597079999999
A90N,0.8115103244781494,-0.670675038
A90M,-2.5339670181274414,0.137008643
A90L,-1.3804261684417725,-0.095223984
A90K,-0.5024852752685547,-0.204153994
A90I,-1.5489482879638672,0.563825403
A90H,-1.2658565044403076,-0.152909821
A90G,-0.39344358444213867,-0.893292932
A90P,-1.6431083679199219,-0.8810266179999999
A90E,-0.41486072540283203,0.046919341
A90Y,-1.3859357833862305,-0.463982357
A90D,-0.5834088325500488,-0.306419152
R91F,-2.3832807540893555,-1.093490216
R91G,2.2274539470672607,-0.8094661329999999
R91H,1.5113613605499268,0.060388348
R91I,-1.5167875289916992,-0.611122791
R91K,0.9859857559204102,-0.6627213989999999
R91L,-1.5034093856811523,-0.511211833
R91M,-2.7796454429626465,-0.317693467
R91N,4.781002998352051,0.104649701
R91P,0.2102069854736328,-2.263363515
R91Q,2.529764175415039,-0.658171553
R91S,3.418363571166992,-0.7795780929999999
R91T,1.5393807888031006,-0.657980434
R91V,-1.0949792861938477,-0.266629975
R91W,-4.300429821014404,-1.501232114
R91Y,-1.0939736366271973,-0.555020025
R91E,0.4231834411621094,-0.016697041
R91D,1.3537299633026123,-1.315240009
R91C,-2.1000781059265137,-2.085645269
R91A,0.5807490348815918,-0.991818518
S92C,-5.782605171203613,-2.450337568
S92W,-7.27219295501709,-1.040374272
S92V,-4.254597187042236,-0.652156512
S92T,-1.5077745914459229,-0.222055932
S92R,-3.6727294921875,-1.180162129
S92Q,-3.0692524909973145,0.33071345
S92P,-4.819481372833252,-0.51515164
S92N,0.6966578364372253,-0.460357391
S92M,-5.742949962615967,0.388678198
S92K,-2.4306018352508545,-0.89139894
S92I,-4.7775397300720215,-0.285074311
S92H,-3.8954415321350098,-0.216049451
S92G,-2.7875242233276367,-0.523034187
S92F,-5.844033718109131,-0.466621218
S92E,-2.5846407413482666,-0.251156705
S92D,-1.6755578517913818,-0.104459787
S92L,-5.344313144683838,-0.934304921
S92A,-1.6310451030731201,-1.156229527
S92Y,-4.358241558074951,-0.190421619
W93Y,-5.776876926422119,-2.777150847
W93C,-8.7523775100708,-1.382089815
W93D,-11.305660247802734,-1.6871182059999998
W93E,-11.11864185333252,-2.686192159
W93F,-4.469030857086182,-0.616093354
W93G,-9.457335472106934,-2.989540845
W93H,-9.356819152832031,-3.084396786
W93I,-7.048434734344482,-2.813670259
W93K,-10.127033233642578,-2.234538215
W93A,-9.205586433410645,-3.42877271
W93M,-8.33533763885498,-2.7578624080000003
W93N,-9.554386138916016,-2.834839323
W93P,-10.361170768737793,-3.355927218
W93Q,-10.302053451538086,-2.758037771
W93R,-9.463111877441406,-2.810610782
W93S,-8.361130714416504,-3.432507348
W93T,-9.06893539428711,-3.479385498
W93V,-7.753603458404541,-3.238895058
W93L,-5.864406585693359,-1.953376667
S94I,-8.893339157104492,-3.83514273
S94H,-7.172635555267334,-3.3111851010000004
S94A,-4.777038097381592,-1.405656074
S94F,-8.978830337524414,-2.63967909
S94E,-6.365851402282715,-3.053021603
S94K,-4.356729507446289,-3.804011863
S94G,-6.058949947357178,-0.8930978759999999
S94L,-8.644489288330078,-4.05871401
S94R,-5.675471305847168,-3.966973836
S94N,-0.8247013688087463,-3.700000295
S94P,-7.689386367797852,-2.742118034
S94Q,-6.152491569519043,-2.815686402
S94T,-4.151030540466309,-3.334818309
S94V,-8.652198791503906,-3.809285161
S94W,-10.43558406829834,-2.233840491
S94Y,-8.085653305053711,-2.804463519
S94C,-7.50486946105957,-2.857928266
S94M,-9.57798957824707,-3.0466242510000003
S94D,-5.215048313140869,-2.898732307
Y95W,-3.298806667327881,-3.45975696
Y95S,-3.408721685409546,-3.078647055
Y95R,-4.632412910461426,-3.639388633
Y95Q,-5.003988742828369,-3.214193862
Y95P,-6.730502605438232,-3.923727775
Y95N,-3.9327800273895264,-3.2685134010000003
Y95M,-3.245687484741211,-3.458279529
Y95L,-1.5008010864257812,-3.971724551
Y95T,-3.9216835498809814,-3.516965422
Y95K,-5.42034912109375,-3.455604977
Y95H,-2.6732122898101807,-2.967199491
Y95G,-5.734572410583496,-3.636282934
Y95F,-1.3894095420837402,-2.663718849
Y95E,-6.22044563293457,-4.090667109
Y95D,-5.9956746101379395,-3.154864175
Y95C,-5.278124809265137,-2.809046699
Y95A,-4.420449733734131,-4.034397381000002
Y95I,-3.2104620933532715,-4.376270792
Y95V,-3.0155200958251953,-3.902470873
I96A,-3.6583504676818848,-4.002018569
I96C,-7.832637786865234,-2.448552823
I96K,-5.4521074295043945,-3.749411125
I96D,-8.206026077270508,-3.48754435
I96E,-6.929858684539795,-3.613956158
I96F,-4.217730522155762,-2.661388612
I96G,-7.936127662658691,-3.831908884
I96H,-7.4305009841918945,-3.316344542
I96L,-1.901881217956543,-1.763747141
I96M,-2.484119176864624,-2.901666067
I96N,-5.3426384925842285,-2.768707899
I96P,-8.16154956817627,-4.049855688
I96Q,-6.903083324432373,-3.071925062
I96R,-5.5017499923706055,-3.865186174
I96S,-4.795450210571289,-2.954693598
I96T,-2.4460678100585938,-2.943819168
I96W,-7.857312202453613,-2.743878384
I96V,0.258272647857666,-0.922945121
I96Y,-6.029510498046875,-3.59985058
V97Q,-4.079512119293213,-3.2593716130000003
V97W,-5.389439105987549,-2.871525648
V97Y,-2.9229531288146973,-3.502326431
V97A,-1.3692432641983032,-1.738620506
V97C,-4.3804402351379395,-2.909104956
V97D,-6.318083763122559,-2.817474513
V97E,-4.5712151527404785,-2.619702879
V97F,-1.7403939962387085,-3.673671815
V97R,-3.853038787841797,-4.278452345
V97G,-5.512941837310791,-3.591133225
V97I,-0.07042622566223145,-0.7685065320000001
V97K,-3.1869940757751465,-3.499835515
V97L,0.31978344917297363,-2.75388544
V97M,0.30483579635620117,-2.805300202
V97N,-4.067560195922852,-3.375971367
V97P,-5.473644256591797,-3.864148753
V97S,-2.085078239440918,-3.857306787
V97H,-4.538333892822266,-2.619250566
V97T,0.3031184673309326,-3.031862654
E98S,-4.689446449279785,-3.101214137
E98T,-5.668554306030273,-3.061572625
E98R,-5.643697738647461,-3.885662996
E98Q,-2.2308502197265625,-1.620099455
E98P,-8.37169075012207,-3.451354274
E98N,-3.8914260864257812,-3.509744204
E98M,-10.270611763000488,-2.723544001
E98L,-9.950389862060547,-2.702925895
E98Y,-8.661212921142578,-3.3113624930000003
E98K,-4.5260910987854,-2.888139789
E98H,-5.967278957366943,-3.548818219
E98G,-7.750063896179199,-2.591160209
E98F,-11.281974792480469,-2.483015841
E98D,-4.330880165100098,-2.247558214
E98C,-9.897665023803711,-3.279840662
E98A,-6.52763557434082,-3.594454542
E98I,-10.418144226074219,-1.632753779
E98V,-9.168081283569336,-1.718400283
E98W,-12.235523223876953,-3.106928862
T99I,-2.5194172859191895,-1.391489685
T99E,-3.1003103256225586,0.187216521
T99F,-2.3913326263427734,-2.003775111
T99G,-3.7904787063598633,-1.079867808
T99H,-3.669895648956299,-0.448039946
T99K,-2.3954296112060547,-0.973342112
T99L,-2.466446876525879,-0.338546857
T99D,-4.205189228057861,0.040761373
T99A,-0.30619168281555176,0.326256028
T99N,-0.5490150451660156,-1.007577972
T99P,-3.812267780303955,-0.921739531
T99Q,-3.3931260108947754,0.6924480009999999
T99R,-3.0076608657836914,-0.121793211
T99S,0.866246223449707,0.135402199
T99V,-2.134500026702881,-0.477933628
T99M,-2.649526596069336,-2.20529167
T99W,-5.762874603271484,-0.7255931379999999
T99Y,-2.394040107727051,-1.169584085
T99C,-3.6351470947265625,-2.150364284
P100S,1.989664912223816,-1.042155963
P100A,0.16863441467285156,-0.163778117
P100C,-3.836336135864258,-3.184134428
P100D,-2.0580596923828125,-0.622769911
P100E,-0.2905559539794922,-0.477009665
P100F,-2.780487060546875,-1.00421391
P100G,-1.7042407989501953,-0.374537921
P100H,-1.9288477897644043,-0.176094697
P100I,-2.1571383476257324,-0.563600282
P100K,1.6468230485916138,-1.23148241
P100L,-1.7452878952026367,-0.8043188490000001
P100M,-2.043574810028076,-0.582150753
P100N,0.9083118438720703,-1.102904774
P100Q,0.7845594882965088,-0.389034236
P100R,0.582348108291626,-0.988475899
P100Y,-2.368960380554199,-0.791916053
P100W,-4.230417251586914,-0.212056622
P100T,1.6955314874649048,-1.09531014
P100V,-1.4654245376586914,-0.4413162370000001
N101K,-1.2689286470413208,-1.401176589
N101W,-5.918292045593262,-1.67486231
N101A,-2.42366361618042,-0.919437274
N101C,-4.531277179718018,-1.364471931
N101D,-0.5343492031097412,0.57201925
N101E,-2.0826854705810547,-0.884938515
N101F,-3.1252684593200684,-0.098526208
N101G,-4.047068119049072,0.069673037
N101H,-2.2663326263427734,-1.474716131
N101Y,-2.483428955078125,-1.537039188
N101I,-4.200924873352051,-1.05241948
N101M,-4.7591705322265625,-1.244554593
N101P,-4.942172527313232,-2.594741987
N101Q,-2.1731934547424316,-1.135726391
N101R,-2.1298937797546387,-0.6077276189999999
N101S,-0.7899420261383057,-0.81290564
N101T,-2.392967700958252,-1.5664277569999998
N101V,-3.5195417404174805,-1.47343608
N101L,-3.0093994140625,-0.653690601
S102Y,-3.5499181747436523,-1.520507097
S102I,-3.0494232177734375,-2.654512412
S102T,-0.0768270492553711,-0.341934674
S102V,-2.4938979148864746,-0.40943379
S102Q,-2.4351282119750977,0.270489166
S102P,-1.6958303451538086,-0.181060808
S102N,0.6583027839660645,-0.220058091
S102M,-3.148409366607666,-2.086566827
S102L,-3.012618064880371,-3.768990305
S102K,2.0958311557769775,-3.395795949
S102H,-2.6225857734680176,-2.814337816
S102G,-3.4742932319641113,-0.245888922
S102F,-4.93132209777832,-1.73864361
S102E,-1.9668464660644531,-2.042743056
S102D,-1.7598600387573242,-2.510407422
S102C,-5.55216121673584,-1.323157764
S102A,-1.6276888847351074,-0.783856882
S102W,-6.161014556884766,-1.89912381
S102R,0.5274710655212402,-2.788992143
E103D,-0.36821138858795166,-0.7603343029999999
E103Y,-0.5745402574539185,-1.7106591130000002
E103W,-6.081066608428955,-1.6276978219999998
E103V,-2.594088077545166,-0.625203476
E103T,-1.3535391092300415,-0.899383294
E103S,-0.43948614597320557,-1.45894411
E103R,-3.4416885375976562,-1.644855484
E103Q,-2.8728151321411133,-0.590014122
E103F,-3.197296619415283,-1.661809535
E103P,-1.3740447759628296,-0.7714179959999999
E103M,-5.29142427444458,-1.282967394
E103L,-3.446831226348877,-1.231263897
E103K,-0.9773937463760376,-1.451072463
E103I,-3.551675796508789,-0.384262585
E103H,-2.277194023132324,-0.846823379
E103A,-1.9011083841323853,-1.194039295
E103G,-2.679713726043701,-1.304287744
E103N,0.06893491744995117,-0.917953443
E103C,-4.62493371963501,-1.551878864
N104T,-1.693374514579773,-1.095527669
N104V,-4.3614583015441895,-0.205005245
N104Y,-4.223751068115234,-0.00483819
N104A,-2.444018840789795,-0.602449225
N104W,-7.545221328735352,0.247446185
N104S,-1.1800979375839233,-0.712921475
N104R,-4.098854064941406,-1.423833696
N104Q,-3.730823516845703,-0.256537057
N104M,-5.102680206298828,-1.108959586
N104L,-4.603604793548584,-0.453245331
N104K,-2.7835235595703125,-0.959674517
N104P,-4.5568766593933105,-3.151091183
N104H,-3.6561670303344727,0.76713973
N104G,-2.9139623641967773,-1.806998443
N104F,-4.9378156661987305,0.411976541
N104E,-2.0029754638671875,0.520027345
N104D,-1.125835657119751,-1.403237763
N104C,-6.4138078689575195,-0.572934296
N104I,-5.030494213104248,-0.238872251
G105K,-3.4070582389831543,-2.240506685
G105C,-8.044380187988281,-3.161188525
G105D,-2.4068384170532227,-2.659316686
G105E,-2.1965904235839844,-2.560061983
G105F,-8.043563842773438,-3.052192633
G105H,-6.046448230743408,-2.726206442
G105I,-6.4299516677856445,-4.070512092
G105L,-6.441359996795654,-4.205017603
G105T,-4.177676677703857,-3.719416336
G105N,-1.8169676065444946,-2.691254412
G105P,-5.995542526245117,-3.1698725810000004
G105Q,-5.572101593017578,-3.5820702630000003
G105R,-5.2071003913879395,-2.670099418
G105S,-3.507974147796631,-1.860961473
G105Y,-6.930519104003906,-2.67011578
G105V,-4.860263824462891,-2.78215887
G105W,-9.60920524597168,-2.528548
G105M,-7.309208869934082,-2.845261386
G105A,-3.9241318702697754,-1.775289937
A106C,-2.6669106483459473,-1.311510121
A106R,-0.8615579605102539,-3.747768413
A106Y,-1.8614587783813477,-1.699335245
A106W,-3.625800132751465,-2.223012819
A106V,0.5312881469726562,-0.1756304719999999
A106T,2.217136859893799,-1.913627189
A106S,0.8749122619628906,-0.657064458
A106Q,-1.788762092590332,-1.242711128
A106P,-2.220207691192627,0.126149543
A106M,-1.6454815864562988,-1.846043958
A106N,-0.45392322540283203,-1.5870642030000002
A106K,0.12065744400024414,-2.765948362
A106I,-0.4839000701904297,-2.215736102
A106H,-2.002033233642578,-2.390756457
A106G,2.7159976959228516,-2.534588002
A106F,-2.0474491119384766,-1.201166009
A106E,-0.1364121437072754,-0.676200073
A106D,-0.4636073112487793,-2.319094574
A106L,-1.8080239295959473,-0.520960753
C107R,-2.5538747310638428,-3.589337238
C107Q,-3.096489667892456,-3.796342577
C107S,-0.8071238994598389,-3.1408190639999995
C107A,-2.7955129146575928,-3.493104122
C107V,-2.365260362625122,-4.0644274010000006
C107W,-3.707979917526245,-2.449043512
C107P,-4.368450164794922,-4.028278366
C107T,-1.7487003803253174,-3.612761033
C107D,-3.4124062061309814,-3.694689634
C107E,-3.4590365886688232,-3.7638536
C107M,-4.791424751281738,-2.310598292
C107L,-2.580183267593384,-4.272006204
C107K,-2.9793264865875244,-3.28396328
C107I,-3.2448365688323975,-3.561664117
C107H,-0.6923556327819824,-3.627790504
C107G,-4.563119888305664,-4.01467616
C107F,-1.0454256534576416,-3.346219379
C107N,-1.4343316555023193,-3.569889525
C107Y,3.057948112487793,-2.596496916
Y108V,-7.396376609802246,-2.9243797330000003
Y108C,-6.70627498626709,-3.090656571
Y108T,-7.723156929016113,-3.030788587
Y108S,-6.353909492492676,-3.45165692
Y108R,-6.683176517486572,-3.792506114
Y108Q,-6.933832168579102,-3.252736249
Y108P,-6.892304420471191,-3.757780982
Y108N,-6.178954124450684,-3.003751507
Y108A,-7.618565082550049,-3.226086764
Y108M,-9.184877395629883,-2.7317279180000003
Y108K,-7.165438175201416,-3.685015871
Y108H,-3.6263585090637207,-2.901734889
Y108G,-7.571178913116455,-3.560712408
Y108F,-2.879340648651123,-1.933338879
Y108E,-7.654991149902344,-3.662530471
Y108D,-7.512691020965576,-3.385445405
Y108L,-6.152447700500488,-3.266630797
Y108I,-7.398726463317871,-3.022998945
Y108W,-7.584613800048828,-2.333669876
P109C,-7.663713455200195,-3.570835749
P109A,-4.335573196411133,-3.373181784
P109Y,-7.3963823318481445,-3.170758043
P109W,-9.875177383422852,-2.479332585
P109V,-6.397669792175293,-2.2594904
P109T,-5.162106037139893,-3.1706691780000003
P109S,-3.827437400817871,-3.410652122
P109R,-4.72821044921875,-3.629832381
P109Q,-4.930832862854004,-3.178161472
P109N,-5.5767316818237305,-3.617207555
P109I,-6.386929512023926,-3.850805003
P109L,-4.6755876541137695,-2.544936119
P109K,-4.324934959411621,-3.713228258
P109H,-5.654548645019531,-3.252956725
P109G,-7.868044853210449,-3.862306867
P109F,-7.575619697570801,-3.742944899
P109E,-5.527621269226074,-3.182391055
P109D,-6.6721391677856445,-3.535687608
P109M,-7.4221391677856445,-3.340288507
G110D,-5.926461696624756,-3.509209901
G110E,-6.183884620666504,-2.094237082
G110F,-9.89814281463623,-2.940879723
G110H,-7.76345682144165,-3.913401119
G110I,-9.729023933410645,-3.694533705
G110K,-7.409260272979736,-3.335446944
G110L,-9.697745323181152,-4.55888223
G110M,-10.089582443237305,-2.3186971990000003
G110R,-6.511879920959473,-2.8183258330000003
G110P,-8.150754928588867,-3.619155744
G110Q,-8.472000122070312,-3.604917012
G110S,-5.402926445007324,-3.485089176
G110T,-7.390365123748779,-3.54044241
G110V,-8.549095153808594,-2.647498634
G110W,-9.734254837036133,-2.5674471530000003
G110C,-9.2205228805542,-2.77577461
G110N,-5.912567138671875,-3.654154698
G110Y,-8.044172286987305,-3.020581309
G110A,-5.692398548126221,-3.660168462
D111M,-4.356393337249756,-1.432326854
D111Y,-2.663963794708252,-1.110720047
D111W,-6.194441795349121,-1.989322766
D111V,-3.2532553672790527,-0.955062591
D111T,-0.8018152713775635,-1.137448768
D111S,0.1443614959716797,-1.101830968
D111Q,-0.7841892242431641,-1.4073288380000002
D111P,-1.712590217590332,-0.826055164
D111N,-0.2906980514526367,-0.8708026320000001
D111R,-0.5634808540344238,-1.870007411
D111K,-0.3124969005584717,-1.549717969
D111L,-3.674712657928467,-0.992368083
D111C,-4.5126729011535645,-1.906901541
D111E,-0.23745203018188477,-0.397411134
D111F,-5.008948802947998,-1.777976959
D111A,-0.5476627349853516,-0.575671659
D111H,-1.3262519836425781,-1.670079777
D111I,-4.252827167510986,-1.267608577
D111G,-2.483675956726074,-0.962700667
L112I,-2.03349232673645,-0.391496492
L112A,-5.329878807067871,-4.0577077610000005
L112C,-5.500603675842285,-3.031713033
L112D,-7.37875509262085,-3.033790944
L112E,-6.370442867279053,-3.3389292530000003
L112F,0.19878339767456055,-1.23386234
L112G,-8.277507781982422,-4.13749585
L112H,-4.052611827850342,-2.237752444
L112K,-6.279565811157227,-3.482601683
L112M,-3.806060791015625,-1.335141835
L112N,-6.0759596824646,-3.093105346
L112W,-5.74152135848999,-0.994223517
L112V,-3.612598419189453,-0.908116999
L112T,-4.801386833190918,-1.723176323
L112Y,0.05210113525390625,-3.535681341
L112R,-5.75601053237915,-3.624749253
L112Q,-5.883220195770264,-3.158740729
L112P,-6.049257278442383,-3.417445354
L112S,-4.689218997955322,-3.399871951
I113M,-1.9846601486206055,-0.093514399
I113V,0.6399497985839844,-0.8832330759999999
I113T,-3.3662023544311523,0.193842592
I113S,-3.67587947845459,0.354564837
I113Q,-3.9353933334350586,0.034848168
I113P,-1.9802422523498535,-3.307998903
I113N,-5.044315338134766,-0.113789443
I113L,1.1198856830596924,-0.345833311
I113F,-0.7847597599029541,0.005592522
I113H,-2.6248598098754883,0.398190539
I113G,-6.485653877258301,-0.0850793369999999
I113W,-5.369356155395508,-0.766595403
I113E,-4.920523643493652,-0.8115627459999999
I113D,-5.509870529174805,-0.346252325
I113C,-4.176787376403809,-0.287610997
I113A,-2.476313591003418,0.718261053
I113K,-4.883739471435547,-0.497231685
I113Y,-0.17062902450561523,-0.131238986
I113R,-4.079590797424316,-0.954968976
D114T,-0.6306090354919434,-3.412672896
D114V,-5.5742597579956055,-3.918617146
D114A,-1.841688871383667,-0.682184262
D114C,-3.8671085834503174,-2.824597523
D114E,-2.1866257190704346,-0.920399186
D114F,-6.755467414855957,-2.234772665
D114G,-2.698944330215454,-2.559603056
D114H,-2.6023123264312744,-1.177482354
D114I,-6.280797004699707,-3.968614428
D114K,-2.446863889694214,-3.3149961789999995
D114W,-6.917969703674316,-2.28556077
D114L,-4.770418167114258,-1.161717833
D114M,-6.241842269897461,-1.440107148
D114N,-0.2819085121154785,-1.313233958
D114P,-2.591695547103882,-3.23576422
D114Q,-2.8806145191192627,-1.18318339
D114R,-2.274319887161255,-3.731915031
D114S,1.9841448068618774,-1.237377547
D114Y,-4.7303876876831055,-2.01260648
Y115D,-10.419395446777344,-2.575859983
Y115E,-9.348604202270508,-2.953438212
Y115F,-0.43321895599365234,-1.413042365
Y115G,-9.360631942749023,-1.6858761780000002
Y115H,-4.993841171264648,-2.238159814
Y115I,-6.285321235656738,-0.361271426
Y115K,-9.038442611694336,-2.975131474
Y115L,-5.106838226318359,-0.869449343
Y115Q,-8.021093368530273,-1.394531108
Y115N,-8.500150680541992,-1.908780215
Y115P,-8.882940292358398,-1.662226234
Y115R,-7.805542469024658,-2.664432007
Y115S,-6.914714336395264,-0.584017188
Y115T,-8.168289184570312,-1.31525622
Y115V,-6.856869220733643,-1.892666452
Y115C,-6.121345043182373,-2.167786789
Y115M,-7.507119655609131,-1.214902905
Y115W,-3.4229211807250977,-2.384834199
Y115A,-8.32186508178711,-1.426908562
E116Y,-4.076839447021484,-2.493324578
E116D,-0.7557035684585571,-2.623108369
E116F,-5.221030235290527,-2.073732847
E116G,-2.587665557861328,-1.79502008
E116H,-2.6314139366149902,-1.879129904
E116I,-4.163663864135742,-3.801632598
E116K,-0.8799365758895874,-2.591235379
E116L,-3.4840426445007324,-3.39032036
E116N,-1.213201880455017,-3.689832326
E116P,-0.48941123485565186,-1.123770447
E116Q,-0.40674591064453125,-0.7390743390000001
E116R,-2.7264513969421387,-3.900903987
E116S,-1.05846107006073,-2.748663465
E116T,-2.1013855934143066,-3.737500562
E116V,-2.9474687576293945,-2.619021487
E116W,-5.802085876464844,-2.723464564
E116C,-5.853092193603516,-2.645133132
E116A,-0.6169346570968628,-1.118426798
E116M,-4.532166004180908,-2.506824779
E117A,-3.416187286376953,-3.234964836
E117F,-6.435299873352051,-3.036014102
E117G,-4.961558818817139,-3.035272322
E117H,-4.604682445526123,-3.117835635
E117I,-5.376712799072266,-2.698200974
E117K,-2.8380908966064453,-2.266797823
E117L,-4.713081359863281,-4.1986293
E117D,-2.4476959705352783,-2.760227217
E117M,-5.054276466369629,-2.505144477
E117P,-7.510495185852051,-3.204995064
E117Q,-1.2171883583068848,-3.147796736
E117R,-4.747828960418701,-3.902686667
E117S,-3.541869878768921,-3.445424799
E117T,-3.6589386463165283,-2.332499274
E117V,-4.53239631652832,-3.646183992
E117N,-4.17201042175293,-3.015084035
E117C,-7.933695316314697,-3.611839804
E117Y,-5.214539527893066,-3.65034326
E117W,-8.293399810791016,-2.32726668
L118V,-3.329893112182617,-3.144088883
L118T,-7.117602825164795,-3.831361649
L118S,-9.05318832397461,-4.511149492
L118R,-10.331473350524902,-4.141836328
L118Q,-8.503049850463867,-2.6580648680000003
L118P,-9.097555160522461,-3.208744528
L118N,-11.431844711303711,-3.748415127
L118C,-10.417115211486816,-3.613935572
L118Y,-7.551116943359375,-3.204423493
L118K,-11.001920700073242,-3.795193451
L118I,-2.993905544281006,-2.355106915
L118H,-8.914667129516602,-4.232962308
L118G,-10.981744766235352,-4.166814723
L118F,-4.065476894378662,-2.869585275
L118E,-11.155466079711914,-3.801008423
L118D,-12.64199161529541,-3.132835117
L118M,-4.073326110839844,-2.3642900730000003
L118W,-9.001684188842773,-3.27579235
L118A,-6.404574394226074,-3.812880751
R119A,-5.897068500518799,-2.863474784
R119W,-6.685604095458984,-1.520489134
R119V,-6.051761150360107,-1.76822758
R119T,-4.540360927581787,-1.83111209
R119S,-3.8142051696777344,-3.053199217
R119Q,-1.343368411064148,-3.121301211
R119P,-8.289271354675293,-3.703861365
R119N,-4.609774112701416,-2.403122735
R119Y,-5.652383804321289,-0.454072458
R119M,-6.0506792068481445,-2.157140633
R119K,-0.03428030014038086,-1.3914860690000002
R119I,-6.166904926300049,-1.394604109
R119H,-4.048496246337891,-0.691937715
R119G,-5.65867805480957,-3.0459118760000004
R119F,-7.974515914916992,-0.943522149
R119E,-2.563934803009033,-3.0126304860000004
R119D,-6.734962463378906,-3.554022928
R119L,-5.835365295410156,-1.977640909
R119C,-6.1944990158081055,-2.089101086
E120Y,-2.4645252227783203,-2.715349689
E120D,-1.8119306564331055,-2.50998303
E120W,-3.7770209312438965,-2.482217395
E120V,-3.8730359077453613,-3.51357358
E120T,-1.373539924621582,-3.593736594
E120S,-0.4088554382324219,-2.790966672
E120R,4.037790298461914,-3.083868278
E120Q,4.04203987121582,-2.986656097
E120P,-5.153652667999268,-4.227864933
E120N,-0.16007041931152344,-2.735201944
E120M,-3.2705512046813965,-2.587161156
E120L,-1.8813371658325195,-3.549831676
E120K,2.7911293506622314,-1.76051866
E120I,-3.8038792610168457,-3.415933464
E120H,0.5842843055725098,-2.775026535
E120G,-2.6241984367370605,-3.025552977
E120F,-4.631608486175537,-2.874888996
E120C,-4.159837245941162,-3.013021761
E120A,-2.801265239715576,-2.855547794
Q121A,0.05323600769042969,-2.620214467
Q121K,-0.6224427223205566,-2.391066602
Q121V,-1.3815112113952637,-2.897408005
Q121T,-0.15520811080932617,-2.153727947
Q121S,1.6366215944290161,-2.09239835
Q121R,-2.3218727111816406,-1.360316232
Q121P,-2.9203195571899414,-4.0373475060000015
Q121N,0.9390515089035034,-2.626842624
Q121M,-3.2351865768432617,-2.492880924
Q121Y,0.3105607032775879,-1.983814021
Q121L,-1.1027450561523438,-2.75998516
Q121I,-1.6281232833862305,-2.82212861
Q121H,0.45591115951538086,-1.077773128
Q121G,-1.2436537742614746,-3.301606598
Q121F,-1.4856758117675781,-2.58820231
Q121E,-0.9529523849487305,-2.723068472
Q121D,-1.6759872436523438,-2.771004707
Q121C,-2.9562578201293945,-2.782918942
Q121W,-5.092491626739502,-2.262989221
L122W,-9.379941940307617,-2.7675697230000003
L122V,-1.6902551651000977,-2.198613762
L122C,-9.835979461669922,-3.443310265
L122A,-7.378827095031738,-3.337119579
L122T,-6.452886581420898,-3.548184133
L122S,-7.978979110717773,-2.018760666
L122R,-10.719259262084961,-4.053339124
L122Q,-9.448272705078125,-3.082821804
L122P,-10.49905014038086,-3.793116434
L122N,-9.377203941345215,-3.634412068
L122M,-3.74216628074646,-2.40164488
L122K,-11.053248405456543,-3.188262484
L122I,-0.06435632705688477,-0.966443708
L122H,-9.001408576965332,-3.120010005
L122G,-11.188265800476074,-4.479447732
L122F,-2.0059261322021484,-2.534815587
L122E,-11.227653503417969,-3.329277755
L122D,-12.325008392333984,-2.9643275260000004
L122Y,-6.366604804992676,-3.479015893
S123A,-2.4646434783935547,-0.738969778
S123C,-9.282200813293457,-0.637295817
S123D,-5.439533710479736,-2.062536276
S123E,-6.847681999206543,-1.036546352
S123F,-7.384368896484375,-0.550831142
S123G,-2.414182662963867,0.24197709
S123H,-6.987437725067139,-1.042560345
S123I,-5.870601654052734,-0.8448144890000001
S123N,-5.03028678894043,-0.512092275
S123L,-6.364577293395996,-1.299534987
S123M,-7.690346717834473,-0.8591723920000001
S123P,-5.125345706939697,-2.890651512
S123Q,-6.5748724937438965,-0.799081113
S123R,-6.9583635330200195,-1.280760566
S123V,-4.0806732177734375,-1.227895867
S123Y,-5.808022499084473,-1.038281257
S123K,-6.276369571685791,-1.4515550819999998
S123T,-3.252211093902588,-0.280029446
S123W,-10.521909713745117,-1.882156163
S124A,-5.040055751800537,-0.483795498
S124Y,-5.976696491241455,-0.953155344
S124W,-7.621211051940918,-2.195030724
S124V,-6.379046440124512,-0.8659031309999999
S124T,-3.072007894515991,-1.195506469
S124C,-8.285189628601074,-2.283156085
S124Q,-5.3164544105529785,-0.443841318
S124P,-6.204048156738281,-2.744667577
S124N,-3.740461587905884,-2.034563027
S124R,-5.413811206817627,-1.336985349
S124L,-6.023038864135742,-0.8600653359999999
S124K,-4.369531631469727,-2.640462774
S124I,-7.408989906311035,-0.973635445
S124H,-5.297262668609619,-1.989265754
S124G,-4.631783485412598,-0.504429873
S124F,-6.664668083190918,-1.085822395
S124E,-5.556495189666748,-0.593686421
S124D,-4.560047149658203,-1.1666271540000002
S124M,-7.373974800109863,-1.087017653
V125K,-8.635658264160156,-2.910819951
V125I,0.2507438659667969,0.026537886
V125H,-7.346712112426758,-3.157521389
V125D,-9.027969360351562,-3.121433498
V125F,-0.20998716354370117,-1.469603861
V125E,-8.248194694519043,-2.860379794
V125G,-8.09512710571289,-3.16425322
V125L,-1.611585021018982,-1.264636502
V125Y,-3.312666416168213,-2.425007395
V125P,-7.937511444091797,-3.899641301
V125Q,-7.988536834716797,-3.168529554
V125R,-8.839555740356445,-3.662352408
V125S,-5.1631975173950195,-1.376550917
V125T,-4.336828231811523,0.004664239
V125W,-7.350852966308594,-2.248000694
V125C,-6.8774871826171875,-1.33261681
V125M,-3.0544490814208984,-1.483511587
V125A,-4.223580837249756,-0.351708439
V125N,-7.390835762023926,-2.946503845
S126E,-2.409449577331543,-0.336660116
S126A,-0.23394501209259033,-0.953709012
S126Y,-3.603567600250244,-0.5324025720000001
S126W,-5.511209011077881,-1.226166155
S126C,-5.166708469390869,-2.128250029
S126D,-3.6535463333129883,-0.203172013
S126V,0.694180965423584,-0.518292369
S126F,-4.704353332519531,-0.369044121
S126G,-3.0133461952209473,-0.595688015
S126H,-4.181151866912842,-1.74507256
S126K,-2.1615333557128906,-0.600091845
S126L,-2.8682055473327637,0.114661487
S126M,-2.9952712059020996,-1.013437051
S126N,-2.7413835525512695,-0.914998342
S126P,-5.042743682861328,-2.053352604
S126Q,-3.3275060653686523,-0.27205304
S126R,-3.773886203765869,-0.398522417
S126T,0.20947504043579102,0.152308307
S126I,-0.5455089807510376,0.091038571
S127R,-4.242934703826904,-0.457693393
S127Q,-3.5440475940704346,0.344647895
S127T,-2.2781624794006348,-0.43646186
S127Y,-3.278895378112793,-0.877086811
S127W,-7.5670671463012695,-1.812948312
S127A,-2.34415864944458,-0.543209241
S127V,-3.103123903274536,-0.628229356
S127N,-1.6787328720092773,-1.129311405
S127P,-3.819061517715454,-2.3951597980000003
S127L,-4.119136810302734,-0.60405227
S127M,-5.2876410484313965,-1.163544772
S127C,-4.516883373260498,-2.156625999
S127E,-3.297534465789795,-0.272905023
S127F,-4.107049465179443,-0.8524087020000001
S127D,-4.269040584564209,-0.135845999
S127H,-3.8945772647857666,-1.279806108
S127I,-3.9560258388519287,-2.225457706
S127K,-3.3534278869628906,-0.152949452
S127G,-3.9158551692962646,-0.7068682690000001
L128C,-4.78253173828125,-2.553778568
L128D,-7.839221000671387,-2.827220188
L128K,-7.333650588989258,-2.43939888
L128E,-7.242562294006348,-3.199268178
L128F,6.206175804138184,-1.092500003
L128G,-7.15109920501709,-1.779040838
L128H,-4.999716758728027,-1.796498027
L128I,0.11075496673583984,-0.5558800420000001
L128M,-3.0628137588500977,-0.251431137
L128S,-4.909219741821289,-1.455777158
L128P,-5.062744140625,-3.361141645
L128Q,-6.579344749450684,-2.304447235
L128R,-7.1498517990112305,-3.807853981
L128T,-5.141140937805176,-0.8026325470000001
L128A,-5.337216377258301,-0.335615146
L128V,-0.9658784866333008,-0.990611096
L128W,-4.404122352600098,-0.618939463
L128Y,0.4396510124206543,-1.679240356
L128N,-5.817807197570801,-3.603917222
E129Y,-4.609208106994629,-2.211368114
E129K,-0.317615270614624,-1.887239286
E129V,-5.282586097717285,-1.672465914
E129W,-8.172723770141602,-2.8034311460000003
E129A,-4.989603042602539,-2.2806450380000003
E129C,-8.847347259521484,-3.253031034
E129D,-2.70808744430542,-1.075288994
E129F,-7.130349159240723,-3.252826179
E129H,-2.4917707443237305,-1.411842375
E129I,-5.437526702880859,-2.139286877
E129G,-5.070055961608887,-3.0725416780000003
E129M,-6.227250099182129,-1.332151569
E129N,-2.3321924209594727,-2.3997195380000003
E129P,-5.106667518615723,-3.2161300280000003
E129Q,-0.16435837745666504,-2.666677549
E129R,-0.9529190063476562,-3.386396758
E129S,-3.141098737716675,-1.6375152309999998
E129T,-3.1852939128875732,-1.455524857
E129L,-5.272629737854004,-2.529472615
R130D,-4.722042560577393,-2.889572242
R130K,-0.8069257140159607,-1.718339706
R130E,-3.054701805114746,-2.927592122
R130F,-10.23973560333252,-3.096001354
R130G,-6.663326263427734,-2.736635742
R130H,-3.903473138809204,-2.94292711
R130I,-9.328978538513184,-2.588311299
R130L,-8.287802696228027,-3.619674725
R130W,-9.407977104187012,-2.841973503
R130N,-4.031584739685059,-3.173450769
R130P,-7.849679946899414,-2.7165541930000003
R130Q,-3.2232115268707275,-3.215272903
R130S,-5.223038673400879,-3.58661984
R130T,-6.397489070892334,-3.065010397
R130V,-9.06428050994873,-3.343039845
R130Y,-7.108737945556641,-3.33031679
R130A,-7.161484718322754,-3.419025134
R130M,-7.888093948364258,-2.534953208
R130C,-9.918920516967773,-2.879750617
F131V,-3.1514501571655273,-2.370035871
F131W,-5.570287704467773,-2.297708338
F131K,-8.493908882141113,-2.8881845210000003
F131T,-7.0511155128479,-3.082605247
F131S,-7.234869003295898,-2.830167705
F131R,-8.862146377563477,-3.641886371000001
F131Q,-9.07043743133545,-2.947226875
F131P,-7.059106826782227,-3.172594681
F131M,-6.402956485748291,-2.562523549
F131L,-4.220118522644043,-2.607523566
F131I,-2.997241973876953,-1.93079015
F131N,-8.509415626525879,-3.086619638
F131Y,-2.0720295906066895,-1.554032419
F131G,-9.61452865600586,-2.806814371
F131E,-8.93282699584961,-2.887641989
F131D,-10.67573356628418,-2.7380946
F131C,-7.21097993850708,-2.95463017
F131A,-7.214008331298828,-3.096502138
F131H,-6.488677024841309,-2.910447149
E132H,-1.2887635231018066,-2.932187841
E132G,-3.5826759338378906,-2.906282656
E132F,-3.246903896331787,-2.804709223
E132D,0.007535696029663086,-1.997565934
E132W,-6.074930667877197,-2.297321733
E132A,0.010939359664916992,-1.6151674619999998
E132Y,-1.311689853668213,-2.749957883
E132I,2.4030210971832275,-2.6394350980000003
E132C,-5.048129558563232,-2.296840751
E132K,-1.1840834617614746,-1.779460882
E132V,1.934955358505249,-1.702201551
E132M,-1.9825119972229004,-2.334240931
E132N,-0.44926881790161133,-2.049833582
E132P,-2.9467544555664062,-1.000007624
E132Q,-0.8142623901367188,-1.86051854
E132R,-2.9060893058776855,-3.169762505
E132S,0.561870813369751,-2.400956077
E132T,3.0807316303253174,-2.100848392
E132L,-2.059175491333008,-2.34873027
I133Y,-1.674426794052124,-2.388599715
I133W,-3.926586627960205,-2.143014256
I133V,0.6195418834686279,-1.988430188
I133T,-2.0333073139190674,-2.7416389260000003
I133S,-2.196230173110962,-3.445058791
I133R,-3.5595192909240723,-3.166728313
I133Q,-3.8937907218933105,-2.996607905
I133P,-4.135901927947998,-3.298170664
I133N,-3.361222743988037,-2.268468534
I133L,-1.1353034973144531,-0.915615074
I133K,-2.68589448928833,-2.46927117
I133H,-2.7984957695007324,-2.838657266
I133G,-4.37515115737915,-3.13719916
I133F,-1.6419143676757812,-1.91224264
I133E,-4.548228740692139,-2.619760402
I133A,-1.8663904666900635,-1.704124267
I133C,-6.174990177154541,-2.219116093
I133M,-2.234356641769409,-0.934186651
I133D,-5.508273601531982,-2.578814305
F134K,-7.359160423278809,-2.841924439
F134I,-0.7087101936340332,-2.71312386
F134H,-6.452128887176514,-3.250553962
F134A,-6.791499614715576,-3.04304337
F134E,-7.418470859527588,-3.195457895
F134D,-8.493547439575195,-2.616228417
F134C,-7.646926403045654,-2.5409962000000004
F134G,-8.563471794128418,-4.01911258
F134L,-1.5252314805984497,-2.985526599
F134R,-7.778449535369873,-3.871401386
F134N,-7.153751850128174,-3.360262104
F134M,-4.340113639831543,-1.4395894530000002
F134W,-5.845729827880859,-2.63836044
F134V,-3.2677745819091797,-3.252252714
F134Y,-3.848766803741455,-1.778708963
F134S,-6.25129508972168,-3.16774022
F134Q,-6.86716365814209,-3.416401777
F134P,-5.204456329345703,-4.080215727
F134T,-6.268535614013672,-3.5808900830000003
P135C,-8.159674644470215,-2.834652992
P135I,-7.161489486694336,-2.694220296
P135D,-6.934760093688965,0.5469217679999999
P135E,-6.196257591247559,-0.468033698
P135F,-8.944785118103027,-1.969125411
P135G,-4.898156642913818,-1.6731055730000002
P135H,-6.577661037445068,-1.97302785
P135K,-2.3057727813720703,-0.578026254
P135R,-4.472760200500488,-1.703989066
P135M,-7.716919898986816,-2.666586055
P135N,-4.380036354064941,-0.477038886
P135Q,-5.394096374511719,-0.992472083
P135S,-3.7767868041992188,-0.6958612259999999
P135T,-2.9186031818389893,-1.7702957519999998
P135V,-7.268773078918457,-2.1110723730000003
P135Y,-7.827566146850586,-1.987733013
P135W,-10.512407302856445,-2.423856322
P135L,-6.728750228881836,-3.030424904
P135A,-4.900794506072998,-1.2311681490000002
K136C,-5.628159999847412,-1.621039311
K136A,-1.3049873113632202,-0.451989483
K136D,-1.1084038019180298,-0.655644664
K136Y,-4.050347805023193,-0.28646389
K136W,-7.3239054679870605,-0.791131272
K136V,-2.3075122833251953,-0.252833914
K136T,0.4384329319000244,-0.603222174
K136R,-2.117471218109131,-1.204531737
K136Q,-1.3092957735061646,-0.823197737
K136P,-0.266029953956604,-0.87595776
K136S,0.1254429817199707,-0.556599163
K136M,-3.904153347015381,-1.123226349
K136L,-2.5410361289978027,-0.283205412
K136I,-2.8287978172302246,-1.658398302
K136H,-3.04608154296875,-1.554493727
K136G,-2.715127468109131,-0.935096004
K136F,-4.758640766143799,0.293266315
K136E,-1.3400465250015259,-0.542115745
K136N,-0.6704603433609009,-2.133912814
E137S,4.009819507598877,-0.741254179
E137A,1.2664234638214111,-0.32322241
E137C,-3.1712775230407715,-4.038250679
E137Y,-2.2188382148742676,-2.083603825
E137W,-5.171323299407959,-1.882744566
E137V,0.16674566268920898,-1.362247924
E137T,3.1444742679595947,-0.928475337
E137R,-1.1365547180175781,-3.971465703
E137G,0.47597265243530273,-1.170077182
E137P,-0.47334814071655273,-2.120108165
E137N,2.286058187484741,-0.544717023
E137M,-3.2982444763183594,-1.387467782
E137L,-1.5210833549499512,-1.558304563
E137K,0.027563095092773438,-2.83658597
E137I,-0.45089292526245117,-1.652575313
E137H,0.0903468132019043,-1.4428238880000002
E137Q,-0.8697676658630371,-2.001387511
E137F,-2.922874927520752,-1.917843803
E137D,0.44632387161254883,-0.315036296
S138I,-7.331830024719238,0.130954761
S138T,-2.9281280040740967,-0.610035089
S138R,-7.5653815269470215,-0.94953307
S138Q,-7.031490325927734,-0.413638121
S138P,-4.00331974029541,-1.118705058
S138N,-3.0551092624664307,0.783055559
S138M,-9.703892707824707,-0.220260786
S138L,-7.359216690063477,-0.173623706
S138K,-6.46269416809082,-1.47044502
S138V,-7.523907661437988,-0.67004654
S138W,-12.692602157592773,-0.551935839
S138H,-6.514730453491211,-0.806632728
S138G,-6.602550506591797,0.464358389
S138F,-7.8724870681762695,-0.7095711570000001
S138E,-7.185426712036133,-0.167806192
S138D,-6.633394241333008,-0.953808526
S138C,-9.750483512878418,-2.433939444
S138A,-4.787128448486328,-0.062673004
S138Y,-7.385675430297852,-0.09997259
S139A,-0.20180964469909668,0.95935628
S139K,-1.4822982549667358,-1.3515886469999998
S139T,0.1735997200012207,0.106296777
S139V,-1.8366163969039917,-0.269025568
S139W,-4.337843418121338,0.544496095
S139P,-0.5255764722824097,-3.492465772
S139N,-0.6574529409408569,-0.904735074
S139M,-4.658578395843506,-0.6095336579999999
S139L,-3.1901931762695312,-2.005732241
S139I,-2.8834943771362305,-1.313799895
S139H,-4.163782596588135,-0.96556573
S139G,-1.8368991613388062,-0.795566808
S139F,-5.242042064666748,-0.8447203120000001
S139Y,-4.682189464569092,-1.105061692
S139E,-1.611681342124939,-2.815150965
S139D,-1.4841388463974,-2.758116816
S139C,-5.541488170623779,-1.888003167
S139Q,-2.280740737915039,-0.271265357
S139R,-3.5214200019836426,-1.669215406
W140G,2.232656478881836,-3.167560947
W140I,6.566282272338867,-3.96299517
W140C,1.873307228088379,-2.5824424980000003
W140D,2.8389663696289062,-3.828953168
W140Y,3.046513557434082,-1.336767787
W140V,5.955312728881836,-3.50920316
W140T,5.548044204711914,-3.794662139
W140S,5.178389549255371,-4.44282252
W140R,1.4126777648925781,-3.872998561
W140Q,2.1453351974487305,-3.801811123
W140N,4.468860626220703,-3.972827485
W140M,2.236691474914551,-2.288713029
W140L,5.219202995300293,-3.277091513
W140K,2.8121938705444336,-3.838544397
W140H,1.6634998321533203,-2.847337743
W140P,4.159593105316162,-4.657411598
W140E,2.029256820678711,-3.657861042
W140A,4.704482078552246,-3.698070853
W140F,3.4659242630004883,-1.022391741
P141F,-1.3810453414916992,-2.019228456
P141Y,-0.662198543548584,-2.519458193
P141W,-3.325103282928467,-2.898914607
P141V,1.462954044342041,-1.5550640880000002
P141T,1.7065529823303223,-1.160307307
P141S,2.4134950637817383,-1.178570288
P141R,-0.4270772933959961,-1.635290141
P141E,0.5859942436218262,-0.818673122
P141Q,-0.03558015823364258,-0.556832984
P141M,-2.302340030670166,-0.8429874909999999
P141L,-0.6583242416381836,-1.713111575
P141K,0.9437766075134277,-2.317201029
P141I,0.6881051063537598,-1.574805439
P141A,1.4498686790466309,-1.858362236
P141C,-2.793485164642334,-1.775574328
P141H,1.0591320991516113,-2.97484023
P141G,1.1026439666748047,-1.519311445
P141N,3.603415012359619,-1.815595057
P141D,1.3879518508911133,-2.063805693
N142W,-10.79789924621582,-3.06530686
N142G,-5.707952976226807,-3.470126054
N142Y,-5.502396106719971,-2.906920813
N142C,-9.653043746948242,-3.356766977
N142D,-1.974703311920166,-3.097718044
N142E,-4.604892730712891,-3.089144192
N142F,-7.931145668029785,-4.139800495
N142H,-0.1062173843383789,-2.567317659
N142I,-6.554574966430664,-3.292538104
N142L,-6.554750919342041,-3.143626503
N142K,-4.427549362182617,-3.122544147
N142P,-6.636174201965332,-3.32461847
N142Q,-4.428300857543945,-2.648038711
N142R,-5.276529312133789,-3.678458163
N142S,-4.136547088623047,-2.953744165
N142T,-4.946819305419922,-3.926800186
N142V,-6.28859806060791,-3.8253001
N142A,-6.667042255401611,-4.217108576
N142M,-8.582343101501465,-3.629800989
H143K,0.32265543937683105,-3.460328034
H143M,-6.686444282531738,-1.451004723
H143L,-5.224806785583496,-2.043006508
H143I,-4.3070268630981445,-2.307007061
H143C,-6.068860054016113,-3.492083457
H143F,-7.493768692016602,-0.619501864
H143E,-2.0133769512176514,-2.715556855
H143N,-1.8917534351348877,-0.8970453759999999
H143G,-3.5736043453216553,-4.123710056
H143P,-5.016334533691406,-3.892433366
H143D,-2.327204465866089,-2.693007022
H143R,0.4490835666656494,-2.684522672
H143Q,-0.9406824111938477,-1.554632821
H143Y,-4.767935752868652,0.269474447
H143W,-10.660690307617188,-2.239942981
H143A,-4.392841339111328,-2.32925544
H143T,-2.621307134628296,-0.842088217
H143V,-3.531536340713501,-1.433944773
H143S,-3.2551300525665283,-0.8066983320000001
T144A,-1.5179959535598755,-2.647002305
T144C,-7.813020706176758,-3.409349407
T144E,-3.643923759460449,-2.6887860439999995
T144F,-7.842258453369141,-3.0387761060000003
T144G,-3.8503332138061523,-0.459016379
T144H,-2.5101218223571777,-3.304320203
T144I,-3.232271671295166,-2.304946167
T144K,-3.28025484085083,-1.129600171
T144D,-1.8741694688796997,-2.250676813
T144M,-6.446613311767578,-3.000202803
T144L,-5.397467613220215,-3.522412433
T144W,-10.772978782653809,-3.1844109360000004
T144V,-1.9736214876174927,-4.012772729
T144S,-1.1026750802993774,-2.143253363
T144Y,-5.935697555541992,-3.486671196
T144Q,-4.699376583099365,-3.049050976
T144P,-4.196882247924805,-3.179216297
T144N,-0.9521853923797607,-3.493527022
T144R,-4.889951705932617,-3.817273138
F145I,7.388934135437012,-1.364258944
F145A,5.073095798492432,-0.110947041
F145C,-0.0011854171752929688,-1.276050408
F145D,5.334977626800537,0.660638662
F145E,6.878275394439697,1.1163939859999998
F145G,2.4581518173217773,-1.3485668569999998
F145H,3.530056953430176,-1.575132495
F145K,6.911056995391846,-2.497457945
F145Q,6.264557361602783,-1.191016833
F145M,2.2416749000549316,-0.976814072
F145N,9.163702964782715,-0.7760400159999999
F145P,6.296297550201416,-3.055133909
F145R,5.914753437042236,-2.482656737
F145S,5.9018096923828125,-1.027340366
F145T,6.240215301513672,-1.736386212
F145V,7.460218906402588,-1.453483383
F145W,-2.644167900085449,-0.5423195120000001
F145L,3.731332302093506,-1.689938415
F145Y,1.879350185394287,-1.24309684
N146A,-2.7385339736938477,-0.119595873
N146E,0.30093812942504883,0.063324152
N146L,-4.805729389190674,-1.2870475140000002
N146M,-6.267947673797607,-0.614906482
N146P,-0.8695716857910156,-0.938378794
N146Q,-0.9760994911193848,0.659776437
N146R,-0.8109726905822754,-0.748103115
N146S,-0.33385801315307617,-1.406689489
N146T,-1.363396167755127,-1.320456133
N146V,-5.469062805175781,-0.13528792
N146W,-8.938064575195312,-1.591203089
N146Y,-4.829433441162109,0.562219814
N146H,-2.469125747680664,-0.129894524
N146G,-2.691141128540039,-0.427135045
N146F,-7.337306499481201,-0.019254265
N146D,-0.011458396911621094,-0.03483439
N146K,1.8904956579208374,-1.3657348180000002
N146C,-9.31637191772461,-1.925100426
N146I,-5.524302959442139,-1.4139977519999998
G147T,-6.733233451843262,-2.151361283
G147S,-4.329034805297852,-2.2020716730000003
G147R,-5.745832443237305,-2.240550681
G147Q,-6.733014106750488,-1.839931472
G147P,-7.161606788635254,-2.510407148
G147N,-2.845266103744507,-1.765819544
G147A,-5.910511493682861,-1.544552362
G147C,-8.44966983795166,-2.871486965
G147I,-8.668148040771484,-1.909259508
G147H,-6.909484386444092,-1.807172517
G147F,-9.52211856842041,-2.2321936730000003
G147E,-5.178723335266113,-1.902329864
G147D,-3.846489429473877,-1.783913857
G147V,-8.14384651184082,-2.12310497
G147L,-8.683572769165039,-2.141211631
G147M,-9.533050537109375,-2.588543578
G147K,-5.400564670562744,-1.5759797480000002
G147Y,-8.133862495422363,-2.387171558
G147W,-10.124723434448242,-1.858286886
V148F,-6.987785816192627,-1.926530548
V148C,-8.73533821105957,-3.314367463
V148D,-7.073304653167725,-1.519803912
V148E,-5.406649589538574,-1.440750884
V148Y,-6.8921074867248535,-1.72192661
V148G,-6.960517883300781,-1.704823091
V148H,-7.313359260559082,-1.018097014
V148I,-2.32399320602417,0.55345757
V148K,-4.714116096496582,-0.631596625
V148L,-4.395118713378906,-1.414326619
V148M,-5.27662467956543,-1.139690754
V148A,-4.222610950469971,-0.7191771140000001
V148P,-7.287667274475098,-1.815446191
V148Q,-6.081305503845215,-1.743905637
V148R,-5.457408428192139,-0.695470395
V148S,-4.978574275970459,0.024555947
V148T,-3.542299509048462,0.49022569
V148W,-10.052305221557617,-2.419583399
V148N,-6.63136625289917,-0.883181467
T149V,-3.730268955230713,-2.644402785
T149S,1.565533995628357,0.871029127
T149A,1.7559260129928589,-2.745502376
T149C,-7.388158798217773,-2.326231158
T149D,-2.5786075592041016,-2.84798462
T149E,-2.901860237121582,-2.4662039890000003
T149F,-7.597124099731445,-3.233620853
T149G,-2.6045050621032715,-2.908469548
T149R,-4.332484245300293,-3.392105999
T149K,-2.655099391937256,-2.522099892
T149I,-5.19441032409668,-2.017853836
T149L,-5.661567687988281,-3.488041245
T149M,-6.28076171875,-2.125788184
T149N,-1.9698681831359863,-2.275449815
T149P,-2.1121039390563965,-2.686184065
T149Q,-3.0240840911865234,-2.702239447
T149Y,-6.319998741149902,-2.292446101
T149H,-4.710892200469971,-1.972365765
T149W,-9.601661682128906,-2.30025288
V150D,0.5840387344360352,-1.040787968
V150C,-0.8254218101501465,-1.462910356
V150E,0.39404773712158203,-0.6119433639999999
V150A,6.067689418792725,1.835260321
V150Y,-1.374311923980713,0.253250802
V150W,-3.139427661895752,0.801840785
V150T,3.6130282878875732,0.367809767
V150S,5.173624038696289,1.6185427959999998
V150Q,0.679908275604248,1.289493088
V150P,-0.7335190773010254,-1.435789781
V150N,1.7413749694824219,-0.273019967
V150R,0.8335399627685547,-1.99694761
V150L,-1.352999210357666,0.7634014840000001
V150K,1.5634493827819824,-1.338381163
V150I,-1.8674349784851074,-0.398061088
V150H,-0.3782343864440918,-0.4152356
V150G,2.148090362548828,0.049148175
V150F,-2.8778538703918457,1.20841127
V150M,-1.6390395164489746,-0.329079979
S151I,-6.607725143432617,-3.088171815
S151C,-6.827275276184082,-1.841596691
S151D,-4.133899211883545,-2.368749545
S151E,-3.903675079345703,-2.524411353
S151F,-7.4646196365356445,-2.091658886
S151G,-2.03041410446167,-2.117120711
S151A,2.1645474433898926,-0.207336835
S151K,-3.5735878944396973,-1.961993559
S151H,-6.193259239196777,-1.982417393
S151M,-6.513006210327148,-1.5925956019999998
S151L,-6.491853713989258,-0.6918173120000001
S151Y,-7.008115768432617,-2.615170538
S151W,-8.670251846313477,-3.048840954
S151V,-4.516429901123047,-2.385041389
S151P,-2.8279495239257812,-3.201529012
S151R,-4.865392208099365,-2.325811385
S151Q,-3.1872925758361816,-2.3846448540000003
S151N,-4.498339653015137,-2.250348752
S151T,-1.724684238433838,-1.458514067
C152A,-3.6954588890075684,-2.768419897
C152D,-5.417825698852539,-2.896124957
C152E,-6.026978492736816,-2.820775302
C152F,-8.787845611572266,-2.535810052
C152G,-4.144467353820801,-2.505571726
C152H,-6.198437213897705,-3.2558930110000004
C152I,-8.553656578063965,-3.780851057
C152K,-5.421692371368408,-2.755923896
C152M,-9.558141708374023,-3.126543849
C152N,-5.057452201843262,-3.53841602
C152P,-4.665270805358887,-2.729560304
C152R,-5.38844108581543,-3.154466592
C152S,-2.075277328491211,-2.466549477
C152T,-4.581897735595703,-2.843269092
C152V,-7.0641937255859375,-2.978746714
C152W,-10.012829780578613,-2.439419372
C152Y,-6.17109489440918,-2.136113447
C152L,-7.861201763153076,-3.159925548
C152Q,-6.014893531799316,-3.01969254
S153Y,-4.312099456787109,0.469448366
S153W,-7.252307891845703,-0.927226241
S153V,-3.299299955368042,0.336468507
S153T,-1.701674222946167,0.942379203
S153R,-2.8296563625335693,0.167873067
S153Q,-2.0634820461273193,0.811231837
S153P,3.2371408939361572,1.010386126
S153M,-4.631385803222656,-0.451240766
S153L,-2.431347131729126,0.175030398
S153K,-1.9119222164154053,0.155877966
S153N,-2.034191370010376,1.063674173
S153H,-3.2753427028656006,0.082948044
S153G,-1.643256425857544,0.7380149090000001
S153F,-4.8136796951293945,-0.246093676
S153E,-1.5768439769744873,0.820049363
S153D,-1.698577642440796,-0.7362921379999999
S153C,-6.389473915100098,-1.2804906109999998
S153A,-0.275362491607666,-0.26814596
S153I,-3.9902150630950928,0.7971799190000001
H154N,-1.1104612350463867,0.120802851
H154P,-3.1103639602661133,-1.7092722969999998
H154Q,-1.6077625751495361,0.107858915
H154Y,-2.457463502883911,-0.363549666
H154S,-1.205075740814209,0.439217351
H154T,-2.001676559448242,1.05436951
H154M,-4.02742862701416,0.354592801
H154R,-1.432126522064209,0.14048141
H154L,-2.609112501144409,-0.686070438
H154V,-3.2783732414245605,0.571966834
H154I,-3.8528432846069336,0.079253987
H154G,-3.5394864082336426,-1.709540066
H154F,-4.053394317626953,-0.8101936040000001
H154E,-2.720402717590332,0.40429843
H154D,-3.8086647987365723,0.699457489
H154C,-6.551155090332031,-0.34440954
H154A,-2.958207130432129,1.058320354
H154W,-6.907160758972168,-0.154118531
H154K,-0.6206517219543457,-0.7646457870000001
R155A,3.01025652885437,0.009136032
R155Y,-1.770540475845337,0.6866283879999999
R155G,-0.3149383068084717,0.006998767
R155D,-0.9173104763031006,-1.586170747
R155W,-4.773931503295898,-0.964829204
R155V,0.7230377197265625,0.046095458
R155T,1.9105234146118164,-0.104135369
R155S,1.4668872356414795,-0.019830678
R155C,-4.468171119689941,-2.566607742
R155P,-1.1142833232879639,-3.140387918
R155N,-0.6106612682342529,0.347919691
R155Q,0.2616276741027832,0.260451049
R155L,-0.7712085247039795,0.187298775
R155K,1.4325230121612549,-0.30742247
R155I,-0.3254239559173584,0.158414326
R155H,-1.7668793201446533,0.112673352
R155F,-1.5698654651641846,-0.629430552
R155E,0.10518956184387207,-0.01663463
R155M,-2.0559237003326416,-0.326828106
G156I,-5.501988887786865,-2.498796931
G156A,-3.0519943237304688,0.116277655
G156C,-2.3625638484954834,-1.735824377
G156D,-3.994199514389038,0.386527811
G156E,-4.542672157287598,-0.259299244
G156F,-5.362789630889893,-1.919960793
G156H,-5.479903697967529,-0.571547527
G156K,-4.846416473388672,-0.476851077
G156V,-4.848836421966553,-1.50411508
G156M,-6.6855788230896,-0.435581334
G156Y,-4.703661918640137,-1.317448078
G156L,-5.069675922393799,-2.428534152
G156T,-4.408779144287109,-0.982100328
G156S,-2.762881278991699,0.168633635
G156W,-8.163352966308594,-1.3825386780000002
G156Q,-5.614536285400391,-0.005099513
G156P,-5.114673137664795,-2.665306631
G156N,-4.794366836547852,-0.4581174320000001
G156R,-4.610003471374512,-1.452662298
K157G,0.2983860969543457,0.577843531
K157A,2.6439781188964844,-0.411462353
K157C,-3.0694375038146973,-2.035079477
K157D,-2.3619771003723145,0.323367216
K157E,-1.202509880065918,0.621998191
K157F,-1.8130736351013184,-0.808167427
K157H,-2.588261604309082,0.219617593
K157P,-0.5653314590454102,-1.898949429
K157L,-0.13205337524414062,-0.287234057
K157M,-0.7316455841064453,0.263624463
K157N,-2.0428895950317383,0.022883409
K157V,2.4492383003234863,-0.093905711
K157Q,-1.5223994255065918,0.07662052
K157R,-1.3447465896606445,-0.859431616
K157S,0.1083536148071289,0.222054443
K157T,0.9758572578430176,1.000146743
K157I,1.1856358051300049,0.248338405
K157Y,-2.0610733032226562,-0.295805514
K157W,-5.450929641723633,-1.485935376
S158V,-2.3693175315856934,-1.28870801
S158W,-6.605556011199951,-1.410490167
S158A,-1.320899486541748,0.9002790420000001
S158C,-4.249413013458252,-2.420430357
S158D,-1.2467265129089355,-0.653668733
S158E,-1.788926601409912,-1.084681385
S158F,-4.661201000213623,-1.49565198
S158G,1.3726263046264648,-1.7302124980000002
S158H,-3.2475008964538574,0.289089198
S158Q,-3.0006155967712402,-0.019454854
S158K,2.2613093852996826,0.091004052
S158L,-3.556326389312744,0.6267693520000001
S158M,-3.882694721221924,0.149625741
S158N,1.564056396484375,-1.1697251709999998
S158P,-4.0468878746032715,0.565980825
S158Y,-2.887150287628174,-0.05398455
S158R,-1.6770539283752441,-1.120489645
S158T,-0.7735917568206787,0.628431566
S158I,-3.2982630729675293,-0.514005753
S159V,-8.245545387268066,-2.7486241110000003
S159T,-4.899940490722656,-0.431265429
S159R,-8.038963317871094,-2.269087639
S159Q,-8.306060791015625,-0.149281089
S159P,-8.125518798828125,-2.629608397
S159N,-4.061280727386475,-1.201320382
S159M,-9.947561264038086,-1.237286558
S159G,-6.168924331665039,0.324640935
S159K,-8.07422924041748,-0.8760174490000001
S159I,-8.590991973876953,-2.609554135
S159H,-8.539356231689453,-0.275851828
S159F,-7.877849102020264,-2.117679676
S159E,-9.148716926574707,0.182916623
S159D,-7.54843282699585,-0.295425458
S159C,-6.1403326988220215,-2.523212572
S159L,-7.608810901641846,-1.824653348
S159A,-5.770188808441162,-0.161779766
S159W,-9.664421081542969,-1.892863923
S159Y,-7.664787292480469,-2.386356814
F160I,-7.020263671875,-3.710220512
F160T,-9.508305549621582,-3.570207557
F160S,-8.164204597473145,-3.2891928810000004
F160R,-11.826384544372559,-3.825976288
F160Q,-12.139327049255371,-3.834985239
F160P,-11.502365112304688,-3.649694384
F160N,-10.080842018127441,-3.504569897
F160M,-9.111958503723145,-1.6928658909999998
F160L,-5.579005241394043,-3.597756179
F160H,-9.107569694519043,-2.585273439
F160G,-11.347793579101562,-3.299470029
F160K,-12.441462516784668,-3.585084063
F160D,-12.54434871673584,-3.092618317
F160V,-7.885514259338379,-2.7219996610000003
F160W,-10.3040189743042,-2.682721934
F160E,-12.954322814941406,-3.5752398210000003
F160Y,-4.715480804443359,-2.572341571
F160A,-10.235787391662598,-3.18323838
F160C,-9.039087295532227,-3.024226399
Y161W,-7.013673305511475,-2.614692628
Y161V,-5.5683913230896,-3.937984947
Y161T,-6.575601100921631,-3.10769015
Y161L,-4.787660598754883,-3.759345783
Y161Q,-6.901829242706299,-3.106573866
Y161P,-9.960865020751953,-3.682583027
Y161N,-6.48130464553833,-3.391590476
Y161M,-6.641984462738037,-3.208833503
Y161R,-7.265776634216309,-4.129239262
Y161K,-6.831901550292969,-3.979015162
Y161S,-6.523964881896973,-3.765369658
Y161H,-5.200465679168701,-2.302369368
Y161A,-7.67405366897583,-4.099710728
Y161D,-8.114333152770996,-2.689130417
Y161C,-6.448935031890869,-2.999850234
Y161F,-2.964057207107544,-1.041341555
Y161G,-8.890938758850098,-3.995316979
Y161E,-7.995731830596924,-2.805112559
Y161I,-5.246318817138672,-3.652724058
R162Y,-6.875394344329834,-2.754898142
R162W,-9.07380485534668,-2.920846765
R162A,-5.098955154418945,-2.749100857
R162N,-4.2910380363464355,-0.787254171
R162V,-4.432961463928223,-3.634750965
R162T,-2.6451377868652344,-2.30339589
R162S,-3.785478115081787,-1.119352094
R162Q,-2.4376449584960938,-2.553251883
R162P,-9.175834655761719,-3.758182878
R162E,-3.194044589996338,-2.598791206
R162L,-4.2646098136901855,-3.794633001
R162K,1.63824462890625,-0.577741067
R162I,-4.671030521392822,-3.455486524
R162H,-5.539969444274902,-0.7468616240000001
R162G,-6.641007900238037,-2.256258838
R162F,-7.575249195098877,-3.368532227
R162C,-8.45022964477539,-2.591127123
R162D,-7.436098575592041,-2.954154913
R162M,-3.9279685020446777,-2.753121896
N163Y,-9.114688873291016,-3.41462869
N163W,-13.916958808898926,-3.243812525
N163V,-9.751421928405762,-4.105040466
N163T,-3.897615432739258,-2.3503994180000003
N163S,-4.691659927368164,-2.81993902
N163R,-10.661758422851562,-4.55495557
N163Q,-10.022652626037598,-3.490314943
N163L,-10.552152633666992,-4.826908851000001
N163M,-10.200639724731445,-3.397374277
N163K,-7.820626258850098,-2.473933177
N163I,-8.483613967895508,-3.032196875
N163H,-8.321221351623535,-2.674803119
N163G,-9.150104522705078,-4.27499585
N163F,-11.64766788482666,-3.824933239
N163E,-9.892441749572754,-3.549841104
N163D,-6.993419647216797,-2.612365412
N163C,-10.21621322631836,-3.33832241
N163A,-8.751937866210938,-3.969297296
N163P,-11.512282371520996,-4.339804383
L164E,-11.02446460723877,-3.459047203
L164D,-12.382705688476562,-3.353408662
L164Y,-8.753414154052734,-3.622992523
L164A,-6.752222061157227,-4.246025295
L164F,-6.033596038818359,-1.959928395
L164C,-11.632877349853516,-2.731578814
L164G,-11.259172439575195,-3.633784448
L164M,-3.5236992835998535,-1.276482094
L164I,-2.5599498748779297,-0.5771384279999999
L164K,-10.950535774230957,-3.23926195
L164V,-3.686345100402832,-1.36838516
L164T,-6.059657096862793,-3.919669728
L164S,-8.158411026000977,-2.919553547
L164R,-10.128219604492188,-4.215844552
L164Q,-9.4169340133667,-3.315060476
L164P,-10.04333782196045,-3.737857145
L164N,-9.532071113586426,-3.267146808
L164H,-10.325074195861816,-3.41301121
L164W,-10.427740097045898,-2.485850751
L165Y,-5.353979587554932,-1.654081539
L165V,2.046113967895508,-0.549983061
L165A,-2.30147647857666,-1.681720495
L165C,-6.0859761238098145,-2.7067979330000003
L165D,-6.177147388458252,-2.579934895
L165F,-4.806633472442627,-1.115010179
L165G,-4.871130466461182,-1.810138622
L165H,-5.78355073928833,-1.645243105
L165W,-6.090542316436768,-2.460579845
L165I,2.6046714782714844,-1.893152362
L165N,-3.0926880836486816,-1.844022148
L165P,-7.439194202423096,-3.513571771
L165Q,-3.5888590812683105,-2.448973166
L165R,-5.925785541534424,-2.911271521
L165S,-3.867403507232666,-2.301595146
L165T,-0.28533339500427246,-3.248706847
L165K,-4.534674644470215,-2.6944588210000004
L165E,-4.738089084625244,-2.44276881
L165M,-1.321528434753418,-2.187702956
W166A,-12.35573959350586,-3.725850364
W166Y,-9.472675323486328,-3.987917764
W166V,-11.578861236572266,-3.819399249
W166T,-12.823497772216797,-3.718390126
W166S,-10.47421646118164,-3.2968094210000003
W166R,-9.70899772644043,-2.33599052
W166P,-13.82143497467041,-3.544876476
W166N,-13.432258605957031,-3.865633661
W166M,-11.130471229553223,-2.8520110080000003
W166L,-7.948940277099609,-3.527072122
W166Q,-11.779733657836914,-3.664290517
W166I,-11.45654010772705,-4.074410828
W166K,-12.262359619140625,-3.928330625
W166D,-14.031210899353027,-3.610362402
W166E,-13.052984237670898,-3.312874877
W166C,-9.746309280395508,-2.751004684
W166G,-11.604019165039062,-3.614150238
W166H,-12.32059097290039,-3.196317222
W166F,-7.654639720916748,-3.1530413530000003
L167M,-1.842430591583252,-2.233463911
L167C,-8.63086986541748,-2.6292340430000003
L167D,-8.528668403625488,-3.469907623
L167E,-7.076251983642578,-3.104477234
L167F,-3.183091402053833,-3.87890167
L167G,-7.535120964050293,-3.826362865
L167H,-7.903529167175293,-3.885228445
L167I,-1.077028751373291,-0.177700996
L167K,-6.141424179077148,-3.329725197
L167A,-5.440220355987549,-2.975902206
L167N,-6.505800247192383,-3.0674960380000003
L167Q,-6.395601749420166,-2.799228088
L167R,-7.101535797119141,-3.914362142
L167S,-5.578693866729736,-4.498778813
L167T,-3.397202491760254,-2.365071307
L167V,-2.901442289352417,0.230547871
L167W,-6.647468090057373,-2.890599936
L167Y,-5.748495101928711,-3.308065249
L167P,-9.195330619812012,-2.364007781
T168Y,-2.694072723388672,-0.741931255
T168W,-5.725641250610352,-2.93923622
T168V,6.639762878417969,-2.038362836
T168S,-1.1050896644592285,-1.441561212
T168R,-4.134172439575195,-1.964394907
T168Q,-4.74732780456543,-1.051329544
T168P,-4.0391035079956055,-4.228499791
T168D,-3.2537660598754883,-2.652057859
T168K,-3.2219953536987305,-1.847187228
T168M,-1.079108715057373,-1.743664277
T168L,0.2507820129394531,-0.8542378270000001
T168I,2.58211088180542,-1.893166564
T168H,-5.4600830078125,-2.196859693
T168G,-3.0064353942871094,-1.27481482
T168F,-1.5079994201660156,-1.977193384
T168C,-3.21671199798584,-2.009003599
T168A,0.3511524200439453,-2.24659892
T168N,-2.178290367126465,-2.284672931
T168E,-2.9469919204711914,-2.306594966
K169V,-10.525575637817383,-0.028053381
K169T,-6.433858871459961,-0.05996558
K169A,-10.083426475524902,0.590369438
K169C,-12.909727096557617,-0.928007169
K169D,-10.634862899780273,-3.293436682
K169E,-8.495400428771973,-0.282768716
K169F,-12.618766784667969,-2.120327131
K169G,-10.330519676208496,-0.020141911
K169H,-9.085633277893066,-0.7129251999999999
K169I,-9.970277786254883,-1.344091511
K169L,-10.422649383544922,-0.809791785
K169M,-9.26667308807373,-0.458907781
K169N,-6.543560981750488,-1.032843862
K169P,-11.442991256713867,-2.549210398
K169Q,-8.234018325805664,-0.062597818
K169R,-6.1180419921875,-0.25170867
K169S,-8.469840049743652,0.266003892
K169W,-11.932535171508789,-2.288138564
K169Y,-11.09520435333252,-3.2562801360000004
K170Y,-6.7614264488220215,-0.031840954
K170A,-5.4969258308410645,0.304391324
K170W,-7.552685737609863,-1.037854652
K170V,-6.374144077301025,-1.162106668
K170T,-5.53009033203125,-0.8032236309999999
K170S,-4.922734260559082,-0.202943275
K170R,-2.670274257659912,0.064850601
K170Q,-4.901923656463623,-0.739929026
K170P,-6.911015033721924,-2.719841005
K170N,-5.233707904815674,-0.359749614
K170I,-6.524659633636475,-0.957441115
K170H,-6.258695125579834,-0.6509654739999999
K170G,-4.136843681335449,-1.190165172
K170F,-7.452943801879883,-0.569619798
K170E,-5.403498649597168,-0.418759404
K170D,-7.385840892791748,-0.717499019
K170C,-7.956815719604492,-1.7822999430000002
K170L,-6.680991172790527,-0.412645939
K170M,-7.016049385070801,0.141102973
G171V,-5.170239448547363,-1.5747351630000002
G171R,-3.9817159175872803,-2.61686683
G171A,-4.563275337219238,-0.28869288
G171Y,-1.68593168258667,-0.713544427
G171T,-4.793828964233398,-0.375295727
G171S,-3.0719833374023438,0.102269618
G171Q,-4.822805404663086,0.176889025
G171W,-4.686244487762451,-2.031921007
G171N,-1.697347640991211,0.597771304
G171M,-5.777782440185547,-0.63274049
G171P,-7.0922746658325195,-2.801583163
G171K,-4.2830376625061035,-1.507413619
G171I,-5.3542704582214355,-1.778814362
G171H,-3.3770909309387207,-0.954602336
G171F,-3.3689680099487305,-0.257372839
G171E,-4.171378135681152,-0.056701243
G171D,-3.499551773071289,0.213129396
G171C,-5.330840110778809,-2.807202415
G171L,-4.96866512298584,-0.0870735369999999
D172H,1.432748794555664,-1.954164261
D172A,-1.0827078819274902,-1.13065271
D172C,-0.2279338836669922,-3.166946769
D172E,-2.1616601943969727,0.618528304
D172F,0.774651050567627,-3.1631912910000004
D172G,-0.1602163314819336,-2.215087648
D172I,-0.9551353454589844,-0.90851094
D172T,-0.46439027786254883,-0.80767014
D172L,-0.8893766403198242,-2.149336432
D172K,-0.9534997940063477,-3.081955007
D172W,-3.805021286010742,-3.083257288
D172Y,1.6889591217041016,-1.995981699
D172S,3.1826226711273193,-1.043499558
D172V,-1.6134915351867676,-1.214412686
D172Q,-2.0393314361572266,-1.3961220840000002
D172P,-4.28196907043457,-1.079624548
D172N,6.109797477722168,-1.274159481
D172M,-2.875969886779785,-1.603329056
D172R,-2.431382179260254,-3.817430421
S173M,-9.467105865478516,-0.885414763
S173V,-7.010796546936035,0.7861039040000001
S173R,-7.707310676574707,-1.601508231
S173Q,-8.450101852416992,-0.72485316
S173P,-9.747330665588379,-1.490412071
S173N,-5.889100551605225,0.417571671
S173L,-7.754453182220459,-0.484774095
S173F,-7.569188594818115,0.177069191
S173I,-6.809382438659668,-0.511305615
S173H,-9.0115966796875,0.048906122
S173G,-7.5966620445251465,-0.909615615
S173W,-11.117433547973633,-0.036873703
S173E,-8.5026273727417,0.731556378
S173D,-8.790464401245117,0.932327958
S173C,-6.929264545440674,-3.346011031
S173A,-6.476550102233887,-0.76303861
S173K,-6.917925834655762,-2.420233833
S173Y,-7.871642112731934,0.46994981
S173T,-4.9694719314575195,0.437543947
Y174A,-10.907594680786133,-3.923450971
Y174V,-10.482625961303711,-4.048186079
Y174T,-10.441253662109375,-3.639494776
Y174S,-8.32138442993164,-3.266561594
Y174R,-9.812206268310547,-3.744379746
Y174Q,-10.182384490966797,-3.438603464
Y174P,-11.187482833862305,-4.007546799
Y174N,-8.095829963684082,-2.610974342
Y174C,-8.135244369506836,-2.818144592
Y174M,-11.458971977233887,-2.515337897
Y174K,-10.094622611999512,-3.664551289
Y174I,-10.046972274780273,-3.4712323730000003
Y174H,-6.246440410614014,-2.796355981
Y174G,-11.311443328857422,-3.692487367
Y174F,-4.27142333984375,-1.548097194
Y174E,-11.605035781860352,-3.110224532
Y174D,-10.890499114990234,-2.1262764830000003
Y174L,-8.874137878417969,-3.973971834
Y174W,-10.016035079956055,-0.856165343
P175A,-7.652702331542969,0.892691369
P175W,-14.002264022827148,-0.232566051
P175V,-9.79473876953125,0.41163527
P175T,-8.726155281066895,0.255317843
P175S,-7.082061767578125,0.983343356
P175R,-9.795385360717773,0.538426086
P175Q,-8.655984878540039,0.517660604
P175N,-10.00656795501709,0.354150066
P175M,-11.150979995727539,0.764657127
P175Y,-11.480263710021973,0.7565049970000001
P175L,-8.195737838745117,0.3515062879999999
P175I,-10.670842170715332,0.075008052
P175H,-9.525424003601074,0.554464069
P175G,-9.344636917114258,0.816077798
P175F,-11.094277381896973,-0.42986807
P175E,-10.567137718200684,0.5249098729999999
P175D,-11.012931823730469,0.65665887
P175C,-11.74525260925293,-0.436608349
P175K,-10.245738983154297,1.160910035
K176A,-8.31344223022461,-0.473738904
K176C,-9.438140869140625,-1.334044655
K176W,-11.07569408416748,-0.982888587
K176D,-9.744930267333984,-1.185563885
K176E,-7.218203544616699,-0.55692262
K176F,-9.298872947692871,0.062133349
K176G,-8.945582389831543,-1.052515954
K176H,-6.673075199127197,0.838224162
K176I,-7.792241096496582,-0.238550074
K176L,-7.565141677856445,0.466866736
K176M,-7.5891642570495605,0.397679588
K176N,-5.841216564178467,-0.674094009
K176P,-9.754109382629395,0.120341023
K176Q,-5.521944999694824,-0.07963047
K176R,-3.7931160926818848,-0.773577669
K176S,-4.9343438148498535,-0.32433825
K176T,-6.032685279846191,0.139157056
K176V,-8.527953147888184,-0.228885481
K176Y,-8.284383773803711,0.146343052
L177C,-10.628875732421875,-1.917366823
L177E,-11.573397636413574,-2.985425522
L177F,-5.878121376037598,-0.916413091
L177G,-12.625632286071777,-2.820893283
L177H,-9.081568717956543,-1.634128966
L177I,-4.483524799346924,0.038516252
L177K,-10.104567527770996,-3.081684792
L177A,-9.575817108154297,0.330710291
L177N,-10.473803520202637,-2.737747544
L177P,-9.143311500549316,-3.718323761
L177Q,-8.02624797821045,-2.896702209
L177R,-9.729371070861816,-3.313534875
L177S,-9.393836975097656,-0.970128737
L177T,-8.530160903930664,-0.012777042
L177V,-5.84482479095459,1.000692701
L177W,-10.166657447814941,-1.577271417
L177Y,-8.582380294799805,-1.557475987
L177D,-13.65503978729248,-3.269892383
L177M,-5.539425849914551,-0.607611667
T178I,-2.9397048950195312,-0.986883612
T178W,-4.445930480957031,-0.6425554179999999
T178V,-3.1713714599609375,-0.339880372
T178S,4.5806708335876465,-0.151270927
T178R,0.5565228462219238,-1.605496181
T178Q,-0.17666244506835938,-1.4832706759999998
T178P,-3.7436904907226562,-3.5331422910000003
T178N,2.5410969257354736,-1.263230174
T178M,-3.2486963272094727,-1.480039458
T178L,-3.0206971168518066,0.028053168
T178K,2.709475517272949,-1.401533132
T178H,-0.8531589508056641,-0.567000938
T178G,-1.8994040489196777,-1.414824359
T178F,-3.4933853149414062,-0.466399605
T178E,-0.5316033363342285,-0.571653075
T178D,-0.8953747749328613,-1.443801205
T178Y,-2.832578659057617,-0.776315675
T178C,-3.260152816772461,-2.272546229
T178A,-1.0900020599365234,0.343649384
N179W,-6.9630961418151855,-2.43371433
N179V,-5.9953694343566895,-0.356927137
N179T,-1.9270896911621094,-0.34257522
N179S,-1.5157861709594727,0.422289267
N179R,0.6814596652984619,-1.7188685380000002
N179Q,-0.39200258255004883,-0.290136976
N179P,-1.8737425804138184,-1.774015727
N179Y,-4.093063831329346,-1.889832082
N179L,-5.658043384552002,-1.3471478469999998
N179K,4.180934906005859,-0.844992346
N179I,-6.359961986541748,-1.43245976
N179H,-1.8004322052001953,-1.972048658
N179G,-3.282803535461426,-0.327414181
N179F,-7.228166103363037,-0.329520043
N179E,-0.07579421997070312,-1.001934257
N179D,-0.6154971122741699,-1.4067520180000002
N179M,-5.112602710723877,-0.832924363
N179A,-4.117396831512451,-0.442058054
N179C,-6.450974941253662,-1.729671501
S180R,-2.3425211906433105,-1.015800004
S180Y,-7.225964546203613,-0.665018938
S180Q,-3.9390246868133545,-0.648812003
S180V,-7.980942726135254,-0.274786912
S180A,-6.153921127319336,-0.52779708
S180C,-7.902174949645996,-2.23412099
S180D,-6.101507186889648,-1.080487719
S180E,-4.744016647338867,0.157816135
S180W,-9.036543846130371,-0.432596823
S180G,-6.025494575500488,-1.169716966
S180F,-8.048386573791504,-0.368237759
S180P,-4.3259077072143555,-2.439927298
S180N,-3.2247049808502197,-0.288134507
S180M,-6.4000749588012695,-0.797323977
S180T,-2.748509645462036,-0.388895135
S180K,1.307363510131836,-0.984615839
S180I,-7.620094299316406,-1.290712225
S180H,-5.45217227935791,-1.365583155
S180L,-7.038789749145508,-1.102890653
Y181C,-8.038830757141113,-2.510137839
Y181T,-9.98985767364502,-3.97631203
Y181S,-9.547070503234863,-3.652989133
Y181R,-9.227887153625488,-4.194671811
Y181Q,-10.090814590454102,-3.382684754
Y181P,-12.140411376953125,-2.802063404
Y181V,-8.118183135986328,-3.890241534
Y181N,-8.840862274169922,-3.041524298
Y181K,-8.844785690307617,-3.203351014
Y181L,-7.244681358337402,-3.826757026
Y181I,-7.7207770347595215,-3.74604506
Y181H,-5.644581317901611,-2.773243141
Y181F,-3.225399971008301,-0.895716752
Y181E,-11.594874382019043,-3.5284744439999995
Y181D,-11.475997924804688,-2.759625481
Y181A,-10.797311782836914,-3.92412635
Y181M,-9.31679916381836,-2.644581283
Y181G,-12.13947868347168,-4.207282088
Y181W,-8.904566764831543,-0.474520319
V182L,-2.7786192893981934,-0.544365315
V182S,-4.474797248840332,-0.7822101859999999
V182R,-4.358457088470459,-0.5920055120000001
V182Q,-5.18203592300415,0.091002486
V182P,-8.51260757446289,-2.064775988
V182N,-5.2250847816467285,-0.702460049
V182M,-3.0458903312683105,0.054890954
V182T,-1.9563454389572144,0.371480755
V182K,-2.962796688079834,-0.7636989390000001
V182H,-5.589555740356445,-0.88560035
V182G,-8.125455856323242,-2.131709214
V182F,-3.6231184005737305,-0.285885759
V182E,-4.194568634033203,-1.211022751
V182D,-7.078150749206543,-1.267112915
V182C,-7.946223735809326,-0.4216566470000001
V182I,-0.12213659286499023,-0.418796985
V182W,-7.056035995483398,0.504267886
V182Y,-3.6132912635803223,-0.313028437
V182A,-4.666255474090576,-0.413391976
N183D,-4.175628185272217,-2.834033224
N183Y,-7.66483211517334,-3.227352438
N183T,-6.0124921798706055,-3.019864697
N183S,-4.481766223907471,-2.573256566
N183R,-9.96756362915039,-4.1120974630000005
N183Q,-9.003204345703125,-3.539656292
N183P,-11.65231990814209,-3.663074156
N183M,-10.37831974029541,-3.0430654839999995
N183L,-10.212961196899414,-4.222770958
N183K,-7.0871477127075195,-2.341470348
N183I,-8.128917694091797,-3.30992563
N183H,-6.643479347229004,-2.642250158
N183G,-9.17219352722168,-4.02113989
N183F,-10.670133590698242,-3.044701025
N183E,-9.296982765197754,-2.959027665
N183C,-9.974603652954102,-1.968601827
N183V,-8.954547882080078,-3.865568417
N183W,-12.772257804870605,-2.985560562
N183A,-9.412040710449219,-3.355124945
N184T,-2.0245096683502197,0.314436818
N184V,-3.8681180477142334,0.119372846
N184Y,-4.670909881591797,-0.508834159
N184Q,-1.9185125827789307,-0.002140155
N184P,-3.54966139793396,-3.391912294
N184M,-5.558224678039551,-0.235906941
N184R,-3.7012264728546143,-0.816812798
N184K,-1.4401228427886963,-0.009830656
N184I,-5.284822463989258,-0.784897903
N184L,-5.449555397033691,-0.00185723
N184H,-2.663357973098755,-1.042268418
N184G,-2.1795380115509033,-0.332465686
N184F,-6.454242706298828,-1.59608033
N184E,1.4146121740341187,-0.08092491
N184D,3.15942645072937,0.123790124
N184C,-7.53494930267334,-1.375848023
N184A,-2.3357627391815186,-0.913074916
N184W,-9.42171573638916,-1.240887999
N184S,-0.9802629947662354,0.623201345
K185V,-6.886914253234863,-0.639403547
K185T,-5.693605422973633,-2.630340983
K185S,-3.630053997039795,-2.833273934
K185R,-1.9851480722427368,-0.7791729540000001
K185Q,-0.21287870407104492,-0.269630264
K185N,-2.1610770225524902,-1.101182674
K185P,-10.456377029418945,-3.098472943
K185L,-4.443756103515625,-0.55468978
K185I,-7.083122730255127,-0.694917068
K185H,-3.0335350036621094,-1.930390899
K185G,-3.406327247619629,-1.3577857130000002
K185F,-6.948508262634277,-0.581710708
K185E,-1.1804410219192505,-1.155365535
K185C,-7.8391242027282715,-2.178411962
K185A,-4.132709503173828,-0.842241525
K185Y,-6.071070671081543,-1.6907307719999998
K185W,-7.897618770599365,-1.4037206919999998
K185M,-4.849579811096191,-0.375103255
K185D,-3.2348222732543945,-2.38031884
G186D,-2.7854928970336914,-0.412396641
G186C,-8.618584632873535,-3.042244415
G186E,-2.613377332687378,-0.209573471
G186F,-8.123899459838867,-2.345973138
G186H,-6.514030456542969,-1.321881151
G186I,-8.467761039733887,-2.88246291
G186K,-4.2733988761901855,-0.894040499
G186L,-6.295909881591797,-0.950660678
G186A,-5.443674564361572,-0.70001793
G186M,-5.886352062225342,-1.667788408
G186P,-11.426624298095703,-1.340385298
G186Q,-4.965760231018066,-2.189415041
G186R,-3.876579999923706,-0.394275576
G186S,-4.40933084487915,-0.253783285
G186T,-7.000060081481934,-0.5025660670000001
G186V,-6.600236892700195,-1.978839272
G186N,-3.4981889724731445,-2.240734128
G186W,-7.04840612411499,-1.796171062
G186Y,-6.834298610687256,-2.849912153
K187R,-1.9169590473175049,-0.387781551
K187Y,-7.5515360832214355,-2.581475027
K187W,-9.768813133239746,-2.641397423
K187V,-6.804518699645996,-0.654140453
K187T,-5.748017311096191,-0.475227136
K187S,-5.305424690246582,-1.19909154
K187Q,-2.705853223800659,-0.469351941
K187P,-9.237635612487793,-3.724375497
K187M,-6.47706413269043,-1.372075389
K187N,-3.7408509254455566,-0.392362593
K187I,-7.806453704833984,-0.76173908
K187H,-3.7320404052734375,-1.7617556319999998
K187G,-6.039983749389648,-1.835391856
K187F,-9.410541534423828,-2.386981918
K187E,-3.0627732276916504,-1.099697409
K187D,-5.743145942687988,-2.715299109
K187C,-9.147015571594238,-0.6070455339999999
K187A,-5.788657188415527,-1.266898143
K187L,-7.039613723754883,-0.8561816520000001
E188R,-7.721347332000732,-1.390977701
E188P,-7.078988552093506,-0.1819518
E188Q,-5.610410213470459,-0.496643796
E188S,-7.669647693634033,-0.760729192
E188V,-8.728117942810059,-0.827516371
E188W,-12.936903953552246,-1.098233093
E188Y,-11.84311294555664,-1.802871679
E188N,-6.357152462005615,-2.07231442
E188T,-6.974515914916992,-1.168801626
E188M,-10.832496643066406,-1.568890098
E188D,-2.273204803466797,-0.190521141
E188K,-3.8539838790893555,-1.728019933
E188L,-11.698493003845215,-0.627332298
E188C,-13.840496063232422,-2.644822419
E188F,-14.055147171020508,-0.754583879
E188A,-7.083968639373779,-1.4597903419999998
E188H,-9.608229637145996,-0.736716473
E188I,-10.999370574951172,-1.534829003
E188G,-7.316416263580322,-2.086959085
V189L,-3.9193780422210693,-1.711855783
V189T,-6.257086753845215,-2.6901288460000004
V189W,-11.713663101196289,-3.2284884
V189S,-8.698649406433105,-3.83234844
V189R,-9.009782791137695,-3.913913898
V189Q,-8.91852855682373,-3.609969358
V189P,-10.693927764892578,-3.993904382
V189N,-9.771238327026367,-3.725696509
V189K,-8.104902267456055,-3.673578362
V189M,-4.205754280090332,-2.299000513
V189H,-11.113616943359375,-3.595317849
V189I,-3.0690555572509766,-0.89193549
V189A,-4.937590599060059,-2.739924541
V189C,-11.032679557800293,-2.66363844
V189Y,-10.401876449584961,-3.436166329
V189E,-3.699084758758545,-3.429148211
V189F,-7.405925273895264,-3.4067442210000003
V189G,-8.387136459350586,-2.909142943
V189D,-8.85728931427002,-3.378839287
L190C,-11.52919864654541,-3.631717715
L190D,-14.775815963745117,-3.633337103
L190E,-13.017683029174805,-3.125381898
L190F,-4.162447929382324,-2.503684612
L190G,-13.273923873901367,-4.163849647
L190H,-9.058601379394531,-3.152516165
L190I,-6.434897422790527,-2.782061638
L190K,-10.976471900939941,-3.998209717
L190N,-11.868618965148926,-3.442514213
L190P,-10.542428970336914,-3.073865904
L190Q,-9.395936012268066,-3.089043152
L190S,-9.783489227294922,-4.157999759
L190T,-10.196684837341309,-3.808427811
L190V,-6.618334770202637,-2.538312351
L190W,-8.752473831176758,-3.318654951
L190Y,-7.1852264404296875,-3.78836103
L190A,-10.722243309020996,-2.772030758
L190M,-5.1228837966918945,-1.753158474
L190R,-9.438211441040039,-4.015519664
V191C,-10.83687973022461,-2.151945862
V191A,-6.250462055206299,-2.37725516
V191Y,-8.926027297973633,-2.7155740510000004
V191W,-10.225834846496582,-2.757345061
V191T,-7.095038414001465,-3.406205147
V191S,-9.273738861083984,-3.937226708
V191R,-10.168985366821289,-3.474969409
V191Q,-11.489416122436523,-3.302470195
V191P,-12.920919418334961,-3.958767223
V191N,-11.192853927612305,-3.533586617
V191M,-6.137566566467285,-1.571407239
V191L,-5.40146541595459,-0.381880909
V191K,-11.300077438354492,-3.85849211
V191I,-3.8970212936401367,-0.295318287
V191H,-11.095619201660156,-3.0659680380000003
V191G,-10.58810806274414,-3.484677607
V191F,-6.895222187042236,-2.3762315330000003
V191E,-10.361594200134277,-2.655462953
V191D,-12.223062515258789,-3.585945732
L192Y,-8.452569007873535,-2.618906891
L192W,-9.129121780395508,-2.590586245
L192A,-8.742993354797363,-2.736489379
L192V,-5.010747909545898,-0.949185193
L192T,-7.954516410827637,-2.387404098
L192S,-8.65458869934082,-3.848042908
L192R,-9.332889556884766,-3.355363732
L192P,-9.346333503723145,-2.624373017
L192N,-10.229974746704102,-3.4999794910000004
L192M,-3.578683853149414,-1.35350841
L192K,-10.46870231628418,-3.393114913
L192Q,-8.103818893432617,-2.381019591
L192H,-8.212812423706055,-3.330721667
L192G,-11.608882904052734,-3.563583266
L192F,-4.028716087341309,-1.510891866
L192E,-10.557126998901367,-3.325709469
L192D,-12.626922607421875,-3.445974007
L192C,-10.835892677307129,-3.275504877
L192I,-5.221229553222656,-0.793774523
W193I,-12.395954132080078,-3.981315942
W193A,-11.733644485473633,-3.710142164
W193C,-9.582757949829102,-3.022397733
W193D,-13.107681274414062,-3.477966055
W193E,-13.055839538574219,-3.378529914
W193F,-8.442892074584961,-1.138282789
W193G,-11.077421188354492,-3.209400496
W193H,-10.11789608001709,-3.299578542
W193Y,-7.623323440551758,-1.803678577
W193K,-12.187938690185547,-2.8334815410000003
W193M,-11.866504669189453,-2.925537398
W193N,-11.960368156433105,-3.777463646
W193P,-14.468976974487305,-3.665214498
W193Q,-11.606621742248535,-3.354324192
W193R,-9.27285385131836,-3.273276199
W193S,-9.345248222351074,-3.568638839
W193T,-11.662237167358398,-3.82180753
W193V,-11.959505081176758,-2.904405749
W193L,-9.620124816894531,-3.054441451
G194A,-6.02913236618042,-0.598594857
G194Q,-11.86121940612793,-3.17835137
G194R,-8.356722831726074,-4.354465632
G194V,-8.87977123260498,-3.332790377
G194T,-9.619148254394531,-4.365874954
G194P,-13.030370712280273,-3.77377173
G194S,-6.429903984069824,-3.137287347
G194N,-9.410423278808594,-3.521124134
G194I,-11.59106731414795,-3.994308071
G194L,-12.022031784057617,-4.371554366
G194K,-10.836787223815918,-3.5201384260000004
G194Y,-11.866679191589355,-3.840056784
G194H,-12.20396614074707,-3.676206652
G194F,-12.649632453918457,-3.745819642
G194E,-8.1205415725708,-3.293303546
G194D,-7.687041282653809,-2.636897326
G194C,-9.191492080688477,-2.992816506
G194M,-12.134406089782715,-3.32001501
G194W,-10.137228965759277,-3.2598632110000003
V195L,-0.9609630107879639,-1.188780226
V195H,-9.249594688415527,-3.841500176
V195A,-5.734174728393555,-2.061047765
V195E,-9.519018173217773,-3.546642572
V195Y,-7.469118118286133,-3.022279477
V195C,-8.167244911193848,-2.456395369
V195D,-10.187911987304688,-2.609932966
V195W,-8.253705024719238,-2.601290296
V195G,-9.378493309020996,-3.330185482
V195T,-4.580752372741699,-3.3034232789999995
V195R,-8.867936134338379,-4.406830317
V195Q,-9.194062232971191,-3.599075942
V195P,-9.112104415893555,-3.868902837
V195N,-7.134520530700684,-3.688740024
V195M,-3.8843061923980713,-1.78824114
V195I,3.429926872253418,-0.788673326
V195S,-7.3870439529418945,-4.222566931999999
V195F,-4.0782623291015625,-2.042307929
V195K,-8.894563674926758,-3.7116129
H196A,-10.725942611694336,-3.677605462
H196W,-11.25706672668457,-2.924027242
H196V,-11.22938346862793,-4.062212262
H196T,-8.78641128540039,-3.791743174
H196S,-7.2451019287109375,-4.090638711
H196R,-7.783771514892578,-2.169301526
H196Q,-7.051353454589844,-2.697900787
H196P,-11.94384479522705,-3.959243752
H196Y,-6.837856769561768,-3.046199432
H196N,-4.678976058959961,-2.79995441
H196L,-9.834568977355957,-3.786006904
H196K,-8.817880630493164,-3.748200901
H196I,-11.102411270141602,-3.894070012
H196G,-11.016851425170898,-3.794753095
H196F,-8.674507141113281,-3.28998382
H196E,-11.435830116271973,-3.38890491
H196D,-9.545073509216309,-3.1282544110000003
H196M,-11.98114013671875,-3.47384224
H196C,-11.973353385925293,-3.427689043
H197K,-3.800060510635376,-2.494515215
H197D,-9.718456268310547,0.449861208
H197Y,-2.654827356338501,-0.5521699520000001
H197W,-8.456527709960938,-0.655935053
H197V,-6.117090225219727,-1.416844288
H197T,-7.305209159851074,-1.697952333
H197S,-7.007048606872559,-0.460138019
H197R,-4.575503826141357,-2.050356621
H197Q,-5.983977317810059,-0.365028282
H197P,-6.455661296844482,-3.633860739
H197N,-7.085129737854004,0.59303092
H197M,-7.939817905426025,-0.202408883
H197L,-5.832454204559326,-1.287307851
H197I,-6.537069797515869,-0.8718569690000001
H197G,-9.608988761901855,-1.967734424
H197F,-2.4471092224121094,-0.383135657
H197E,-8.330084800720215,-0.765349223
H197C,-8.977422714233398,-1.174895168
H197A,-7.098082065582275,-0.382286181
P198L,-6.668674945831299,-2.414399685
P198C,-11.588969230651855,-2.130632562
P198A,-6.725710868835449,-1.866930233
P198Y,-9.282410621643066,-2.412763681
P198V,-8.74295711517334,-1.7106070969999998
P198T,-7.227911949157715,-2.700870747
P198S,-5.48227596282959,-1.628040142
P198R,-8.292879104614258,-2.977098094
P198Q,-7.007441997528076,-2.398080746
P198N,-8.935521125793457,-2.6160448080000003
P198W,-11.203489303588867,-2.020352868
P198K,-8.757142066955566,-2.920942119
P198I,-9.061895370483398,-2.538049679
P198H,-7.536901473999023,-1.932638944
P198G,-9.564067840576172,-2.625142727
P198F,-9.518890380859375,-2.50850425
P198E,-8.78192138671875,-2.484436464
P198D,-9.005722045898438,-2.450029725
P198M,-10.064519882202148,-2.18404678
S199Y,-4.483295440673828,-1.457677445
S199D,-5.11922550201416,-1.703266882
S199E,-4.978005409240723,-0.841440352
S199F,-5.053372383117676,0.244224866
S199G,-4.508894920349121,-1.137102027
S199I,-4.023077964782715,-1.454473215
S199K,-4.234867095947266,-1.770065125
S199L,-3.1484181880950928,-2.6962084510000004
S199Q,-4.325658798217773,-1.57606053
S199N,-3.4412028789520264,-1.676570558
S199P,0.4537203311920166,-1.292703577
S199R,-4.366944313049316,-1.7101236169999998
S199T,-0.18815970420837402,-1.649553459
S199V,-3.763556718826294,-1.259175718
S199C,-5.904313087463379,-1.547754885
S199W,-5.456600189208984,-1.251557782
S199M,-5.5452070236206055,-1.322324768
S199A,-1.9969089031219482,-1.894603115
S199H,-4.430881500244141,-1.447644103
S200G,-4.221373081207275,-0.691586569
S200D,-4.0700249671936035,-2.189793091
S200E,-4.025498390197754,-1.827496443
S200F,-5.35775899887085,-2.080815753
S200H,-4.379811763763428,-1.7107143809999998
S200I,-2.554135322570801,-1.806459628
S200K,-2.240304946899414,-1.132442746
S200C,-7.448689937591553,-1.31345625
S200L,-3.590115547180176,-1.555834185
S200N,-1.5517044067382812,-1.427362406
S200P,-4.522069454193115,-2.321189543
S200Q,-3.7621378898620605,-1.89618396
S200R,-3.2662606239318848,-1.829609835
S200T,2.7080981731414795,-1.235085279
S200V,-3.402355670928955,-1.94172673
S200M,-4.119253158569336,-1.757447069
S200A,-2.7449145317077637,-1.780084636
S200W,-6.968696117401123,-1.721074397
S200Y,-4.736999034881592,-2.178310257
S201T,0.43639135360717773,-0.144818425
S201P,-0.8747535943984985,-0.922111821
S201N,-1.7920156717300415,-0.410620745
S201M,-2.898655414581299,-0.560905993
S201L,-1.5420771837234497,0.628515551
S201K,-1.7220193147659302,-0.979514208
S201I,-0.879421591758728,0.026304832
S201H,-2.844033718109131,0.546391913
S201G,-2.101619243621826,-0.222343295
S201V,-0.5492497682571411,-0.897189334
S201F,-3.243485927581787,-0.72995804
S201E,-2.152489185333252,-0.304962261
S201D,-2.4761910438537598,0.152286268
S201C,-5.816262722015381,-0.688388863
S201A,-0.6949421167373657,0.6862115409999999
S201Y,-2.7697386741638184,-0.103396586
S201W,-4.801868915557861,-0.313622821
S201Q,-2.7510228157043457,0.140411088
S201R,-2.2625670433044434,-0.853267782
D202C,-3.1257858276367188,-3.165387425
D202W,-2.2427148818969727,-2.595258473
D202A,2.988318920135498,-1.3315429
D202F,-1.708028793334961,-1.829323379
D202G,1.7132108211517334,-1.7442292069999998
D202H,-1.3245601654052734,-1.7919004019999998
D202I,0.7928018569946289,-0.903215179
D202K,0.4996771812438965,-1.81900842
D202V,1.3804826736450195,-1.384028799
D202L,0.20848941802978516,-1.530035076
D202N,0.6933000087738037,-1.466558399
D202P,0.1889972686767578,-2.713235859
D202Q,-0.09819889068603516,-1.42037292
D202R,-0.27317237854003906,-3.029466483
D202S,2.5818755626678467,-0.8803485390000001
D202E,0.5821988582611084,0.528058397
D202M,-0.6994647979736328,-1.953046083
D202T,3.5187618732452393,-1.978997453
D202Y,-1.3191890716552734,-1.717319724
E203C,-8.552733421325684,-2.7613507580000003
E203A,-3.694164276123047,-2.7930993560000004
E203D,0.41326433420181274,-2.658699572
E203F,-6.576915740966797,-3.945596165
E203G,-4.005728244781494,-3.249919292
E203H,-4.959920883178711,-2.831274937
E203I,-5.219716548919678,-3.042732642
E203L,-5.426654815673828,-3.3885229110000004
E203M,-6.65305233001709,-2.860686026
E203N,-2.8337197303771973,-3.525798258
E203K,-4.240354537963867,-2.590297404
E203Q,-3.766608238220215,-2.6481072080000003
E203R,-6.040592670440674,-2.461494757
E203S,-3.943248748779297,-3.867457214
E203T,-4.644417762756348,-2.50325053
E203V,-3.8895211219787598,-3.230279814
E203W,-8.087061882019043,-2.58319161
E203Y,-4.747145652770996,-3.508360648
E203P,-5.078951358795166,-4.302213134
Q204M,-5.61187219619751,-2.383678939
Q204N,-6.069315433502197,-3.2532351060000004
Q204P,-6.267027854919434,-4.031045305
Q204V,-5.1080403327941895,-3.586830773
Q204T,-5.541701793670654,-3.698315045
Q204W,-7.352446556091309,-3.13313979
Q204L,-4.411618232727051,-3.875764117
Q204R,-4.433261871337891,-3.715183837
Q204K,-3.5636813640594482,-2.758596406
Q204S,-5.765982151031494,-2.822240054
Q204H,-4.441445350646973,-2.154122014
Q204G,-6.769384860992432,-4.008739653
Q204F,-7.070850372314453,-3.590114062
Q204E,-3.5993940830230713,-2.196856513
Q204D,-7.0535359382629395,-3.431975179
Q204C,-8.684770584106445,-3.3741446230000003
Q204Y,-6.636189937591553,-3.688525051
Q204A,-4.244932174682617,-1.076885941
Q204I,-5.192324638366699,-4.03955141
Q205A,-5.593403339385986,0.344501941
Q205I,-6.213926792144775,0.7734308529999999
Q205D,-6.301692485809326,0.5041024470000001
Q205Y,-6.330986976623535,-0.348779622
Q205W,-7.373815059661865,-0.879544897
Q205V,-6.22959566116333,-0.223767786
Q205T,-5.220311164855957,-0.761189439
Q205C,-9.316569328308105,-2.481653217
Q205R,-4.334012985229492,-1.801756918
Q205P,-5.806112766265869,-2.96512303
Q205N,-5.336295127868652,0.537476424
Q205S,-5.12611198425293,-0.702584165
Q205L,-4.78709602355957,-0.764813566
Q205M,-6.121713161468506,-0.448345198
Q205F,-7.395641803741455,-1.103386261
Q205G,-6.903646469116211,-1.30661843
Q205E,-3.603580951690674,0.589718205
Q205K,-3.4928741455078125,-1.02358275
Q205H,-3.8383216857910156,-0.8667201379999999
S206C,-5.464373588562012,-1.091374825
S206A,-1.1614717245101929,-0.7460574409999999
S206K,-0.7114453315734863,-2.074285262
S206D,-2.790498733520508,0.125166385
S206E,-1.9359618425369263,0.80739775
S206F,-3.9252171516418457,-1.153189923
S206G,-3.698672294616699,-0.284371866
S206H,-3.2888545989990234,-0.943767544
S206I,-3.905677318572998,-0.7570137459999999
S206L,-2.705183506011963,-0.969420019
S206P,-3.8458409309387207,-3.940966001
S206N,-1.537817120552063,-1.06150803
S206Q,-1.1490250825881958,-1.216346708
S206R,-2.390188217163086,-3.144766036
S206T,-0.7260363101959229,-0.463923342
S206V,-4.071801662445068,-0.558780767
S206W,-4.803974628448486,-2.741976274
S206Y,-3.4173450469970703,-0.609796433
S206M,-3.6939697265625,-0.759882701
L207Q,-6.897218227386475,-2.8264756
L207P,-6.418551445007324,-4.070680288999999
L207N,-8.832738876342773,-3.280121682
L207M,-4.8466339111328125,-0.963185971
L207K,-7.259119033813477,-2.146243342
L207I,-3.418156385421753,-1.70264043
L207H,-7.774556636810303,-1.676004028
L207D,-9.687433242797852,-3.644011199
L207F,-5.59205436706543,-3.066825863
L207E,-8.811210632324219,-2.94547709
L207C,-9.554744720458984,-1.903311293
L207R,-7.164016246795654,-2.657095481
L207W,-8.30038070678711,-2.474276875
L207A,-5.825102806091309,-3.244722284
L207G,-9.198270797729492,-4.222730158
L207S,-6.553147315979004,-3.541562271
L207V,-5.265861988067627,-2.286765701
L207T,-6.4929304122924805,-3.080345017
L207Y,-7.276897430419922,-2.356270482
Y208A,-7.425671577453613,-4.254633972
Y208R,-6.738465309143066,-4.101234108
Y208Q,-8.678407669067383,-3.659556271
Y208P,-9.051158905029297,-4.123781546
Y208N,-8.067791938781738,-3.021773306
Y208M,-9.167448043823242,-3.2616006260000003
Y208L,-7.198149681091309,-4.202615087
Y208K,-8.781778335571289,-3.547785858
Y208I,-8.681718826293945,-3.852197654
Y208H,-5.721938133239746,-2.581677093
Y208G,-8.552925109863281,-3.92132506
Y208F,-5.087275505065918,-3.109263696
Y208E,-9.430789947509766,-3.644877175
Y208D,-9.267545700073242,-3.2601680460000004
Y208S,-7.23982572555542,-3.462370825
Y208T,-8.43613052368164,-4.145704894
Y208V,-9.015251159667969,-4.168299686
Y208W,-7.566708087921143,-3.173550869
Y208C,-8.07967758178711,-3.205009243
S209Y,-4.924464225769043,-0.63601559
S209W,-6.504681587219238,-1.490941696
S209V,-4.750391960144043,-1.086887528
S209T,-1.5818517208099365,0.139981696
S209R,-1.599811315536499,-1.023702391
S209Q,2.075199604034424,-0.38864246
S209P,-4.4445953369140625,-0.225353274
S209N,-1.2638940811157227,-0.0073146209999999
S209L,-3.360804319381714,-0.314161734
S209K,-0.5121490955352783,-1.540337099
S209I,-5.311132431030273,-0.97920645
S209H,-2.924900770187378,-0.7439585459999999
S209G,-1.8891637325286865,0.684362005
S209F,-5.531929969787598,-0.7302994429999999
S209M,-3.840256452560425,-0.081657705
S209D,-3.1982533931732178,-0.044181551
S209E,0.413297176361084,-0.408456291
S209A,-0.3111755847930908,0.494102881
S209C,-6.8155975341796875,-1.570317245
N210Q,-5.663090229034424,0.052343101
N210R,-6.758731842041016,0.222303967
N210S,-4.296326637268066,0.406020048
N210T,-4.887785911560059,0.694339409
N210L,-7.5410332679748535,-0.419770174
N210K,-4.340764045715332,0.15475497
N210I,-7.611578941345215,0.799034824
N210H,-5.225132942199707,0.251377894
N210M,-7.745534896850586,0.184005194
N210G,-6.777389049530029,0.368508781
N210E,-5.271388053894043,-0.239094675
N210D,-3.1643481254577637,-0.351489816
N210V,-7.973652362823486,0.347559713
N210W,-11.007421493530273,-1.038880541
N210Y,-6.093720436096191,-0.561423307
N210C,-9.935325622558594,-2.072382692
N210A,-6.520681858062744,0.591486056
N210F,-8.206576347351074,-0.54564137
N210P,-9.18669319152832,-0.175199882
G211A,4.237154006958008,0.129214564
G211W,-6.248847484588623,-1.021149392
G211T,0.015546798706054688,-0.038823222
G211C,-4.5353474617004395,-2.6958429660000003
G211Y,-4.4641032218933105,-1.026587361
G211S,1.077589511871338,-0.241862365
G211R,-2.1331892013549805,-2.182328232
G211Q,-1.3048114776611328,-1.360549786
G211P,0.845062255859375,0.558312144
G211N,-2.728353500366211,-0.356034879
G211V,-0.598076343536377,-1.031681772
G211M,-3.43145751953125,-0.635136293
G211K,-1.4368677139282227,-0.821879185
G211I,-3.015517234802246,-0.877639174
G211H,-3.636636257171631,-0.53838689
G211F,-5.145264148712158,-0.707717079
G211E,-0.3517799377441406,-0.994692527
G211D,-2.008523941040039,-0.395453318
G211L,-3.604829788208008,-0.455772445
N212F,-7.427033424377441,0.096135089
N212E,-3.339812755584717,0.5678310999999999
N212I,-7.307987213134766,-0.774446002
N212K,-4.057476043701172,-0.498256629
N212H,-4.766458511352539,-0.290612162
N212Y,-5.010959148406982,-0.858706313
N212W,-9.749812126159668,-0.992285086
N212V,-7.221630096435547,0.046759521
N212T,-4.445190906524658,-1.7002503480000002
N212S,-3.5415682792663574,-1.617378804
N212D,1.7188897132873535,-0.58519854
N212R,-6.570420265197754,-1.166570345
N212Q,-5.916968822479248,0.112168126
N212P,-7.146834373474121,0.091649922
N212M,-6.6478118896484375,-0.695087503
N212L,-6.647382736206055,-0.754563267
N212A,-5.931368350982666,0.083346614
N212C,-9.51342487335205,-2.979883951
N212G,-5.215920925140381,-0.382753018
A213V,-3.785062074661255,0.361659954
A213H,-6.583059787750244,-0.425036495
A213P,-6.928797721862793,0.009711009
A213N,-5.233154773712158,-0.378941041
A213M,-6.668874740600586,-1.030054054
A213L,-6.352782726287842,-2.102646577
A213K,-7.72081184387207,0.016577047
A213I,-5.657981872558594,-1.4728120619999998
A213G,-1.375871181488037,-0.738931065
A213F,-7.628351211547852,-1.4864848119999998
A213E,-7.3788161277771,-2.8808585589999995
A213D,-6.499557971954346,-1.2298545790000002
A213C,-6.40888786315918,-0.802499945
A213R,-7.066838264465332,-0.860029006
A213Q,-7.787949562072754,-2.034329993
A213W,-9.192444801330566,-2.455420904
A213S,-2.5181028842926025,0.381090687
A213T,-3.6900579929351807,-0.263643271
A213Y,-7.2878031730651855,-1.484027224
Y214W,-6.367988109588623,-1.603537087
Y214C,-8.683784484863281,-1.414580931
Y214V,-7.4552001953125,-0.46078452
Y214T,-7.53385066986084,-2.335560135
Y214S,-7.358904838562012,-1.351205807
Y214R,-8.060347557067871,-1.705658562
Y214Q,-8.809693336486816,-0.973036797
Y214P,-10.843552589416504,-2.948671498
Y214D,-9.5333251953125,-2.109158332
Y214M,-8.158414840698242,-0.79534766
Y214N,-7.307061195373535,-1.905911955
Y214G,-10.464366912841797,-2.319702945
Y214E,-9.710162162780762,-0.082211857
Y214H,-4.801632881164551,-0.931597511
Y214F,-3.360507011413574,-1.139491285
Y214I,-7.079431533813477,-0.996368341
Y214A,-9.332622528076172,-1.953343631
Y214K,-7.933602809906006,-1.322179587
Y214L,-6.8733296394348145,-1.644675005
V215C,-9.684048652648926,-3.248514854
V215D,-9.852998733520508,-3.126658265
V215E,-9.204200744628906,-3.180468334
V215F,-7.591248512268066,-2.421613297
V215G,-8.364911079406738,-3.955425556
V215H,-11.184440612792969,-3.465546831
V215I,-2.9893345832824707,-0.913728964
V215K,-9.999170303344727,-3.301503223
V215M,-5.6047210693359375,-2.442743224
V215Y,-10.122001647949219,-3.308604025
V215N,-9.547257423400879,-3.528895487
V215P,-8.040557861328125,-4.191790987
V215R,-10.510918617248535,-3.983720645
V215S,-7.825618267059326,-4.109275728
V215T,-4.866598129272461,-2.888713244
V215W,-12.075246810913086,-2.7992658560000003
V215A,-3.9177157878875732,-2.04562867
V215L,-4.549468040466309,-2.015694506
V215Q,-10.473037719726562,-3.092737779
S216F,0.6764976978302002,-0.356778834
S216Y,-1.163856029510498,-0.062487569
S216G,-3.9799413681030273,-2.176296905
S216H,-4.602788925170898,-1.993638158
S216I,-0.7277443408966064,-0.05008052
S216K,-3.0841245651245117,-1.7708941969999998
S216D,-4.436971664428711,-0.791903032
S216N,-2.820758819580078,-2.071087047
S216E,-4.329173564910889,-3.117187325
S216P,-5.325887203216553,-2.602331717
S216R,-4.163082599639893,-0.400582923
S216T,-1.0379562377929688,-0.778516212
S216V,2.8125076293945312,-0.355965632
S216W,-6.939258098602295,-0.947328675
S216C,-4.09445333480835,-1.81462657
S216A,-0.25586938858032227,-0.356810624
S216Q,-5.531773090362549,0.154587072
S216M,-1.7953171730041504,-0.307270834
S216L,-1.9003782272338867,-0.859354905
V217L,-6.352954864501953,-3.021789615
V217C,-9.144479751586914,-3.042846506
V217D,-9.305791854858398,-3.1021053760000004
V217E,-9.101380348205566,-2.9285657689999995
V217T,-6.823732852935791,-3.233276893
V217S,-8.681626319885254,-4.0354074560000015
V217R,-10.859607696533203,-3.734452103
V217A,-4.632596969604492,-3.207863184
V217Q,-11.85264778137207,-3.219610126
V217N,-10.036561965942383,-3.429519419
V217M,-7.191187381744385,-2.574309488
V217K,-10.279195785522461,-3.4744778430000003
V217I,-2.522149085998535,-2.149932727
V217H,-12.209309577941895,-2.8327871030000003
V217G,-9.277693748474121,-3.484387845
V217P,-9.692713737487793,-3.845777256
V217F,-8.1475248336792,-3.288261542
V217W,-12.381654739379883,-2.903149953
V217Y,-10.682561874389648,-3.264146842
A218V,-0.8792119026184082,-0.242073909
A218S,-0.5332214832305908,0.394491361
A218R,-1.1951804161071777,-1.839830675
A218Q,-3.2251853942871094,-0.580993698
A218W,-6.325836181640625,1.21119109
A218P,-5.916302680969238,-3.198492205
A218N,-1.3178575038909912,-1.873200382
A218D,-1.1310577392578125,-1.69577972
A218L,-3.551900863647461,-0.374898445
A218K,0.8498218059539795,-2.183033832
A218I,-2.7283449172973633,-0.567510811
A218H,-2.155557632446289,0.40954544
A218G,-1.0041000843048096,-1.903566321
A218F,-4.845902442932129,-0.160785655
A218E,-1.2669425010681152,-0.99341008
A218C,-4.354604721069336,-0.492776209
A218M,-2.287855625152588,-0.459470547
A218T,0.8485767841339111,-0.315319239
A218Y,-3.4576616287231445,-0.560629763
S219D,-6.32377290725708,-1.915265311
S219E,-7.400766849517822,-2.834691515
S219F,-7.706356525421143,-2.164830744
S219G,-3.5047659873962402,-0.943499006
S219H,-6.582022190093994,-1.7955951140000002
S219I,-4.8253560066223145,-2.5294999380000003
S219K,-5.112423896789551,-1.261283191
S219C,-5.329494953155518,-1.236848318
S219L,-6.661648273468018,-2.6361018240000003
S219P,-5.308342933654785,-3.131943194
S219Q,-7.70418119430542,-1.373671206
S219R,-5.54163122177124,-3.398276568
S219T,2.035092830657959,-0.930316985
S219V,-5.868897914886475,-1.706310278
S219W,-9.316766738891602,-1.107122416
S219Y,-7.430001735687256,-2.281900247
S219M,-4.427606582641602,-2.03452047
S219A,-1.7866389751434326,-0.457293877
S219N,-3.6622304916381836,-2.768743043
S220E,-5.32101583480835,-0.394352781
S220A,-3.4760215282440186,-0.094471387
S220Y,-6.210465908050537,-0.476241698
S220C,-5.699041843414307,-1.226070953
S220D,-4.25925874710083,-0.050531909
S220W,-8.171928405761719,-1.024811086
S220V,-5.568950176239014,-0.477347182
S220F,-6.632118225097656,0.38343746
S220R,-5.988956451416016,1.266632145
S220T,-2.39119291305542,-0.072972498
S220P,-5.361283779144287,0.47835975
S220N,-2.859464645385742,0.6006246679999999
S220M,-6.769416809082031,1.194224569
S220L,-6.159543037414551,0.506305336
S220K,-4.769499778747559,0.3660094270000001
S220I,-6.090896129608154,-1.246640803
S220H,-6.608351707458496,0.301237238
S220G,-4.436886310577393,0.182987403
S220Q,-6.481805801391602,0.1628551869999999
N221S,0.6357674598693848,-0.631973364
N221Y,-2.29258394241333,-0.354676551
N221R,5.297062397003174,-0.266977562
N221Q,0.8288173675537109,-0.726804789
N221P,-3.8415822982788086,-2.436981515
N221E,-1.4160208702087402,-0.692674453
N221L,-0.6790695190429688,0.278498477
N221K,3.6684489250183105,-0.914862686
N221I,-1.6275911331176758,-2.324576989
N221H,0.4594283103942871,-0.560540485
N221G,-1.7287921905517578,-0.054303048
N221F,-3.3956403732299805,-1.7905030780000002
N221D,-2.9270286560058594,0.407526017
N221C,-3.01163387298584,-1.012712888
N221A,-1.8164920806884766,-0.106791363
N221M,-1.2648210525512695,-1.201577558
N221T,0.8325371742248535,-0.047507372
N221V,-2.0554614067077637,-1.473700356
N221W,-2.540813446044922,-0.531318263
Y222E,-6.507169723510742,-2.38847943
Y222F,-3.8731911182403564,0.02431022
Y222G,-6.907582759857178,-3.458506182
Y222H,-4.1015777587890625,-0.8046967190000001
Y222I,-7.3063530921936035,-0.884835863
Y222K,-6.447635650634766,-1.969864742
Y222L,-6.373335838317871,-0.936337747
Y222M,-7.857554912567139,-0.345560881
Y222N,-5.313676834106445,-2.784789683
Y222P,-7.89091682434082,-4.3132759080000005
Y222Q,-5.835801124572754,-1.912038938
Y222R,-6.475527286529541,-1.95927905
Y222S,-5.116880416870117,-1.402376331
Y222T,-6.191896438598633,-1.184273569
Y222D,-6.475345134735107,-2.125386805
Y222C,-7.062223434448242,-1.687112551
Y222W,-8.05799674987793,-0.566737295
Y222A,-7.4641337394714355,-1.996267326
Y222V,-7.471000671386719,-1.106347035
N223H,0.07451820373535156,0.271302663
N223W,-1.7966046333312988,-1.294597445
N223A,-0.8605923652648926,-0.29577571
N223V,-1.1378703117370605,0.086104208
N223T,0.5221757888793945,-2.515673874
N223G,-1.822746753692627,-0.426828704
N223S,2.685171604156494,-2.015696332
N223Q,-1.4678492546081543,-0.762491149
N223P,-3.424736499786377,-4.508576164
N223M,-1.6003193855285645,-1.489490393
N223L,-1.0527124404907227,0.092846582
N223K,-1.4978928565979004,-2.020124582
N223E,-1.8042364120483398,0.606572994
N223I,-1.0764074325561523,0.338940347
N223R,-1.6292309761047363,-1.820076376
N223F,1.823177695274353,1.062255937
N223C,-1.8426051139831543,-0.855778437
N223D,-1.936723232269287,-0.00623293
N223Y,2.4437174797058105,0.9001375690000001
R224A,-5.532755374908447,-0.400520015
R224C,-5.698996543884277,-1.334125889
R224D,-6.59531831741333,-2.4631415530000003
R224E,-4.497689247131348,-1.342647519
R224F,-6.751916885375977,-1.184874325
R224G,-4.8019795417785645,-0.146061367
R224H,-3.038644790649414,0.081949278
R224K,-0.14668363332748413,-0.474826804
R224I,-5.295856475830078,-1.798828235
R224N,-4.150026321411133,-0.293526654
R224P,-4.926896095275879,-3.682037939
R224Q,-1.0430283546447754,-0.34822725
R224S,-3.5455901622772217,-0.6499576260000001
R224T,-3.92040753364563,-1.209871962
R224V,-5.717569351196289,-1.36061584
R224W,-6.070326328277588,-1.015947233
R224Y,-5.960492134094238,-1.724194271
R224M,-4.383922100067139,-1.42139258
R224L,-4.21288537979126,-1.252877451
R225D,-3.9592196941375732,-2.715527853
R225E,-1.737431287765503,-2.824210544
R225Y,-4.577787399291992,-1.585981383
R225F,-5.305116653442383,-1.351034201
R225A,-3.1426541805267334,-2.003365478
R225W,-5.867690086364746,-2.03846758
R225G,-4.274196624755859,-2.176715448
R225C,-6.665200233459473,-2.0947108080000003
R225I,-1.5385396480560303,-1.6158516019999998
R225V,-1.9883148670196533,-1.815772425
R225T,-0.17966914176940918,-3.135317203
R225S,-1.7773516178131104,-2.628432267
R225Q,-1.3525116443634033,-1.11739004
R225P,-4.337002754211426,-3.801288735
R225N,-1.2574570178985596,-2.47436302
R225M,-2.172276735305786,-1.16323174
R225L,-2.9106976985931396,-0.75906287
R225K,3.2700374126434326,-0.951635402
R225H,-3.2282321453094482,-2.1367992680000003
F226D,-11.444231986999512,-0.820907783
F226W,-6.371318817138672,-0.8603780670000001
F226Y,-5.124554634094238,-0.370856945
F226A,-9.313233375549316,-2.3409558880000003
F226C,-9.506204605102539,-0.88505131
F226V,-5.817479133605957,0.225250264
F226E,-10.652408599853516,-1.039344513
F226G,-10.428629875183105,-2.953203534
F226R,-10.797809600830078,-3.070980344
F226S,-8.391765594482422,-1.075090992
F226T,-8.760562896728516,-1.013595532
F226P,-10.299659729003906,-4.090688282
F226N,-10.608880996704102,-2.647063341
F226Q,-10.493620872497559,-1.345476524
F226L,-4.990146636962891,-0.908927004
F226K,-11.240774154663086,-3.038352095
F226I,-4.7795844078063965,-0.033019798
F226H,-10.187899589538574,-0.724494593
F226M,-7.479987144470215,-0.415555069
T227F,-8.539155960083008,-0.044337659
T227A,-5.212515354156494,-0.248352537
T227C,-9.448484420776367,-1.080491448
T227D,-7.1788530349731445,-2.137928093
T227E,-6.184264659881592,-0.570957012
T227G,-8.073297500610352,-1.625989335
T227M,-5.112833499908447,-0.252687775
T227I,-4.182798385620117,0.802230395
T227H,-7.682319641113281,-0.8880088079999999
T227W,-9.946176528930664,-0.1631937319999999
T227S,-3.60732102394104,-0.311917039
T227R,-5.07136869430542,-0.7071237579999999
T227Q,-6.513193607330322,-0.666932417
T227V,-4.75877046585083,0.098460766
T227Y,-7.707440376281738,-0.174221682
T227N,-4.659544944763184,-0.8987864179999999
T227L,-6.6352410316467285,-0.101073346
T227K,-2.082841157913208,-0.143710661
T227P,-8.093780517578125,-3.310666594
P228F,-8.547348022460938,-3.005405169
P228W,-11.421802520751953,-2.923535302
P228A,-6.452199935913086,-0.29066131
P228C,-10.648663520812988,-1.967915786
P228D,-10.95747184753418,-2.917190179
P228E,-10.306892395019531,-2.311964787
P228G,-9.562410354614258,-1.5855716009999998
P228Q,-9.037313461303711,-3.306404924
P228I,-8.06033706665039,-0.072060829
P228K,-9.775239944458008,-2.354516436
P228M,-9.015952110290527,-2.294156139
P228N,-9.807034492492676,-0.875175697
P228R,-9.588711738586426,-2.561205701
P228Y,-9.096964836120605,-1.928582011
P228S,-6.819122314453125,-0.660303686
P228H,-9.076763153076172,-2.6991563810000003
P228L,-7.20937967300415,-1.871237225
P228V,-7.29921293258667,-0.295771888
P228T,-7.120090961456299,-0.873290288
E229D,-6.603888511657715,-0.852998556
E229F,-12.382026672363281,0.319025723
E229G,-9.632596015930176,-0.327618695
E229H,-10.633129119873047,-0.6099331170000001
E229I,-7.965953350067139,-1.901847172
E229K,-7.707918167114258,-2.469757327
E229L,-9.938362121582031,-1.330341561
E229M,-9.278959274291992,-1.867919917
E229C,-13.387285232543945,-0.8642887109999999
E229N,-8.861869812011719,-1.7482713019999998
E229Q,-7.677180767059326,-0.7143789070000001
E229R,-10.27322769165039,-1.363511371
E229S,-9.371597290039062,-0.14117193
E229T,-7.842470169067383,0.0731858109999999
E229V,-7.6503376960754395,-0.8784809109999999
E229W,-13.921984672546387,0.581133814
E229Y,-11.33843994140625,0.105099025
E229P,-12.942790985107422,-2.21828284
E229A,-9.074846267700195,-0.8176018840000001
I230A,-7.813741207122803,-1.427246866
I230C,-11.52497386932373,-0.947039644
I230H,-10.139829635620117,-1.094794222
I230E,-9.59130573272705,-2.283982077
I230F,-6.029685020446777,-1.015335746
I230G,-9.438567161560059,-2.751915514
I230Y,-7.669223308563232,-0.8250545690000001
I230W,-11.00336742401123,-1.769741727
I230V,-4.250888824462891,0.471519095
I230D,-10.65219497680664,-2.551236912
I230T,-6.341379642486572,-1.036853812
I230R,-9.261332511901855,-1.886656182
I230Q,-9.200783729553223,-0.866929851
I230P,-7.813736915588379,-1.213984004
I230N,-8.501697540283203,-1.258950014
I230M,-4.222543716430664,-1.352664494
I230L,-4.768042087554932,-0.491120089
I230S,-8.455513000488281,-1.361948723
I230K,-8.139802932739258,-1.667865336
A231R,-9.724686622619629,-0.965148536
A231W,-12.049283981323242,0.707247362
A231Y,-9.214363098144531,0.535996905
A231C,-7.996502876281738,-0.6674781
A231D,-6.723943710327148,-0.7749280609999999
A231E,-8.064774513244629,-3.189400655
A231F,-9.035304069519043,0.012637558
A231G,-4.430683135986328,-1.568837336
A231H,-10.354331970214844,-0.12105188
A231I,-7.711440563201904,-0.954195001
A231K,-9.63028621673584,-1.55477652
A231L,-8.152130126953125,0.392636204
A231M,-8.423942565917969,-0.282669162
A231N,-7.540581703186035,-1.112438795
A231P,-8.032486915588379,-3.5274993880000003
A231Q,-9.338371276855469,0.626604965
A231T,-5.618016242980957,0.6146804060000001
A231V,-5.2570953369140625,1.036198437
A231S,-2.3079161643981934,0.081079669
A232M,-1.9573335647583008,0.8494292179999999
A232T,-1.238227367401123,-0.470028815
A232S,-0.623892068862915,-0.103761585
A232R,-5.7558465003967285,-0.277131474
A232Q,-4.990328311920166,-0.016711303
A232P,-5.369725704193115,0.272729033
A232N,-2.5868172645568848,0.081762887
A232L,-1.537971019744873,0.983204514
A232K,-4.663333892822266,0.028673716
A232V,-0.11627054214477539,0.689007942
A232I,0.6330971717834473,1.120066176
A232G,-4.239321231842041,-0.435371094
A232F,-3.4302263259887695,1.303732876
A232E,-5.358850955963135,0.954749485
A232D,-5.815741062164307,-0.133505829
A232C,-3.5617527961730957,-0.211226251
A232Y,-2.983327865600586,0.966388213
A232H,-5.08210563659668,0.338578084
A232W,-4.297242641448975,1.004457966
R233W,-9.081807136535645,-2.280773325
R233P,-10.613950729370117,-4.011261149
R233N,-10.026942253112793,-2.500181032
R233M,-10.20116138458252,-2.931593336
R233L,-9.376683235168457,-3.124455635
R233Q,-8.013848304748535,-3.295952621
R233T,-9.287919044494629,-3.337245949
R233Y,-11.067646980285645,-2.46447271
R233K,-5.92307710647583,-0.95371834
R233S,-8.118000984191895,-2.885689629
R233H,-6.597379684448242,-2.097112491
R233G,-10.157252311706543,-3.302055724
R233F,-11.902193069458008,-2.50910083
R233E,-11.228472709655762,-2.951652923
R233D,-12.12261962890625,-2.740935292
R233C,-9.026083946228027,-3.3790427810000003
R233A,-9.734909057617188,-2.55842438
R233I,-10.910544395446777,-2.742129633
R233V,-11.04356861114502,-3.3266070360000004
P234A,-6.129021644592285,-0.5997935000000001
P234Q,-7.892971038818359,-0.911847966
P234R,-8.588190078735352,-0.265504097
P234S,-5.76619815826416,-0.885232639
P234W,-12.588056564331055,-1.2088601490000002
P234V,-8.639511108398438,0.015452973
P234N,-9.897510528564453,-0.3677749320000001
P234Y,-10.118157386779785,-0.862980773
P234T,-6.862270355224609,-0.368856198
P234M,-9.66756820678711,-0.433813514
P234G,-9.604986190795898,-1.7757366680000002
P234K,-9.331622123718262,0.120327713
P234I,-9.227813720703125,-0.462140818
P234H,-8.165921211242676,-0.77658629
P234F,-9.736801147460938,-0.431156398
P234E,-9.646383285522461,-1.6807099980000002
P234D,-10.909727096557617,-3.178611413
P234C,-10.633048057556152,-1.56425404
P234L,-6.354653358459473,-0.092161277
K235G,-7.484208106994629,-1.464265388
K235E,-5.644710540771484,-0.8393219940000001
K235F,-7.193955421447754,-0.150423452
K235T,-5.232503890991211,0.024720095
K235H,-5.388541221618652,-1.7563302769999998
K235C,-7.6465325355529785,-0.189913618
K235A,-6.39992618560791,0.253769055
K235D,-8.28378677368164,-1.6992886530000002
K235I,-5.897152900695801,0.075485587
K235S,-5.893310546875,-0.101957141
K235M,-5.0346269607543945,-0.207309475
K235N,-5.870456218719482,-0.708365375
K235P,-6.234838962554932,-0.362083466
K235Q,-4.206520080566406,-0.536755416
K235R,-1.8740344047546387,0.658978063
K235V,-5.640626430511475,0.79460149
K235Y,-7.487967014312744,-0.502565751
K235L,-2.837252616882324,0.996895125
K235W,-8.756548881530762,-0.859082803
V236W,-12.089881896972656,-0.665243646
V236T,-6.359277725219727,-0.838357253
V236A,-5.955759525299072,-0.002267326
V236C,-10.701871871948242,-1.301931385
V236D,-8.371414184570312,-0.709783768
V236E,-7.570439338684082,-0.837262318
V236F,-6.692028999328613,-0.420996207
V236G,-9.351829528808594,-2.677439689
V236H,-10.785085678100586,-0.599557204
V236I,-2.6762003898620605,0.508687219
V236K,-8.099943161010742,-0.690776388
V236L,-5.45053768157959,-0.15494694
V236N,-8.271108627319336,-0.432721489
V236P,-8.889245986938477,-3.032716953
V236Q,-9.365873336791992,-0.14758703
V236R,-9.117202758789062,-0.6796635540000001
V236S,-7.875321865081787,-0.380692704
V236Y,-8.417160034179688,-1.576856588
V236M,-5.846452236175537,-0.023724591
R237T,-6.344282150268555,-1.170257066
R237Y,-8.114235877990723,0.264872515
R237C,-9.082351684570312,-1.439063678
R237D,-9.3921537399292,-0.934182594
R237E,-9.283458709716797,-2.118333085
R237F,-9.399568557739258,0.289740522
R237G,-8.626395225524902,-0.6415329989999999
R237H,-5.973079681396484,0.518723716
R237I,-8.269387245178223,-0.878913079
R237V,-8.114297866821289,-0.891957193
R237K,-5.1378936767578125,-0.633924858
R237L,-7.7364277839660645,1.021341932
R237M,-8.327141761779785,0.6577027529999999
R237N,-6.398452281951904,0.674675015
R237P,-9.928499221801758,-3.2081601280000003
R237Q,-6.819912433624268,0.25707671
R237S,-6.514763355255127,-0.240508789
R237A,-8.890824317932129,-0.7962709259999999
R237W,-9.429040908813477,-0.312278591
D238C,-6.8657660484313965,-3.132821042
D238W,-8.005093574523926,-2.078992118
D238E,-1.2365270853042603,-0.51479465
D238F,-6.7226881980896,-2.805301303
D238G,0.39272642135620117,-1.792750992
D238H,-4.673131465911865,-2.34571734
D238I,-5.798277854919434,-2.861152724
D238K,-2.294623851776123,-2.461894608
D238A,-2.3309526443481445,-2.829455088
D238L,-5.7402238845825195,-3.468623257
D238P,-5.988801002502441,-3.680387988
D238Q,-3.3957862854003906,-2.289277304
D238R,-3.6852169036865234,-3.333863787
D238S,-1.1162477731704712,-2.301076688
D238T,-3.4356284141540527,-0.321768066
D238V,-4.426329135894775,-2.941920807
D238N,0.9301948547363281,-2.007041356
D238M,-6.109997749328613,-1.951128139
D238Y,-5.044610977172852,-2.648716691
Q239L,-6.958310127258301,-1.380127761
Q239V,-8.352238655090332,-1.056609921
Q239T,-8.45102310180664,-1.421395234
Q239S,-8.754055976867676,-1.520756423
Q239R,-7.089780807495117,-1.766332826
Q239P,-10.05379581451416,-2.865719582
Q239N,-8.749160766601562,-0.741361924
Q239M,-7.989927291870117,0.24272516
Q239K,-7.1185736656188965,-1.547551224
Q239I,-9.154829025268555,-1.016757751
Q239H,-6.628232002258301,0.103064034
Q239G,-10.132943153381348,-3.09901449
Q239F,-9.984590530395508,-2.116605051
Q239E,-6.893082618713379,-1.864743253
Q239D,-10.054194450378418,-1.67072821
Q239C,-12.131122589111328,-1.951861312
Q239W,-11.992332458496094,-2.077868503
Q239A,-8.956626892089844,-0.928481796
Q239Y,-9.405355453491211,-2.608984271
H240T,3.752795696258545,0.860610112
H240A,7.395895481109619,0.117703337
H240C,-1.469926357269287,-1.311590288
H240D,3.858635187149048,-0.460771504
H240E,6.362742900848389,0.688845888
H240F,0.10659551620483398,-0.6259293570000001
H240G,2.9069390296936035,-0.077069818
H240I,1.7801690101623535,1.43858132
H240V,4.337410926818848,0.096968277
H240W,-1.498579502105713,-0.887116798
H240L,1.445101261138916,0.570046896
H240M,1.4926433563232422,1.13765077
H240N,1.9902944564819336,0.517330077
H240P,1.9097661972045898,0.67100426
H240Q,2.8719043731689453,0.962892971
H240R,2.2456741333007812,-0.131212751
H240S,4.522649765014648,0.107094557
H240K,2.70143461227417,-0.940188982
H240Y,0.564018726348877,-0.33652236
G241A,-4.597193241119385,-3.5668388460000005
G241C,-9.41137981414795,-3.036211928
G241K,-9.164519309997559,-3.102408731
G241D,-7.9766845703125,-2.515167588
G241E,-8.700593948364258,-2.267908165
G241F,-11.250262260437012,-3.002127049
G241H,-10.480048179626465,-2.340847976
G241I,-11.007074356079102,-3.32248807
G241L,-10.40001106262207,-3.092827932
G241M,-11.584759712219238,-2.527505147
G241P,-10.79749584197998,-3.529187759
G241N,-7.955260276794434,-2.138375654
G241R,-7.681263446807861,-3.084563674
G241S,-5.149051666259766,-2.74269229
G241T,-8.817386627197266,-3.178178424
G241V,-8.43020248413086,-2.7683685380000003
G241W,-10.327302932739258,-2.896951194
G241Y,-10.787976264953613,-2.954970355
G241Q,-10.030661582946777,-2.966112497
R242E,-10.230116844177246,-3.2680511180000003
R242F,-10.859479904174805,-2.510399006
R242G,-9.233441352844238,-3.305589784
R242D,-12.306440353393555,-2.945060939
R242V,-10.255950927734375,-2.526840065
R242A,-10.537437438964844,-3.172822275
R242H,-7.275730133056641,-2.988535055
R242Y,-9.663128852844238,-2.863012724
R242C,-8.796723365783691,-3.473911338
R242I,-9.719294548034668,-2.250938155
R242K,-3.755138397216797,-2.3641131680000003
R242L,-8.525115013122559,-2.271064289
R242M,-8.133790969848633,-2.545934152
R242N,-8.966437339782715,-3.265699176
R242P,-10.453205108642578,-4.376704706
R242Q,-7.47654914855957,-2.883919438
R242S,-8.368684768676758,-2.695674037
R242T,-8.721988677978516,-2.7349509760000004
R242W,-9.84988021850586,-1.283368508
M243S,-8.335914611816406,-2.947522283
M243R,-9.262595176696777,-3.278612641
M243Q,-9.379514694213867,-2.529312115
M243P,-5.469107627868652,-3.896677425
M243N,-8.92734146118164,-3.052171679
M243L,-4.131402492523193,-2.7275726760000003
M243K,-8.625215530395508,-2.727938819
M243I,-2.2597689628601074,-1.88964387
M243E,-10.294439315795898,-2.706433316
M243G,-9.77360725402832,-3.965477169
M243F,-6.477372169494629,-1.3622913769999998
M243T,-5.322965621948242,-2.859703404
M243D,-11.49118709564209,-3.261006832
M243C,-10.690545082092285,-3.1995801910000004
M243Y,-8.909357070922852,-3.433054241
M243A,-7.496136665344238,-4.086156335
M243H,-9.902569770812988,-3.11049963
M243V,-2.9283447265625,-3.317390325
M243W,-11.279451370239258,-3.5498777980000003
N244W,-11.789763450622559,-1.037532345
N244Y,-6.153891563415527,-0.179369124
N244C,-6.568280220031738,-2.23043292
N244D,-3.5025136470794678,-1.547849116
N244E,-6.294255256652832,-0.931386602
N244F,-8.140837669372559,-0.065072367
N244G,-5.372757911682129,-1.295780591
N244H,-5.813325881958008,0.008212423
N244I,-5.220880508422852,-0.5817573629999999
N244A,-5.7083740234375,-0.514434951
N244L,-7.861563682556152,-0.327986647
N244M,-7.744437217712402,-0.530470786
N244P,-8.547073364257812,-2.528915673
N244Q,-7.717475891113281,0.188149355
N244R,-8.444826126098633,-0.995413229
N244S,-2.436112880706787,-1.224581763
N244T,-2.9670567512512207,-1.851329696
N244V,-6.746020317077637,-1.23738249
N244K,-6.4394636154174805,-1.204477972
Y245F,-2.858579635620117,-1.936632604
Y245H,-5.848597526550293,-1.869089482
Y245I,-7.264734268188477,-3.422045508
Y245K,-10.464225769042969,-3.296006532
Y245L,-5.7548089027404785,-3.857953289
Y245M,-8.634580612182617,-2.302702598
Y245N,-8.27507209777832,-3.009537334
Y245S,-7.783498764038086,-2.940021535
Y245Q,-9.285593032836914,-3.665750334
Y245R,-9.275693893432617,-3.054953826
Y245T,-8.541085243225098,-2.511629241
Y245V,-7.806870460510254,-3.175067239
Y245W,-9.122942924499512,-2.884169389
Y245A,-8.876643180847168,-2.8738278910000004
Y245E,-12.247196197509766,-3.766416609
Y245P,-9.496649742126465,-3.47305702
Y245D,-11.559510231018066,-3.0155159360000003
Y245G,-9.69792366027832,-3.769978143
Y245C,-6.80063533782959,-3.332121646
Y246W,-6.577999114990234,-2.644687272
Y246M,-6.860739707946777,-2.262676697
Y246Q,-7.046532154083252,-2.708488169
Y246R,-7.935684680938721,-4.316848223
Y246S,-6.998748779296875,-4.1054328380000005
Y246T,-7.98082971572876,-3.719636364
Y246L,-3.054089069366455,-1.568996505
Y246K,-9.01129150390625,-3.803495443
Y246I,-6.447696685791016,-2.80889957
Y246H,-3.6250338554382324,-0.032510871
Y246G,-11.063253402709961,-2.18237387
Y246F,-2.9939451217651367,-1.6439344969999998
Y246E,-9.573272705078125,-3.065818274
Y246D,-8.511833190917969,-3.309504893
Y246C,-7.593979835510254,-2.101070004
Y246A,-9.293834686279297,-1.907646245
Y246V,-7.083374500274658,-3.700528259
Y246P,-10.11320686340332,-3.883994568
Y246N,-6.189454078674316,-2.492199855
W247V,-8.954452514648438,-4.744001074
W247Y,-6.567535877227783,-2.988618569
W247C,-7.060075759887695,-3.064879688
W247A,-9.954998016357422,-4.580565611
W247T,-9.363480567932129,-4.530131042
W247F,-3.8161802291870117,-3.044220784
W247G,-9.146899223327637,-3.98651358
W247D,-11.090468406677246,-3.718499615
W247H,-8.121477127075195,-4.293818707
W247I,-8.94439697265625,-4.68014213
W247E,-10.900951385498047,-4.354738413
W247K,-9.909391403198242,-4.2307779660000016
W247M,-8.948448181152344,-3.717718396
W247N,-9.830742835998535,-4.0574497460000005
W247P,-10.967978477478027,-4.6577819730000005
W247Q,-9.604143142700195,-4.038413399
W247R,-7.312636852264404,-4.223160047
W247S,-7.775406837463379,-4.814606239
W247L,-6.929714202880859,-4.167426428
T248I,-7.295076370239258,-0.453270912
T248Y,-11.123056411743164,-0.705098949
T248G,-9.413318634033203,-3.272084102
T248C,-10.137298583984375,-1.083222957
T248E,-10.451913833618164,-1.466854605
T248D,-11.403030395507812,-1.527482286
T248F,-11.156250953674316,-1.430150781
T248K,-6.99242639541626,-1.702207719
T248H,-11.040067672729492,0.026072863
T248M,-6.5825581550598145,-0.595282699
T248L,-9.186487197875977,-0.7099465090000001
T248W,-11.82322883605957,-1.313837756
T248V,-7.576599597930908,-0.536343934
T248S,-4.90394401550293,-0.581392386
T248R,-8.560148239135742,-1.597901466
T248P,-7.844686508178711,-3.758446144
T248N,-7.363861560821533,-1.837609525
T248A,-5.039263725280762,-0.522789088
T248Q,-10.030111312866211,-1.477924407
L249A,-7.453336715698242,-2.848120825
L249C,-9.105798721313477,-2.341070226
L249D,-9.051230430603027,-3.81233266
L249E,-6.462883472442627,-3.205302569
L249F,-4.918155670166016,-1.898144661
L249G,-10.65153694152832,-3.38135705
L249H,-7.061888217926025,-3.674353079
L249I,-1.6801743507385254,-0.125670932
L249M,-3.616732597351074,-0.6546646939999999
L249N,-7.069221019744873,-3.19989802
L249P,-9.490495681762695,-3.926025678
L249R,-5.969983100891113,-2.338812363
L249S,-7.5433244705200195,-2.675976056
L249T,-6.004555702209473,-1.113918891
L249V,-2.3893189430236816,-0.45986356
L249W,-9.4638671875,-2.605673429
L249Y,-6.772119998931885,-3.726141426
L249K,-4.913530349731445,-2.1347076
L249Q,-6.974372863769531,-3.122494027
L250I,-0.5180044174194336,-0.591448909
L250P,-8.5391845703125,-2.532231166
L250D,-9.467947959899902,-3.343379914
L250E,-5.833132743835449,-3.432145901
L250F,-5.202760696411133,-3.555413251
L250G,-8.26956558227539,-4.108781158
L250H,-7.25495719909668,-3.918167198
L250K,-3.942873239517212,-3.615014133
L250M,-1.8831689357757568,-2.105265145
L250A,-3.794502019882202,-3.362980293
L250N,-7.150531768798828,-4.051251857
L250Q,-5.818306922912598,-2.961768127
L250R,-6.135473251342773,-4.489981426
L250S,-6.341083526611328,-4.185776494
L250T,-3.795959234237671,-3.232543878
L250V,0.16317659616470337,-0.048547844
L250W,-8.51701831817627,-2.72358031
L250Y,-7.259732246398926,-3.742105432
L250C,-7.1931657791137695,-3.073314862
E251H,-6.466562271118164,-0.359771914
E251I,-5.767933368682861,-0.999187593
E251K,-2.7370967864990234,-0.318823965
E251L,-6.056499004364014,-0.013007666
E251M,-5.889451026916504,-0.325687211
E251N,-3.8698060512542725,-0.580473598
E251P,-7.982608795166016,-0.098951463
E251Q,-3.7136175632476807,0.172912709
E251R,-5.488430976867676,-0.0746797
E251S,-3.6950626373291016,-0.182923675
E251T,-3.906249761581421,-0.165913884
E251V,-3.8181121349334717,-0.676186698
E251W,-9.389023780822754,-1.068263803
E251G,-5.269752502441406,-0.297012434
E251F,-7.842408180236816,-0.633266471
E251Y,-6.54191255569458,-0.300375657
E251C,-8.174156188964844,-1.756538283
E251A,-2.256397247314453,-0.047668847
E251D,-2.9788527488708496,-0.7625532270000001
P252A,-3.3531570434570312,-0.999528569
P252E,-4.154538631439209,-1.137711868
P252F,-7.426368713378906,-2.548691187
P252G,-6.644610404968262,-2.293263526
P252H,-5.984042167663574,-1.1438860240000002
P252I,-6.011650562286377,-1.795152137
P252K,-3.6234259605407715,-2.097124176
P252L,-6.016170024871826,-3.113915983
P252N,-5.1368818283081055,-2.652385601
P252Q,-4.4416608810424805,-1.35359329
P252R,-4.940771579742432,-2.13643656
P252S,-2.9111480712890625,-1.883259846
P252T,-4.296176433563232,-2.80861758
P252V,-4.707718372344971,-2.32829802
P252W,-11.006972312927246,-2.918702662
P252Y,-7.068488597869873,-3.290877736
P252C,-8.09245491027832,-3.392440994
P252M,-7.26866340637207,-2.549828327
P252D,-5.409670352935791,-1.433360654
G253W,-10.991451263427734,-1.140480647
G253Y,-8.119258880615234,-1.203458619
G253C,-8.623041152954102,-2.758655214
G253D,-3.7730400562286377,-1.41066294
G253E,-4.451916694641113,-0.127642032
G253F,-9.121185302734375,-1.458382676
G253H,-7.011624813079834,-1.268464772
G253I,-10.4992036819458,-3.80522565
G253K,-3.9802932739257812,-1.243644711
G253L,-8.731225967407227,-1.196373445
G253M,-8.175704956054688,-0.543822636
G253N,-2.4624524116516113,-1.008427767
G253P,-13.26344108581543,-3.753175655
G253Q,-5.9965105056762695,-1.509185826
G253R,-5.6907639503479,-1.331929725
G253A,-6.693181991577148,-1.064826864
G253T,-7.102726936340332,-0.966149563
G253S,-4.859220504760742,-0.8792799029999999
G253V,-9.448100090026855,-2.101014545
D254G,-8.29985237121582,-0.272036312
D254C,-12.303413391113281,-1.798190549
D254E,-4.091508388519287,0.159363565
D254F,-12.792625427246094,-2.306833772
D254Y,-8.699423789978027,-1.388630199
D254W,-13.466322898864746,-1.950759078
D254V,-9.769196510314941,-2.99631097
D254T,-7.845668315887451,-2.604605889
D254S,-7.89174747467041,-0.535869445
D254R,-11.00153923034668,-3.44281355
D254P,-14.554662704467773,-4.0757957760000005
D254N,-5.7081298828125,-1.397204094
D254M,-10.038954734802246,-2.010984053
D254L,-11.465871810913086,-3.986361486
D254K,-7.776549816131592,-0.883140542
D254I,-11.582741737365723,-2.832870171
D254H,-8.262218475341797,-0.5320225270000001
D254Q,-7.543725490570068,0.553775237
D254A,-8.882940292358398,0.082622498
T255H,-2.666196823120117,0.134555665
T255M,-2.298823356628418,-0.822689705
T255C,-4.642692565917969,-1.030796736
T255A,-3.564887046813965,-0.499925434
T255F,-4.362264633178711,-0.177889937
T255G,-5.377894401550293,-0.920233085
T255I,-1.5481925010681152,-0.94122626
T255K,3.5055503845214844,-0.786268924
T255L,-2.639953136444092,-1.928877441
T255D,-5.257963180541992,-1.320432679
T255N,-1.0108885765075684,-0.322896963
T255Q,0.10577201843261719,-0.40261656
T255R,0.8152446746826172,-1.217028951
T255S,-2.0447559356689453,-0.183649622
T255V,-0.9116420745849609,0.188728337
T255W,-5.754497528076172,-0.6704159789999999
T255Y,-4.4411163330078125,-0.375187252
T255P,-7.704144477844238,-3.02020446
T255E,-0.6752538681030273,0.082997637
I256Y,-10.288472175598145,-2.950696815
I256E,-14.35940170288086,-3.863291708
I256W,-12.691069602966309,-3.5849426460000005
I256F,-5.611209869384766,-3.102752718
I256A,-8.824003219604492,-3.460548454
I256H,-12.664471626281738,-4.181748959
I256G,-13.565025329589844,-3.3786312310000004
I256K,-13.239026069641113,-2.974168734
I256D,-16.077110290527344,-3.55910445
I256M,-3.8464865684509277,-1.246547967
I256N,-12.740625381469727,-3.47577745
I256L,-1.05377197265625,-0.575975377
I256Q,-12.503961563110352,-3.3874161330000003
I256R,-13.905120849609375,-3.244723086
I256S,-11.712183952331543,-4.139626278
I256T,-9.403814315795898,-3.0152238510000005
I256V,-3.072389602661133,-0.817420714
I256C,-11.76567554473877,-3.422890799
I256P,-11.156853675842285,-4.070873618999999
I257F,-5.011516094207764,0.165731686
I257A,-1.9193897247314453,-0.031253677
I257C,-5.768133640289307,-0.619181866
I257D,-3.460719108581543,-0.789280337
I257E,-3.763246536254883,-0.812959897
I257G,-4.546971797943115,-0.781900975
I257T,4.153539657592773,-0.399666972
I257K,-1.8225650787353516,-0.205219662
I257L,-4.9413981437683105,0.081745855
I257M,-2.8296594619750977,0.279546917
I257V,-2.050922393798828,-0.2157258
I257Q,-4.338029384613037,0.107595901
I257S,-0.7306089401245117,-0.220757228
I257R,-3.103848457336426,-2.09106224
I257H,-4.526666164398193,-1.00192843
I257Y,-4.3582072257995605,-0.160142853
I257N,-0.9989895820617676,-0.8281099259999999
I257P,-9.16469955444336,-4.179523028999999
I257W,-8.239706039428711,0.884869976
F258Y,-6.7759318351745605,-1.867085178
F258W,-10.881338119506836,-1.857204151
F258V,-6.657111167907715,-2.036912163
F258T,-10.906782150268555,-3.744394658
F258S,-10.71359634399414,-2.926922283
F258Q,-13.37836742401123,-3.305582915
F258P,-12.800475120544434,-3.860979864
F258N,-13.182412147521973,-3.631966887
F258M,-8.098764419555664,-2.729531122
F258L,-5.792970657348633,-0.644816423
F258I,-6.374041557312012,-1.123237419
F258H,-11.271668434143066,-2.90207538
F258G,-13.77353572845459,-4.109090431
F258E,-16.211584091186523,-3.5460741060000003
F258D,-17.238067626953125,-3.930591543
F258C,-9.853536605834961,-3.532536108
F258A,-10.864607810974121,-4.1305916960000015
F258K,-15.47732925415039,-3.537374842
F258R,-15.009673118591309,-4.426724519
E259F,-10.07985782623291,-2.893044339
E259D,-6.080462455749512,-1.612641618
E259W,-11.086567878723145,-2.739865446
E259H,-7.440300464630127,-1.465117584
E259G,-9.052936553955078,-2.289431204
E259Y,-8.323258399963379,-3.1502349730000003
E259C,-11.612264633178711,-2.392194197
E259V,-6.309833526611328,-1.6747695219999998
E259T,-5.286933898925781,-1.894231372
E259S,-7.68646240234375,-1.221661034
E259R,-6.682034969329834,-1.869958055
E259A,-8.26379108428955,-2.552622395
E259P,-12.659772872924805,-4.055842312
E259N,-5.4072747230529785,-2.513143395
E259M,-8.015380859375,-1.904942455
E259L,-8.772793769836426,-3.956159596
E259K,-4.518760681152344,-2.159299163
E259I,-6.906804084777832,-2.281722617
E259Q,-3.9511711597442627,-2.083223104
A260W,-10.242420196533203,-2.291930875
A260V,-3.0234735012054443,-2.634556437
A260T,-2.207066297531128,-2.125862557
A260S,-0.07291984558105469,-1.074850939
A260R,-8.114709854125977,-4.096550661
A260Q,-8.602446556091309,-3.0255790030000003
A260P,-5.026949882507324,-4.056889142
A260N,-6.630605697631836,-2.584931941
A260I,-5.159511566162109,-2.953485505
A260L,-5.494075775146484,-2.349680546
A260K,-8.195109367370605,-2.538752589
A260H,-8.387608528137207,-1.911778047
A260G,-4.914421081542969,-1.546713443
A260F,-7.0576910972595215,-3.054946782
A260D,-9.114990234375,-2.675101584
A260C,-5.114269256591797,-2.38495323
A260Y,-8.696678161621094,-2.960305475
A260M,-5.906866073608398,-2.316726654
A260E,-7.782655239105225,-2.515500404
T261I,-4.894200325012207,-2.191150686
T261C,-5.428502082824707,-3.248232
T261D,-5.15638542175293,-2.38226059
T261E,-6.106244087219238,-1.219522776
T261F,-6.607297897338867,-1.232948341
T261G,-5.620572090148926,-2.302967361
T261H,-6.066661834716797,-2.7783653860000004
T261K,-3.964409589767456,-2.377441732
T261V,-5.722087860107422,-1.342822734
T261L,-6.305418968200684,-1.653735424
T261N,-1.9965405464172363,-1.008480619
T261P,-7.193863868713379,-3.957064177
T261Q,-6.053471565246582,-1.157359993
T261R,-5.2199907302856445,-2.71030721
T261S,0.30848264694213867,-0.164643318
T261Y,-5.895968437194824,-1.863951161
T261M,-6.380207061767578,-1.58002252
T261A,-3.983383893966675,-1.511973229
T261W,-9.251160621643066,-2.240808291
G262V,-9.206901550292969,-3.69173099
G262Q,-11.382417678833008,-3.797999414
G262W,-11.329612731933594,-2.63093718
G262P,-11.980484008789062,-3.670110742
G262N,-9.358713150024414,-3.805887191
G262M,-12.304275512695312,-3.091117767
G262L,-12.335294723510742,-3.905150423
G262K,-9.665556907653809,-3.628757258
G262Y,-12.336945533752441,-3.895393766
G262S,-7.251072883605957,-3.283200544
G262H,-11.596047401428223,-3.67112507
G262F,-13.073220252990723,-3.256918255
G262E,-8.438279151916504,-2.582139965
G262D,-8.543050765991211,-2.96316343
G262C,-9.782078742980957,-2.667267462
G262A,-6.934435844421387,-3.163360441
G262T,-10.466656684875488,-4.419631449
G262I,-12.132591247558594,-3.692185584
G262R,-8.471059799194336,-4.687459461
N263G,-7.74962854385376,-3.348459827
N263A,-7.9156599044799805,-2.83108688
N263W,-12.286104202270508,-3.0752229630000003
N263V,-8.781108856201172,-4.096158653
N263T,-5.890322208404541,-3.666807267
N263S,-3.9628989696502686,-3.161004298
N263R,-7.618693828582764,-4.561776065
N263P,-9.205053329467773,-3.997363164
N263M,-9.630648612976074,-3.4406998960000004
N263L,-9.395404815673828,-4.591972913999999
N263K,-4.9302802085876465,-3.561255107
N263I,-8.001269340515137,-3.625236535
N263H,-5.864892959594727,-3.48645752
N263F,-9.942647933959961,-3.069753835
N263E,-6.942409992218018,-2.795989161
N263D,-3.5232725143432617,-2.855185175
N263C,-9.308065414428711,-3.678386587
N263Y,-7.117181301116943,-3.088334638
N263Q,-7.491074085235596,-4.168265203
L264W,-8.95797061920166,-0.623473956
L264R,-8.74315071105957,-4.254940559
L264Y,-8.884148597717285,-1.32355621
L264V,-6.110509872436523,-2.542923159
L264T,-8.7872314453125,-4.515222264
L264S,-8.732240676879883,-4.093101206
L264Q,-7.47227668762207,-3.481786667
L264P,-8.53203010559082,-2.988714108
L264A,-8.916749000549316,-3.482786205
L264M,-5.95464563369751,-1.704651393
L264N,-10.364608764648438,-3.588466361
L264I,-5.98331356048584,-1.5414704419999998
L264H,-8.4305419921875,-3.411331511
L264G,-11.221466064453125,-4.010968595
L264F,-6.202923774719238,-1.27313916
L264E,-10.48379135131836,-3.390212337
L264D,-12.816143035888672,-3.825073442
L264C,-9.868221282958984,-2.90872236
L264K,-9.757479667663574,-3.620574973
I265R,-6.432950019836426,-4.153200273
I265S,-5.219858169555664,-4.239760373
I265T,-3.229249954223633,-2.771759004
I265A,-2.2803831100463867,-1.012604165
I265W,-8.967129707336426,-3.443169012
I265Y,-6.252180099487305,-2.809945402
I265Q,-6.741303443908691,-3.383136462
I265V,2.328097343444824,-0.789083195
I265P,-7.303265571594238,-3.987887161
I265G,-5.880019187927246,-4.004352208
I265M,-3.031764030456543,-1.359045595
I265L,-2.612217426300049,0.016919266
I265K,-5.482129096984863,-3.241952222
I265H,-7.841788291931152,-2.912842712
I265F,-4.021393299102783,-3.696118627
I265E,-5.190501689910889,-3.595013717
I265D,-6.350284576416016,-2.479713533
I265C,-6.848740577697754,-3.363660609
I265N,-5.711700439453125,-3.637923552
A266I,-3.871452569961548,-2.62301241
A266H,-6.414004325866699,-2.669842116
A266G,-4.934324264526367,-3.279972519
A266C,-7.113675117492676,-2.233781262
A266E,-3.8746306896209717,-2.676380179
A266D,-5.767542839050293,-2.8057944810000004
A266F,-6.503746032714844,-3.42778833
A266L,-4.775654315948486,-3.103724135
A266K,-4.545022487640381,-3.061708862
A266N,-4.970833778381348,-3.341478363
A266M,-5.597842216491699,-1.790723197
A266W,-10.566734313964844,-2.538852719
A266V,-0.4286847710609436,-1.30999543
A266T,-2.919445514678955,-2.226587559
A266Y,-7.2861809730529785,-3.159759242
A266R,-6.343329429626465,-3.872798616
A266P,-5.148324012756348,-3.102629432
A266S,-3.83595871925354,-2.236357225
A266Q,-4.484925746917725,-2.675730936
P267T,-6.260189533233643,-3.758009884
P267C,-10.259212493896484,-3.390867487
P267D,-7.328960418701172,-3.474673679
P267E,-7.468461513519287,-3.631091581
P267F,-9.382193565368652,-2.882219487
P267G,-7.214837074279785,-4.287790015
P267H,-7.401097774505615,-3.67574213
P267I,-9.164806365966797,-3.4382521610000003
P267A,-4.561718940734863,-3.242269798
P267L,-6.7723612785339355,-2.536558667
P267M,-9.71666431427002,-2.492736612
P267N,-7.674126625061035,-2.491622154
P267Q,-6.174971580505371,-3.3953504010000004
P267R,-6.981419563293457,-3.0636603410000003
P267S,-4.830661773681641,-3.1811639210000004
P267V,-8.09444808959961,-3.527602689
P267K,-7.478446006774902,-3.2562283780000003
P267Y,-9.235336303710938,-3.912451225
P267W,-10.605422019958496,-3.1834374810000003
W268T,-4.766714096069336,-1.141323117
W268C,-4.172266960144043,-0.852894933
W268A,-6.035608291625977,-1.087152631
W268D,-5.7421369552612305,-2.504229794
W268E,-4.653014183044434,-1.049390677
W268F,-5.492929458618164,-1.681286031
W268G,-4.645089149475098,-0.987535489
W268H,-3.4718873500823975,-0.404450804
W268I,-5.164710998535156,-1.3918523930000002
W268K,-0.16756486892700195,-1.916431893
W268L,-4.289875030517578,-0.579826278
W268N,-3.26766037940979,-0.633210052
W268P,-6.572293281555176,-3.622026364
W268Q,-3.153993844985962,-1.436861001
W268R,2.270702362060547,-1.379058695
W268S,-4.032387733459473,-1.002228128
W268Y,-3.6184213161468506,-1.278564512
W268V,-6.009987831115723,-0.602322891
W268M,-4.44728946685791,-0.548352826
Y269N,-3.9316601753234863,-2.149636611
Y269A,-7.696265697479248,-3.518649313
Y269C,-7.375950336456299,-1.905287098
Y269E,-8.031486511230469,-3.5831215910000003
Y269F,-6.45807409286499,-0.827854632
Y269G,-4.594420909881592,-3.445094062
Y269H,-4.931941032409668,-0.548545811
Y269I,-9.139789581298828,-2.698727502
Y269K,-6.945896625518799,-2.273763356
Y269L,-8.715786933898926,-3.495096093
Y269D,-6.5192365646362305,-3.4988219010000003
Y269P,-8.565136909484863,-4.2870261030000005
Y269Q,-7.669188976287842,-1.804711175
Y269R,-7.221065044403076,-3.292973794
Y269S,-5.148187637329102,-3.4744849610000004
Y269T,-7.234350204467773,-2.83144147
Y269V,-8.954188346862793,-2.978419187
Y269W,-9.02447509765625,-1.089647946
Y269M,-10.409107208251953,-1.5058663230000002
A270W,-6.884749889373779,-2.843585959
A270V,-4.850130081176758,-2.945493066
A270T,-4.1901326179504395,-3.038242977
A270S,-2.6930458545684814,-1.553772283
A270R,-4.93934440612793,-4.626007373
A270Q,-5.834403038024902,-3.587287261
A270P,-6.724845886230469,-4.162266474
A270N,-5.446953296661377,-3.4469224260000004
A270I,-6.603128910064697,-4.209281818
A270L,-6.897435665130615,-4.343526338
A270K,-5.1328253746032715,-3.958868178
A270H,-5.7683610916137695,-3.652641492
A270G,-0.8057727813720703,-0.427423253
A270E,-5.274533271789551,-3.608277194
A270F,-6.241852760314941,-3.948571458
A270Y,-3.9146833419799805,-3.3889055910000003
A270M,-7.03428316116333,-2.891174057
A270D,-5.994591236114502,-2.668048772
A270C,-6.905982494354248,-3.539340746
F271D,-7.307004451751709,-3.368872098
F271G,-6.772744178771973,-4.184653915
F271H,-3.6990764141082764,-1.199289922
F271I,-5.981884479522705,-3.234669854
F271K,-6.229161262512207,-2.358139856
F271L,-6.167922496795654,-2.202460674
F271M,-6.012473106384277,-2.398568411
F271N,-5.693599224090576,-3.481032548
F271P,-7.6464009284973145,-4.772691597
F271Q,-7.529677391052246,-3.655745911
F271R,-6.931386470794678,-4.2596309230000005
F271S,-5.165879249572754,-3.198182709
F271T,-6.153181552886963,-3.4831753560000003
F271V,-5.941420078277588,-3.621108187
F271Y,-0.885671079158783,-1.105076425
F271W,-7.522197723388672,-0.946310089
F271E,-7.397132873535156,-2.567134622
F271C,-7.920871257781982,-3.396951714
F271A,-6.806102752685547,-3.553251496
A272D,-3.655714273452759,-2.7309072389999995
A272V,-2.0631887912750244,-0.028302665
A272T,-1.1577935218811035,0.1257693869999999
A272S,-1.0618579387664795,0.203545071
A272R,-2.778512716293335,-1.475292204
A272Q,-3.0887935161590576,-0.429235588
A272P,-5.007359504699707,-4.359921968
A272N,-2.750047206878662,-3.718869262
A272M,-4.528810501098633,-0.380581673
A272L,-4.584237575531006,-0.380809311
A272K,-1.901188611984253,-0.257832077
A272I,-3.6912057399749756,-0.41729142
A272H,-4.334233283996582,-2.07768563
A272G,-1.0846271514892578,-0.590602553
A272F,-4.779568195343018,-2.235311912
A272E,-2.8146557807922363,0.109999844
A272C,-6.557695388793945,-2.054035865
A272W,-5.068687915802002,-2.704264972
A272Y,-4.051302433013916,-1.199291627
L273I,0.043953895568847656,-0.20806897
L273D,-5.4794416427612305,-3.217781074
L273E,-4.473827838897705,-2.951545215
L273F,-2.742337703704834,-1.512144635
L273G,-5.225247859954834,-3.797743088
L273H,-2.966419219970703,-3.711713316
L273K,-3.7440500259399414,-3.5724413110000004
L273M,1.1559028625488281,-1.476653764
L273N,-4.606528282165527,-3.4368855010000003
L273P,-5.61422061920166,-3.0643311410000003
L273Q,-3.231241226196289,-2.566353151
L273R,-4.359963417053223,-3.495317736
L273S,-3.8495616912841797,-3.881014492
L273T,-3.410949230194092,-1.867555262
L273V,-1.362236738204956,0.297467244
L273C,-8.480305671691895,-1.258013978
L273W,-5.178872108459473,-2.800505383
L273A,-3.735665798187256,-1.459935351
L273Y,-3.2759900093078613,-3.244342907
S274V,0.18825960159301758,0.309538873
S274T,-0.29051971435546875,-0.317068699
S274R,-0.07971906661987305,-0.685432685
S274Q,2.4070494174957275,-0.93615188
S274P,-1.2859587669372559,-4.1334431480000005
S274C,-4.969210624694824,-1.871059757
S274N,0.8314881324768066,-0.5354861360000001
S274D,3.1894404888153076,-0.3848800120000001
S274K,1.605832576751709,-0.791653163
S274I,-1.085383415222168,-0.8632676979999999
S274H,-0.37164783477783203,-0.440426088
S274G,1.0276503562927246,-0.542756056
S274F,-2.3444042205810547,-1.205576283
S274E,5.92818021774292,-0.480790395
S274L,-0.5489678382873535,-0.851833917
S274M,-0.9312396049499512,-0.362268742
S274A,0.05594635009765625,-0.382298445
S274Y,-1.0213274955749512,-0.642696986
S274W,-4.032928466796875,0.026355981
R275S,-3.501847505569458,-2.255271055
R275Q,-3.5302481651306152,-2.42937323
R275P,-5.446948051452637,-2.560294809
R275N,-3.396603584289551,-2.496120576
R275M,-4.782466888427734,-2.486944882
R275L,-5.549030303955078,-3.615411289
R275K,-1.2241482734680176,-1.167409787
R275Y,-5.42878532409668,-1.734113103
R275H,-3.869438886642456,-1.748071936
R275G,-4.402273654937744,-2.787590207
R275F,-6.725961208343506,-2.627894055
R275E,-4.08693265914917,-3.2288498110000003
R275D,-4.665482521057129,-3.416964869
R275C,-7.00864315032959,-3.3737624060000004
R275A,-5.701428413391113,-2.919350899
R275W,-7.273928642272949,-3.3421000160000003
R275I,-5.950984001159668,-2.947712648
R275T,-4.181838512420654,-2.356209712
R275V,-6.562852382659912,-3.184276768
G276E,-2.098233461380005,-0.685145743
G276A,-3.839456558227539,-0.3031229
G276C,-7.907890796661377,-0.721485047
G276F,-5.778035640716553,-1.909523705
G276D,-1.6542401313781738,-0.33126456
G276H,-3.324202537536621,-0.927890785
G276I,-6.001040458679199,-2.048454267
G276K,-2.646200180053711,-0.950375374
G276L,-5.835313320159912,-1.504774316
G276M,-5.530080795288086,-0.639554116
G276N,-1.2799718379974365,0.6152037570000001
G276Y,-3.317547082901001,-1.4309936319999998
G276Q,-3.537386417388916,-0.489858064
G276R,-4.112710952758789,-0.6570218179999999
G276S,-2.513819694519043,0.233574027
G276T,-3.967014789581299,-0.5573044420000001
G276V,-5.114884376525879,-1.704087086
G276W,-7.4187493324279785,-1.549041824
G276P,-3.5091848373413086,-3.291300564
F277S,3.539701461791992,0.116967288
F277R,3.183725357055664,0.0083299569999999
F277Q,2.628633499145508,0.081475313
F277P,2.1259632110595703,-0.029379292
F277N,2.945380687713623,-0.4979438570000001
F277M,0.39849853515625,-0.729647151
F277K,2.547471523284912,-0.031667293
F277I,0.5212554931640625,-0.079011652
F277E,0.8820538520812988,-0.708812575
F277G,3.0821409225463867,-0.464144911
F277D,0.018370628356933594,0.02860914
F277W,-2.133984088897705,-0.641947869
F277A,3.636833667755127,0.013689315
F277C,-1.2825798988342285,-1.662598616
F277Y,1.3763394355773926,-0.479098429
F277T,1.7769713401794434,0.778916919
F277H,1.7147624492645264,-0.183356907
F277V,0.9247570037841797,-0.046234117
F277L,1.1800665855407715,-0.038295862
E278C,-7.096954345703125,-1.534300908
E278Y,-4.520473957061768,0.256496136
E278W,-6.729844093322754,-0.54095395
E278V,-4.039431095123291,-0.92765388
E278T,-3.007369041442871,-0.535997811
E278S,-1.0381765365600586,-0.449587574
E278Q,-1.573793888092041,-0.183427907
E278P,-4.192834854125977,0.195483941
E278N,-0.7763862609863281,0.168722043
E278R,-3.023120880126953,-0.387810363
E278F,-6.553370475769043,-0.60493695
E278D,-1.1197733879089355,0.443791456
E278M,-5.9453229904174805,-1.481692573
E278G,1.8632928133010864,-0.278408335
E278H,-3.5267343521118164,-0.232441105
E278A,-0.6056509017944336,0.008776881
E278I,-5.563031196594238,-0.534067585
E278K,-1.5494794845581055,-0.197450288
E278L,-5.53372049331665,-0.088002404
S279M,-7.418379783630371,-1.670924189
S279F,-7.632890224456787,-1.710920622
S279G,-2.706630229949951,-0.282102888
S279H,-5.847464084625244,-0.556934665
S279I,-8.114151000976562,-2.308518749
S279K,-5.333793640136719,-1.94285738
S279L,-7.727304935455322,-1.019518911
S279E,-4.7515645027160645,-1.883620295
S279D,-4.024479866027832,-1.5180961469999998
S279P,-7.21575927734375,-2.186743541
S279Q,-6.318437576293945,-1.163134718
S279N,-2.7441718578338623,0.370807916
S279C,-7.795044422149658,-1.589642709
S279Y,-5.667030334472656,-2.269923269
S279A,-1.2378015518188477,-0.137961918
S279V,-6.667687892913818,-1.03521351
S279T,-4.5462164878845215,-1.027161349
S279R,-6.476648330688477,-1.385636709
S279W,-8.541919708251953,-1.599169218
G280D,-7.8726396560668945,-2.852421213
G280E,-7.951323986053467,-3.20821275
G280F,-10.796607971191406,-3.237396432
G280H,-10.099893569946289,-2.626227407
G280I,-10.211447715759277,-2.698474507
G280K,-8.36893367767334,-3.046344792
G280L,-10.165132522583008,-3.034377475
G280M,-10.717570304870605,-2.671407932
G280P,-8.390785217285156,-2.46460634
G280Q,-9.894123077392578,-2.487501388
G280S,-6.321369171142578,-1.667490729
G280T,-8.648996353149414,-1.445891421
G280V,-9.447077751159668,-2.374300983
G280W,-12.583690643310547,-2.7036954630000003
G280Y,-10.498372077941895,-2.405520042
G280C,-11.345296859741211,-2.589942411
G280N,-7.45857572555542,-1.943214045
G280R,-8.604263305664062,-2.678164237
G280A,-7.314111709594727,-0.96412096
I281M,-4.684381484985352,-2.62258014
I281G,-10.70998764038086,-3.605895032
I281H,-10.713724136352539,-3.634494212
I281K,-8.614706993103027,-3.486859018
I281L,-5.112344741821289,-1.3571156780000002
I281N,-8.80555534362793,-3.082844149
I281P,-10.023767471313477,-3.898872483
I281Q,-10.574613571166992,-3.672896122
I281R,-10.038274765014648,-3.682123776
I281S,-8.30235481262207,-3.628850815
I281V,-3.999312162399292,-1.114056189
I281W,-11.419533729553223,-2.970016802
I281T,-7.1825432777404785,-2.720541482
I281A,-8.836370468139648,-3.428980112
I281F,-6.264692306518555,-0.8906242329999999
I281E,-10.479549407958984,-3.817032388
I281D,-11.329710006713867,-2.9078432860000003
I281C,-11.895519256591797,-3.472349036
I281Y,-7.705287456512451,-2.392956861
I282N,-8.434667587280273,-2.825661839
I282P,-10.094167709350586,-3.4569416910000004
I282Q,-9.365541458129883,-2.652809666
I282S,-7.292696475982666,-3.1762178810000004
I282Y,-7.836962699890137,-2.930397425
I282W,-8.429912567138672,-2.788804789
I282V,-1.2437262535095215,-1.558515142
I282T,-5.703222751617432,-2.433350277
I282L,-4.845026969909668,-0.779879785
I282R,-9.576678276062012,-3.658959554
I282K,-7.851677894592285,-2.792852994
I282M,-4.046517372131348,-1.17049881
I282G,-9.687215805053711,-3.91953901
I282C,-10.15070915222168,-2.915687144
I282A,-6.658993721008301,-3.15494747
I282D,-9.375905990600586,-2.465643908
I282H,-10.815793991088867,-3.48440767
I282F,-6.414265155792236,-1.099790631
I282E,-8.592445373535156,-2.190721782
T283E,-1.8497915267944336,-0.744610125
T283A,0.3321261405944824,-0.638004592
T283P,-1.916299819946289,-3.05208287
T283G,-2.4118881225585938,-2.781922445
T283H,-2.7711009979248047,-1.185357705
T283I,6.649069786071777,-0.904416001
T283K,-1.0451335906982422,-1.14909309
T283L,4.031035423278809,0.099237988
T283M,2.4342126846313477,-0.455458594
T283N,-0.4659152030944824,-0.657448966
T283F,0.16733455657958984,-0.738582968
T283Q,-1.8875818252563477,-0.001104034
T283S,-0.30548715591430664,-0.168637125
T283V,4.138884544372559,0.347167349
T283W,-3.0998125076293945,-2.296310454
T283Y,-1.5308170318603516,-0.829036452
T283C,-4.467083930969238,-0.977076406
T283R,-2.7658605575561523,-0.497141404
T283D,-2.063103675842285,-2.204127258
S284N,-4.412570953369141,-2.773501446
S284M,-10.260717391967773,-3.295736475
S284Y,-8.269198417663574,-3.868535172
S284L,-10.083242416381836,-3.783202782
S284K,-8.047951698303223,-3.697210089
S284P,-9.548919677734375,-3.087211289
S284Q,-9.374454498291016,-3.2529141
S284R,-8.947362899780273,-4.05324656
S284T,-5.885683536529541,-0.898711576
S284W,-11.074382781982422,-2.99236157
S284A,-7.220132350921631,-1.954589906
S284V,-10.280714988708496,-2.627226664
S284C,-9.324655532836914,-4.034762591000002
S284D,-4.945188045501709,-4.112702346
S284E,-7.290132522583008,-4.148360983
S284F,-9.93425178527832,-3.468367149
S284G,-6.622283458709717,-3.04411518
S284H,-8.50047779083252,-3.3388334160000004
S284I,-10.441885948181152,-3.623254428
N285Y,-3.780838966369629,-1.17428473
N285W,-8.047046661376953,-1.7230325969999998
N285V,-3.4648447036743164,-0.123281533
N285A,-2.3898701667785645,-0.423219806
N285T,-2.5376434326171875,-0.216896416
N285C,-6.055146217346191,-2.506167334
N285R,-5.01753044128418,-1.0023155190000002
N285S,-0.7080726623535156,-0.79745312
N285D,4.405671119689941,-0.704234252
N285F,-4.748501777648926,-1.378034873
N285G,-1.9840354919433594,-0.847515984
N285H,-3.5421371459960938,-0.860513835
N285E,1.4155852794647217,-0.161107304
N285K,-2.634474754333496,-1.535821417
N285L,-3.8677005767822266,-1.158201012
N285M,-4.237604141235352,-1.628126375
N285P,-0.2586965560913086,-1.748971981
N285Q,-2.595419406890869,-0.952991148
N285I,-4.35103702545166,-0.975696469
A286R,-8.196429252624512,-0.111415501
A286S,-0.9016375541687012,-1.042277448
A286T,-1.1086409091949463,-0.533559462
A286N,-2.8273634910583496,-1.025499683
A286M,-4.123541355133057,-0.089425517
A286L,-6.238962173461914,0.561203851
A286K,-4.903444290161133,-0.050272814
A286H,-8.943422317504883,-0.84632802
A286Y,-6.085474967956543,-1.6749922659999998
A286G,-3.479663372039795,-1.6624369819999998
A286F,-7.345638275146484,-1.128882659
A286E,-3.153870105743408,-1.056864582
A286W,-10.884922981262207,-1.624598375
A286V,-3.0531177520751953,-0.720272921
A286C,-8.227617263793945,-0.914553243
A286I,-4.661273002624512,-0.184167246
A286D,-3.420882225036621,-2.156879506
A286P,-7.239881992340088,-3.326970989
A286Q,-5.102605819702148,-0.807261294
S287D,-1.9574041366577148,-0.811839027
S287I,-1.4780378341674805,-0.6226059620000001
S287H,-3.5113539695739746,-1.08189181
S287G,-4.111094951629639,-0.5257710529999999
S287F,-2.554487705230713,-1.520027508
S287E,-0.5138697624206543,0.284345309
S287C,-5.600322246551514,-2.979669622
S287A,0.04941987991333008,-0.667660983
S287K,-2.403266429901123,-0.653272355
S287L,-0.2227010726928711,-0.631588436
S287Y,-3.5309252738952637,-1.68024114
S287M,-1.353372573852539,-1.324160637
S287W,-4.950754642486572,-2.073312267
S287V,-1.2019667625427246,-1.184544317
S287T,-1.119493007659912,-0.310956705
S287N,-2.986863136291504,-1.335226286
S287P,4.516474723815918,0.049852587
S287R,-2.9279470443725586,-0.850801549
S287Q,-1.446230411529541,-0.911975638
M288I,1.3329081535339355,-0.582033999
M288C,-4.325125217437744,-1.546348514
M288D,0.5602197647094727,-3.034186736
M288P,-3.1876368522644043,-0.459959331
M288F,-0.2688593864440918,-0.319336476
M288H,-3.517134189605713,-0.733730465
M288K,-2.278959274291992,-1.921481727
M288G,-0.577387809753418,-1.442044752
M288E,-0.5523257255554199,-1.514329532
M288L,0.075836181640625,0.347429914
M288Q,-3.3893303871154785,-1.416232638
M288R,-3.7743582725524902,-1.057066478
M288S,0.03873014450073242,-1.178578009
M288T,0.544029712677002,-0.282585661
M288V,4.667107582092285,-0.157546397
M288W,-3.567854404449463,-1.159014637
M288Y,1.9217784404754639,0.154833957
M288A,2.303088426589966,-1.233910385
M288N,-0.9273772239685059,-1.737864639
H289M,-6.354095458984375,-0.74663697
H289A,-4.011504650115967,-0.318768566
H289N,-1.365950584411621,-0.988754584
H289K,-4.669747352600098,-1.56778896
H289Q,-3.2352194786071777,-0.344433744
H289R,-4.625602722167969,-1.5315066469999998
H289L,-5.070987224578857,-1.078386377
H289T,-4.549014091491699,-0.356394704
H289V,-4.865480899810791,-0.625422258
H289S,-2.936710834503174,-0.171732071
H289Y,-3.2931365966796875,-0.605412979
H289I,-6.100198745727539,-1.2904627
H289G,-2.3079307079315186,0.052571186
H289F,-5.0331711769104,-0.554649479
H289E,-1.5005483627319336,-0.365160781
H289D,-0.6297234892845154,0.025456801
H289C,-7.8074517250061035,-1.930863447
H289W,-7.227531909942627,-2.133029524
H289P,-3.9742698669433594,-3.911483745
E290A,-3.992889404296875,-1.276970521
E290C,-9.102885246276855,-3.594300597
E290K,-3.090916633605957,-2.41066446
E290F,-7.3054680824279785,-1.6199403730000002
E290G,-3.6248250007629395,-1.160321198
E290D,1.2400426864624023,-0.422321791
E290H,-4.739187240600586,-2.418082449
E290Y,-5.490072727203369,-1.517588523
E290W,-8.48913288116455,-2.106587275
E290V,-5.035781383514404,-1.882392143
E290T,-3.1563234329223633,-0.891955088
E290S,-1.9349569082260132,-0.83716849
E290R,-4.818418025970459,-3.69280609
E290Q,-3.9636740684509277,-0.984884235
E290P,-4.547083854675293,-0.6558601479999999
E290N,-1.0693053007125854,-0.868748878
E290M,-4.9984941482543945,-1.520744875
E290L,-6.189542770385742,-1.3917598269999998
E290I,-5.673072814941406,-1.6079978119999998
C291S,-7.822046279907227,-4.091498876
C291R,-9.337553024291992,-4.013288607
C291Y,-8.010723114013672,-2.9622290060000003
C291E,-10.69809341430664,-3.349841838
C291A,-10.462614059448242,-3.771104114
C291F,-9.116899490356445,-3.848924223
C291G,-9.846660614013672,-3.856841944
C291H,-9.810672760009766,-3.4650235680000003
C291I,-9.93106746673584,-3.24801421
C291D,-10.296812057495117,-3.469027583
C291L,-9.548587799072266,-4.055622695
C291M,-11.046026229858398,-2.929843575
C291N,-9.102461814880371,-3.621368807
C291P,-10.320038795471191,-4.234120569
C291Q,-10.673955917358398,-3.611976596
C291W,-11.492387771606445,-3.131572382
C291K,-10.49676513671875,-3.7623976
C291V,-10.34827995300293,-3.742279466
C291T,-10.03039264678955,-3.952056855
N292G,-6.0918354988098145,-3.349951842
N292H,-5.431326866149902,-1.094233767
N292I,-7.100304126739502,-1.347232644
N292M,-6.899205207824707,-1.590954293
N292L,-7.922377109527588,-2.340542165
N292F,-8.024529457092285,-1.657724288
N292P,-7.7502593994140625,-4.205902859
N292K,-4.944314002990723,-2.933480372
N292E,-5.387896537780762,-0.982834235
N292Q,-6.295984268188477,-1.465388427
N292C,-9.628412246704102,-2.479398082
N292A,-6.2242302894592285,-2.7295346510000003
N292V,-7.342038631439209,-1.225961219
N292T,-5.639957427978516,-0.784645533
N292S,-4.120262145996094,-0.49553288
N292R,-6.767566680908203,-3.271203049
N292Y,-6.449221134185791,-0.946479151
N292W,-11.388171195983887,-1.717767042
N292D,-2.9826178550720215,-0.631915887
T293Q,-5.220039367675781,-4.161932151
T293Y,-8.25648307800293,-3.636088798
T293W,-9.779613494873047,-3.434098032
T293R,-6.532065391540527,-3.4551842460000004
T293E,-5.863566875457764,-3.603049352
T293N,-3.0541462898254395,-3.123439204
T293A,-2.6859054565429688,-0.6862190429999999
T293C,-9.658342361450195,-2.225588337
T293D,-5.822176456451416,-2.920705482
T293P,-5.872912406921387,-3.765946122
T293F,-6.994903087615967,-3.79131315
T293V,-3.0284805297851562,-2.1435569290000003
T293H,-7.384156227111816,-3.228971193
T293I,-4.412228107452393,-3.637162151
T293K,-5.278006076812744,-3.1178958860000003
T293L,-4.8104071617126465,-4.107648397
T293M,-2.8454129695892334,-2.1220970880000003
T293G,-4.466545104980469,-3.2148109810000003
T293S,-1.3861026763916016,-1.458885195
K294Y,-6.477510452270508,-1.164960971
K294W,-6.903637886047363,-1.275871468
K294V,-4.1068291664123535,-0.668115408
K294S,-3.4397552013397217,0.046197911
K294L,-6.294571876525879,-0.40691475
K294Q,-2.9411497116088867,-0.340010666
K294P,-7.777297019958496,-1.347780577
K294N,-2.743535041809082,-0.195184159
K294M,-5.4363837242126465,-1.320154275
K294I,-5.368249416351318,-0.526724505
K294H,-4.44766092300415,-0.422658288
K294G,-2.534313201904297,-1.006058341
K294E,-2.6717703342437744,-1.152327717
K294R,-0.9895365834236145,0.307630845
K294D,-3.046004295349121,-1.059251513
K294C,-8.827459335327148,-2.549992748
K294A,-4.832326889038086,0.293725872
K294T,-1.662440299987793,-1.037119869
K294F,-7.989879608154297,-0.627336853
C295Q,-11.005043029785156,-2.803723809
C295P,-10.263075828552246,-3.331246048
C295R,-12.607583999633789,-3.628580848
C295Y,-9.728105545043945,-2.663262323
C295T,-10.312812805175781,-3.80845406
C295V,-12.279264450073242,-3.493878632
C295N,-9.759978294372559,-2.821432218
C295S,-9.129313468933105,-3.700370888
C295M,-11.975542068481445,-3.537352492
C295G,-11.73272705078125,-3.655090082
C295K,-12.394075393676758,-3.819247073
C295L,-10.135946273803711,-4.077570295
C295A,-11.805437088012695,-4.269328379
C295D,-11.968486785888672,-3.687230264
C295E,-13.60313892364502,-3.692864732
C295W,-9.572046279907227,-3.315925804
C295H,-11.540395736694336,-3.874576389
C295I,-11.623147964477539,-3.803453077
C295F,-10.220636367797852,-3.3259883130000003
Q296P,-7.948714256286621,-3.235894306
Q296Y,-6.410894393920898,-2.88364552
Q296W,-8.233546257019043,-2.839130698
Q296V,-4.022790908813477,-3.00203193
Q296T,-5.686002254486084,-3.387803805
Q296S,-5.9176177978515625,-3.1762495310000003
Q296R,-4.1360979080200195,-3.079049205
Q296N,-4.884942054748535,-2.7676790330000003
Q296A,-5.8009209632873535,-3.2559930880000003
Q296L,-5.23390007019043,-3.777925901
Q296K,-2.6106297969818115,-2.669816085
Q296I,-5.507399559020996,-2.388420606
Q296H,-4.622514724731445,-2.301248671
Q296G,-7.347150802612305,-3.426159372
Q296F,-7.271425724029541,-2.389608728
Q296E,-2.9315998554229736,-2.111675756
Q296D,-4.947476387023926,-2.734692939
Q296M,-3.3461461067199707,-1.86094672
Q296C,-10.178085327148438,-3.368236371
T297I,-7.6361494064331055,-2.318980812
T297L,-8.159939765930176,-2.157045417
T297M,-7.7656779289245605,-3.129511191
T297N,-9.459994316101074,-2.653824183
T297P,-10.10657787322998,-2.785098793
T297Q,-11.143231391906738,-2.738044134
T297Y,-11.866304397583008,-2.973482738
T297S,-5.092223644256592,-0.267705535
T297V,-7.5157856941223145,-3.2606604
T297W,-13.501237869262695,-2.903257898
T297H,-12.71230697631836,-2.814854514
T297A,-7.753591537475586,-2.069560054
T297R,-9.593616485595703,-3.243512134
T297G,-10.030716896057129,-3.347903076
T297K,-9.80702018737793,-2.475696691
T297E,-12.879521369934082,-3.305500885
T297D,-13.134172439575195,-3.357616497
T297C,-12.831282615661621,-2.7024326210000003
T297F,-10.43423080444336,-3.2088290980000003
P298F,-9.639084815979004,-3.14618341
P298E,-9.556461334228516,-2.7188277160000003
P298D,-10.29697322845459,-3.269314172
P298C,-13.395273208618164,-2.275126837
P298A,-5.585862159729004,-1.906352248
P298H,-10.793577194213867,-2.407611395
P298W,-13.03774642944336,-2.732986217
P298I,-8.116340637207031,-3.676924283
P298Y,-10.695192337036133,-2.914520625
P298L,-7.2794952392578125,-3.580222577
P298K,-9.03503131866455,-3.10337189
P298G,-9.704909324645996,-2.896886519
P298T,-8.154586791992188,-2.266831984
P298S,-3.874906539916992,-2.118723159
P298V,-6.884814262390137,-2.519852458
P298Q,-9.16359806060791,-2.519661191
P298N,-9.00233268737793,-3.516459032
P298M,-9.687287330627441,-2.734819034
P298R,-10.753046989440918,-3.758028532
Q299N,0.9413394927978516,-0.064896208
Q299Y,-1.2084388732910156,0.676399978
Q299W,-4.47634220123291,-0.034231167
Q299V,3.0063464641571045,0.542325311
Q299T,1.4657182693481445,0.256132129
Q299S,1.0555853843688965,-0.040584675
Q299P,-1.7546024322509766,-0.399374938
Q299M,0.2891414165496826,0.73857452
Q299R,-0.5637693405151367,-0.734828452
Q299K,1.6291899681091309,-0.921551957
Q299I,2.0340652465820312,0.482083409
Q299L,0.36219000816345215,0.066644896
Q299H,-1.3674936294555664,0.31332188
Q299G,-1.9963483810424805,-1.223376683
Q299F,-1.885354995727539,-0.11592322
Q299E,0.8052396774291992,-0.470459358
Q299D,0.908266544342041,0.09508369
Q299C,-4.819531440734863,-0.20020562
Q299A,1.3458497524261475,-0.488922209
G300R,-8.866020202636719,-3.420519639
G300S,-6.224122047424316,-3.837848834
G300T,-7.977283477783203,-2.989544292
G300Y,-9.261215209960938,-3.923439387
G300W,-9.285637855529785,-3.684552316
G300Q,-7.430302143096924,-3.213402167
G300V,-8.70274829864502,-2.9428391510000003
G300P,-10.886276245117188,-3.590520588
G300L,-8.927864074707031,-3.669187872
G300M,-7.528273582458496,-2.880009833
G300K,-9.026432991027832,-3.748926041
G300I,-8.922467231750488,-3.026824758
G300H,-8.39792251586914,-2.833771465
G300F,-10.050772666931152,-3.971744595
G300E,-6.49647855758667,-2.2092356090000003
G300D,-6.736767292022705,-3.496652973
G300C,-11.458690643310547,-4.151194876
G300A,-6.621411323547363,-3.995714466
G300N,-7.274876117706299,-3.682934877
A301Y,-6.096504211425781,-2.687086976
A301V,-1.333932876586914,-2.764385149
A301K,-6.348421096801758,-3.984906398
A301S,-2.862896680831909,-0.84637248
A301Q,-7.164801597595215,-2.177013927
A301T,-2.298576831817627,-2.624769368
A301P,-4.181462287902832,-3.798814924
A301M,-5.244392395019531,-3.247191264
A301L,-4.715496063232422,-3.987609877
A301N,-6.0611724853515625,-2.7146814910000003
A301I,-3.666137456893921,-3.269453032
A301G,-5.728473663330078,-2.8075465630000003
A301F,-5.861411094665527,-3.920472705
A301E,-7.024837493896484,-2.42235348
A301D,-6.199954986572266,-2.6757754
A301C,-7.823911666870117,-3.834340657
A301W,-9.03726577758789,-3.275685172
A301H,-8.031147003173828,-3.970073685
A301R,-7.273904800415039,-3.210978177
I302C,-11.077201843261719,-2.139352185
I302A,-4.430574893951416,-2.664877424
I302V,-1.809374451637268,-0.923710619
I302R,-7.284879207611084,-3.657218946
I302S,-4.707187652587891,-3.608111198
I302T,-1.4071626663208008,-2.590670265
I302D,-7.058434963226318,-3.1637207860000003
I302W,-10.380417823791504,-1.912131515
I302Y,-7.288333892822266,-2.262090395
I302Q,-6.031630039215088,-3.912891817
I302E,-7.557956695556641,-3.648788561
I302N,-5.7173004150390625,-3.810225265
I302G,-8.608617782592773,-3.82047735
I302H,-6.44304084777832,-2.835472595
I302K,-5.950626373291016,-1.593516191
I302L,-2.618067979812622,-0.8502614690000001
I302M,-2.134438991546631,-1.954819714
I302P,-6.759373664855957,-4.097805253
I302F,-6.3626484870910645,-2.081238942
N303P,-7.732574939727783,-0.79110438
N303M,-7.049165725708008,-0.549065806
N303L,-7.558215141296387,-0.231217277
N303K,-5.251326560974121,-0.88729003
N303I,-7.137042999267578,-1.012045965
N303E,-4.189260482788086,0.340235637
N303G,-4.340753555297852,-0.6954004090000001
N303F,-9.110738754272461,-0.257450466
N303D,-1.5794625282287598,-0.180696562
N303C,-11.210012435913086,-1.867160384
N303A,-5.027777671813965,0.413906554
N303H,-6.193295001983643,-0.392289334
N303R,-7.566257476806641,-0.602613817
N303Q,-5.907690048217773,-0.340192286
N303T,-6.258708953857422,0.38786869
N303V,-6.5794572830200195,-0.224167182
N303W,-11.755657196044922,-1.657138244
N303Y,-6.902177333831787,-0.339528802
N303S,-3.0235087871551514,-0.671956442
S304M,-5.4376068115234375,-2.800077415
S304Y,-6.710790634155273,-2.295813309
S304W,-8.857379913330078,-2.784954687
S304V,-6.058158874511719,-3.643737552
S304T,2.218630313873291,-1.304630869
S304R,-5.076592445373535,-2.7392471960000004
S304Q,-5.837762832641602,-2.8004139660000003
S304L,-6.368137359619141,-2.747542375
S304H,-6.129246711730957,-2.63036736
S304N,-0.7850918769836426,-1.81273291
S304G,-5.7075958251953125,-1.030391723
S304F,-7.879264831542969,-2.868951193
S304E,-6.293259620666504,-2.411634641
S304D,-4.195610046386719,-2.914991188
S304C,-8.40938949584961,-3.24214122
S304P,-6.724214553833008,-3.052890328
S304A,-2.141789674758911,-1.292182554
S304K,-3.4035298824310303,-2.598462517
S304I,-5.631999969482422,-2.15784772
N305C,-9.371793746948242,-2.350368286
N305A,-5.89387845993042,-0.055072234
N305E,-7.669162273406982,-1.86011579
N305F,-7.7798075675964355,-0.7996397759999999
N305G,-6.184642314910889,0.084595805
N305H,-4.936269760131836,-0.941830157
N305I,-7.235509395599365,-1.094122251
N305K,-5.41696310043335,-1.081361429
N305L,-7.625538349151611,-0.108296768
N305M,-7.836946964263916,-1.112865849
N305P,-9.4129638671875,-1.239432935
N305Q,-7.0672101974487305,-1.807112897
N305R,-7.015035152435303,-0.38892612
N305S,-0.8705630302429199,-0.252263011
N305T,-4.642169952392578,-1.026696871
N305V,-8.552898406982422,-1.010490526
N305W,-9.553672790527344,-2.241959691
N305D,-5.391992092132568,0.237333633
N305Y,-6.21668815612793,-1.745824336
L306Y,-5.664134979248047,-1.214563317
L306V,-4.931010723114014,-2.144449213
L306D,-10.123678207397461,-2.987714927
L306E,-8.515296936035156,-2.111585035
L306F,-4.511775970458984,-1.487289558
L306G,-10.445606231689453,-3.954879101
L306H,-5.816572666168213,-1.106492756
L306I,-3.7987117767333984,-1.564593793
L306W,-8.51008129119873,-2.5189883980000003
L306K,-6.371540546417236,-0.8359880670000001
L306N,-6.621402740478516,-2.937082153
L306P,-9.182281494140625,-2.870545136
L306Q,-6.300841331481934,-1.969950565
L306R,-6.861762046813965,0.232589676
L306S,-5.196715831756592,-0.6057493279999999
L306T,-2.6756396293640137,-2.015257583
L306M,-2.5163803100585938,-1.903422597
L306A,-6.147602081298828,-0.804619196
L306C,-10.853485107421875,-0.217956082
P307C,-13.071523666381836,-3.2249722339999995
P307W,-13.25587272644043,-3.484311763
P307V,-8.429922103881836,-3.226069999
P307T,-6.0666303634643555,-3.83029541
P307S,-5.3824357986450195,-2.581035885
P307R,-8.734363555908203,-3.513881473
P307Q,-6.892597675323486,-3.535970318
P307N,-6.9552435874938965,-3.533057954
P307M,-9.33055305480957,-3.079583627
P307L,-7.447023868560791,-2.33653183
P307K,-7.922789573669434,-2.817293222
P307I,-8.862746238708496,-3.187880492
P307H,-7.731107711791992,-3.562267902
P307G,-10.711971282958984,-3.262911542
P307A,-6.236963272094727,-3.120776535
P307Y,-10.073622703552246,-3.4822351680000003
P307D,-8.974220275878906,-3.929619576
P307E,-9.248270988464355,-3.605163378
P307F,-10.9688138961792,-3.725012385
F308Q,-12.280410766601562,-3.286998213
F308A,-12.16175651550293,-2.967501332
F308C,-12.581963539123535,-3.661369633
F308D,-13.999234199523926,-4.078060028
F308E,-14.252604484558105,-3.197460567
F308G,-14.56356430053711,-3.839203785
F308H,-8.514158248901367,-3.690229432
F308I,-7.43116569519043,-3.184159342
F308K,-13.015859603881836,-3.2557157
F308L,-4.72399377822876,-2.488678329
F308M,-8.286208152770996,-2.122197125
F308V,-8.854012489318848,-3.0541830410000004
F308T,-11.180830001831055,-3.118857395
F308S,-10.000971794128418,-3.183456512
F308N,-10.211973190307617,-3.999246338
F308P,-12.655449867248535,-3.885609075
F308R,-12.659067153930664,-3.612624433
F308Y,-4.57752799987793,-1.771986187
F308W,-8.723691940307617,-2.646211757
Q309S,-4.525777816772461,-3.58705628
Q309R,-5.523921012878418,-3.181697523
Q309P,-8.085372924804688,-3.2305375080000003
Q309N,-3.8883864879608154,-3.236326333
Q309M,-6.085385322570801,-3.032690765
Q309L,-6.8870038986206055,-4.015868796
Q309T,-3.360949993133545,-3.739019942
Q309K,-4.6712164878845215,-3.807910429
Q309G,-7.67091178894043,-4.265065324
Q309F,-9.191170692443848,-3.877512777
Q309E,-4.909767150878906,-3.070149432
Q309D,-6.044531345367432,-3.73882449
Q309C,-12.021820068359375,-3.746409944
Q309A,-5.663002014160156,-3.856555411
Q309I,-7.462758541107178,-3.708217285
Q309V,-7.227701187133789,-4.557140633
Q309H,-2.5032479763031006,-2.903557371
Q309Y,-6.243344306945801,-3.49718141
Q309W,-11.087505340576172,-3.951381303
N310A,-9.726727485656738,-3.466224545
N310W,-13.065454483032227,-2.944058965
N310V,-12.150065422058105,-1.472886207
N310C,-14.444721221923828,-2.659773248
N310D,-5.670866966247559,-2.93260504
N310E,-7.648486614227295,-3.45263026
N310F,-11.240421295166016,-2.961644593
N310G,-9.814109802246094,-3.62071033
N310H,-3.2874865531921387,-2.35347662
N310Y,-7.23270320892334,-2.726270946
N310I,-11.554243087768555,-3.564200131
N310S,-6.51470947265625,-2.29763864
N310R,-7.55922794342041,-3.447838597
N310Q,-5.9617109298706055,-2.883438075
N310T,-7.876860618591309,-3.525164204
N310M,-11.32633113861084,-2.244451766
N310L,-10.327950477600098,-3.186176077
N310K,-6.462368965148926,-2.372497827
N310P,-11.618146896362305,-3.410680897
I311M,-2.6110754013061523,-2.317716772
I311E,-10.916988372802734,-3.215228914
I311F,-6.010778903961182,-3.520663179
I311G,-12.85645866394043,-4.21022531
I311H,-9.1053466796875,-2.899381988
I311K,-9.384529113769531,-3.157270744
I311L,-2.3204092979431152,-2.100753828
I311D,-11.83641242980957,-3.3719126760000004
I311R,-9.195694923400879,-3.0781019310000004
I311Q,-8.65841293334961,-3.3431351960000004
I311C,-12.264238357543945,-1.974671741
I311S,-9.050171852111816,-3.62628845
I311T,-6.864076614379883,-2.9026299360000003
I311V,-2.717447280883789,-0.246481417
I311W,-9.74610710144043,-3.020404159
I311Y,-8.017988204956055,-3.123676952
I311P,-10.556129455566406,-3.661505906
I311A,-8.095793724060059,-3.903734663
I311N,-9.208797454833984,-2.258972155
H312C,-9.978832244873047,-1.679227681
H312E,-7.615353107452393,-2.650032836
H312A,-7.606696605682373,-0.204618429
H312F,-8.591848373413086,-2.147366155
H312G,-9.577049255371094,-0.967212252
H312K,-4.042402744293213,-3.388192193
H312L,-6.97032356262207,-3.89745509
H312M,-8.088658332824707,-2.7781218460000003
H312N,-5.321902751922607,-0.6806523790000001
H312I,-8.033899307250977,-3.1505845480000003
H312Q,-2.6751575469970703,-2.9473573710000003
H312P,-7.899209022521973,-2.932361575
H312Y,-4.883754253387451,-2.113904438
H312W,-9.551871299743652,-2.272516252
H312V,-8.194536209106445,-2.813011946
H312D,-9.54166316986084,-0.299064538
H312S,-6.7956461906433105,0.538722534
H312R,-2.162923812866211,-2.8906210480000003
H312T,-6.872743129730225,-0.532131791
P313I,-9.1981201171875,-2.930264218
P313C,-14.288579940795898,-3.4723321960000004
P313D,-9.316247940063477,-3.051362547
P313E,-7.878933906555176,-2.093761736
P313F,-8.958674430847168,-2.325435429
P313G,-10.03462028503418,-2.371362733
P313H,-6.505392551422119,-0.586428346
P313A,-7.008421897888184,-0.016266696
P313K,-2.647401809692383,-0.685228258
P313M,-8.261931419372559,-2.515466832
P313N,-5.628733158111572,-3.4006842660000003
P313Q,-5.824856281280518,-1.892290436
P313R,-3.8367795944213867,-0.694581743
P313S,-5.2161173820495605,-1.963155245
P313T,-5.082833290100098,-2.120582732
P313V,-9.400486946105957,-2.664559746
P313W,-10.295940399169922,-0.834410909
P313Y,-8.291861534118652,-1.822766394
P313L,-6.725346565246582,-2.9605706689999995
V314I,1.782281756401062,-0.544921114
V314H,-7.713657855987549,-0.163144863
V314E,-8.866849899291992,-1.826867053
V314F,-4.229154586791992,-0.4944552720000001
V314K,-6.217909336090088,-1.199658497
V314G,-12.024045944213867,-2.380495972
V314L,0.2202242612838745,-0.823366023
V314R,-6.390469074249268,-0.773445611
V314N,-9.042097091674805,0.154529514
V314P,-7.620948314666748,-3.731967088
V314Q,-6.177839756011963,-0.511693205
V314S,-8.40947151184082,-0.989284075
V314T,-5.398935317993164,-0.927337374
V314A,-7.2284417152404785,-1.629310768
V314Y,-6.903798580169678,0.651149889
V314M,-1.4791569709777832,0.153099078
V314D,-11.693872451782227,-0.551338887
V314W,-10.907567977905273,-1.395968562
V314C,-12.207012176513672,-2.147331477
T315Y,-9.511890411376953,0.107415262
T315A,-6.092334747314453,-0.601636725
T315W,-10.99398422241211,-2.157278527
T315V,-8.858262062072754,-0.222557997
T315S,-4.336490631103516,-0.665261145
T315R,-7.790962219238281,-2.2265168
T315Q,-9.469572067260742,-1.887166307
T315P,-8.552412033081055,-3.714116748
T315N,-6.310415744781494,-1.804931125
T315C,-12.851673126220703,-0.91400639
T315L,-9.500188827514648,-2.4135836630000003
T315M,-9.630149841308594,-2.419234038
T315E,-9.984760284423828,-3.529609494
T315F,-10.94484806060791,-1.095168214
T315D,-10.083088874816895,-3.473022729
T315H,-8.973856925964355,-1.340617256
T315I,-8.992749214172363,-1.525110777
T315K,-7.304468631744385,-2.83945237
T315G,-9.789496421813965,-0.059808436
I316Y,-7.824953556060791,-3.06331866
I316N,-9.192798614501953,-3.498102887
I316V,-4.812385559082031,-0.5836367720000001
I316T,-8.091384887695312,-3.058245031
I316R,-10.084169387817383,-3.132902409
I316Q,-11.211068153381348,-2.99180911
I316P,-10.637478828430176,-3.056437634
I316W,-10.560785293579102,-3.395933044
I316S,-8.833406448364258,-3.571400876
I316K,-10.146185874938965,-2.366575472
I316L,-5.996776580810547,-1.306155346
I316A,-9.896323204040527,-3.529348209
I316C,-10.676774978637695,-3.087883693
I316D,-13.066781997680664,-2.875630465
I316M,-6.97772216796875,-1.995395194
I316F,-5.649082183837891,-3.111681263
I316G,-12.593772888183594,-3.360499383
I316H,-10.031118392944336,-3.579720234
I316E,-12.880354881286621,-3.741946591
G317D,-8.317485809326172,-3.597058132
G317E,-9.450355529785156,-2.893875025
G317F,-11.208620071411133,-3.588274036
G317H,-9.218186378479004,-4.104210062
G317I,-11.072870254516602,-3.522238529
G317K,-8.294468879699707,-2.8592866710000004
G317L,-10.259502410888672,-3.5913849
G317N,-7.208469867706299,-3.176516573
G317P,-11.119013786315918,-3.866690523
G317Q,-9.85481071472168,-3.3731646680000003
G317S,-5.436161994934082,-3.885174863
G317T,-8.62913990020752,-3.486226812
G317V,-9.736955642700195,-4.13150697
G317A,-6.994284629821777,-4.232567088
G317M,-11.56505012512207,-3.484989005
G317R,-6.921522617340088,-3.642635404
G317C,-9.9527587890625,-3.760322691
G317W,-11.374338150024414,-3.013203604
G317Y,-9.663832664489746,-4.033081838999999
E318T,0.8367805480957031,-0.115902008
E318S,3.3729755878448486,-0.329521976
E318R,1.2802908420562744,-0.6367092289999999
E318Q,0.2486121654510498,-0.285826919
E318P,-0.4935488700866699,-3.751742203
E318N,1.1973967552185059,-0.540496235
E318M,-1.3217034339904785,-0.977642726
E318L,-1.5115761756896973,-1.38866035
E318K,3.034567356109619,-1.123844033
E318I,-1.4617934226989746,-1.3810494430000002
E318H,0.14968252182006836,-0.114380299
E318G,-0.44877004623413086,-2.390861008
E318F,-3.7459168434143066,-1.834615724
E318D,0.814530611038208,-0.29427117
E318C,-4.815724849700928,-2.365402712
E318V,-1.531754970550537,-1.439466697
E318W,-5.118112087249756,-2.375690756
E318Y,-2.1482529640197754,-2.976747029
E318A,-0.2089247703552246,-0.879312148
C319V,-9.800162315368652,-3.158939279
C319A,-11.227030754089355,-2.967528803
C319D,-12.492900848388672,-2.976696782
C319E,-13.086867332458496,-3.706638864
C319F,-8.245259284973145,-2.6974322660000003
C319G,-11.155081748962402,-4.033232013
C319H,-9.956547737121582,-3.276545493
C319I,-8.600918769836426,-3.280827633
C319K,-11.056882858276367,-3.341876835
C319M,-10.088410377502441,-3.0794030460000004
C319N,-10.018363952636719,-3.107496413
C319P,-11.010772705078125,-3.443085318
C319Q,-11.533374786376953,-3.266797588
C319R,-8.893702507019043,-3.4140562410000004
C319S,-8.865091323852539,-3.664973363
C319T,-10.677962303161621,-3.799225744
C319L,-9.362607955932617,-3.3500790510000003
C319W,-6.956939697265625,-2.714213557
C319Y,-6.526823997497559,-2.832247
P320Y,-12.98515510559082,-3.232671641
P320C,-15.479445457458496,-3.26749007
P320D,-11.53361701965332,-3.686709438
P320E,-11.935179710388184,-3.65516416
P320F,-14.063243865966797,-3.3184013
P320G,-11.676974296569824,-2.027176025
P320H,-10.175857543945312,-3.82290102
P320I,-12.461396217346191,-4.10442343
P320K,-10.701904296875,-3.658962885
P320L,-9.124898910522461,-3.302097285
P320M,-12.351154327392578,-2.963606175
P320N,-10.76984977722168,-3.920268827
P320Q,-9.616044998168945,-2.870297949
P320R,-10.795198440551758,-3.538609847
P320S,-7.947033882141113,-3.269280069
P320T,-9.59375,-3.541822336
P320A,-8.987177848815918,-1.450838965
P320W,-15.279539108276367,-3.533823682
P320V,-12.278257369995117,-2.877530209
K321D,-7.036798477172852,-2.967919312
K321W,-9.913257598876953,-2.589951375
K321V,-6.344704627990723,-0.813585433
K321T,-4.6290507316589355,-0.654905772
K321S,-5.016276836395264,-1.659788605
K321R,-3.312108039855957,0.409627151
K321Q,-5.637750625610352,-1.474377078
K321P,-7.513792037963867,-4.066297701
K321N,-4.685748100280762,-2.154622826
K321M,-6.084008693695068,-1.343152029
K321L,-7.252241134643555,-1.000676682
K321I,-6.608664512634277,-0.527509214
K321H,-7.942073345184326,-1.482807402
K321G,-7.395902633666992,-2.444565237
K321F,-10.310323715209961,-2.8272029560000003
K321E,-5.414597511291504,-2.85691513
K321C,-13.001554489135742,-2.559980551
K321Y,-9.287240982055664,-3.4619394260000003
K321A,-6.259970664978027,-1.781188715
Y322D,-10.236281394958496,-3.124922882
Y322A,-12.030655860900879,-3.105143634
Y322C,-11.610422134399414,-2.770933984
Y322E,-10.459138870239258,-3.393337391
Y322F,-6.820642948150635,-0.130108208
Y322G,-11.228422164916992,-3.941823375
Y322H,-6.262284278869629,-1.973948847
Y322K,-11.851143836975098,-3.42765957
Y322L,-11.124344825744629,-3.680056541
Y322I,-12.470314025878906,-2.95805225
Y322N,-8.982494354248047,-3.612082218
Y322P,-14.92981243133545,-3.708068403
Y322Q,-10.310952186584473,-3.133032968
Y322R,-12.222944259643555,-4.471361761
Y322S,-9.082756996154785,-3.645764152
Y322T,-11.470382690429688,-3.439464863
Y322V,-12.279773712158203,-3.882871053
Y322W,-10.28372573852539,-2.441230512
Y322M,-13.112120628356934,-2.483031987
V323M,-5.658775806427002,-3.059604821
V323S,-9.05644702911377,-3.368830625
V323R,-10.54373550415039,-4.27323839
V323Q,-8.513171195983887,-3.442701759
V323P,-10.739007949829102,-2.854076657
V323N,-10.990641593933105,-2.592482672
V323L,-5.712485313415527,-0.676469337
V323Y,-10.446433067321777,-3.63787899
V323H,-9.084714889526367,-3.306327463
V323G,-10.144343376159668,-2.85678766
V323F,-9.954524993896484,-3.44246047
V323E,-9.581815719604492,-3.50575722
V323D,-9.993365287780762,-2.965302957
V323W,-12.849886894226074,-3.1337293460000004
V323A,-5.344247817993164,-3.136101987
V323I,-3.0831127166748047,0.023790269
V323C,-12.518505096435547,-3.355976204
V323K,-10.388898849487305,-3.490371184
V323T,-6.823688507080078,-2.556505925
R324Y,-6.294898986816406,-2.601549948
R324E,-3.109707832336426,-3.012417959
R324F,-7.382419586181641,-3.162833915
R324G,-5.431124210357666,-3.0346958510000004
R324H,-3.4798898696899414,-1.131797798
R324I,-3.8789310455322266,-4.223842389
R324K,1.7007708549499512,-0.427651482
R324L,-2.8806700706481934,-1.7416785069999998
R324C,-8.396897315979004,-3.683700232
R324M,-2.3158092498779297,-2.577098677
R324N,-2.55618953704834,-2.989665725
R324P,-6.044572830200195,-3.320176684
R324Q,-1.676213026046753,-2.007058485
R324S,-2.8392815589904785,-2.875375237
R324T,-1.9517173767089844,-1.085862455
R324V,-3.000932216644287,-3.754971692
R324A,-2.94295597076416,-1.7783021330000002
R324W,-7.84156608581543,-2.939877054
R324D,-5.049431324005127,-3.3332870960000003
S325A,-2.6623380184173584,-1.930941171
S325C,-7.378787040710449,-2.099662475
S325Y,-7.026782989501953,-3.105305619
S325W,-9.384556770324707,-3.735514196000001
S325V,-3.72377347946167,-3.624120412
S325T,-2.39768123626709,-1.973436654
S325R,-7.263060092926025,-4.194963456
S325Q,-6.9012298583984375,-3.200134683
S325P,-5.351663112640381,-3.727684997
S325N,-2.9097166061401367,-3.121852259
S325M,-5.709572792053223,-3.490053235
S325L,-5.281754970550537,-1.768535206
S325K,-6.443582534790039,-2.793152902
S325I,-4.59122896194458,-2.665440353
S325H,-6.431630611419678,-3.6341088
S325G,-5.3141584396362305,-3.1136966630000003
S325F,-6.722811698913574,-3.505853853
S325E,-6.28786039352417,-4.145199786
S325D,-5.127147197723389,-2.264763609
T326W,-8.171331405639648,-2.004585224
T326A,0.7615458965301514,-0.050738848
T326C,-8.081907272338867,-1.709807797
T326V,-2.2261781692504883,-0.7105298290000001
T326S,0.40285801887512207,-0.633874638
T326R,-4.783724784851074,-0.343735255
T326E,-1.362342357635498,-0.9014477
T326P,-2.398538112640381,-0.962196065
T326N,-1.2896740436553955,-1.3803385469999998
T326Y,-5.922914505004883,-1.422945835
T326M,-4.288273811340332,0.181321005
T326K,-3.25217342376709,-1.038171959
T326I,-4.647570610046387,-0.334792195
T326H,-4.34423828125,-1.228489079
T326G,-2.110996961593628,-0.294788852
T326F,-6.191514015197754,-0.902601471
T326D,-1.2542088031768799,-1.243490335
T326L,-4.635741233825684,-0.521746657
T326Q,-2.814335346221924,-0.201848982
K327M,-3.2890357971191406,-2.094978511
K327Y,-9.866567611694336,-2.903875835
K327A,-4.923694133758545,-0.424083661
K327C,-9.619573593139648,-2.80536317
K327D,-2.499523401260376,-2.969290382
K327F,-9.42989730834961,-3.892069416
K327G,-4.649395942687988,-2.136851342
K327H,-4.925946235656738,-1.342518279
K327I,-5.818338394165039,-2.654383668
K327L,-6.069785118103027,-3.909937111
K327E,-2.2944276332855225,-2.549715556
K327P,-5.347239971160889,-3.907919358
K327Q,-2.282513380050659,-1.168300663
K327R,-3.3570761680603027,-1.332621377
K327S,-1.1635830402374268,-1.248316647
K327T,-3.3832526206970215,-1.380029393
K327W,-9.716527938842773,-3.152001963
K327V,-4.1905717849731445,-3.058165322
K327N,-0.3860021233558655,-1.31405341
L328A,-8.660371780395508,-4.460619696
L328C,-10.962644577026367,-3.830549267
L328E,-11.030643463134766,-3.471948948
L328F,-6.189122200012207,-3.0796745389999995
L328G,-10.489795684814453,-3.554875197
L328H,-9.57529067993164,-3.87465661
L328K,-10.297564506530762,-3.949414663
L328D,-11.955950736999512,-3.563610125
L328N,-9.767722129821777,-3.830842673
L328M,-4.601809501647949,-2.966163189
L328Y,-9.657206535339355,-3.158563172
L328W,-9.749105453491211,-3.727869275
L328V,-6.05682373046875,-3.450422514
L328T,-8.112954139709473,-3.941716902
L328I,-5.838586807250977,-1.264030899
L328R,-9.383546829223633,-4.662546937
L328Q,-8.56055736541748,-3.63175385
L328P,-7.35793399810791,-4.0036771810000005
L328S,-6.9735426902771,-3.400366702
R329C,-7.596285820007324,-2.8615619480000003
R329Y,-7.051745414733887,-2.56878455
R329W,-8.350523948669434,-1.987076172
R329V,-6.21142053604126,-1.999822912
R329T,-2.879638671875,-2.285308342
R329S,-0.00046634674072265625,-1.961704203
R329Q,-3.3331518173217773,-3.59726344
R329P,-5.6840901374816895,-3.93246649
R329M,-6.008134841918945,-2.752915551
R329L,-6.556882858276367,-3.068058226
R329K,-1.8377716541290283,-1.772884624
R329I,-6.886699676513672,-3.523092143
R329A,-2.8512330055236816,-2.178745593
R329G,-2.8951141834259033,-2.693935348
R329F,-8.040056228637695,-3.922949618
R329E,-3.322577953338623,-3.118989083
R329D,-4.676533222198486,-3.861824599
R329N,-2.1066229343414307,-2.862277244
R329H,-4.283456325531006,-2.565760422
M330Y,-5.22214937210083,-3.683766841
M330W,-5.481313228607178,-3.3618182360000004
M330A,-1.487198829650879,-3.744456212
M330C,-6.648693561553955,-3.00690323
M330D,-7.9826836585998535,-2.963169135
M330E,-6.133172512054443,-3.626279153
M330G,-5.193211078643799,-3.088927059
M330H,-4.360966205596924,-3.983679596
M330I,-0.8953261375427246,-2.757977509
M330K,-4.381473064422607,-3.251099212
M330F,-2.459555149078369,-2.28514416
M330N,-5.502554416656494,-2.8487094930000003
M330P,-2.3894400596618652,-4.253735265
M330Q,-3.268838405609131,-3.5842261680000003
M330R,-3.4538369178771973,-3.32112591
M330S,-2.511960029602051,-3.882465066
M330T,-2.2885336875915527,-3.090792914
M330V,-0.4393939971923828,-2.625798538
M330L,4.899379730224609,-1.1638166909999998
V331N,-0.27017736434936523,-3.1462667
V331P,-3.2476625442504883,-3.860994365
V331Q,-4.0448689460754395,-2.664998382
V331R,-4.219301700592041,-4.314003078
V331Y,-4.564537525177002,-3.282740065
V331T,1.3712718486785889,-3.542473823
V331W,-7.070200443267822,-3.020751587
V331M,-2.2190299034118652,-3.099374231
V331S,1.3112146854400635,-2.745617425
V331L,-2.0801405906677246,-3.88358585
V331F,-4.400482654571533,-3.303715232
V331I,-1.14581298828125,-2.828080496
V331H,-4.382810115814209,-3.331394952
V331G,-2.2599992752075195,-2.768532275
V331K,-3.37899112701416,-3.244146882
V331E,-4.782900333404541,-2.998297739
V331D,-4.958901882171631,-3.0590415460000004
V331C,-4.420521259307861,-1.388119342
V331A,3.5678024291992188,-0.887784081
T332Y,-7.354959487915039,-3.450364974
T332A,-1.4339752197265625,-3.182044098
T332C,-7.929678440093994,-3.443021176
T332D,-7.227258682250977,-3.55608799
T332E,-6.804122447967529,-3.578874111
T332F,-7.645447254180908,-3.409912851
T332G,-5.783552169799805,-4.002191907
T332I,-4.406213760375977,-2.272902424
T332H,-7.212466716766357,-3.164441553
T332L,-5.6585259437561035,-2.60345079
T332M,-5.695458889007568,-3.009848664
T332N,-5.268043041229248,-3.871413398
T332P,-3.444427967071533,-3.916070693
T332Q,-6.752562522888184,-2.721046797
T332R,-6.330270767211914,-3.356818642
T332S,-1.6092019081115723,-3.365687612
T332V,-3.886815071105957,-2.36079422
T332K,-5.2631940841674805,-2.6131688630000003
T332W,-9.274141311645508,-2.510912879
G333P,-10.098122596740723,-3.824019554
G333Q,-8.640217781066895,-3.184657547
G333R,-6.183113098144531,-2.232840979
G333S,-5.387023448944092,-4.243233405
G333W,-9.256580352783203,-3.250015258
G333V,-7.975367546081543,-3.180784717
G333Y,-9.247513771057129,-3.481423618
G333N,-6.007489204406738,-3.755914287
G333T,-8.05720329284668,-3.152356138
G333M,-9.870603561401367,-3.08751233
G333D,-6.113105773925781,-2.9152618660000003
G333K,-6.876957416534424,-2.909361063
G333I,-9.171302795410156,-3.730268166
G333H,-9.314475059509277,-3.389491689
G333F,-10.204618453979492,-3.791953057
G333E,-6.460298538208008,-2.742816652
G333C,-8.825896263122559,-3.010564628
G333A,-6.020744800567627,-3.708894209
G333L,-9.241429328918457,-4.346045814
L334D,-12.201042175292969,-2.909169651
L334E,-11.494562149047852,-3.882080576
L334F,-6.483635425567627,-3.640104545
L334G,-11.085254669189453,-4.368898484
L334H,-9.125869750976562,-3.945445492
L334I,-3.9696848392486572,-3.271542809
L334K,-9.785965919494629,-2.964665992
L334M,-4.7188568115234375,-1.561854564
L334Q,-7.9466328620910645,-2.662634502
L334N,-9.588730812072754,-2.975842726
L334P,-7.503073215484619,-1.201437382
L334W,-10.221074104309082,-2.01596537
L334R,-9.201658248901367,-4.005129118
L334S,-7.962223529815674,-4.389567578
L334T,-7.585880279541016,-3.007200998
L334C,-11.960661888122559,-3.5730030760000004
L334Y,-9.096687316894531,-3.555587056
L334A,-8.173582077026367,-4.012021827
L334V,-5.425135612487793,-0.818154297
R335N,-6.231608867645264,-3.373996092
R335D,-9.860370635986328,-3.072866341
R335E,-9.29355239868164,-2.795170387
R335F,-9.452869415283203,-2.998428792
R335G,-7.991835117340088,-3.133737998
R335H,-6.54764986038208,-2.549475017
R335I,-9.545552253723145,-2.778180228
R335L,-8.572539329528809,-3.471790654
R335M,-9.641579627990723,-3.18400799
R335P,-9.059884071350098,-3.50517895
R335Q,-6.823671817779541,-3.207283571
R335S,-4.621865272521973,-3.260350344
R335T,-7.524925231933594,-3.27007962
R335V,-9.65063190460205,-3.555551658
R335W,-8.928232192993164,-2.8801926680000003
R335Y,-8.289695739746094,-3.365282171
R335C,-9.375162124633789,-3.291347641
R335A,-8.80770206451416,-3.600111607
R335K,-6.072799205780029,-2.160574117
N336E,-7.595181465148926,-3.040961767
N336I,-6.606421947479248,-2.624389381
N336K,-6.108109474182129,-2.7591805810000003
N336L,-6.848771572113037,-4.024548233
N336A,-5.803053379058838,-3.91653112
N336M,-7.145661354064941,-3.153514742
N336P,-8.232342720031738,-3.239165212
N336F,-7.82725715637207,-3.383208025
N336H,-4.719233512878418,-3.213051731
N336Q,-6.774611473083496,-2.975229213
N336S,-1.7021784782409668,-3.302132544
N336D,-6.085621356964111,-2.717742742
N336T,-3.667009115219116,-3.0671505260000003
N336V,-6.957014560699463,-4.091385026
N336W,-10.565229415893555,-3.129240522
N336Y,-6.289153099060059,-3.416149111
N336C,-9.504264831542969,-3.476060482
N336R,-7.8834943771362305,-3.670406004
N336G,-7.166521072387695,-4.236333526
I337V,2.148430347442627,-0.589648624
I337Y,-4.730658531188965,-0.1581918
I337W,-7.361029624938965,-1.99128996
I337E,-3.184828281402588,-0.377297325
I337C,-6.062039375305176,-0.674521464
I337D,-4.291387557983398,0.034270619
I337F,-3.8728137016296387,-0.690002255
I337G,-2.8670058250427246,-1.134726475
I337H,-5.613628387451172,-0.155394154
I337K,-4.194034099578857,1.2422509659999998
I337L,-1.1137409210205078,0.6593466370000001
I337M,-0.972383975982666,-0.392395656
I337N,-3.721341609954834,0.940250922
I337P,-2.8247604370117188,-2.935287396
I337Q,-4.102164268493652,0.040732894
I337R,-5.317070960998535,0.590424828
I337S,-0.633730411529541,0.5100666660000001
I337T,0.4276900291442871,0.513791105
I337A,3.2734971046447754,0.161932656
P338Y,-8.992115020751953,-0.88267399
P338C,-11.301111221313477,-2.047642611
P338W,-11.756855964660645,-2.492395923
P338A,-3.2733747959136963,-0.818724916
P338D,-8.389627456665039,-2.393783468
P338E,-8.011323928833008,-1.733875146
P338F,-9.08220386505127,-2.92715829
P338G,-7.044759273529053,-1.87274356
P338H,-7.361421585083008,-0.212674484
P338I,-7.1867475509643555,-3.113121571
P338K,-7.878457069396973,-1.647559403
P338L,-7.112812042236328,-2.481780969
P338V,-5.60881233215332,-1.964893485
P338N,-6.386114120483398,-2.000291797
P338Q,-6.876399040222168,-1.413864549
P338R,-7.988402843475342,-1.868561881
P338S,-3.4063925743103027,-2.799579059
P338T,-5.108010292053223,-3.390341255
P338M,-8.333168029785156,-2.326328145
S339D,-6.131687641143799,-1.971687048
S339Y,-5.69734525680542,-1.362761268
S339W,-8.382904052734375,-2.872331625
S339V,-4.723898410797119,-0.5710083020000001
S339T,-2.9200172424316406,-0.5190797770000001
S339R,-5.193126201629639,-0.167651668
S339Q,-5.4997711181640625,0.746698084
S339P,-5.430740833282471,-0.205814134
S339L,-5.563711166381836,-0.932386645
S339M,-6.266661643981934,-1.117836032
S339K,-5.603092670440674,-1.710336636
S339I,-5.575066566467285,-0.248742354
S339H,-5.458080291748047,-1.204639809
S339G,-4.718531131744385,-0.329539754
S339F,-6.447329044342041,-1.900426616
S339C,-6.761487007141113,-2.08099212
S339A,-2.979016065597534,0.405356452
S339N,-3.4745030403137207,-1.848184043
S339E,-6.264621734619141,-1.901577106
I340N,-5.564929962158203,-2.22489101
I340P,-3.981417655944824,-1.964718361
I340Q,-6.010903835296631,-0.432059436
I340R,-2.5176219940185547,0.461579795
I340V,-1.532294511795044,-0.306873034
I340T,-3.830595016479492,-1.689842433
I340M,-3.2457728385925293,0.057237744
I340W,-7.065393447875977,-2.77916512
I340Y,-5.203214645385742,-1.80191733
I340S,-4.890315055847168,-2.672518764
I340L,-2.243276596069336,-0.542548417
I340G,-6.673867225646973,-3.361462947
I340H,-5.077526092529297,-1.264975306
I340K,-5.550223350524902,0.283756114
I340F,-4.696356773376465,-1.279970623
I340E,-7.302852630615234,-2.260763117
I340D,-7.555290699005127,-2.557489495
I340C,-7.913732528686523,-1.749784589
I340A,-4.375244140625,-1.955568096
Q341A,-1.5944827795028687,-1.4111105819999998
Q341C,-8.449491500854492,-3.018547939
Q341D,-3.1865687370300293,-2.613866627
Q341E,-1.5123399496078491,-1.10382721
Q341F,-5.086584568023682,-2.865039013
Q341G,-3.976574420928955,-2.461375645
Q341H,-1.6425760984420776,-1.345160116
Q341K,-0.8296554088592529,-2.482473546
Q341I,-3.378643035888672,-2.599544788
Q341M,-3.1913375854492188,-2.538971732
Q341L,-3.5526204109191895,-3.336522499
Q341P,-3.3532962799072266,-3.541620797
Q341S,-2.099994659423828,-1.722917291
Q341T,-2.8934450149536133,-1.491032577
Q341R,-1.5658913850784302,-1.927755081
Q341W,-7.060673713684082,-2.9592798310000004
Q341Y,-3.9095005989074707,-2.934075729
Q341N,-1.7942451238632202,-2.1659348730000003
Q341V,-2.8091044425964355,-3.265325557
Y342P,3.1651463508605957,-3.297531767
Y342F,-0.6838283538818359,-1.34203818
Y342G,4.592942237854004,-4.234094229
Y342H,0.3773689270019531,-1.644032318
Y342I,0.5833907127380371,-2.798885167
Y342K,1.7856855392456055,-2.484732921
Y342L,0.4251132011413574,-2.43289193
Y342M,-0.44521522521972656,-3.008138269
Y342N,4.049936771392822,-2.202554951
Y342Q,1.4906134605407715,-2.905107762
Y342C,-0.8622016906738281,-2.119467975
Y342S,8.15870475769043,-3.481856072
Y342T,5.4300360679626465,-1.844042101
Y342V,1.3656182289123535,-2.724845888
Y342W,-3.6878843307495117,-1.7920341519999998
Y342E,2.989495277404785,-3.663975507
Y342D,4.21783447265625,-3.661080805
Y342R,1.4503388404846191,-2.331577391
Y342A,5.975604057312012,-2.889964999
R343I,-8.61434555053711,-2.581354501
R343H,-7.682721138000488,-3.733550299
R343F,-9.248896598815918,-3.751019866
R343K,-5.972341537475586,0.462910995
R343D,-8.974678993225098,-3.498125457
R343A,-7.919614791870117,-3.3538977560000003
R343C,-8.469841003417969,-3.4121303810000003
R343E,-9.423622131347656,-2.738119788
R343L,-8.464274406433105,-3.74482192
R343G,-6.594926834106445,-2.651778193
R343N,-9.064542770385742,-3.774983857
R343Y,-9.995573043823242,-3.754501333
R343W,-8.624283790588379,-3.046428984
R343V,-8.744451522827148,-4.348129905
R343M,-9.826896667480469,-2.119632881
R343S,-8.071767807006836,-4.07504005
R343Q,-7.970621109008789,-2.865517516
R343P,-7.9228739738464355,-3.1263330430000003
R343T,-8.30799674987793,-2.716962881
G344V,-9.456221580505371,-3.0266780310000003
G344T,-9.628839492797852,-3.805834994
G344S,-6.168749809265137,-3.19980789
G344R,-7.810111999511719,-3.378185719
G344Q,-10.721829414367676,-3.545849395
G344P,-11.958793640136719,-3.802724192
G344N,-8.519701957702637,-3.08172761
G344M,-11.495864868164062,-3.40629579
G344K,-10.252605438232422,-3.521709065
G344I,-10.69571590423584,-4.139786127
G344W,-9.181883811950684,-2.865294285
G344F,-9.723799705505371,-2.668922586
G344E,-8.459875106811523,-2.459376111
G344D,-7.29252815246582,-2.820368134
G344C,-10.359127044677734,-2.88548385
G344A,-6.894737243652344,-1.67572681
G344L,-10.645421028137207,-3.833935307
G344H,-10.028672218322754,-3.034883812
G344Y,-10.368651390075684,-3.333552865
L345F,-0.5463709235191345,-2.631120651
L345C,-10.843984603881836,-3.448942113
L345A,-7.935710906982422,-2.816438374
L345G,-10.920352935791016,-4.0589238010000015
L345K,-11.510147094726562,-3.941120383
L345M,-5.594664573669434,-0.593471063
L345N,-12.029060363769531,-3.916366988
L345P,-9.075551986694336,-2.534179134
L345Q,-12.076160430908203,-2.560351638
L345R,-10.65373420715332,-3.842533894
L345S,-9.982833862304688,-3.0586088160000005
L345T,-8.596518516540527,-3.4683035230000003
L345V,-3.420795440673828,-0.559831706
L345W,-6.649876594543457,-3.178170537
L345Y,-7.673624038696289,-2.514550666
L345I,-0.2618560194969177,-0.699995846
L345H,-11.0277738571167,-3.060072758
L345D,-13.369948387145996,-3.559616699
L345E,-13.538934707641602,-3.226061945
F346A,-9.318059921264648,-3.30431531
F346V,-6.344003200531006,-2.235131226
F346C,-11.680647850036621,-3.521135972
F346D,-14.13504409790039,-3.927565886000001
F346G,-10.112541198730469,-3.683537036
F346H,-12.485554695129395,-2.094081555
F346I,-4.428864002227783,-2.066671354
F346K,-12.981490135192871,-4.215455774
F346L,-3.928572654724121,-1.171601416
F346M,-8.017646789550781,-2.294313906
F346N,-13.276984214782715,-3.412349779
F346P,-11.721609115600586,-3.85588625
F346Q,-13.173553466796875,-3.715700859
F346R,-11.897164344787598,-3.680292277
F346S,-9.945085525512695,-3.547008995
F346W,-7.165497779846191,-2.7619158460000004
F346T,-10.196429252624512,-3.965177225
F346Y,-7.98721981048584,-2.161714097
F346E,-13.709601402282715,-3.862115573
G347Q,-8.915961265563965,-1.180355641
G347V,-8.461690902709961,-1.68017125
G347T,-7.728627681732178,-1.000545134
G347S,-4.947659015655518,-1.0290704
G347R,-7.7160563468933105,-1.095262811
G347P,-8.769939422607422,-3.628991027
G347N,-7.475605487823486,-1.3372815059999998
G347W,-9.612497329711914,-2.433019523
G347M,-10.116375923156738,-1.504761864
G347K,-8.718538284301758,-1.515370765
G347I,-10.364458084106445,-3.3365441060000003
G347H,-10.401573181152344,-1.4257653
G347A,-4.115777015686035,-0.8773391229999999
G347C,-9.945684432983398,-2.028782546
G347F,-10.396339416503906,-2.709362612
G347L,-9.409367561340332,-0.936977017
G347E,-7.3412041664123535,-2.299210459
G347Y,-10.271005630493164,-1.912559782
G347D,-6.482378005981445,-3.038770272
A348C,-10.667126655578613,-3.433321515
A348F,-5.38798713684082,-3.28243803
A348G,-6.964395523071289,-2.989682394
A348H,-12.244878768920898,-3.36843158
A348I,-7.826066970825195,-3.771088021
A348K,-11.779328346252441,-3.020672943
A348L,-7.57752799987793,-3.372564919
A348Y,-9.761150360107422,-3.709340689
A348W,-9.255645751953125,-3.059241185
A348P,-9.444236755371094,-3.881669386
A348D,-10.810027122497559,-2.851741969
A348Q,-12.245086669921875,-3.334930399
A348R,-11.27846622467041,-4.21224708
A348S,-6.015317916870117,-2.969938902
A348T,-5.2781853675842285,-2.906655527
A348V,-5.332343578338623,-2.774581586
A348N,-11.361747741699219,-2.956337884
A348M,-8.651729583740234,-1.915922634
A348E,-10.636600494384766,-3.73378396
I349V,-3.3356499671936035,-0.305803649
I349Y,-11.755241394042969,-3.834933846
I349R,-15.016092300415039,-4.894259616
I349Q,-15.216939926147461,-4.04642078
I349P,-13.465272903442383,-4.389956778
I349M,-6.867969512939453,-1.534734784
I349L,-3.458963394165039,-1.995754713
I349K,-15.488815307617188,-3.693261378
I349H,-14.257707595825195,-3.553296267
I349N,-14.883933067321777,-3.546664238
I349F,-5.578747749328613,-3.451260169
I349T,-11.31844425201416,-2.82871602
I349G,-12.865108489990234,-3.940222873
I349S,-13.147224426269531,-3.895915066
I349A,-9.029699325561523,-2.683151674
I349W,-11.677589416503906,-3.580728391
I349D,-15.88636302947998,-3.256674443
I349E,-15.213641166687012,-3.595594517
I349C,-13.95738697052002,-2.712013129
A350M,-7.269624710083008,-3.0934768160000004
A350D,-7.751140594482422,-2.75408157
A350F,-8.845767974853516,-2.797522636
A350G,-5.663246154785156,-2.542791728
A350H,-10.863367080688477,-2.968073163
A350I,-6.423545837402344,-3.236231482
A350K,-8.734009742736816,-2.9816543510000004
A350L,-7.238206386566162,-3.847139802
A350E,-5.9527201652526855,-3.435632726
A350N,-9.910415649414062,-3.768992019
A350Q,-9.163086891174316,-3.661854244
A350W,-11.976847648620605,-2.136109931
A350Y,-10.060990333557129,-2.8337007
A350P,-9.741422653198242,-4.2283651010000005
A350C,-11.433450698852539,-2.806919392
A350R,-9.824888229370117,-3.847434444
A350S,-5.286087989807129,-0.903550091
A350T,-4.3762736320495605,-2.7736927330000003
A350V,-3.8678321838378906,-3.106486634
G351L,-12.312362670898438,-3.936093286
G351W,-11.149231910705566,-2.711968043
G351V,-9.63980770111084,-3.346377798
G351T,-10.730538368225098,-2.859652645
G351Y,-12.196817398071289,-3.690689361
G351F,-12.666744232177734,-3.425614395
G351H,-11.584370613098145,-3.302998147
G351I,-11.663797378540039,-3.911850488
G351K,-9.649815559387207,-3.387179965
G351P,-13.495033264160156,-3.66021267
G351N,-9.423515319824219,-3.108187664
G351Q,-12.269125938415527,-3.575752709
G351R,-8.216607093811035,-3.66639635
G351S,-7.30990743637085,-3.4891681000000005
G351E,-8.855432510375977,-3.133313565
G351D,-8.080973625183105,-3.342611067
G351C,-11.40279769897461,-3.1370096660000004
G351A,-8.348603248596191,-3.954859489
G351M,-12.956378936767578,-3.311029009
F352E,-14.950273513793945,-4.069187342
F352Y,-6.177957534790039,-2.83159245
F352D,-14.951385498046875,-3.974957062
F352T,-10.916264533996582,-4.225729087
F352R,-13.372941970825195,-4.540684093
F352Q,-14.739439010620117,-4.186107775
F352P,-14.425119400024414,-2.914644806
F352N,-14.084561347961426,-4.197369215
F352M,-9.026476860046387,-3.630037174
F352L,-4.931090831756592,-2.921700312
F352K,-14.949792861938477,-4.4858578410000005
F352I,-8.06633186340332,-3.140986884
F352H,-11.363940238952637,-4.007099939
F352G,-11.128433227539062,-3.3541400080000003
F352A,-7.352505207061768,-3.109005422
F352C,-11.510689735412598,-3.753209755
F352S,-10.352215766906738,-4.117832149
F352V,-7.504659652709961,-3.4120408610000004
F352W,-8.961091995239258,-2.431586603
I353K,-15.114017486572266,-4.255820008
I353Y,-12.811422348022461,-3.952050267
I353W,-11.979873657226562,-3.530732808
I353V,-2.640070915222168,-0.492649308
I353T,-10.433052062988281,-2.790107525
I353S,-12.347990989685059,-3.70610077
I353R,-14.636489868164062,-3.857685314
I353Q,-15.208619117736816,-3.727925466
I353P,-14.70589828491211,-4.333250737
I353N,-14.00500774383545,-3.244096421
I353M,-6.816468238830566,-2.103603752
I353D,-15.408849716186523,-3.265236339
I353E,-14.44055461883545,-3.98749121
I353F,-7.160386562347412,-2.734108134
I353A,-8.672432899475098,-3.537183159
I353H,-15.233722686767578,-3.18574056
I353L,-5.505653381347656,-1.036785751
I353G,-12.767919540405273,-3.509665434
I353C,-14.175387382507324,-3.607458918
E354R,-11.387694358825684,-3.1423526
E354W,-16.47538185119629,-3.336760075
E354T,-9.345577239990234,-3.235744388
E354S,-9.01537036895752,-3.376757487
E354Y,-13.188409805297852,-3.0851638830000003
E354Q,-6.910491943359375,-2.90425194
E354P,-13.62337589263916,-3.978684874
E354N,-9.910868644714355,-3.49279659
E354M,-13.378824234008789,-2.727422176
E354L,-12.588788032531738,-2.731980357
E354K,-8.584157943725586,-2.954025478
E354V,-10.758260726928711,-2.316978898
E354H,-11.11026382446289,-3.567984845
E354G,-9.111366271972656,-3.558287438
E354F,-13.622735023498535,-3.682902102
E354D,-5.78858757019043,-3.447894069
E354C,-15.855508804321289,-2.962209622
E354A,-8.51735782623291,-3.359638857
E354I,-12.600841522216797,-2.864510651
G355C,-10.732608795166016,-3.564619172
G355D,-8.005666732788086,-3.732993446
G355E,-8.303560256958008,-3.052093565
G355F,-10.99501895904541,-3.3462056810000003
G355V,-8.783500671386719,-3.693564206
G355H,-11.153188705444336,-3.736218324
G355I,-10.493526458740234,-3.813323397
G355N,-8.871893882751465,-2.985120868
G355L,-10.9264554977417,-4.5088391560000005
G355M,-11.85270881652832,-3.473008526
G355S,-7.005518913269043,-3.833769975
G355T,-9.915989875793457,-3.924599826
G355P,-12.623960494995117,-4.343783882
G355Q,-11.641605377197266,-3.576170828
G355R,-7.8534135818481445,-3.021449896
G355K,-9.34442138671875,-3.390888084
G355A,-7.838653564453125,-3.703691857
G355W,-10.250773429870605,-3.609321791
G355Y,-10.977602005004883,-3.34867286
G356M,-12.403888702392578,-3.218117065
G356S,-7.328168869018555,-3.266133458
G356R,-8.63014030456543,-3.412558184
G356Q,-10.686830520629883,-4.012064893
G356P,-13.235977172851562,-3.569828899
G356N,-8.643400192260742,-2.83202439
G356W,-10.11352825164795,-3.5933661160000003
G356L,-11.51101303100586,-4.122689414
G356K,-9.222716331481934,-3.942173164
G356I,-11.622633934020996,-4.151006722
G356H,-8.206104278564453,-4.0704435110000015
G356Y,-9.387188911437988,-3.762836975
G356F,-10.930793762207031,-4.336361104
G356E,-9.151100158691406,-2.9789191
G356D,-8.861145973205566,-2.098701279
G356C,-10.706716537475586,-3.774741125
G356A,-7.391867160797119,-3.511656058
G356V,-10.00514030456543,-3.4005196580000003
G356T,-10.31729507446289,-4.2857788480000005
W357A,-11.520570755004883,-4.506103748999999
W357D,-15.949577331542969,-2.830082455
W357V,-7.171627998352051,-4.285489835
W357C,-12.295822143554688,-3.054840093
W357Y,-8.758159637451172,-3.11802409
W357T,-11.920318603515625,-4.496929511
W357Q,-14.573164939880371,-4.163541213
W357H,-14.010282516479492,-4.100839218
W357F,-7.375618934631348,-3.6023671160000004
W357E,-15.509082794189453,-3.7339365
W357S,-13.2938814163208,-4.530707129
W357P,-14.257010459899902,-4.386097725
W357N,-15.618683815002441,-4.109538893
W357R,-13.167991638183594,-3.058914029
W357L,-7.700649738311768,-3.578747169
W357K,-14.128836631774902,-4.39849927
W357I,-6.331286430358887,-3.340081907
W357G,-13.77174186706543,-3.5556610660000003
W357M,-10.231502532958984,-1.963178565
T358P,-6.079123497009277,-0.6426312820000001
T358W,-8.624343872070312,-4.100547574
T358V,-3.9488959312438965,-1.550478759
T358S,0.3326510190963745,-1.136117719
T358R,-4.775949478149414,-3.318360848
T358C,-9.352128982543945,-1.484149156
T358Q,0.2771972417831421,-2.341018866
T358N,0.04422330856323242,-2.014300687
T358H,-0.8241562843322754,-0.658470793
T358L,-5.065542697906494,-0.349174931
T358K,-3.8855137825012207,-3.5964696430000003
T358I,-4.5469160079956055,-0.326920573
T358G,-2.2134222984313965,-4.750166415
T358F,-5.924201965332031,-2.211848453
T358E,1.0031932592391968,-1.788859526
T358D,-0.4701542854309082,-1.09397149
T358M,-4.165676116943359,-3.666628
T358Y,-4.504517078399658,-1.39892033
T358A,-2.6300458908081055,-2.854615247
G359F,-12.554646492004395,-3.346776657
G359A,-7.088728904724121,-1.263242257
G359W,-11.599678993225098,-2.32220672
G359C,-12.031449317932129,-3.009662978
G359D,-9.644513130187988,-3.371974055
G359E,-10.105203628540039,-2.186494752
G359H,-11.618213653564453,-3.538796129
G359I,-10.794498443603516,-3.3891276560000003
G359L,-11.773920059204102,-3.65352251
G359K,-11.27888011932373,-3.0007827610000004
G359N,-9.196605682373047,-3.748878775
G359P,-12.652463912963867,-4.367279377
G359Q,-12.275047302246094,-2.010828432
G359R,-9.839390754699707,-2.848027966
G359S,-7.267548084259033,-2.624575949
G359T,-10.156489372253418,-3.039248864
G359V,-9.56017017364502,-3.413526279
G359Y,-11.9268159866333,-2.975523351
G359M,-12.099441528320312,-2.669360975
M360N,-4.032312393188477,-3.750846818
M360K,-5.861828804016113,-2.76405597
M360L,0.13200664520263672,0.480746131
M360P,-8.079282760620117,-3.555923842
M360Q,-3.436913251876831,-4.456352508
M360S,-1.9070475101470947,-4.809872223999999
M360T,-1.1620841026306152,-3.026758007
M360I,-0.07056140899658203,-2.8465959730000003
M360R,-5.23294734954834,-4.015002435
M360H,-3.5359623432159424,-3.282090345
M360V,-0.012851238250732422,-2.637999273
M360F,-2.1912271976470947,-3.537706369
M360E,-6.051363945007324,-4.089274663
M360D,-7.910640716552734,-3.4186886480000003
M360C,-6.4556427001953125,-3.203026379
M360A,2.126201629638672,-3.33549123
M360W,-4.44246768951416,-3.148748447
M360Y,-3.7881033420562744,-3.977126796
M360G,-3.095271348953247,-4.303254995
I361D,-11.737528800964355,-2.587638338
I361E,-9.715457916259766,-2.051233287
I361F,-6.402484893798828,-1.661038834
I361G,-11.190441131591797,-3.278623886
I361H,-11.9501371383667,-1.236902848
I361T,-7.134477615356445,-1.376266807
I361P,-11.7706937789917,-4.262326638
I361M,-4.3751630783081055,-1.380725611
I361N,-10.271110534667969,-3.297453061
I361Q,-10.44208812713623,-1.589680999
I361R,-10.534248352050781,-1.5796944819999998
I361S,-9.688417434692383,-1.854664252
I361C,-11.459572792053223,-2.037635858
I361L,-3.6734776496887207,-0.723533077
I361A,-6.721774101257324,-2.04622607
I361K,-9.483534812927246,1.1595465740000002
I361W,-10.201180458068848,-1.791657771
I361Y,-9.74195671081543,-2.036478065
I361V,-0.12209224700927734,-0.287852635
D362A,-7.327630996704102,-3.186096889
D362C,-11.152027130126953,-3.61963428
D362E,-5.596858024597168,-2.633678831
D362F,-10.988937377929688,-3.3106473210000003
D362R,-11.469438552856445,-3.966470768
D362Q,-8.73107624053955,-2.988686824
D362I,-9.717399597167969,-3.4933623760000003
D362K,-9.173667907714844,-3.018894992
D362L,-10.694339752197266,-3.427180621
D362M,-10.803569793701172,-3.046726698
D362N,-2.5952072143554688,-2.151855024
D362P,-10.068923950195312,-4.064068044
D362H,-8.085081100463867,-3.692237525
D362G,-7.450708389282227,-3.246151592
D362Y,-8.37005615234375,-2.655838345
D362S,-6.146685600280762,-2.937969311
D362T,-4.942705154418945,-3.057771215
D362V,-9.259576797485352,-3.356149145
D362W,-12.836688995361328,-2.861111652
G363T,-8.481670379638672,-3.757737225
G363W,-10.406036376953125,-2.664572038
G363V,-9.324698448181152,-2.870035097
G363S,-4.992683410644531,-3.2401632310000004
G363R,-8.661263465881348,-1.762062398
G363Q,-10.322120666503906,-2.042696519
G363P,-12.588626861572266,-3.285736047
G363N,-6.66080904006958,-4.005813594
G363M,-10.926454544067383,-2.404812647
G363L,-11.00683879852295,-3.45213597
G363K,-9.552074432373047,-3.19032606
G363I,-9.993437767028809,-3.2217834830000003
G363H,-8.882657051086426,-3.645733247
G363F,-11.40418815612793,-2.918172364
G363E,-8.820700645446777,-2.965815428
G363D,-8.068117141723633,-3.478334368
G363A,-6.961808681488037,-3.969637082
G363Y,-10.383441925048828,-2.890702832
G363C,-10.220683097839355,-4.016906297
W364H,-11.728795051574707,-3.907700938
W364A,-10.32451057434082,-3.976593868
W364C,-9.62086296081543,-2.339809264
W364D,-14.540180206298828,-3.527364763
W364E,-14.35772705078125,-3.4433810910000004
W364F,-6.901173114776611,-2.099979819
W364G,-10.978195190429688,-3.099549642
W364I,-8.75989818572998,-2.8370717
W364K,-12.872621536254883,-3.334327426
W364M,-9.976056098937988,-2.815424447
W364L,-7.77079963684082,-2.875967092
W364P,-14.868528366088867,-4.259239818
W364Q,-12.433773040771484,-3.92373807
W364R,-10.903263092041016,-3.5033673660000004
W364S,-10.771371841430664,-4.255498299
W364T,-12.061643600463867,-3.56801506
W364V,-9.669919967651367,-3.5840419260000003
W364Y,-7.148491859436035,-1.742848308
W364N,-14.12894344329834,-3.185141608
Y365K,-10.955649375915527,-3.593169105
Y365L,-7.61761474609375,-3.653046599
Y365M,-9.542037010192871,-2.843518455
Y365I,-8.301690101623535,-3.686544275
Y365G,-10.908076286315918,-3.017953687
Y365C,-8.103281021118164,-2.8376440360000004
Y365N,-8.388701438903809,-2.99085143
Y365D,-9.930234909057617,-3.000794949
Y365H,-6.876739501953125,-2.660835558
Y365P,-12.771896362304688,-4.229058165
Y365E,-10.964776992797852,-3.739213829
Y365R,-11.118854522705078,-4.18151612
Y365S,-8.600621223449707,-2.972519956
Y365F,-4.148588180541992,-2.499823609
Y365T,-8.902754783630371,-3.4734330410000003
Y365V,-9.062281608581543,-2.481874589
Y365W,-8.313297271728516,-2.787285488
Y365Q,-10.579058647155762,-3.182577519
Y365A,-9.75537395477295,-2.9617887030000003
G366I,-11.083434104919434,-3.3106569930000003
G366K,-10.326029777526855,-2.475421962
G366L,-11.66480827331543,-4.232936411
G366M,-12.521102905273438,-3.1334491360000003
G366N,-8.916184425354004,-2.729912669
G366P,-12.966623306274414,-3.568185306
G366Q,-11.353898048400879,-2.947354369
G366D,-7.443960189819336,-2.548326084
G366C,-9.54460334777832,-3.1260213789999995
G366H,-10.727200508117676,-2.889090479
G366E,-8.435035705566406,-3.255780277
G366R,-7.914731502532959,-3.650283651
G366S,-7.038093090057373,-3.125939611
G366T,-10.72966480255127,-3.770631094
G366V,-8.435298919677734,-3.897770719
G366W,-9.611733436584473,-2.448747166
G366Y,-10.822453498840332,-1.606453463
G366A,-8.173848152160645,-4.222753349
G366F,-11.830265045166016,-3.2653166560000004
Y367H,-6.933198928833008,-2.780887802
Y367P,-10.664590835571289,-3.670868689
Y367K,-11.401622772216797,-3.022326864
Y367A,-8.793435096740723,-3.70887523
Y367F,-1.2518424987792969,-1.100128316
Y367C,-7.770094871520996,-2.557512896
Y367D,-10.769927978515625,-2.904286024
Y367E,-11.508088111877441,-3.421786118
Y367W,-7.359396457672119,-3.696076177
Y367I,-7.093362808227539,-3.319127314
Y367V,-7.546535015106201,-3.496383059
Y367S,-7.473893642425537,-3.289871269
Y367R,-10.805828094482422,-3.971163752
Y367Q,-10.683809280395508,-3.714830184
Y367N,-8.540761947631836,-2.425531332
Y367M,-8.889497756958008,-1.185667686
Y367L,-6.426954746246338,-3.594734987
Y367T,-9.110533714294434,-3.40049207
Y367G,-10.00460147857666,-3.874043335
H368F,-7.714561939239502,-1.013992498
H368V,-8.208452224731445,-3.2821520860000004
H368D,-7.105233192443848,-2.8619438710000003
H368E,-6.8856964111328125,-2.954675422
H368Y,-4.463142395019531,-0.652949907
H368W,-8.509403228759766,-1.283214912
H368T,-4.718850612640381,-3.249482206
H368S,-4.174875259399414,-3.109641691
H368C,-8.873514175415039,-1.440020394
H368R,-1.551607608795166,-1.000506345
H368P,-7.339503288269043,-3.855953925
H368N,-3.0550825595855713,-2.231494646
H368M,-8.206649780273438,-1.246035605
H368L,-7.9199042320251465,-1.029624204
H368K,-3.271465539932251,-2.645584437
H368I,-7.9605937004089355,-3.799866896
H368G,-6.914124965667725,-3.556503207
H368Q,-1.8703103065490723,-1.309702867
H368A,-7.152148723602295,-1.303991888
H369V,-7.787574291229248,-0.238920734
H369W,-6.7822723388671875,-1.911038991
H369R,-5.477051734924316,-2.719428932
H369A,-8.914337158203125,-3.260442074
H369T,-7.956525802612305,-0.131467224
H369Y,-2.1481666564941406,-1.14319145
H369S,-7.040136337280273,-1.7326749259999998
H369G,-8.628884315490723,-3.431491585
H369P,-9.218432426452637,-3.139624046
H369N,-5.236802101135254,-1.420740271
H369M,-8.963969230651855,0.266668097
H369L,-8.009443283081055,-2.715099703
H369K,-6.734424591064453,-2.211897838
H369I,-7.4632697105407715,-0.474758903
H369C,-9.3984375,0.281583763
H369F,-5.705994606018066,-0.004907651
H369E,-9.092460632324219,-3.47209663
H369Q,-4.8571624755859375,0.109706576
H369D,-8.883859634399414,-2.801617447
Q370R,-4.691709995269775,-0.904612988
Q370E,-0.9562361240386963,-0.142743541
Q370V,-2.9239063262939453,0.160356601
Q370W,-8.683326721191406,-0.438371676
Q370Y,-6.021157264709473,-0.383309863
Q370A,-1.8108874559402466,-1.048165024
Q370C,-9.90958023071289,-0.468958737
Q370D,-2.9106974601745605,-1.123606718
Q370S,-2.1195340156555176,-0.000405045
Q370F,-7.013409614562988,-1.523653395
Q370G,-1.9670385122299194,-3.670727963
Q370H,-2.9071335792541504,-0.967023891
Q370I,-4.770601272583008,-0.153381395
Q370K,-2.394322395324707,-0.257032875
Q370L,-5.6541337966918945,-0.79314759
Q370M,-5.353698253631592,-0.979119237
Q370N,-2.3144044876098633,-0.62982089
Q370P,-3.1616158485412598,-2.994801744
Q370T,-2.5078988075256348,-0.556746705
N371G,-6.941843032836914,-4.383273273
N371H,-5.710518836975098,-2.8859739230000003
N371I,-7.792271614074707,-3.460173026
N371F,-9.15954875946045,-3.909821162
N371K,-6.2619123458862305,-2.8978001260000004
N371D,-5.982866287231445,-2.56266032
N371C,-10.563543319702148,-3.749031178
N371A,-8.31363582611084,-4.071709836
N371E,-7.678125381469727,-2.8736068930000003
N371L,-8.91932487487793,-3.278767179
N371M,-9.22552490234375,-3.382227279
N371P,-8.838592529296875,-3.472566791
N371Q,-6.449501037597656,-3.454943375
N371R,-7.873848915100098,-4.188552706
N371S,-5.1476240158081055,-2.902176217
N371T,-6.056931495666504,-3.410628953
N371V,-8.8131742477417,-3.05226832
N371W,-10.569221496582031,-3.433236949
N371Y,-6.748229026794434,-3.47645612
E372S,2.601682662963867,-0.444651731
E372T,2.412832736968994,-2.051728141
E372V,0.5456767082214355,-3.699845707
E372W,-6.044990539550781,-3.3330557310000004
E372F,-3.5425825119018555,-2.895306838
E372G,0.6591625213623047,-1.370728335
E372C,-5.463435173034668,-2.520247906
E372R,-0.8488035202026367,-3.310500612
E372A,0.5776553153991699,-0.740506214
E372Y,-1.3271236419677734,-2.462129661
E372Q,2.14158296585083,-2.61324296
E372D,0.7479767799377441,-0.196079222
E372H,1.59187650680542,-2.9454639780000003
E372N,6.67050313949585,-2.7208209080000003
E372M,-1.5251140594482422,-1.448762824
E372L,-1.8306303024291992,-1.933381603
E372K,0.7545409202575684,-2.085841658
E372I,0.4042534828186035,-3.220727038
E372P,-2.324798583984375,-4.040488186
Q373R,-6.5228681564331055,-2.687465379
Q373P,-4.703190803527832,-3.506283395
Q373N,-7.261969089508057,-2.773890752
Q373M,-7.327152252197266,-1.641861095
Q373L,-6.279764652252197,-1.519752194
Q373K,-5.866855621337891,-2.99571151
Q373I,-7.605155944824219,-3.499956166
Q373H,-4.602775573730469,-2.78399317
Q373V,-7.381511211395264,-3.4018814280000003
Q373F,-9.149683952331543,-1.09778797
Q373S,-6.766634464263916,-2.609723794
Q373E,-5.080720901489258,-0.942136819
Q373D,-7.680998802185059,-1.751339316
Q373C,-11.701566696166992,-3.0792288410000004
Q373A,-6.733499526977539,-1.3819242
Q373Y,-7.938178062438965,-1.287148404
Q373T,-7.0538225173950195,-3.251804946
Q373G,-7.75710916519165,-2.9926432810000003
Q373W,-10.280292510986328,-2.526743112
G374E,-6.322432518005371,-3.1995440630000003
G374C,-8.964656829833984,-3.429425658
G374Y,-6.767796039581299,-4.011269582
G374W,-7.950836181640625,-3.470645537
G374V,-5.56778621673584,-3.737363147
G374T,-5.683115482330322,-3.259083491
G374S,-3.444159984588623,-3.13065407
G374Q,-6.880374431610107,-3.548532035
G374P,-6.848363876342773,-3.321161904
G374N,-5.714372158050537,-2.962104353
G374M,-7.6600022315979,-3.447587907
G374L,-6.775825023651123,-3.333757105
G374K,-7.795108318328857,-3.963887055
G374I,-6.5027360916137695,-3.547585471
G374H,-7.923284530639648,-3.209642581
G374F,-7.420705795288086,-4.204920223999999
G374D,-5.9464430809021,-3.301728377
G374A,-2.5425543785095215,-4.26886069
G374R,-7.445794105529785,-3.617691854
S375R,-4.9023542404174805,-1.980274245
S375W,-8.614717483520508,-2.130125231
S375Q,-3.6946287155151367,-1.066295327
S375P,-4.722444534301758,-3.344582557
S375N,-3.2618727684020996,-1.648089664
S375M,-4.34021520614624,-0.7994931670000001
S375L,-4.091725826263428,-2.8310382560000003
S375K,-4.720290184020996,-2.2519646680000003
S375I,-1.4039676189422607,-2.18213894
S375H,-4.327582836151123,-1.366003273
S375G,-5.040406227111816,-2.5808804640000003
S375F,-5.66652250289917,-1.666218252
S375E,-4.81778621673584,-0.795016252
S375D,-5.7015533447265625,-1.337698333
S375C,-6.54116678237915,-1.279304587
S375A,-1.3560495376586914,-0.827315672
S375Y,-4.644879341125488,-1.367055958
S375V,-2.3407983779907227,-1.518227935
S375T,-0.8715083599090576,-1.220727635
G376T,-7.858956813812256,-2.254468808
G376A,-5.86285400390625,-0.7952145079999999
G376C,-9.53905200958252,-2.477805382
G376D,-6.368117332458496,-2.282113186
G376E,-7.220195770263672,-1.999623775
G376F,-10.364873886108398,-2.220135396
G376H,-9.48343276977539,-2.734946339
G376I,-8.780244827270508,-2.556327216
G376K,-7.618546485900879,-2.600661871
G376L,-9.064386367797852,-2.218082112
G376M,-10.037053108215332,-2.0343057680000003
G376N,-5.688202857971191,-2.083287903
G376P,-9.66988754272461,-3.818579026
G376Q,-8.109542846679688,-2.076625905
G376Y,-9.630509376525879,-1.590372072
G376W,-10.003437042236328,-3.088006344
G376R,-7.43417501449585,-2.325741749
G376S,-5.3461713790893555,-1.492708099
G376V,-8.034638404846191,-1.659358121
Y377N,-6.31163215637207,-3.787405021
Y377L,-1.7084169387817383,-3.827650972
Y377E,-8.482500076293945,-4.274251391
Y377F,0.6154861450195312,-0.895218548
Y377G,-8.341569900512695,-3.54529526
Y377H,-3.7355735301971436,-3.052383687
Y377I,-3.355912923812866,-3.074441823
Y377K,-8.477729797363281,-3.381208893
Y377A,-4.593265533447266,-3.549895903
Y377M,-2.7856457233428955,-3.3846382160000004
Y377P,-8.158132553100586,-4.340150232
Y377Q,-5.012114524841309,-3.55131731
Y377R,-8.017974853515625,-4.584162385
Y377S,-5.970213890075684,-4.003104836
Y377W,-6.273011207580566,-2.863262655
Y377V,-4.1842803955078125,-3.9992823
Y377T,-5.834219932556152,-3.966757581
Y377D,-8.87734317779541,-3.367030345
Y377C,-7.381548881530762,-3.015173642
A378V,-3.6187338829040527,-0.558871386
A378Y,-7.212825775146484,-1.7469862630000002
A378W,-9.842260360717773,-3.365324457
A378F,-7.0570387840271,-1.963280314
A378I,-4.66010856628418,-1.894494114
A378E,-6.48076868057251,-2.499480006
A378D,-7.888452529907227,-4.385687398
A378C,-9.63682746887207,-1.027759615
A378K,-7.918010711669922,-3.743555578
A378L,-5.394059658050537,-3.254994598
A378M,-6.18496561050415,-2.451504108
A378H,-8.037184715270996,-3.163475337
A378N,-7.239851951599121,-3.644774456
A378Q,-6.11582088470459,-3.830418928
A378R,-8.77775764465332,-4.132951145
A378S,-4.100175857543945,-0.8514572429999999
A378T,-4.902735233306885,-2.779282341
A378P,-6.177427291870117,-3.607839881
A378G,-5.799370288848877,-3.788395473
A379W,-8.386186599731445,-3.975789617
A379T,-3.026139736175537,-3.126868885
A379S,-2.006089925765991,-2.01059335
A379V,-3.351484537124634,-3.325762978
A379Q,-3.1820082664489746,-4.028409714
A379P,-5.531427383422852,-4.106030742
A379N,-3.3560707569122314,-4.350469943999999
A379M,-5.1407976150512695,-3.5318872260000003
A379L,-4.709914684295654,-3.717574246
A379K,-3.424954414367676,-3.669237354
A379I,-4.404104232788086,-3.836433475
A379H,-5.505663871765137,-4.284690993
A379G,-4.513801574707031,-3.353314886
A379F,-6.680084705352783,-4.065709883999999
A379E,-2.7840561866760254,-3.097308319
A379D,-4.2997050285339355,-4.312490965
A379C,-8.32703971862793,-3.325740815
A379R,-4.502839088439941,-3.554317743
A379Y,-6.205251216888428,-3.729655776
D380H,-6.26906681060791,-2.889160212
D380C,-10.431602478027344,-3.645197456
D380Y,-7.14125394821167,-3.36619544
D380W,-10.054397583007812,-3.5169842310000003
D380V,-5.885665416717529,-3.779414396
D380T,-5.714467525482178,-4.060220682
D380S,-3.9317753314971924,-4.327444955
D380R,-9.590363502502441,-4.111044843999999
D380Q,-6.464600086212158,-3.501250705
D380A,-3.852724552154541,-3.159959301
D380P,-8.835424423217773,-4.197740987
D380M,-8.406173706054688,-3.254832985
D380L,-7.254630088806152,-3.996871739
D380K,-8.569513320922852,-3.119954132
D380I,-6.983404636383057,-1.67215208
D380G,-3.823558807373047,-2.856653878
D380F,-7.692697525024414,-3.779406536
D380E,-4.0125203132629395,-2.824871405
D380N,-4.404183864593506,-2.763140594
Q381V,-2.1849865913391113,-0.287781593
Q381C,-7.060948848724365,-2.001961096
Q381A,-3.1108956336975098,-0.23719866
Q381E,-4.794006824493408,-0.91625251
Q381F,-4.811630725860596,-1.10248539
Q381G,-5.549533843994141,-3.025078459
Q381H,-1.8358267545700073,0.213353245
Q381I,-1.336832880973816,0.16315043
Q381K,-1.18925940990448,-0.236956419
Q381D,-6.439720153808594,-3.3487100460000003
Q381L,-2.573990821838379,-0.442315755
Q381M,-0.931013822555542,-0.105109979
Q381N,-2.178236961364746,-3.410195172
Q381P,-8.637972831726074,-3.637888058
Q381R,-3.019101619720459,-0.168598911
Q381S,-3.0249691009521484,-2.543362654
Q381T,-1.931064248085022,-1.475709488
Q381W,-7.689000606536865,-1.040176141
Q381Y,-4.430005073547363,-0.636532864
K382C,-7.314813137054443,-1.7268634859999998
K382Y,-5.719536781311035,-1.687633884
K382D,-5.002046585083008,-1.080626511
K382E,-1.9932966232299805,-0.553776985
K382G,-4.536005973815918,-1.314654702
K382H,-5.441435813903809,-1.120335012
K382I,-3.2886433601379395,-1.646471825
K382L,-4.0765509605407715,-1.108051779
K382A,-1.4174160957336426,-0.5309461120000001
K382N,-3.1784169673919678,-2.467195242
K382Q,-2.3852343559265137,0.058487914
K382R,-2.0750701427459717,0.015910069
K382S,-3.3524169921875,-1.025038157
K382T,-3.326216697692871,-1.016084746
K382V,-3.3576860427856445,-0.7688511240000001
K382W,-8.069287300109863,-1.58700681
K382P,-9.368486404418945,-1.37877044
K382M,-4.162191867828369,-1.06466536
K382F,-7.010670185089111,-1.353453131
S383I,-7.146244049072266,-2.159862161
S383W,-10.08481502532959,-3.089435652
S383V,-7.188265800476074,-3.62522714
S383T,-5.046326160430908,0.027963431
S383R,-8.036623001098633,-3.1292911510000003
S383Q,-8.496049880981445,-2.538964786
S383P,-8.99209976196289,-3.82504002
S383N,-5.59865140914917,-2.164864889
S383M,-8.394976615905762,-3.059223864
S383Y,-6.872896194458008,-3.605486815
S383L,-6.4049224853515625,-3.403416783
S383H,-8.483445167541504,-3.561152931
S383G,-6.832237243652344,-2.720995979
S383F,-6.384528636932373,-3.473580353
S383E,-9.18753433227539,-2.007719121
S383D,-9.072470664978027,-3.610468493
S383C,-7.639801979064941,-1.041709297
S383A,-3.714975118637085,-0.638512221
S383K,-7.941449165344238,-1.35394321
T384V,-8.285088539123535,-3.284475859
T384Y,-12.64376163482666,-3.94388649
T384W,-15.503131866455078,-3.623257269
T384F,-11.713418006896973,-4.189661648
T384R,-11.958653450012207,-3.285824402
T384S,-7.024713039398193,-1.733142126
T384Q,-11.934494972229004,-4.06398381
T384P,-11.726645469665527,-4.142011189
T384N,-8.322996139526367,-2.2542415
T384M,-7.188422203063965,-3.313607217
T384L,-8.738996505737305,-4.0447686460000005
T384K,-10.592415809631348,-3.551955157
T384I,-5.234147071838379,-3.600433447
T384H,-12.457793235778809,-2.05146565
T384G,-12.524398803710938,-3.861766175
T384A,-8.159469604492188,-3.723018143
T384C,-13.004694938659668,-2.433007109
T384D,-13.610479354858398,-3.650774978
T384E,-13.619247436523438,-3.558700734
Q385R,-6.654644012451172,-3.194072649
Q385Y,-7.59036922454834,-3.442761339
Q385S,-6.505492687225342,-2.432176983
Q385V,-6.7799835205078125,-2.672001654
Q385P,-9.782906532287598,-3.476833957
Q385N,-6.291415691375732,-2.389270741
Q385M,-5.495961666107178,-2.668183898
Q385L,-5.745850563049316,-3.037908825
Q385K,-5.9888105392456055,-3.349828453
Q385I,-7.473275661468506,-3.746908055
Q385H,-4.087006568908691,-3.193702601
Q385G,-6.825169086456299,-3.998509798
Q385F,-9.20372200012207,-3.728915602
Q385E,-2.061184883117676,-1.420734914
Q385D,-5.871030807495117,-2.191653239
Q385C,-11.050027847290039,-3.485352905
Q385A,-5.125185966491699,-1.102799459
Q385T,-6.9153337478637695,-2.615170312
Q385W,-10.411941528320312,-3.060028001
N386V,-4.656526565551758,-0.7421765309999999
N386W,-9.423699378967285,-2.730432361
N386Y,-3.729482412338257,-1.370517311
N386E,-0.4385347366333008,-0.526594205
N386F,-6.08568000793457,-0.825719874
N386A,-3.474581480026245,-0.496232852
N386T,-3.3462493419647217,-0.411526447
N386D,-0.10866260528564453,0.032644472
N386R,-4.867981910705566,0.614053104
N386Q,-1.7953462600708008,0.239753813
N386P,-11.019608497619629,-3.4607389060000004
N386M,-5.48900032043457,-0.212740794
N386S,-2.1994247436523438,-0.241721283
N386K,-3.3707854747772217,0.214582128
N386I,-4.9957733154296875,0.1731654339999999
N386H,-2.765964984893799,0.016774961
N386G,-3.05466628074646,-0.948040119
N386C,-8.57440185546875,-1.373855911
N386L,-4.257072448730469,0.257844986
A387I,-7.942786693572998,-3.728891797
A387C,-9.226768493652344,-3.308106265
A387Y,-9.375235557556152,-3.25458563
A387D,-8.815984725952148,-2.974738632
A387E,-7.7527756690979,-3.255098044
A387F,-9.710640907287598,-3.67217155
A387G,-6.340084075927734,-3.668167786
A387H,-10.3212308883667,-3.280953329
A387K,-10.09121322631836,-3.37590416
A387S,-4.372766494750977,-2.825505483
A387M,-8.850326538085938,-3.299472765
A387N,-9.138998031616211,-3.207635944
A387P,-10.123664855957031,-3.336343786
A387Q,-9.19926643371582,-3.2266248560000004
A387R,-10.680978775024414,-3.86299484
A387T,-5.687615871429443,-2.828303622
A387V,-5.46942138671875,-2.580194768
A387L,-8.421242713928223,-3.89689753
A387W,-12.35722541809082,-3.35830828
I388A,-11.251216888427734,-2.838844593
I388D,-15.780516624450684,-3.268111309
I388Y,-11.914443969726562,-1.754738093
I388R,-14.806863784790039,-4.312509042
I388Q,-13.056299209594727,-2.9849454630000003
I388P,-15.432132720947266,-3.753549962
I388N,-11.437514305114746,-2.6231213
I388M,-6.679574966430664,-0.8114555259999999
I388L,-4.107133865356445,-1.240216397
I388C,-13.147455215454102,-3.336393958
I388K,-13.798006057739258,-3.88292941
I388G,-15.092644691467285,-3.749962727
I388F,-8.29934310913086,-1.4854463269999998
I388E,-14.078668594360352,-3.5524078180000003
I388T,-9.56733226776123,-2.623709007
I388V,-4.341851234436035,-0.753797277
I388W,-14.511659622192383,-2.988232477
I388H,-13.402676582336426,-3.56652529
I388S,-12.12114143371582,-4.143108515
N389E,-1.836495041847229,-1.145849229
N389D,0.4348592758178711,-1.207015819
N389F,-7.240359306335449,-1.807155446
N389G,-5.025753974914551,-3.12235345
N389H,-4.5766520500183105,-1.30096552
N389I,-4.407731056213379,-1.359267662
N389K,-5.0950798988342285,-1.565342973
N389L,-5.487492084503174,-1.590023617
N389M,-6.43670129776001,-2.904384083
N389P,-12.59416389465332,-4.240752838
N389Q,-3.6107568740844727,-0.488456546
N389R,-6.673093795776367,-0.51003349
N389S,-3.8973898887634277,-0.821792718
N389C,-9.252867698669434,-2.487838957
N389A,-5.099316596984863,-0.929896425
N389T,-4.298561096191406,-0.488585048
N389W,-11.041565895080566,-1.5376321730000002
N389Y,-5.0250043869018555,-2.255827206
N389V,-5.112092971801758,-1.809990017
G390W,-4.230020523071289,-0.868169748
G390V,-0.35932445526123047,0.207346941
G390T,1.6911311149597168,0.522196394
G390S,1.7870652675628662,1.695293748
G390R,2.937995195388794,1.384819517
G390Q,1.8760204315185547,1.603050236
G390P,-5.1852827072143555,-3.632869832
G390N,2.4511609077453613,-1.76181333
G390Y,-1.0829544067382812,-2.423831414
G390L,0.20646095275878906,0.977810826
G390K,4.393038749694824,1.123826497
G390I,0.23073720932006836,0.691998542
G390H,1.227278709411621,0.493070025
G390F,-2.322854995727539,-0.1522288869999999
G390E,-0.044705867767333984,-0.544023087
G390D,-0.24876117706298828,-2.680611443
G390C,-2.908022403717041,-0.106094312
G390A,0.47637128829956055,0.42050952
G390M,0.12937116622924805,0.761125547
I391Q,-12.605094909667969,-3.554736499
I391P,-14.91829776763916,-3.769015581
I391N,-10.611708641052246,-2.914106315
I391H,-12.75599193572998,-3.407020123
I391L,-4.17218017578125,-1.6140812269999998
I391K,-13.574926376342773,-2.675611993
I391G,-13.769448280334473,-3.50714449
I391M,-5.599876880645752,-2.16170085
I391R,-13.85720443725586,-4.073784183
I391W,-13.98337173461914,-3.222833615
I391T,-7.91112756729126,-3.0750583110000003
I391V,-2.5437607765197754,-0.5649094920000001
I391Y,-11.970213890075684,-3.470397073
I391D,-15.698843002319336,-2.898097458
I391C,-12.056538581848145,-2.65181327
I391A,-9.898545265197754,-3.306585484
I391F,-8.07645320892334,-3.056110294
I391S,-11.707565307617188,-2.997668562
I391E,-14.157529830932617,-2.782959365
T392W,-8.935249328613281,-2.89498865
T392G,-4.766400337219238,-2.252350682
T392S,-1.2847206592559814,-0.8966158790000001
T392A,-2.0774450302124023,-0.671628753
T392C,-6.980960369110107,-3.1884575710000003
T392D,-6.415624618530273,-2.450097121
T392E,-5.727973937988281,-1.030142768
T392F,-6.620570182800293,-3.2369192730000003
T392H,-7.359570503234863,-1.009312999
T392V,-3.6594491004943848,-2.66915487
T392I,-4.111323833465576,-1.856505497
T392L,-5.7775774002075195,-2.243472107
T392M,-5.183845043182373,-1.855730569
T392N,-3.821126937866211,-1.105259704
T392P,-10.421401977539062,-3.534737348
T392Q,-6.063663482666016,-0.781767821
T392R,-7.259613990783691,-0.7769384570000001
T392K,-6.243504524230957,-1.4471865469999998
T392Y,-6.509445667266846,-0.941089852
N393A,-3.4965739250183105,-2.213386912
N393D,-0.40748023986816406,-2.079251764
N393C,-6.518813610076904,-1.942904233
N393F,-5.230205059051514,-2.958508845
N393G,-2.1896910667419434,-2.59280226
N393H,-3.2705421447753906,-1.449392436
N393I,-3.954041004180908,-1.890241676
N393K,-1.473171591758728,-2.682085562
N393L,-3.8886518478393555,-2.66445068
N393M,-4.9564104080200195,-1.445404335
N393P,-10.917960166931152,-3.816441577
N393Q,-2.3835291862487793,-1.215558267
N393S,-1.6242746114730835,-2.529377815
N393T,-2.450429916381836,-0.8005182
N393V,-3.8666892051696777,-1.952993069
N393W,-7.404831886291504,-2.556528321
N393Y,-3.6749515533447266,-2.905701301
N393R,-2.3127779960632324,-0.994496321
N393E,-0.8150906562805176,-2.883041617
K394Y,-12.528690338134766,-3.295859384
K394A,-10.110281944274902,-3.729951823
K394C,-13.225762367248535,-3.576478017
K394E,-9.124518394470215,-1.792627172
K394F,-14.18207836151123,-3.614159341
K394G,-10.294272422790527,-3.184785099
K394H,-10.424410820007324,-2.7545111810000003
K394I,-10.473483085632324,-3.2401126610000004
K394L,-11.525533676147461,-3.511982111
K394D,-11.24462604522705,-3.480588615
K394N,-6.406423568725586,-2.808210766
K394P,-15.178327560424805,-3.726219273
K394Q,-7.576166152954102,-2.441330682
K394R,-5.314420700073242,-0.67076016
K394S,-9.037985801696777,-2.71745901
K394T,-7.879881858825684,-3.022580821
K394V,-10.960606575012207,-4.028223444
K394W,-13.053235054016113,-3.074337977
K394M,-9.088903427124023,-1.202813157
V395I,0.6458730697631836,0.122975816
V395K,-12.800270080566406,-3.788048195
V395L,0.6554145812988281,-1.3504940090000002
V395M,-0.4770578145980835,-1.807308593
V395N,-10.614355087280273,-3.743399539
V395S,-10.428094863891602,-3.841413204
V395Q,-9.172741889953613,-2.239565228
V395R,-12.868637084960938,-3.7594253
V395T,-6.65329122543335,-3.728823085
V395W,-10.095423698425293,-3.551650232
V395Y,-9.369551658630371,-2.429728137
V395H,-10.421342849731445,-2.3699976030000003
V395P,-12.404425621032715,-3.3402047660000003
V395A,-8.014853477478027,-3.324208633
V395C,-10.016483306884766,-3.156767105
V395D,-14.502883911132812,-3.886641196
V395E,-11.398670196533203,-3.1067323730000003
V395F,-3.679417610168457,-2.936938966
V395G,-13.061088562011719,-3.888686167
N396M,-9.624617576599121,-2.355550482
N396H,-7.086649417877197,-2.1315732990000003
N396I,-8.239601135253906,-3.10704494
N396K,-6.988329887390137,-2.3909339430000003
N396L,-9.583511352539062,-2.32179789
N396E,-8.548802375793457,-2.677178181
N396D,-6.325784206390381,-2.2903158930000003
N396C,-11.762198448181152,-2.673810498
N396G,-7.793161392211914,-3.348950208
N396F,-10.318991661071777,-2.992355893
N396P,-12.489429473876953,-3.890665265
N396Q,-7.9320878982543945,-2.5366268780000003
N396R,-9.589740753173828,-2.014484722
N396S,-5.005097389221191,-0.326161059
N396T,-3.979156732559204,-1.613552275
N396V,-9.335673332214355,-2.562699922
N396W,-13.758949279785156,-2.685892378
N396Y,-7.7571845054626465,-2.857189644
N396A,-8.051765441894531,-2.937478914
S397K,-2.322173833847046,-1.7857633469999998
S397E,-3.3231143951416016,-1.505347826
S397F,-4.501789093017578,-1.824735813
S397A,-1.9039559364318848,-0.365685874
S397C,-7.243546962738037,-0.670351877
S397Y,-4.07763671875,-1.811237451
S397W,-7.927794933319092,-2.018802351
S397V,-3.0607924461364746,-1.822446308
S397T,-0.48188090324401855,-0.285853321
S397R,-3.652895927429199,-2.013701354
S397Q,-2.7018332481384277,-0.573148687
S397P,-7.150923252105713,-2.775165308
S397N,-1.0897142887115479,-0.577585079
S397G,-2.771583318710327,-1.335912108
S397M,-3.8768906593322754,-1.361092077
S397I,-3.244142532348633,-1.975746055
S397L,-3.5848002433776855,-2.350437864
S397H,-2.9822380542755127,-1.857223555
S397D,-3.0027530193328857,-2.835475705
V398C,-8.562405586242676,-1.556631672
V398F,-4.089446067810059,-1.29995614
V398G,-8.850767135620117,-3.146011504
V398H,-7.5830793380737305,-3.181657344
V398I,0.2878761291503906,-0.5619913000000001
V398K,-9.026212692260742,-3.3560925310000003
V398L,0.3729405403137207,-1.625923644
V398E,-6.452488899230957,-3.342010464
V398N,-7.56264591217041,-1.735172842
V398Q,-6.583390235900879,-2.615472104
V398R,-9.907686233520508,-4.040130128
V398S,-6.660600662231445,-2.932739529
V398T,-4.57064151763916,-3.53503531
V398W,-9.009958267211914,-2.544756781
V398Y,-7.650785446166992,-1.397803245
V398P,-10.313469886779785,-4.082217685
V398D,-9.998282432556152,-2.376142852
V398M,-2.1732025146484375,-2.497998463
V398A,-4.809666633605957,-2.808494154
I399Y,-8.1596097946167,-3.432009224
I399T,-5.2319722175598145,-3.152354307
I399S,-6.7199225425720215,-3.68065453
I399R,-11.223226547241211,-3.045534515
I399Q,-9.406259536743164,-3.070927924
I399P,-12.72674560546875,-3.227573283
I399N,-7.385276794433594,-3.403764962
I399M,-3.788869857788086,-1.816600203
I399L,-3.324005603790283,-1.180892872
I399K,-9.569984436035156,-3.838891169
I399H,-9.950804710388184,-3.683188711
I399G,-9.765999794006348,-4.221459659
I399F,-5.198086261749268,-3.171145484
I399E,-9.516206741333008,-3.470033167
I399D,-11.249959945678711,-3.533072987
I399C,-9.857012748718262,-2.991449442
I399A,-4.80221700668335,-3.1661053710000004
I399V,-2.5914859771728516,-0.7671071759999999
I399W,-10.666624069213867,-3.677341202
E400A,-5.627886772155762,-0.4275202
E400Y,-5.179332733154297,-2.541817381
E400C,-9.675353050231934,-2.952531259
E400G,-3.8479654788970947,-1.7955058000000002
E400H,-4.913120269775391,-1.294358395
E400I,-6.769055366516113,-1.546444788
E400K,-5.039899826049805,-2.165722292
E400L,-6.314704895019531,-2.219668377
E400M,-7.760012626647949,-1.308453719
E400F,-7.6031389236450195,-2.210896846
E400N,-2.0986576080322266,-1.5736161219999998
E400P,-11.073952674865723,-3.646673658
E400Q,-4.044839859008789,-0.11311555
E400R,-7.3170061111450195,-1.658450141
E400S,-4.217087745666504,-0.7099498879999999
E400T,-4.548396110534668,-1.393183455
E400V,-6.071662902832031,-2.3469916
E400W,-11.018999099731445,-1.826230401
E400D,-0.38875865936279297,-1.189899458
K401C,-13.28675651550293,-2.046249336
K401D,-12.333377838134766,-3.3620427360000003
K401W,-13.410547256469727,-2.312661254
K401Y,-12.603673934936523,-3.033196002
K401V,-9.724664688110352,-0.681365097
K401T,-7.94108247756958,-1.027094935
K401S,-9.660941123962402,-1.812333103
K401Q,-7.725651741027832,-1.233329334
K401P,-15.738154411315918,-3.1451541510000003
K401N,-7.493380546569824,-2.158201264
K401R,-5.657191276550293,-0.807851595
K401L,-9.682727813720703,-1.733392789
K401I,-8.877703666687012,-0.599265776
K401H,-10.722637176513672,-1.306297014
K401G,-11.292068481445312,-3.234637205
K401F,-12.989031791687012,-3.080235547
K401E,-9.01774787902832,-2.2665437980000003
K401A,-10.225723266601562,-0.7731424259999999
K401M,-8.03110122680664,-0.8866330570000001
M402Q,-6.87511682510376,-3.308057447
M402Y,-6.465792179107666,-2.298239021
M402W,-9.738628387451172,-1.720995014
M402V,4.213291168212891,-1.005800486
M402T,-0.8115715980529785,-2.433675775
M402S,-5.318949222564697,-3.834397092
M402R,-10.260232925415039,-3.31860511
M402N,-6.901611804962158,-2.231856851
M402P,-12.386898040771484,-3.755153614
M402K,-10.057077407836914,-2.585031143
M402A,-2.451350688934326,-2.301629086
M402L,-0.8312506675720215,-0.623683682
M402D,-9.944732666015625,-2.413356472
M402E,-7.6973795890808105,-3.559268473
M402C,-7.293859004974365,-2.164583379
M402G,-8.111398696899414,-3.796817994
M402H,-8.590652465820312,-3.292857029
M402I,0.974092960357666,-0.338028176
M402F,-3.5690088272094727,-1.997305132
N403R,-7.665998458862305,-1.0697695
N403Y,-7.9361982345581055,-1.194604308
N403W,-12.675275802612305,-2.752724487
N403V,-8.020015716552734,-2.522695
N403T,-4.469696998596191,-1.057492725
N403S,-4.681353569030762,-0.483242084
N403A,-6.662348747253418,-0.963648751
N403Q,-4.931789398193359,-0.933674593
N403K,-4.7699689865112305,-1.740043662
N403M,-8.040319442749023,-1.777543307
N403L,-8.683309555053711,-3.185900893
N403I,-7.743339538574219,-1.6394081319999998
N403H,-6.19403076171875,-1.423588779
N403G,-6.626527786254883,-1.100370826
N403E,-4.525272846221924,-2.513687381
N403F,-10.271451950073242,-1.809082823
N403C,-11.17887020111084,-2.283296356
N403P,-12.209407806396484,-3.366016844
N403D,-4.792292594909668,-2.039260475
T404W,-6.074334144592285,-1.359529906
T404A,-0.37740111351013184,0.303262237
T404V,-1.245312213897705,-0.664867067
T404S,0.20216894149780273,0.043429114
T404R,-2.6899895668029785,0.059232949
T404Q,-1.12715482711792,-0.277461655
T404P,-6.573823928833008,-1.096386141
T404L,-1.5543138980865479,0.036274718
T404Y,-2.282855987548828,-1.492107171
T404K,-0.780677318572998,-0.6226784329999999
T404H,-1.7878780364990234,-0.572211896
T404G,-1.2747976779937744,0.188101254
T404F,-3.015933036804199,-0.466609304
T404E,0.5563743114471436,-1.373380819
T404D,-0.18759536743164062,-2.196662881
T404C,-6.176677703857422,-1.143885118
T404I,-1.556553840637207,-1.209946229
T404N,0.5763049125671387,-0.5686479489999999
T404M,-2.534048080444336,-0.018797927
Q405K,-5.332584381103516,-1.554744308
Q405L,-6.283064842224121,-3.998210761
Q405M,-7.4739990234375,-1.849461308
Q405N,-5.60332727432251,-2.428004413
Q405P,-9.942361831665039,-2.959408445
Q405R,-5.844062805175781,-0.517319406
Q405S,-6.661014556884766,-3.536492673
Q405T,-6.911055564880371,-2.8440884
Q405V,-7.453029155731201,-1.705314466
Q405W,-9.756977081298828,-3.518219533
Q405Y,-5.813261032104492,-3.626420378
Q405H,-1.9220715761184692,-0.763790648
Q405G,-8.080438613891602,-0.249723866
Q405E,-3.4806878566741943,-1.4103945430000002
Q405D,-7.311759948730469,-2.315606348
Q405C,-10.706585884094238,-1.303966756
Q405A,-8.028275489807129,-0.44545621
Q405F,-7.606764316558838,-1.650741266
Q405I,-8.206978797912598,-3.0971311580000003
F406Y,-4.127104759216309,-0.610070639
F406E,-8.170376777648926,-3.061465753
F406D,-10.430574417114258,-2.051163597
F406C,-9.915131568908691,-2.800900567
F406A,-8.866880416870117,-1.171829913
F406V,-6.555687427520752,-1.954949615
F406W,-7.68461799621582,-0.914175791
F406G,-10.660968780517578,-1.584489599
F406T,-8.981821060180664,-2.61935514
F406R,-11.150806427001953,-1.904936578
F406Q,-9.048811912536621,-2.052357705
F406P,-14.020476341247559,-3.617010764
F406N,-8.929879188537598,-1.028176639
F406S,-8.009594917297363,-2.225216983
F406L,-4.255178451538086,-0.7072878979999999
F406K,-10.366886138916016,-3.154992754
F406I,-4.84273624420166,-0.937907923
F406H,-8.251922607421875,-2.415898276
F406M,-5.9241943359375,-0.613363148
T407M,-1.2602956295013428,-1.729534569
T407Y,-1.1151463985443115,-0.64239844
T407V,-0.469834566116333,-0.166015506
T407S,0.3675990104675293,-0.3752243
T407R,-1.1460912227630615,-0.0343497429999999
T407Q,1.3866541385650635,-0.7194381559999999
T407P,-5.0128326416015625,-1.284919807
T407N,2.0414464473724365,-0.212240651
T407L,-0.10841870307922363,-1.109868383
T407W,-4.5819091796875,-1.38140004
T407I,-0.4176805019378662,-1.253763398
T407A,0.07558417320251465,-1.079945389
T407C,-4.736101150512695,-0.8121319640000001
T407D,2.2088098526000977,-2.623304784
T407K,1.0014257431030273,-1.247291687
T407F,-2.047870397567749,-1.675335482
T407G,-0.9914443492889404,-1.711728795
T407H,-0.2633054256439209,-0.7517517659999999
T407E,2.6627683639526367,-1.335540552
A408K,-3.937960147857666,-0.443384782
A408C,-8.494874954223633,-0.695888194
A408D,-3.6339221000671387,-0.855202853
A408E,-2.297128200531006,-0.8230323890000001
A408F,-5.12338399887085,-0.357313416
A408G,-4.361140251159668,-0.8775655590000001
A408H,-4.677123546600342,-1.289990095
A408I,-3.8982691764831543,-0.5663267329999999
A408L,-3.7374277114868164,-0.432104161
A408M,-4.3889875411987305,0.649017366
A408N,-3.4185423851013184,-2.303736617
A408P,-9.552810668945312,-1.596511895
A408Q,-4.206202983856201,0.043851635
A408R,-5.585413455963135,-0.258926108
A408S,-2.475029468536377,-0.050712492
A408T,-2.6818594932556152,0.065827181
A408V,-2.7935729026794434,0.140559088
A408Y,-5.014608383178711,-0.125959833
A408W,-8.930087089538574,-0.320686194
V409H,-9.523924827575684,-1.822249636
V409G,-9.918882369995117,-1.467634345
V409C,-9.514946937561035,-0.6721929209999999
V409E,-10.49783706665039,-2.635397867
V409D,-11.158803939819336,-1.910162066
V409I,-0.7264456748962402,-0.992454418
V409F,-3.62998628616333,-1.576588892
V409K,-9.99730396270752,-1.5689796809999998
V409P,-11.701698303222656,-3.0510170389999995
V409M,-2.165330410003662,-1.545449572
V409Y,-7.673370838165283,-1.805234063
V409L,-2.282167911529541,-0.587936826
V409W,-10.006734848022461,-2.4163876980000003
V409T,-4.574368476867676,-0.969169102
V409A,-5.382209300994873,0.109549677
V409R,-10.346942901611328,-0.70716867
V409Q,-8.813117027282715,-0.636311286
V409N,-8.615131378173828,-1.775476345
V409S,-6.818934917449951,-1.249013819
G410S,1.5901522636413574,-0.014877038
G410R,-2.1771373748779297,0.513121836
G410Q,0.4841020107269287,-0.946235211
G410P,-5.645155906677246,-1.082017562
G410N,3.3745334148406982,-1.110186569
G410M,0.43775081634521484,-1.907443416
G410L,-0.31048059463500977,-0.945856031
G410I,0.594994306564331,-2.102582216
G410H,-0.1075754165649414,-1.944466428
G410F,-2.4031267166137695,-1.823329659
G410D,2.463303804397583,-0.159876325
G410C,-4.719298362731934,-2.187367507
G410A,1.4174368381500244,-1.217728229
G410W,-5.227252006530762,-1.489111719
G410Y,-1.115433692932129,-0.388540704
G410K,-0.315093994140625,-1.813633845
G410E,2.3750462532043457,-1.846925279
G410V,0.7199137210845947,-1.17434133
G410T,2.137026071548462,-0.917779618
K411G,-3.3247509002685547,-0.328810752
K411H,-2.4157962799072266,-0.952368306
K411I,-1.39812171459198,-1.779330625
K411L,-1.7643169164657593,-2.170057432
K411M,-2.7209558486938477,-2.240107135
K411N,0.0871732234954834,-2.020682916
K411F,-3.8375353813171387,-2.006502203
K411E,-1.460835337638855,-1.976203151
K411R,-1.698248028755188,-2.829993881
K411S,-1.1608370542526245,-1.055617257
K411T,-0.6581970453262329,-1.131261546
K411V,-1.802787184715271,-1.043644232
K411W,-7.33641242980957,-1.470166343
K411Y,-3.4660773277282715,-1.547102273
K411Q,-1.8663610219955444,-0.750481168
K411P,-7.213807106018066,-2.302689759
K411D,-1.9788569211959839,-3.072252383
K411A,-1.701112151145935,-1.121079511
K411C,-6.538569450378418,-1.97358737
E412S,-6.645139217376709,-0.429112325
E412V,-7.2271809577941895,0.74372043
E412Y,-8.318733215332031,-0.43857495
E412R,-7.312322616577148,-0.254036056
E412Q,-2.7145743370056152,0.583938515
E412P,-10.187460899353027,-3.309443739
E412N,-6.645324230194092,-0.66314138
E412M,-8.88794994354248,-0.7997940440000001
E412K,-5.510802745819092,0.241841782
E412I,-8.958685874938965,0.300326548
E412H,-6.442323684692383,-0.257757262
E412G,-6.1580023765563965,-1.432191741
E412F,-11.058213233947754,0.502345417
E412D,-4.830072402954102,-0.072577219
E412C,-11.546895027160645,-0.694118747
E412A,-5.840085983276367,0.306288246
E412L,-8.112549781799316,-0.328240149
E412T,-7.264309406280518,0.625741848
E412W,-11.330989837646484,-1.1050093090000002
F413W,-8.229996681213379,-0.938970057
F413Y,-7.0144548416137695,-1.711272359
F413A,-9.305781364440918,-3.627346684
F413C,-9.065838813781738,-3.053901771
F413D,-14.623191833496094,-3.259357644
F413E,-12.727252006530762,-3.506060326
F413G,-12.061180114746094,-2.660000229
F413H,-10.470029830932617,-3.156876623
F413I,-2.446146011352539,-2.58515339
F413V,-4.208087921142578,-3.296080333
F413L,-1.7419482469558716,-3.321977885
F413T,-8.152975082397461,-3.688865543
F413S,-9.509660720825195,-2.70523724
F413R,-11.658660888671875,-3.931815478
F413K,-11.451197624206543,-3.289309742
F413P,-13.106752395629883,-2.965353705
F413N,-10.656732559204102,-3.044544
F413M,-4.084983825683594,-3.05968826
F413Q,-10.421948432922363,-3.0201443930000003
N414Y,-3.0366268157958984,-2.789115624
N414P,-6.703797817230225,-2.958113136
N414V,-2.383574962615967,-3.071407333
N414T,-1.0260063409805298,-0.718264913
N414S,-0.7847620248794556,-0.370667751
N414R,-1.6728626489639282,-3.272963557
N414Q,-0.6536847352981567,-2.3540749030000003
N414W,-6.496768474578857,-2.681307876
N414M,-3.2028989791870117,-2.671402655
N414K,0.35857200622558594,-1.565235986
N414L,-2.310349941253662,-4.458500428
N414A,-1.7384506464004517,-0.964342848
N414C,-6.167819499969482,-2.923956207
N414D,-0.7830401659011841,-2.199581396
N414G,-1.461525559425354,-0.044160649
N414F,-4.520278453826904,-3.472371341
N414H,-2.4373936653137207,-1.768462984
N414I,-2.075503349304199,-3.080203584
N414E,0.2853245735168457,-3.326082195
N415K,-1.0897430181503296,-0.8570159890000001
N415C,-5.8616156578063965,-1.070854866
N415D,-0.576217532157898,-0.613425397
N415E,-1.3273223638534546,-0.240065536
N415F,-4.544185638427734,-0.061357412
N415G,-1.8348749876022339,-0.689024035
N415H,-2.806532382965088,-1.129837214
N415I,-2.5244979858398438,0.280719775
N415A,-0.5154814720153809,-0.124003837
N415M,-3.610511302947998,-0.533322415
N415P,-7.912330150604248,-1.333610671
N415Q,-2.699089527130127,-0.301457645
N415R,-2.212360382080078,-0.202817261
N415S,-0.5959571599960327,-0.210537988
N415T,-1.4555326700210571,-0.034744259
N415V,-2.3736939430236816,0.098537226
N415W,-7.256755352020264,-0.109632205
N415Y,-3.725517749786377,-0.032884457
N415L,-2.820157051086426,0.0438645009999999
L416H,-9.643770217895508,-2.558882282
L416G,-13.338720321655273,-3.293010086
L416F,-3.5752463340759277,-0.362971489
L416A,-8.543121337890625,-3.114081597
L416C,-12.37822151184082,-2.200924205
L416I,-1.881603717803955,-1.714875423
L416D,-13.929264068603516,-3.0830440930000003
L416K,-10.932504653930664,-1.358625106
L416E,-10.979703903198242,-2.596542026
L416P,-11.771787643432617,-3.251983173
L416N,-10.902606964111328,-2.106014371
L416Y,-8.944084167480469,-0.861709962
L416W,-10.802814483642578,-2.124533129
L416V,-2.276373863220215,-1.7556861780000002
L416M,-0.9157905578613281,-0.934285154
L416S,-10.046792984008789,-2.960083743
L416R,-10.954790115356445,-0.434618959
L416Q,-7.813398838043213,-1.734555647
L416T,-7.946273326873779,-3.049548647
E417W,-10.997611999511719,-2.702541264
E417V,-6.571194648742676,-2.784438377
E417T,-6.178641319274902,-3.15809553
E417S,-5.85850715637207,-3.34855954
E417R,-8.843324661254883,-2.312467217
E417Q,-5.332788467407227,-2.72648935
E417P,-11.534568786621094,-3.141516423
E417N,-4.595186233520508,-3.300462806
E417L,-8.591476440429688,-3.520558163
E417K,-6.223320007324219,-2.184137542
E417I,-7.691148281097412,-2.973755587
E417G,-4.779841423034668,-2.856033604
E417F,-10.35702133178711,-3.093653363
E417D,-3.0565855503082275,-2.352727047
E417C,-11.276416778564453,-2.884920585
E417A,-6.340598106384277,-3.139981662
E417M,-8.678370475769043,-2.650459282
E417H,-7.761478900909424,-2.849207715
E417Y,-8.593280792236328,-2.852819522
K418C,-8.685874938964844,-2.116040681
K418A,-4.0858540534973145,-1.940562117
K418Y,-4.283203601837158,-2.605629482
K418W,-6.766974449157715,-2.338607839
K418V,-3.5281691551208496,-3.0090792260000003
K418S,-2.932152509689331,-2.763414698
K418R,-1.9328460693359375,-0.231583588
K418Q,-3.513430595397949,-2.307933385
K418P,-10.301931381225586,-3.084001988
K418T,-2.3409767150878906,-2.236594796
K418M,-4.0120062828063965,-2.375303523
K418N,-1.7173337936401367,-1.724147545
K418E,-4.026975631713867,-1.902332407
K418F,-4.440184593200684,-1.466526566
K418G,-3.6746435165405273,-3.211053099
K418D,-5.225820541381836,-2.740896909
K418I,-2.482512950897217,-2.532661252
K418L,-3.470973014831543,-0.918734372
K418H,-4.738133907318115,-2.2091841690000003
R419I,-7.8234052658081055,-2.7522742360000003
R419C,-7.321449279785156,-2.764421994
R419D,-6.624022483825684,-2.714268249
R419E,-5.804983139038086,-2.425508023
R419F,-9.561180114746094,-2.706470645
R419G,-4.893227577209473,-2.006597325
R419H,-5.033597946166992,-2.631688129
R419A,-7.407316207885742,-2.904280054
R419L,-7.558304786682129,-2.957909164
R419M,-8.124053001403809,-3.070794355
R419Y,-7.48458194732666,-2.570801309
R419W,-8.328892707824707,-1.804021939
R419V,-8.030183792114258,-3.200611609
R419T,-6.322216987609863,-1.83279641
R419K,-3.4060235023498535,-2.205667639
R419Q,-4.632957935333252,-2.552579146
R419P,-11.606584548950195,-2.681305139
R419N,-5.489534854888916,-2.589395879
R419S,-5.342853546142578,-2.464216045
M420A,-5.484525680541992,-2.471525439
M420C,-7.922845840454102,-2.6032654930000003
M420D,-12.241555213928223,-1.367517354
M420E,-9.411115646362305,-2.508900965
M420F,-1.0391459465026855,-1.056521525
M420G,-10.117802619934082,-3.017759276
M420H,-8.872319221496582,-2.258975156
M420I,3.6941566467285156,-1.250987885
M420L,0.8010053634643555,-0.6721959340000001
M420N,-7.116315841674805,-2.312079638
M420P,-10.120280265808105,-2.886619941
M420V,0.5703792572021484,-2.329597531
M420R,-10.079275131225586,-3.138795757
M420S,-6.617809295654297,-2.466967385
M420T,-3.9196271896362305,-2.167495845
M420Y,-6.535009384155273,-2.586191787
M420W,-8.913074493408203,-1.533231597
M420K,-9.015885353088379,-2.169902078
M420Q,-7.756336212158203,-1.645168676
E421C,-6.162273406982422,-2.217645692
E421D,1.102285385131836,-1.4845199619999998
E421Y,-2.3670971393585205,-1.870094937
E421W,-6.865335464477539,-2.239422837
E421V,-2.74833083152771,-2.219050162
E421T,-1.1526663303375244,-2.673698264
E421S,-1.1045310497283936,-0.6850565479999999
E421R,-3.4093892574310303,-1.917902256
E421Q,-1.7030909061431885,0.143830274
E421P,-8.228928565979004,-3.088100051
E421A,-2.7043182849884033,-1.28224359
E421M,-3.9996955394744873,-1.753730881
E421L,-3.3203580379486084,-2.184927729
E421K,-1.2373993396759033,-1.186186742
E421I,-2.256643533706665,-2.465975663
E421H,-2.287050485610962,-1.7859983330000002
E421G,-2.4500744342803955,-1.252268017
E421F,-4.113896369934082,-1.529909797
E421N,3.084761142730713,-1.6663209769999998
N422E,-4.389227390289307,-2.193657998
N422F,-5.398160934448242,-2.314689531
N422G,-3.646017551422119,-1.574045436
N422H,-3.3163952827453613,-1.992775126
N422I,-2.7505311965942383,-2.037404497
N422K,-2.4354796409606934,-1.972266082
N422L,-3.6503257751464844,-2.301402697
N422R,-4.18374490737915,-2.866064422
N422P,-9.959959983825684,-2.662733418
N422Q,-4.456115245819092,-2.321830978
N422D,-3.654419422149658,-1.917370765
N422S,-2.2150983810424805,-0.864985907
N422T,-2.503594398498535,-0.7649323840000001
N422V,-3.30226993560791,-2.517639204
N422W,-8.313413619995117,-2.08278224
N422Y,-4.124532699584961,-2.246299788
N422M,-4.93704891204834,-1.7887721090000002
N422C,-7.191790580749512,-2.7283575960000004
N422A,-3.2011289596557617,-1.25409052
L423D,-13.581132888793945,-2.769418729
L423Y,-9.05591106414795,-2.844046777
L423W,-11.291295051574707,-2.486078374
L423V,-4.280388832092285,-1.843903569
L423T,-6.163991451263428,-3.073518481
L423S,-8.74565601348877,-2.6110375
L423R,-11.625411033630371,-3.893448184
L423Q,-6.002216815948486,-2.833484655
L423C,-12.243617057800293,-2.831050681
L423P,-12.801799774169922,-2.7609669180000003
L423M,-3.3770499229431152,-2.012148622
L423A,-8.883407592773438,-2.899228588
L423K,-11.316854476928711,-2.4056696090000003
L423I,-3.460031509399414,-2.617845414
L423H,-8.565042495727539,-2.9619206
L423G,-12.329042434692383,-3.057137203
L423E,-11.028326034545898,-2.727860006
L423N,-8.301849365234375,-3.0641155280000003
L423F,-6.2199578285217285,-2.164276506
N424A,-2.4972801208496094,-1.6441902169999998
N424W,-8.679698944091797,-1.36504271
N424Y,-5.627063274383545,-1.757429946
N424C,-7.963088512420654,-1.906588737
N424D,-0.7185829877853394,-2.015743949
N424E,1.4374723434448242,-2.744851242
N424F,-6.994008541107178,-2.107501848
N424H,-4.383011817932129,-1.484939072
N424I,-4.667041778564453,-1.335685786
N424K,-3.967132568359375,-2.146822941
N424G,-2.9509267807006836,-2.68030586
N424M,-5.8738908767700195,-2.174078682
N424P,-8.343005180358887,-2.089040965
N424Q,-1.694766879081726,-1.998801276
N424R,-6.173669338226318,-3.511678814
N424S,-0.8911503553390503,-3.116208604
N424T,-2.2034411430358887,-2.802375018
N424V,-4.600937843322754,-3.101002102
N424L,-6.055624008178711,-3.156908726
K425L,-4.436391353607178,-2.844286797
K425D,-3.9018845558166504,-2.502358005
K425E,-3.1758737564086914,-2.178753144
K425F,-6.164443016052246,-3.168638478
K425G,-3.720813751220703,-3.865008552
K425H,-3.5245466232299805,-1.78396955
K425I,-4.685584545135498,-3.05538267
K425M,-5.0895676612854,-2.683805689
K425C,-7.937490463256836,-3.33563414
K425P,-11.114736557006836,-3.745777277
K425Q,-2.8264427185058594,-1.372955419
K425R,-1.0786771774291992,-0.295034722
K425S,-2.921152114868164,-2.196634613
K425T,-3.269388198852539,-2.239931039
K425V,-4.76773738861084,-1.615792233
K425W,-7.819418907165527,-2.812541842
K425N,-1.473961591720581,-1.168886543
K425A,-3.9657015800476074,-1.636692276
K425Y,-4.438167572021484,-3.531979034
K426Y,-0.9504141807556152,-3.424416689
K426C,-5.633656978607178,-3.452401074
K426D,-3.898512363433838,-3.045028163
K426E,-3.638148307800293,-2.263942638
K426F,-0.5651178359985352,-2.882060164
K426G,-5.04894495010376,-3.562134914
K426H,-0.8036353588104248,-2.6519759780000003
K426I,-1.2088873386383057,-3.113945869
K426L,-1.1611976623535156,-3.306898439
K426M,-2.4729814529418945,-2.521980775
K426N,-1.6759846210479736,-2.511083364
K426P,-8.698281288146973,-3.868775023
K426Q,-1.572843074798584,-2.586399552
K426R,0.4622836112976074,-1.5563181169999998
K426S,-2.3736939430236816,-3.054927594
K426T,-2.6384353637695312,-2.97754918
K426A,-3.272718906402588,-3.099529067
K426V,-2.3060007095336914,-3.202124957
K426W,-4.663099765777588,-3.088779285
V427W,-9.830866813659668,-2.086090849
V427D,-11.897134780883789,-2.419654559
V427E,-9.772543907165527,-2.987504864
V427F,-4.144986629486084,-2.486030555
V427G,-11.09286880493164,-2.8731475539999995
V427H,-7.872705459594727,-2.973215971
V427I,-0.42383289337158203,-0.8422561940000001
V427A,-6.146298885345459,-2.542225137
V427L,-2.1837964057922363,-2.001422795
V427M,0.9879031181335449,-1.363132075
V427N,-8.557559967041016,-3.168309659
V427P,-13.529220581054688,-2.805607264
V427Q,-6.533331871032715,-2.994377052
V427R,-10.536664962768555,-3.03605075
V427S,-7.971895217895508,-2.368122205
V427T,-5.156178951263428,-2.196769045
V427Y,-6.895073890686035,-0.971527733
V427K,-9.7678861618042,-2.095416113
V427C,-8.882193565368652,-2.270448641
D428N,-2.297534942626953,-1.565209775
D428W,-10.863838195800781,-2.475494817
D428V,-5.999300479888916,-2.368273887
D428T,-5.515762805938721,-1.233036518
D428S,-5.172130107879639,-2.555371195
D428R,-7.084524631500244,-3.33902922
D428Q,-4.437973976135254,-2.407969326
D428P,-11.581475257873535,-2.823426604
D428M,-7.761667728424072,-2.015769304
D428L,-7.256668567657471,-3.519068293
D428K,-4.6861348152160645,-2.656351143
D428I,-6.511686325073242,-3.138919597
D428H,-5.637908935546875,-2.6873489630000003
D428A,-5.7963714599609375,-2.7442695460000004
D428C,-10.129524230957031,-3.03183506
D428G,-5.386482238769531,-3.0123278910000004
D428Y,-5.7387213706970215,-2.168747442
D428E,1.0373339653015137,-1.585419206
D428F,-8.167725563049316,-2.526052434
D429E,-1.412330985069275,-1.879768948
D429Y,-3.2303409576416016,-2.374874468
D429W,-7.912880897521973,-2.427432229
D429V,-4.545180797576904,-2.87236389
D429T,-3.3172850608825684,-2.713420254
D429S,-2.4146533012390137,-2.500851973
D429R,-3.8319950103759766,-3.048388709
D429Q,-2.8131213188171387,-1.322381774
D429P,-10.542207717895508,-3.043406842
D429C,-7.510188102722168,-3.139622485
D429A,-2.9788246154785156,-2.195787234
D429M,-4.842411041259766,-2.309852507
D429L,-4.035280704498291,-3.377305373
D429K,-2.2894396781921387,-2.894993755
D429I,-4.3669939041137695,-2.810690139
D429H,-2.893631935119629,-2.487761243
D429G,-4.142989635467529,-2.417923842
D429F,-4.944891929626465,-2.797439175
D429N,-1.2770695686340332,-1.632442936
G430Y,-7.22064208984375,-2.633151413
G430A,-2.9004952907562256,-2.9997578810000003
G430C,-6.8334641456604,-3.264558576
G430W,-9.966985702514648,-2.808336178
G430D,-5.182251930236816,-2.794370008
G430E,-5.68881368637085,-2.174121362
G430F,-8.045890808105469,-3.461944104
G430H,-5.872793674468994,-3.28374317
G430I,-6.063438415527344,-2.623503384
G430K,-6.911407470703125,-2.947355182
G430L,-6.55733585357666,-2.722938133
G430M,-6.928825855255127,-2.190811633
G430P,-11.099111557006836,-3.594706187
G430Q,-5.798819541931152,-2.15947022
G430R,-7.096981048583984,-3.1340438610000003
G430S,-3.3591866493225098,-3.090772955
G430T,-4.878986835479736,-3.370325242
G430V,-5.494659423828125,-3.280278944
G430N,-4.277855396270752,-2.893351279
F431V,-1.5419392585754395,-2.7831095660000003
F431A,-7.617934703826904,-3.204305437
F431C,-9.472339630126953,-2.927995367
F431D,-11.453752517700195,-3.046595861
F431E,-9.433717727661133,-2.857248542
F431G,-11.515573501586914,-2.636444453
F431H,-8.49758529663086,-3.1523249680000003
F431I,0.5900846123695374,-2.465022311
F431L,-1.241438388824463,-0.46179953
F431M,-2.354177951812744,-2.365492747
F431N,-9.534233093261719,-2.487625825
F431P,-11.675533294677734,-3.424612524
F431Q,-9.22951889038086,-3.302737348
F431R,-9.468421936035156,-3.40670424
F431S,-8.67045783996582,-3.429664978
F431T,-7.063395977020264,-3.739019858
F431K,-8.711334228515625,-3.306918095
F431Y,-4.963938236236572,-2.600182218
F431W,-8.275644302368164,-2.820406895
L432D,-1.8874895572662354,-2.829424117
L432V,1.5629372596740723,-1.198115445
L432A,-2.3290340900421143,-2.93887278
L432E,-1.9231226444244385,-1.859530883
L432F,-1.849797010421753,-1.269255192
L432G,-4.282034873962402,-2.554123167
L432H,-2.9746687412261963,-1.449229299
L432I,2.2036075592041016,-1.224709768
L432K,-2.699704885482788,-2.146175696
L432M,-0.9905200004577637,-1.859984421
L432N,-1.0627875328063965,-1.953996644
L432P,-6.649646759033203,-2.653049464
L432Q,-2.5155742168426514,-0.731789962
L432R,-3.581047296524048,-2.068546384
L432S,-2.3430097103118896,-2.724327977
L432T,-0.9324681758880615,-1.339636222
L432C,-6.219577789306641,-2.430843832
L432Y,-0.9249782562255859,-1.538375948
L432W,-5.327939987182617,-1.143020932
D433W,-12.097878456115723,-2.500468504
D433A,-6.750754356384277,-1.622344219
D433C,-10.05190372467041,-1.745265174
D433E,-3.2351300716400146,-0.90218869
D433F,-9.829469680786133,-3.188454371
D433G,-5.050711631774902,-1.842246909
D433H,-5.509889602661133,-1.809150377
D433I,-9.385984420776367,-2.769644908
D433K,-5.984260559082031,-3.028155747
D433Y,-6.0761823654174805,-2.133698757
D433L,-9.259306907653809,-3.110425969
D433M,-10.33919906616211,-2.388410443
D433N,-1.4974265098571777,-1.955989901
D433P,-9.953081130981445,-3.476391109
D433Q,-6.067919731140137,-1.271948808
D433R,-8.118708610534668,-3.196589599
D433S,-5.099112510681152,-1.080927507
D433T,-6.4749860763549805,-2.149020508
D433V,-8.53531551361084,-2.724311845
I434A,-7.400815486907959,-3.103027775
I434Y,-9.543463706970215,-2.862417444
I434C,-11.462828636169434,-3.16132827
I434N,-10.483234405517578,-3.098624888
I434H,-11.410597801208496,-3.305099771
I434E,-11.956405639648438,-2.8547354730000003
I434D,-13.492033004760742,-3.002796938
I434K,-11.128636360168457,-3.036045871
I434L,-1.3969964981079102,-0.1401049
I434M,-3.839839220046997,-1.910582793
I434P,-13.971405029296875,-3.612705936
I434Q,-10.656200408935547,-2.911159568
I434R,-11.212645530700684,-3.54769693
I434S,-9.009992599487305,-3.488837788
I434T,-6.842224597930908,-3.299761878
I434V,-2.014148235321045,-0.62078068
I434W,-11.397186279296875,-2.317545906
I434G,-10.933511734008789,-3.512224749
I434F,-6.004738807678223,-1.132476476
W435Y,-6.735612869262695,-2.914445358
W435V,-6.909784317016602,-3.471129015
W435T,-9.210912704467773,-3.228228829
W435R,-8.345450401306152,-2.620648059
W435Q,-8.717873573303223,-3.4453965010000003
W435M,-6.4852519035339355,-2.94594665
W435L,-3.7850050926208496,-3.539121522
W435K,-8.047752380371094,-3.233404205
W435I,-4.908673286437988,-2.7159642880000003
W435H,-9.114679336547852,-2.421314586
W435G,-10.964088439941406,-3.374443532
W435F,-6.321230888366699,-3.215976227
W435E,-10.118714332580566,-2.909605665
W435D,-12.022324562072754,-2.953655627
W435C,-9.341195106506348,-2.577048124
W435A,-9.205724716186523,-3.432798069
W435S,-9.08366870880127,-4.080882323
W435N,-9.521441459655762,-3.324504273
W435P,-13.40549373626709,-2.720856939
T436W,-6.725842475891113,-2.4377386480000003
T436V,-1.5282464027404785,-3.585060719
T436S,-1.546889305114746,-2.238624491
T436A,-1.7007598876953125,-2.84602533
T436C,-6.124362945556641,-2.740808029
T436D,-4.649427890777588,-2.805715864
T436E,-4.654958248138428,-2.2179428530000003
T436F,-4.290200710296631,-2.479241611
T436M,-3.207486152648926,-2.510183531
T436H,-2.665328025817871,-2.622888382
T436I,-1.2311887741088867,-2.658987536
T436R,-3.633121967315674,-2.215224659
T436K,-2.801309585571289,-2.814074821
T436Y,-3.0274858474731445,-2.456313645
T436Q,-4.014553546905518,-1.830077364
T436P,-9.01424789428711,-3.631579912
T436N,-0.9426465034484863,-2.983195015
T436L,-2.966132402420044,-3.5882111460000004
T436G,-4.128618240356445,-2.89250565
Y437R,-5.902629852294922,-3.422782857
Y437S,-5.375156879425049,-1.947670217
Y437Q,-4.5539231300354,-3.043340105
Y437P,-12.066154479980469,-2.923857768
Y437N,-4.284076690673828,-2.130811154
Y437M,-7.619940757751465,-2.458690202
Y437L,-6.102926254272461,-2.757704785
Y437C,-6.173213005065918,-2.176535673
Y437I,-6.997009754180908,-2.781485898
Y437H,-1.8105120658874512,-2.438632177
Y437K,-5.605327606201172,-3.266970974
Y437F,-2.6621198654174805,-2.416041305
Y437E,-6.618480682373047,-3.0016826310000004
Y437D,-7.487727642059326,-2.600981834
Y437T,-6.456038475036621,-3.140132152
Y437V,-7.081279754638672,-2.927748142
Y437W,-8.34788990020752,-1.887715617
Y437A,-6.617336273193359,-1.968968614
Y437G,-8.61388874053955,-2.844335463
N438I,-6.991631031036377,-2.99349631
N438C,-10.525341033935547,-2.70341888
N438D,-7.8361897468566895,-1.669821953
N438E,-8.178504943847656,-1.720193574
N438F,-9.402616500854492,-2.656905204
N438G,-9.90025806427002,-3.416336133
N438H,-4.480441093444824,-1.5124956319999998
N438K,-7.101409912109375,-2.670625361
N438W,-13.082138061523438,-1.850727049
N438M,-8.358997344970703,-2.671922838
N438L,-9.205623626708984,-2.029091182
N438Y,-6.795141696929932,-2.138269001
N438V,-9.093770027160645,-2.706851623
N438T,-7.360233306884766,-2.14560424
N438A,-10.786941528320312,-3.2158995310000003
N438R,-9.320232391357422,-3.775503261
N438Q,-6.284937858581543,-0.544274155
N438P,-14.0897798538208,-3.5723309860000003
N438S,-6.121614456176758,-2.052975337
A439C,-4.891543388366699,-2.365738177
A439K,-7.308380126953125,-2.814273435
A439F,-6.618395805358887,-3.090438025
A439G,-5.549005508422852,-2.950399837
A439H,-6.945615768432617,-2.470033748
A439I,-4.493757247924805,-0.302794698
A439L,-6.362049102783203,-1.643007888
A439Q,-7.907531261444092,-2.93724777
A439N,-5.420928955078125,-0.6549597079999999
A439P,-10.152680397033691,-2.8157499510000004
A439D,-8.785165786743164,-2.630135221
A439R,-7.828174114227295,-3.632549863
A439S,-1.496232509613037,-1.314197769
A439T,-2.4482593536376953,-1.6979861580000002
A439V,-2.7802886962890625,-1.581456629
A439W,-8.609871864318848,-2.4334055830000003
A439Y,-5.865774154663086,-2.85353377
A439M,-6.649763107299805,-2.3822396130000003
A439E,-8.203519821166992,-1.354017443
E440C,-11.154657363891602,-3.272447154
E440D,-2.595061779022217,-2.644684048
E440Y,-7.11989688873291,-3.564805359
E440W,-10.172041893005371,-2.995951814
E440V,-7.518176078796387,-3.769490669
E440T,-7.025840759277344,-3.446754908
E440S,-6.529827117919922,-2.418547658
E440R,-5.878141403198242,-3.587363316
E440Q,-3.3537797927856445,-2.549721497
E440P,-10.281208038330078,-3.650400248
E440M,-9.370205879211426,-2.909150244
E440L,-8.54798698425293,-4.087414498
E440K,-4.876995086669922,-2.90533611
E440I,-9.142333984375,-2.98757164
E440H,-5.11396598815918,-2.7244759
E440G,-5.818592071533203,-3.371015977
E440F,-10.114507675170898,-3.350899314
E440A,-6.009177207946777,-2.811335664
E440N,-5.005093574523926,-2.849476887
L441M,-1.3336849212646484,-1.16174306
L441C,-11.428376197814941,-2.498021246
L441Y,-8.713732719421387,-2.155056932
L441W,-11.039447784423828,-1.831537097
L441V,-3.023113250732422,-1.971825234
L441T,-7.046288967132568,-2.128351548
L441R,-11.00091552734375,-2.268110225
L441Q,-10.99591064453125,-1.929419288
L441P,-14.89217758178711,-2.9001330010000004
L441N,-11.5841064453125,-2.752822802
L441S,-9.914563179016113,-2.743105201
L441K,-11.08818244934082,-3.042264319
L441I,-1.559722900390625,-1.261220765
L441H,-11.350378036499023,-2.387782631
L441G,-12.36749267578125,-3.67112749
L441F,-5.005463600158691,-1.310519898
L441E,-12.151548385620117,-2.655849407
L441D,-13.92872428894043,-2.8493169610000004
L441A,-7.613732814788818,-3.464121184
L442Q,-3.9930405616760254,-2.577293005
L442R,-4.353422164916992,-2.744409492
L442S,-6.0504913330078125,-2.351252164
L442Y,-2.772575855255127,-2.667237604
L442V,-4.39581823348999,-0.958064576
L442W,-5.816159725189209,-2.827784428
L442P,-10.183305740356445,-2.623175397
L442T,-6.473923683166504,-1.776024606
L442N,-6.500949859619141,-2.84423641
L442K,-4.565021514892578,-2.811340823
L442I,-3.43693208694458,-0.494325129
L442H,-3.3327808380126953,-1.024625377
L442G,-8.469381332397461,-2.7985676710000003
L442F,-2.5675530433654785,-0.786729806
L442E,-7.519039630889893,-0.85410025
L442D,-9.328751564025879,-2.952711921
L442C,-7.960843086242676,-2.9715662610000004
L442A,-6.098716735839844,-1.281570977
L442M,-2.3491244316101074,-1.208174244
V443Y,-7.363276481628418,-2.817543569
V443W,-9.533681869506836,-2.830773114
V443T,-6.074620723724365,-1.342975839
V443S,-8.32099437713623,-2.902946265
V443R,-9.630260467529297,-3.521539644
V443Q,-9.288832664489746,-2.13683079
V443P,-11.749813079833984,-3.243146372
V443K,-9.399396896362305,-1.73561474
V443M,-5.128363609313965,-1.656470899
V443F,-5.875794410705566,-2.100321945
V443L,-4.375129222869873,-2.089435402
V443I,-1.5928292274475098,-0.587964753
V443H,-9.141622543334961,-2.724622658
V443G,-9.419513702392578,-1.915091167
V443N,-8.753860473632812,-2.446425423
V443C,-8.168915748596191,-2.252862765
V443D,-10.097711563110352,-2.407877763
V443A,-6.205168724060059,-2.858655105
V443E,-8.73670768737793,-2.667939521
L444W,-7.333551406860352,-2.848050009
L444R,-6.26381778717041,-3.925515571
L444Q,-5.383764266967773,-2.861956199
L444P,-10.516927719116211,-2.302417799
L444N,-6.300402641296387,-2.686087348
L444M,-2.224797248840332,-2.8580810060000004
L444I,-1.898764967918396,-2.713931899
L444H,-6.303079128265381,-3.254386499
L444G,-6.248478889465332,-3.324496204
L444F,-4.21243953704834,-3.434772129
L444E,-6.040282249450684,-3.01128532
L444D,-7.953932762145996,-3.344578858
L444C,-6.530364990234375,-3.456874876
L444A,-1.4668879508972168,-2.832013485
L444S,-4.085752487182617,-4.129033229
L444V,-2.0493483543395996,-2.377648701
L444K,-5.495837211608887,-3.75065474
L444Y,-5.1333208084106445,-3.886072224
L444T,-3.7360849380493164,-2.78438536
L445Y,-5.974299907684326,-1.081556803
L445S,-9.147282600402832,-2.633189437
L445R,-9.76239013671875,-2.671888464
L445Q,-8.669053077697754,-1.879903825
L445P,-12.226455688476562,-2.185016834
L445N,-10.008448600769043,-2.15282347
L445A,-8.284680366516113,-2.169054819
L445M,-3.2400832176208496,-0.87899799
L445I,-3.0172171592712402,-1.192469375
L445H,-9.094793319702148,-2.626907487
L445G,-11.326786041259766,-2.854581622
L445F,-3.7594966888427734,-0.735132727
L445E,-10.489580154418945,-2.143530136
L445D,-12.559247970581055,-2.691220377
L445C,-10.758556365966797,-2.63795196
L445K,-9.662421226501465,-1.782655221
L445W,-8.603113174438477,-0.979629739
L445V,-4.933374881744385,-2.617092137
L445T,-8.048852920532227,-1.213086051
E446A,-4.795274257659912,-3.272888217
E446C,-9.992181777954102,-3.443943403
E446V,-5.9178361892700195,-3.027385283
E446T,-2.5996387004852295,-2.841802555
E446S,-3.9973974227905273,-3.248342154
E446R,-3.760185718536377,-3.1900420510000003
E446Q,-2.2340102195739746,-1.947981155
E446P,-10.831949234008789,-2.865315237
E446N,-0.6497550010681152,-1.881996934
E446W,-8.53581714630127,-2.712762011
E446L,-7.1648945808410645,-3.795161899
E446K,-2.110542058944702,-2.460801863
E446I,-6.3571038246154785,-3.352085554
E446H,-4.565430641174316,-2.74470881
E446G,-3.9289112091064453,-2.818201284
E446F,-8.015759468078613,-3.2741837510000003
E446D,-2.0997724533081055,-1.851243137
E446M,-6.555562973022461,-2.732407697
E446Y,-6.417777061462402,-2.821972182
N447R,-1.824149489402771,-3.987721799
N447Q,-1.5223654508590698,-2.564191555
N447P,-7.486645221710205,-3.62476193
N447M,-5.212136745452881,-1.323241469
N447L,-5.2150068283081055,-4.056269328
N447K,-1.152811884880066,-1.988773251
N447F,-5.5542449951171875,-3.5494094730000003
N447H,-0.8583104610443115,-2.333127604
N447G,-3.9771547317504883,-2.759573651
N447E,-2.2751665115356445,-2.974220999
N447D,-3.2386860847473145,-2.74102633
N447C,-7.161738872528076,-3.320403203
N447A,-4.854756832122803,-3.406687644
N447S,-3.428098201751709,-2.9428072760000004
N447I,-5.601371765136719,-2.2303519780000003
N447T,-3.596343994140625,-2.876091604
N447V,-5.068246841430664,-3.4026778980000003
N447Y,-3.259340286254883,-2.9864384530000003
N447W,-5.373538494110107,-2.953077931
E448F,-10.986852645874023,-2.952201885
E448Y,-9.166905403137207,-0.789882477
E448W,-11.214982986450195,-2.305344085
E448V,-9.43191146850586,-2.43960758
E448T,-8.027249336242676,-1.222583307
E448S,-6.837057590484619,-1.555054389
E448D,-4.046488285064697,-1.761973015
E448R,-8.776299476623535,-2.038399607
E448N,-5.808079242706299,-2.992215205
E448M,-10.499565124511719,-2.509440975
E448L,-10.845523834228516,-2.423160685
E448K,-6.768950939178467,-2.097740051
E448I,-10.679621696472168,-3.2358353510000004
E448H,-6.473320007324219,-2.026235257
E448G,-6.715510368347168,-1.929903466
E448Q,-3.74285888671875,-1.945546615
E448P,-10.78599739074707,-2.530365419
E448C,-13.938206672668457,-2.917956778
E448A,-7.692645072937012,-2.443400869
R449Y,-4.605538845062256,-3.002044719
R449W,-7.9272141456604,-1.186493512
R449V,-5.948576927185059,-3.690302007
R449T,-4.312475681304932,-2.145450933
R449S,-4.159618854522705,-2.5734393630000003
R449Q,-2.1158652305603027,-2.4870597290000003
R449P,-7.32679557800293,-3.053226877
R449N,-3.1909985542297363,-2.728286517
R449M,-6.052866458892822,-2.450182914
R449A,-4.859539985656738,-3.048640487
R449K,-1.9339560270309448,-2.149190436
R449I,-5.996967315673828,-1.878369615
R449H,-2.448533058166504,-1.67763897
R449G,-5.065036773681641,-2.627437184
R449F,-6.2944865226745605,-3.098697662
R449E,-3.6785778999328613,-2.563852547
R449D,-5.041628360748291,-2.147665596
R449C,-8.13249683380127,-2.788799178
R449L,-5.535505294799805,-3.7997626
T450W,-4.323456764221191,-3.594804977
T450V,0.4352407455444336,-3.24826036
T450S,-0.8271512985229492,-3.225966165
T450R,-0.10516929626464844,-2.069350675
T450Q,0.08102750778198242,-3.54477978
T450P,-4.29141902923584,-3.18887193
T450N,-0.36768293380737305,-3.286935878
T450G,-2.9270362854003906,-3.842729349
T450K,0.9872080087661743,-3.5206257310000004
T450I,0.02895355224609375,-2.7269669010000004
T450H,-1.30305814743042,-2.955212355
T450F,-2.79719877243042,-3.3917551880000003
T450E,-0.971435546875,-3.0621131
T450D,-2.4822916984558105,-2.0714102
T450C,-4.898335933685303,-3.200562103
T450L,-0.4935264587402344,-3.643887773
T450Y,-2.390852928161621,-2.959349248
T450M,-1.3245015144348145,-2.818856117
T450A,-0.8035163879394531,-2.740161136
L451T,-0.2693660259246826,-3.4506196160000004
L451W,-3.53796648979187,-2.310829163
L451V,-0.06293416023254395,-2.866953143
L451Y,-0.4461197853088379,-2.443703418
L451R,-1.9112036228179932,-1.621364295
L451Q,-1.3781249523162842,-3.217732199
L451P,-3.6851565837860107,-3.599669928
L451M,-1.1405799388885498,-2.446412055
L451K,-1.5444965362548828,-3.335052371
L451N,-0.238114595413208,-1.812042716
L451C,-3.1812832355499268,-3.404114344
L451A,0.15140700340270996,-4.047228515
L451I,-0.0626070499420166,-3.083299014
L451D,-2.5588696002960205,-3.439177539
L451E,-2.031865358352661,-2.878812139
L451S,-0.5321896076202393,-2.524115873
L451G,-2.6674582958221436,-3.278725939
L451H,-1.0357697010040283,-3.1030220410000005
L451F,-0.6931235790252686,-2.742342474
D452V,-3.2128689289093018,-2.138835731
D452N,-1.010124921798706,-1.760150239
D452T,-2.672806978225708,-2.051165312
D452S,-2.3914647102355957,-0.6906095609999999
D452R,-3.453439950942993,-2.944269381
D452Q,-1.4948034286499023,-2.428058126
D452P,-5.671378135681152,-2.888299164
D452W,-8.202742576599121,-2.451681906
D452L,-4.296840667724609,-3.518894947
D452K,-2.167736530303955,-2.424555417
D452I,-3.7164905071258545,-1.7160876719999998
D452H,-3.0062711238861084,-2.386607235
D452G,-2.691164493560791,-2.458663015
D452F,-5.646822929382324,-2.289005249
D452E,0.17188310623168945,-2.280069724
D452A,-2.007516384124756,-1.617311718
D452Y,-4.317568778991699,-2.173981819
D452M,-4.724872589111328,-2.305333376
D452C,-6.65416145324707,-3.088845254
F453Y,-0.7878198623657227,-2.026189052
F453E,1.8864459991455078,-2.643092305
F453G,-1.1676406860351562,-1.971476574
F453H,-0.5221552848815918,-2.878802327
F453I,2.692836284637451,-2.194968493
F453K,0.44444751739501953,-3.135970632
F453L,1.9749679565429688,-1.496423101
F453M,0.5786857604980469,-1.971736969
F453N,-0.0450439453125,-3.0692087960000003
F453P,0.4029555320739746,-2.6243658080000003
F453Q,1.3646869659423828,-2.504195058
F453R,-0.1852116584777832,-3.566380816
F453S,0.6842947006225586,-2.342634767
F453T,1.5308363437652588,-2.869274898
F453V,2.4494853019714355,-2.9314515180000003
F453A,1.3113789558410645,-3.646575506
F453W,-0.8137903213500977,-1.386158758
F453C,-3.722113609313965,-2.540860194
F453D,0.47406625747680664,-2.793508154
H454C,-7.891701698303223,-3.14096907
H454F,-5.912537574768066,-2.672514778
H454G,-3.947967767715454,-3.07722055
H454I,-5.408407211303711,-2.777191035
H454K,-2.3626327514648438,-2.571963089
H454M,-5.470146179199219,-2.443565597
H454N,-1.5259480476379395,-3.016582135
H454E,-0.2238776683807373,-2.779327999
H454P,-7.219022750854492,-3.329714817
H454R,-2.9849131107330322,-3.128193839
H454S,-3.330561876296997,-3.1772126860000003
H454T,-3.772157907485962,-0.8959420220000001
H454V,-4.760268211364746,-3.316958215
H454W,-7.26798152923584,-2.96093183
H454Y,-3.3136065006256104,-2.688477159
H454A,-3.874826669692993,-3.392439018
H454Q,-0.5522360801696777,-2.552423666
H454D,-2.104041814804077,-2.841898647
H454L,-4.925426483154297,-2.970885037
D455Y,-7.518993854522705,-1.767282499
D455A,-6.073653697967529,-1.5741412030000002
D455E,-3.4125478267669678,-0.27732427
D455F,-8.803308486938477,-2.708877171
D455G,-5.211731433868408,-2.233332108
D455H,-6.7774338722229,-1.920758609
D455I,-8.154473304748535,-2.411701377
D455K,-6.607522964477539,-2.304477552
D455L,-8.131482124328613,-1.335621468
D455C,-10.316654205322266,-3.120530587
D455N,-3.8966455459594727,-1.693135715
D455P,-11.040168762207031,-2.864609202
D455Q,-6.8273725509643555,-2.1786473440000003
D455R,-7.941816806793213,-2.31817231
D455S,-5.8119306564331055,-1.249268752
D455T,-6.365312576293945,-1.902469582
D455V,-7.661179542541504,-1.914261952
D455W,-11.216950416564941,-2.170867776
D455M,-9.093280792236328,-1.542299731
L456S,1.4921982288360596,-1.061064146
L456R,0.14776992797851562,-0.396728077
L456Q,1.5887351036071777,-0.966548923
L456P,-0.3049962520599365,-2.680132947
L456N,0.7496905326843262,-0.620212585
L456M,-0.4345424175262451,-0.376912406
L456K,1.079507827758789,-0.808478664
L456E,2.8792314529418945,-1.170123653
L456H,-0.712059736251831,-0.163138304
L456G,-0.09115386009216309,-0.5530893
L456F,-1.628899335861206,-0.16210262
L456D,0.8786334991455078,-0.876650452
L456C,-4.101834297180176,-2.458762027
L456A,1.4610040187835693,-1.076442254
L456T,1.742302417755127,-0.236356629
L456I,0.031713008880615234,-0.707130831
L456V,0.6999006271362305,-1.087757953
L456Y,-1.1145665645599365,-1.10402262
L456W,-3.925682783126831,-1.784803752
N457C,-6.600938320159912,-3.396565888
N457Y,-2.8780407905578613,-3.269245205
N457W,-6.679996013641357,-3.220048124
N457V,-3.513181686401367,-3.2629879
N457T,-2.5849971771240234,-2.270233541
N457S,-2.1876063346862793,-2.654338654
N457R,-0.7640352249145508,-3.854185464
N457Q,0.9014483690261841,-0.8650913920000001
N457P,-4.489737033843994,-3.830551139
N457A,-3.0103650093078613,-2.252927541
N457L,-3.218606948852539,-2.8750847810000004
N457K,1.02639901638031,-1.894234782
N457I,-3.6252689361572266,-3.156398932
N457H,-0.5117940902709961,-2.809658896
N457G,-3.6701722145080566,-3.4970835210000004
N457F,-4.694083213806152,-3.2937551
N457E,-1.5996341705322266,-3.139087017
N457D,-3.341823101043701,-2.538206268
N457M,-3.7137985229492188,-1.565727396
V458D,-0.17083263397216797,-3.116359752
V458C,-3.280801773071289,-2.7847160630000003
V458A,-0.3361835479736328,-2.424439446
V458Y,-1.273974895477295,-3.19877153
V458W,-2.5430688858032227,-3.043688806
V458T,-0.3865065574645996,-2.837627557
V458R,-0.22011470794677734,-3.169253873
V458Q,1.8319252729415894,-1.45137563
V458P,-4.05588436126709,-2.905194499
V458N,-0.4068622589111328,-2.829244174
V458S,-0.7350130081176758,-2.733948785
V458L,-0.01516413688659668,-0.708674354
V458K,1.0111382007598877,-2.249686261
V458I,-0.5642738342285156,-0.629747456
V458H,-0.44148969650268555,-2.3934770380000003
V458G,-1.8749666213989258,-3.952126529
V458F,-2.2146248817443848,-3.1941626860000003
V458E,1.5869032144546509,-2.373495412
V458M,-0.08345842361450195,-1.954857434
K459H,-4.363491535186768,-2.045443428
K459G,-4.236688613891602,-2.414618921
K459F,-5.398248672485352,-3.261755366
K459A,-2.9110798835754395,-2.444301082
K459D,-4.752541542053223,-1.778713526
K459C,-8.254671096801758,-2.926222319
K459I,-2.70645809173584,-3.626498507
K459E,-3.149514675140381,-2.002105504
K459L,-3.2181336879730225,-2.598085619
K459S,-3.003030776977539,-3.417553674
K459N,-2.9455196857452393,-1.737522597
K459M,-3.985518217086792,-1.802912202
K459W,-7.28397798538208,-2.185072694
K459V,-2.4879961013793945,-3.476230327
K459T,-2.4912397861480713,-2.344552885
K459Y,-4.769556999206543,-2.471074821
K459R,-1.8824446201324463,-1.004416095
K459Q,-2.5484628677368164,-2.011603174
K459P,-5.938810348510742,-1.6939833619999998
N460Y,-1.6683588027954102,-2.391534227
N460W,-4.561375141143799,-2.1876988980000003
N460V,0.4064064025878906,-1.583046893
N460T,0.3269944190979004,-0.402738307
N460S,0.2656221389770508,-0.175916706
N460R,-1.237626075744629,-1.425070984
N460Q,-0.09467124938964844,-0.082593316
N460P,-2.225093364715576,-2.961931493
N460M,-0.8293695449829102,-1.27360579
N460L,0.6497082710266113,-2.649469938
N460K,0.33965539932250977,0.172893419
N460C,-4.664157390594482,-2.179124751
N460D,-0.5155036449432373,-1.3969773090000002
N460E,1.1519408226013184,-1.197243651
N460A,0.3674201965332031,-0.110018654
N460G,-1.0470361709594727,-1.547326524
N460H,-1.8477625846862793,-1.246873726
N460I,0.2653505802154541,-2.478407939
N460F,-1.4369869232177734,-2.788212674
L461N,-6.180805683135986,-2.717802005
L461V,-1.9345968961715698,-2.506811249
L461T,-4.45496940612793,-3.1432823310000004
L461S,-5.621140480041504,-3.092492727
L461R,-7.292411804199219,-3.166460155
L461Q,-6.505548477172852,-2.173139743
L461P,-7.695316791534424,-2.364281107
L461M,-2.3735830783843994,-2.443305481
L461F,-3.3383917808532715,-2.251521379
L461I,-1.4793806076049805,-0.444327656
L461H,-6.190132141113281,-2.656333127
L461G,-7.212491989135742,-3.459938304
L461Y,-5.306218147277832,-2.629494181
L461E,-6.8336992263793945,-2.726932798
L461D,-8.02877426147461,-2.798361475
L461C,-7.750701427459717,-2.9849077530000003
L461A,-4.43942928314209,-3.282138599
L461K,-6.791485786437988,-3.0100979160000003
L461W,-7.761752605438232,-2.608820506
Y462F,-0.29738473892211914,-0.812916505
Y462E,-3.809426784515381,-3.059057008
Y462W,-0.6464188098907471,-2.87674593
Y462V,-2.1117773056030273,-3.5057115810000004
Y462T,-3.2423043251037598,-3.595175319
Y462S,-3.74930477142334,-3.689905334
Y462R,-3.902493953704834,-2.703597261
Y462Q,-3.8599801063537598,-2.793948325
Y462P,-9.317150115966797,-3.192849649
Y462N,-2.279280662536621,-2.988248465
Y462M,-2.348914623260498,-2.704677392
Y462L,-1.3364993333816528,-3.236641992
Y462K,-3.9777464866638184,-2.702859474
Y462I,-1.4641591310501099,-1.957779749
Y462H,-1.6456581354141235,-2.4356750380000003
Y462G,-5.852478981018066,-3.391521923
Y462A,-4.100467205047607,-3.311180854
Y462D,-4.211678981781006,-2.5108687030000003
Y462C,-4.816413879394531,-2.86820749
E463N,-2.338059902191162,-0.526591826
E463K,-3.3606677055358887,-1.702938014
E463V,-4.168895721435547,-1.932826819
E463T,-3.4436631202697754,-0.7518486
E463S,-3.2624905109405518,-0.835155619
E463R,-4.972325325012207,-2.469205067
E463Q,-3.3581976890563965,-0.578047974
E463P,-7.324199676513672,-3.34802356
E463M,-4.822872638702393,-0.8937757470000001
E463W,-7.87825870513916,-1.7045498769999998
E463L,-3.9497079849243164,-2.491871719
E463I,-4.540653705596924,-2.025188427
E463H,-5.071812629699707,-1.833676344
E463G,-3.9854397773742676,-1.6241976969999998
E463F,-5.8917694091796875,-1.534379845
E463D,-0.46824342012405396,0.000964099
E463C,-8.531147003173828,-2.846178144
E463A,-3.8021230697631836,-1.518325581
E463Y,-5.066348552703857,-0.7086816140000001
K464A,-2.8719096183776855,-0.996099645
K464C,-7.154935836791992,-3.04829506
K464W,-6.713372230529785,-2.3408654330000003
K464T,-2.047828197479248,-1.617673679
K464S,-2.2445812225341797,-1.762750299
K464R,-1.6658793687820435,-1.0226834459999998
K464Q,-1.551287293434143,-1.149178434
K464P,-6.686244964599609,-2.702875994
K464N,-1.7569695711135864,-0.774304949
K464M,-3.070952892303467,-1.845732447
K464L,-1.6166149377822876,-2.594843041
K464I,-2.24800443649292,-1.889430895
K464H,-2.530466079711914,-2.107703174
K464G,-3.901470184326172,-1.000311426
K464F,-3.9300436973571777,-1.973475468
K464E,-1.7994664907455444,-0.951158638
K464D,-3.408851146697998,-2.0624552730000003
K464V,-2.668822765350342,-2.626595881
K464Y,-3.431548595428467,-2.2347334290000003
V465D,-11.932733535766602,-2.93364906
V465A,-4.8365702629089355,-1.244316805
V465E,-9.353560447692871,-2.496967362
V465Y,-6.387209892272949,-2.7852589560000003
V465W,-6.972563743591309,-2.711933306
V465T,-4.486364364624023,-0.807662833
V465S,-7.02744722366333,-2.187767163
V465R,-9.228042602539062,-3.23838386
V465Q,-7.589797019958496,-2.7174321010000004
V465P,-10.89228343963623,-2.818874434
V465N,-8.860138893127441,-2.712569086
V465M,-2.533614158630371,-2.093477923
V465L,-1.7846431732177734,-1.866988371
V465K,-9.1780424118042,-2.473795692
V465I,-0.39425039291381836,-1.937333408
V465H,-8.06610107421875,-2.600739567
V465G,-9.45265007019043,-3.354027657
V465F,-4.0358686447143555,-2.692992302
V465C,-7.801180839538574,-1.395550765
K466D,-3.439152240753174,-2.524471063
K466M,-2.8430418968200684,-2.071676594
K466P,-9.762615203857422,-2.681288141
K466W,-4.965823173522949,-2.020624641
K466C,-7.505870819091797,-1.765392234
K466V,-2.466794013977051,-2.926074304
K466T,-1.7941128015518188,-2.2977101490000003
K466S,-1.0577813386917114,-2.254193233
K466R,-0.2648944854736328,-0.782678836
K466Q,-1.2327593564987183,-1.877237834
K466A,-2.3654093742370605,-1.088106062
K466N,-1.8443878889083862,-1.6963657019999998
K466L,-2.6586480140686035,-2.681230262
K466I,-2.9589529037475586,-2.760084296
K466H,-3.257626533508301,-1.550988051
K466G,-4.37608003616333,-1.221228086
K466F,-5.276946067810059,-2.021875071
K466E,-1.5530773401260376,-2.108603482
K466Y,-4.610057830810547,-2.271105321
S467R,-1.4651546478271484,0.057271795
S467Y,-1.9569263458251953,-1.950385063
S467A,-0.7551631927490234,0.160532611
S467Q,-0.12679219245910645,-1.000510594
S467P,-1.5038833618164062,-2.545684977
S467N,0.18287944793701172,-0.574998518
S467M,-1.9426250457763672,-1.435304181
S467L,-0.10801100730895996,-1.2132225209999998
S467K,-0.28009700775146484,-0.198666842
S467T,-0.33173561096191406,0.030809414
S467I,-0.7149405479431152,-1.032848123
S467G,-1.0481278896331787,-0.1763255769999999
S467F,-1.6832599639892578,-2.7611747760000003
S467E,1.1321704387664795,-0.5904149129999999
S467D,0.4816741943359375,-0.910949066
S467C,-5.336605072021484,-1.153166141
S467W,-4.865415573120117,-1.42390417
S467H,-1.5609960556030273,-1.275412791
S467V,-0.8049452304840088,-0.033137238
Q468W,-6.23497200012207,-2.584402995
Q468Y,-2.318974018096924,-2.343060757
Q468V,-1.8590435981750488,-0.7288022009999999
Q468T,-1.0593986511230469,-0.937651444
Q468S,-0.3208131790161133,-0.14953586
Q468R,-0.14186930656433105,-0.256028706
Q468P,-3.847871780395508,-3.2300720760000003
Q468N,0.5113961696624756,-1.112238991
Q468M,-3.862605094909668,0.247882024
Q468L,-2.4666805267333984,0.10756385
Q468A,-1.8207297325134277,-0.711666193
Q468I,-2.536454200744629,-0.417153254
Q468H,0.23515558242797852,-1.795226353
Q468G,-1.8009605407714844,-2.19182072
Q468F,-3.549675941467285,-2.400527324
Q468E,-0.6484341621398926,-1.5727519369999998
Q468D,-1.3670995235443115,-2.200418532
Q468C,-6.783320426940918,0.022266034
Q468K,0.6427628993988037,-1.4201626719999998
L469C,-7.634669303894043,-2.836453651
L469D,-8.683151245117188,-2.990096793
L469E,-7.728404998779297,-3.197515917
L469F,-2.4929277896881104,-2.609185126
L469G,-7.801915168762207,-3.261912037
L469H,-5.763513565063477,-2.509455066
L469I,-1.9904346466064453,-1.132428818
L469K,-6.768355846405029,-3.3769222880000003
L469Q,-5.460195064544678,-2.699819044
L469N,-6.851917266845703,-2.898033546
L469P,-8.28583812713623,-2.520756865
L469R,-6.386868953704834,-3.631270469
L469S,-5.785041809082031,-2.451409632
L469T,-4.861312389373779,-2.2427196190000003
L469V,-2.4621450901031494,-1.797699876
L469A,-5.1530938148498535,-3.604283221
L469Y,-4.530773639678955,-3.188867538
L469M,-0.9243931770324707,-2.565395699
L469W,-2.1621482372283936,-2.571574072
K470W,-5.247721195220947,-0.580333227
K470V,-2.355407238006592,-1.522281262
K470S,-0.5808991193771362,-1.106163029
K470R,-1.0320109128952026,-0.247080251
K470Q,-0.4203890562057495,-0.60885046
K470P,-0.866472601890564,-2.642594326
K470N,-0.349331259727478,-0.066388475
K470M,-3.2803149223327637,-1.148748477
K470L,-2.6128597259521484,-1.159513363
K470I,-2.9444003105163574,-1.118004837
K470H,-1.6369813680648804,-1.355289239
K470G,-0.501789927482605,-0.579617376
K470F,-4.082594871520996,-0.752560695
K470E,-0.6053625345230103,-1.5807910580000002
K470D,-0.3635810613632202,-0.956380965
K470C,-7.6711859703063965,-2.09814335
K470A,-1.8200324773788452,-0.7142097540000001
K470T,-1.2390810251235962,-0.773829628
K470Y,-2.833263874053955,-1.63457342
N471A,0.2700488567352295,-1.207544526
N471F,-1.6967744827270508,-1.862099349
N471Y,-1.8337392807006836,-1.277227788
N471W,-3.6023683547973633,-0.780526115
N471V,-0.1925363540649414,-1.357267711
N471T,0.25377869606018066,-0.439334746
N471S,0.7622153759002686,-1.021738211
N471R,-1.4211955070495605,-1.863808139
N471E,0.322796106338501,-1.157326592
N471Q,-0.5723233222961426,-0.239852871
N471M,-1.6501374244689941,-1.39670402
N471L,-0.3882455825805664,-1.430875104
N471K,-0.512026309967041,-1.914643883
N471I,-0.7304306030273438,-2.7502042660000003
N471H,-1.8110074996948242,-2.366400867
N471G,1.44041109085083,-1.213013887
N471P,3.4271023273468018,-3.213211561
N471D,0.30780816078186035,-1.272378426
N471C,-4.50823974609375,-2.376388275
N472A,-1.1016817092895508,-2.305779074
N472Y,-3.372990131378174,-2.9645594460000004
N472W,-6.847626686096191,-3.012433749
N472V,-0.49929070472717285,-3.058948258
N472T,-0.4536466598510742,-2.016781156
N472S,-0.14832687377929688,-2.092614679
N472R,-2.1257619857788086,-4.1910032280000005
N472P,0.40673375129699707,-3.5369233280000003
N472M,-2.624176502227783,-2.709476266
N472Q,-0.6453056335449219,-3.19160537
N472K,-0.8094968795776367,-1.8350226000000005
N472I,-1.8227887153625488,-3.128607625
N472H,-1.814159870147705,-2.25991828
N472G,0.3170046806335449,-3.010051621
N472F,-3.831803321838379,-3.451811208
N472E,0.920678973197937,-3.410444178
N472D,0.522635817527771,-2.629098812
N472L,-2.775089740753174,-4.295570742
N472C,-5.88850212097168,-1.580368541
A473C,-3.619163990020752,-2.9576151260000003
A473E,0.19895219802856445,-2.832598817
A473F,-1.0072903633117676,-1.029226693
A473Y,-1.4123516082763672,-1.125560414
A473D,-0.3910646438598633,-2.680710243
A473W,-3.0899291038513184,-3.167325566
A473V,-0.3195657730102539,-1.274752424
A473T,0.70306396484375,-2.635663169
A473S,0.9255098104476929,-2.795395531
A473R,-0.3652610778808594,-3.126219305
A473Q,-0.054065704345703125,-3.2082916860000004
A473P,0.8219709396362305,-3.552632995
A473N,0.008072853088378906,-3.3395725830000003
A473M,-0.9280500411987305,-2.424053717
A473L,-0.09257364273071289,-3.461644198
A473K,0.24630379676818848,-3.035304552
A473I,-0.474226713180542,-3.245127767
A473H,-1.1192865371704102,-3.095804177
A473G,-0.01937103271484375,-1.383451486
K474M,-1.4648265838623047,0.8960307059999999
K474N,-0.7934074401855469,0.428323431
K474W,-2.362122058868408,-0.7859908390000001
K474T,0.05456066131591797,-2.162934322
K474S,0.06955432891845703,-3.265759687
K474Y,-0.8483190536499023,0.272393938
K474R,-1.0879888534545898,-0.0668688509999999
K474Q,-0.5865817070007324,0.181516377
K474A,-0.8246302604675293,0.226797081
K474C,-4.653963088989258,-1.657207514
K474D,-1.8116192817687988,-1.393417691
K474E,-1.21226167678833,0.7904175929999999
K474F,-0.6179375648498535,-0.151974393
K474P,1.0899399518966675,-2.206582545
K474H,-0.7710509300231934,-0.344502726
K474I,-0.6875805854797363,-0.6777785159999999
K474L,0.08530521392822266,0.221080465
K474V,-0.7296485900878906,-0.7209232240000001
K474G,-0.9361305236816406,-0.959670968
E475G,-0.534611701965332,-2.9407959010000004
E475C,-3.9088706970214844,-3.168525197
E475H,-2.111964702606201,-3.131390364
E475I,-0.6593761444091797,-1.149461453
E475K,-0.4824376106262207,-2.169413819
E475L,-0.011183500289916992,-2.385139137
E475M,-1.3892168998718262,-2.717999474
E475N,-0.4170713424682617,-1.4067303619999998
E475D,-0.3477463722229004,-1.4293063999999998
E475P,-0.13786792755126953,-1.426297278
E475R,-1.7810258865356445,-3.299270716
E475S,-0.057030439376831055,-2.108355251
E475T,-0.38628458976745605,-2.180448397
E475V,-0.7013034820556641,-1.051363504
E475W,-1.0657780170440674,-2.893369499
E475Y,-1.3777825832366943,-3.420624178
E475Q,-1.092966079711914,-1.83221751
E475F,-0.9315381050109863,-3.0278169860000004
E475A,-0.748438835144043,-1.858132713
I476E,1.5580906867980957,-1.606204226
I476A,0.8522920608520508,-1.129950056
I476C,-2.3184895515441895,-1.060772543
I476D,1.3679900169372559,-1.237689878
I476F,-0.742180347442627,-1.531642734
I476G,1.294888973236084,-1.88361122
I476H,0.1681504249572754,-0.7314952990000001
I476K,0.8493378162384033,-0.333916769
I476L,0.1952497959136963,0.006491517
I476N,1.791745901107788,-1.029706184
I476P,1.8747026920318604,-2.265741424
I476M,-0.8262019157409668,0.092612039
I476R,-0.19507360458374023,-0.8839475179999999
I476S,1.8170969486236572,-0.093860838
I476T,1.343888282775879,-0.228370283
I476V,0.08454036712646484,0.224604835
I476W,-3.47883939743042,-1.135545826
I476Y,-0.49335432052612305,-1.14846967
I476Q,0.5685029029846191,-0.556798074
G477C,-5.80887508392334,-2.325003407
G477I,-3.6409263610839844,-3.847152623
G477D,-0.907375693321228,-2.486324044
G477A,-2.052000045776367,-2.863247807
G477V,-3.0962576866149902,-2.922797205
G477E,-0.4113055467605591,-2.241871167
G477F,-4.653922080993652,-1.588042234
G477H,-2.7082953453063965,-1.938231046
G477K,-0.7130089998245239,-2.113158612
G477W,-6.899508476257324,-2.50277564
G477M,-4.44157075881958,-2.294280477
G477N,-0.904854416847229,-1.864961705
G477P,-0.7765334844589233,-2.73939619
G477Q,-1.6027532815933228,-2.071830982
G477Y,-3.890407085418701,-1.567320554
G477R,-1.9512444734573364,-1.837951882
G477S,-0.48606693744659424,-2.045151031
G477T,-1.576255202293396,-1.986300689
G477L,-3.369424819946289,-2.026261805
N478A,-0.805762767791748,-1.918729514
N478D,-0.25600576400756836,-1.91841822
N478G,-0.18586421012878418,-2.355954125
N478Y,-1.9265270233154297,-1.359181793
N478C,-4.402359962463379,-3.001165588
N478W,-4.471397399902344,-2.55180304
N478V,-1.7377681732177734,-3.064459074
N478T,-0.6391158103942871,-1.853995686
N478S,0.05277752876281738,-2.601519403
N478R,-0.854158878326416,-1.721313051
N478Q,0.031893253326416016,-1.977765516
N478P,1.0339354276657104,-3.438482354
N478M,-2.0922961235046387,-2.026593337
N478L,-0.7921950817108154,-2.0216661730000003
N478K,0.6133607625961304,-1.715015426
N478I,-1.9524598121643066,-2.190263222
N478H,-1.1049423217773438,-0.958026195
N478F,-2.509136199951172,-2.681075127
N478E,0.2123579978942871,-2.911433285
G479T,-3.5577034950256348,-3.109949681
G479W,-8.801902770996094,-2.006599858
G479R,-4.0026116371154785,-1.172654246
G479Q,-4.222553730010986,-1.7623024269999998
G479P,-4.631025314331055,-3.608668074
G479N,-2.7701430320739746,-2.250235041
G479V,-5.4763641357421875,-3.4516536060000003
G479L,-6.366914749145508,-1.171138865
G479K,-2.5789151191711426,-1.742364155
G479H,-4.968508243560791,-2.214366699
G479F,-7.387012004852295,-2.826538937
G479E,-3.324326992034912,-2.118432733
G479D,-3.1705641746520996,-2.641070154
G479C,-6.978976726531982,-2.224515272
G479A,-3.697234630584717,-3.387010522
G479I,-6.347865104675293,-1.825741092
G479S,-2.2697553634643555,-3.4817958680000003
G479M,-6.311614513397217,-1.953500892
G479Y,-6.368484973907471,-1.535825466
C480D,-9.785918235778809,-3.404129762
C480Y,-7.302262783050537,-2.387280268
C480W,-10.575628280639648,-2.2100169380000003
C480V,-8.784566879272461,-2.3955031000000004
C480T,-8.522080421447754,-3.237244547
C480S,-7.879629135131836,-3.386365354
C480R,-8.930623054504395,-1.044922656
C480Q,-10.418425559997559,-3.219267705
C480P,-9.428043365478516,-2.983699586
C480N,-8.823344230651855,-3.063979365
C480M,-10.462189674377441,-2.729038177
C480K,-8.933243751525879,-2.457877034
C480I,-8.650863647460938,-3.362417698
C480H,-9.701451301574707,-3.255595076
C480G,-8.432988166809082,-2.94414474
C480F,-8.352704048156738,-1.731395785
C480E,-10.083666801452637,-3.389121008
C480A,-8.829716682434082,-3.5316608210000004
C480L,-8.416559219360352,-2.964093047
F481A,-4.126956939697266,-3.534049491
F481M,-2.2720096111297607,-2.037745933
F481Y,1.2081844806671143,-1.731669696
F481W,-2.663347005844116,-3.163313821
F481V,-1.9645726680755615,-0.705660651
F481T,-4.020021438598633,-2.847646534
F481S,-3.8424365520477295,-2.290044985
F481Q,-4.608761787414551,-3.006341509
F481P,-5.3068342208862305,-2.9420062380000003
F481N,-4.493424415588379,-2.830536588
F481R,-4.542280197143555,-1.787999185
F481K,-4.25333309173584,-2.921414061
F481I,-1.5500237941741943,-2.62306841
F481H,-2.976949453353882,-2.343758142
F481G,-5.295165061950684,-2.770642855
F481E,-5.084295272827148,-2.963108909
F481D,-5.262347221374512,-2.649888539
F481C,-4.809378623962402,-2.102713592
F481L,-0.5454227924346924,-0.8036062709999999
E482L,-2.482250928878784,-0.500763279
E482S,-0.1793653964996338,-1.018776128
E482R,-0.5457756519317627,-1.142011455
E482Q,0.7120306491851807,-1.275424991
E482P,-2.8793580532073975,-2.547570603
E482N,-0.08762502670288086,-0.583937536
E482M,-2.991506338119507,-1.728718346
E482K,0.9370596408843994,-0.433908108
E482W,-5.47902774810791,-1.330403013
E482H,-0.9226474761962891,-1.86080871
E482G,-1.7121589183807373,-0.976287099
E482F,-4.393176078796387,-2.091788752
E482D,-0.5289592742919922,0.595033304
E482C,-5.5104570388793945,-2.811408394
E482A,-0.8527977466583252,-1.1540019259999998
E482T,-1.1427524089813232,-0.8495758379999999
E482Y,-3.044759511947632,-1.355045011
E482I,-3.7195241451263428,-0.906466187
E482V,-3.2932465076446533,-1.042648751
F483C,-5.491710662841797,-3.173400777
F483Y,-1.8507328033447266,-1.79610626
F483A,-2.8157272338867188,-3.89795049
F483W,-4.25706672668457,-3.123484688
F483V,0.8860878944396973,-2.423986382
F483T,-2.8761777877807617,-2.914386291
F483S,-4.154273986816406,-2.571248981
F483Q,-4.090141296386719,-1.682541866
F483P,-6.847800254821777,-1.973457828
F483N,-4.836356163024902,-2.946378927
F483R,-4.10842227935791,-3.331660427
F483L,2.581458806991577,-1.685196431
F483K,-3.638251304626465,-1.86332307
F483I,2.5005881786346436,-2.93711326
F483H,-4.30567741394043,-1.6713353640000002
F483G,-6.305539131164551,-3.135025682
F483E,-5.697235107421875,-2.784752024
F483D,-7.026710510253906,-2.471679
F483M,0.9288411140441895,-2.6186774390000003
Y484L,-5.172427177429199,-0.204463377
Y484S,-7.288112640380859,-3.219848789
Y484R,-8.207794189453125,-0.879765907
Y484Q,-8.425640106201172,-2.17946611
Y484P,-10.104158401489258,-2.86597138
Y484N,-7.676665782928467,-1.546181208
Y484M,-7.069998264312744,-0.669828269
Y484K,-7.589282989501953,-2.684743907
Y484V,-7.31709623336792,-3.160353525
Y484H,-6.181775093078613,-0.6977824709999999
Y484G,-8.45295524597168,-2.908743283
Y484F,-1.1378264427185059,-1.001839335
Y484E,-8.971105575561523,-2.49394544
Y484D,-9.002138137817383,-2.330192449
Y484W,-7.170627593994141,-1.047763029
Y484A,-8.347036361694336,-2.231471952
Y484I,-6.716274261474609,-2.492607672
Y484T,-8.508761405944824,-2.434536214
Y484C,-8.357150077819824,-1.815366426
H485I,-0.9778375625610352,-3.21430043
H485E,0.6039247512817383,-2.1123612830000003
H485F,-1.1732397079467773,-2.988805715
H485G,3.2690863609313965,-3.324749142
H485Y,-0.6984663009643555,-1.119770822
H485W,-0.37505149841308594,-3.2717036630000003
H485V,-0.24810791015625,-1.914740439
H485T,1.7798080444335938,-2.274050737
H485K,3.1344635486602783,-2.207438973
H485S,3.54927659034729,-3.202246429
H485Q,0.9676921367645264,-2.340292289
H485P,-0.7233724594116211,-2.352471655
H485N,1.8934581279754639,-2.6014388530000003
H485M,-0.4833049774169922,-2.901992388
H485L,0.11107635498046875,-2.561974515
H485C,-1.4969844818115234,-2.143604442
H485A,2.926767110824585,-2.540692776
H485R,2.310410499572754,-2.0116589030000003
H485D,-0.01925373077392578,-2.590483955
K486A,-2.218719959259033,-0.456769704
K486G,-2.940532684326172,-0.912756464
K486H,-2.4714813232421875,-1.155720841
K486I,-2.3803811073303223,0.053926195
K486L,-2.228837013244629,-0.458399864
K486N,-1.5889440774917603,-2.087655021
K486P,-3.882728099822998,-1.603411317
K486Q,-1.1539534330368042,-0.242833504
K486R,-1.4020065069198608,-0.49843503
K486S,-1.193423867225647,-0.387394633
K486T,-1.5077661275863647,-1.121623995
K486V,-2.429471492767334,-0.6967384870000001
K486W,-6.859426021575928,-2.7818418910000005
K486Y,-3.2932305335998535,-0.80219374
K486F,-3.776623249053955,-1.5110999530000002
K486E,-1.813029170036316,-0.979047744
K486M,-2.826472282409668,-1.200834752
K486D,-2.818903923034668,-0.69715269
K486C,-5.859217643737793,-1.755005673
C487A,-5.158900260925293,-3.130524107
C487Y,-5.082236289978027,-2.782904631
C487W,-8.55888557434082,-2.628078321
C487V,-4.886552810668945,-3.982311277
C487T,-5.414688587188721,-1.986642339
C487S,-4.9299726486206055,-2.283271022
C487R,-5.541362762451172,-2.256381072
C487Q,-6.247713088989258,-3.02926823
C487N,-4.457075119018555,-2.9957133110000003
C487M,-5.75297212600708,-3.098004348
C487P,-5.884815216064453,-3.631112321
C487K,-4.95371150970459,-3.318943703
C487D,-5.697817802429199,-3.000278825
C487I,-5.097620010375977,-3.482383228
C487H,-5.654968738555908,-3.251192402
C487G,-4.944431304931641,-2.991881897
C487F,-5.286839962005615,-2.954398593
C487E,-5.663427829742432,-2.353977862
C487L,-4.76678991317749,-3.123748199
D488K,-0.5303385257720947,-2.724548389
D488I,-4.696582794189453,-3.037299247
D488H,-2.9076194763183594,-1.959079897
D488E,0.6853303909301758,-2.342607797
D488F,-6.344178199768066,-3.2271139630000003
D488C,-8.04348087310791,-2.182340293
D488L,-4.398476600646973,-2.725805179
D488G,-1.2384655475616455,-2.159972752
D488M,-5.197493553161621,-2.638774589
D488R,-2.357203483581543,-0.942650473
D488P,-1.768052577972412,-0.955353046
D488N,-0.9668025970458984,-0.364779297
D488Y,-5.062280654907227,-1.340022714
D488W,-8.333273887634277,-2.693259239
D488A,-2.553765296936035,-1.96724632
D488T,-2.3075406551361084,-1.7860597319999998
D488S,-1.0993754863739014,-0.514136306
D488Q,-1.7138891220092773,-2.52674841
D488V,-3.914340019226074,-3.299562775
N489F,-1.1192870140075684,-2.760239738
N489G,-0.6406145095825195,-3.439275678
N489H,-0.7704453468322754,-2.511331232
N489I,0.47658848762512207,-2.86138208
N489K,1.0793640613555908,-2.77048083
N489L,0.7203726768493652,-3.598175439
N489M,-0.1337122917175293,-2.723909431
N489Q,0.4841771125793457,-1.538623068
N489R,0.16307687759399414,-3.750240989
N489T,0.36435437202453613,-1.3485573830000002
N489V,0.6342730522155762,-2.250634251
N489W,-4.103550910949707,-2.490778743
N489E,1.0277869701385498,-3.366440883
N489Y,-1.304825782775879,-2.882487019
N489P,1.042621374130249,-2.438596902
N489S,0.9406378269195557,-2.815897918
N489A,0.9242429733276367,-2.980812844
N489D,-0.42403697967529297,-1.866259455
N489C,-4.593001365661621,-2.72393306
E490D,-0.5246467590332031,-0.059601447
E490F,-3.230802059173584,-1.3717904930000002
E490G,-0.39171314239501953,-0.3928683670000001
E490H,-1.723625659942627,0.006310951
E490I,-1.4084429740905762,-0.151748329
E490K,1.1289149522781372,-1.277236757
E490L,-1.7893548011779785,-0.355117626
E490M,-2.530970573425293,-0.186364797
E490N,0.45648670196533203,0.666703129
E490P,-2.0905189514160156,-0.535302654
E490Q,-0.5179109573364258,-1.056195407
E490R,-0.79736328125,-0.284132598
E490S,0.2955303192138672,-0.413215236
E490T,-0.37019872665405273,-0.21662587
E490W,-6.24275541305542,-0.30267603
E490Y,-2.769990921020508,-1.305347038
E490C,-4.832151412963867,-1.4629607430000002
E490A,-0.6219730377197266,0.192886657
E490V,-0.6484031677246094,-0.6935999079999999
C491D,-10.107239723205566,-2.883500745
C491E,-10.535370826721191,-2.720505691
C491Y,-7.550791263580322,-2.301464034
C491W,-9.687776565551758,-2.031279689
C491A,-9.51987075805664,-3.195589665
C491V,-8.896878242492676,-3.265008163
C491S,-8.068248748779297,-2.876849907
C491R,-9.703964233398438,-3.321079382
C491Q,-10.894828796386719,-2.722146367
C491T,-8.874044418334961,-2.542722668
C491N,-9.2183837890625,-2.724757693
C491M,-10.663481712341309,-0.856138363
C491L,-8.531109809875488,-2.642840117
C491K,-9.876626014709473,-2.76863572
C491I,-8.655029296875,-2.55100087
C491H,-10.178058624267578,-2.68647651
C491G,-9.839529037475586,-2.8990046360000004
C491P,-11.394111633300781,-2.9424576210000004
C491F,-7.70437479019165,-2.320005704
M492G,-6.181417942047119,-3.4075222660000004
M492F,0.0807347297668457,-3.147711543
M492E,-5.703670024871826,-2.829482258
M492A,-3.428523063659668,-3.494783107
M492C,-5.678374767303467,-3.37739122
M492H,-4.482666492462158,-2.248278311
M492D,-7.452791690826416,-3.181677809
M492I,1.1549910306930542,-1.324186024
M492Q,-4.23182487487793,-1.00526404
M492L,2.4888405799865723,-2.198547295
M492K,-4.158408164978027,-2.401110511
M492V,-0.3237190246582031,-1.960038553
M492T,-3.859142780303955,-2.017704396
M492S,-3.991743564605713,-3.122814972
M492Y,-1.8018298149108887,-3.232364695
M492P,-5.301327228546143,-3.1338837139999995
M492N,-5.38623571395874,-2.80005556
M492R,-4.093946933746338,-3.75219791
M492W,-3.347743034362793,-3.233262955
E493N,-2.192392349243164,-0.641930708
E493Y,-4.403355598449707,-1.154588739
E493W,-6.837357521057129,-0.889034778
E493V,-2.6316404342651367,-1.739426869
E493T,-2.3779897689819336,-1.447135149
E493S,-2.2586123943328857,-0.446014304
E493R,-2.5120651721954346,-1.024455184
E493Q,-1.6953370571136475,-0.99560693
E493P,-6.228920936584473,-2.713156144
E493L,-2.170107841491699,-1.978747154
E493K,-1.0012562274932861,-1.225368642
E493I,-2.3579018115997314,-1.808189185
E493H,-3.8500773906707764,-0.254136323
E493G,-4.575625419616699,0.272338134
E493F,-4.807930946350098,-1.784407014
E493D,-1.8779070377349854,-0.147038216
E493C,-7.983747482299805,-1.918580179
E493A,-2.3096280097961426,0.022146712
E493M,-3.0852773189544678,-0.764311594
S494E,-2.1439435482025146,-0.477918009
S494F,-3.038944959640503,-1.878696869
S494G,-2.3553988933563232,-2.000642635
S494H,-2.1576669216156006,-0.7958283190000001
S494I,-1.8288147449493408,-2.11699893
S494K,-0.1730804443359375,-0.861069011
S494L,-1.6759328842163086,-2.211924069
S494Q,-1.8949575424194336,-0.96008769
S494N,0.6508114337921143,-0.588336357
S494P,-4.5164031982421875,-2.8846562330000003
S494A,0.17198586463928223,-0.437868972
S494R,-1.259310007095337,-0.8223000079999999
S494T,-1.1017754077911377,-0.227073139
S494V,-1.8548316955566406,-3.066566394
S494W,-6.324362754821777,-2.590844045
S494M,-2.2130038738250732,-0.78038301
S494D,-2.4858081340789795,-1.837786258
S494Y,-2.881971597671509,-2.777064809
S494C,-5.684233665466309,-1.898760289
V495C,-7.425700664520264,-2.803954109
V495T,-4.400209903717041,-2.842150882
V495S,-5.68745231628418,-1.666926722
V495R,-6.271443843841553,-2.0602959430000003
V495Q,-6.6194376945495605,-2.918763304
V495P,-9.126887321472168,-2.187101372
V495N,-7.074792385101318,-2.997822313
V495M,-1.2851358652114868,-2.642296385
V495L,-0.12298250198364258,-2.552809521
V495K,-5.809574604034424,-3.077480638
V495I,1.2205276489257812,-1.220866675
V495H,-6.368739604949951,-2.758555281
V495G,-8.79977035522461,-1.694150262
V495F,-1.6872197389602661,-3.0302984910000004
V495D,-10.381095886230469,-3.134630533
V495A,-3.8175392150878906,-2.300188738
V495E,-8.422159194946289,-2.771445642
V495Y,-3.1237754821777344,-2.487810509
V495W,-6.007724285125732,-2.9209124510000004
R496N,-3.789156913757324,-2.7188108410000003
R496F,-0.5103058815002441,-2.382673445
R496G,-5.307594299316406,-2.996317675
R496H,-3.397645950317383,-2.999242302
R496I,0.07040488719940186,-2.31365673
R496K,0.1768432855606079,0.015821684
R496L,0.5974904298782349,-3.2858457530000003
R496A,-1.613825798034668,-2.59102525
R496P,-7.815308570861816,-2.928800834
R496Q,-2.7716808319091797,-2.056843344
R496S,-2.820751190185547,-2.628849332
R496T,-2.5747203826904297,-2.658528232
R496V,-0.5864963531494141,-1.842267632
R496W,-3.4335179328918457,-2.932442365
R496Y,-1.5773286819458008,-2.539828071
R496E,-3.8799309730529785,-1.296876312
R496D,-6.6242170333862305,-2.488406137
R496M,-0.7436397075653076,-1.804148227
R496C,-6.5629072189331055,-2.032232175
N497A,-3.376696825027466,0.215833093
N497E,-3.473076105117798,0.417370633
N497F,-5.465398788452148,-0.144747873
N497C,-8.41535758972168,-0.7812607570000001
N497G,-4.695487976074219,0.3799280270000001
N497H,-3.961327314376831,-0.121442483
N497I,-4.766334056854248,0.909758504
N497K,-2.013115644454956,0.363397751
N497L,-3.69872784614563,0.121022045
N497D,-3.1060898303985596,-0.861607674
N497P,-7.99085807800293,-3.924626696
N497M,-4.871649742126465,0.951186984
N497Y,-4.664467811584473,-0.851539865
N497V,-5.302814483642578,0.14687274
N497W,-8.19577407836914,-1.820921764
N497S,-2.3153512477874756,0.732907207
N497R,-3.250257968902588,-0.200501389
N497Q,-3.7961127758026123,0.85607566
N497T,-2.8394691944122314,0.202972864
G498V,-5.592203140258789,-2.642125553
G498T,-5.4435553550720215,-1.895756219
G498N,-3.08819580078125,-1.551575146
G498S,-3.8713104724884033,-1.296264013
G498R,-3.667327404022217,-1.778273103
G498Q,-4.182730674743652,-1.751508411
G498P,-7.9877214431762695,-3.171168764
G498M,-5.536247253417969,-1.520015898
G498H,-4.4923014640808105,-1.561111189
G498K,-2.629046678543091,-2.173051605
G498I,-5.254819869995117,-2.053767447
G498F,-5.728723049163818,-2.517163618
G498E,-4.574578762054443,-1.446115283
G498D,-4.989083766937256,-1.836368208
G498A,-4.068765640258789,-1.191163714
G498W,-8.328119277954102,-1.982693774
G498L,-4.727219104766846,-2.273249915
G498C,-8.105929374694824,-3.0630467080000003
G498Y,-5.399378776550293,-1.625397479
T499Y,-3.254225492477417,-0.273691385
T499A,-2.6912834644317627,-0.700003679
T499D,-2.366471290588379,0.324447045
T499E,-1.4814984798431396,0.265035565
T499F,-3.648991346359253,-0.316271779
T499G,-3.675600290298462,-0.457400752
T499H,-2.8237321376800537,-1.028641003
T499I,-1.5762217044830322,0.8480549140000001
T499K,-0.016186237335205078,-0.014838663
T499C,-5.832089424133301,-0.192807656
T499M,-3.272834539413452,0.969233661
T499N,-1.4560396671295166,-1.173554671
T499P,-6.041078567504883,-2.39405111
T499Q,-2.1628363132476807,0.865398381
T499R,-1.773402214050293,-0.501386197
T499S,-1.200350284576416,0.623422174
T499W,-5.97744083404541,-1.286687933
T499V,-1.7381868362426758,0.753785653
T499L,-2.4169294834136963,0.5697474
Y500A,-2.5002245903015137,-3.403101088
Y500W,-3.9139232635498047,-1.726328429
Y500C,-5.707365989685059,-2.125214794
Y500D,-4.9105987548828125,-2.905983704
Y500E,-3.6322426795959473,-2.649425051
Y500F,0.25760555267333984,-2.448129936
Y500G,-3.889953136444092,-3.5959279810000004
Y500L,-0.8174190521240234,-1.816245328
Y500I,-0.626929521560669,-3.187870409
Y500K,-3.529071807861328,-2.941678057
Y500M,-2.5643270015716553,-2.13553312
Y500N,-4.25875186920166,-2.7424848180000003
Y500P,-4.41177225112915,-2.359847901
Y500Q,-4.772922039031982,-2.435972089
Y500S,-3.5041961669921875,-2.368035042
Y500T,-3.5852065086364746,-2.995081049
Y500H,-3.383188247680664,-2.251090273
Y500R,-4.453155517578125,-3.628992283
Y500V,-1.412898063659668,-3.530221678
D501W,-5.8917670249938965,-0.6925749459999999
D501E,-0.20514976978302002,-0.949902411
D501C,-4.819137096405029,-1.560220555
D501A,-1.4818350076675415,-0.482218323
D501F,-3.1953787803649902,-1.65697457
D501G,-2.1656951904296875,-2.191940867
D501H,-1.9002066850662231,-0.217945541
D501I,-0.8800121545791626,-1.04603077
D501K,0.18510890007019043,-0.090764172
D501Y,-2.843203544616699,-0.664550765
D501M,-2.8768973350524902,0.082281305
D501L,-1.8876463174819946,-0.628388965
D501S,-0.9189532995223999,0.435930495
D501V,-0.3428155183792114,-0.977059007
D501T,-0.7754591703414917,-1.15913495
D501Q,-1.0955320596694946,-1.097020344
D501P,-1.2506269216537476,-1.41366321
D501N,-0.6001349687576294,0.149137183
D501R,-1.6835843324661255,-0.933789853
Y502W,-2.390623092651367,-0.911642664
Y502P,-0.5832839012145996,-1.242863034
Y502V,-0.9012770652770996,-1.382050165
Y502T,-2.042900562286377,-1.330561604
Y502S,-1.5768260955810547,-1.473804309
Y502R,-1.4198646545410156,-1.83722656
Y502Q,-2.198333740234375,-1.346463863
Y502N,-2.166630268096924,-1.467588885
Y502I,-0.4231722354888916,-2.250426951
Y502L,0.30759191513061523,-1.037175386
Y502K,-1.1323275566101074,-2.487398294
Y502H,-1.2149286270141602,-0.29032454
Y502G,-2.0736823081970215,-0.720900194
Y502F,1.2478171586990356,-1.4536875580000002
Y502E,-2.2756223678588867,-1.621201591
Y502C,-4.764581203460693,-1.542765554
Y502A,-1.71856689453125,-0.570113097
Y502M,-1.575279712677002,-2.039728
Y502D,-2.4665560722351074,-1.995830907
P503E,1.467489242553711,-0.5480632529999999
P503N,0.9692246913909912,-1.088362396
P503Y,-1.0873937606811523,-1.422075117
P503W,-3.267780303955078,-1.445631722
P503V,0.5302696228027344,-0.750011022
P503T,1.1942138671875,-0.861453542
P503S,1.9400372505187988,-1.058106468
P503R,0.5434460639953613,-0.49710787
P503Q,0.6755218505859375,-1.884731922
P503C,-4.2506422996521,0.115101345
P503A,0.870551347732544,-0.8886174640000001
P503L,0.21081805229187012,-0.59148797
P503D,0.784670352935791,-1.025391372
P503K,2.0112314224243164,-0.595838264
P503I,0.07386207580566406,-0.144872004
P503H,-0.500277042388916,-0.690925777
P503G,0.34737324714660645,-0.970015432
P503F,-1.173344612121582,-0.51188381
P503M,-0.7302789688110352,-0.168651948
K504Y,-2.665450096130371,-0.377228216
K504W,-5.335756778717041,-1.49547599
K504C,-5.68247652053833,-2.07641324
K504A,-1.7640427350997925,-0.918810598
K504V,-1.3373368978500366,-1.116845346
K504T,-1.4405409097671509,-1.2005801109999998
K504S,-0.9270681142807007,-0.63122464
K504R,-1.8614622354507446,0.297000347
K504Q,-1.7659801244735718,-1.078418564
K504N,-0.9078582525253296,-1.692032715
K504P,-2.5707650184631348,-2.971030924
K504L,-1.9626468420028687,0.043504459
K504I,-1.6028741598129272,-1.091093301
K504H,-2.530856132507324,-0.480016391
K504G,-1.1558140516281128,-0.8306488590000001
K504F,-2.893035888671875,-0.856267639
K504E,-0.43371522426605225,-1.587750173
K504D,-0.4596761465072632,-1.833223473
K504M,-3.1413707733154297,-0.80913799
Y505C,-7.098120212554932,-2.270036222
Y505D,-3.135512590408325,-2.544443114
Y505E,-3.6603972911834717,-2.575346459
Y505F,-0.36729031801223755,-1.611069626
Y505G,-3.073523998260498,-3.265121953
Y505H,-1.477036476135254,-1.890794359
Y505I,-2.831756591796875,-1.930058697
Y505K,-3.615712881088257,-2.291878275
Y505P,-3.6775200366973877,-2.728113469
Y505M,-4.150875091552734,-2.077446394
Y505N,-2.9543633460998535,-2.202300524
Y505Q,-4.508848190307617,-1.435170847
Y505R,-4.711978435516357,-2.164982466
Y505S,-3.3033077716827393,-2.8930443230000003
Y505V,-3.761434316635132,-3.553240162
Y505W,-4.047785758972168,-1.323049382
Y505L,-2.283172607421875,-3.241951082
Y505T,-4.1815361976623535,-1.7244944519999998
Y505A,-4.128158092498779,-2.757219748
S506L,0.28359174728393555,0.7945709679999999
S506C,-4.313612937927246,-0.717629895
S506D,-0.027836322784423828,-2.14427245
S506E,0.3300490379333496,-0.249227002
S506F,-0.2060549259185791,-0.407818316
S506G,-0.9757084846496582,-0.743178832
S506H,-0.6607222557067871,0.552052302
S506I,0.23140668869018555,-0.599199712
S506K,0.38712382316589355,-1.009920278
S506M,-1.0966753959655762,-1.477662002
S506N,-0.0015463829040527344,-0.694791866
S506P,-1.1749968528747559,-1.702902626
S506Q,-0.5425972938537598,-0.603616831
S506R,-0.659827709197998,-0.708086137
S506T,-0.5030131340026855,-0.129022406
S506V,-0.054523468017578125,-0.345677003
S506W,-2.7378807067871094,0.470747988
S506Y,-0.027869224548339844,-0.080802116
S506A,-0.30602431297302246,0.302438117
E507A,-1.7777782678604126,-0.072090502
E507W,-4.324472427368164,-0.500464055
E507Y,-1.820222020149231,-0.861177031
E507C,-6.418498992919922,-0.7476320959999999
E507P,-2.063106060028076,-0.653706941
E507F,-2.1334409713745117,-0.5167806429999999
E507G,-1.6565669775009155,-0.10141387
E507H,-2.4835596084594727,-0.817915455
E507I,-1.8361486196517944,0.411892726
E507K,-0.32174909114837646,-0.464000267
E507L,-1.7539149522781372,0.332420236
E507M,-3.0677690505981445,-1.330826059
E507N,-1.3032432794570923,-1.234115054
E507Q,-1.781227707862854,-1.115982235
E507R,-1.8825558423995972,-0.227796088
E507S,-1.175111174583435,-0.702424663
E507T,-1.7357207536697388,-0.431253357
E507V,-1.8678776025772095,-0.505390107
E507D,-1.027941346168518,-0.323509799
E508V,-1.0097458362579346,-0.590837849
E508N,-0.9955623149871826,-1.954924122
E508Q,-1.1202466487884521,-0.4774639020000001
E508T,-1.2529988288879395,-1.206810554
E508M,-1.7866525650024414,-1.360960718
E508L,-0.5167851448059082,0.011591584
E508K,0.012539863586425781,-1.634616822
E508I,-0.5621814727783203,-0.342840575
E508H,-1.937319040298462,-1.713944764
E508G,-1.332395315170288,-1.947650794
E508P,-1.8078787326812744,-1.541021831
E508D,-0.07803940773010254,-0.450291614
E508C,-5.234227180480957,-1.607693821
E508A,-1.2284867763519287,0.386704305
E508R,-1.730539321899414,-2.569942029
E508S,-0.8788988590240479,-0.804550416
E508Y,-0.7151041030883789,-1.445421979
E508F,-1.1112830638885498,-0.620518815
E508W,-3.719644784927368,-1.112358229
S509Y,-0.8602986335754395,-2.242931768
S509W,-2.6764965057373047,-2.625137905
S509C,-4.229200839996338,-0.436191005
S509D,0.05901288986206055,-2.626623955
S509E,0.7100009918212891,-2.943222915
S509F,-0.9614171981811523,-2.53431851
S509G,-0.751591682434082,0.025305782
S509L,0.1751868724822998,0.35482758
S509I,0.12828516960144043,0.241635358
S509K,1.0259310007095337,-1.479223729
S509M,-0.6382875442504883,-0.8341473090000001
S509N,0.22825384140014648,-2.417536569
S509P,-1.13273286819458,-3.0623479710000003
S509R,0.3011317253112793,-1.255299053
S509H,-0.8130109310150146,-3.059728007
S509Q,-0.07065582275390625,-1.863659219
S509V,0.02240276336669922,-0.237805804
S509T,-0.5240893363952637,0.689917523
S509A,-0.19578838348388672,0.083397622
K510E,-0.8787697553634644,-0.190554441
K510Y,-1.255320429801941,-0.39682153
K510V,-1.2044686079025269,-0.04719403
K510T,-1.2593039274215698,-0.491300324
K510S,-0.6460987329483032,0.041670753
K510R,-0.951781153678894,-0.4824851570000001
K510Q,-1.2523554563522339,-0.458422302
K510P,-0.6571124792098999,-2.350144687
K510N,-0.7115386724472046,-0.191785258
K510L,-0.9619721174240112,-0.185309447
K510I,-1.0276254415512085,-0.527890574
K510H,-1.551202654838562,-0.230516443
K510G,-1.1685932874679565,-0.09841224
K510F,-1.4660776853561401,-0.215810443
K510D,-0.9520734548568726,-1.087975239
K510W,-3.790539264678955,-0.064529439
K510M,-2.549989700317383,-0.252803254
K510A,-1.4193881750106812,0.161596638
K510C,-4.265188217163086,-1.522923385
L511Y,-1.2187271118164062,-1.970231996
L511W,-2.628363609313965,-1.930888249
L511A,-0.7964329719543457,-0.6121417920000001
L511C,-4.54561185836792,-1.207613746
L511D,-1.1628844738006592,-2.146844346
L511E,0.1233053207397461,-1.149379634
L511F,-1.0247011184692383,-1.357693219
L511G,-1.162750005722046,-0.7284102290000001
L511H,-1.8046298027038574,-1.469199058
L511N,-0.6519818305969238,-1.108466487
L511K,0.48921632766723633,-1.399781058
L511V,-0.3284132480621338,-0.5956829889999999
L511M,-1.4562735557556152,-0.208231315
L511P,-1.2952418327331543,-1.060334666
L511T,-0.8156318664550781,-0.6977874959999999
L511Q,-0.7004432678222656,-1.635980879
L511R,-0.25333070755004883,-1.40037165
L511S,-0.5992431640625,-0.446968532
L511I,-0.060387611389160156,-1.467907668
N512Y,-1.375373125076294,-0.722736025
N512W,-3.4430124759674072,-1.282294625
N512V,-0.8952031135559082,-0.04085357
N512T,-0.6079936027526855,-0.57512991
N512S,-0.08072257041931152,-0.138371842
N512R,0.5517451763153076,0.09386104
N512Q,-0.5564544200897217,-0.042785971
N512K,1.3149752616882324,0.3582893479999999
N512M,-1.7352139949798584,-0.317443017
N512L,-0.36582064628601074,-0.56962679
N512I,-0.7874982357025146,0.982890468
N512H,-0.9135963916778564,-1.015332006
N512G,-1.1110858917236328,-0.706664095
N512F,-1.4182932376861572,-0.8161283159999999
N512E,-0.11298513412475586,-0.703447725
N512C,-5.522383689880371,-0.879631985
N512A,-0.6701600551605225,-0.516415993
N512P,0.9588725566864014,-2.016567458
N512D,-0.7565338611602783,-0.7780589520000001
R513L,-0.3163948059082031,-1.006125617
R513A,-1.280909538269043,-0.949882057
R513E,-1.1771104335784912,-1.388757326
R513F,-0.6974742412567139,-1.131888414
R513G,-1.3007032871246338,-2.033581044
R513H,-1.5614564418792725,-0.6929036690000001
R513I,-0.5063672065734863,-0.59268451
R513K,0.5948090553283691,-0.425165331
R513D,-1.6415996551513672,-1.58272633
R513M,-1.5944850444793701,-1.198959282
R513P,-1.3536376953125,-2.135658634
R513Q,-1.455909252166748,-0.743344665
R513S,-0.5345559120178223,-0.925479937
R513T,-1.0715503692626953,-0.982403433
R513V,-0.7658934593200684,-1.446746149
R513Y,-0.7918765544891357,-1.097352877
R513N,-0.8752391338348389,-1.248532425
R513C,-4.0324273109436035,-2.062876469
R513W,-3.0130128860473633,0.145274554
E514A,-0.6924796104431152,-1.467026673
E514C,-4.964853286743164,-2.55928413
E514Y,-0.8827309608459473,-1.35643176
E514W,-2.767409324645996,-2.00596001
E514V,-0.35660314559936523,-2.107523628
E514T,-0.6017017364501953,-0.7679224179999999
E514R,-1.3264999389648438,-0.117712228
E514Q,-0.6670031547546387,-1.38675637
E514P,0.8306671380996704,-1.118609945
E514N,-0.56947922706604,-0.555506779
E514S,-0.19195127487182617,-0.482035317
E514M,-1.5527567863464355,-0.986677906
E514L,-0.11734318733215332,-1.236101948
E514K,-0.6637754440307617,-1.188421647
E514D,-0.44011974334716797,-1.189076851
E514I,-0.354398250579834,0.462404651
E514H,-1.5701756477355957,-1.54807073
E514G,-0.9937517642974854,-0.923234597
E514F,-0.618654727935791,-1.196188615
K515P,-0.7138893604278564,-0.180009143
K515Q,-1.4287950992584229,-0.479801419
K515R,-0.6267783641815186,-0.948552567
K515V,-1.002112627029419,-0.014620187
K515T,-1.0378491878509521,-0.124762676
K515Y,-0.7806804180145264,-0.434660431
K515W,-2.7603347301483154,-1.333303363
K515N,-0.7638733386993408,0.8214920590000001
K515S,-0.547825813293457,-0.220365913
K515M,-2.0323307514190674,-0.305131112
K515G,-1.1498997211456299,0.112479246
K515I,-0.9076862335205078,-0.426765736
K515H,-1.225097417831421,-0.8602195109999999
K515F,-1.1093542575836182,-0.81212876
K515E,-0.4833643436431885,-0.633974555
K515D,-0.6695528030395508,-0.476948649
K515C,-4.837139129638672,-2.396001746
K515A,-1.4716312885284424,-0.74210357
K515L,-0.9063355922698975,-1.070777024
I516E,-1.0065102577209473,-2.560050958
I516F,0.2890663146972656,-3.770218293
I516G,-1.0543417930603027,-3.104259182
I516H,-1.274878978729248,-3.15592709
I516K,0.0477452278137207,-0.6934184940000001
I516L,0.3003559112548828,-1.56691602
I516Q,-1.3791217803955078,-2.907853819
I516N,-0.5434112548828125,-2.395486656
I516P,-1.629103183746338,-3.599113374
I516R,-0.3131883144378662,-2.853764703
I516T,-0.8185100555419922,-2.960842419
I516D,-1.2979297637939453,-3.134006458
I516S,-0.2077012062072754,-3.604167735
I516M,-1.1882591247558594,-2.01610635
I516C,-3.5410714149475098,-3.844408283
I516W,-0.9499735832214355,-3.04203421
I516Y,0.3605222702026367,-3.596873631
I516V,-0.3510291576385498,-0.435106464
I516A,-1.0509843826293945,-3.579751519
D517P,-1.2145836353302002,-1.391765053
D517W,-3.2338662147521973,-1.4566267590000002
D517V,-0.9605917930603027,-0.699608549
D517T,-0.49901628494262695,-0.495726824
D517S,0.28194093704223633,-0.016538642
D517R,-1.2823734283447266,0.03590959
D517Q,-0.6953039169311523,0.086088056
D517N,-0.12395000457763672,-1.280124311
D517M,-1.990903377532959,-0.599712989
D517L,-0.8609359264373779,-0.125339531
D517K,0.06015133857727051,0.013044542
D517I,-1.148819923400879,-0.648264328
D517H,-1.2450981140136719,-0.218527169
D517G,-0.45976758003234863,-0.609515707
D517F,-1.169914722442627,-0.430656426
D517E,0.5439897775650024,-0.977100655
D517C,-3.8807268142700195,-0.087421623
D517A,-0.7118396759033203,-0.474164414
D517Y,-0.9171843528747559,-0.292217722
G518K,-0.5874941349029541,-0.985116758
G518L,0.3051133155822754,-0.194977768
G518M,-0.8512473106384277,0.563008279
G518H,-0.7133064270019531,-0.084951173
G518S,0.42784690856933594,0.248837565
G518E,0.48500752449035645,-0.521017049
G518D,0.38492298126220703,-0.6256004629999999
G518N,0.013677597045898438,-0.229062899
G518C,-3.548466682434082,-3.450331222
G518A,-0.15816164016723633,0.401116559
G518F,0.708930253982544,-0.487885162
G518P,-0.024301528930664062,0.146352213
G518I,0.08170056343078613,0.634294156
G518T,0.269589900970459,0.46777148
G518V,0.28301000595092773,0.059357065
G518W,-1.698826789855957,-0.004094901
G518Y,0.6884622573852539,-0.525845482
G518Q,-0.893681526184082,0.550542361
G518R,-1.139251708984375,0.021552113
V519M,-0.704862117767334,-1.857498884
V519A,-1.7358407974243164,-1.216473271
V519C,-4.414891719818115,-2.975708839
V519D,-2.0081396102905273,-3.038382319
V519L,0.5893243551254272,-0.590107765
V519F,-0.13187646865844727,-1.628001814
V519H,-2.2480506896972656,-2.692477314
V519I,0.22066211700439453,-1.025644437
V519K,-0.777245283126831,-2.712898493
V519T,-1.2584562301635742,-1.139341088
V519S,-0.8649706840515137,-3.388443832
V519R,-1.2413489818572998,-1.938495879
V519Q,-1.8266944885253906,-2.272077698
V519P,-2.1881179809570312,-2.171684891
V519N,-1.5423541069030762,-2.512523047
V519G,-1.8274517059326172,-3.012550699
V519E,-1.206979751586914,-2.198056458
V519Y,-0.14693164825439453,-2.123630918
V519W,-0.1717076301574707,-2.917378391
K520W,-4.775882720947266,-1.084482716
K520V,-2.4248831272125244,-0.506967273
K520T,-1.5033214092254639,-0.533372773
K520S,-0.2616872787475586,-0.070253604
K520R,-1.3509399890899658,-0.093159051
K520Q,-1.729196310043335,-0.929836521
K520P,-2.01481556892395,-0.840115136
K520N,0.8126993179321289,-0.395071664
K520M,-3.7890284061431885,-0.50806167
K520Y,-2.0166828632354736,-1.537129305
K520I,-2.9266512393951416,-0.924649267
K520H,-1.777144193649292,0.985089826
K520G,-2.001797914505005,-1.450045516
K520F,-3.176621675491333,-1.319769075
K520E,-0.6652233600616455,0.856687175
K520D,1.3390929698944092,-0.69070454
K520C,-5.129498481750488,-2.248760179
K520A,-2.3284342288970947,-0.78426379
K520L,-2.819129228591919,-1.006666716
L521N,-2.489936351776123,-2.23114155
L521P,-1.9650640487670898,-2.361019124
L521T,-1.7176918983459473,0.034788715
L521R,-2.6708550453186035,-1.773117623
L521S,-1.928055763244629,-0.327297336
L521M,-1.4273581504821777,-0.301842652
L521Q,-2.618278980255127,0.064121973
L521K,-2.1006131172180176,-2.414868432
L521E,-1.5979976654052734,-2.173690793
L521H,-2.2806015014648438,-1.225702962
L521G,-2.6053428649902344,-1.600843849
L521F,0.632759690284729,-1.39050158
L521D,-2.4648561477661133,-2.599469974
L521C,-4.505679607391357,-2.715420887
L521A,-2.0597023963928223,-1.6770358319999998
L521Y,0.6845866441726685,-2.14773829
L521W,-1.1935243606567383,-1.10272161
L521I,0.11634469032287598,-0.177331746
L521V,-0.14983177185058594,0.371333758
E522W,-6.371947288513184,-0.540978731
E522K,-2.4704511165618896,-1.134571482
E522S,-1.7687418460845947,-0.5400660629999999
E522R,-3.766155481338501,-1.389415186
E522Q,-2.5688745975494385,-1.560845801
E522P,-2.463087320327759,-3.312925577
E522N,-1.7575359344482422,-1.008021385
E522M,-5.666219711303711,-1.308934344
E522L,-5.129541397094727,-0.525209495
E522T,-2.9124765396118164,-0.865638974
E522V,-4.541803359985352,-0.747696712
E522H,-3.0132696628570557,-1.813054433
E522G,-2.4355225563049316,-1.274142413
E522F,-4.999693870544434,-1.898911667
E522D,0.012414932250976562,-1.631570353
E522C,-7.383050918579102,-2.654416891
E522A,-3.6600077152252197,-0.640493604
E522Y,-3.4349186420440674,-1.336047073
E522I,-5.173803329467773,-2.896990766
S523Y,-0.8542449474334717,-0.714398688
S523W,-3.020781993865967,-1.472370979
S523C,-3.9860286712646484,-1.90397371
S523V,-2.477294921875,-0.469696135
S523T,-1.048828125,-0.7204564259999999
S523R,-0.9170503616333008,0.403153888
S523A,-2.030703067779541,-0.985120991
S523P,-1.4540185928344727,-0.091691792
S523N,0.18688011169433594,-1.492024472
S523M,-3.2733402252197266,-0.825562441
S523Q,-1.0867581367492676,-0.867725374
S523K,-0.06876516342163086,-0.401545086
S523I,-2.970330238342285,0.058025301
S523H,-0.5850830078125,-0.007978965
S523G,0.2604556083679199,-0.963851187
S523F,-2.526212215423584,-0.7137584220000001
S523E,0.43777763843536377,-1.1609346740000002
S523D,0.708527684211731,-0.177512123
S523L,-2.710078239440918,-1.100497461
M524C,-1.9870400428771973,-0.8279743270000001
M524D,0.12517023086547852,-0.730905165
M524E,0.1785285472869873,-0.893129115
M524F,1.0696122646331787,-1.514607895
M524G,0.36734580993652344,-0.602494961
M524H,-0.5403966903686523,-1.150983378
M524I,0.7843310832977295,-0.6655612670000001
M524L,1.3400547504425049,-0.22207903
M524K,0.72601318359375,-1.389760811
M524P,0.8201563358306885,-0.187300981
M524N,0.3540530204772949,-0.106744235
M524A,-0.091949462890625,-0.7265901229999999
M524W,-0.20045876502990723,-1.234719104
M524V,0.5967435836791992,0.111996076
M524Y,1.041529893875122,-1.061739864
M524S,0.9448070526123047,-0.726161079
M524R,-0.20654606819152832,-1.435752493
M524Q,-0.3679978847503662,0.1691684239999999
M524T,0.3749430179595947,-0.294935649
G525Y,-2.67985200881958,-1.256292414
G525W,-5.077165603637695,-1.823782074
G525V,-3.12949275970459,-1.759437619
G525T,-0.2574336528778076,-1.313440003
G525S,0.7969776391983032,-0.140700576
G525R,-2.260676860809326,-1.657262948
G525Q,-1.6688241958618164,-1.664505754
G525P,-0.20625019073486328,-0.158254928
G525M,-3.88663387298584,-1.835090364
G525L,-3.1084022521972656,-1.841455494
G525K,-1.0344653129577637,-2.007554137
G525H,-1.9418163299560547,-1.3566256719999998
G525F,-3.433603286743164,-0.834857582
G525E,0.10840940475463867,-1.197027736
G525D,1.1514853239059448,-0.270970394
G525C,-5.122430801391602,-1.715740205
G525A,-2.006272315979004,-1.3401843999999998
G525N,0.35257816314697266,-2.84333958
G525I,-3.413142681121826,-1.632847536
V526A,-0.3440816402435303,-0.396383282
V526C,-2.5533080101013184,-1.7667600490000002
V526Q,-0.9420533180236816,-0.897070853
V526Y,0.047921180725097656,-0.03068113
V526W,-0.22131657600402832,-0.333362035
V526T,0.7120327949523926,-1.1375826999999998
V526S,0.7753129005432129,-1.086370791
V526R,-1.084275722503662,-1.414069264
V526P,-0.06367731094360352,-0.126757475
V526N,0.3499274253845215,-0.908991214
V526M,-0.7925236225128174,-0.327338143
V526K,0.1104745864868164,-0.95545023
V526I,0.3660135269165039,0.132963962
V526H,-1.2849364280700684,-1.287784829
V526G,-0.22032690048217773,-1.060369729
V526F,0.26999711990356445,-0.561416068
V526E,-0.21288037300109863,-1.14847867
V526D,0.4058420658111572,-1.223073607
V526L,0.42894768714904785,0.113400565
Y527H,-1.7643451690673828,-0.497864885
Y527I,-0.9897823333740234,-0.874573595
Y527G,-0.01004171371459961,-1.228790532
Y527M,-1.4303929805755615,-1.153154021
Y527E,-1.1558098793029785,-0.8591682490000001
Y527D,-1.436537742614746,-2.113978658
Y527K,-0.30065393447875977,-2.633368378
Y527F,-0.03858780860900879,-0.582473645
Y527W,-0.7422976493835449,-1.051600795
Y527V,-0.8880372047424316,-0.726609437
Y527N,-1.1645112037658691,-2.2727809
Y527P,-1.3528144359588623,-1.6493524030000002
Y527Q,-1.6018054485321045,-1.7225558069999998
Y527R,-1.374678611755371,-1.7119037119999998
Y527S,-0.1845858097076416,-1.09689712
Y527T,-0.8912785053253174,-0.392268724
Y527A,-1.2613961696624756,-1.756361192
Y527L,-0.1102609634399414,-1.389870259
Y527C,-3.6066012382507324,-1.870242936
Q528C,-4.700203895568848,-2.241117836
Q528L,-2.4596941471099854,-1.66173637
Q528E,1.269880771636963,-0.398230111
Q528Y,-2.0194714069366455,-1.956514638
Q528W,-2.836125612258911,-1.0132003040000002
Q528V,-2.297373056411743,-0.75481054
Q528T,-0.8188157081604004,-1.109899751
Q528S,0.05215024948120117,-0.554331989
Q528R,-0.6131055355072021,-0.678143658
Q528D,1.4886646270751953,0.145637049
Q528P,-1.1873233318328857,-0.8135573970000001
Q528M,-2.9201853275299072,-1.0378228109999998
Q528K,-0.13887858390808105,-1.261615617
Q528I,-2.640151262283325,-1.662198983
Q528H,-0.6122341156005859,-0.286895146
Q528G,-0.14014554023742676,0.63100888
Q528F,-2.7987406253814697,-0.961101569
Q528N,-0.20617270469665527,-1.090139288
Q528A,-1.6102020740509033,-0.551423341
I529F,-1.0873057842254639,-0.460503082
I529A,-0.4518401622772217,-1.886612378
I529G,-0.1258387565612793,-1.4380715080000002
I529H,0.016605377197265625,-0.905262529
I529K,2.2887229919433594,-1.394225614
I529L,0.20154023170471191,-1.092147782
I529M,-0.3174436092376709,-0.7596755190000001
I529N,1.3325183391571045,-1.85253614
I529D,1.0393602848052979,-2.31964812
I529Q,1.3208510875701904,-1.150156565
I529R,1.0539376735687256,-2.45323617
I529S,1.194322109222412,-1.557687092
I529T,1.4337058067321777,-1.103534326
I529V,-0.03882789611816406,-1.361373863
I529W,-0.6756198406219482,-0.514634742
I529Y,0.29254603385925293,-1.177957768
I529E,0.9825658798217773,-2.331064635
I529P,-0.6700689792633057,-2.531894632
I529C,-2.289092779159546,-0.975302703
L530G,-1.2493085861206055,-4.093853235
L530Y,-1.1884489059448242,-2.836477038
L530W,-2.182645320892334,-2.509797311
L530V,0.4581730365753174,-3.185711564
L530T,-0.6553683280944824,-2.287364474
L530S,-1.1322503089904785,-3.702897
L530R,-3.2238097190856934,-2.769054525
L530F,-0.9259777069091797,-1.888649189
L530Q,-3.5657505989074707,-3.050204004
L530N,-3.1472983360290527,-3.472896679
L530M,-1.4286746978759766,-2.42751251
L530K,-2.9705910682678223,-2.627126503
L530I,0.36031055450439453,-2.611155617
L530H,-3.568528652191162,-3.1562309889999995
L530C,-3.4845499992370605,-1.811195041
L530D,-4.4306769371032715,-3.414657433
L530P,-2.79988431930542,-3.547320712
L530E,-3.6927151679992676,-2.668326008
L530A,0.12002241611480713,-2.1786492930000003
A531Q,-0.5709772109985352,-3.030271969
A531Y,-1.0723047256469727,-3.527421593
A531V,0.057672977447509766,-2.305285251
A531W,-1.140784740447998,-3.260969135
A531T,0.03780555725097656,-1.783846124
A531P,-2.358945369720459,-3.406813784
A531R,-0.8270363807678223,-3.729802385
A531C,-2.072542667388916,-2.005034263
A531D,-2.9646353721618652,-2.839447499
A531S,-0.014040470123291016,-1.202908607
A531F,-0.3619985580444336,-3.616878892
A531G,-0.03170490264892578,-2.180593866
A531H,-2.1527042388916016,-2.772353437
A531I,0.21402287483215332,-2.04424019
A531K,0.9659150838851929,-2.653965467
A531L,1.0052556991577148,-2.001456682
A531M,-0.19479632377624512,-2.952584772
A531N,-1.5745344161987305,-2.797976015
A531E,-1.3701205253601074,-2.562698851
I532P,-3.296158790588379,-2.180861347
I532Q,-2.498478412628174,-1.930828398
I532R,-2.938119411468506,-1.515894247
I532W,-2.6863150596618652,-1.658792771
I532T,-1.3372479677200317,-1.393846944
I532V,-0.6480964422225952,-1.77670825
I532S,-2.4716978073120117,-2.195508751
I532N,-3.038778781890869,-1.934092127
I532Y,-1.1118069887161255,-2.201471354
I532L,-0.15868628025054932,-1.754514085
I532M,-1.4969011545181274,-1.514853661
I532A,-2.455954074859619,-1.708037387
I532C,-4.104480743408203,-2.175000251
I532D,-3.4033594131469727,-2.241603551
I532K,-1.9414159059524536,-1.7363093319999998
I532F,-0.21911823749542236,-1.165182727
I532G,-3.0726494789123535,-1.443381381
I532H,-2.401522159576416,-1.067756919
I532E,-3.049619197845459,-1.723937904
Y533N,-2.3881983757019043,-1.513341871
Y533M,0.0658268928527832,-1.937829814
Y533L,1.9465036392211914,-1.692910395
Y533K,-3.1976242065429688,-2.226949668
Y533I,2.77891206741333,-2.217594847
Y533H,-3.5079917907714844,-1.2186643659999998
Y533F,1.2232038974761963,-1.863078368
Y533E,-3.7449493408203125,-1.669605189
Y533D,-4.558260917663574,-2.049355385
Y533A,2.0559778213500977,-1.674287967
Y533S,2.402656316757202,-1.932640881
Y533T,1.8546078205108643,-2.107281791
Y533R,-3.514578342437744,-2.358020864
Y533C,0.7101631164550781,-1.6451497380000002
Y533G,1.2214994430541992,-2.159027972
Y533W,-0.7199335098266602,-1.80510402
Y533V,3.104936122894287,-1.062180775
Y533Q,-3.4956507682800293,-1.984786909
Y533P,-1.7421183586120605,-2.0066460040000003
S534D,-6.210256576538086,-1.994621452
S534G,0.7723881006240845,-1.549154028
S534H,-5.272764205932617,-2.015193295
S534I,-0.009810447692871094,-1.22698719
S534K,-3.777966022491455,-1.773403014
S534L,0.5256108045578003,-1.228473984
S534M,-1.2724857330322266,-1.704540587
S534N,-4.018163204193115,-1.997744085
S534P,-5.049126148223877,-2.015949931
S534R,-4.676292896270752,-2.578582392
S534T,-0.6364521980285645,-1.706794247
S534V,-0.038280487060546875,-2.725653065
S534W,-2.5735788345336914,-1.728714412
S534Y,-2.285885810852051,-2.269675186
S534C,-1.7047762870788574,-1.905172618
S534Q,-4.1919145584106445,-1.090026956
S534A,0.08308696746826172,-1.776792193
S534E,-4.493331432342529,-1.14651103
S534F,0.020044326782226562,-2.296285339
T535E,-4.187155246734619,-1.292964847
T535F,-0.3596019744873047,-1.28770884
T535G,0.6567010879516602,-0.162476965
T535H,-4.166396617889404,-1.236853266
T535I,1.0931121110916138,-1.5773044
T535K,-1.9021096229553223,-0.559792474
T535L,0.4280862808227539,-1.627598621
T535M,-0.7147858142852783,-1.412188379
T535N,-3.322686195373535,-1.637295399
T535Q,-3.543717384338379,-2.029456664
T535R,-3.5594444274902344,-2.965480165
T535S,0.5757200717926025,-0.828086002
T535V,0.37905311584472656,-0.7699695870000001
T535W,-1.7976975440979004,-1.496057189
T535C,-0.8265280723571777,-0.811817157
T535A,0.4562673568725586,-1.05764633
T535Y,-1.0225677490234375,-2.435672385
T535P,-2.751924991607666,-1.206763034
T535D,-5.481780052185059,-1.94957747
V536W,-2.5101468563079834,-2.737154692
V536D,-8.613853454589844,-2.37744755
V536F,-1.7157139778137207,-1.092717165
V536G,-2.421786069869995,-2.819519128
V536H,-6.096098899841309,-2.115847039
V536I,0.19156765937805176,-1.139763018
V536K,-5.853793144226074,-4.012081773999999
V536L,-0.7715325355529785,-1.5548079890000002
V536M,-2.326087236404419,-2.612772754
V536N,-6.722156524658203,-1.329881803
V536P,-5.864828109741211,-4.4178090260000005
V536Q,-6.469548225402832,-3.999146434
V536C,-2.327361583709717,-1.213583402
V536R,-5.676113128662109,-3.973728487
V536S,-2.2748427391052246,-3.668477185
V536T,-2.1830272674560547,-1.7324565230000002
V536Y,-2.415717124938965,-3.129890993
V536A,-1.485856056213379,-1.2406222409999998
V536E,-7.598393440246582,-3.892839603
A537C,-1.8982014656066895,-1.659988695
A537R,-6.298267841339111,-4.104928161
A537Q,-6.103938579559326,-3.4179637260000004
A537P,-3.775890827178955,-4.0573811410000005
A537N,-5.522457599639893,-3.54913388
A537M,-1.1748104095458984,-2.315067758
A537L,1.0127347707748413,-2.323482418
A537K,-6.132923603057861,-3.547426633
A537I,1.0584450960159302,-2.12158166
A537H,-5.952552318572998,-3.1867225130000003
A537F,0.835962176322937,-4.034788123999999
A537E,-6.626089572906494,-3.538594048
A537D,-7.75429105758667,-2.812729175
A537W,-3.548691749572754,-3.4817727960000004
A537V,0.5916081666946411,-1.990812356
A537G,-0.29181957244873047,-3.268929332
A537Y,-2.282532215118408,-3.654360441
A537T,-0.44830942153930664,-1.568231811
A537S,-0.5694708824157715,-2.564190053
S538D,-6.5913238525390625,-1.173360649
S538E,-5.39384651184082,-3.537158739
S538F,0.9280920028686523,-3.5307864010000003
S538G,0.3594701290130615,-2.006345167
S538H,-5.676680564880371,-3.613291418
S538I,1.4147961139678955,-2.643816422
S538K,-5.379863739013672,-2.51298287
S538L,2.037781238555908,-1.5245973919999998
S538M,-0.015319347381591797,-2.823117509
S538N,-3.831005096435547,-1.439378417
S538P,-4.4384541511535645,-3.176539694
S538Q,-4.983720779418945,-2.827196347
S538R,-6.243139266967773,-3.193190284
S538T,-0.06288814544677734,-1.03294757
S538V,1.2126517295837402,-1.150998553
S538Y,-2.7457938194274902,-3.327794986
S538C,-0.7427473068237305,-1.650879536
S538A,0.24599027633666992,-0.709529812
S538W,-1.8763866424560547,-3.265885554
S539K,-6.704753875732422,-2.8590894330000003
S539D,-6.898301124572754,-3.002511152
S539E,-5.9730377197265625,-3.56983539
S539F,-0.7565064430236816,-3.197045287
S539G,-0.3152434825897217,-2.227155455
S539H,-6.146575927734375,-3.067191238
S539I,0.11698031425476074,-3.347459402
S539L,-0.22095322608947754,-1.838702551
S539M,-1.9351203441619873,-2.656283404
S539A,-0.6056404113769531,-1.290358921
S539N,-4.910510063171387,-2.7256549860000003
S539Q,-5.748968124389648,-3.003823474
S539R,-6.800824165344238,-3.699333005
S539T,-0.8648707866668701,-1.456699011
S539V,0.23999381065368652,-2.490694097
S539W,-3.427191972732544,-2.661135947
S539Y,-3.3266994953155518,-2.974563213
S539P,-2.448054075241089,-2.724807032
S539C,-1.0799829959869385,-2.626347617
L540C,-2.7280454635620117,-1.550584999
L540A,-1.9824306964874268,-0.699807851
L540N,-6.979361057281494,-2.556913994
L540W,-5.611852169036865,-1.131947107
L540Y,-4.8069963455200195,-1.4796298069999998
L540E,-8.141304016113281,-2.973722237
L540F,-1.1262538433074951,-0.219921584
L540G,-3.1431193351745605,-1.826254938
L540H,-7.427492618560791,-2.705219799
L540K,-8.448623657226562,-3.5282384560000004
L540M,-1.875324010848999,-0.660345473
L540I,-0.21387290954589844,-0.247191851
L540P,-5.777606964111328,-2.622524039
L540Q,-7.053948879241943,-2.192942691
L540R,-8.434730529785156,-1.81450378
L540S,-2.445713996887207,-0.68621436
L540T,-2.116577625274658,-0.710413782
L540V,-0.34134340286254883,-0.178864378
L540D,-9.345439910888672,-3.574773017
V541F,-0.1916213035583496,-0.846966606
V541T,-1.0710248947143555,-0.317931175
V541A,-0.7280912399291992,-1.93676248
V541C,-1.9459772109985352,-1.67327001
V541D,-8.066314697265625,-2.381345815
V541E,-6.8382649421691895,-2.640211711
V541G,-1.5064606666564941,-3.167548543
V541Q,-5.636363983154297,-2.579026341
V541I,0.30282628536224365,0.015313758
V541K,-7.177821636199951,-3.138902284
V541L,1.0473688840866089,-0.965230335
V541M,-1.0236830711364746,-1.326354173
V541N,-5.708954811096191,-2.643253075
V541P,-3.7737808227539062,-1.450048519
V541Y,-2.3114686012268066,-2.072245134
V541R,-7.3137526512146,-3.553451377
V541H,-5.965181827545166,-2.665436085
V541S,-1.2551116943359375,-3.158000482
V541W,-2.875199794769287,-0.996409048
L542V,-0.46270036697387695,-1.170689231
L542W,-5.317608833312988,-2.919320297
L542Y,-5.419407844543457,-0.962231947
L542S,-1.611078143119812,-1.303677661
L542R,-8.216873168945312,-3.438806549
L542Q,-7.025228023529053,-1.958550583
L542N,-6.403077125549316,-3.237930154
L542M,-2.0816330909729004,-0.109705587
L542K,-8.145816802978516,-2.468579455
L542P,-4.9247918128967285,-2.191371723
L542H,-7.645192623138428,-2.32111258
L542G,-1.1909674406051636,-1.260334437
L542F,-0.9251483678817749,-1.338524499
L542E,-7.491929531097412,-2.195027194
L542D,-8.086929321289062,-2.40252813
L542C,-2.494920253753662,-1.471109623
L542A,-0.8466013669967651,-0.715662406
L542I,-0.5241086483001709,-0.929073657
L542T,-1.4337271451950073,-0.609172221
L543H,-8.116776466369629,-2.686511792
L543A,-2.0038604736328125,0.455102561
L543C,-3.0468289852142334,-1.520662761
L543D,-8.625276565551758,-2.656676102
L543E,-8.13232421875,-3.053879169
L543F,-1.4058232307434082,-1.386148902
L543G,-2.786492347717285,-1.327043057
L543I,-0.6412794589996338,-0.70637305
L543M,-2.2168169021606445,-1.181701579
L543N,-7.309076309204102,-1.938876046
L543P,-5.56796932220459,-3.310275444
L543Q,-7.709298133850098,-2.990888258
L543R,-8.458248138427734,-3.581098641
L543S,-2.9071202278137207,-0.054557897
L543T,-2.557526111602783,-1.286483452
L543W,-6.034931182861328,-1.620136017
L543Y,-5.860039710998535,-1.22404153
L543K,-8.352153778076172,-0.556803278
L543V,-0.9278690814971924,-0.841535241
V544S,-0.5440223217010498,-2.000166072
V544A,-0.4517555236816406,-1.98707976
V544R,-7.110555171966553,-4.103695454
V544Q,-6.265380382537842,-3.521292254
V544P,-3.795060634613037,-3.366105437
V544N,-5.8065714836120605,-1.994555686
V544M,-1.3509197235107422,-2.505280527
V544L,0.740769624710083,-3.841928224
V544T,-0.9259083271026611,-1.6200713219999998
V544K,-7.101230144500732,-3.2809565010000004
V544H,-6.549371242523193,-3.442574908
V544G,-0.34942126274108887,-2.613682375
V544F,-0.264967679977417,-2.523696806
V544E,-7.158854961395264,-3.271065806
V544D,-7.916805744171143,-2.932675316
V544C,-1.500680923461914,-3.3920582410000004
V544I,0.5112311840057373,-2.562713013
V544Y,-3.20469331741333,-1.590055184
V544W,-3.9507031440734863,-1.77948369
S545K,-5.944987773895264,-3.10230168
S545D,-6.327224254608154,-0.605698315
S545E,-5.66012716293335,-3.279114525
S545F,-0.11865592002868652,-1.317133219
S545G,-0.2993617057800293,-3.808654356
S545H,-5.26113224029541,-2.332667385
S545I,1.1827459335327148,-3.771572903
S545C,-0.5330638885498047,-2.94719427
S545L,1.1659913063049316,-1.226853423
S545N,-4.206589698791504,-3.030493834
S545P,-3.1967225074768066,-1.663127099
S545Q,-4.892958641052246,-2.312333342
S545R,-6.107347011566162,-2.417248614
S545T,-0.10858154296875,-1.054650916
S545V,0.9204926490783691,-3.14623358
S545M,-0.7325809001922607,-2.674454762
S545W,-3.354762554168701,-2.576009738
S545A,0.0748755931854248,-1.562350981
S545Y,-2.649425983428955,-2.461417514
L546F,-1.2786999940872192,-2.174030931
L546G,-2.581033706665039,-3.549786462
L546H,-8.03872299194336,-3.774562802
L546I,-0.11416387557983398,-3.5946908110000004
L546K,-8.133828163146973,-4.106357931
L546M,-2.2903809547424316,-2.992963452
L546N,-7.349868297576904,-4.261621445
L546A,-1.9424177408218384,-3.22924845
L546C,-2.353910446166992,-3.595891786
L546Q,-7.79285192489624,-3.256271349
L546R,-8.28143310546875,-3.269774268
L546S,-2.814805030822754,-3.752697926
L546T,-2.50856876373291,-3.1129365160000004
L546V,-0.6979155540466309,-2.567623898
L546W,-5.625895023345947,-2.188346316
L546Y,-5.051477432250977,-1.823721413
L546E,-8.678808212280273,-3.903830048
L546P,-6.95255708694458,-2.749792204
L546D,-9.421869277954102,-2.707102266
G547C,-0.703303337097168,-3.61591253
G547Y,-2.6716489791870117,-3.386410843
G547W,-3.6874022483825684,-2.891388096
G547V,0.8159804344177246,-2.798523635
G547T,-0.10796833038330078,-1.694782101
G547R,-5.427479267120361,-2.762341253
G547Q,-5.248009204864502,-3.13957626
G547P,-2.4563241004943848,-3.785241261
G547N,-4.520811557769775,-3.227565349
G547S,-0.010438919067382812,-3.4470761710000004
G547L,1.3831793069839478,-3.546802378
G547M,-0.5545344352722168,-1.3983196759999998
G547E,-5.8924126625061035,-2.105595454
G547F,0.4976472854614258,-3.5093634560000004
G547D,-6.935862064361572,-3.260878375
G547I,1.3642700910568237,-3.350436492
G547K,-5.303493022918701,-3.1865251060000004
G547H,-5.421105861663818,-3.428535671
G547A,0.09314298629760742,-1.6975226140000002
A548K,-2.6222352981567383,-3.94813094
A548C,-0.4649162292480469,-3.191001329
A548D,-6.487818717956543,-3.478353285
A548E,-5.42264461517334,-2.758848851
A548F,0.7916836738586426,-3.946324988
A548G,-0.22976398468017578,-3.138344952
A548H,-3.866271495819092,-3.3222804960000003
A548I,1.1600431203842163,-4.0641942160000015
A548M,-0.3667569160461426,-3.342860737
A548L,1.2178643941879272,-4.204992169
A548N,-3.888615608215332,-3.802323002
A548W,-1.2639918327331543,-2.3583591
A548V,0.7873449325561523,-3.270135037
A548T,-0.5433402061462402,-2.212342532
A548Y,0.4984121322631836,-2.903268435
A548R,-2.75791597366333,-4.137353189
A548Q,-3.9978580474853516,-2.897346464
A548P,-3.3200368881225586,-4.429733226000001
A548S,-0.31902170181274414,-2.8824373910000003
I549N,-5.275524139404297,-2.473223457
I549V,-0.3264331817626953,-1.271423167
I549T,-1.9215269088745117,-2.341795721
I549S,-2.404953956604004,-2.2850906930000003
I549R,-4.951034069061279,-3.650426801
I549Q,-5.249232292175293,-3.172824935
I549P,-6.20659875869751,-3.761483716
I549M,-1.5061306953430176,-1.974694605
I549W,-1.9042363166809082,-2.19736214
I549K,-4.504125118255615,-3.318270877
I549H,-4.497844696044922,-1.100941538
I549G,-1.6575303077697754,-2.7906800080000003
I549E,-6.747437000274658,-3.246482242
I549D,-7.62976598739624,-2.9461221760000003
I549A,-1.428907871246338,-1.11656201
I549C,-1.2879366874694824,-1.178478158
I549L,0.6973234415054321,-0.772670955
I549F,0.4986838102340698,-2.190431225
I549Y,-0.2927827835083008,-2.609883835
S550Q,-4.05198860168457,-0.465796695
S550T,0.1451108455657959,-0.468240361
S550R,-2.912891149520874,-2.44925808
S550P,-3.190973997116089,-2.400784249
S550N,-3.62204909324646,-1.335357258
S550M,-0.5411453247070312,-0.670839989
S550L,1.4028799533843994,-0.147357867
S550K,-2.7506539821624756,-2.4274380730000003
S550I,1.4313921928405762,-1.6828273180000002
S550W,-1.0555446147918701,-1.749870796
S550H,-3.408350706100464,-2.468967884
S550Y,0.30653929710388184,-2.7427989960000003
S550F,0.7379870414733887,-1.04138733
S550E,-4.992620468139648,-2.25888811
S550D,-5.555037498474121,-2.453749466
S550C,0.08939051628112793,-0.295070408
S550A,0.42055201530456543,-0.53462844
S550G,0.7788279056549072,-0.159334272
S550V,1.0462734699249268,-1.248397693
F551A,-1.062701940536499,-0.888338982
F551Y,0.8695695400238037,-0.413790408
F551C,-1.321526050567627,-1.961828892
F551E,-5.135000705718994,-0.598120853
F551W,-0.41739797592163086,-1.7642000430000002
F551V,-0.5947179794311523,-0.096785207
F551T,-1.7262628078460693,-1.09771272
F551D,-5.356180667877197,-2.593934558
F551R,-2.3223204612731934,-3.716097943
F551Q,-3.6170496940612793,-1.237678599
F551P,-4.362727642059326,-2.135373224
F551S,-1.5680358409881592,-1.5389767840000002
F551M,-1.7380788326263428,-1.960473978
F551L,-0.35759925842285156,-0.770794786
F551K,-1.8308990001678467,-2.682959087
F551I,-0.5158710479736328,-0.5755922529999999
F551H,-2.5861382484436035,-1.72779698
F551G,-1.5099895000457764,-1.015801715
F551N,-3.7506422996520996,-1.446321884
W552I,0.3630638122558594,-1.4648850080000002
W552A,-0.19307923316955566,-1.823009539
W552C,0.8575961589813232,-2.068307819
W552D,-2.6290950775146484,-2.074620211
W552E,-2.288912773132324,-2.491534534
W552F,0.9556045532226562,-0.609605072
W552G,-1.0247364044189453,-1.698923117
W552H,-0.47693705558776855,-2.575794612
W552K,0.789921760559082,-2.536484812
W552Y,1.6399917602539062,-1.11398821
W552M,-0.0233001708984375,-1.086949456
W552N,-0.9563846588134766,-2.478354171
W552P,-3.1324148178100586,-3.30835338
W552Q,-0.6395266056060791,-1.949727207
W552R,0.15743207931518555,-2.630515113
W552S,0.0729677677154541,-2.830250488
W552T,-0.5692014694213867,-2.544781047
W552V,0.4016609191894531,-1.844717252
W552L,0.984410285949707,-2.387493441
M553F,0.8343658447265625,-2.487895558
M553G,-1.1956195831298828,-0.635390279
M553H,-0.980463981628418,-1.800303856
M553K,1.4897472858428955,-2.399828823
M553L,1.3938324451446533,-2.130509549
M553N,-1.2541112899780273,-2.215735088
M553S,-0.40328168869018555,-1.07956268
M553Q,-1.0284147262573242,-2.598759759
M553R,0.4335949420928955,-0.904124185
M553E,-2.6853809356689453,-2.7909620260000003
M553T,-0.803861141204834,-1.632478238
M553V,0.21479034423828125,-3.2204766680000003
M553W,-0.5409319400787354,-2.318804142
M553Y,1.1919238567352295,-3.520274479
M553P,-2.92611026763916,-3.2684480810000003
M553D,-3.616090774536133,-2.859673192
M553I,0.7758276462554932,-1.573448657
M553A,-0.18340778350830078,-0.644113504
M553C,0.9450721740722656,-3.189697982
C554E,-2.7644238471984863,-2.783440315
C554A,-0.5660052299499512,-0.906568558
C554Y,1.6776032447814941,-2.2937745940000003
C554W,0.12472987174987793,-1.870665147
C554V,0.10901021957397461,-0.6678588879999999
C554T,-0.8011214733123779,-1.770547029
C554S,-0.41252565383911133,-1.777127586
C554R,0.11976289749145508,-2.348713311
C554D,-3.2529478073120117,-2.538602899
C554P,-3.4925408363342285,-3.0812253760000003
C554Q,-1.4405274391174316,-1.821304482
C554G,-1.5904698371887207,-2.691744957
C554H,-0.4057140350341797,-2.690106548
C554I,0.6829018592834473,-0.28843138
C554F,0.9487099647521973,-1.44174242
C554L,0.8074502944946289,-0.744308118
C554M,-0.39807844161987305,-1.272781448
C554N,-1.082707405090332,-2.710185469
C554K,0.7510590553283691,-2.777097993
S555N,-1.0191154479980469,-1.371740501
S555W,-1.739008903503418,-0.907971547
S555V,-0.9251320362091064,-0.754834314
S555T,-0.5645990371704102,-0.931962486
S555R,1.4239439964294434,-1.423829374
S555Q,-0.3981363773345947,0.174781556
S555P,-2.615152359008789,-2.956368356
S555M,-1.3148832321166992,-0.543267489
S555G,-1.5967469215393066,-1.429803846
S555K,1.4225544929504395,-1.4822457830000002
S555I,-0.9522867202758789,-1.317748936
S555H,-1.3513708114624023,-1.254101937
S555F,-1.035578966140747,-1.365825371
S555E,-2.144010066986084,-0.175132028
S555D,-3.0131983757019043,-0.5560451120000001
S555C,-0.8810262680053711,-2.494184432
S555L,-0.5452077388763428,-0.621116486
S555A,-1.434061050415039,-0.317702164
S555Y,-0.8659219741821289,0.04962112
N556Y,-1.096846103668213,-0.049599754
N556C,-0.543269157409668,-2.386728427
N556D,-1.0610322952270508,-1.535484066
N556E,-0.9309525489807129,-2.498209821
N556F,-1.052140712738037,-2.340394875
N556G,0.20242691040039062,-2.996045671
N556H,-0.6592864990234375,-1.253321442
N556I,-0.834357738494873,-0.501777144
N556K,1.6751726865768433,-1.140202597
N556L,-0.46652746200561523,-0.882521853
N556M,-1.2015128135681152,-0.824066892
N556P,-0.7402896881103516,-3.795266551
N556Q,-0.17587709426879883,-2.201408421
N556R,1.4823309183120728,-1.450185593
N556S,0.7815389633178711,-0.864459595
N556T,0.09424519538879395,-0.7669838179999999
N556V,-0.6364421844482422,-0.623280767
N556W,-2.469964027404785,-1.838639369
N556A,-0.891448974609375,-1.968688207
G557Y,-0.38273143768310547,-3.292327695
G557W,-1.7391042709350586,-2.626786211
G557A,-1.03926420211792,-1.931083641
G557E,-1.058211326599121,-2.280093957
G557F,-0.33861875534057617,-2.728528412
G557H,-0.8335878849029541,-2.320636642
G557I,-0.43813085556030273,-3.623693103
G557K,1.0287684202194214,-2.217983167
G557L,-0.17661285400390625,-3.146483538
G557D,-1.1136445999145508,-2.414464749
G557M,-1.3740429878234863,-3.046598319
G557P,-0.5867242813110352,-3.879030968
G557Q,-0.6550986766815186,-1.152444508
G557R,0.9139101505279541,-2.09701069
G557S,0.40350866317749023,-2.753014453
G557T,-0.42763543128967285,-3.2950151460000003
G557V,-0.4856076240539551,-2.29699012
G557N,-0.06863164901733398,-1.546686941
G557C,-0.08369684219360352,-3.750300078
S558F,-0.6531035900115967,-0.725733559
S558C,-0.9357116222381592,-2.91071295
S558G,-0.600630521774292,-3.127515143
S558H,-1.15104079246521,-2.277977479
S558I,-0.35948967933654785,-1.646662228
S558K,1.0030571222305298,-2.62408707
S558L,-0.2208092212677002,-1.001541466
S558M,-1.4546053409576416,-1.5605371259999998
S558D,-1.3081562519073486,-3.039526894
S558P,-1.593299150466919,-2.932041225
S558Q,-0.713737964630127,-0.013244631
S558R,0.26213955879211426,-2.951671995
S558T,-0.5274288654327393,-0.520359151
S558V,-0.6723201274871826,-1.092462493
S558W,-1.6837742328643799,-2.482035825
S558Y,-0.6552412509918213,-1.732307117
S558A,-1.1763999462127686,-1.3421827830000002
S558E,-1.2270162105560303,-1.258965428
S558N,-0.2601654529571533,-1.705196356
L559N,-0.28235387802124023,-3.587966942
L559M,-1.5723881721496582,-2.090645565
L559W,-1.6457018852233887,-2.385610798
L559V,-0.6294360160827637,-1.086649717
L559T,-0.6610612869262695,-2.917998657
L559S,0.310727596282959,-3.422693887
L559R,0.4582393169403076,-4.068198113999999
L559Q,-0.9079079627990723,-1.358996663
L559Y,-0.8203258514404297,-3.2608642060000004
L559P,-0.9742281436920166,-3.861795709
L559I,-0.3541688919067383,-2.298089121
L559H,-1.1225218772888184,-3.186631598
L559G,-0.3211994171142578,-3.998145681000001
L559F,-0.33896899223327637,-2.511255877
L559E,-1.275843858718872,-3.556334337
L559D,-1.3114054203033447,-3.762494334
L559K,0.8092610836029053,-2.894107084
L559C,0.04923105239868164,-1.62949488
L559A,-1.056631326675415,-3.0151211630000003
Q560V,0.2769498825073242,-0.892374379
Q560D,-0.1462087631225586,-2.6940112810000003
Q560E,-0.36042308807373047,-2.004873846
Q560F,1.2861995697021484,-3.130189887
Q560G,0.39902162551879883,-1.6663145519999998
Q560H,-0.4269838333129883,-2.180117192
Q560I,0.9413115978240967,-2.863390351
Q560K,1.2416582107543945,-1.791128312
Q560A,-0.050313472747802734,-2.016250729
Q560L,1.4918808937072754,-2.278649332
Q560M,-0.22429800033569336,-0.999703629
Q560N,0.4612891674041748,-2.194865343
Q560P,0.7549319267272949,-2.0856422930000003
Q560R,1.046905279159546,-1.493707609
Q560S,1.063849925994873,-1.32194272
Q560T,0.12205100059509277,-1.341162934
Q560W,-0.656395435333252,-2.761878241
Q560Y,-0.15933990478515625,-2.962888843
Q560C,1.81265127658844,-2.435011825
C561A,-0.16654729843139648,-1.203494158
C561E,0.2481217384338379,-2.93529757
C561F,-0.5454158782958984,-0.8490093759999999
C561G,0.3563997745513916,-2.44425649
C561H,-0.14585113525390625,-2.680654832
C561I,-0.41326022148132324,-0.658088675
C561K,1.712388038635254,-2.733490472
C561L,0.12386393547058105,-0.9003393759999999
C561M,-0.9068241119384766,-1.777449708
C561N,0.8039336204528809,-2.577697128
C561P,0.19318056106567383,-3.4104567880000003
C561Q,0.5584335327148438,-1.959825973
C561R,1.565833330154419,-2.765992064
C561S,1.1787984371185303,-3.522392792
C561T,0.4513869285583496,-2.754928558
C561V,-0.35247230529785156,-0.890051215
C561D,-0.026908397674560547,-2.998912266
C561Y,-0.3729393482208252,-1.103042996
C561W,-1.5801482200622559,-1.872673887
R562W,-1.6247673034667969,-2.517415473
R562D,-1.326591968536377,-1.476919734
R562E,-1.5825433731079102,-1.444381546
R562F,0.1884927749633789,-2.391307537
R562G,-0.35948657989501953,-2.0313647880000003
R562H,-1.0229709148406982,-1.282169024
R562I,-0.026121139526367188,-1.481878795
R562K,0.2557854652404785,-1.223200534
R562Y,-0.7058792114257812,-2.489569948
R562A,-0.8885712623596191,-1.117207364
R562M,-1.2678890228271484,-0.973455295
R562N,-0.49454784393310547,-1.409020589
R562P,0.3921809196472168,-3.229736275
R562Q,-0.9496190547943115,-0.803022128
R562S,0.12767529487609863,-1.166756453
R562T,-0.6868114471435547,-0.623063319
R562V,-0.5372812747955322,-1.482954528
R562L,0.49771833419799805,-1.313707339
R562C,0.948695182800293,-2.629126283
I563A,-0.6537528038024902,-0.80259052
I563E,-1.020899772644043,-2.294879759
I563Y,-0.41591691970825195,-3.204736145
I563W,-1.5777740478515625,-2.888779094
I563V,-0.4044761657714844,-1.429578139
I563T,-0.14522361755371094,-2.903775609
I563S,0.5593504905700684,-3.510843244
I563R,0.904545783996582,-4.052399337
I563Q,-0.49862241744995117,-3.064223028
I563P,-0.2193765640258789,-3.246065038
I563N,0.1473240852355957,-3.203552949
I563M,-0.9281516075134277,-2.007145038
I563L,0.29943180084228516,-1.502142285
I563K,1.2556604146957397,-2.878846949
I563H,-0.45556044578552246,-3.12698284
I563G,0.06163930892944336,-3.698272566
I563F,-0.029769420623779297,-2.437890868
I563D,-0.9171481132507324,-3.006620471
I563C,0.7752370834350586,-2.797860993
C564L,-0.1240549087524414,-2.177266099
C564E,-1.0898106098175049,-2.602962528
C564D,-0.9944055080413818,-2.616149146
C564Y,-0.6647815704345703,-2.264988222
C564W,-1.7694759368896484,-2.224764652
C564V,-0.8523564338684082,-2.712160702
C564T,-0.7917494773864746,-2.29667313
C564S,-0.10321617126464844,-2.371909777
C564R,0.16712379455566406,-3.054364332
C564Q,-0.7833647727966309,-2.74295985
C564A,-1.1665019989013672,-2.57652151
C564N,-0.17815876007080078,-1.008129641
C564M,-1.7325096130371094,-2.208959688
C564K,0.33987998962402344,-2.8164862260000003
C564I,-0.3791811466217041,-1.696602435
C564H,-0.9109897613525391,-1.939654474
C564G,-0.7508425712585449,-2.5071487130000003
C564F,-0.4768977165222168,-1.823045094
C564P,-0.1299738883972168,-3.01665515
I565A,-0.5688519477844238,-1.975020473
I565C,0.11084699630737305,-1.857298001
I565D,-0.48388218879699707,-2.64714909
I565E,-0.5054569244384766,-2.940657932
I565F,0.27489781379699707,-1.847277948
I565G,0.17887639999389648,-3.745073018
I565H,-0.22332000732421875,-2.959293397
I565K,1.1609197854995728,-3.255209691
I565P,-0.2895691394805908,-3.674898485
I565M,-0.9650454521179199,-1.619502029
I565N,0.1500687599182129,-2.495941162
I565Q,-0.16970086097717285,-2.760510636
I565R,0.8958606719970703,-3.828151919
I565S,0.6834912300109863,-3.3006958710000003
I565T,-0.2561929225921631,-1.935653437
I565W,-1.245987892150879,-1.995298104
I565Y,-0.13557100296020508,-1.829796004
I565L,0.32915329933166504,-0.099093297
I565V,-0.12471485137939453,-1.414367029
