mutant,carp_640M_score,DMS_score
E2M,-4.104276657104492,0.5415139735
E2L,-3.8381741046905518,0.1143308855
E2Y,-5.503974914550781,-0.615963594
E2W,-6.43593692779541,0.7818950004999999
E2V,-2.668137550354004,0.2333297835
E2T,-1.7853732109069824,-0.467227773
E2R,-4.392675399780273,0.2194975435
E2Q,-3.4577524662017822,-0.010520799
E2P,-2.4531123638153076,-0.267621198
E2S,-0.9866905212402344,0.680549318
E2A,-0.24229168891906738,0.93903655
E2C,-4.852572441101074,-0.233255675
E2D,-1.567638635635376,-0.334302133
E2F,-5.2373151779174805,0.5251518345
E2G,-2.506031036376953,0.805656412
E2H,-5.019025802612305,0.6834407805
E2I,-4.350374221801758,0.1946396445
E2N,-3.266923666000366,-1.339753931
E2K,-3.4539763927459717,0.666883045
T3I,-1.4421350955963135,0.198268331
T3H,-1.9939916133880615,0.1066555865
T3G,-1.450012445449829,0.494906421
T3D,-1.2808058261871338,0.720156838
T3E,-0.855017900466919,1.1506602705
T3K,0.5366647243499756,0.7322985295000001
T3F,-2.498769521713257,0.3662840715
T3L,0.36817359924316406,0.8601233305
T3Y,-3.0985777378082275,1.075382848
T3N,-0.5538280010223389,0.4881011325
T3P,-2.0971596240997314,1.346584935
T3Q,-1.1331450939178467,0.813479746
T3R,0.11988306045532227,0.970282048
T3V,-1.157392978668213,0.8358873
T3W,-4.626986503601074,0.6314575029999999
T3C,-2.9999101161956787,0.6473380025
T3M,-0.7336313724517822,0.7289756759999999
T3A,-1.0822501182556152,0.4736234225
T3S,-0.33652687072753906,0.2363254615
T4S,-0.6944719552993774,0.7158290855
T4A,-0.9684852361679077,0.443885961
T4C,-3.194995880126953,0.708015829
T4D,-1.9108396768569946,0.8255400890000001
T4E,-0.4451524019241333,0.95354216
T4F,-2.6047282218933105,0.6862251645
T4G,-2.5533008575439453,1.2402504905
T4H,-2.1428489685058594,-1.3648739655000002
T4I,-1.197616457939148,0.2377517105
T4K,-0.9747120141983032,1.0894145205
T4L,-0.9960430860519409,0.7817914534999999
T4M,-2.454983711242676,0.853863721
T4N,-2.024982452392578,0.013738711
T4P,-2.714390277862549,0.433765107
T4Q,0.2990492582321167,0.142503349
T4R,-1.5830823183059692,0.6694943795
T4V,-0.35682928562164307,0.875631872
T4W,-4.703024864196777,1.002343477
T4Y,-3.007279396057129,0.655389801
P5H,-1.6730835437774658,0.1889620055
P5E,0.4048502445220947,1.8728175105
P5D,-0.8970403671264648,1.8710870925
P5C,-2.373288154602051,0.963189151
P5A,-0.2542538642883301,1.0326296245
P5F,-2.59995174407959,1.59645703
P5G,-0.9961719512939453,1.4976501605
P5I,-1.5982160568237305,0.521695638
P5L,-1.044074296951294,1.002138224
P5M,-2.2713260650634766,0.7603294334999999
P5N,-0.9211935997009277,1.2209039805
P5Q,-0.6185815334320068,1.4756360365
P5R,-0.6832771301269531,0.7265780155
P5S,-0.11325359344482422,0.9956523105
P5T,-0.555548906326294,-0.1245346115
P5V,-0.9876925945281982,1.530993433
P5W,-4.589407920837402,0.7229046925
P5Y,-2.5262770652770996,1.3658832145
P5K,0.08573698997497559,0.4639818015
L6G,-0.971327543258667,1.257372661
L6M,-2.180532693862915,-0.1746902885
L6K,-1.2862749099731445,0.656210038
L6I,-1.689514398574829,-0.569304835
L6F,-2.787813425064087,0.22620353
L6E,-0.24238872528076172,1.5013974444999998
L6D,-1.1005661487579346,0.7996261579999999
L6A,-1.1496398448944092,1.5033590165
L6Q,-1.0445492267608643,0.0738595505
L6R,-1.3391482830047607,1.327785003
L6S,-0.29942846298217773,1.157139689
L6T,-0.8230018615722656,1.09140696
L6V,-1.0414021015167236,0.7887281279999999
L6W,-4.307781219482422,1.3248584325
L6Y,-3.1133110523223877,0.0618228715
L6H,-2.37380051612854,-1.108405791
L6N,-1.0680201053619385,1.3245536165
L6C,-2.610595941543579,0.554890571
L6P,-1.1260898113250732,0.4962193085
N7V,1.6067099571228027,0.9641320295
N7W,-2.670416831970215,0.9614706985
N7Y,-1.3500051498413086,0.815280545
N7A,0.041313886642456055,0.8750829990000001
N7E,-0.9117536544799805,1.2012818605
N7F,-0.915611743927002,0.5600095615
N7G,-0.8454632759094238,0.931299694
N7H,-0.3912181854248047,-0.7882922375
N7I,1.9568027257919312,-0.175981489
N7K,0.29468846321105957,1.5098665880000002
N7C,-0.6026639938354492,0.7550970690000001
N7D,-1.036722183227539,0.8625573990000001
N7L,2.740253210067749,-0.103469512
N7M,0.48071742057800293,0.7597359754999999
N7P,-0.7106113433837891,1.3940682485
N7Q,0.018697738647460938,1.6195845325
N7R,-0.06920766830444336,1.502698821
N7S,0.3345036506652832,0.5781614365
N7T,0.6268982887268066,0.7825606509999999
S8R,-1.4750875234603882,0.530847737
S8T,-0.4559580087661743,1.3128263245
S8V,-1.2237032651901245,1.1474977765
S8W,-4.895320892333984,1.3338282675
S8Y,-2.7764639854431152,0.950122597
S8N,-0.604915976524353,0.337150409
S8M,-2.623727321624756,0.696826395
S8L,-1.2291415929794312,1.3013672235
S8D,-0.8900827169418335,0.7498628525
S8Q,-0.348549485206604,0.9228134
S8A,-0.9558109045028687,1.0339811525
S8I,-1.5104893445968628,0.3357829245
S8H,-1.5417035818099976,2.007563825
S8G,-0.5686200857162476,1.098658094
S8F,-2.744365692138672,1.593801218
S8E,-0.24816882610321045,1.2708690565
S8C,-2.628988742828369,0.9746515765
S8K,-0.9039243459701538,0.8095659620000001
S8P,-1.1294573545455933,1.140109386
Q9L,-0.49692392349243164,0.7007428615000001
Q9Y,-1.2612690925598145,0.707567646
Q9W,-2.4807400703430176,1.00189029
Q9V,0.0046863555908203125,1.278458222
Q9T,0.3941612243652344,1.2147589315
Q9S,0.8525195121765137,1.0128647445
Q9R,-0.2523229122161865,0.6580119805
Q9P,-0.5383315086364746,0.580685122
Q9N,0.3308587074279785,0.637526612
Q9K,0.2804744243621826,-0.321063766
Q9M,-1.431809902191162,1.3722802565
Q9H,-0.8637077808380127,-1.0511158040000002
Q9G,-0.26487207412719727,1.186533357
Q9F,-0.9220476150512695,0.6335339945
Q9E,0.5429322719573975,1.3220277455
Q9D,-0.46706676483154297,1.0009272945
Q9C,-1.6672472953796387,0.345543815
Q9A,-0.3660449981689453,0.8729858785
Q9I,-0.8822178840637207,0.79962294
K10R,-0.6224700212478638,0.971625211
K10V,-1.1109591722488403,1.185362431
K10T,-0.7107018232345581,0.3247530785
K10S,-0.4401623010635376,0.8925473134999999
K10W,-4.344183921813965,0.614584551
K10Y,-2.8738770484924316,1.352498495
K10A,-1.2192271947860718,1.3339541145
K10P,-0.9248398542404175,1.5525634915000002
K10C,-2.625016212463379,0.2642341545
K10D,-1.3327022790908813,1.193513337
K10E,-0.7933748960494995,0.918002857
K10F,-3.3568782806396484,0.41854754
K10N,-1.2565709352493286,0.0041874515
K10G,-1.3166476488113403,0.993563926
K10H,-1.3513623476028442,0.741802415
K10I,-1.9831081628799438,1.570553532
K10L,-1.7512964010238647,1.0546245695
K10M,-2.999744415283203,0.862771993
K10Q,-0.4744001626968384,0.004088115
Q11D,0.2755162715911865,1.514890985
Q11S,1.2378711700439453,0.7886325815
Q11R,-0.3921825885772705,0.972263215
Q11N,0.33109521865844727,0.6684365605
Q11M,-1.4930498600006104,1.0941770075
Q11L,0.013686418533325195,0.117645239
Q11K,0.34863877296447754,0.4982086015
Q11I,-0.8853912353515625,0.6843974175
Q11G,-0.006689548492431641,0.8950516955
Q11F,-1.7392103672027588,0.42312344
Q11E,0.32831430435180664,2.0839277775
Q11Y,-1.182863473892212,0.7863117325
Q11W,-3.1502678394317627,0.9220062745
Q11V,-0.21773409843444824,0.8923304965000001
Q11T,0.4731142520904541,1.575763679
Q11C,-0.9978382587432861,1.081407264
Q11P,0.6309549808502197,-0.310126406
Q11A,0.2639601230621338,1.269450041
Q11H,-0.7885375022888184,0.620802133
L12Y,-0.6002123355865479,0.7805079509999999
L12A,-0.23661279678344727,0.576640845
L12C,-1.4834957122802734,1.0407108965
L12E,-0.01599574089050293,1.81751631
L12F,-1.050398826599121,0.314887877
L12G,-0.2173774242401123,1.105733853
L12H,-0.6037099361419678,0.7267836205
L12I,-0.7876720428466797,0.8006985809999999
L12K,-0.44056153297424316,1.393508603
L12D,0.016542434692382812,1.5005113245
L12N,-0.050882577896118164,0.8090556715
L12P,0.3073601722717285,0.3907956015
L12Q,-0.23153114318847656,0.955668169
L12R,-0.7920455932617188,0.8313803984999999
L12S,0.46105408668518066,1.4976447585
L12T,-0.2033534049987793,1.3596907725
L12W,-3.0988593101501465,1.0106998705
L12V,-0.3821587562561035,0.815301576
L12M,-1.9306564331054688,1.273466959
S13A,-0.351945161819458,0.9892701135
S13C,-1.9322340488433838,0.947600326
S13D,-0.9692764282226562,1.4121346765
S13E,-0.06024670600891113,1.2342466425
S13F,-2.2417328357696533,0.8383679995000001
S13G,-0.45954275131225586,1.2755591825
S13Y,-2.7347829341888428,0.148616813
S13R,-0.8666079044342041,1.1623807115
S13V,-0.5399196147918701,0.880901776
S13T,-0.4487011432647705,0.137456039
S13Q,-0.1224217414855957,0.143678493
S13P,0.0052869319915771484,0.9093048765
S13N,-0.9144408702850342,1.007454992
S13H,-1.6779494285583496,0.834174973
S13K,-0.05475044250488281,1.8316257075
S13W,-3.5988028049468994,1.1274963345
S13I,-1.4320805072784424,1.278413432
S13M,-1.8069899082183838,0.5748931104999999
S13L,-0.32152843475341797,0.6493005454999999
A14N,-0.40660738945007324,-0.462480314
A14P,0.19590449333190918,-0.1299407345
A14I,-0.6346569061279297,1.123570658
A14H,-0.7458100318908691,0.6946376295000001
A14G,0.10911011695861816,0.7038544405
A14F,-1.137162208557129,0.9738571265
A14V,0.16133475303649902,0.6343680925
A14S,0.8383437395095825,-0.0437397595
A14R,-0.37472009658813477,1.4252787145
A14T,0.008299827575683594,0.6609017815
A14W,-3.3107080459594727,1.119776378
A14Q,-0.3690981864929199,0.6017324510000001
A14L,-0.09354877471923828,1.5396335744999998
A14K,-0.12256050109863281,0.708454527
A14C,-0.4417705535888672,1.5806063765
A14M,-2.0793538093566895,1.7321112725
A14E,-0.15938663482666016,0.486286281
A14Y,-1.3998913764953613,1.2390846205
A14D,0.05883622169494629,0.4086658105
C15L,1.067786455154419,0.792973955
C15D,0.36713075637817383,0.81924734
C15E,1.0459117889404297,1.29853079
C15F,-0.219590425491333,0.8445740285
C15G,1.023149013519287,1.204822087
C15H,-0.2662506103515625,0.977516866
C15I,0.26593852043151855,1.1060695085
C15K,1.061551570892334,0.5004784385000001
C15M,-0.2768821716308594,1.3010568545
C15A,1.4038176536560059,1.2024045185
C15N,0.21774840354919434,0.6575484779999999
C15Y,-0.6873135566711426,0.176435552
C15V,1.1199731826782227,0.9639268235
C15T,1.139662742614746,1.380306061
C15W,-1.7572169303894043,1.153164851
C15R,0.5975978374481201,0.9097264695
C15Q,0.8662595748901367,1.107264275
C15P,1.1411006450653076,1.193856338
C15S,1.4916093349456787,0.4445603045
E16W,-3.453944206237793,1.180374041
E16V,-0.3544464111328125,0.110657654
E16T,-0.0707395076751709,0.5887543815
E16S,0.6255422830581665,0.7491905154999999
E16I,-1.263772964477539,1.611363405
E16A,-0.16513609886169434,0.567137979
E16C,-1.0817344188690186,0.645344236
E16D,-0.5498542785644531,0.0990154435
E16R,-0.5464653968811035,0.7392195045000001
E16Y,-2.3569741249084473,0.8715736940000001
E16F,-2.1410131454467773,0.872767526
E16G,0.2764911651611328,0.7905673315
E16H,-1.2750144004821777,1.3449369780000002
E16Q,-0.15851593017578125,0.202938175
E16P,0.15172672271728516,0.4533140785
E16N,-0.6944043636322021,0.7414393534999999
E16M,-2.0025763511657715,0.614772756
E16L,-0.46935129165649414,1.359733008
E16K,0.21336078643798828,0.289538288
D17P,-0.14783763885498047,1.148270261
D17A,-0.00022172927856445312,0.991523663
D17C,-2.0128002166748047,1.1339549225
D17E,0.008948802947998047,1.0404867235
D17N,1.2623249292373657,0.410667009
D17G,0.14162349700927734,0.9200374705
D17H,-1.4308390617370605,0.5415309725
D17I,-1.4193129539489746,0.112140208
D17K,0.3630208969116211,0.7893962995
D17L,-1.08475923538208,0.8746939534999999
D17M,-1.7086153030395508,1.199969567
D17Y,-2.017693519592285,0.153395844
D17Q,-0.8101201057434082,0.387945484
D17R,-0.7280430793762207,0.903743706
D17S,0.18712353706359863,1.0864364055
D17T,-0.26537346839904785,0.9519523095
D17V,-0.772676944732666,0.6008781905
D17W,-4.412064075469971,1.0954771035
D17F,-2.631411075592041,0.88895375
G18D,-0.5026166439056396,1.0602128365
G18E,-0.07306790351867676,0.732023535
G18V,-0.6135509014129639,0.170532903
G18Y,-1.7306666374206543,1.1165913095
G18W,-3.198302745819092,1.8440020955
G18T,-0.23662161827087402,1.2442607695
G18S,0.22796320915222168,1.0223803215
G18R,-0.32415342330932617,0.84262193
G18A,-0.18654799461364746,0.5951933575
G18P,-0.2031102180480957,1.1984284815
G18Q,-0.3910856246948242,1.5509461944999998
G18M,-1.6621627807617188,0.9650201385
G18L,-0.36780691146850586,1.195367527
G18K,0.20931291580200195,0.9557055225
G18I,-1.3481693267822266,1.555144016
G18H,-1.096695899963379,0.5097940975
G18F,-1.614671230316162,0.810600042
G18N,-0.7106013298034668,0.9494185595
G18C,-1.472874402999878,0.2370131835
E19L,-0.46190977096557617,1.4016354985
E19M,-1.8112144470214844,0.802941828
E19N,-0.4917304515838623,1.014529695
E19A,0.23167133331298828,0.0295346995
E19Q,-0.26836323738098145,0.394356353
E19R,-0.2572059631347656,0.862123193
E19S,0.28302574157714844,1.5277106945
E19K,0.4305884838104248,0.404518553
E19P,-0.4227480888366699,1.42721077
E19I,-1.2162306308746338,1.0471463005
E19T,-0.1373898983001709,0.995181701
E19G,0.5336000919342041,0.5538770005
E19F,-2.0402984619140625,0.947560677
E19D,-0.4634690284729004,0.2292758385
E19C,-1.3746557235717773,0.4579468865
E19V,-0.37047457695007324,0.344520156
E19W,-3.20424747467041,0.9889250745
E19Y,-2.094799041748047,1.5128531275
E19H,-1.2561521530151367,0.6990937015
D20Q,0.08323335647583008,0.506474725
D20R,0.2942991256713867,0.814453975
D20S,1.0424730777740479,1.143456723
D20A,0.7377972602844238,1.0848548305
D20W,-2.7819485664367676,0.7945190445
D20Y,-1.3476371765136719,-0.592444561
D20P,0.5044677257537842,1.011162278
D20T,0.7340922355651855,1.4894971285
D20N,0.3575167655944824,0.7457359954999999
D20V,0.27216196060180664,0.2943743345
D20C,-0.4512596130371094,1.0792490595
D20F,-1.0620508193969727,1.773553811
D20G,0.6222505569458008,1.086558247
D20M,-0.6502985954284668,0.926089681
D20L,0.2558150291442871,1.0728327
D20K,1.5070301294326782,1.1399904805
D20I,-0.12310791015625,1.05356662
D20H,-0.23636627197265625,0.8496645970000001
D20E,0.289522647857666,0.203087016
C21T,0.6576125621795654,0.6488860304999999
C21A,1.0183203220367432,1.3844534365
C21D,-0.20679330825805664,2.092947363
C21E,0.12792015075683594,1.9072561785
C21F,-0.1105339527130127,0.751107995
C21V,0.7137231826782227,1.2806264585
C21H,0.5121450424194336,1.3036654455
C21I,0.2909703254699707,1.5997100295
C21L,0.9095048904418945,1.820354137
C21M,-0.7731046676635742,1.2564930735
C21N,0.2913212776184082,0.6302367560000001
C21P,1.2145123481750488,0.8253338729999999
C21S,1.1563994884490967,0.7152056440000001
C21G,1.3251609802246094,0.621900215
C21K,1.0006136894226074,1.16663195
C21Q,0.5632195472717285,-0.2866425945
C21W,-1.4348373413085938,0.9253847405
C21Y,-0.4886312484741211,0.176091691
C21R,1.0260891914367676,0.8116950725
Q22K,0.9380900859832764,-0.197750694
Q22V,-0.21108436584472656,0.9235750265
Q22T,-0.044130802154541016,1.090233132
Q22S,-0.15363073348999023,1.3001621805
Q22R,0.05666375160217285,0.4448386675
Q22P,-0.39897894859313965,-0.4837092725
Q22N,-0.8854541778564453,0.9028184555
Q22M,-0.9066071510314941,0.661268269
Q22Y,-1.4269227981567383,0.75531612
Q22W,-2.857661247253418,0.805691157
Q22L,0.23029184341430664,0.5692358095000001
Q22F,-1.4937710762023926,0.5969383254999999
Q22A,-0.32328081130981445,0.6024839785
Q22I,-0.7060327529907227,0.451969628
Q22H,-0.8759050369262695,-0.6992362845000001
Q22G,-0.5144095420837402,1.0176238425
Q22E,-0.3542344570159912,0.8214173579999999
Q22D,-1.3525981903076172,0.5428389465
Q22C,-1.2041099071502686,0.683598777
E23C,-2.4114959239959717,0.612888263
E23P,-1.3669462203979492,0.1639354685
E23I,-1.4757864475250244,0.717357357
E23A,-0.8305933475494385,-0.447500291
E23Q,-0.8832948207855225,0.28134303
E23N,-1.3583552837371826,0.439852277
E23M,-1.466700553894043,1.2035295695
E23D,-1.2589046955108643,0.02757328
E23F,-3.3142874240875244,0.2915204675
E23L,-1.032848596572876,1.1155849384999998
E23H,-2.2425429821014404,0.623769832
E23K,-1.1086182594299316,0.9966956295
E23G,-1.0126237869262695,0.5507551635
E23R,-1.1161541938781738,0.506947056
E23S,-0.684920072555542,0.7985805805
E23T,-0.5489566326141357,1.349137124
E23V,-0.4272186756134033,0.3171288875
E23W,-4.083850860595703,0.0651267084999999
E23Y,-3.2043368816375732,0.6659439564999999
N24Y,-3.8903937339782715,-0.2389875735
N24V,-2.3370602130889893,0.541723116
N24T,-1.9079046249389648,0.2610310635
N24S,-1.8201770782470703,0.2281133275
N24R,-2.9771230220794678,0.888915407
N24Q,-2.8094520568847656,1.6441546605
N24P,-2.3619043827056885,1.750511776
N24M,-2.3745691776275635,1.3473244625
N24W,-6.1311492919921875,-1.297165753
N24K,-1.8823330402374268,0.3816650595
N24L,-1.733898639678955,0.6099305785
N24A,-2.093531608581543,0.72309363
N24D,-2.041741371154785,0.3649427545
N24E,-2.0823426246643066,0.6165898525
N24C,-3.8143277168273926,0.082193683
N24G,-2.0646934509277344,0.3805330885
N24H,-3.2095699310302734,-1.3508739015
N24I,-2.825901508331299,0.3354927455
N24F,-4.13295841217041,0.4690229855
G25N,-1.7345471382141113,1.5994220995
G25Y,-3.0313873291015625,0.888781906
G25L,-1.6468589305877686,1.3423015865
G25K,-1.7955818176269531,-1.365832185
G25I,-1.8081779479980469,0.9508374515
G25H,-1.6305317878723145,0.196368278
G25M,-2.735762119293213,1.5000141665
G25D,-2.388915777206421,0.549530815
G25E,-1.7145209312438965,0.5472414475
G25C,-2.335637092590332,-0.0313037585
G25A,-1.4901905059814453,0.654151984
G25S,-1.215684175491333,3.1003423430000003
G25T,-1.3282289505004883,0.933567766
G25V,-1.2480130195617676,0.4935419135
G25P,-1.224552869796753,0.7830661640000001
G25F,-2.9879183769226074,0.2612096625
G25Q,-1.3077189922332764,-0.0012465305
G25W,-4.9703168869018555,1.034501095
G25R,-2.06320858001709,0.2422268625
V26T,0.11218643188476562,0.919104145
V26A,0.4647197723388672,-0.2931414265
V26D,0.20916056632995605,-1.102824723
V26E,0.017773866653442383,0.4175529245
V26F,-1.019153356552124,-0.9254095825
V26G,0.5873236656188965,0.0797990065
V26H,-0.15390872955322266,0.7954966245
V26I,-0.43648481369018555,0.469523764
V26K,-0.006991386413574219,2.362902866
V26L,-0.4186558723449707,0.139635554
V26M,-1.6231365203857422,1.419808283
V26N,-0.0952298641204834,0.501316086
V26C,-0.6404547691345215,0.910371977
V26Q,-0.5140547752380371,-2.020281015
V26P,-0.9462141990661621,-0.7992560605
V26R,-0.42631101608276367,0.7673520565
V26S,0.4505314826965332,0.668723736
V26W,-3.2965073585510254,1.051893637
V26Y,-0.6971843242645264,-1.551648893
L27C,-1.1175880432128906,0.8160341105
L27A,-0.3866007328033447,0.6970792020000001
L27F,-1.2894680500030518,0.9091100355
L27G,-0.9528608322143555,0.7460393365000001
L27H,-1.0467181205749512,0.991274658
L27I,-0.6259036064147949,-0.26615357
L27K,-0.7633693218231201,0.3843881625
L27M,-1.9425573348999023,0.2111282855
L27N,-0.934412956237793,0.926194028
L27P,-0.25516748428344727,0.3944279495
L27Q,-0.8615455627441406,1.136537578
L27R,-1.5511469841003418,0.2260949995
L27S,-0.029340267181396484,0.4453204995
L27T,-0.28740882873535156,0.7596451129999999
L27V,-0.1825413703918457,1.0243583395
L27W,-3.7293457984924316,0.726337305
L27Y,-1.3136179447174072,0.7683496665
L27D,-0.8730449676513672,0.8120180884999999
L27E,-0.8521764278411865,0.840374121
Q28G,0.15926003456115723,1.215639327
Q28R,-0.3352189064025879,0.6153685865
Q28S,0.4528617858886719,0.4492551275
Q28A,-0.011088848114013672,0.4235389395
Q28C,-1.1067674160003662,0.296082958
Q28D,-0.03677773475646973,0.8602628440000001
Q28T,0.1257784366607666,0.840413761
Q28V,0.42408084869384766,0.760416235
Q28W,-2.836195707321167,0.952381054
Q28Y,-1.3669612407684326,0.1773107069999999
Q28L,0.8424229621887207,0.8249774304999999
Q28K,0.22032952308654785,-0.089866076
Q28I,-0.42099618911743164,1.3030035285
Q28E,0.7605068683624268,1.452703012
Q28F,-1.6165521144866943,0.8090379485
Q28H,-0.5609657764434814,1.2987730825
Q28P,0.37282872200012207,0.7441324359999999
Q28M,-1.1895205974578857,0.9081881755
Q28N,-0.24470138549804688,0.320307868
K29R,-0.8972258567810059,0.708623346
K29Y,-2.476726531982422,1.1091266825
K29W,-4.154950141906738,0.9000647079999999
K29V,-0.12521123886108398,0.910105106
K29T,0.07804012298583984,0.0660694025
K29S,0.08613419532775879,0.6761382825
K29Q,-0.5559849739074707,-0.190120818
K29P,0.2796051502227783,1.395339542
K29M,-1.7154388427734375,0.407114738
K29N,0.03731107711791992,0.3499445205
K29I,-1.1057543754577637,0.906067183
K29H,-1.146996259689331,0.2029159035
K29G,-0.13620853424072266,0.5344217685
K29F,-2.4422607421875,1.0515473745
K29E,0.255643367767334,0.5917192645
K29D,0.05888557434082031,0.8143318334999999
K29C,-1.6959342956542969,0.8146173354999999
K29A,0.09519267082214355,0.85725859
K29L,-0.6874995231628418,0.730291365
V30Q,-0.10327625274658203,0.149197939
V30P,0.6125421524047852,1.1283547305
V30S,0.7039225101470947,1.2751439385
V30R,-0.6837570667266846,0.878339082
V30W,-3.2951416969299316,0.9130127185
V30Y,-1.8059802055358887,1.5843319059999998
V30N,0.09407472610473633,2.256292783
V30T,0.4343452453613281,1.1883403875
V30M,-1.256483554840088,0.9912154085
V30A,0.752511739730835,0.448555451
V30K,-0.08694028854370117,1.2078462955
V30I,-0.750842809677124,0.6846859765000001
V30H,-0.6118488311767578,0.767319135
V30G,0.6447205543518066,0.5076464815
V30F,-1.892754077911377,0.1066555865
V30E,0.4474453926086426,1.2656987385
V30D,0.6906628608703613,0.605374329
V30C,-1.3112807273864746,1.4153911695
V30L,-0.2862985134124756,0.566958128
V31A,0.47228050231933594,0.9404267915
V31C,-0.8767919540405273,0.467656243
V31H,-0.7129080295562744,1.218541787
V31E,0.6144890785217285,0.449023904
V31D,0.38196253776550293,0.66270058
V31W,-2.9819250106811523,0.908550267
V31T,0.4991302490234375,0.975307762
V31S,1.1428159475326538,1.2562088515
V31R,-0.871337890625,1.0874794825
V31Q,0.022401809692382812,-0.322125855
V31P,0.8618566989898682,0.6517428565
V31Y,-1.108778953552246,-0.0272176805
V31M,-1.8259015083312988,0.341620215
V31L,0.4055466651916504,0.1791293755
V31K,-0.19443035125732422,-0.308503283
V31I,-0.5137858390808105,0.454103444
V31G,-0.19274234771728516,0.998130291
V31F,-1.1331496238708496,0.972985183
V31N,-0.07002687454223633,1.1010244185
P32Q,-0.6697585582733154,0.352926227
P32N,-0.6835117340087891,1.073207635
P32M,-0.9103643894195557,0.14620686
P32L,0.592724084854126,-0.102929597
P32K,-0.39637112617492676,0.906310134
P32I,0.0944969654083252,0.450979495
P32A,0.0563817024230957,0.902725537
P32G,-0.21527504920959473,0.7701560255
P32F,-0.5314199924468994,0.3000142055
P32C,-1.3799335956573486,0.8389233815
P32D,0.07725262641906738,0.7392332155
P32E,0.46270155906677246,0.4413466325
P32R,-1.2860896587371826,0.891076882
P32H,-1.3581626415252686,0.6289018725
P32T,0.015006542205810547,0.5323230335
P32S,0.3196110725402832,0.083731215
P32W,-2.8757050037384033,0.9782068605
P32Y,-1.3366825580596924,0.9021263955
P32V,0.6503894329071045,1.0530541065
T33V,0.3485727310180664,1.11672357
T33C,-0.5535953044891357,1.2913942055
T33W,-2.6170132160186768,1.2640429595
T33S,0.9367077350616455,0.8186950635
T33R,-0.6717875003814697,0.8081505929999999
T33Q,0.2050797939300537,0.920572494
T33P,0.5404253005981445,1.0825218255
T33N,-0.1727607250213623,0.0425202809999999
T33M,-1.612208604812622,1.01937758
T33L,0.47441768646240234,0.9215326085
T33K,-0.02687811851501465,1.217151881
T33I,-0.6833288669586182,-0.3403346995
T33H,-0.6802904605865479,0.4754630745
T33Y,-1.348841905593872,1.4199752425
T33G,1.0347769260406494,1.112558661
T33A,0.6072402000427246,0.8451059634999999
T33E,0.6765940189361572,1.283278921
T33F,-0.5324923992156982,0.5282065785
T33D,0.14434456825256348,0.933891404
P34L,-0.8249313831329346,1.125178747
P34M,-2.3580269813537598,0.6052455825
P34N,1.4468460083007812,0.7686803209999999
P34Q,-1.0210988521575928,0.7860297705
P34R,-1.7463078498840332,1.024081497
P34S,0.07778477668762207,-0.0111896735
P34H,-1.4693713188171387,-0.6553034295
P34A,-0.07585501670837402,1.3989128825
P34C,-1.8021373748779297,1.0200352525
P34D,0.046446800231933594,0.2723852865
P34E,-0.11278057098388672,0.435925704
P34F,-2.064465045928955,0.587977875
P34G,-0.2266397476196289,1.0837689115
P34T,-0.5275101661682129,0.182920637
P34V,-0.7029540538787842,0.5347742765
P34W,-3.733440399169922,1.1119792085
P34Y,-2.0647687911987305,0.568648808
P34K,-0.6453042030334473,0.745933745
P34I,-1.7399778366088867,-0.179957774
G35W,-3.284255027770996,0.769020849
G35A,0.023184537887573242,0.6193224195
G35D,-0.31946802139282227,0.8593565665
G35V,-0.02941584587097168,-0.047928332
G35Y,-2.148843288421631,0.3605601135
G35T,-0.3105487823486328,0.6935723725
G35S,-0.03105449676513672,0.25424002
G35R,-1.3919129371643066,0.4979956645000001
G35Q,-0.4836454391479492,0.4510439865
G35P,-0.1344590187072754,-0.071357034
G35C,-1.4172074794769287,0.740211055
G35M,-1.2225141525268555,1.3370964785
G35N,-0.8856501579284668,0.701970497
G35L,0.14613628387451172,0.988905909
G35K,-0.8695173263549805,0.6988888940000001
G35I,-1.1128249168395996,-0.383196002
G35H,-1.7827558517456055,0.3062017575
G35F,-2.202004909515381,0.868279185
G35E,0.3518490791320801,0.6867684605
D36F,-1.3763854503631592,0.8421002665
D36I,-0.537306547164917,1.266330088
D36E,0.7502477169036865,0.141561979
D36L,-0.3904869556427002,1.352250357
D36M,-1.6546151638031006,0.8102054259999999
D36C,-1.3344855308532715,0.7406967975
D36A,-0.08166337013244629,-1.2257625090000002
D36G,0.2761223316192627,0.555795947
D36K,-0.6319611072540283,-1.9224408045
D36H,-1.1388576030731201,-0.1232456695
D36R,-1.4086873531341553,0.7189847025
D36Y,-1.163140058517456,-0.657066746
D36W,-2.824822187423706,1.374321453
D36V,0.1140892505645752,0.3862572555
D36N,-0.6258442401885986,0.6524187615
D36P,-0.5655093193054199,1.925609048
D36Q,-0.6392519474029541,-0.093672668
D36T,-0.18999671936035156,1.303385479
D36S,0.43405771255493164,0.6413868189999999
K37P,-1.2226943969726562,0.7005509625
K37N,-0.9709548950195312,-1.1839495965
K37M,-2.551830291748047,-0.1190908525
K37L,-1.4400744438171387,0.4419210220000001
K37T,-0.7841813564300537,-0.132383737
K37I,-1.832197666168213,0.9393834495
K37H,-1.4066128730773926,-0.3279619885
K37G,-0.2586548328399658,0.704886912
K37F,-2.7509870529174805,0.6798003075
K37E,-0.7564024925231934,0.3634446475
K37D,0.20142078399658203,0.8398774615000001
K37C,-1.935469627380371,1.5038457155
K37Q,-1.1137175559997559,3.145145968
K37S,-0.3362741470336914,1.444833303
K37A,-0.33457279205322266,1.328831667
K37V,-1.0246713161468506,1.997655103
K37W,-3.80662202835083,0.1170348665
K37Y,-2.498356342315674,-0.0084459205
K37R,-0.7350034713745117,0.792905905
V38Q,-0.6737208366394043,-0.179526383
V38F,-2.1702609062194824,1.258042293
V38G,-0.7491581439971924,0.6187321035
V38H,-1.967663288116455,1.416427362
V38I,-0.7558846473693848,0.220761748
V38K,-0.36002683639526367,0.901213507
V38L,0.17295360565185547,-1.414500125
V38M,-0.7130553722381592,0.2672565285
V38P,-0.24109506607055664,1.4223636094999998
V38E,0.06014680862426758,-0.033074854
V38R,-1.074136734008789,1.004461386
V38S,-0.20237278938293457,0.6574993105
V38T,-0.029392242431640625,0.9818278985
V38W,-3.436295986175537,0.2703705805
V38Y,-2.1482009887695312,0.336065006
V38N,-1.292372465133667,1.2822799205
V38D,-0.9706344604492188,1.4121372694999998
V38C,-1.7969422340393066,1.048283105
V38A,0.07408285140991211,-0.732156513
E39I,-1.2259514331817627,0.5613196115
E39H,-1.5381896495819092,0.433690963
E39N,-0.822009801864624,0.3640971365
E39P,-0.10996055603027344,1.2248559215
E39Q,-1.1316850185394287,0.5353275335000001
E39D,-0.61948561668396,-2.086419216
E39F,-1.9625298976898193,0.370284803
E39G,-0.9156591892242432,0.795191415
E39R,-1.9999878406524658,0.901309967
E39S,-0.0671989917755127,0.81729841
E39T,-0.6787850856781006,0.6816429925
E39M,-2.464639902114868,1.1625317395
E39K,-1.2537660598754883,0.635121673
E39W,-3.59538197517395,1.323371652
E39Y,-1.7864701747894287,0.913849568
E39C,-1.9513418674468994,0.406958581
E39A,-0.48050808906555176,-2.664483146
E39V,-0.9014155864715576,0.4478741935
E39L,-0.7090559005737305,0.1438818525
S40F,-0.8815741539001465,0.9587648955
S40E,-0.23323822021484375,-0.4996364935
S40D,-0.14837193489074707,0.9796644025
S40C,-0.7492103576660156,0.311485955
S40A,-0.034110307693481445,0.8529782534999999
S40L,1.7769970893859863,0.3437770295
S40K,-0.5286407470703125,1.216450004
S40W,-2.7526087760925293,1.0598997475
S40I,0.4983525276184082,0.3613135765
S40Y,-0.756162166595459,0.4373780675
S40G,-0.42914247512817383,0.6010514339999999
S40M,0.5725793838500977,1.3271455815
S40N,2.206037998199463,0.8865043595000001
S40H,-1.2984862327575684,0.341722737
S40P,-0.5009293556213379,0.8353949995000001
S40T,0.04579591751098633,-0.165029428
S40V,0.6269807815551758,0.5378071560000001
S40R,-1.5000829696655273,-0.9979372455
S40Q,-1.2055234909057617,0.1931205305
G41K,-1.1030632257461548,1.5195229025
G41I,-1.4987412691116333,0.124351254
G41L,-0.9786592721939087,1.1414157525
G41P,-1.2186657190322876,0.8738206725
G41D,-2.3544816970825195,0.099586331
G41E,-1.7438262701034546,0.858798141
G41F,-1.8703571557998657,-0.1847395165
G41H,-1.8689175844192505,1.412903747
G41M,-2.3981571197509766,0.062603129
G41N,-1.5812736749649048,0.8199185554999999
G41A,-1.0499907732009888,0.054119887
G41C,-2.419473171234131,-0.285611158
G41Q,-1.1762264966964722,0.421138989
G41S,-0.8010398149490356,0.2438623
G41T,-1.1586779356002808,0.003980948
G41V,-0.9267789125442505,-1.3225432235
G41W,-3.953054904937744,0.5965287095
G41Y,-2.2411580085754395,0.901095719
G41R,-1.4893852472305298,0.3846589145
Q42T,0.870560884475708,-0.7992560605
Q42H,0.20240044593811035,-0.901806546
Q42I,0.7676022052764893,0.370982033
Q42K,0.8152790069580078,-0.8932640454999999
Q42L,0.6334238052368164,0.4649971455
Q42E,0.27166056632995605,0.9475850405
Q42D,-0.02313089370727539,0.255641144
Q42C,-0.5947494506835938,0.6463477315
Q42V,0.8059039115905762,0.915446703
Q42A,0.8532707691192627,1.0404486805
Q42Y,0.03166007995605469,0.300508549
Q42W,-2.169034004211426,0.79853079
Q42M,-0.9016628265380859,1.1618431265
Q42N,0.3011765480041504,0.8488011625
Q42P,0.8202128410339355,-0.7024915605
Q42R,0.3186359405517578,0.5827061585
Q42S,0.9653933048248291,0.90748857
Q42G,1.154296636581421,0.7158371175
Q42F,0.21766042709350586,0.3992442555
I43A,0.15822672843933105,1.926293168
I43C,-0.5936787128448486,0.5668638525
I43D,-0.5784854888916016,-0.4092421925
I43V,0.34902071952819824,-0.0701176955
I43W,-1.9017605781555176,1.121259692
I43Y,-0.471285343170166,-0.190824595
I43K,-0.41309642791748047,1.545471384
I43F,-0.2705254554748535,-1.1968766975
I43H,-0.33639979362487793,0.8059984265000001
I43T,0.1921825408935547,0.7718540254999999
I43S,0.356630802154541,0.9417288405
I43R,-0.6098275184631348,1.354220265
I43L,1.0169765949249268,-1.1288508485
I43M,-0.7448439598083496,-1.1336093740000002
I43N,-0.5538547039031982,0.964199328
I43P,0.10255694389343262,2.0493864635
I43Q,-0.07445192337036133,1.589132599
I43E,-0.21870899200439453,0.115692143
I43G,-0.16130733489990234,1.5577054125
S44N,-1.3509011268615723,0.8448820625
S44A,-0.18959689140319824,0.486909775
S44C,-1.9121325016021729,0.976045944
S44I,-1.5140976905822754,-0.2545483325
S44K,-0.6765706539154053,0.018628521
S44L,-0.44709134101867676,0.383985777
S44M,-1.340547800064087,0.6631653710000001
S44Q,-0.19912123680114746,1.169313315
S44R,-1.2177789211273193,0.8419836479999999
S44H,-1.8110249042510986,-0.3148511635
S44P,-0.3587496280670166,0.734182252
S44F,-2.8303515911102295,0.3995326565
S44E,-0.42845892906188965,0.6692348029999999
S44T,0.060550689697265625,1.0000650734999998
S44V,-0.5275051593780518,0.6207100775
S44W,-3.7355897426605225,0.9042878815
S44Y,-2.4038188457489014,0.1193474665
S44D,-1.9970805644989014,0.081416005
S44G,-0.8177411556243896,0.839472763
N45I,-2.5166983604431152,0.223619658
N45Y,-3.1168484687805176,0.183351547
N45E,-1.2440824508666992,0.991265483
N45F,-3.4409985542297363,0.8581337109999999
N45G,-0.7700192928314209,1.2315659515
N45H,-2.268090009689331,-2.8210621025
N45K,-1.7688708305358887,0.8108872859999999
N45W,-4.8494439125061035,1.3386187675
N45M,-3.0437512397766113,0.191049018
N45P,-0.10255563259124756,1.5414416335
N45Q,-1.6770248413085938,1.250289538
N45R,-2.2723429203033447,1.1540697745
N45S,-0.82830810546875,0.6928802995000001
N45V,-1.3643627166748047,0.7083580015000001
N45D,-1.5868031978607178,0.562277285
N45C,-2.6109046936035156,0.7882869534999999
N45A,-1.0836381912231445,1.6466035545
N45L,-1.3316340446472168,0.8897738985
N45T,-1.4324934482574463,-0.3302196565
G46Y,-3.6418416500091553,-0.0885657805
G46W,-6.701416015625,0.533336512
G46S,-2.1639223098754883,0.468950958
G46D,-3.096068859100342,0.3432805675
G46C,-4.187119483947754,-0.909350371
G46R,-3.510101079940796,0.6619103755
G46Q,-3.15311336517334,-0.4458411895
G46P,-3.043765068054199,-0.17608501
G46N,-2.442017078399658,0.863390378
G46A,-2.9467897415161133,0.7446160125
G46L,-3.032827377319336,0.70846454
G46M,-4.326469421386719,-0.1531253705
G46I,-3.3250885009765625,-1.203502269
G46H,-3.417860746383667,0.9096077105
G46F,-4.259614944458008,1.6474262225
G46E,-3.2494239807128906,0.8411626940000001
G46T,-2.683208465576172,0.9862594675
G46K,-3.4809653759002686,1.3099350055
G46V,-2.98954701423645,-0.387505535
Y47V,0.7628531455993652,0.891390983
Y47W,-2.4047207832336426,0.996968248
Y47M,-1.5552191734313965,0.4406066065
Y47N,0.47392964363098145,0.0742295715
Y47G,1.069230318069458,1.129912325
Y47R,-0.5421671867370605,1.535273959
Y47Q,-0.367459774017334,1.591403883
Y47P,-0.12994098663330078,1.4418628669999998
Y47A,0.5613424777984619,2.214290499
Y47C,0.00646209716796875,0.3551007265
Y47D,0.6645305156707764,-0.3386703695
Y47E,0.1300501823425293,0.058267738
Y47F,-0.35596132278442383,0.498853098
Y47S,1.191939353942871,-0.0283548315
Y47H,0.12152409553527832,-0.887384545
Y47I,0.29353857040405273,0.3951260175
Y47K,-0.38687872886657715,1.31679132
Y47T,0.7884893417358398,0.4161558825
Y47L,0.22696685791015625,1.2665785975
S48H,-1.3782734870910645,0.561145949
S48I,-0.5751509666442871,-1.503372979
S48V,0.30560874938964844,1.0144214855
S48T,0.09578752517700195,0.9251534695
S48R,-1.4434714317321777,0.2738687925
S48Q,-0.9980301856994629,0.6334931835000001
S48P,-0.9181275367736816,0.289464635
S48M,-1.3669562339782715,0.049095662
S48L,-0.0650479793548584,0.603104043
S48N,-1.835573673248291,0.7304202975
S48A,0.1240549087524414,1.2139277765
S48W,-3.4595723152160645,0.3223428305
S48Y,-0.4168517589569092,0.6650120175
S48C,-1.1236004829406738,-0.5133239585
S48D,-1.9442696571350098,0.4194476695
S48E,-1.3813505172729492,1.350588083
S48F,-1.4667720794677734,0.492618996
S48G,-0.1923818588256836,0.848860836
S48K,-1.7704315185546875,-0.557227284
A49G,-0.2690913677215576,0.322558576
A49S,0.2729928493499756,-2.4746605930000003
A49C,-2.063725471496582,1.0139742405
A49D,-0.5708596706390381,-0.299783309
A49E,-0.19478178024291992,1.531699673
A49F,-2.027707099914551,-0.0859395365
A49H,-1.234609842300415,0.545088306
A49R,-0.887448787689209,0.5096087770000001
A49K,0.09884309768676758,-2.492240311
A49L,-0.612696647644043,0.7886074705
A49M,-1.8745832443237305,1.6848895094999998
A49N,-1.0440926551818848,-0.5165884620000001
A49P,-0.056418418884277344,-1.785784538
A49Q,-0.6907944679260254,0.3393401735
A49Y,-2.0126543045043945,0.329267995
A49W,-3.7239341735839844,1.222265662
A49V,-0.3127908706665039,1.143553161
A49I,-1.2800517082214355,0.6314831415
A49T,-0.1460418701171875,0.425916235
V50W,-2.4284017086029053,1.3021294645
V50Y,-0.751939058303833,0.7625009690000001
V50N,-0.8904454708099365,1.0204118285
V50S,0.64628005027771,1.073713462
V50T,0.25954604148864746,-0.3966254365
V50A,0.4151036739349365,-0.393545518
V50C,-0.9871251583099365,0.367242421
V50D,-0.3817861080169678,-0.330747897
V50F,-0.4370582103729248,1.006093717
V50G,-0.2049422264099121,-0.961706661
V50H,-0.6463239192962646,1.303389597
V50E,-0.041017770767211914,0.1987196675
V50K,-0.44182562828063965,-2.4463316675
V50L,0.450122594833374,-1.4192759069999998
V50M,-1.4137961864471436,0.0836191615
V50P,0.9551577568054199,1.5129617135
V50Q,-0.3047361373901367,1.981827898
V50I,-0.7567975521087646,0.287562709
V50R,-0.8853764533996582,0.7150969835
P51C,-1.6813263893127441,0.4065616015
P51K,-0.8514909744262695,0.668497998
P51I,-0.5534296035766602,-0.732689437
P51H,-1.1168956756591797,0.4646955625
P51E,-0.8937058448791504,1.2051005485
P51F,-1.1744496822357178,1.0580981965
P51D,-0.9197044372558594,0.55740884
P51L,0.28118133544921875,-0.221727332
P51G,-0.5189933776855469,0.5866329164999999
P51M,-1.796107292175293,0.780591218
P51T,-0.025598526000976562,0.0382542785
P51Q,-0.948646068572998,0.5835083664999999
P51R,-1.3589181900024414,0.7625394529999999
P51S,0.18477225303649902,0.891106134
P51V,-0.058220624923706055,0.8345629179999999
P51W,-3.3282389640808105,0.1992972305
P51Y,-1.3186149597167969,-0.07273154
P51A,-0.21837449073791504,1.0830186125
P51N,-1.0491812229156494,1.2133452895
S52N,-1.2868566513061523,0.219489223
S52Y,-1.9296391010284424,0.6061191385
S52Q,-0.9112365245819092,0.6512321915
S52W,-3.558485269546509,1.076137821
S52T,-0.4063072204589844,0.7808013445
S52V,-0.030904531478881836,0.598799022
S52M,-1.853013277053833,1.3802934885
S52R,-1.5232398509979248,0.911501983
S52L,0.22334551811218262,0.448199514
S52P,0.34770119190216064,-0.544122959
S52I,-1.0541777610778809,0.4071477615
S52H,-1.6741712093353271,1.6048464015
S52G,-0.2018578052520752,1.4022954344999998
S52F,-1.6266405582427979,0.58198093
S52E,-0.5630652904510498,0.948468102
S52D,-1.1139812469482422,1.310558907
S52C,-1.6714708805084229,1.1347851695
S52A,-0.04111170768737793,-0.1332278325
S52K,-1.2889587879180908,1.7050562705
P53D,-0.6874890327453613,0.7730028595
P53E,-0.5739076137542725,0.365064468
P53F,-2.592653751373291,1.333716945
P53G,-0.15463018417358398,0.8918379679999999
P53H,-1.8187384605407715,0.077648883
P53I,-1.8130249977111816,0.680299289
P53K,-1.4449763298034668,0.255234744
P53Y,-1.9539895057678223,0.5415794925
P53M,-2.665963649749756,0.391475166
P53N,0.5923080444335938,0.834617717
P53C,-2.359370708465576,0.6530874170000001
P53W,-4.084103107452393,0.8325652465000001
P53V,-0.7881419658660889,0.7684752015
P53T,-0.6637239456176758,0.759575345
P53S,0.08255553245544434,0.658865066
P53L,-1.0163626670837402,0.8152632815
P53A,-0.3245410919189453,0.8774682725
P53Q,-1.3965356349945068,0.8921403484999999
P53R,-1.7038886547088623,1.073091033
G54V,-0.45706820487976074,-1.7896677665
G54A,0.21898508071899414,-0.7528255755
G54C,-1.5884747505187988,0.024482023
G54D,-0.41902780532836914,0.700493445
G54E,-0.18999648094177246,0.708093757
G54F,-2.1409780979156494,0.87663995
G54H,-1.4329569339752197,0.218568624
G54I,-1.4255950450897217,0.225390764
G54K,-0.9329748153686523,0.9827798405
G54L,-0.2799074649810791,0.323753659
G54M,-2.056577444076538,-0.625678547
G54N,-1.2532305717468262,0.483418558
G54Q,-0.6841897964477539,1.1268538765
G54R,-1.203791856765747,0.264351757
G54T,-0.18683934211730957,0.7164592125
G54W,-3.7407286167144775,0.2900869085
G54S,0.1473557949066162,0.8728049345000001
G54P,0.2379615306854248,-0.172221133
G54Y,-2.1304428577423096,0.274659077
A55W,-3.5808911323547363,0.771804939
A55Y,-0.9449048042297363,0.227163205
A55C,-1.3472723960876465,1.235395631
A55D,0.5189213752746582,0.1013779355
A55F,-1.6436843872070312,0.832404102
A55G,0.48778438568115234,0.297981935
A55H,-0.33837127685546875,0.4342353985
A55I,-1.186844825744629,0.944410282
A55K,-0.3096914291381836,0.57098744
A55E,0.06503415107727051,0.1355725515
A55M,-2.148526668548584,0.4336094025
A55N,0.7947697639465332,0.686473744
A55P,0.22893810272216797,0.550755792
A55Q,-0.47107887268066406,-2.5421235545
A55V,-0.5397200584411621,-0.5239646170000001
A55R,-0.7842175960540771,0.409944059
A55S,0.6349668502807617,-0.5613618275
A55L,-0.4530329704284668,0.520244198
A55T,-0.18947911262512207,0.249575204
G56N,-1.03379487991333,0.780992626
G56P,-0.4041123390197754,0.961550425
G56Q,-0.6104798316955566,0.381974584
G56R,-1.2538151741027832,0.516848136
G56V,-0.8043932914733887,0.731195748
G56T,-0.25594186782836914,0.6612995125
G56W,-4.048868656158447,0.138511934
G56Y,-2.5746841430664062,0.9678826975
G56M,-1.895927906036377,0.8178902035
G56S,0.2679893970489502,1.4264253775
G56L,-0.6295270919799805,0.7773202905
G56D,0.002220630645751953,0.208128929
G56I,-1.6808586120605469,0.318757725
G56H,-1.727890968322754,0.8415330905
G56F,-2.591169834136963,0.9169399185
G56E,0.031752586364746094,0.481715433
G56C,-2.137847423553467,0.246357693
G56A,-0.08938169479370117,-1.6599156505
G56K,-0.7154865264892578,1.5921327265
D57L,0.21369075775146484,0.984210634
D57M,-1.3876371383666992,0.9723118485
D57N,-0.18505525588989258,0.5147462005
D57P,-0.03824758529663086,1.5783107065000002
D57Q,-0.3845634460449219,0.554038076
D57V,-0.4939250946044922,-0.971295711
D57W,-3.2242016792297363,1.297681506
D57T,0.02455759048461914,1.1892266375
D57R,-0.5352277755737305,1.5363250935
D57K,-0.24865388870239258,1.0104029775
D57Y,-1.5306024551391602,-0.1647904359999999
D57I,-0.8667807579040527,1.238976697
D57S,0.4575784206390381,0.8178003770000001
D57G,0.5974926948547363,0.4427415255
D57H,-1.2045726776123047,-0.2814651035
D57A,-0.19402027130126953,-2.546036949
D57E,0.26896095275878906,-0.221220783
D57F,-1.953836441040039,-0.453054358
D57C,-1.776623249053955,0.209084851
D58N,-0.757108211517334,0.106091394
D58Y,-2.0230212211608887,-1.7397219695
D58W,-3.2612485885620117,0.9575006465
D58V,-0.10491037368774414,0.3139393675
D58T,0.050839900970458984,1.2007486855
D58S,0.5882077217102051,0.9897833515
D58R,-0.6950726509094238,1.0585031325
D58Q,-0.5082035064697266,1.586690903
D58P,-0.300595760345459,1.32481645
D58M,-2.0652623176574707,0.5375361965
D58L,-0.2610960006713867,0.6268906915
D58I,-0.6130051612854004,0.5548741014999999
D58K,-0.6524057388305664,-0.211948429
D58G,0.8381972312927246,1.3454671855000002
D58F,-1.9542632102966309,1.091097946
D58E,-0.07803535461425781,-0.197201178
D58C,-1.458460807800293,0.6220433555
D58A,-0.06068730354309082,-0.273334598
D58H,-0.9701352119445801,0.611968528
T59G,0.7437179088592529,1.3845788935
T59Y,-1.30816650390625,0.68538704
T59W,-2.1235103607177734,1.6079071615
T59V,-0.09291887283325195,1.340408046
T59S,0.8640183210372925,0.9218544975
T59F,-1.5363693237304688,0.408589597
T59R,-0.1121969223022461,1.5724459635
T59N,-0.7563824653625488,0.797615121
T59M,-1.7596640586853027,1.251380106
T59P,-0.393373966217041,-1.2307147845
T59I,-0.33727502822875977,0.045734171
T59H,-0.6166982650756836,0.110978671
T59K,-0.5944266319274902,-1.738644626
T59Q,-0.3108248710632324,0.510942551
T59L,0.08525252342224121,1.1274742845
T59D,-0.1140432357788086,0.298019407
T59E,-0.044442176818847656,1.3841404635
T59A,-0.23013734817504883,0.8435509240000001
T59C,-1.3882431983947754,0.8821943554999999
R60I,0.2973487377166748,0.210263521
R60Y,-0.6064968109130859,-0.7094153084999999
R60W,-2.3041176795959473,0.2520076485
R60V,1.1431169509887695,0.5318368929999999
R60K,0.1454143524169922,-0.6360499725
R60Q,0.6818737983703613,0.283649982
R60P,0.9383230209350586,0.285094932
R60S,1.608536958694458,0.162649518
R60M,-0.9969816207885742,1.129453664
R60L,0.9205293655395508,0.3531392195
R60A,1.043468713760376,0.8190762705
R60C,0.06409907341003418,0.7361645
R60D,0.8829069137573242,0.635628016
R60E,0.7944955825805664,1.291469451
R60F,-0.6348390579223633,0.996802589
R60G,1.1677649021148682,0.983128504
R60H,0.025617122650146484,1.2261745495
R60N,0.6268796920776367,1.1404799325
R60T,1.1355152130126953,0.2431058645
H61A,1.3806653022766113,1.126607001
H61I,0.5705618858337402,-0.995149103
H61G,1.602116346359253,0.4465697195
H61F,-1.1454696655273438,0.076970807
H61E,0.9526722431182861,0.9344271645
H61D,1.3282241821289062,0.6444205135000001
H61L,0.9657473564147949,0.2955478495
H61C,-0.31774091720581055,-0.011446232
H61Y,-1.2879109382629395,0.560838009
H61W,-2.982903003692627,0.639445574
H61V,1.1980137825012207,0.510313134
H61T,1.3432667255401611,-0.2393577685
H61K,0.7732391357421875,0.06791955
H61R,0.2767910957336426,0.5243080929999999
H61S,1.7349803447723389,0.8184133204999999
H61M,-1.0557918548583984,0.918349015
H61N,0.5079004764556885,-1.5804906575
H61P,1.3611905574798584,-2.7814525760000004
H61Q,0.5318081378936768,-1.3220516065
S62R,-1.3165652751922607,-0.089729864
S62Y,-2.8940858840942383,-0.8627177445
S62T,-0.5803313255310059,-2.146129043
S62W,-4.489249229431152,0.790372245
S62V,-0.9678528308868408,0.9129319965
S62A,-0.6803674697875977,0.430071256
S62C,-2.2365336418151855,-0.2858977855
S62P,-0.5590293407440186,1.6562938125
S62E,-0.825798511505127,1.46959962
S62F,-3.0153355598449707,1.445129725
S62G,-0.35697174072265625,1.2828089525
S62H,-1.405789852142334,0.602036297
S62Q,-0.9442291259765625,-1.7220057775
S62N,-1.2884411811828613,0.446250207
S62M,-2.93046236038208,0.4007936645
S62I,-1.5349431037902832,-1.581602206
S62L,-0.9104299545288086,0.6938608390000001
S62K,-1.1118674278259277,1.0891635905
S62D,-0.7822315692901611,0.115862896
I63Y,-0.76656174659729,0.3572073225
I63T,1.4931644201278687,1.356188554
I63S,1.9312492609024048,1.1932845075
I63R,-0.54927659034729,1.756564445
I63Q,-0.16970372200012207,1.932033838
I63M,-1.0866267681121826,-1.254909172
I63N,-0.24360013008117676,1.385031735
I63L,0.8034036159515381,1.512155822
I63K,-0.46785664558410645,1.8702111995
I63H,-0.8386867046356201,0.764819128
I63G,0.4176661968231201,1.658727549
I63F,-1.0248777866363525,0.13408517
I63D,0.09139847755432129,0.5905237685
I63C,-0.6848366260528564,0.6449530179999999
I63A,1.1779561042785645,2.4004707875
I63P,0.8772037029266357,1.4207000235
I63E,-0.42628931999206543,1.4290499635
I63V,0.37435269355773926,1.3723367775
I63W,-2.91534161567688,1.9289166365
P64N,-1.2262005805969238,1.026081454
P64W,-5.088958263397217,0.9707664375
P64V,-1.1008954048156738,0.789556873
P64T,0.2522885799407959,-0.422523951
P64A,0.18241024017333984,0.444215953
P64C,-2.1611108779907227,0.403897648
P64D,-0.45424890518188477,0.4522295265
P64E,-0.8182373046875,1.126173982
P64F,-3.9171500205993652,0.8764982379999999
P64G,-0.5723667144775391,1.0701393215
P64H,-1.623631477355957,-0.9361421235
P64I,-1.9185791015625,0.736594058
P64K,-1.1612930297851562,0.8367218495000001
P64L,-1.5761375427246094,1.3147299705
P64M,-2.0896100997924805,0.7308433325
P64S,0.5438464879989624,0.8429941670000001
P64R,-1.8159518241882324,0.8729729495
P64Q,-1.1435480117797852,0.7617193515
P64Y,-2.984776020050049,1.0531789965
A65I,-1.4004595279693604,-0.311899409
A65D,-0.6806128025054932,-0.0961621915
A65V,-0.6742181777954102,0.7305841805
A65T,0.6514444351196289,0.2652942765
A65S,0.8267877101898193,-0.5812285075
A65R,-2.3009438514709473,0.6459972955
A65Q,-1.7666797637939453,1.1661269184999998
A65P,-0.7052545547485352,-0.6815484559999999
A65C,-1.6129627227783203,-1.2232463985
A65N,-1.1881463527679443,-2.24852183
A65L,-1.201228380203247,0.6679330305
A65K,-2.310469150543213,1.1925999115
A65H,-2.320011615753174,1.0124678955
A65G,-0.10383915901184082,0.700678612
A65F,-3.647172451019287,0.562132054
A65E,-0.9849374294281006,-1.3745587705000002
A65M,-2.4455952644348145,0.6417728460000001
A65W,-5.2809576988220215,0.2225873995
A65Y,-3.0984559059143066,0.1046575135
T66L,-1.5475342273712158,0.6095861865
T66V,-0.8716907501220703,0.7766924104999999
T66S,0.37532782554626465,0.138720962
T66R,-2.164090633392334,0.937957705
T66Q,-1.463719129562378,0.896297298
T66P,-0.5799124240875244,0.6997042425
T66N,-1.1096506118774414,-1.681394784
T66M,-2.485058307647705,0.7739420555
T66Y,-3.289091110229492,0.3913947495
T66K,-1.3186249732971191,0.4444856885
T66H,-2.1116318702697754,0.3424402095
T66G,0.33388662338256836,0.4324318095
T66F,-3.79445219039917,0.6571791065
T66E,-0.5603175163269043,0.6837004879999999
T66D,-0.43497467041015625,0.26662705
T66C,-2.728585720062256,0.463394998
T66A,0.028476238250732422,0.512738846
T66I,-2.074246406555176,-0.1839731215
T66W,-4.969668865203857,0.8405250045
T67M,-2.768726348876953,0.4189107095
T67N,-1.4204806089401245,-0.6105768435
T67C,-2.90877103805542,0.1874592575
T67A,-0.45854055881500244,0.889292214
T67P,-0.6272362470626831,-0.534113819
T67Q,-1.252745270729065,0.2286853765
T67R,-1.5623470544815063,0.960976109
T67S,0.5490443706512451,0.31500959
T67V,-1.0376735925674438,0.4436356775
T67W,-5.160660266876221,0.8135217185
T67Y,-4.054386615753174,0.7238173505
T67L,-1.883858323097229,0.632399254
T67K,-1.554202675819397,1.9824047645
T67I,-2.412595272064209,0.137284866
T67H,-2.830759048461914,1.253888272
T67G,-0.28428900241851807,0.9583965035
T67F,-4.417934417724609,0.933932017
T67E,-0.743815541267395,1.172173757
T67D,-0.8932534456253052,0.9176340425
T68Y,-4.328174591064453,0.4268344125
T68W,-5.587909698486328,0.0993950695
T68V,-0.9389193058013916,0.7859293485
T68S,-0.07677245140075684,0.4126129525
T68R,-2.121626615524292,0.262671926
T68Q,-0.814033031463623,0.115627892
T68P,-0.8867936134338379,0.1408077244999999
T68N,-1.1824018955230713,0.817189658
T68I,-2.147944211959839,0.7707333595
T68L,-1.6867916584014893,0.3549771625
T68A,-0.34754061698913574,0.0871459485
T68H,-2.658135175704956,-0.2739901685
T68G,-0.08868002891540527,0.7695764815
T68F,-4.341167449951172,0.711104932
T68E,-0.44796252250671387,0.338118896
T68C,-2.9474027156829834,1.4194515875
T68M,-2.9897143840789795,-0.2238707525
T68D,-0.8569765090942383,1.1172892355
T68K,-1.5114290714263916,-0.3436546955
T69Q,-1.2963547706604004,0.648868165
T69Y,-2.543069839477539,0.5272692335
T69W,-5.624155044555664,0.888748435
T69V,0.2740129232406616,0.5449949614999999
T69S,-0.6424973011016846,0.429184299
T69R,-2.7942352294921875,1.381891077
T69P,-1.185936450958252,0.1384492755
T69N,-1.5585694313049316,0.430274504
T69M,-1.5550477504730225,-0.103311487
T69K,-2.629702091217041,-0.8452834915
T69L,-0.7092928886413574,1.012955287
T69H,-1.9789156913757324,0.255132331
T69G,-0.9714303016662598,1.051760112
T69F,-2.5575385093688965,0.07728468
T69E,-0.37491416931152344,0.1735727125
T69D,-1.1493418216705322,0.961727401
T69C,-2.287775993347168,1.083358125
T69A,-0.4333670139312744,0.7753814605
T69I,-0.9643430709838867,0.344338174
L70V,1.1218256950378418,0.749594338
L70Y,-2.446472644805908,1.893118947
L70K,-0.6696925163269043,-0.147215154
L70W,-4.553470611572266,0.031310531
L70T,1.5337153673171997,0.7708678205
L70E,0.4385061264038086,0.6771938155
L70R,-0.986170768737793,0.4754503385
L70Q,-0.17303991317749023,0.964881477
L70I,-0.03391742706298828,0.7421656855
L70P,0.8674812316894531,-0.456931067
L70S,0.9284422397613525,0.9819125025
L70H,-1.2916626930236816,0.110039822
L70M,-1.169987678527832,-0.7209365045
L70F,-1.8011054992675781,0.6757391985
L70A,1.5414830446243286,0.9225900205
L70C,-2.256556987762451,0.0134261055
L70D,0.08334636688232422,0.094048547
L70N,-0.5070013999938965,0.484206253
L70G,0.07387661933898926,0.647191311
V71A,0.5562038421630859,0.5496262175
V71C,-2.5729637145996094,0.722115297
V71D,0.22655105590820312,0.349749297
V71E,0.8223087787628174,0.3009946295
V71F,-1.9591670036315918,0.28716725
V71H,-0.9814891815185547,0.196154876
V71I,-0.700538158416748,-0.011214719
V71L,0.017576932907104492,0.6820082005
V71M,-1.2054171562194824,1.0852836615
V71N,-0.6787128448486328,0.369328384
V71P,1.2277419567108154,0.7367755840000001
V71Q,-0.16824102401733398,0.2056790575
V71R,-1.1858010292053223,0.6868176845
V71S,0.4098365306854248,0.559920975
V71T,0.6185996532440186,0.7916507065
V71W,-4.670074939727783,0.0558800405
V71Y,-2.0253920555114746,0.587725783
V71K,-0.7304849624633789,1.154131192
V71G,-0.12923145294189453,0.6913619955
A72C,-2.836153984069824,0.492848969
A72D,-0.35953283309936523,0.5439341945
A72W,-4.9640655517578125,-0.1990031775
A72E,0.26998186111450195,0.3012259165
A72F,-2.2225942611694336,0.452680253
A72G,-0.38064146041870117,0.04635643
A72H,-1.4656238555908203,1.312279478
A72I,0.13681674003601074,0.036753786
A72K,-0.43326234817504883,0.924188872
A72L,0.3002042770385742,0.8607817965000001
A72M,-0.75164794921875,0.7397429225
A72N,-0.9192535877227783,1.227524834
A72P,0.4247291088104248,0.4049767925
A72Q,-0.2981290817260742,1.0706228615
A72R,-1.154310703277588,0.8173463975
A72S,0.06124234199523926,0.207023137
A72T,0.06335830688476562,0.1165285585
A72V,0.5317327976226807,-0.072746086
A72Y,-2.5280513763427734,0.1865835495
E73D,-0.45336806774139404,-0.9159912445
E73W,-6.278440475463867,2.0881867685
E73V,-1.0102516412734985,-0.5023919705
E73T,-0.8694690465927124,0.3903926885
E73S,-0.7196358442306519,0.5681730420000001
E73R,-2.226034164428711,0.645776667
E73Q,-1.3321131467819214,-0.7349106590000001
E73C,-3.6184892654418945,-0.092705957
E73P,-0.3553255796432495,1.415001569
E73L,-1.6585811376571655,0.329715207
E73K,-1.493465781211853,0.121969882
E73I,-2.2403011322021484,-3.5015778725
E73H,-1.7936078310012817,1.145587213
E73G,-0.4376910924911499,0.6249312085000001
E73F,-3.741912841796875,-4.031024717
E73M,-3.1760001182556152,0.382577363
E73Y,-3.8409881591796875,-2.6906009025
E73A,-0.6336497068405151,0.203700412
L74C,-0.8036513328552246,0.2403436745
L74D,2.2473840713500977,1.2005061135
L74E,2.7428393363952637,0.6808110905
L74F,-1.8147735595703125,0.458232441
L74G,2.2609286308288574,0.7875903395
L74H,0.18956422805786133,1.103688527
L74Y,-1.6676297187805176,1.098628151
L74I,0.16964387893676758,-0.075461395
L74W,-4.00432825088501,0.3499865
L74V,1.5818583965301514,0.801613767
L74T,1.5465550422668457,-0.0209352
L74S,1.9539189338684082,0.338766895
L74R,0.1047205924987793,1.0170279985
L74Q,0.9876627922058105,-0.285347873
L74P,1.5424537658691406,0.12987202
L74N,0.8582897186279297,0.748408292
L74M,-0.6483607292175293,0.8246763675
L74A,1.6927275657653809,1.166529942
L74K,1.2004776000976562,1.410516163
H75D,1.1402106285095215,0.5766620595
H75Y,-1.8712191581726074,0.2592402245
H75W,-3.9238152503967285,0.2303360585
H75V,1.4978528022766113,0.7134399905
H75T,1.4333910942077637,-0.1277761545
H75S,1.6306037902832031,0.209745882
H75R,-0.03271627426147461,0.164143673
H75A,1.9349052906036377,0.43375087
H75C,-2.302457809448242,0.6308991860000001
H75E,2.2000136375427246,0.271779072
H75F,-1.761704444885254,0.132414276
H75P,2.091733455657959,0.456506574
H75N,0.8669881820678711,0.0653949205
H75M,-0.425076961517334,0.4304175425
H75L,0.6429705619812012,0.1477422165
H75K,1.1536340713500977,1.249422594
H75I,-0.06951236724853516,0.0079565119999999
H75G,1.4596784114837646,0.5017751804999999
H75Q,1.4318509101867676,0.8896312340000001
Q76R,-1.139364242553711,0.277088022
Q76S,0.7250766754150391,0.4022869325
Q76T,1.1034424304962158,0.4896079625
Q76V,0.6745820045471191,0.365529725
Q76P,0.5467455387115479,0.9947482475
Q76Y,-1.6367692947387695,-0.256978944
Q76N,-0.36362171173095703,0.817459224
Q76M,-1.4452753067016602,0.8155960484999999
Q76L,-0.702427864074707,0.938943394
Q76K,-0.5495743751525879,-0.425680393
Q76I,-0.860008716583252,0.393658188
Q76H,-0.6410543918609619,-0.252559102
Q76G,0.7129206657409668,0.8296358085
Q76F,-2.645796775817871,0.9374057645
Q76E,1.1049013137817383,0.7697704059999999
Q76D,0.31334662437438965,0.885463014
Q76C,-2.5952844619750977,0.6236792175
Q76A,1.1598494052886963,0.7208150695000001
Q76W,-4.898808479309082,0.5723281689999999
G77A,0.548762321472168,0.6400097365
G77Y,-1.7085847854614258,0.9888480705
G77H,0.5652899742126465,-1.3958966995
G77E,2.1133880615234375,0.523220418
G77F,-2.9519243240356445,0.417896791
G77I,-1.3044133186340332,-0.521369239
G77K,2.007185935974121,0.9081845875
G77L,-0.04257774353027344,0.583790397
G77M,-1.3191566467285156,1.271970248
G77N,-0.20420503616333008,1.164401185
G77C,-2.927967071533203,-1.820932771
G77P,2.9780235290527344,0.514641626
G77R,1.0032474994659424,0.884855037
G77S,0.5058231353759766,0.315824478
G77T,0.6780297756195068,-0.214176288
G77V,-0.11813974380493164,0.7624712645
G77W,-3.7504587173461914,0.0357174475
G77Q,2.207840919494629,0.317452749
G77D,-0.11947250366210938,0.101141146
E78W,-9.573230743408203,-0.7684979984999999
E78Y,-6.692326545715332,0.431153619
E78V,-3.981905460357666,-0.0472304255
E78C,-6.720188140869141,-0.3731732945
E78T,-3.6319098472595215,1.2575499555
E78S,-2.8291330337524414,1.3284483425
E78R,-3.7409963607788086,0.960466451
E78Q,-1.033931016921997,0.5600663935
E78P,-2.8435325622558594,-1.157227504
E78A,-3.240410327911377,1.3577857495
E78M,-6.76509428024292,-0.0684084285
E78L,-5.87870979309082,0.3434045
E78N,-3.599778652191162,1.0913309675
E78I,-6.030572891235352,0.0520473515
E78H,-3.8674073219299316,-0.556294762
E78G,-1.9365051984786987,0.6065111365
E78F,-7.965167045593262,-0.0719164055
E78D,-2.3450827598571777,-0.670005605
E78K,-2.25307035446167,0.447074257
R79W,-9.966842651367188,-0.897364132
R79G,-8.004048347473145,-0.157947924
R79A,-10.169960021972656,0.7023987505
R79C,-9.23702335357666,-2.953635308
R79D,-11.169451713562012,-1.977123072
R79E,-9.996447563171387,-0.382143764
R79F,-12.864009857177734,-3.9708776
R79H,-7.6714935302734375,0.5345804565
R79S,-8.718159675598145,-1.1795391025
R79K,-5.016607761383057,0.4778930605
R79L,-10.081597328186035,-2.670533974
R79M,-10.772777557373047,-1.03458166
R79N,-10.177754402160645,0.633550145
R79P,-8.954084396362305,-1.6024311219999998
R79Q,-7.193221092224121,-2.0015778725
R79I,-10.430194854736328,-0.603415449
R79T,-9.165782928466797,-0.2886349915
R79V,-10.097389221191406,0.0774127525
R79Y,-11.394855499267578,-0.3776337615
E80M,-8.924924850463867,-0.26339195
E80L,-7.762854099273682,0.8485042290000001
E80I,-9.79212474822998,0.339468808
E80N,-8.923857688903809,-0.002194451
E80H,-8.553791046142578,0.610593884
E80G,-6.500133991241455,0.6360842664999999
E80K,-6.491703987121582,0.49214018
E80P,-7.767542362213135,0.412611672
E80V,-8.042436599731445,0.332644472
E80R,-8.14834213256836,0.8741439925
E80S,-8.699135780334473,0.4299540055
E80T,-9.087759017944336,0.696135225
E80W,-12.77745246887207,-0.20770876
E80Y,-10.204644203186035,-0.1433320305
E80C,-11.143671989440918,0.7519266334999999
E80A,-6.7879438400268555,-0.526754657
E80F,-11.32487964630127,0.276893613
E80Q,-4.319188117980957,-0.0401684805
E80D,-4.908169746398926,-0.6342576695000001
T81C,-9.996768951416016,0.4147135905
T81W,-11.524221420288086,-0.7260940945000001
T81Y,-8.721738815307617,1.2314867134999998
T81A,-6.317896366119385,0.057943516
T81D,-9.343486785888672,0.3420590765
T81E,-6.912613868713379,-0.576468945
T81F,-8.554841041564941,0.5855219315
T81H,-6.717959403991699,0.7525960890000001
T81I,-6.554163455963135,0.360844428
T81K,-5.249421119689941,-1.3567236735
T81G,-7.504266738891602,-0.2470651935
T81M,-6.525514125823975,0.0728200575
T81N,-7.035524368286133,1.41557252
T81P,-9.019133567810059,1.0370215375
T81Q,-5.56015682220459,1.521304243
T81R,-6.663217544555664,-0.2635639535
T81S,-5.3678483963012695,0.102196598
T81V,-6.152952671051025,-0.7186706795000001
T81L,-7.473966121673584,0.5258333635
W82P,-13.940810203552246,0.0173220265
W82Y,-12.320128440856934,-0.5234063565
W82V,-14.365236282348633,-0.907190702
W82T,-14.542813301086426,-0.756170345
W82S,-11.561541557312012,-1.4211140775
W82R,-9.490495681762695,0.2676024295
W82Q,-13.079742431640625,-0.0557056665
W82N,-15.68136978149414,-2.3027527805
W82A,-14.808945655822754,-0.434390491
W82K,-12.519722938537598,-0.3762262535
W82I,-14.847412109375,-1.17942863
W82G,-11.648697853088379,-1.2657810555
W82F,-11.537450790405273,-0.844726615
W82E,-15.045089721679688,0.65523573
W82D,-15.568602561950684,-3.2753985045
W82C,-10.859424591064453,-0.6177279864999999
W82L,-10.74660873413086,-2.3468244625
W82M,-14.513429641723633,-0.183461214
G83V,-7.1034040451049805,-0.7964775165000001
G83W,-11.463873863220215,-0.6665023495
G83R,-6.9797773361206055,0.4726063635
G83Q,-7.933907508850098,0.5815837054999999
G83P,-8.051568984985352,0.4228819145
G83S,-0.2932720184326172,-0.173691921
G83N,-1.8526716232299805,1.069925652
G83M,-8.269975662231445,-0.7224637009999999
G83L,-8.366762161254883,-0.7455578795000001
G83K,-7.024456977844238,0.4001872025
G83T,-3.617811918258667,-0.2587300245
G83I,-8.749403953552246,0.282495207
G83H,-7.80678653717041,1.049663421
G83F,-9.729043006896973,-1.0824859375
G83A,-2.112516403198242,0.0191753145
G83C,-6.935635566711426,-1.2764609495
G83D,-4.067400932312012,-0.386468946
G83E,-7.0612592697143555,0.334283575
G83Y,-9.719769477844238,-0.48364559
K84A,-7.983605861663818,0.944917427
K84C,-9.546500205993652,0.4275681895
K84D,-8.105630874633789,0.0422830625
K84E,-7.874256610870361,0.36331692
K84F,-11.064651489257812,1.116891089
K84G,-5.037306785583496,0.578025435
K84L,-8.746603012084961,0.6727908495
K84I,-10.224655151367188,0.108826307
K84M,-8.359115600585938,0.0408937205
K84N,-4.694202423095703,0.1397444119999999
K84P,-10.119402885437012,-0.119973073
K84Q,-5.9020185470581055,0.6250522445000001
K84T,-7.077033519744873,-2.0749587865
K84V,-9.570991516113281,0.5405948535
K84W,-8.91472053527832,-0.019428373
K84Y,-9.695034980773926,0.384634507
K84H,-7.157431125640869,1.072431651
K84S,-5.484790802001953,0.8402470634999999
K84R,-2.151014804840088,0.407255686
K85R,-4.035312175750732,0.463390118
K85G,-6.914133071899414,-0.774398989
K85F,-12.334879875183105,-2.0245905345
K85E,-7.897017955780029,-0.283811739
K85D,-9.491225242614746,-0.336277607
K85C,-12.53837776184082,-2.9857234425
K85A,-10.62898063659668,-2.8178623555
K85L,-11.289314270019531,-2.2609211890000003
K85M,-9.535698890686035,-1.048630786
K85N,-5.826564788818359,-0.5350826675
K85P,-10.016497611999512,-0.617770742
K85Q,-5.200827598571777,-1.518234066
K85S,-7.146313190460205,-0.067531755
K85T,-7.2930707931518555,0.5093305225
K85H,-8.351072311401367,-0.7495929385
K85V,-11.369117736816406,-2.040774906
K85Y,-10.704974174499512,-0.415136608
K85W,-10.833312034606934,-0.4006809025
K85I,-11.415030479431152,-3.3424898925
V86R,-6.775908946990967,-0.411850163
V86P,-7.527513027191162,0.626142706
V86N,-7.18877649307251,-0.6499189175
V86M,-0.20845890045166016,-1.500664425
V86L,-0.8264354467391968,-0.7895122735
V86K,-7.110936641693115,-1.2433326695
V86I,0.6891546249389648,0.463976507
V86H,-8.087642669677734,-3.66254192
V86G,-6.339321136474609,-0.0238872325
V86F,-2.178889274597168,1.39335704
V86E,-7.749663829803467,0.4228141665
V86D,-8.746376991271973,-2.7668352310000004
V86C,-5.377352714538574,0.2304755655
V86T,-2.5940380096435547,1.260309711
V86W,-6.571136951446533,1.0044754105
V86Y,-6.362555027008057,1.306892242
V86S,-4.934202671051025,0.705971864
V86A,-1.7584627866744995,0.222606598
D87E,-1.2729015350341797,0.2576775545
D87G,-8.818602561950684,-0.3869704715
D87H,-11.087784767150879,0.7736542
D87I,-14.95637321472168,-1.6101269335
D87K,-12.207106590270996,0.8651299675
D87L,-14.902493476867676,0.1246318025
D87M,-14.908432006835938,-0.2928227885
D87N,-8.65507698059082,0.272805753
D87F,-15.043756484985352,-1.4759572655000002
D87Q,-9.814210891723633,-0.30315107
D87P,-13.22001838684082,0.650394757
D87Y,-12.944063186645508,-0.7034467240000001
D87A,-9.906129837036133,-1.1763511175
D87W,-16.92021369934082,-2.1478882665
D87C,-14.995935440063477,-2.7572042795
D87T,-11.6511869430542,0.768557791
D87S,-9.429535865783691,-0.1478280145
D87R,-13.853581428527832,-1.054922909
D87V,-13.077980041503906,-0.6168977210000001
F88D,-17.905935287475586,-0.5098726725
F88E,-19.921823501586914,0.044707433
F88G,-17.350927352905273,0.6656378620000001
F88H,-15.546199798583984,-0.2262126775
F88I,-14.354690551757812,-0.37683364
F88K,-18.949094772338867,-0.3686728070000001
F88L,-12.140182495117188,-0.659410854
F88N,-16.82524299621582,0.486669275
F88P,-18.870607376098633,-0.497310376
F88Q,-19.373886108398438,0.7413129959999999
F88S,-12.667842864990234,0.331425317
F88T,-17.089466094970703,0.108300762
F88V,-14.067985534667969,0.569140984
F88W,-16.655075073242188,0.528712428
F88Y,-6.85764217376709,0.5248054775
F88M,-15.494471549987793,0.177096822
F88R,-18.184654235839844,0.7171508120000001
F88A,-16.259136199951172,0.5113335725
F88C,-13.223148345947266,-0.5896821495
L89A,-13.403032302856445,-0.166207163
L89T,-13.320733070373535,-0.044587191
L89S,-14.061829566955566,-0.675445165
L89R,-15.015544891357422,-0.5672742465
L89Q,-13.720962524414062,0.694062948
L89P,-14.340685844421387,0.2487365985
L89N,-18.26873016357422,0.443557889
L89M,-7.145022392272949,-0.40292129
L89K,-17.13513946533203,-2.0418503365
L89I,-7.084053993225098,0.659007634
L89H,-15.103902816772461,0.1159982445
L89G,-17.433773040771484,-0.6096792865
L89F,-7.8601508140563965,0.7908647625
L89E,-19.307025909423828,-3.3710638445
L89V,-8.104873657226562,-0.097635734
L89W,-13.051767349243164,0.9272332445
L89Y,-14.051178932189941,-0.6818992475
L89D,-20.56792449951172,-1.2255207145
L89C,-14.419754981994629,-0.2952826155
L90A,-12.950095176696777,0.3451832745
L90C,-11.622295379638672,0.1539629315
L90D,-18.011112213134766,-3.8088523135
L90E,-16.57451820373535,-0.913735816
L90F,-7.175784587860107,0.620525905
L90G,-15.028343200683594,-0.086657313
L90H,-12.267562866210938,-0.5537212155
L90I,-8.236734390258789,-0.1995508865
L90M,-6.471075534820557,0.396364326
L90N,-15.389902114868164,-1.7724238719999998
L90P,-11.979336738586426,-0.6933422290000001
L90Q,-11.650337219238281,-2.6348595055
L90R,-12.122060775756836,-0.5072748970000001
L90S,-12.166627883911133,-1.105050592
L90K,-12.883731842041016,-1.0037097395
L90Y,-12.66977310180664,-1.084752983
L90W,-12.220090866088867,-1.147914245
L90V,-9.99547004699707,0.0562829135
L90T,-12.195124626159668,-0.24625075
S91Q,-13.131903648376465,0.9693187735
S91L,-12.646832466125488,-0.3265337495
S91M,-10.639089584350586,-0.5202685735
S91N,-11.689522743225098,-0.7756285629999999
S91P,-9.770983695983887,-0.475622818
S91H,-15.093544006347656,0.6966644845000001
S91R,-13.035947799682617,0.360672929
S91T,-6.117453098297119,-0.0339914155
S91V,-10.446222305297852,-0.0255740715
S91W,-14.386122703552246,-0.18818903
S91Y,-13.781156539916992,-0.419924977
S91G,-8.30449104309082,-0.0376550905
S91F,-12.73226547241211,0.220068552
S91E,-13.42298412322998,-0.4853441675
S91D,-13.865974426269531,-0.8720215425
S91C,-8.994935989379883,0.1212973535
S91A,-0.9422807097434998,0.358127176
S91K,-13.307042121887207,-2.353543324
S91I,-13.026480674743652,-1.325626892
V92L,-4.680413246154785,0.342714376
V92S,-7.901758193969727,0.42691202
V92R,-14.394430160522461,0.0944279145
V92Q,-10.447495460510254,-2.3517977315
V92P,-14.209166526794434,-0.8875639725
V92Y,-11.877249717712402,-0.576492056
V92A,-7.494409561157227,-0.1916887655
V92C,-7.189632415771484,0.8443454420000001
V92D,-13.3728666305542,-3.5015778725
V92E,-11.110713005065918,-0.717078757
V92F,-8.99234390258789,-1.7927419775
V92G,-10.403396606445312,-1.070448973
V92H,-13.879661560058594,-1.163212112
V92I,-3.204343318939209,0.4980487255
V92N,-10.3617582321167,-0.7939246885
V92T,-6.595071792602539,0.6417241425
V92W,-13.05936336517334,-0.0706459475
V92K,-14.157157897949219,0.2845661055
V92M,-4.589804172515869,0.408976086
I93A,-11.910058975219727,0.760793308
I93C,-12.145768165588379,1.062450533
I93M,-6.66718864440918,0.2922326915
I93F,-9.557310104370117,-0.020517832
I93G,-14.972986221313477,-0.3994709935
I93H,-15.321033477783203,-4.2150918415
I93K,-14.516450881958008,-4.5
I93L,-5.508883953094482,0.934678416
I93N,-13.467084884643555,-0.201397902
I93P,-15.699885368347168,-4.5
I93Q,-15.378988265991211,-0.694472654
I93R,-14.423776626586914,-2.6330950755
I93S,-12.859365463256836,-3.11291627
I93T,-9.060693740844727,0.0238106295
I93V,-4.8182291984558105,0.5219468295
I93W,-16.19487762451172,-2.02523073
I93Y,-14.672035217285156,0.395738666
I93E,-16.552532196044922,-4.5
I93D,-16.80200958251953,-2.4388124315
G94E,-10.396988868713379,-2.0368323565
G94V,-11.294973373413086,0.334575354
G94T,-12.150635719299316,0.879399947
G94S,-7.8482279777526855,0.770206992
G94R,-10.625448226928711,0.4975338855
G94Q,-14.740171432495117,-0.4142467515
G94A,-7.785270690917969,0.6345403275
G94D,-10.787171363830566,0.9040138175
G94P,-14.551539421081543,-0.7491248635
G94M,-15.502802848815918,-0.293029161
G94L,-15.413954734802246,0.020650099
G94K,-13.693325996398926,-0.9159489405
G94I,-14.915781021118164,-0.0957199365
G94H,-15.566804885864258,0.5430669954999999
G94F,-15.211673736572266,-0.748317474
G94N,-12.590933799743652,-4.26099023
G94C,-10.702651023864746,0.4684173885
G94Y,-15.12118911743164,-0.6641519785
G94W,-12.69616413116455,0.311564087
Y95T,-8.46812915802002,0.759404124
Y95C,-5.824339866638184,0.083225769
Y95D,-11.114971160888672,-0.625696054
Y95E,-11.514280319213867,-0.2796832645
Y95F,3.7427873611450195,0.375525898
Y95G,-9.074957847595215,0.337642157
Y95H,-7.719425201416016,0.749295541
Y95I,-5.997179985046387,0.068281764
Y95K,-10.350990295410156,-0.3952761485
Y95M,-6.383954048156738,0.3682466195
Y95N,-8.180206298828125,0.5606288365
Y95P,-11.595067024230957,0.923644372
Y95Q,-10.092796325683594,0.307233063
Y95R,-10.997939109802246,0.6594903845000001
Y95S,-5.303194999694824,0.9408443915
Y95L,-4.106562614440918,0.0563902985
Y95A,-8.501845359802246,0.6303430105
Y95W,-8.195775985717773,0.254081769
Y95V,-6.432289123535156,-0.394441433
A96F,-12.997491836547852,-1.365729364
A96E,-14.303936958312988,-0.873173295
A96H,-16.937946319580078,0.7970012105
A96I,-12.562437057495117,-3.2780980875
A96K,-13.839067459106445,0.0260436995
A96L,-14.079526901245117,-1.421227941
A96M,-14.074060440063477,0.8475891634999999
A96N,-12.821260452270508,-1.0138166445
A96P,-13.790679931640625,-0.1386197215
A96Q,-15.323638916015625,-0.8178623555
A96R,-14.526530265808105,-0.0802074895
A96S,-3.291578769683838,-0.4900700155
A96T,-7.594470500946045,0.1014836785
A96V,-10.325709342956543,-0.0014132465
A96W,-15.964279174804688,-0.7840844084999999
A96Y,-14.997926712036133,0.3672249145000001
A96D,-14.337729454040527,-4.886594715
A96C,-7.852150917053223,0.9580013695
A96G,-9.250886917114258,1.026707017
V97W,-19.0489501953125,-0.700458975
V97S,-15.208209037780762,0.3938125035
V97R,-15.302210807800293,-1.481927072
V97L,-10.532561302185059,1.0097814225
V97I,-5.896625518798828,0.807240017
V97G,-11.880428314208984,-1.5240584775
V97F,-14.953314781188965,2.1597370685
V97E,-14.010966300964355,-4.5
V97D,-13.273847579956055,-0.367654976
V97C,-12.950078010559082,-2.332146931
V97Y,-18.214019775390625,0.6731473684999999
V97A,-10.793855667114258,0.256086196
V97T,-10.520458221435547,1.0348704615
D98P,-14.47724437713623,0.4715772785
D98Q,-13.962007522583008,0.6238614579999999
D98R,-13.175171852111816,0.475432189
D98N,-8.898942947387695,0.951946696
D98T,-12.768072128295898,0.8365081735
D98V,-11.668731689453125,-1.4257770555000002
D98A,-10.22892951965332,-0.413065274
D98S,-10.478629112243652,1.1576752075
D98M,-15.982219696044922,-2.444375969
D98F,-14.413814544677734,-1.6319292685
D98K,-14.085835456848145,0.4468805935
D98I,-13.828129768371582,-1.7065864645
D98H,-11.36814022064209,0.7403293835
D98C,-11.630005836486816,0.001054252
D98E,-9.484447479248047,-0.705990248
D98W,-16.50187110900879,-2.377609429
D98G,-6.130443572998047,0.6540246995000001
D98L,-14.650604248046875,-2.0991109685
D98Y,-11.709894180297852,-2.600783121
L99Q,-11.154871940612793,-0.570023006
L99I,-7.314365386962891,0.2986638545
L99K,-14.869394302368164,-2.5879004655
L99M,-7.136360168457031,-0.3155817425
L99N,-15.840339660644531,-1.9136843255
L99V,-8.668954849243164,0.3848667235
L99A,-12.26390552520752,-0.3957638265
L99C,-11.4660062789917,-0.8960874440000001
L99D,-18.748699188232422,-5.1546568365
L99E,-17.093013763427734,-2.9563407465
L99F,-7.641146659851074,0.983252561
L99T,-12.563406944274902,-1.2304528045
L99S,-11.50450611114502,-1.9342736275
L99R,-11.495694160461426,-0.859189512
L99P,-9.226040840148926,-0.0384653995
L99H,-12.579974174499512,-1.3586818815
L99G,-14.931624412536621,-0.952163272
L99Y,-13.19398307800293,0.7903972465000001
L99W,-11.869194030761719,0.6873828240000001
G100Q,-14.836509704589844,1.5339862035
G100A,-3.2386465072631836,0.6508229010000001
G100P,-12.033617973327637,0.8145419705
G100C,-11.362812995910645,0.8324587790000001
G100D,-13.023536682128906,-0.351488421
G100E,-14.85273265838623,0.0085598555
G100F,-14.77717113494873,-0.209548071
G100H,-16.86649513244629,1.2158469085
G100T,-10.445069313049316,0.9303801505
G100K,-14.175090789794922,1.0475197725
G100R,-12.739927291870117,0.1002074385
G100I,-13.744097709655762,-0.218402079
G100S,-6.805051326751709,1.0136946365
G100V,-12.157999038696289,-0.70732038
G100N,-11.33625602722168,1.2772536955
G100L,-14.241244316101074,-0.6526444570000001
G100M,-15.326416015625,0.4841235065
G100Y,-15.294063568115234,-1.8431682075
G100W,-14.723306655883789,-0.3286784075
N101W,-18.759063720703125,-1.6655137105000002
N101C,-12.293758392333984,0.60781115
N101D,-10.407360076904297,-0.838865121
N101E,-14.699519157409668,-2.009611772
N101F,-17.19931983947754,-2.5011231030000003
N101G,-13.45704174041748,-0.3981146485
N101H,-12.714008331298828,-1.074068699
N101I,-13.27867603302002,-1.03289176
N101L,-15.927749633789062,-1.9413406575
N101P,-15.701807022094727,-0.1335094225
N101Q,-13.147066116333008,-0.407436853
N101R,-14.173121452331543,-0.4216330485
N101S,-7.690090179443359,0.4234207125
N101T,-10.594947814941406,0.1596297855
N101V,-15.604998588562012,0.1336857905
N101K,-11.851570129394531,0.180273275
N101M,-16.626604080200195,-1.756701579
N101A,-11.245545387268066,0.432028985
N101Y,-14.992552757263184,-2.0019120585
V102D,-11.32033920288086,-2.3792713275
V102T,-9.188247680664062,-0.177639516
V102A,-7.451450347900391,-0.0235502355
V102C,-9.478415489196777,-0.0232642405
V102W,-13.086573600769043,0.282610268
V102E,-10.976690292358398,-1.191613072
V102F,-8.698835372924805,1.09099439
V102G,-9.773276329040527,-1.841230105
V102H,-13.320350646972656,-3.1552691695
V102I,-3.891822338104248,0.6202431955
V102Y,-11.454532623291016,0.038960996
V102K,-12.48085880279541,-1.1420393545
V102L,-5.813872337341309,0.6536212545000001
V102M,-7.152990341186523,-0.0138209065
V102N,-11.566793441772461,-1.9406060795
V102P,-12.546621322631836,-4.0927949855
V102Q,-12.37512493133545,-1.7450269095
V102S,-11.326406478881836,-1.9724272715
V102R,-12.475191116333008,-1.7970298695
W103T,-14.821030616760254,0.2338844075
W103V,-14.823974609375,0.5195174445
W103Y,-10.375792503356934,0.6195792705
W103A,-14.234743118286133,0.3791771265
W103M,-14.90385913848877,1.2901462815
W103R,-10.729360580444336,-1.113758345
W103Q,-14.44892406463623,-0.816263427
W103C,-9.841398239135742,-1.3216419865
W103L,-11.247781753540039,-0.0959401675
W103D,-15.695199966430664,-3.53267482
W103E,-15.942415237426758,-1.9510848725
W103F,-11.846771240234375,0.444329034
W103G,-11.358718872070312,-1.0270792805
W103H,-15.266938209533691,-2.962042087
W103I,-14.820904731750488,0.247396621
W103S,-11.28707218170166,-0.454897456
W103K,-14.583677291870117,-1.564916265
W103P,-15.090962409973145,-1.428060902
W103N,-15.91545295715332,-1.1919522434999998
R104W,-11.379968643188477,-1.817899722
R104Y,-12.785069465637207,-2.9473550630000003
R104A,-14.607616424560547,-2.689223835
R104C,-11.018972396850586,-1.5948285969999998
R104D,-16.006912231445312,-1.789143882
R104E,-14.741048812866211,-1.3657040294999998
R104F,-14.584512710571289,-2.1008070745
R104H,-9.878984451293945,-1.818978574
R104I,-12.505599021911621,-2.577115704
R104K,-7.8258161544799805,-0.5862804979999999
R104G,-11.652115821838379,-1.5454822325
R104M,-12.64458179473877,-1.978587761
R104L,-11.98208236694336,-3.6822047945
R104T,-12.076631546020508,-1.3648166175
R104S,-11.697160720825195,-1.062874939
R104V,-14.36058521270752,-1.556647684
R104Q,-10.58664321899414,0.042683174
R104P,-13.510207176208496,-2.17411793
R104N,-13.673768997192383,-2.3548135585
F105W,-13.328431129455566,-1.3971433135
F105H,-15.409809112548828,-2.216669714
F105I,-11.201869010925293,-0.5415619355
F105L,-9.511550903320312,-1.453932332
F105M,-14.381950378417969,-1.4522896065000002
F105N,-16.945465087890625,-5.002071933
F105P,-15.67859172821045,-3.742131203
F105Q,-18.643566131591797,-1.8250438785
F105R,-16.878219604492188,-2.3119737825
F105G,-16.046009063720703,-2.005004265
F105T,-15.364730834960938,-2.213071963
F105V,-11.20632553100586,-1.8138153935
F105Y,-9.462520599365234,-0.316856271
F105S,-11.406658172607422,-1.19974535
F105K,-19.020591735839844,-2.7043314135000003
F105A,-14.770718574523926,-2.439062135
F105C,-11.678529739379883,-4.3614815710000014
F105D,-19.023372650146484,-2.9175463615
F105E,-19.96286392211914,-3.5470221005
P106M,-16.997314453125,-2.209451388
P106Y,-15.685060501098633,-1.6952074915000002
P106T,-11.44460391998291,-1.4909620094999998
P106S,-10.177278518676758,-1.939711614
P106R,-13.368148803710938,-2.2197548345
P106Q,-13.155428886413574,-2.665921119
P106N,-15.211185455322266,-1.258707051
P106V,-15.687220573425293,-1.790136174
P106L,-11.973718643188477,-1.4228866235
P106K,-16.67653465270996,-2.2572387845
P106I,-16.03162384033203,-2.555432997
P106H,-12.416486740112305,-1.181483687
P106G,-14.919037818908691,-2.025479418
P106F,-15.934765815734863,-3.9207189975
P106E,-17.999935150146484,-2.800259622
P106D,-16.921945571899414,-3.207337108
P106C,-15.798691749572754,-1.4791980605
P106A,-11.836579322814941,-2.1792490680000003
P106W,-16.390491485595703,-2.390161486
Y107G,-11.802911758422852,-1.539579239
Y107S,-7.63269567489624,-0.7403436484999999
Y107T,-6.451904296875,0.187721422
Y107F,-6.202709197998047,-0.6317297270000001
Y107E,-13.917058944702148,-1.3593171544999998
Y107I,-11.455611228942871,-0.191583109
Y107C,-7.894930839538574,-0.449312188
Y107A,-10.74366569519043,-0.149671574
Y107K,-12.340880393981934,-2.063898458
Y107H,-6.671897888183594,-0.0875048144999999
Y107L,-9.828059196472168,0.5335133095
Y107N,-8.83436107635498,-0.1506522555
Y107P,-13.914478302001953,-3.698349687
Y107Q,-10.436363220214844,0.0023756635
Y107R,-7.812621593475342,-1.0873598725
Y107W,-10.701125144958496,0.2874414765
Y107V,-10.978569030761719,0.4937638795
Y107M,-12.363359451293945,0.330262462
Y107D,-11.685201644897461,-1.526862362
I108Y,-10.66903018951416,-0.5900524564999999
I108E,-14.671621322631836,-2.456359271
I108A,-10.190299034118652,-0.108772702
I108C,-11.336848258972168,-2.42108014
I108D,-14.022735595703125,-3.5710738385000003
I108F,-9.134517669677734,-1.668908994
I108G,-13.143434524536133,-2.2072584125
I108H,-12.994710922241211,-1.148588497
I108K,-11.575738906860352,0.208887659
I108L,-4.128689289093018,-0.5445487955
I108N,-9.369355201721191,-0.978166521
I108P,-12.508159637451172,-2.2981174655000003
I108M,-6.660106658935547,-0.6648018825
I108R,-11.211363792419434,-0.7036322315000001
I108S,-9.75732421875,-1.522060449
I108T,-3.6102294921875,0.023036661
I108V,-3.9379146099090576,0.53664462
I108W,-14.424080848693848,-1.7330967555
I108Q,-12.511388778686523,-2.01006512
C109L,-9.986574172973633,-1.920182997
C109G,-8.789507865905762,-2.345974745
C109H,-12.457321166992188,-1.055109758
C109F,-8.870857238769531,-1.555460826
C109E,-14.027974128723145,-2.540108081
C109D,-11.606775283813477,-1.663810816
C109I,-10.470580101013184,-3.462993942
C109K,-14.55093765258789,-2.604546699
C109M,-11.608258247375488,-0.6564307645
C109S,-6.711602210998535,-1.5935007815
C109P,-12.22473430633545,-1.7353454055000002
C109Q,-14.522551536560059,-1.943394408
C109R,-10.28078556060791,-1.725690286
C109A,-5.934939384460449,0.4964178715
C109T,-7.98549747467041,-0.6183013645000001
C109V,-7.611911773681641,-0.140954316
C109W,-10.73294734954834,-1.520015478
C109Y,-7.648747444152832,-0.9061274095
C109N,-10.28526782989502,-2.021666083
Y110V,-10.830275535583496,0.37453769
Y110W,-9.67451000213623,-1.548484065
Y110T,-11.615206718444824,-2.0232074465
Y110Q,-9.997771263122559,-0.873582338
Y110R,-12.05069351196289,-1.496112686
Y110S,-8.62063217163086,-1.116194214
Y110A,-10.384332656860352,0.7772973345
Y110C,-8.162144660949707,-0.667115641
Y110D,-11.203353881835938,-1.3578685325
Y110F,-2.9299964904785156,-1.035010216
Y110G,-8.998916625976562,-1.6621030635
Y110H,-6.528403282165527,-0.41133996
Y110E,-12.460122108459473,-1.643006711
Y110K,-13.423580169677734,-2.3922069345
Y110L,-7.530303001403809,0.113622115
Y110M,-9.846965789794922,-0.6928458384999999
Y110N,-8.836487770080566,-1.3546836880000002
Y110P,-15.566171646118164,-1.6403079755
Y110I,-10.556754112243652,-0.08584704
Q111K,1.8130459785461426,0.1184935775
Q111E,-3.136364459991455,-0.386707435
Q111D,-6.7050981521606445,-2.327912092
Q111F,-10.85690975189209,-1.5263309605000002
Q111G,-7.439181327819824,-1.3611873495
Q111H,-4.961052417755127,-1.4675541025
Q111I,-6.887072563171387,-0.0277852745
Q111L,-7.088671684265137,-0.3123484295
Q111S,-4.077080249786377,-0.131277749
Q111N,-3.020204544067383,-0.268250302
Q111P,-10.354981422424316,-1.521568208
Q111Y,-8.506665229797363,-0.1825734315
Q111W,-11.076411247253418,-2.536581932
Q111V,-7.125073432922363,-0.002363563
Q111T,-4.825550079345703,0.5025310325
Q111R,-1.2932496070861816,0.5217092664999999
Q111C,-7.918761253356934,-0.8321046209999999
Q111M,-4.972681999206543,0.4606627265
Q111A,-6.907528877258301,0.166561467
N112A,-11.627817153930664,-0.986455604
N112W,-14.54281997680664,-1.093260532
N112Y,-7.278078079223633,-1.477345567
N112C,-10.463775634765625,-0.906523131
N112D,-10.244429588317871,-0.6144640055
N112E,-13.263208389282227,-2.8098590505
N112F,-11.652454376220703,-2.4216320015
N112H,-5.476673126220703,-0.0918225895
N112I,-13.560336112976074,-1.398758206
N112K,-11.04977798461914,-0.3306329525
N112G,-11.247038841247559,-1.922478101
N112M,-13.467131614685059,-3.98125688
N112P,-15.719558715820312,-3.586540373
N112Q,-10.669737815856934,-1.235682904
N112R,-13.051525115966797,0.052891809
N112S,-5.627196788787842,-0.8226265965
N112T,-9.49984359741211,-1.2078873490000002
N112V,-13.684391021728516,-1.5356538785
N112L,-13.82022476196289,-2.392394551
G113L,-13.887348175048828,-2.147991555
G113D,-9.47634506225586,-2.5745586105
G113E,-11.174813270568848,-0.043571159
G113F,-14.46587085723877,-3.0123640985000004
G113H,-12.320463180541992,-0.546966768
G113I,-15.764942169189453,-2.11012724
G113K,-11.754446029663086,-2.381153491
G113M,-14.58946418762207,-1.637488997
G113Y,-13.695779800415039,-1.2244616615
G113P,-16.81854248046875,-2.1503876205
G113Q,-12.294792175292969,-0.9803315415
G113R,-10.301136016845703,-1.22746781
G113S,-9.314414978027344,-1.942285941
G113T,-13.95947265625,-1.519339622
G113V,-13.102407455444336,-1.6901931905
G113W,-14.030122756958008,-3.0733732995
G113C,-12.057454109191895,-1.6410938085
G113N,-10.425333023071289,-1.077315931
G113A,-9.116645812988281,-0.4872098025
G114Y,-14.992107391357422,-1.7660749365
G114C,-11.33096981048584,-2.0608507135
G114A,-9.594436645507812,-1.592877577
G114W,-12.503100395202637,-2.425243365
G114V,-11.798173904418945,-1.9373240035
G114T,-13.442253112792969,-0.9673964155
G114S,-9.78919506072998,-1.2172255975
G114Q,-14.7572021484375,-1.840775778
G114P,-15.578824996948242,-1.208512778
G114N,-13.042939186096191,-1.582531076
G114R,-10.202142715454102,-1.0581323905
G114L,-14.624970436096191,-2.0030770075
G114K,-13.179515838623047,-2.649062996
G114I,-13.94085693359375,-2.0867042795
G114H,-15.26762866973877,-2.3795302385
G114F,-13.82581615447998,-1.2055135355
G114E,-11.36208438873291,-1.304211559
G114D,-10.620027542114258,-1.7857771180000002
G114M,-15.09140396118164,-3.3227871105
G115N,-12.890186309814453,-1.348322292
G115T,-11.428985595703125,-1.7799308230000002
G115V,-8.863594055175781,-1.62391742
G115W,-12.476256370544434,-2.3288840185
G115Y,-14.176016807556152,-3.3491505815
G115Q,-14.640374183654785,-1.953635308
G115P,-13.370418548583984,-3.0224879605
G115M,-12.647510528564453,-1.8007230985
G115A,-5.322441577911377,0.2192690305
G115K,-13.814815521240234,-3.596316772
G115I,-12.238129615783691,-1.2590956855
G115H,-14.998955726623535,-4.5
G115F,-12.726325988769531,-2.021516408
G115E,-11.414705276489258,-2.9428954445
G115D,-11.421891212463379,-0.735995972
G115C,-9.008695602416992,-1.415330977
G115R,-11.354253768920898,-1.5341278
G115L,-11.775028228759766,-2.3887097875
G115S,-8.246381759643555,-1.364971137
A116C,-8.914243698120117,-1.0019011795
A116D,-9.867963790893555,0.8086422365000001
A116F,-11.441584587097168,-2.2944569665
A116G,-8.0880765914917,-0.250685966
A116H,-13.596809387207031,-3.8072952285
A116I,-8.594504356384277,-1.135709083
A116K,-14.492155075073242,-1.9756279865
A116L,-10.404667854309082,-1.9973871385
A116E,-10.221153259277344,-2.2578775330000003
A116M,-10.628482818603516,-1.304432235
A116P,-9.097269058227539,-1.769033156
A116Q,-12.570999145507812,-0.8970970275
A116R,-13.64417839050293,-2.7275149685000004
A116S,-5.752653121948242,-0.2214842455
A116T,-6.772216796875,0.278825105
A116V,-3.3686909675598145,-1.093493232
A116N,-12.385529518127441,-2.374659128
A116W,-14.07126235961914,-2.142276549
A116Y,-12.399747848510742,-1.90485523
F117I,-10.925537109375,-0.7675757059999999
F117N,-14.594501495361328,-1.4536353085
F117P,-13.876412391662598,-1.4213664175
F117Q,-16.74486541748047,-1.779253168
F117R,-15.69999885559082,-2.357412135
F117S,-10.401914596557617,-0.7688473645
F117T,-14.474020004272461,-1.1572866065
F117K,-17.085243225097656,-2.700038487
F117V,-11.52867603302002,-1.802887416
F117C,-11.6480131149292,-1.679386975
F117D,-15.44583511352539,-2.256462344
F117E,-17.22136688232422,-1.845754039
F117G,-14.614774703979492,-2.7454968595
F117W,-12.529058456420898,-1.395927784
F117Y,-6.089057445526123,-0.6940491355
F117A,-14.1213960647583,-2.994178851
F117H,-13.420893669128418,-1.921801496
F117L,-10.136215209960938,-0.8872334040000001
F117M,-13.933897972106934,-2.2753985045
L118E,-17.28398895263672,-2.1850276845
L118A,-9.466171264648438,-2.046293828
L118C,-10.298494338989258,-2.4287110335
L118R,-14.247089385986328,-1.9980167575
L118S,-12.088924407958984,-1.5883345169999998
L118T,-10.943273544311523,-2.493664017
L118V,-5.720024108886719,-1.6190504145
L118W,-10.594827651977539,-0.5970356715
L118Y,-10.584928512573242,-1.4335642025
L118D,-18.529966354370117,-1.4344145940000002
L118Q,-12.865717887878418,-2.708641853
L118P,-11.007952690124512,-1.628557456
L118N,-15.951047897338867,-3.02729235
L118M,-5.087407112121582,-0.9071057275
L118K,-16.845638275146484,-2.40618237
L118I,-4.212881088256836,-1.104077888
L118H,-13.65570068359375,-1.4674717425
L118G,-13.410701751708984,-2.163288109
L118F,-3.8935651779174805,-1.727735325
L119P,-7.713212013244629,-0.7609374125
L119Q,-10.496726989746094,-1.423540135
L119V,1.06113862991333,0.323754088
L119S,-7.736729621887207,-2.3163082805
L119T,-5.156670570373535,-2.3144843345
L119W,-8.820098876953125,0.2891667445
L119A,-4.025456428527832,-0.5915854765
L119Y,-8.471672058105469,-0.0894234744999999
L119K,-10.447115898132324,-3.7836261215
L119I,3.307199478149414,0.2866154955
L119H,-11.635320663452148,-5.157243693
L119G,-7.646474838256836,-1.3949572605
L119F,-2.1752865314483643,-0.5410335295
L119E,-10.659656524658203,-3.000698618
L119D,-12.975531578063965,-1.2343362505
L119C,-5.949554443359375,-1.7250773315
L119R,-11.902976036071777,-2.946716926
L119N,-10.293651580810547,-2.9550231705
L119M,-3.310857057571411,-0.616676143
P120Q,-11.827852249145508,-3.499476591
P120A,-7.51375675201416,0.7202407365000001
P120C,-10.882194519042969,0.271025814
P120D,-17.49625015258789,-3.5096621555
P120E,-16.269969940185547,-2.533400223
P120F,-10.65965461730957,-3.5329663025
P120G,-12.604599952697754,-0.917581532
P120H,-13.120327949523926,-1.8950315015
P120I,-8.095973014831543,0.4666329605
P120K,-17.651721954345703,-1.7072470435
P120L,-6.736660957336426,-0.7492688605
P120M,-10.362079620361328,-1.3897711565000002
P120N,-14.467373847961426,-2.4583932055
P120R,-15.990483283996582,-1.6174863080000002
P120S,-8.807188987731934,-0.473410691
P120T,-8.26075553894043,-0.2065536795
P120V,-7.249451637268066,0.4286080265
P120W,-14.668664932250977,-1.7135564265
P120Y,-13.160025596618652,-2.166901877
Y121W,-12.332218170166016,0.8552766034999999
Y121V,-12.347314834594727,-2.2759891315000003
Y121T,-12.489460945129395,-2.390185174
Y121S,-10.323066711425781,-0.7730273304999999
Y121C,-11.132513046264648,-1.652674749
Y121Q,-13.137744903564453,-2.330366265
Y121E,-14.13143539428711,-3.708189526
Y121F,-4.951879024505615,0.087885536
Y121G,-12.468121528625488,-1.9884554945
Y121H,-11.180658340454102,-0.6687849889999999
Y121I,-11.650136947631836,-3.2925803595
Y121A,-13.1104097366333,-2.970625873
Y121K,-14.155041694641113,-1.2709940445
Y121L,-10.866024017333984,-1.880558927
Y121M,-13.39670181274414,-2.6400675445
Y121N,-11.118325233459473,-1.450251144
Y121P,-12.778623580932617,-3.0269278555000003
Y121R,-14.291788101196289,-2.1740370105
Y121D,-11.89142894744873,-2.3263942255
T122Q,-9.937397956848145,-1.407811201
T122R,-11.64521312713623,-1.8003157805
T122A,-0.49666714668273926,0.2954396875
T122W,-6.134775161743164,0.897602382
T122V,-0.5587830543518066,0.813890751
T122S,-1.3293111324310303,-0.3082251935
T122Y,-5.997197151184082,-0.6112213225
T122P,-6.759478569030762,-4.7813563675
T122N,-6.364062309265137,-3.2202805285
T122M,-2.2160677909851074,0.2467253625
T122K,-11.346993446350098,-1.516173517
T122I,0.5566997528076172,0.2435041615
T122H,-9.407010078430176,-1.6022603685
T122G,-2.079334259033203,0.4945201935
T122F,0.7652382850646973,0.216676611
T122E,-9.324599266052246,-2.8628108845
T122D,-9.893471717834473,-1.141318119
T122L,0.2012796401977539,0.26447057
T122C,-0.13077926635742188,-0.1184711075
I123T,-2.8661201000213623,-0.206204544
I123S,-4.077275276184082,-1.939762813
I123L,0.057582855224609375,-1.868823404
I123W,-9.395111083984375,-1.5523128415
I123Y,-9.060981750488281,-5.331335904
I123M,-3.292841911315918,-1.0468373745
I123V,-0.9660735130310059,0.597509755
I123R,-12.030588150024414,-1.6787604115
I123E,-11.57033920288086,-3.10452667
I123N,-9.53770637512207,-1.2209507205
I123P,-9.813430786132812,-2.6580421795
I123K,-11.545892715454102,-2.123094714
I123A,-3.719723701477051,-0.193254901
I123C,-4.825572490692139,0.422243611
I123H,-11.80644416809082,-1.558699701
I123G,-7.1966776847839355,-2.294968045
I123Q,-10.687994003295898,-1.311691317
I123D,-11.963018417358398,-1.801203479
I123F,-1.3760719299316406,-1.4830791995
M124Q,-10.55127239227295,-4.5440729585
M124P,-12.642160415649414,-1.049479037
M124N,-10.196046829223633,-4.781454333
M124L,-4.838865280151367,0.089764182
M124K,-10.513161659240723,-0.582978986
M124I,-4.953298091888428,-1.024639359
M124E,-13.13214111328125,-1.9426321045
M124G,-11.085494041442871,-1.3755902295
M124F,-3.5562381744384766,0.3356077945000001
M124R,-11.888908386230469,-1.107880453
M124D,-12.978252410888672,-2.704299742
M124C,-7.197483539581299,0.7232700375
M124A,-7.8514084815979,0.2890311255
M124H,-12.13071346282959,-1.788735176
M124S,-8.173345565795898,-0.143168684
M124W,-11.705953598022461,-1.0505249505
M124V,-6.512847423553467,0.5036820989999999
M124Y,-10.20462417602539,-1.7984877425
M124T,-6.700911521911621,0.1682341975
A125I,-1.0516822338104248,0.202065595
A125H,-6.211373329162598,-0.1033906825
A125F,0.5871338844299316,0.8143456309999999
A125W,-5.290350914001465,0.451237205
A125E,-7.4601335525512695,-1.945758403
A125D,-8.687430381774902,-1.466248774
A125K,-8.827012062072754,-2.1213279330000003
A125M,-0.8104183673858643,0.665943328
A125N,-6.082306861877441,-1.368001719
A125P,-5.932090759277344,-2.9320519005000003
A125Q,-5.885601997375488,-0.8278863345
A125R,-7.341116905212402,-2.228730725
A125S,-2.862898111343384,-0.880345887
A125T,-2.4172589778900146,0.1692335525
A125V,2.006326675415039,0.2041895425
A125L,3.3237907886505127,0.9379725005
A125C,-3.8316214084625244,-0.1558969415
A125G,-4.288047790527344,-0.4888376465
A125Y,-4.51392936706543,0.163272473
I126T,-6.357985496520996,-0.8200714065000001
I126D,-15.484546661376953,-3.9090107745
I126E,-14.789198875427246,-1.998586129
I126F,-2.69223690032959,-0.4650136895000001
I126G,-8.058210372924805,-1.740084155
I126H,-14.499141693115234,-3.2537404455
I126K,-15.004082679748535,-1.702580447
I126L,-1.5203633308410645,-0.884936585
I126M,-4.868952751159668,-0.0553845405
I126N,-13.556112289428711,-1.7574765965
I126P,-12.62580394744873,-2.278268841
I126Q,-15.129186630249023,-2.7514417360000003
I126R,-15.373597145080566,-2.723085177
I126S,-8.783942222595215,-1.458880692
I126A,-4.094694137573242,-0.17299396
I126V,-0.728062629699707,-0.012643157
I126W,-11.190129280090332,-1.835431495
I126Y,-11.414070129394531,-2.369926235
I126C,-4.577594757080078,0.155765318
F127K,-15.9158296585083,-1.860465247
F127N,-12.332684516906738,-4.9509095655
F127A,-6.012162208557129,-0.1605853715
F127C,-4.746922969818115,0.360395995
F127D,-14.498477935791016,-2.6096809145
F127E,-13.450777053833008,-2.110563086
F127G,-7.942507266998291,-0.9196276545
F127H,-13.930313110351562,-3.2964376955000003
F127I,-2.646470069885254,0.6160943335
F127P,-13.073453903198242,-1.518576374
F127L,-1.723562240600586,-0.0061569695
F127Y,-10.863677024841309,-0.809453463
F127W,-10.3692045211792,-1.369128711
F127M,-6.314376354217529,0.019291877
F127V,-3.0135316848754883,1.1101635995
F127T,-3.8718948364257812,-0.1587958125
F127S,-7.343194007873535,-0.5838012505
F127R,-15.009267807006836,-2.078786972
F127Q,-13.949398040771484,-1.9041739615
G128L,-9.774678230285645,1.02944994
G128Y,-12.73749828338623,0.4364084245
G128W,-11.110372543334961,-2.12412991
G128V,-7.799973964691162,-2.118928435
G128S,-7.175793170928955,0.5191936979999999
G128R,-12.278448104858398,-1.260411228
G128T,-9.171658515930176,0.4488244945
G128P,-14.549581527709961,-1.86712821
G128A,-5.961341381072998,-1.019000782
G128C,-7.1917033195495605,0.134108824
G128D,-12.547395706176758,-2.3151847615
G128Q,-13.326130867004395,0.4677086895000001
G128F,-9.512704849243164,1.2772783725
G128E,-10.847566604614258,-0.3082902685
G128I,-9.326831817626953,0.5348783685
G128K,-13.447612762451172,-3.0193898275
G128M,-9.90427303314209,0.4177857725
G128N,-11.548968315124512,-2.758864459
G128H,-15.536056518554688,0.56471788
G129S,-8.714428901672363,-0.2318445635
G129Y,-16.883071899414062,-2.726908577
G129W,-14.166693687438965,-2.59819484
G129V,-12.120429992675781,-1.7205332375
G129T,-12.925189018249512,-3.4388124315
G129R,-13.234524726867676,-0.157556768
G129F,-13.517247200012207,-5.197206958
G129P,-15.966927528381348,-0.8868970305
G129N,-14.710596084594727,-2.777848384
G129M,-14.230964660644531,-3.709096622
G129L,-14.785383224487305,-2.8149932185
G129K,-17.019569396972656,-2.151285949
G129I,-14.23392391204834,-2.636171189
G129H,-17.952560424804688,-3.386594715
G129E,-13.937868118286133,-1.6669785465
G129D,-13.695051193237305,-0.240352988
G129C,-10.407383918762207,-3.5112604339999995
G129A,-6.6055521965026855,0.438797766
G129Q,-17.44719696044922,-0.2492403385
I130F,-4.794533729553223,-0.1173039065
I130D,-15.701899528503418,-3.4914889315
I130C,-9.618206977844238,0.3949207115
I130A,-8.46161937713623,1.059289371
I130E,-13.358180046081543,-0.7790999225
I130T,-7.3908796310424805,-0.564605266
I130Y,-9.982852935791016,-3.775563403
I130W,-8.642123222351074,-0.9674911485
I130V,-2.5450642108917236,0.2642150545
I130S,-9.5386962890625,-1.358863784
I130R,-9.281106948852539,-3.0861339145
I130P,-11.555245399475098,-0.90609421
I130Q,-9.251518249511719,-1.8493419975
I130M,-0.7862329483032227,0.524950896
I130L,1.3262596130371094,-1.5450950755
I130K,-9.597075462341309,-4.5
I130H,-11.747740745544434,-3.0458475935000004
I130G,-11.859562873840332,-1.925947129
I130N,-11.911728858947754,-0.153660536
P131S,-8.160137176513672,1.417309925
P131Q,-9.60274887084961,-1.3085405515
P131R,-12.143441200256348,-2.1836730280000003
P131T,-9.401215553283691,-0.596451506
P131H,-11.112561225891113,-2.0126273445
P131W,-16.034360885620117,-2.3724485955000003
P131Y,-15.69288444519043,-3.559316481
P131N,-13.430171966552734,-1.975274893
P131V,-12.123332977294922,-2.056045204
P131M,-13.157495498657227,-3.482563774
P131D,-15.859450340270996,-1.1799862
P131K,-14.267868995666504,-0.980990941
P131I,-12.867498397827148,-3.696099018
P131G,-12.964550018310547,-2.023355286
P131F,-13.422364234924316,-2.7186706795
P131E,-14.777798652648926,-2.3555277755
P131C,-12.06281566619873,-3.2840844085
P131A,-9.033102035522461,-1.6411044535
P131L,-9.370132446289062,-0.042614525
L132Y,-12.543845176696777,-1.61787765
L132W,-11.008063316345215,-2.593073505
L132A,-12.101278305053711,-1.2589007775
L132T,-11.206001281738281,-3.060904965
L132M,-6.026158809661865,0.575047126
L132N,-14.215597152709961,-3.5691125255
L132P,-11.030611038208008,-0.68643783
L132Q,-10.913787841796875,-1.6253399185
L132R,-12.179023742675781,-1.83373981
L132K,-14.926552772521973,-2.330366265
L132I,-5.269789218902588,-2.156312088
L132G,-11.662247657775879,-2.5267011085
L132V,-5.384918212890625,-0.1712853295
L132F,-7.932685375213623,-0.8658545925
L132E,-15.497047424316406,-3.3346533535000003
L132D,-16.597013473510742,-1.9315725685
L132C,-9.806275367736816,-0.9396408705
L132H,-12.77971363067627,-0.251886697
L132S,-11.121728897094727,-1.663827029
F133H,-12.949675559997559,-1.9166153715
F133M,-9.608973503112793,0.5817978570000001
F133N,-13.527544975280762,-1.338158091
F133P,-14.170608520507812,-1.8660089745
F133I,-9.875144958496094,1.025612737
F133Q,-14.4656982421875,-0.1624874175
F133R,-13.935383796691895,0.4062527075
F133S,-9.85029125213623,-0.1121100965
F133T,-13.09632396697998,0.039549
F133V,-9.4614839553833,0.8084116965000001
F133W,-11.841604232788086,0.1292421425
F133Y,-7.3413214683532715,0.1809435015
F133G,-14.494332313537598,-0.671406849
F133E,-16.684001922607422,-1.841889627
F133K,-15.774523735046387,0.2872047085
F133C,-9.76396369934082,-0.0641751625
F133A,-12.924863815307617,0.29082425
F133L,-4.974144458770752,0.4577699805
F133D,-15.4657564163208,-1.3610379275
Y134D,-12.49817180633545,-1.420123318
Y134C,-7.411219120025635,-0.534441429
Y134A,-12.327194213867188,-1.318740745
Y134G,-13.618511199951172,-1.9661243105
Y134H,-6.41142463684082,0.4033106295
Y134I,-9.180874824523926,-1.6214487045
Y134K,-14.909395217895508,-2.7926712605
Y134M,-10.235849380493164,-1.5292647094999998
Y134N,-9.648757934570312,-0.5128407295
Y134P,-14.088310241699219,-1.102711352
Y134T,-11.517715454101562,-1.8612611905
Y134S,-10.073083877563477,-2.2119958185
Y134R,-13.255178451538086,-2.2206148395
Y134Q,-9.682709693908691,-2.59187787
Y134F,-3.663268566131592,-1.495976248
Y134L,-7.472929000854492,-1.0576754165
Y134E,-13.304389953613281,-2.830752657
Y134W,-9.758492469787598,-0.3424014945
Y134V,-9.908618927001953,-1.4087592955
M135T,-7.067095756530762,-1.1877618685
M135S,-11.656116485595703,-3.006392626
M135R,-11.218031883239746,-1.925618996
M135Q,-9.953476905822754,-1.9792799225
M135P,-14.406064987182617,-2.6092079935
M135N,-11.956453323364258,-0.855709666
M135L,-3.9693474769592285,-0.9006125155
M135K,-10.22404670715332,-0.8625570534999999
M135I,-5.204659938812256,-1.0685517265
M135G,-13.659845352172852,-2.17203505
M135F,-9.512005805969238,-2.0184295955
M135E,-12.853425979614258,-3.659890594
M135D,-15.681215286254883,-1.318904971
M135C,-12.483405113220215,-1.7850928115
M135A,-10.744577407836914,-2.626234245
M135H,-13.140405654907227,-2.5378379615
M135V,-7.759975433349609,-0.455786483
M135W,-13.185815811157227,-1.924215614
M135Y,-13.317740440368652,-1.94105002
E136R,-16.962448120117188,0.2857439145
E136A,-14.935481071472168,0.6121726135
E136C,-16.920495986938477,-0.0805826915
E136P,-16.68326187133789,-0.59167675
E136N,-15.067974090576172,0.3464784205
E136M,-16.876388549804688,0.4185591465
E136L,-16.77560806274414,-0.718923249
E136K,-14.16873836517334,0.3991048475
E136H,-13.403144836425781,0.488941439
E136G,-13.561175346374512,0.034852205
E136F,-17.94037437438965,0.0864461345
E136D,-9.436543464660645,-0.6649540985
E136I,-16.85674476623535,-0.5493614545000001
E136S,-15.251476287841797,0.547313939
E136T,-16.552942276000977,0.3272150005
E136V,-15.21159839630127,0.020353105
E136W,-19.658424377441406,-0.2354784955
E136Y,-17.113040924072266,0.066208037
E136Q,-11.361299514770508,0.8282044359999999
L137V,-6.909031867980957,0.719306518
L137Y,-10.743118286132812,0.1031992245
L137S,-9.73175048828125,0.447134292
L137R,-11.312460899353027,-0.8917541765000001
L137Q,-10.70456314086914,-0.6837641575
L137P,-10.866405487060547,-0.6312316204999999
L137N,-12.755043029785156,-1.309098967
L137M,-5.0934014320373535,0.4266489985
L137W,-11.61511516571045,-1.5862536175
L137K,-13.218873977661133,-1.6078899605
L137H,-12.279537200927734,-1.4289575275
L137G,-13.3795747756958,-2.024873341
L137F,-5.502520561218262,0.0881835725
L137E,-13.891075134277344,-1.7728300695
L137D,-14.22856330871582,-3.056044124
L137C,-9.653334617614746,0.8478192855
L137A,-10.786137580871582,0.5505187795
L137I,-7.3231706619262695,0.525768184
L137T,-8.915212631225586,1.1185464405
A138V,-4.192079544067383,0.334644826
A138G,-5.576064109802246,-1.07388457
A138W,-11.476980209350586,-1.796799139
A138Y,-10.690683364868164,-2.099274434
A138R,-12.839048385620117,-1.5788689805
A138I,-3.40435791015625,0.4649441455
A138K,-13.27088737487793,-1.717149515
A138L,-7.442713737487793,0.6531046420000001
A138T,-5.896364212036133,-0.477146809
A138M,-8.104122161865234,-0.187192462
A138N,-10.310026168823242,-2.4035355535
A138P,-10.14003849029541,0.1708351205
A138S,-3.565284252166748,0.282259613
A138C,-6.061213493347168,0.5339959135
A138D,-11.636024475097656,-1.5231826955
A138E,-11.69857406616211,-1.33277261
A138Q,-12.464850425720215,-2.250828288
A138F,-8.472843170166016,-0.1247870325
A138H,-13.471384048461914,-1.58708811
L139H,-11.865570068359375,-2.737396904
L139D,-14.066478729248047,-2.1701088935
L139E,-13.97744369506836,-1.8561242645
L139F,-6.437079429626465,-1.8776936435
L139G,-12.41930866241455,-2.4641643575
L139C,-9.505440711975098,-1.689909434
L139I,-4.637092590332031,0.9161899865
L139K,-13.853614807128906,-2.737440253
L139A,-9.349635124206543,-1.4044283380000002
L139M,-5.016098976135254,0.333476048
L139P,-10.461263656616211,-1.845863846
L139Q,-10.739143371582031,-2.370321615
L139R,-11.865425109863281,-2.8764340375
L139S,-10.353799819946289,-0.283088954
L139T,-10.098261833190918,-3.0188815155
L139V,-5.615220069885254,-0.382566587
L139W,-11.604658126831055,-1.7158946169999998
L139Y,-11.404397964477539,-2.9794907635000003
L139N,-12.968748092651367,-3.1263113085
G140K,-14.604705810546875,0.919376958
G140Y,-14.989399909973145,-0.3388499035
G140A,-8.042903900146484,0.5281794275
G140V,-11.354145050048828,-0.040474832
G140T,-12.919103622436523,-0.60832682
G140I,-14.835474967956543,-0.993404972
G140W,-12.921621322631836,0.0988350465
G140H,-14.807525634765625,-0.666814415
G140Q,-14.252628326416016,-0.9307957545
G140E,-11.633655548095703,-3.3775776035
G140D,-10.844794273376465,-0.647060686
G140C,-10.159672737121582,-1.325328305
G140R,-11.04082202911377,-0.3364505315
G140M,-14.419999122619629,-0.705447327
G140N,-12.530740737915039,-2.920558011
G140P,-15.306694030761719,-3.724699799
G140S,-8.825581550598145,-0.128714025
G140F,-14.312560081481934,0.457753794
G140L,-14.454023361206055,0.234509698
Q141P,-11.750798225402832,-3.0732483595
Q141Y,-15.122320175170898,-1.0320729485
Q141W,-16.921875,-2.492434387
Q141V,-14.137104988098145,-2.4938458430000003
Q141T,-13.302719116210938,0.367162126
Q141N,-13.054327011108398,-4.2130392615
Q141S,-12.836301803588867,-0.300782159
Q141R,-11.5531005859375,-0.7685333865
Q141F,-15.427913665771484,-3.5540761795
Q141H,-10.531744956970215,-0.9305132415
Q141G,-14.628912925720215,-3.0172385835
Q141M,-13.647314071655273,-0.183995067
Q141L,-11.85332202911377,-1.159037169
Q141K,-10.870893478393555,-1.363281345
Q141E,-11.144519805908203,-1.907672885
Q141D,-15.154062271118164,-1.9109087315
Q141I,-14.128266334533691,-2.8438953755000003
Q141A,-14.511054992675781,-1.434727586
Q141C,-14.987395286560059,-0.040295512
Y142E,-15.478950500488281,-1.9647257455
Y142Q,-12.368947982788086,-0.9949839895
Y142P,-14.339041709899902,-2.6263019345
Y142N,-9.918030738830566,-0.5092561695000001
Y142G,-12.722968101501465,-2.7081944160000004
Y142H,-7.449147701263428,0.1053030055
Y142I,-10.373249053955078,0.8797334834999999
Y142K,-12.183799743652344,0.633149009
Y142F,-0.514617919921875,-0.0227742465
Y142D,-13.580175399780273,-1.589075505
Y142M,-9.828108787536621,-0.2301471195
Y142A,-11.73040771484375,-0.158990418
Y142L,-8.311384201049805,0.911825312
Y142R,-11.508472442626953,0.5161561665
Y142S,-9.770051956176758,-0.8760123704999999
Y142T,-12.72647762298584,-1.406879744
Y142V,-10.593283653259277,0.0130693515
Y142W,-9.66285228729248,-0.8984411445
Y142C,-7.260280609130859,0.527412137
H143T,-7.7156476974487305,-1.059635785
H143S,-7.529958724975586,-2.14745611
H143R,-8.63321590423584,-0.9450048795
H143E,-9.951985359191895,-1.6644977785
H143Y,-3.994231939315796,-0.017388183
H143W,-10.332460403442383,-1.5669502175
H143F,-5.915619850158691,-2.083523024
H143Q,-3.693240165710449,-1.2571921634999998
H143P,-10.396308898925781,-1.48157881
H143N,-5.131548881530762,-1.287611764
H143M,-5.7071146965026855,-3.206710638
H143L,-2.986422061920166,-1.705241822
H143K,-9.201395034790039,-3.0487395580000003
H143I,-5.143958568572998,-2.3405204415000003
H143A,-9.760004043579102,-2.5787896905000003
H143C,-7.638833999633789,-1.7198324395
H143G,-11.401605606079102,-2.0297678215
H143V,-7.288449764251709,-1.6692698715
H143D,-10.769590377807617,-1.425749021
R144Y,-10.802823066711426,-2.782079701
R144H,-7.804498672485352,-1.5193532855
R144M,-10.61702823638916,-0.0500948575
R144T,-10.499737739562988,-0.6754896990000001
R144S,-6.261722087860107,-1.377666026
R144Q,-6.199063301086426,-0.114034678
R144P,-14.465027809143066,-1.39971864
R144N,-5.537769317626953,-0.2876333005
R144L,-10.85025691986084,-1.6173127385
R144K,-5.437838077545166,0.791506048
R144I,-12.103137969970703,-3.4550316885
R144V,-12.717555046081543,-1.8708016245
R144G,-8.70678424835205,-0.022275078
R144W,-11.117908477783203,-0.635885845
R144E,-11.903718948364258,-2.469935995
R144D,-12.105134963989258,-2.6696466665000003
R144C,-8.292908668518066,-0.24261059
R144A,-11.062751770019531,-1.059324999
R144F,-12.661798477172852,-3.418335059
N145H,-1.030212163925171,-1.47470047
N145I,-1.8404996395111084,-0.1991158405
N145K,0.5946412086486816,0.12973686
N145F,-3.928499937057495,0.6263865435
N145E,0.7416996955871582,0.6797285545
N145D,-2.29137921333313,0.100510319
N145C,1.9901447296142578,0.9508211435
N145A,0.2481529712677002,0.454191176
N145G,0.2547125816345215,0.203890351
N145Q,1.536881685256958,0.003850643
N145R,0.32411909103393555,0.3032674705
N145M,-2.2336971759796143,0.9823579115
N145P,-4.655426979064941,-3.104616237
N145Y,-2.5525734424591064,-0.432220077
N145W,-5.915007591247559,-1.547283062
N145V,-1.109220266342163,0.321061752
N145T,2.055382013320923,0.221620256
N145S,3.0104355812072754,0.455632312
N145L,-0.7071835994720459,0.377420764
G146A,-9.189685821533203,-0.494498296
G146C,-10.7119722366333,-2.1847129830000003
G146V,-10.938512802124023,-2.3864374965
G146E,-10.268126487731934,-2.749541307
G146T,-12.220839500427246,-0.7777040575
G146S,-7.57806396484375,-0.111646612
G146R,-9.807151794433594,-1.1135848
G146Q,-14.73104476928711,-4.6575236055
G146P,-14.103499412536621,-1.0682859535
G146N,-11.472247123718262,-3.1386960735
G146M,-15.70850944519043,-3.646755906
G146L,-14.93001937866211,-2.3306874125
G146K,-12.970943450927734,-3.1029109235
G146I,-14.306137084960938,-1.9242477765
G146H,-14.294998168945312,-3.3475806995
G146F,-15.13144302368164,-1.942771744
G146W,-13.793818473815918,-1.7553152655000002
G146Y,-15.119301795959473,-2.616546589
G146D,-9.424232482910156,-0.483204045
C147G,-7.303989887237549,-0.177171766
C147N,-9.144346237182617,-3.3918621795
C147P,-8.396991729736328,0.2155785425
C147R,-10.00815200805664,-0.8953315295000001
C147S,-5.186126708984375,-0.5942494025
C147T,-9.161715507507324,-3.4183270685000005
C147V,-10.616545677185059,0.210043857
C147W,-12.770952224731445,-0.515960595
C147Y,-9.095378875732422,0.2409689265
C147M,-13.176204681396484,-0.422669675
C147L,-12.379292488098145,-0.5858418955
C147K,-13.527220726013184,-1.2080220375
C147A,-5.880490303039551,0.4922640355
C147D,-12.990018844604492,-2.0202401035
C147E,-14.827043533325195,-1.678567885
C147I,-11.927589416503906,-0.046368653
C147H,-11.083641052246094,-1.1641102555
C147F,-9.572967529296875,-0.350249927
C147Q,-12.554065704345703,-2.796490482
I148R,-11.84865951538086,-2.0263112845
I148C,-9.585525512695312,-2.199446847
I148D,-12.146797180175781,-6.287202135
I148E,-12.363053321838379,-1.990947339
I148F,-8.132734298706055,-0.0505863645
I148G,-10.247040748596191,-1.82436037
I148H,-11.466327667236328,-3.139393726
I148K,-11.275796890258789,-1.697452796
I148Y,-10.571484565734863,-1.3791915665
I148L,-5.092242240905762,0.4017154675
I148W,-13.949346542358398,-1.352242563
I148V,-3.498777389526367,0.2512769705
I148T,-6.26963996887207,-0.7778238934999999
I148S,-8.302746772766113,-1.956343265
I148M,-5.802423477172852,-2.956591506
I148Q,-10.443233489990234,-3.3207218385000004
I148A,-6.474571228027344,-2.240341852
I148P,-10.068111419677734,-1.5198568965
I148N,-9.404088973999023,-0.62449182
S149I,-4.705542087554932,-2.4369697535
S149A,-3.409417152404785,1.1244336695
S149C,-6.600871562957764,-1.5568447715
S149D,-6.525710105895996,-0.9118319085
S149E,-6.973735332489014,-1.3029683165
S149F,-6.295044898986816,-0.8576392509999999
S149Y,-6.650659084320068,-0.5859795925
S149W,-9.232900619506836,-2.208194416
S149K,-5.639772891998291,0.945390049
S149V,-4.8123345375061035,-0.842453069
S149R,-5.8607892990112305,0.415102234
S149Q,-6.448119640350342,0.135366722
S149P,-5.993154525756836,-0.940056606
S149N,-4.309422492980957,0.3265362095
S149M,-5.147347927093506,-1.321659039
S149L,-5.328612327575684,-2.082391548
S149G,-1.2976926565170288,0.4288427285
S149T,0.8560161590576172,0.502980433
S149H,-6.88621187210083,-0.4974882945
I150W,-15.925715446472168,-1.859111007
I150S,-7.75430965423584,-1.852687078
I150V,-2.427591323852539,0.64611481
I150T,-5.5121355056762695,-1.189443681
I150Y,-12.369632720947266,-3.115414833
I150R,-13.22368049621582,-0.2612595305
I150Q,-13.544733047485352,-2.6058797015
I150P,-11.209502220153809,-2.867696811
I150M,-7.425884246826172,0.539189171
I150L,-7.049172878265381,0.472185224
I150N,-10.201336860656738,-1.1387719325
I150K,-13.350143432617188,-2.807698481
I150H,-13.83884334564209,-1.0455302145
I150G,-10.35933780670166,-1.947719494
I150F,-9.838942527770996,-1.2865519175
I150E,-14.684545516967773,-0.6441168685
I150D,-14.508796691894531,-2.052157732
I150C,-4.789384365081787,0.0877829225
I150A,-5.262029647827148,-1.6249137219999998
W151K,-14.390707969665527,-2.032378495
W151I,-10.647161483764648,-1.86105395
W151N,-13.947032928466797,-2.9230264175
W151P,-14.763636589050293,-2.3091601785
W151Q,-12.905016899108887,-3.599380929
W151V,-11.251505851745605,-2.455875676
W151S,-10.991625785827637,-1.60603726
W151T,-12.914132118225098,-3.214107134
W151G,-11.041028022766113,-1.50201301
W151Y,-7.952146053314209,-3.7738021055
W151H,-13.295601844787598,-4.757952116499999
W151R,-10.98670768737793,-0.9518388655
W151F,-7.112584590911865,-1.0750957895
W151M,-9.342573165893555,-0.5023073775
W151L,-7.13950777053833,-1.357073557
W151E,-15.125978469848633,-3.547734653
W151D,-16.07564353942871,-1.585203577
W151C,-9.085805892944336,-1.2068640925
W151A,-12.172099113464355,-1.681280483
R152Y,-8.107865333557129,-1.9000721205
R152W,-7.2093305587768555,-2.515099884
R152V,-6.337747573852539,-0.049811221
R152S,-3.916569948196411,0.227274082
R152Q,-3.9192488193511963,1.334952242
R152P,-6.192846298217773,0.3507614455
R152N,-4.122019290924072,0.0214686995
R152T,-4.618557453155518,0.8560467355
R152L,-6.903536796569824,-0.08706077
R152K,-0.5505858063697815,-1.17271043
R152I,-7.18640661239624,-1.467264241
R152H,-5.935973167419434,-0.1886854975
R152G,-0.8452883362770081,0.5714077445
R152F,-9.522150039672852,-2.20795006
R152E,-4.08595609664917,0.646397507
R152D,-6.723725318908691,0.352041944
R152C,-7.516753196716309,-0.6256405970000001
R152M,-6.639427661895752,0.3870354125
R152A,-4.532412528991699,0.363758804
K153T,-2.960446357727051,0.1488958285
K153V,-8.170957565307617,-2.3218176495
K153H,-1.7140779495239258,-0.6196089604999999
K153A,-4.875273704528809,-1.395816371
K153F,-8.62863540649414,-1.7202672695
K153E,-6.751803398132324,0.1518514705
K153G,-5.615802764892578,0.592326362
K153S,-2.9074931144714355,0.323989551
K153P,-9.925758361816406,-2.486443784
K153Q,-2.228461742401123,0.8670194795
K153C,-6.34128475189209,-0.1775416705
K153N,-1.1063308715820312,-0.727229582
K153M,-6.517938613891602,-1.0118102965
K153L,-7.087407112121582,-1.0095369440000002
K153I,-6.659528732299805,-4.2702118855
K153Y,-4.777655601501465,-0.95093279
K153W,-9.643004417419434,-1.9805395635
K153R,2.126216411590576,0.272171453
K153D,-7.357250213623047,-1.917981578
I154A,-7.293487548828125,-1.974454317
I154Y,-9.89882755279541,-1.5372886565
I154E,-13.596846580505371,-2.921288607
I154D,-14.945173263549805,-1.4791978875
I154W,-12.017457962036133,-1.15693451
I154V,-1.9863567352294922,0.690969908
I154T,-7.388363838195801,-0.4055475885
I154S,-9.847058296203613,-1.0532148355
I154R,-13.12980842590332,-1.126960399
I154Q,-12.218193054199219,-3.6072201205
I154C,-7.921051025390625,-1.8628194025
I154P,-13.306872367858887,-2.1911452685
I154M,-5.083078384399414,-0.1500367635
I154L,-2.5790414810180664,-0.045148249
I154K,-13.420310974121094,-1.246722645
I154H,-12.935901641845703,-1.6451846185
I154G,-11.490511894226074,-2.3470072455
I154F,-5.728172302246094,-3.1335198005
I154N,-12.309891700744629,-1.7913028235
C155W,-11.271546363830566,-0.903262769
C155Y,-8.012414932250977,-0.3968782865
C155V,-7.535999774932861,-1.008806629
C155H,-10.757877349853516,-1.270586499
C155S,-4.625998020172119,-0.0022911155
C155T,-7.0734124183654785,-2.6466323005000003
C155A,-5.968487739562988,-0.6232297689999999
C155D,-14.181577682495117,-3.8139433065
C155F,-8.516210556030273,-2.0139231315
C155G,-9.00304126739502,-1.4332208465
C155I,-9.363354682922363,-1.2952178735
C155E,-13.847753524780273,-3.1143618245
C155L,-9.235483169555664,-1.680309991
C155M,-10.241504669189453,-3.8161327545
C155N,-9.706619262695312,-3.205715874
C155P,-14.718121528625488,-1.966724788
C155Q,-12.066673278808594,-1.203582603
C155R,-9.631315231323242,-0.859804737
C155K,-12.523702621459961,-1.8292428445
P156H,-10.158289909362793,-1.299021999
P156A,-9.626455307006836,-1.3534408615
P156C,-12.66456413269043,-3.7838432225
P156D,-14.728283882141113,-2.930639531
P156E,-14.87657356262207,-1.7463281725
P156F,-11.082608222961426,-3.5707543595
P156G,-11.62582778930664,-2.3429201845
P156I,-11.432483673095703,-1.770191075
P156S,-9.037012100219727,-0.7424751490000001
P156L,-9.289263725280762,-0.994151137
P156M,-13.248788833618164,-2.8552037085000004
P156N,-12.326652526855469,-4.87121942
P156Q,-11.290830612182617,-2.0783825275
P156R,-11.281750679016113,-1.749084854
P156T,-9.772970199584961,-1.62136419
P156W,-14.14476490020752,-1.7233765125
P156K,-12.817830085754395,-1.556170413
P156Y,-11.713979721069336,-4.2423266495
P156V,-10.909674644470215,-2.052097233
I157Y,-5.663571357727051,-4.0813626025
I157M,-0.4652550220489502,0.197761086
I157N,-8.441121101379395,-0.2755616085
I157P,-6.552478790283203,-3.050074249
I157Q,-7.412078857421875,-3.0969880695
I157R,-6.904199600219727,-1.8386961805
I157S,-4.452117919921875,-1.167975183
I157K,-7.559542655944824,-2.6046162375
I157H,-7.434283256530762,-3.1852942715
I157L,1.8130004405975342,1.1512991265
I157F,-2.6784064769744873,-0.6533271605
I157E,-8.423104286193848,-4.0152387030000005
I157D,-9.738924980163574,-3.7353464175
I157C,-5.926644325256348,0.310320949
I157A,1.059507131576538,0.962325516
I157T,-3.668212652206421,-0.2329046635
I157V,-0.9175128936767578,0.461014515
I157W,-3.563178300857544,-0.2197266195
I157G,-5.07524299621582,0.1455030655
F158Q,-11.703495025634766,-2.1133234565
F158V,-7.285661220550537,0.783770524
F158T,-8.067681312561035,-1.1698942615
F158S,-6.830920696258545,-0.7558110055
F158R,-13.55698013305664,-1.5701860305000002
F158P,-11.736310958862305,-2.666807037
F158L,-3.3471450805664062,1.205955637
F158M,-4.377346992492676,0.309126072
F158Y,-6.8244452476501465,0.2752213875
F158W,-7.566344261169434,-0.686772484
F158N,-11.497929573059082,-3.4938729615
F158C,-5.311870098114014,2.2021429575
F158D,-15.469035148620605,-2.3034869695
F158A,-6.728088855743408,-0.0318101465
F158G,-8.37455940246582,-0.5793571510000001
F158H,-11.260147094726562,-1.5406595769999998
F158I,-7.400023460388184,1.0743694605
F158K,-14.051265716552734,-2.959681919
F158E,-14.318570137023926,-2.624363524
K159C,-5.983935832977295,0.2853245195
K159A,-2.9196219444274902,0.045445456
K159L,-5.448575973510742,-0.4126959875
K159D,-5.932106018066406,-2.379808799
K159E,-2.343245506286621,0.357461615
K159F,-6.886003017425537,-2.461332306
K159G,-3.666808843612671,0.676903294
K159H,-5.721275329589844,-0.8995844615
K159I,-4.880422115325928,-1.3700469065
K159M,-4.703624725341797,0.495127837
K159T,-0.5638943314552307,-1.0940621145
K159P,-8.142024040222168,-0.917217894
K159Q,-2.9190454483032227,0.077754774
K159R,-3.2285871505737305,-0.632558465
K159S,-2.3010315895080566,0.1750908985
K159V,-4.5663228034973145,0.1521895469999999
K159W,-7.138927459716797,-2.2059174425
K159Y,-6.123630523681641,-1.450956158
K159N,-4.702195167541504,0.755054883
G160R,-10.53574275970459,-0.5234208539999999
G160Q,-14.959946632385254,-1.4255954435
G160P,-15.400674819946289,-2.192249022
G160N,-11.245538711547852,-3.503058555
G160M,-14.84840202331543,-0.7458256175
G160C,-10.534757614135742,-2.2327904785
G160K,-13.422653198242188,-1.5848489165
G160A,-9.770477294921875,-1.398971066
G160S,-9.509598731994629,-2.2002733825
G160D,-9.294229507446289,-3.2868242315
G160E,-9.751492500305176,-0.209520262
G160F,-13.966123580932617,-1.8661002085
G160L,-14.488824844360352,-1.340628247
G160T,-13.169015884399414,-2.8846797475
G160I,-13.46876335144043,-1.5700580119999998
G160W,-11.917034149169922,-1.5968550355000002
G160Y,-12.370686531066895,-0.5299552479999999
G160H,-14.19186019897461,-2.626714614
G160V,-9.665606498718262,-0.2884489725
I161N,-11.31067180633545,0.2570783965
I161M,-5.998880863189697,0.2048336705
I161C,-10.851563453674316,1.166278422
I161L,-4.847968578338623,1.328648229
I161K,-12.991823196411133,-2.428503599
I161H,-14.330193519592285,-0.3626514555
I161D,-15.439202308654785,-1.5438652345
I161E,-13.611567497253418,-1.937506686
I161F,-9.69198989868164,0.574474416
I161G,-13.056175231933594,-0.559936055
I161P,-12.831388473510742,-3.7178837325
I161T,-6.359368324279785,0.6573098225
I161S,-10.337821960449219,1.371652774
I161R,-13.074650764465332,-1.731082836
I161Q,-13.410638809204102,-0.1647832015
I161W,-15.158600807189941,-1.925142836
I161A,-9.203670501708984,0.49045329
I161Y,-12.997739791870117,-1.243575424
I161V,-3.720193386077881,0.3017750065
G162N,-11.993873596191406,-4.139106396
G162M,-15.508901596069336,-1.9191452095
G162P,-13.575691223144531,-2.1078590165
G162Q,-14.443341255187988,-2.887030209
G162T,-12.360220909118652,-3.409756638
G162S,-8.655824661254883,-1.694229706
G162L,-14.019596099853516,-4.9609967955
G162V,-12.264274597167969,-0.7454082425
G162R,-10.760610580444336,1.593789603
G162K,-13.252520561218262,-3.6938053655
G162E,-11.538671493530273,-0.149779155
G162H,-14.45560073852539,-1.9338055015
G162F,-13.214645385742188,-2.6500874455
G162W,-11.188037872314453,-1.0028519315
G162D,-11.167268753051758,-2.255953282
G162C,-10.411596298217773,-2.274256733
G162A,-8.570971488952637,-1.180417623
G162I,-14.215452194213867,-3.4828504925
G162Y,-13.991207122802734,-4.116150736
Y163R,-10.214201927185059,-2.7547691755000003
Y163T,-6.4831342697143555,-3.9974026255
Y163V,-4.3084611892700195,-1.3929144555
Y163W,-7.780765056610107,0.339954803
Y163C,-5.064419746398926,0.0870529205
Y163D,-10.508127212524414,-1.720494944
Y163P,-8.719642639160156,-2.5485751735
Y163N,-8.369665145874023,-1.2082995195
Y163M,-5.149580001831055,-1.4489595825
Y163L,-2.2157769203186035,-1.3168478495
Y163K,-10.823114395141602,-3.9509246055
Y163I,-4.006988525390625,-1.1830143725
Y163H,-6.452886581420898,-0.780969218
Y163G,-8.338665962219238,-0.906871103
Y163A,-6.780350685119629,-3.5404218675
Y163Q,-8.650148391723633,-3.4447414065
Y163S,-6.8497443199157715,-1.3402085655
Y163E,-10.730348587036133,-2.9118370885000004
Y163F,-2.661158323287964,-0.0716377555
A164E,-9.891982078552246,0.085692723
A164F,-10.849077224731445,-3.7365429885
A164G,-1.545243740081787,0.4514904225
A164H,-13.45838737487793,-2.7075781365
A164I,-8.463325500488281,-1.8054743725
A164K,-11.794273376464844,-3.2350540525
A164L,-10.135183334350586,-1.889935885
A164M,-9.034881591796875,0.1193985175
A164N,-9.811884880065918,0.440557847
A164P,-7.204244136810303,-0.821317726
A164Q,-12.593581199645996,0.3438296375
A164R,-11.054024696350098,-2.273201923
A164S,-2.451510429382324,-0.1687098645
A164T,-3.700040817260742,-0.0721757125
A164V,-6.266671180725098,-0.2606136805
A164D,-10.063373565673828,-2.921730764
A164C,-5.4482622146606445,-0.573527108
A164W,-12.415228843688965,-2.3196022745
A164Y,-11.648962020874023,-2.028295016
I165H,-11.422304153442383,0.556459105
I165G,-5.553729057312012,0.7985786134999999
I165F,-8.759309768676758,0.41819177
I165E,-9.502433776855469,0.5348922275
I165D,-11.053801536560059,0.528642797
I165C,-6.180704593658447,0.37206481
I165A,-6.638349533081055,0.610620438
I165L,-6.774177551269531,0.8468696255
I165Y,-10.262948989868164,0.940110036
I165P,-10.366813659667969,-2.255949977
I165Q,-8.198083877563477,0.044834906
I165R,-9.3110990524292,0.974139091
I165S,-1.0666389465332031,0.95145002
I165T,-3.2923192977905273,0.970272202
I165V,-3.462770462036133,0.9209000665
I165W,-12.302412033081055,1.053843777
I165N,-6.753940105438232,1.3734141640000002
I165M,-4.595586776733398,1.7235031845
I165K,-8.239022254943848,0.7788622605
C166I,-2.2756247520446777,1.005470626
C166Y,-8.627652168273926,0.158173652
C166W,-8.799599647521973,-1.7048162215
C166V,-2.3977675437927246,0.459592116
C166T,-4.588911533355713,-0.1919164805
C166S,-4.647992134094238,0.0766368784999999
C166K,-11.773160934448242,-3.214838535
C166Q,-7.792751312255859,-2.5321285595
C166P,-10.459344863891602,-0.868650307
C166N,-7.339696407318115,-4.2388159165
C166R,-12.344097137451172,-1.137896052
C166L,-5.66082763671875,0.2745902985
C166A,-2.5101895332336426,-0.914764621
C166D,-10.667490005493164,-3.409136181
C166E,-10.183544158935547,-2.471436295
C166F,-6.471507549285889,0.435119196
C166G,-4.876119136810303,0.0334329695
C166H,-10.589365005493164,-0.917826627
C166M,-4.873533248901367,-0.2122587405
I167A,-5.609379768371582,0.9730284225
I167C,-7.165124416351318,0.4835096375
I167D,-10.800212860107422,-2.283663612
I167E,-8.078448295593262,-2.754935402
I167F,-4.293302536010742,1.103472173
I167G,-7.536365509033203,0.0716448935
I167H,-10.182613372802734,-3.7136349185
I167L,-1.4445853233337402,1.1097942205
I167K,-11.166296005249023,-0.363150168
I167Y,-8.486093521118164,-3.2310979695
I167M,-3.139768123626709,1.227522656
I167P,-10.60862922668457,-3.085722118
I167Q,-7.379878044128418,-3.1239933525
I167R,-11.489662170410156,-0.027778875
I167N,-8.091880798339844,-1.8212271215
I167T,-5.188611030578613,0.992004148
I167V,-1.5297613143920898,0.753212395
I167W,-8.515247344970703,0.470930776
I167S,-6.980093479156494,-0.917557032
I168W,-14.834097862243652,-0.130545969
I168N,-8.974861145019531,1.0894267865
I168V,-3.0039610862731934,0.1525873985
I168T,-7.206016540527344,1.0476839485
I168S,-9.341998100280762,3.0171156645
I168R,-13.16611385345459,1.0587747159999998
I168Q,-11.361442565917969,1.472111907
I168P,-13.602058410644531,-4.4985514375
I168M,-6.478428840637207,1.6867516845
I168F,-10.080449104309082,-0.781145402
I168K,-12.342692375183105,1.9584863435
I168H,-13.729104995727539,0.891739388
I168G,-10.896838188171387,0.911141175
I168E,-11.746880531311035,0.701651348
I168D,-12.346908569335938,1.5344962265
I168C,-10.452339172363281,0.6781984959999999
I168A,-8.993952751159668,0.798617048
I168L,-6.920625686645508,-0.2996725925
I168Y,-12.744544982910156,1.434555456
A169Y,-8.955747604370117,0.92435241
A169W,-10.345697402954102,1.1496165205
A169G,-4.698607921600342,0.618313526
A169P,-9.982954978942871,-1.026326873
A169S,-3.2425217628479004,-1.1352695955
A169R,-11.395549774169922,1.1349865775
A169Q,-6.7232985496521,1.441571191
A169N,-6.351332187652588,1.0295060965
A169M,-7.185983657836914,0.5237595995000001
A169L,-7.1612701416015625,0.969162626
A169K,-10.090688705444336,2.0061966705
A169I,-6.898679256439209,0.115746902
A169T,-3.8230509757995605,0.843208541
A169H,-9.494071960449219,1.0370915955
A169E,-2.707090377807617,0.7269443405
A169D,-3.569599151611328,0.2848540605
A169C,-4.5073933601379395,0.6546573139999999
A169F,-9.031996726989746,-0.185942448
A169V,-4.804755210876465,0.5218699725
F170R,-10.16678237915039,-1.1845159475
F170Y,-4.0447096824646,-0.5874189595
F170A,-1.395011305809021,-0.668650605
F170W,-5.084906101226807,1.102928251
F170V,-2.7624197006225586,0.4662461325
F170T,-1.8450816869735718,0.008516314
F170C,-3.2607693672180176,1.9032329975
F170S,-1.708889365196228,-0.8256691395
F170D,-9.498600006103516,-1.232352372
F170E,-9.596077919006348,-1.880881301
F170G,-2.344966411590576,-0.892629991
F170H,-7.906667232513428,-0.7900545395
F170I,-1.8361586332321167,0.2336080785
F170K,-9.954413414001465,-1.3991963375
F170L,0.2595992088317871,0.857384942
F170M,-2.6195006370544434,0.869063845
F170N,-6.040544033050537,-2.0351930955
F170P,-6.240665435791016,-1.4787527165
F170Q,-7.331812381744385,-1.1869937940000002
Y171H,-5.788946628570557,0.101907667
Y171I,-4.087618827819824,0.3015253735
Y171K,-10.76185417175293,-1.5163917305
Y171N,-5.032534122467041,-0.510574289
Y171M,-5.804632663726807,0.775780547
Y171G,-8.523306846618652,-1.6207006815
Y171P,-9.751073837280273,-1.7018333819999998
Y171Q,-7.463635444641113,0.553969944
Y171R,-11.472614288330078,-1.807671899
Y171S,-6.332200050354004,-1.1774230695
Y171T,-6.937292098999023,0.8179965440000001
Y171V,-5.468654632568359,0.7017736520000001
Y171W,-7.3760504722595215,0.8003003504999999
Y171L,-2.8466787338256836,0.6354162935000001
Y171F,-2.1231656074523926,0.458847478
Y171C,-4.251314163208008,-0.9295709295
Y171D,-9.803655624389648,-0.24110672
Y171A,-7.356595516204834,-2.1428369995
Y171E,-10.57658863067627,0.109691582
I172R,-6.606194019317627,0.918165297
I172S,-2.129589557647705,1.6831480515
I172T,0.4489705562591553,0.516473315
I172V,2.626695394515991,0.2116443055
I172W,-6.524609088897705,0.2832398105
I172Y,-6.953636646270752,0.097130463
I172N,-4.71862268447876,0.5174687339999999
I172M,1.270031213760376,1.4114909865
I172K,-7.096216678619385,0.5773087379999999
I172G,-3.6841397285461426,0.4407180275
I172F,-4.813815116882324,0.2869687725
I172E,-6.314769268035889,0.537626233
I172D,-8.241888046264648,0.940721818
I172C,-3.9909915924072266,-0.1159970025
I172A,-2.7123794555664062,0.7617354679999999
I172P,-8.653688430786133,-2.165001913
I172H,-8.148681640625,0.587156726
I172Q,-5.061835765838623,0.759660962
I172L,0.710669755935669,-0.130108057
A173M,-3.4869651794433594,0.1049052235
A173V,-4.325362205505371,0.337977547
A173T,-3.648855209350586,0.4266723695
A173S,-1.407305121421814,1.8480620695
A173R,-9.486421585083008,0.331296049
A173Q,-7.430588722229004,1.2541000690000002
A173P,-7.71003532409668,-1.750214608
A173N,-4.932502746582031,0.1081027725
A173L,-7.129119873046875,0.7740884185
A173K,-9.059550285339355,-1.857635048
A173I,-5.778518199920654,0.668064945
A173H,-9.443214416503906,0.7380860475
A173W,-9.853404998779297,0.3095649205
A173G,-0.057971954345703125,0.0608975975
A173E,-6.896737098693848,0.5605365015
A173D,-4.780905723571777,-1.2320088855
A173C,-3.5028090476989746,0.2107671925
A173F,-8.307100296020508,0.4675308485
A173Y,-9.366165161132812,-0.145326999
S174L,1.1490445137023926,0.5031105665
S174M,0.18615460395812988,1.0335347540000002
S174N,-3.784440040588379,0.5507460999999999
S174P,-5.098426818847656,0.0796826765
S174Q,-5.825400352478027,-0.07441394
S174R,-7.766323089599609,-2.3517425445
S174T,2.77226185798645,0.483760239
S174V,-0.011615753173828125,0.123278602
S174K,-7.367978096008301,-2.9108101725
S174I,0.6307003498077393,0.529543791
S174W,-1.7846603393554688,-0.006665499
S174A,-0.9926786422729492,-1.1036985395
S174C,0.8988099098205566,0.3789228295
S174D,-8.194631576538086,-4.872676021
S174Y,-3.459247589111328,-3.360516731
S174F,3.449167490005493,0.3690535735
S174G,-3.3496408462524414,-3.642756991
S174H,-6.466876983642578,-1.5191348005
S174E,-7.516330718994141,-2.6146552285
Y175W,-10.041420936584473,0.8232518659999999
Y175V,-8.59706974029541,0.6516533335
Y175T,-9.087624549865723,1.168970515
Y175S,-7.769577503204346,-0.2316988685
Y175R,-12.494202613830566,-1.6532096495
Y175Q,-10.556187629699707,-0.7865490079999999
Y175P,-12.927921295166016,-1.797874012
Y175M,-9.144803047180176,0.36205683
Y175K,-11.858317375183105,-2.4822751325
Y175I,-8.085183143615723,0.187502511
Y175H,-8.264023780822754,1.196482965
Y175F,-2.3660645484924316,0.1260090345
Y175E,-12.521836280822754,-0.502560593
Y175D,-11.176424026489258,-1.910854613
Y175C,-6.6157612800598145,0.1782139964999999
Y175A,-9.459287643432617,-0.6938635870000001
Y175L,-7.062542915344238,0.214311704
Y175G,-10.664938926696777,-1.1921028145
Y175N,-8.621810913085938,-0.5955963989999999
Y176W,-12.249462127685547,1.0346877455
Y176V,-13.693463325500488,-1.0452170495
Y176A,-13.869733810424805,-0.320144904
Y176C,-10.177738189697266,0.3132377855
Y176D,-12.864416122436523,-0.5282831625
Y176E,-14.000293731689453,0.3110063365
Y176G,-14.049522399902344,-0.092422373
Y176H,-8.514409065246582,0.5659916955
Y176I,-12.894540786743164,-0.6264061225
Y176F,-6.821398735046387,-0.002190245
Y176L,-12.016671180725098,-0.7853568795
Y176M,-13.281578063964844,0.6755251425
Y176N,-10.134624481201172,0.70709525
Y176P,-15.465484619140625,-3.4378205385
Y176Q,-11.691997528076172,0.7398755845
Y176R,-13.884515762329102,0.465565547
Y176S,-11.301870346069336,1.167141628
Y176K,-13.383158683776855,1.381534171
Y176T,-12.777183532714844,0.1535995055
N177Q,-9.792007446289062,1.049919905
N177R,-11.479185104370117,-2.0649256915
N177S,-5.195542812347412,0.8256162334999999
N177Y,-9.031889915466309,-0.034822325
N177V,-8.693859100341797,0.5922107329999999
N177W,-14.51085376739502,-0.309028199
N177P,-14.003303527832031,-1.767428874
N177T,-6.4601945877075195,1.05639488
N177M,-9.234109878540039,0.662194606
N177C,-7.882781982421875,-0.4783415885
N177K,-8.006693840026855,1.454005089
N177I,-7.0036091804504395,0.0118395555
N177H,-8.854229927062988,0.966269014
N177G,-9.64920425415039,0.4562226095
N177F,-12.093781471252441,0.483395586
N177E,-10.994195938110352,0.6782807005
N177D,-7.928425312042236,-0.17450884
N177A,-9.069737434387207,0.7426022255
N177L,-10.749163627624512,0.67524189
T178Y,-8.861273765563965,-4.793715987
T178W,-9.658034324645996,-2.690902868
T178M,-4.603432655334473,-0.601513328
T178K,-10.60681438446045,-1.728396024
T178L,-3.39021897315979,-2.043056525
T178G,-5.7018632888793945,-0.2091587905
T178N,-6.7076215744018555,0.622528138
T178P,-7.55037784576416,-0.4433244615
T178Q,-9.397238731384277,-3.3787784210000003
T178R,-10.356856346130371,-2.558356458
T178S,-4.118812561035156,-0.0511959875
T178V,0.6942268013954163,0.074253014
T178F,-6.818576812744141,-1.941326684
T178E,-8.791682243347168,-3.137789497
T178D,-9.020127296447754,-2.0921764135
T178C,-7.5467939376831055,0.4343896675
T178A,-4.391750335693359,0.6196331325
T178I,-1.600660800933838,0.6592353365
T178H,-10.863699913024902,-3.492691214
I179G,-11.84860897064209,-2.0593926945
I179V,-4.179474830627441,-0.062928719
I179F,-9.719311714172363,0.0445322505
I179E,-13.357239723205566,-1.5068629465
I179D,-13.884414672851562,-3.3280298315
I179C,-10.780536651611328,-2.580105462
I179A,-9.28577995300293,-2.048723122
I179W,-15.438089370727539,-0.72186698
I179H,-13.364189147949219,-2.9613125365
I179K,-13.297574043273926,-0.860577739
I179L,-6.341943264007568,1.894264928
I179M,-7.41892147064209,0.0420678485
I179Y,-12.794183731079102,-3.4982725015
I179N,-9.782686233520508,0.2520398195
I179P,-13.025440216064453,-4.63311195
I179Q,-13.016481399536133,-1.038916452
I179R,-14.125885009765625,-1.8485280045
I179S,-9.834264755249023,-0.5498881365
I179T,-7.585721492767334,-0.6642247445
M180Q,-5.394526481628418,-2.4474933685
M180R,-9.525567054748535,1.1451021415
M180S,-6.621769905090332,0.173029584
M180T,-3.1909399032592773,0.3824960505
M180V,0.4082674980163574,0.5566984935
M180W,-9.580643653869629,-3.132094543
M180Y,-8.113183975219727,-2.4166086275
M180L,-0.04564666748046875,-0.0064556285
M180H,-8.4146146774292,-1.1941503585
M180I,4.951347827911377,0.375427005
M180P,-8.58551025390625,-1.8217149805
M180G,-9.601094245910645,-0.4513288015
M180F,-4.194083213806152,-3.4831012065
M180E,-6.949010848999023,-1.650914517
M180D,-9.400606155395508,-4.048241257
M180C,-6.622899055480957,1.3777094555
M180A,-5.633105278015137,0.562925044
M180K,-8.174412727355957,-0.6254523885000001
M180N,-5.025612831115723,-0.565766825
A181Y,-12.206385612487793,-1.029610397
A181V,-6.2748003005981445,-0.2143092605
A181R,-12.658018112182617,-3.364011499
A181Q,-11.792659759521484,-3.9442516885
A181P,-9.8552827835083,-1.6046272419999998
A181N,-9.953629493713379,-2.4267846795
A181M,-8.844921112060547,-0.9082439805
A181L,-10.079092025756836,-2.5140776695
A181K,-12.79353141784668,-3.9137647135
A181W,-12.88650131225586,-2.0709212075
A181I,-8.970850944519043,-2.0118768595
A181H,-13.425437927246094,-3.770023187
A181G,-3.6405086517333984,-0.9912756985
A181F,-10.567663192749023,-1.6848916355
A181E,-10.348411560058594,-2.535493343
A181D,-9.757843017578125,-0.7714761084999999
A181C,-6.7246174812316895,-0.6826703304999999
A181S,-4.068267822265625,-0.950636014
A181T,-4.937653541564941,-0.1423780919999999
W182N,-11.442071914672852,-2.3134292845
W182D,-13.498939514160156,-2.2237100045
W182P,-14.451652526855469,-2.869180162
W182Q,-11.900236129760742,1.391920642
W182R,-11.690019607543945,-0.165082255
W182S,-10.422346115112305,-0.907210024
W182T,-10.998915672302246,-0.3075602385
W182V,-10.701672554016113,-1.369351988
W182M,-10.670228004455566,-0.75579078
W182Y,-7.411525726318359,0.7578514584999999
W182K,-13.351800918579102,-3.076346739
W182I,-10.289213180541992,-0.074975964
W182H,-11.989950180053711,1.0927256835
W182G,-11.553869247436523,-0.6014819155
W182F,-9.28581714630127,-3.2516533905
W182E,-12.585089683532715,-0.4142997405
W182C,-10.209507942199707,-0.5651141205
W182L,-8.633108139038086,-1.1916795495
W182A,-12.389573097229004,-2.2017064805
A183C,-5.625542640686035,-0.7944948845
A183E,-10.737261772155762,-0.999652184
A183F,-10.969688415527344,-1.455177839
A183G,-3.5436830520629883,0.105112777
A183Y,-12.527544021606445,-4.496765476499999
A183W,-13.411849021911621,-2.2348861785
A183V,-6.695173740386963,-0.378593474
A183T,-4.226819038391113,0.0605910465
A183S,-2.136852264404297,0.1436093085
A183R,-13.316967964172363,-1.8584609545
A183Q,-12.877069473266602,-1.662775281
A183P,-7.506802558898926,0.623868347
A183N,-9.651468276977539,-1.5378166925
A183M,-9.136577606201172,-1.229000991
A183L,-10.594921112060547,-1.3951652135
A183K,-14.290620803833008,-3.555699097
A183D,-9.235383033752441,-1.6536386965
A183I,-9.039308547973633,0.0330622405
A183H,-13.79020881652832,-2.8946307860000005
L184A,-4.5710530281066895,0.8049232040000001
L184Q,-9.418352127075195,-2.3088953965
L184R,-12.000186920166016,0.3582388775
L184S,-4.982364654541016,0.6865141334999999
L184T,-4.016587257385254,0.6359678879999999
L184V,-2.2922561168670654,0.6860370705
L184W,-7.209329128265381,-2.6468390585
L184Y,-6.1982831954956055,-1.4077080525
L184C,-3.3290510177612305,0.4070611870000001
L184D,-11.259622573852539,-1.483831815
L184N,-8.417972564697266,-3.141044837
L184M,-2.341715097427368,0.509740354
L184K,-11.939266204833984,-1.9956827245
L184I,-1.6249094009399414,0.1620035285
L184H,-9.54384994506836,-1.4069191825
L184G,-5.576119422912598,0.2814974705
L184P,-10.33224868774414,0.447853636
L184F,-0.7746920585632324,0.799646236
L184E,-10.119000434875488,-2.543973895
Y185A,-7.333576202392578,-0.9268130895
Y185W,-5.053045272827148,-2.122124534
Y185V,-5.24056339263916,-1.7256749685
Y185T,-6.802896022796631,-0.583461174
Y185S,-4.773137092590332,0.181751307
Y185R,-7.103799819946289,-0.604237476
Y185Q,-6.9445600509643555,-0.5403279464999999
Y185P,-11.305152893066406,-3.0795314780000003
Y185N,-5.1346540451049805,-0.7335166679999999
Y185M,-5.823957443237305,0.5373381975
Y185L,-2.978254795074463,0.880507024
Y185K,-8.049881935119629,-2.3894133355
Y185I,-5.491633892059326,-0.342504965
Y185H,-3.8511457443237305,1.0116665665
Y185G,-8.510725021362305,-2.0825829525
Y185F,0.7005544304847717,-0.310058931
Y185E,-8.426011085510254,-2.928401423
Y185D,-6.876779556274414,-0.4631407255
Y185C,-5.853363513946533,-0.5308184195000001
Y186E,-14.323481559753418,-3.3303704315
Y186F,-4.571680545806885,0.261258764
Y186G,-13.030715942382812,0.0244678595
Y186A,-12.065719604492188,-0.462205843
Y186I,-12.812263488769531,-3.5877185
Y186K,-15.606084823608398,-1.5624174575
Y186D,-12.468745231628418,-0.9481554045
Y186L,-12.730517387390137,-1.8023815115
Y186H,-7.252608776092529,0.318481404
Y186N,-9.882530212402344,-1.0807247295
Y186P,-16.296175003051758,-1.3993543715
Y186Q,-13.160316467285156,-3.42082589
Y186R,-14.237732887268066,-2.7663140310000003
Y186S,-9.376733779907227,0.3325469255
Y186T,-12.500862121582031,0.906797907
Y186V,-12.154573440551758,-1.6818591885
Y186W,-10.372932434082031,-0.001942148
Y186C,-9.596683502197266,0.0053673975
Y186M,-13.657831192016602,0.384506869
L187K,-11.11568546295166,-2.296855052
L187C,-6.6105756759643555,-0.022261227
L187Y,-6.947689533233643,-3.3338120665
L187W,-7.942025184631348,0.566992321
L187V,-4.367600440979004,-1.2309352185
L187T,-4.87230110168457,-1.7416500865
L187S,-6.370474338531494,-0.699366067
L187R,-11.508429527282715,-1.9199837465
L187Q,-8.277349472045898,-4.378263652
L187P,-9.415433883666992,-1.372788242
L187N,-9.324758529663086,-0.4760954695
L187A,-6.338255405426025,-0.1364529765
L187M,-2.6605114936828613,0.6786388434999999
L187H,-9.297673225402832,-1.501745886
L187G,-8.456107139587402,-0.9112997005
L187F,-1.8038235902786255,-0.9717317995
L187E,-10.866744995117188,-1.7166020235
L187D,-12.066258430480957,-2.164939484
L187I,-4.084223747253418,-0.923450072
I188W,-2.040616035461426,1.005741967
I188V,0.5720634460449219,0.4523282015
I188T,-3.1816444396972656,-0.2781423945
I188R,-3.1949362754821777,-2.290284448
I188S,-2.0214009284973145,-1.0943197885
I188Y,0.4142422676086426,-0.910176225
I188D,-8.901994705200195,-1.3448578475
I188G,-3.868424892425537,-0.81382205
I188H,-3.119351863861084,-2.323933102
I188L,-1.2544102668762207,-0.0215824215
I188M,-3.4963173866271973,0.7067820785
I188N,-5.46583890914917,0.2259537565
I188P,-9.338397979736328,-3.1385949435
I188K,-3.776073455810547,0.0803148245
I188E,-8.112369537353516,-0.948739699
I188A,-2.001481056213379,0.04232605
I188C,-0.9976110458374023,-0.2553661425
I188F,2.9572534561157227,1.004514016
I188Q,-5.5167460441589355,-3.252778204
S189Y,-5.52316951751709,-0.278215571
S189M,-4.1436238288879395,0.369657559
S189W,-8.340350151062012,0.545517539
S189V,-3.245657444000244,-0.009722833
S189T,-1.2533897161483765,-0.1971308775
S189R,-5.450253009796143,-0.389968728
S189Q,-3.282803535461426,0.2051567135
S189P,-8.964458465576172,-1.040128775
S189N,-2.835176467895508,0.8661453290000001
S189L,-3.353116989135742,0.280303172
S189H,-4.941425323486328,0.388147425
S189I,-3.74238920211792,-0.460536134
S189G,-4.23116397857666,0.592237142
S189F,-5.751605987548828,-0.4523201895
S189E,-4.417780876159668,0.9457692665
S189D,-4.704661846160889,0.192203723
S189C,-5.889359474182129,0.1605125955
S189A,-0.18877506256103516,0.3740211295000001
S189K,-4.842988967895508,-0.704020199
S190P,-12.373187065124512,-3.7492338755
S190Q,-12.751764297485352,-2.2057732505
S190R,-12.266265869140625,-0.4428278645000001
S190W,-12.310586929321289,-2.0071376130000003
S190V,-10.228280067443848,-0.566497381
S190Y,-10.126008987426758,-0.75829333
S190M,-10.932332992553711,-2.107969493
S190T,-6.891526699066162,-0.395857226
S190L,-11.307376861572266,-1.370505871
S190N,-8.229442596435547,-0.7436450345000001
S190I,-10.666502952575684,-0.919422577
S190K,-13.525863647460938,-1.3565990025
S190C,-5.072414398193359,0.3197436565
S190D,-8.493091583251953,-1.945547307
S190E,-12.594820976257324,-1.4899419665
S190A,-7.060360431671143,0.0478405425
S190G,-7.883578300476074,0.0581419
S190H,-12.292247772216797,-2.7387944145
S190F,-10.274849891662598,-1.726782626
F191D,-15.504436492919922,-1.9921884945
F191E,-15.306964874267578,-2.0374505515
F191G,-11.94710636138916,-1.488661208
F191Y,-7.63621187210083,0.3188813415
F191W,-6.4893574714660645,0.322341142
F191V,-7.706940174102783,1.402034701
F191T,-9.510185241699219,-0.3011335885
F191R,-13.850655555725098,-1.205723413
F191Q,-12.90925121307373,-0.8808821235
F191P,-13.69221305847168,-3.488319621
F191M,-5.497711181640625,0.480308682
F191L,-4.550456523895264,-0.025870116
F191H,-12.192556381225586,-1.3643025965
F191I,-7.406209468841553,-0.3231205855
F191K,-14.615758895874023,-2.8976121725
F191S,-8.916420936584473,-0.5405132925
F191N,-12.696037292480469,-2.6260077025
F191A,-9.545781135559082,0.280344353
F191C,-7.531304836273193,0.4854332015
T192C,-9.105058670043945,0.2128223495
T192W,-9.785056114196777,-1.0992668475
T192V,-5.601301670074463,-0.0972853435
T192Y,-8.075725555419922,-0.7529619340000001
T192S,-2.2374320030212402,1.0813757165
T192R,-5.183961868286133,0.87557061
T192Q,-4.972259998321533,1.080278938
T192P,-9.415579795837402,1.7079711505
T192N,-3.3620619773864746,0.9748839425
T192M,-5.861066818237305,-1.2633684145
T192L,-8.342025756835938,-1.2234554555
T192K,-5.003743648529053,1.204021852
T192I,-6.364658355712891,0.370028382
T192H,-6.251707077026367,0.141681084
T192G,-4.957107067108154,1.0097368765
T192F,-9.346574783325195,-0.9789130795
T192E,-6.933398246765137,0.984033619
T192A,-2.903350353240967,-0.2189824895
T192D,-7.580883026123047,0.0134917125
D193S,1.433969259262085,1.009478907
D193C,-4.947750091552734,-1.2928752
D193T,1.903261423110962,-0.1628045795
D193V,-1.0915343761444092,1.5212002905000002
D193W,-3.704557180404663,1.6453407365
D193Y,-1.4854419231414795,0.269988327
D193Q,-1.3213622570037842,0.548931953
D193R,-2.116013288497925,0.3629301595
D193N,-0.4865133762359619,-0.057358505
D193M,-1.8425776958465576,0.0101669385
D193L,-1.7578294277191162,0.1329614935
D193K,-1.0436244010925293,0.116953725
D193I,-2.1672046184539795,-0.2868149865
D193H,-1.6166274547576904,0.6202712155
D193G,-0.9985620975494385,1.5951755515
D193F,-2.0982158184051514,0.248700356
D193E,-0.594440221786499,-0.134087728
D193A,0.08584094047546387,1.395497946
D193P,-1.3685595989227295,0.7153858975
Q194Y,-3.8318586349487305,-1.7466074175
Q194A,-1.343888282775879,-0.178071687
Q194S,-1.4604744911193848,-0.0558118245
Q194P,-1.0167551040649414,-0.275243308
Q194N,-1.5749144554138184,0.3353525755
Q194M,-3.8289780616760254,-1.2147261575
Q194L,-3.362002372741699,-0.819291763
Q194K,-0.31688690185546875,0.5538575960000001
Q194T,-0.6858868598937988,0.5342737854999999
Q194W,-7.486677646636963,-3.5717438225
Q194H,-2.269489288330078,0.4792577465
Q194G,-3.8476791381835938,-0.687683376
Q194F,-4.839028358459473,-0.5550223635
Q194E,2.1303701400756836,0.371995481
Q194D,0.3570427894592285,1.3587190425
Q194C,-7.468573093414307,0.271386662
Q194I,-1.7343783378601074,-3.0982993055000003
Q194V,0.8089767694473267,-1.0838456225
Q194R,-1.9856109619140625,-0.155679301
L195A,-6.630542278289795,-2.476672895
L195C,-9.419044494628906,-1.864473804
L195Y,-8.536774635314941,-3.149112459
L195W,-9.446808815002441,-0.587018192
L195V,-2.826694965362549,-0.8466060135
L195T,-7.25480318069458,-0.8465497934999999
L195D,-11.354742050170898,-2.2765862985
L195R,-7.614206314086914,-1.066141435
L195Q,-5.29628324508667,-3.1079761295
L195P,-6.826927661895752,-1.2479930405
L195S,-7.64324951171875,-0.5567303635
L195M,-5.003046035766602,-0.137231002
L195N,-9.034088134765625,-1.241063178
L195F,-6.185915470123291,-0.0790975965
L195G,-10.389405250549316,-2.869623222
L195E,-8.268908500671387,-1.7093549895
L195H,-8.968486785888672,-1.2930613575
L195I,-4.703480243682861,-2.8618057325
L195K,-8.555439949035645,-1.039288185
P196A,-6.672883987426758,-0.791266637
P196C,-13.250826835632324,-3.6387014805
P196D,-8.421253204345703,-4.678973187
P196E,-8.486821174621582,-3.2314814245
P196F,-10.009198188781738,-4.5
P196G,-10.228833198547363,-2.160856943
P196H,-8.098617553710938,-3.550632053
P196I,-9.128982543945312,-4.5
P196K,-8.323537826538086,-2.383194328
P196W,-12.360740661621094,-3.2388266555
P196M,-9.79380989074707,-1.5847879065
P196N,-8.384326934814453,-2.1108422035
P196Q,-7.534188747406006,-0.81956458
P196R,-8.088512420654297,-1.6248189575
P196S,-6.050079345703125,-0.6780862809999999
P196T,-7.21846866607666,-1.3703811415
P196V,-8.418425559997559,-2.9542962095
P196Y,-9.592845916748047,-4.5
P196L,-7.582383632659912,-0.4143031445000001
W197G,-12.880467414855957,-2.1203107405
W197F,-11.099440574645996,0.439496636
W197A,-16.12228012084961,-1.8034309
W197D,-17.150541305541992,-3.4272693860000003
W197C,-14.204533576965332,-2.1677908715000003
W197H,-15.215410232543945,-2.654859737
W197E,-16.522594451904297,-1.398482732
W197I,-16.276962280273438,-2.2396039695
W197P,-16.37202262878418,-2.660390181
W197L,-12.684377670288086,-0.8399338805
W197M,-15.189023971557617,-0.9899389525
W197N,-16.10449981689453,-1.8009517245
W197Q,-15.512939453125,-4.4979958205
W197R,-12.747383117675781,-0.5129062725
W197S,-13.699556350708008,-2.0747065055
W197T,-16.52677345275879,-0.9014495995
W197V,-16.142019271850586,-2.7131090265
W197K,-15.960448265075684,-1.633473876
W197Y,-11.473516464233398,0.133515085
T198D,-6.198616981506348,0.927364008
T198A,-1.6687476634979248,1.1606649285
T198W,-8.789443969726562,-0.6743820655
T198V,-2.9599545001983643,0.0002943805
T198S,-1.743694543838501,0.528052256
T198R,-3.989645481109619,0.0417686505
T198Q,-4.890309810638428,-0.491042795
T198P,-7.768115520477295,-1.3429624555000002
T198N,-4.420089244842529,0.648370701
T198M,-2.4868643283843994,1.253120806
T198L,-3.8737716674804688,0.378200262
T198K,-3.2639577388763428,-0.4195005955
T198I,-1.3048319816589355,0.919647811
T198H,-5.815487861633301,0.276614991
T198G,-4.6298322677612305,0.7028656325
T198F,-4.259975433349609,-0.5362371045000001
T198E,-4.686952114105225,-0.0530786755
T198Y,-4.8130035400390625,-0.228347231
T198C,-7.756932735443115,-0.993950155
S199A,-2.9294605255126953,1.2009201295
S199W,-6.844201564788818,-0.821127838
S199C,-7.409670352935791,-0.4528965185
S199E,-2.581486701965332,-0.6744478075
S199F,-3.9619712829589844,-1.1997903115000002
S199G,-2.9821877479553223,0.5894075905
S199H,-1.4078484773635864,0.8447274855
S199I,-3.5808253288269043,-1.574589974
S199Y,-2.211611270904541,-0.99571597
S199L,-4.19669246673584,-1.057237781
S199N,-1.5512343645095825,-0.5211039085
S199P,-9.543964385986328,-1.9485400195
S199Q,-2.5987377166748047,0.390011406
S199R,-1.5747190713882446,0.3322509805
S199T,-0.10861063003540039,-0.8854398305
S199V,-2.9980220794677734,-0.258998026
S199M,-5.062601089477539,-0.4208558685
S199K,-1.964030385017395,0.332539796
S199D,-2.577754020690918,0.059490542
C200L,-15.108942031860352,-2.0268988535
C200Y,-12.338245391845703,-0.7859593215
C200W,-12.068971633911133,-1.3569388655
C200V,-15.655549049377441,-1.8448478385
C200T,-14.71654987335205,-1.6787428269999998
C200S,-11.881926536560059,-1.9132612965
C200R,-12.730801582336426,-0.6860348685
C200Q,-16.949108123779297,-2.3893304875
C200P,-15.112833976745605,-1.8165049925
C200K,-16.94160270690918,-2.2148649585
C200M,-17.16943359375,-1.7790174585
C200A,-15.2079496383667,-1.837949359
C200D,-15.571893692016602,-1.551886255
C200E,-16.49582862854004,-2.680549774
C200F,-14.154451370239258,-2.5714928935
C200G,-12.812566757202148,-0.2078291615
C200H,-15.69222640991211,-1.9401386305
C200I,-16.77311897277832,-1.11124654
C200N,-15.103233337402344,-2.2823326375
K201H,-0.593998908996582,-0.2294284605
K201G,0.2589914798736572,0.8530405434999999
K201A,-0.8027369976043701,1.1181290135
K201D,0.6366527080535889,0.365754861
K201C,-4.83701229095459,-0.4577147905
K201I,-3.409383535385132,0.4851140165
K201E,-0.15287280082702637,0.8662173634999999
K201L,-2.0894925594329834,0.8163166675
K201F,-3.438457727432251,0.8865210490000001
K201N,2.373501777648926,-1.4420277115
K201Y,-2.628000020980835,0.505907834
K201W,-5.016885757446289,0.485233734
K201V,-3.2431466579437256,0.665421611
K201T,-0.21774029731750488,-0.1780866935
K201M,-3.5470187664031982,0.750300403
K201R,0.3573756217956543,0.8883027595
K201Q,-0.5359158515930176,0.5263923770000001
K201P,-4.53835391998291,-1.167032534
K201S,0.8015360832214355,0.7311722334999999
N202Y,-5.655616760253906,0.936001191
N202W,-10.501131057739258,-1.036054186
N202V,-7.847198486328125,-1.9519062545
N202T,-5.7594757080078125,0.42650904
N202S,-4.42857551574707,0.2425972535
N202R,-6.532454967498779,-0.9057415605
N202Q,-4.711848735809326,0.861889757
N202M,-8.595379829406738,-1.095457244
N202L,-7.778578758239746,-2.815113921
N202K,-5.956517696380615,0.570343203
N202A,-5.906590938568115,-1.010674113
N202H,-1.2379369735717773,0.9881059245
N202G,-5.655145645141602,-2.682016799
N202F,-7.9877424240112305,-0.2393963205
N202E,-4.396344184875488,0.5075380065
N202P,-4.932077407836914,-3.401879203
N202I,-8.159187316894531,0.8349319765000001
N202C,-8.738694190979004,-4.0897108335
N202D,-4.357311248779297,-1.134889582
S203V,-2.1669750213623047,-0.382834992
S203R,-2.217867851257324,-0.5810225489999999
S203Q,-1.294500470161438,-0.981644118
S203P,0.3034331798553467,0.484708521
S203N,-2.0694832801818848,-0.133076751
S203M,-3.0293593406677246,-0.5286369635
S203K,-1.3222616910934448,-0.4636591525
S203I,-2.2034759521484375,-1.0141166145
S203H,-2.296919345855713,-4.7991897995
S203G,-3.1543736457824707,-0.268939185
S203F,-2.5113916397094727,-0.3171811745
S203E,0.5539364814758301,-0.5680624165
S203D,-0.9101468324661255,-1.2316073165
S203C,-7.098448753356934,-3.9934675515
S203A,-0.9981070756912231,-1.10500305
S203T,-0.43765342235565186,-0.9682927215
S203Y,-2.1222434043884277,-4.5
S203L,-2.7158751487731934,0.102134192
S203W,-3.0970988273620605,-0.449905543
W204V,-14.362200736999512,-1.7030201305
W204E,-14.711856842041016,-1.4747510515
W204F,-8.710721015930176,0.0571411405
W204G,-11.156445503234863,-1.7353506495
W204H,-13.189355850219727,-4.1786999835000005
W204I,-14.194953918457031,-2.408663777
W204K,-14.789775848388672,-1.3893582295
W204L,-10.612117767333984,-0.602265961
W204M,-12.400588035583496,-1.6451051195
W204N,-14.595272064208984,-3.480161686
W204P,-14.506210327148438,-1.8494796575
W204Q,-14.471278190612793,-2.967983815
W204R,-10.437694549560547,-1.367723833
W204S,-11.477155685424805,-3.2134173980000003
W204T,-13.240726470947266,-1.7585023585
W204Y,-8.69955062866211,0.0625114995
W204D,-15.277122497558594,-1.7787253515
W204A,-13.584315299987793,-2.218863039
W204C,-12.243101119995117,-1.209661554
N205C,-11.923555374145508,-2.261504322
N205W,-14.529668807983398,-1.3364666125
N205T,-8.845145225524902,-2.1938523255
N205S,-6.077413558959961,-1.154930002
N205R,-11.003658294677734,-1.9974678895
N205Q,-10.988856315612793,-1.57970369
N205P,-14.1611967086792,-3.81989493
N205A,-9.16136360168457,-3.297542127
N205M,-11.243229866027832,-2.1317711445
N205K,-10.093266487121582,-1.094783225
N205I,-10.12968635559082,-0.70635499
N205H,-9.473688125610352,0.7609318305
N205G,-9.724336624145508,-0.854706072
N205F,-11.549428939819336,-0.8774348584999999
N205E,-11.945975303649902,-4.434099234
N205D,-8.343137741088867,0.9436903325
N205L,-11.618488311767578,-1.00336174
N205Y,-9.319498062133789,0.9003124295
N205V,-11.068273544311523,-2.1511959195
T206N,-5.206677436828613,0.1614429825
T206V,-7.427414417266846,-2.0998319275
T206S,-2.018832206726074,0.480944745
T206R,-7.426927089691162,-1.8941966315
T206Q,-7.399191379547119,-2.7962488255
T206P,-8.337530136108398,-2.081552324
T206M,-6.21686315536499,-3.7401440735
T206L,-7.128971576690674,-4.1446335505
T206K,-7.12882137298584,-2.622012322
T206I,-6.133452415466309,1.3116961425
T206G,-7.390037536621094,-3.1550988230000003
T206F,-8.412020683288574,-4.287829761
T206W,-10.939298629760742,-1.4825512735
T206Y,-8.142578125,-1.0145385175
T206E,-7.268766403198242,-4.1129567415
T206D,-5.9561238288879395,-4.5
T206C,-10.13386344909668,-2.778162019
T206A,-5.353913307189941,-1.244711985
T206H,-8.175540924072266,-3.6799654155
G207W,-2.2294960021972656,0.1284106405
G207Y,-0.7551026344299316,-0.3474646375
G207V,1.5473990440368652,-0.5126418265
G207T,1.1779022216796875,-4.5
G207S,1.3261375427246094,-2.300727579
G207A,2.6537866592407227,-0.078144351
G207C,-5.29683780670166,-0.688824164
G207D,3.0126395225524902,0.1101377335
G207E,4.61768913269043,0.5499378435
G207H,-0.2845187187194824,-0.3697379145
G207I,1.117103099822998,-0.7872252645000001
G207F,-1.5183439254760742,-0.498711917
G207M,0.1780986785888672,-1.4438215915
G207N,0.3092632293701172,0.584145227
G207P,3.549999713897705,-1.951886811
G207Q,1.8504176139831543,-4.267210792
G207R,-0.030662059783935547,0.322496326
G207L,1.0798454284667969,-2.2242088155
N208K,-5.2685699462890625,0.9623461115
N208A,-5.346378803253174,-0.7904138784999999
N208I,-7.0507683753967285,-0.552814902
N208L,-5.349176406860352,-2.689283404
N208H,-2.7650489807128906,-0.6149669475
N208G,-6.507643222808838,-3.4378806275
N208F,-4.352392196655273,-1.875585399
N208E,-5.249777317047119,-2.6761652635
N208Y,-2.889387607574463,-0.363637022
N208P,-8.6067476272583,-2.7389754595
N208V,-7.188033103942871,-1.682056715
N208T,-6.474745273590088,-1.0094919635
N208S,-4.047360420227051,-2.030476152
N208R,-4.722294807434082,-1.276425923
N208Q,-4.956026077270508,0.606608731
N208C,-8.11166763305664,-4.5
N208D,-4.157848834991455,-0.468591906
N208M,-7.252523422241211,-2.8981828615
N208W,-7.427632808685303,-2.596424214
C209A,-14.726329803466797,-4.537765392
C209L,-14.547844886779785,-4.388437556
C209E,-15.307677268981934,-3.346510064
C209F,-12.884068489074707,-1.5610617445
C209G,-12.724183082580566,-3.324666402
C209H,-14.832667350769043,-4.5
C209M,-15.481880187988281,-4.080063489
C209D,-14.883321762084961,-4.8437163855000005
C209P,-17.148277282714844,-5.594362323
C209Q,-15.91320514678955,-1.1402494195
C209R,-12.424494743347168,-1.0233196515
C209S,-11.974217414855957,-1.169193857
C209T,-14.584798812866211,-1.872666519
C209V,-13.72563362121582,-1.7865152215
C209W,-12.903233528137207,-2.0803694505
C209I,-14.31717586517334,-2.4042634325
C209Y,-11.291269302368164,-0.4958151225
C209N,-13.853743553161621,-4.5
C209K,-16.014415740966797,-2.152509462
T210H,-8.141807556152344,-0.1866762805
T210A,-5.021489143371582,-0.7535495295
T210C,-9.34762954711914,-4.8402226745
T210D,-8.32486629486084,-4.920181373999999
T210E,-6.891815662384033,-1.4149782875
T210G,-8.29564094543457,-3.272790537
T210L,-6.717977523803711,-0.6163760420000001
T210P,-9.228768348693848,-1.3873787505
T210N,-6.4884748458862305,0.675072496
T210M,-5.770925045013428,-5.587092509
T210S,-3.030467987060547,0.165092251
T210V,-4.108691215515137,-2.2829023655
T210W,-8.201309204101562,-1.0231595935
T210Y,-6.869670867919922,-1.2081968884999998
T210R,-5.36464786529541,-1.2623745240000002
T210F,-7.40621280670166,-0.785513648
T210I,-4.669956207275391,0.609392456
T210Q,-6.769676208496094,-0.813084013
N211G,-1.4079766273498535,0.161188937
N211E,0.8975073099136353,0.071218863
N211D,1.5702413320541382,-0.388991446
N211C,-7.514204978942871,0.423912573
N211A,0.1970067024230957,-2.2514456305
N211H,-2.418572425842285,-0.037012715
N211F,-4.344278812408447,-1.6876094765
N211V,-1.692399024963379,-1.4331851985
N211K,-0.714505672454834,-0.2614556785
N211Y,-2.9935503005981445,-0.5904794985
N211L,-2.214850425720215,0.4114431985
N211M,-2.4054336547851562,-0.8318072755
N211P,-4.79279088973999,-1.4022975455000002
N211Q,-0.44231700897216797,-0.7137654915
N211R,-1.4797592163085938,-0.7955807475
N211S,1.471678614616394,0.069562166
N211W,-5.372356414794922,-0.4040533445
N211I,-2.7644543647766113,0.501864555
N211T,0.444995641708374,-0.378806605
Y212V,-4.651611328125,-0.5365449425
Y212W,-5.692160129547119,-0.9687603925
Y212F,-0.43840891122817993,0.2453256245
Y212E,-5.8833770751953125,-1.6317711444999998
Y212D,-5.298984527587891,-2.983194172
Y212C,-7.931697845458984,-1.6096476875
Y212A,-5.491713523864746,-2.380302601
Y212H,-3.537829637527466,0.8189330140000001
Y212I,-4.111327171325684,-0.672878526
Y212G,-7.279820442199707,-2.467691818
Y212L,-3.5990684032440186,0.242040834
Y212T,-5.451747894287109,-1.823463293
Y212K,-6.877402305603027,-0.8488399434999999
Y212R,-6.0834808349609375,-1.2373412259999998
Y212S,-4.267237663269043,-0.155906939
Y212P,-5.542733192443848,0.1688412239999999
Y212M,-5.3350114822387695,-0.192822576
Y212N,-5.448054313659668,-1.0889898465
Y212Q,-5.742173671722412,-3.4789896625
F213D,-6.921877861022949,-1.4340748559999998
F213E,-7.063432216644287,-5.304088144
F213G,-6.6179986000061035,-1.2789821695
F213H,-5.612727165222168,-2.426128462
F213I,-4.37326717376709,-1.1473805095
F213K,-6.351180553436279,-0.4187332585
F213L,-3.0565547943115234,0.2763585845
F213M,-4.979180335998535,-0.6391484585
F213P,-6.436663627624512,-1.8487377045
F213R,-5.780706405639648,-0.10410643
F213S,-4.264698505401611,-0.177379261
F213T,-4.316319465637207,-3.0856346335
F213V,-5.256489276885986,-1.1408512895
F213W,-6.320146083831787,-0.4009811015
F213Y,-2.5128402709960938,-0.3466722275
F213N,-5.78663444519043,-1.737156171
F213Q,-6.0437774658203125,-2.151320514
F213A,-5.51595401763916,-3.2987815260000004
F213C,-8.391268730163574,0.446629712
S214T,-0.07882833480834961,-0.115276938
S214R,0.6893036365509033,0.4086304075
S214Q,0.9534287452697754,0.378396466
S214P,-0.6151857376098633,1.1770504555
S214N,-0.1515212059020996,-1.49205079
S214M,-0.9959478378295898,-0.551645862
S214L,0.05266761779785156,0.626857376
S214V,-0.4075932502746582,-0.9582268185
S214Y,-1.0104942321777344,-2.49483253
S214H,0.7445769309997559,-0.659536829
S214G,-1.186739444732666,0.0854368075
S214F,-2.522531509399414,0.5055820725
S214E,0.1248621940612793,-2.1142679195
S214D,-0.6607546806335449,-2.8919035930000003
S214C,-5.038502216339111,-0.8668324925
S214A,0.07904529571533203,-2.2604566555
S214I,-0.8883123397827148,0.3156210063
S214W,-3.19024658203125,1.0749001245
S214K,1.1674302816390991,0.025642375
E215C,-6.238117694854736,0.4117629535
E215A,0.0642387866973877,-1.1960810745
E215Y,-1.480217456817627,-0.045429609
E215W,-4.3550028800964355,0.311370476
E215T,-0.1118626594543457,-2.236258806
E215S,0.6134896278381348,-0.217794145
E215R,0.23737740516662598,-0.350540776
E215Q,0.06648993492126465,0.5665947115
E215P,-0.9428062438964844,-2.2781620185
E215V,-1.0146222114562988,0.6661654935
E215M,-1.5361146926879883,-0.9481093395
E215N,0.44094038009643555,-1.3945018885
E215F,-2.3347954750061035,-1.2151598435
E215G,0.6335659027099609,0.9585530585
E215D,-0.2583012580871582,0.427610702
E215I,-1.484485149383545,-2.604200367
E215K,0.9425036907196045,-0.8916085205
E215L,-0.9512982368469238,0.1040126535
E215H,-0.5489101409912109,-1.5882838355000002
D216W,-4.819814682006836,-1.5660751730000002
D216P,-3.8232736587524414,-1.1146632865
D216V,-1.9240527153015137,0.138026149
D216T,0.051198482513427734,-0.420233735
D216S,-0.03978991508483887,-0.511125751
D216R,-0.017292022705078125,-1.7540081465
D216Q,0.34406113624572754,-4.5028236815
D216N,1.219902753829956,1.3927641590000002
D216I,-2.476585865020752,-3.6699232925
D216L,-1.6908650398254395,-1.638674044
D216K,1.5411186218261719,-0.7651644145000001
D216H,-0.009395599365234375,0.089197206
D216G,-0.731917142868042,0.590839475
D216F,-3.062525749206543,0.092635677
D216E,1.1564288139343262,1.052832845
D216A,-0.32578063011169434,0.1923204775
D216M,-1.4713873863220215,-1.007156841
D216C,-8.076738357543945,-0.7074258059999999
D216Y,-1.9731688499450684,0.206539616
N217P,-9.823118209838867,0.8541070645000001
N217V,-10.023398399353027,-0.1916731565
N217T,-7.495049953460693,0.0940433665
N217S,-6.288081169128418,1.146068654
N217R,-8.073763847351074,0.9447168885
N217Q,-7.485134601593018,-0.5241284845
N217A,-8.446563720703125,0.601696231
N217C,-13.464557647705078,0.414596831
N217D,-6.7400102615356445,1.279226194
N217E,-6.853034019470215,-0.4151506885
N217F,-10.656791687011719,-1.4505304730000002
N217G,-6.876889705657959,0.196451124
N217W,-12.34033489227295,1.187044999
N217I,-9.9489107131958,-0.1039766805
N217K,-6.8313984870910645,-0.9035852465
N217H,-7.526355266571045,0.375947386
N217M,-9.678565979003906,1.587345114
N217L,-10.256414413452148,0.894422536
N217Y,-9.245525360107422,3.872741478
I218Q,-0.41588616371154785,1.0527298665
I218D,-2.5810821056365967,-0.2084796365
I218E,-2.0015785694122314,1.0403662145
I218F,-1.5413234233856201,-0.042004599
I218G,-1.5695221424102783,0.91959735
I218H,-0.80367112159729,0.4484425255
I218C,-2.6155335903167725,0.524116739
I218Y,-2.230816125869751,0.3473746675
I218W,-4.279657363891602,0.6697552170000001
I218S,0.6068590879440308,-1.245103561
I218T,-0.19965171813964844,1.069597936
I218K,-0.12947583198547363,1.450749205
I218L,0.24561667442321777,-0.232484778
I218M,-0.7497484683990479,-0.3189907305
I218N,-1.2919163703918457,-1.31415143
I218P,-5.112534523010254,-0.1226212495
I218R,-0.40262436866760254,0.5517898365
I218V,0.025464773178100586,0.161546998
I218A,0.5312079191207886,0.6370278625
T219S,0.4522438049316406,-0.959679496
T219V,-8.601158142089844,0.5575444589999999
T219R,-8.307424545288086,0.727901055
T219Q,-8.39185905456543,1.0019584155
T219P,-7.084643840789795,1.3403508985
T219A,-6.9699225425720215,-2.2353616375
T219C,-9.688749313354492,0.018169155
T219D,-6.660393714904785,1.4843510875
T219E,-8.462127685546875,1.9574808925
T219F,-8.997299194335938,0.7456620115000001
T219G,-8.037986755371094,1.219451206
T219H,-7.3750433921813965,1.0776608725
T219I,-7.74539041519165,-0.377017946
T219K,-7.312960147857666,0.6105530735
T219L,-7.970539569854736,0.7909008759999999
T219M,-8.304271697998047,0.6714541715000001
T219N,-1.200836181640625,-1.0635095835
T219W,-11.819486618041992,0.6923642595
T219Y,-9.040315628051758,0.0948334
W220A,-6.512747287750244,-0.8851426575
W220C,-7.915159225463867,0.0877644265
W220P,-10.191835403442383,-0.1233867705
W220L,-5.703768253326416,-0.2812572035
W220M,-7.023350238800049,0.172930366
W220N,-7.565181255340576,1.4299978055000002
W220H,-6.948672294616699,-1.5622588955
W220Q,-7.6074676513671875,-0.9429570395
W220R,-6.3880720138549805,-0.086069139
W220G,-7.679357528686523,0.3398601125
W220F,-5.072840690612793,-0.0936564585
W220E,-8.107903480529785,-0.9953944345
W220D,-8.466299057006836,-0.9064793345
W220S,-6.094425678253174,0.3911685855
W220T,-7.160083770751953,-0.8629606525
W220V,-7.268368721008301,-0.913024334
W220Y,-5.209352016448975,0.069835153
W220K,-7.262513637542725,1.2443402515000002
W220I,-7.247757434844971,0.7537645479999999
T221K,-5.219606876373291,1.21264887
T221L,-7.394564628601074,0.5403570395
T221M,-5.919967174530029,0.077320376
T221A,-0.664662778377533,-0.4980493385
T221I,-5.828113079071045,0.182852089
T221H,-7.150993824005127,0.7197690354999999
T221G,-5.6490607261657715,0.509760962
T221F,-8.849453926086426,0.5765522495000001
T221N,-6.640669822692871,1.3282844109999998
T221E,-6.962266445159912,0.2776241405
T221D,-7.777770519256592,0.67199982
T221C,-10.269123077392578,0.2168703935
T221P,-5.877285957336426,-1.246124788
T221Y,-8.568825721740723,0.29280253
T221R,-6.456537246704102,0.7383285675
T221S,-3.193342685699463,0.519235671
T221V,-3.9163804054260254,0.093658006
T221W,-10.520891189575195,0.6135444795
T221Q,-7.360729217529297,0.274242372
L222W,-2.4417295455932617,0.198531646
L222Y,-1.0045490264892578,-0.2726009265
L222M,-0.537013053894043,1.284642023
L222K,2.3054158687591553,1.262160903
L222I,-1.1555366516113281,0.4846658395
L222H,0.5964078903198242,0.3580278529999999
L222S,1.0898313522338867,1.185953013
L222R,1.7026398181915283,-1.193717315
L222Q,1.9166061878204346,0.5030954075
L222A,0.34472084045410156,0.5779952505
L222D,0.11244010925292969,0.626844615
L222V,-0.35296630859375,0.4880269645000001
L222E,1.5773522853851318,0.6582846960000001
L222F,-3.02984619140625,0.1796251475
L222G,-0.08566761016845703,0.1693793675
L222P,-0.6015100479125977,0.889927419
L222N,5.322638511657715,0.0948334005
L222C,-3.301176071166992,-1.0936513295
L222T,0.5593814849853516,-0.3870699175
H223Q,-1.094254970550537,-1.9320540625
H223S,-1.542978286743164,0.3821103965
H223T,-2.267322540283203,0.876682307
H223V,-4.416643142700195,0.2462423495
H223W,-6.272225856781006,0.290013163
H223N,2.3862905502319336,-2.5016549755
H223P,-5.384382724761963,-1.9044291845
H223L,-3.397822856903076,0.3962574045
H223K,0.5894005298614502,-0.5647435829999999
H223I,-5.019476890563965,0.903109773
H223G,-1.7401094436645508,0.1336467415
H223F,-5.239838600158691,0.7580284709999999
H223E,-2.472576141357422,-0.0709502675
H223M,-3.228846549987793,0.2238502625
H223R,-0.8884403705596924,-0.032576717
H223Y,-2.503938674926758,-0.047396674
H223A,-3.0249500274658203,0.7547610290000001
H223C,-7.0495381355285645,0.119785801
H223D,-2.480991840362549,-2.741235835
S224E,-9.709081649780273,-0.3638138195
S224A,-3.973515510559082,0.2691558925
S224C,-8.596961975097656,-0.074401719
S224F,-8.731541633605957,0.045249973
S224P,-9.025707244873047,0.108793248
S224Q,-9.226381301879883,0.1163716885
S224R,-7.432229518890381,0.7433332009999999
S224T,-5.221606731414795,0.5296599895
S224V,-8.351269721984863,0.570041061
S224W,-11.44845962524414,0.2044755015
S224D,-9.92518424987793,-0.3808089575
S224N,-7.959185600280762,0.490648473
S224M,-9.289257049560547,0.6661791165
S224L,-8.29698371887207,0.3645607805
S224K,-8.439167976379395,1.612297567
S224I,-9.431013107299805,0.217637067
S224H,-8.389816284179688,0.163891105
S224G,-5.867614269256592,0.2230148905
S224Y,-7.832509994506836,-0.095512823
T225R,-3.8275766372680664,-0.4156928515
T225Q,-3.420835494995117,-0.3449014995
T225N,-5.599273681640625,-1.23108151
T225M,-3.0067226886749268,0.2676619645
T225P,-7.031942367553711,-0.2384547335
T225K,-2.7536518573760986,-0.714240201
T225I,-1.3088726997375488,-0.2576094115
T225A,-2.4702792167663574,-0.152876596
T225D,-5.853307247161865,-2.0099918480000003
T225E,-2.9500207901000977,-0.6613546204999999
T225H,-6.331874847412109,-1.5490227895
T225G,-6.428272247314453,-2.846534967
T225F,-5.499317169189453,-2.2503596265
T225S,-2.3611385822296143,0.009008125
T225V,-0.4173295497894287,0.1742432725
T225W,-7.8175048828125,-0.1225987985
T225Y,-6.3493170738220215,-0.555713896
T225L,-2.7537407875061035,1.340836888
T225C,-9.83509635925293,0.7680733434999999
S226P,-7.935609817504883,-2.1871505865
S226W,-8.55851936340332,0.465259113
S226Y,-7.797452926635742,-1.1119805645
S226H,-8.279519081115723,-1.2032004785
S226G,-6.868471145629883,1.287110306
S226F,-7.71519136428833,1.0839977875
S226E,-9.654972076416016,-0.6503451765
S226D,-8.678075790405273,-1.1773629895
S226C,-7.824987411499023,-0.030882858
S226A,-4.072774410247803,-1.025488663
S226I,-6.925687313079834,-2.269250922
S226L,-5.163584232330322,-2.5488521585
S226M,-5.760472774505615,-2.693243887
S226N,-5.946164131164551,-0.643015163
S226Q,-8.23405647277832,-2.587491834
S226R,-5.49684476852417,-0.3689214785
S226T,-1.4389686584472656,0.7407662290000001
S226V,-7.619675159454346,-2.706832251
S226K,-6.748215675354004,-4.619775517
P227L,-8.581170082092285,-1.24406582
P227M,-11.79401683807373,-3.331279622
P227N,-11.833605766296387,-2.627656179
P227Q,-9.66148853302002,-2.252883726
P227V,-9.428733825683594,-2.1507052225
P227S,-5.738293647766113,-0.064407589
P227T,-8.088464736938477,-3.597653872
P227K,-12.276935577392578,-2.8900597075
P227W,-14.512483596801758,-2.1235685385
P227Y,-12.126392364501953,-3.971085367
P227R,-10.493404388427734,-3.826768617
P227I,-11.000864028930664,-2.372437099
P227E,-12.4765043258667,-1.9241116425
P227G,-9.825936317443848,-2.3678113535
P227F,-12.256888389587402,-0.932562958
P227D,-13.520870208740234,-1.997617387
P227C,-10.557594299316406,-2.511338407
P227A,-4.410224914550781,-4.4343589230000005
P227H,-9.93790054321289,-3.3943691065
A228H,-12.054176330566406,-4.2291138725
A228K,-11.481220245361328,-2.2981127580000003
A228G,-6.85721492767334,-1.019850819
A228F,-11.557355880737305,-4.1650802665
A228E,-10.232465744018555,-1.7413611569999998
A228D,-10.805144309997559,-4.2082213845
A228C,-8.669626235961914,-0.0598662195
A228L,-10.375663757324219,-1.491924665
A228I,-8.3191499710083,-1.6598842315
A228N,-9.991312026977539,-2.2769731465
A228R,-11.303834915161133,-1.3862380775
A228S,-0.30376482009887695,-0.009982152
A228T,-3.396902561187744,-0.063972999
A228V,-5.503910064697266,0.0452895795
A228W,-14.312530517578125,-1.946868792
A228M,-9.427343368530273,-0.529598916
A228Q,-10.229131698608398,-1.241081813
A228P,-5.824033737182617,-1.313623342
A228Y,-11.844017028808594,-3.024726393
E229A,-4.350708484649658,-0.3965541005
E229W,-9.585165977478027,-0.5251335305
E229V,-4.126433849334717,0.119137593
E229T,-4.113218307495117,0.3114359225
E229S,-4.941521644592285,0.8793530534999999
E229R,-5.818971633911133,-0.1677721395
E229Q,-2.8863797187805176,0.8642815070000001
E229P,-10.274978637695312,-2.2242172195
E229N,-5.794546604156494,-0.8708591784999999
E229Y,-6.205163955688477,0.7294683025
E229L,-5.749906539916992,0.726706912
E229K,-4.954353332519531,0.3750308255
E229I,-5.181464672088623,1.228110691
E229H,-6.168720245361328,0.5682248665
E229G,-5.853798866271973,-1.042485516
E229F,-8.082189559936523,0.5804899729999999
E229D,-5.658559322357178,0.3841403925
E229C,-10.081260681152344,-0.056572132
E229M,-5.299473762512207,0.5869209165
E230Y,-9.479264259338379,-4.488757689
E230W,-13.237104415893555,-3.096921348
E230R,-10.438787460327148,-1.3284561205
E230V,-6.5047688484191895,-1.129711628
E230Q,-5.837759494781494,-0.9508406975
E230P,-12.783208847045898,-0.790522835
E230N,-8.339961051940918,-0.0775713985
E230M,-8.918437957763672,-1.986257349
E230K,-8.282459259033203,-0.7218716829999999
E230S,-8.566349029541016,-1.57000768
E230A,-7.068982124328613,-0.950115396
E230C,-12.759136199951172,-2.0035359595
E230L,-8.182515144348145,-1.8575879835
E230T,-8.033243179321289,-2.448278796
E230D,-4.012881755828857,-0.0663432945
E230G,-7.720546245574951,-1.519315039
E230H,-9.808273315429688,-3.2038049245
E230I,-8.22727108001709,-4.5
E230F,-10.854629516601562,-1.7302895325
F231P,-16.92848014831543,-3.3003436765
F231Q,-13.797151565551758,-0.9332763775
F231Y,-1.7717304229736328,0.4045932615
F231W,-10.045537948608398,-0.6507410275
F231V,-12.300690650939941,-3.1907393905
F231T,-13.838676452636719,-2.2834091225
F231N,-12.411298751831055,-2.3945075395
F231D,-15.409822463989258,-2.1104511635
F231R,-14.99744701385498,-2.70941034
F231A,-13.698450088500977,-2.2644540225
F231C,-12.589635848999023,-1.3266170335
F231E,-15.651869773864746,-2.2816835465
F231H,-10.136741638183594,-1.7107596325
F231I,-11.735350608825684,-1.143579876
F231G,-15.583253860473633,-1.9699985475
F231L,-8.98304557800293,-0.7983450815
F231M,-11.468900680541992,-1.8221366605
F231S,-11.840574264526367,-1.135437594
F231K,-15.924960136413574,-3.020367284
Y232P,-16.783349990844727,-2.349140043
Y232C,-11.710935592651367,-1.1991661695
Y232A,-14.78366470336914,-0.311340303
Y232T,-14.816198348999023,-2.1205978335
Y232S,-12.056493759155273,-0.899930132
Y232R,-14.819090843200684,-2.536310451
Y232Q,-13.441622734069824,-0.3718480035
Y232N,-11.908778190612793,-0.8594746725
Y232H,-9.174056053161621,0.1256601915
Y232G,-15.992493629455566,-2.9655261695
Y232E,-15.358624458312988,-1.264165426
Y232F,-2.242341995239258,0.486255514
Y232L,-10.188779830932617,0.7572200590000001
Y232K,-16.51224136352539,-2.4373477485
Y232W,-10.551857948303223,0.0337139905
Y232V,-12.29393482208252,0.2890951015
Y232I,-11.901053428649902,-0.917809248
Y232M,-12.878335952758789,1.266792257
Y232D,-13.651378631591797,-3.490216397
T233G,-8.149436950683594,-1.694438797
T233A,-5.394134998321533,-1.309265776
T233C,-9.89080810546875,0.9909048255
T233D,-7.260656833648682,-3.3542079345
T233E,-4.595895767211914,0.7434361559999999
T233F,-9.258928298950195,1.0856817395
T233P,-10.464202880859375,1.2093581225
T233H,-6.131196975708008,0.7810071584999999
T233I,-4.9989423751831055,0.4901950145
T233K,-6.516335487365723,-0.2299515205
T233Y,-8.268816947937012,1.076222015
T233W,-11.057004928588867,0.7357724704999999
T233V,-5.952476501464844,0.981623873
T233S,-4.809276580810547,0.4070003115
T233R,-6.022259712219238,0.431959444
T233Q,-6.1715850830078125,0.581322443
T233N,-4.170257568359375,1.124789362
T233M,-5.631359100341797,1.1340647145
T233L,-5.8077921867370605,0.8030690425
R234I,-8.07245922088623,-0.1125033625
R234H,-6.389184951782227,-1.0137444865
R234G,-8.908859252929688,-1.3188850785
R234M,-8.485902786254883,-0.3296023665
R234E,-9.029093742370605,-1.323372268
R234D,-10.475810050964355,-2.9036097465
R234K,-5.248350143432617,-0.1433924985
R234F,-9.721956253051758,0.2294974305
R234L,-7.315191268920898,1.2201436135
R234V,-9.007471084594727,-0.586104869
R234N,-7.031886577606201,0.0813224425
R234P,-11.98348617553711,-3.8542079345
R234Q,-6.3654584884643555,0.6341218035
R234S,-7.040865898132324,-1.549920595
R234T,-5.329749584197998,-1.4107192285
R234C,-8.518417358398438,-1.3778827905000002
R234W,-7.122863292694092,-1.0760009685
R234Y,-8.542552947998047,0.387775564
R234A,-7.983041763305664,-1.305585961
H235Q,0.5574369430541992,-2.495053855
H235P,-6.727653980255127,-1.4054051015
H235Y,-1.1488327980041504,-0.347311976
H235G,0.981974720954895,-0.0908975445
H235F,-3.6997532844543457,-0.7697776454999999
H235E,1.405105710029602,0.074871935
H235D,-1.625746250152588,-1.0370656235
H235C,-5.719991207122803,-1.0349227985
H235A,-2.540462017059326,0.5559570415
H235R,0.5317659378051758,-0.8327039009999999
H235L,-4.364650249481201,0.2004012725
H235M,-4.291393756866455,0.0763831945
H235N,1.4883219003677368,-1.594314028
H235S,-1.0751705169677734,-0.0253584165
H235I,-5.2925944328308105,-0.0907267915
H235K,0.5003261566162109,0.8198479329999999
H235T,-1.4708304405212402,-0.877834324
H235V,-4.5437397956848145,1.0726356190000002
H235W,-2.7075610160827637,-3.1396028605
V236T,-5.29489803314209,-2.864768972
V236Y,-9.55950927734375,-3.2363427255
V236W,-11.769577026367188,-2.256009328
V236S,-8.155694007873535,-1.3661118185
V236Q,-9.784191131591797,-2.3332978465000003
V236P,-10.319642066955566,-3.6466891845
V236N,-10.063520431518555,-3.8542079345
V236R,-10.582520484924316,-2.0304750695
V236L,-5.878444194793701,0.814060482
V236A,-5.924969673156738,-0.35403665
V236M,-4.102902889251709,0.444760831
V236D,-9.775142669677734,-2.7284385510000004
V236E,-7.134655952453613,-0.444042958
V236C,-12.156951904296875,0.0499206255
V236G,-9.247302055358887,-1.3545181585
V236I,-3.399097442626953,1.1343691115
V236K,-10.140071868896484,-2.829753134
V236F,-8.311756134033203,-2.5151719815
L237T,-9.535605430603027,-2.043463746
L237A,-10.978986740112305,0.364528495
L237C,-12.553404808044434,0.342296258
L237D,-13.23629379272461,-2.411323674
L237Y,-10.209979057312012,-1.6336289815
L237W,-11.350773811340332,-4.0151719815
L237V,-8.088522911071777,-3.4335679010000004
L237S,-10.436338424682617,-2.42495934
L237G,-11.974676132202148,-2.9359573005
L237Q,-8.414543151855469,0.087567101
L237E,-10.214065551757812,-3.3172076435
L237R,-9.329177856445312,-2.124033311
L237H,-9.015557289123535,-4.5288239755
L237F,-6.528984069824219,-2.3205005995
L237I,-7.331954002380371,-0.7873599175
L237M,-5.569518089294434,-1.019814447
L237N,-11.453104972839355,-4.5
L237P,-10.374849319458008,0.209063598
L237K,-10.27185344696045,-1.4681705425
Q238H,0.2880425453186035,-0.9376221975
Q238D,-2.210787296295166,-3.219799555
Q238C,-8.068395614624023,-1.845490595
Q238A,-3.959207534790039,-1.583734968
Q238G,-3.0842347145080566,-0.981928706
Q238F,-8.459266662597656,-1.7658672805000002
Q238I,-8.85348129272461,-3.341474354
Q238E,-0.07159614562988281,-1.2383646925
Q238K,-1.1361820697784424,-0.392419218
Q238M,-6.088435649871826,-1.013591337
Q238V,-7.544520854949951,-1.3497573505
Q238T,-5.754453659057617,-2.55218621
Q238R,-1.1432619094848633,-0.621689166
Q238P,-9.549530029296875,-2.290376025
Q238N,-2.7673563957214355,-0.5815416975
Q238Y,-6.195732593536377,-0.7464688540000001
Q238W,-9.271356582641602,-3.568245216
Q238S,-3.8551483154296875,-1.5726800669999998
Q238L,-5.679781913757324,-1.60626232
I239A,-7.172810077667236,-2.674980949
I239C,-10.801549911499023,-0.1066955455
I239K,-7.338808536529541,-1.778738599
I239D,-10.493297576904297,-1.7126672635
I239L,-1.0544075965881348,0.966059962
I239E,-7.080452919006348,-3.2176053725
I239F,-6.908258438110352,-0.072146994
I239M,-3.758697509765625,-0.5224973715
I239N,-8.065777778625488,-0.311501583
I239G,-9.79678726196289,-2.7048499685
I239P,-8.71436595916748,-3.5151719814999995
I239Q,-5.83950662612915,-2.7369753075
I239Y,-8.31325912475586,-3.0828803865
I239W,-9.274721145629883,-2.564263336
I239V,-3.037553310394287,-0.8446047175
I239T,-6.372814655303955,0.498932296
I239S,-7.734544277191162,-5.5336258435
I239R,-6.901580810546875,-3.0216281445
I239H,-7.299293518066406,-4.5
H240M,-9.482256889343262,-4.5
H240L,-7.7883405685424805,-0.883387502
H240C,-11.249183654785156,-4.5
H240I,-8.181888580322266,-2.061726684
H240G,-7.93422794342041,-1.206385777
H240F,-8.340755462646484,0.5564062
H240E,-5.049604415893555,-4.5
H240N,-4.129520416259766,-2.461811067
H240P,-6.857846736907959,-0.5799437465
H240D,-5.71124267578125,-4.0525849130000005
H240Q,-2.2070183753967285,-4.532376672
H240R,-5.732514381408691,-0.1730903675
H240S,-5.571974754333496,-3.987325221
H240A,-6.820934295654297,-1.9962861745
H240K,-6.566164970397949,-0.336059882
H240Y,-4.341538429260254,-9.44750000000244e-06
H240W,-9.914894104003906,-2.2782063875
H240V,-6.736849308013916,-3.1625436145
H240T,-5.203824996948242,-2.018238878
R241M,-3.930617332458496,-0.002697601
R241Y,-2.6139183044433594,-0.9487077865
R241W,-5.650906562805176,-0.3791757675
R241V,-4.5107526779174805,-1.238581668
R241T,-2.2399234771728516,-0.6331131135
R241S,-1.049386978149414,-2.1395174480000003
R241A,-2.497008800506592,-2.1561193125
R241C,-6.115915298461914,-4.193243887
R241D,-0.26326918601989746,-1.505865547
R241E,1.1039472818374634,-1.743275748
R241Q,0.19129419326782227,-0.1462424475
R241F,-5.063616752624512,-1.383802992
R241P,-4.451901435852051,-2.8172076435
R241H,0.21536827087402344,-0.0942404245
R241K,1.523492693901062,1.265415166
R241L,-3.4527816772460938,0.869180299
R241N,-0.15136384963989258,-0.327098928
R241G,-1.6118087768554688,-0.8512740075
R241I,-5.071775913238525,-3.886721675
S242C,-9.51045036315918,-0.7978505985
S242E,-9.985466003417969,-2.3207728465
S242F,-9.197186470031738,-1.852864078
S242G,-7.737669944763184,-1.802615339
S242H,-10.516651153564453,-1.353662613
S242I,-9.907524108886719,-1.275869432
S242K,-11.154885292053223,-2.1017245225
S242D,-9.700678825378418,-3.3728682105
S242L,-9.08328914642334,-1.683614851
S242N,-8.283297538757324,-0.587926912
S242P,-9.817607879638672,-1.5595201755
S242Q,-10.556924819946289,-2.9781716910000005
S242R,-10.03525161743164,-1.222829765
S242T,-4.726047992706299,-1.6938945505
S242V,-10.53794002532959,-1.5189567205
S242M,-10.632294654846191,-0.6056895235
S242W,-10.750229835510254,-2.032285328
S242A,-7.228171348571777,0.714005973
S242Y,-9.691333770751953,-2.115500344
K243D,0.10342955589294434,0.314060482
K243E,-0.2056593894958496,-2.309707303
K243F,-4.482903480529785,0.886685915
K243G,-0.8436727523803711,1.013317544
K243H,-2.121063709259033,0.743666561
K243I,-4.530898094177246,-1.1842288115
K243L,-3.619047164916992,0.9865165135
K243Y,-3.6771488189697266,0.885838111
K243W,-3.991562843322754,-0.8905617475
K243P,0.857128381729126,0.3427925935
K243Q,-1.0016789436340332,0.117884669
K243R,-1.6775436401367188,0.04866064
K243S,1.7232170104980469,1.050573547
K243T,-0.2906477451324463,0.9815431375
K243V,-3.2869019508361816,1.014018108
K243C,-6.622854232788086,0.683667653
K243N,-0.4805426597595215,-0.7654322075
K243M,-5.084200382232666,0.216161207
K243A,-1.1065025329589844,0.9708068615
G244F,-11.870125770568848,-1.5635439605
G244L,-11.720518112182617,-1.38190179
G244M,-11.512540817260742,-3.1561823505
G244N,-6.919426441192627,-1.5179662085
G244P,-10.775237083435059,-1.916858939
G244Q,-8.604036331176758,-3.0476857225
G244R,-8.318017959594727,-1.7226862325
G244S,-5.942503929138184,-0.6869145790000001
G244H,-8.904844284057617,-1.3747983044999998
G244I,-11.572917938232422,-4.602928709
G244T,-8.435273170471191,-1.1497827985
G244V,-9.555350303649902,-2.044563228
G244W,-11.287153244018555,-2.7274594815
G244Y,-11.245490074157715,-0.9710567485
G244A,-7.545836448669434,-0.5841246505
G244C,-11.218639373779297,-1.553395518
G244D,-5.977418899536133,-0.7442866585
G244E,-6.433087348937988,-2.3971845945
G244K,-8.55914306640625,-1.5232647634999998
L245T,-7.720508575439453,-2.099687745
L245M,-3.5729360580444336,-1.1932602305
L245Y,-8.608047485351562,-1.94133621
L245D,-11.099048614501953,-5.521595122999999
L245S,-9.244036674499512,-1.566261813
L245K,-11.212613105773926,-1.5403654969999998
L245I,-1.4844741821289062,-0.467634583
L245H,-9.82723331451416,-1.395612188
L245G,-11.075460433959961,-3.4829346915
L245F,-4.45374870300293,0.1729104555
L245E,-10.090730667114258,-1.8306849205
L245W,-6.887348175048828,-3.0310629185000004
L245R,-10.565828323364258,-0.7690861959999999
L245V,-3.8882598876953125,-0.3000648755
L245P,-7.023161888122559,-0.012165469
L245A,-7.99498176574707,-2.851678539
L245Q,-10.131568908691406,-0.8927943755
L245C,-11.987768173217773,-3.069708569
L245N,-10.67276382446289,-2.6194652925
Q246G,-3.008665084838867,0.279548541
Q246F,-6.431850433349609,0.092781201
Q246E,-1.1448988914489746,-0.6370306035000001
Q246D,-2.8309102058410645,0.44356288
Q246C,-8.887899398803711,-0.3185059925
Q246A,-5.045754909515381,0.8351370075
Q246Y,-4.989140033721924,0.317557127
Q246H,-1.8493953943252563,0.6489913675
Q246V,-6.190735340118408,0.6995966634999999
Q246K,-4.213581562042236,-4.191553146
Q246T,-5.318449974060059,0.93820579
Q246P,-7.252614974975586,0.9748401595
Q246W,-7.22369384765625,0.62262125
Q246S,-4.390141010284424,0.4937879575
Q246R,-4.5181169509887695,0.8205747315
Q246N,-4.060710906982422,-0.3718480035
Q246I,-6.889113903045654,0.6982408255
Q246L,-4.3964362144470215,0.845685685
Q246M,-5.327523708343506,0.5291204505
D247C,-10.51530647277832,0.280228693
D247E,-1.3705596923828125,-3.2279978245
D247F,-7.620730876922607,0.192793505
D247A,-6.040355205535889,0.665569613
D247Y,-5.151832103729248,-0.330216304
D247W,-10.439332962036133,-1.8369281905
D247H,-2.927053928375244,-1.0328120509999998
D247G,-6.497045516967773,0.095766869
D247S,-4.563103675842285,1.89797375
D247R,-7.311428070068359,-2.7765156465
D247Q,-3.1553122997283936,-1.246701489
D247N,-1.3012590408325195,0.424439839
D247M,-7.684525966644287,-1.4588114694999998
D247P,-10.829096794128418,-4.0434637460000005
D247L,-7.441879749298096,-0.3004779175
D247V,-7.282116889953613,-0.7702239409999999
D247T,-5.892269611358643,-1.2140970905
L248R,-10.564165115356445,-0.7846915685
L248C,-10.579004287719727,-2.1351209105
L248D,-12.44914436340332,-0.2714152115
L248E,-11.000041961669922,-1.803211833
L248F,-3.958958864212036,-0.309834243
L248G,-11.218210220336914,-3.10891503
L248H,-9.127239227294922,-3.3101213195
L248I,-1.4392642974853516,0.952614776
L248K,-10.534448623657227,-4.2369753075
L248M,-2.5901122093200684,-1.216207838
L248N,-10.50064468383789,-3.561726684
L248P,-5.892104148864746,0.253717906
L248A,-7.328976631164551,-0.5431832645
L248S,-8.579997062683105,-3.4579655845
L248T,-6.560516357421875,-3.214848103
L248V,-3.2731773853302,-0.9425952085
L248W,-7.125767707824707,-1.6403368395
L248Y,-8.153410911560059,-2.707315865
L248Q,-9.111507415771484,-0.9092775395
G249Y,-11.708504676818848,0.371854235
G249W,-10.786617279052734,-2.2695556575
G249V,-10.116618156433105,-1.247496946
G249T,-10.05082893371582,-2.477554895
G249S,-7.752074241638184,0.6236515095
G249R,-8.839265823364258,-0.429289822
G249Q,-9.0877046585083,-0.024128485
G249P,-9.61037826538086,-1.5428935705000002
G249N,-9.30529499053955,0.116791958
G249M,-12.245378494262695,-2.596921348
G249F,-11.888373374938965,-2.734445912
G249K,-9.590012550354004,-1.944494057
G249I,-12.173234939575195,-4.331279622
G249H,-9.436934471130371,1.2832033265
G249E,-7.292904376983643,-1.229400008
G249D,-7.715765953063965,-0.162934173
G249C,-11.797235488891602,0.1322364419999999
G249A,-8.338141441345215,-0.478224329
G249L,-11.802024841308594,-1.707561299
G250S,-2.689321517944336,1.2745581895
G250R,-4.945461750030518,-1.6568159815
G250P,-3.8190553188323975,-2.232245143
G250V,-5.05745267868042,-0.1098078745
G250W,-6.774616241455078,1.1306523375
G250T,-4.121090888977051,-1.553133043
G250F,-5.574819087982178,-3.4229596960000004
G250L,-5.31943416595459,-0.210883956
G250D,-3.847562551498413,1.0322354315
G250C,-7.4920654296875,-0.8471083295
G250A,-3.486982583999634,0.981927429
G250I,-6.110233783721924,0.0339294515
G250K,-5.212650775909424,0.79666949
G250H,-4.841670036315918,-1.471085367
I251C,-9.658056259155273,-0.433603593
I251D,-11.603322982788086,-1.003365206
I251E,-10.198226928710938,-4.5
I251F,-5.875282287597656,-0.644008262
I251G,-9.830385208129883,-2.7782063875
I251H,-10.305564880371094,-3.096921348
I251Y,-9.287895202636719,-0.105183137
I251M,-3.782696008682251,-1.7456217945
I251N,-9.626862525939941,-0.339680116
I251P,-5.998965740203857,-0.7291468940000001
I251Q,-9.181472778320312,-4.170342042
I251R,-12.020538330078125,-3.8172076435
I251S,-8.832792282104492,-2.6015321755
I251T,-6.049471855163574,0.1237606435
I251V,-1.6476054191589355,0.225417409
I251W,-11.264363288879395,0.8092149805
I251L,-3.0000128746032715,1.2941001285
I251K,-10.805156707763672,-2.450530473
S252Y,-4.561963081359863,-0.121884805
S252G,-3.6235995292663574,-0.4381184165
S252A,-3.909822463989258,0.7383934125
S252W,-6.055881500244141,-1.555239169
S252V,-4.118901252746582,-0.0600318165
S252T,-3.3933963775634766,-1.4605002694999998
S252R,3.9616029262542725,-0.4787151055
S252P,-6.5780439376831055,-1.2819911265
S252C,-3.4826583862304688,0.52677188
S252D,-4.135763168334961,-1.4169733755
S252E,-2.711258888244629,-1.8538419095
S252F,-6.684229850769043,-0.7350071785
S252N,0.24707937240600586,0.706965818
S252H,-1.7787480354309082,1.7011595085
S252I,-5.124258041381836,-0.448150049
S252K,2.793124198913574,0.88265882
S252L,-5.338361740112305,-1.6973503925
W253T,-8.532036781311035,1.3913513005000002
W253F,-4.918398380279541,-0.45181846
W253E,-10.694616317749023,-2.1267355055
W253D,-12.253839492797852,-0.503365206
W253C,-7.763894081115723,-0.662206869
W253A,-8.299710273742676,0.237800804
W253G,-6.397999286651611,0.105817472
W253K,-9.959117889404297,-2.1616304505
W253I,-8.11133098602295,-1.3718480035
W253V,-7.810285568237305,0.237347242
W253M,-8.950282096862793,-2.319545482
W253N,-11.489277839660645,0.183390265
W253P,-5.225917339324951,1.2150989485
W253Q,-10.59951114654541,-1.8935128515
W253R,-8.768143653869629,0.2321086845
W253S,-7.527937412261963,-0.8495158429999999
W253Y,-6.59163236618042,0.8218103675
W253L,-5.702322959899902,-0.6954925225
Q254R,-3.3316733837127686,0.1560229765
Q254S,-2.928929328918457,0.9257810105
Q254D,-4.032968521118164,-1.2411890365
Q254W,-7.344172477722168,-1.482517371
Q254P,-1.7491405010223389,1.251410098
Q254V,-6.6529693603515625,-0.8783007295
Q254T,-3.9352827072143555,0.931953111
Q254N,-3.87233304977417,-0.067589389
Q254H,-3.62795352935791,-1.108784619
Q254L,-6.450710296630859,-1.310369534
Q254K,-1.784376621246338,-1.4031253205
Q254I,-6.468777656555176,-0.2695479625
Q254G,-4.919304370880127,0.106687666
Q254F,-8.092931747436523,-1.2742442075
Q254E,-1.54779052734375,0.214962007
Q254M,-5.8642377853393555,0.246185676
Q254C,-8.635292053222656,-1.1799077105
Q254Y,-6.710486888885498,-2.208060674
Q254A,-5.391212463378906,-0.3738489685
L255Y,-8.956127166748047,-2.210883956
L255W,-9.697038650512695,-1.310720128
L255V,-3.7265725135803223,0.079330993
L255T,-5.492037773132324,-2.0322798395
L255S,-6.887093544006348,-0.6777954175
L255R,-9.343043327331543,-0.1956186215
L255A,-7.073460102081299,-4.5
L255C,-9.441046714782715,-2.2576094115000003
L255D,-10.457293510437012,-2.985725137
L255F,-6.773513317108154,0.5282706735
L255H,-8.309000968933105,-0.1415252545
L255I,-3.789775848388672,0.7288597745000001
L255K,-8.556015014648438,-1.8044400975
L255M,-2.718878746032715,0.922295339
L255N,-8.401237487792969,-2.210883956
L255G,-9.940082550048828,-2.0387983715
L255Q,-6.574691295623779,-4.5
L255P,-8.431890487670898,0.124150127
L255E,-9.398548126220703,-4.5
A256L,-3.0539047718048096,0.632966347
A256Y,-8.878538131713867,-0.165821183
A256W,-7.934071063995361,-0.3381648775
A256C,-4.619614601135254,0.935166095
A256D,-8.314990043640137,-2.8430669245
A256E,-8.500965118408203,-1.579679906
A256F,-3.561721086502075,1.0446179705
A256M,-5.194797992706299,0.652535255
A256N,-9.486552238464355,-1.12913459
A256R,-11.929787635803223,-1.119773962
A256S,-2.9768381118774414,0.0655634755
A256Q,-11.13208293914795,1.0463919595
A256T,-2.4613656997680664,0.6130112839999999
A256G,-4.389606475830078,-0.352042245
A256H,-12.025634765625,-0.6665590779999999
A256I,-4.243472576141357,0.5434419235
A256K,-11.722206115722656,-0.5830565185000001
A256V,-2.0035934448242188,0.297347841
A256P,-7.805728435516357,0.630087981
L257F,-3.153918743133545,0.371759693
L257H,-12.430076599121094,-1.4285597825
L257I,-3.1161012649536133,0.865071423
L257T,-6.18878173828125,0.8877408000000001
L257K,-12.39738655090332,-1.6025891825
L257W,-8.661235809326172,0.8770255765
L257V,-3.0984411239624023,0.6770822234999999
L257G,-2.227193832397461,0.7177991884999999
L257Y,-10.108572006225586,0.572689315
L257E,-11.365437507629395,0.127845269
L257D,-12.574628829956055,-1.6261096865
L257C,-5.197507858276367,0.9227853145
L257A,-2.5200886726379395,0.3486158675
L257M,-5.139670372009277,0.3951412825
L257R,-11.409961700439453,-1.087006335
L257Q,-12.1843900680542,0.382475873
L257P,-9.608407974243164,0.4005870015
L257S,-4.842316627502441,0.428511436
L257N,-12.505266189575195,-0.8344843135
C258A,-6.94329833984375,0.438765019
C258Y,-7.051507949829102,-0.5011216789999999
C258S,-5.167296886444092,0.581601947
C258Q,-12.152674674987793,-0.5092779239999999
C258T,-7.530253887176514,-1.153889889
C258V,-8.427291870117188,-1.466542023
C258W,-9.899526596069336,-0.8655368775
C258D,-10.768289566040039,-2.319520391
C258R,-11.038673400878906,-0.549803987
C258E,-12.636064529418945,-2.239798589
C258F,-7.420159816741943,-1.5506724719999998
C258H,-10.818689346313477,-3.11724234
C258P,-10.787092208862305,-0.340299586
C258N,-8.759964942932129,-0.3645246155
C258M,-9.103035926818848,0.5874619405
C258G,-6.37956428527832,-1.7957129185
C258I,-8.405945777893066,-0.2216505365
C258K,-12.87540054321289,-2.0953506175
C258L,-8.450291633605957,0.125886761
I259F,-1.6759934425354004,-0.290023969
I259A,-3.2810187339782715,1.097773932
I259Y,-4.724941730499268,0.253578916
I259V,-0.2874579429626465,0.701536704
I259T,-2.4458608627319336,0.453974826
I259S,-2.336264133453369,0.72605622
I259R,-6.0297417640686035,-0.03205071
I259Q,-1.8051700592041016,0.45335186
I259P,-4.4472270011901855,-1.2819911265
I259N,-1.5217533111572266,0.2026107505
I259M,-0.8066806793212891,-0.2884206365
I259L,4.3565874099731445,0.8157282695
I259H,-3.7838339805603027,0.5800502165
I259C,-2.936018466949463,0.7536183135
I259D,-4.971888065338135,-0.461287242
I259E,-4.810043811798096,0.506007813
I259G,-4.440148830413818,0.9519085085
I259K,-5.3295769691467285,-0.16406642
I259W,-5.195362567901611,0.638812433
M260E,-7.728916645050049,-1.8273395315
M260K,-8.48953628540039,0.220193529
M260I,2.194580078125,-0.2305337835
M260H,-9.016536712646484,-2.9344402705
M260G,1.5050902366638184,0.7455823755
M260Q,-8.570989608764648,-0.577796899
M260P,-4.4902825355529785,-0.81718579
M260F,2.807190418243408,0.212851066
M260L,3.096768379211426,0.505274498
M260Y,-5.631503582000732,-0.5965754245
M260W,-5.019894123077393,-0.489654808
M260V,2.600376605987549,-0.0290362765
M260R,-8.577133178710938,-1.0142760995
M260S,0.6076865196228027,0.357604391
M260D,-8.011472702026367,-3.06928013
M260C,-0.17893171310424805,-0.004835008
M260A,3.5749125480651855,0.5714630445000001
M260N,-7.109177112579346,-1.2106112865
M260T,1.3655447959899902,0.461693177
L261T,-3.3409764766693115,0.6583491645
L261S,-3.0543811321258545,0.6730056390000001
L261A,0.5413379669189453,0.8316068059999999
L261C,-1.5568552017211914,0.2936334095
L261D,-10.712261199951172,-1.600011335
L261W,-8.078664779663086,0.4125870115
L261E,-9.4873628616333,-1.846579692
L261R,-10.558465003967285,-1.8334681435
L261G,-1.2077524662017822,0.7391528334999999
L261H,-11.361574172973633,-1.072116968
L261I,-1.0964007377624512,0.4082291005
L261Q,-10.70005989074707,-0.696721046
L261M,-3.519882917404175,0.4472874455
L261P,-7.688362121582031,0.437530243
L261N,-9.903303146362305,-1.1792029255
L261V,-0.5090742111206055,0.7382667409999999
L261K,-10.610368728637695,-2.210030795
L261F,-1.465409517288208,0.1864881515
L261Y,-8.138699531555176,-0.907383408
I262W,-11.996152877807617,-0.4548813115
I262Y,-10.65760612487793,-0.3209275145
I262V,1.183398723602295,0.7147630484999999
I262T,-3.170639991760254,0.1183461095
I262S,-4.995286464691162,-3.7566620835
I262R,-12.458547592163086,-2.139445529
I262Q,-11.70326042175293,0.073302967
I262P,-8.876392364501953,0.393313282
I262M,-4.625998020172119,0.4911434135
I262L,-4.1861982345581055,0.4711175175
I262N,-8.187515258789062,-0.7671523765
I262H,-12.209329605102539,-0.6777127085
I262G,-6.270956516265869,0.159546872
I262F,-6.94645357131958,-0.821867407
I262E,-9.613227844238281,-0.9444620675
I262D,-9.126766204833984,-0.853448718
I262C,-3.9969382286071777,0.29564412
I262A,-3.0129637718200684,-1.0539126675
I262K,-11.890787124633789,-4.1016223615
F263W,-5.650289535522461,-0.0335561865
F263A,-6.414822101593018,-0.3424839455
F263C,-5.456629276275635,3.9192882
F263D,-11.283308029174805,-0.8562533945
F263E,-11.482925415039062,1.147440652
F263G,-8.82628059387207,0.137362701
F263Y,-1.9767274856567383,0.521385611
F263V,-3.6418228149414062,-1.2460963025
F263K,-11.060367584228516,-0.547070166
F263S,-6.381093502044678,0.4312042305
F263R,-12.68725872039795,-1.3563388905000002
F263Q,-9.571481704711914,-1.35090434
F263H,-7.9483962059021,0.4689842665
F263I,-3.3207831382751465,-0.161322285
F263L,-3.5177319049835205,-0.392100881
F263P,-10.48062801361084,-1.9089731075
F263N,-8.013742446899414,-4.160851759
F263M,-5.274420261383057,0.5171935665
F263T,-5.866743564605713,0.7584249479999999
T264Y,-8.505118370056152,-1.199862901
T264W,-7.878338813781738,0.3246026855
T264P,-7.099339485168457,0.2885099965
T264S,-1.4860353469848633,0.349187904
T264F,-2.6076900959014893,0.1882380795
T264E,-9.953758239746094,-4.287559459
T264D,-10.628304481506348,-1.2768347
T264C,-1.9947986602783203,-0.066719574
T264A,-1.266951084136963,-0.531766647
T264G,-3.1769702434539795,1.2857295115
T264H,-10.978043556213379,1.855402519
T264K,-11.23120403289795,-1.279379575
T264L,-0.2024831771850586,0.171424616
T264M,-2.432528257369995,0.058416127
T264N,-7.60035514831543,-1.5651374475
T264Q,-9.92389965057373,-0.9006812245
T264R,-10.793585777282715,-3.263903242
T264I,0.623809814453125,0.984094715
T264V,0.9051756858825684,0.6712888765
V265G,-6.467793941497803,0.1470950225
V265F,-1.657580852508545,-0.3678237595
V265H,-8.37066650390625,-2.83965827
V265I,2.0503993034362793,0.6104710839999999
V265L,1.9790915250778198,-0.0161822244999999
V265C,-4.1113128662109375,-0.8076119355
V265A,-4.136075973510742,0.3006568645
V265K,-9.732927322387695,-3.12595531
V265M,-1.3409109115600586,-0.3102099715
V265P,-6.929983615875244,-3.2639071425
V265R,-9.357498168945312,-1.4088045395
V265S,-4.964932918548584,-0.1933538045
V265T,-3.737400531768799,0.871868467
V265W,-8.279703140258789,-0.2495786155
V265Y,-6.962316989898682,-2.2489065885
V265D,-11.520526885986328,-3.374183589
V265E,-10.326883316040039,-0.5262148525
I266Q,-6.120678424835205,-2.3773868095
I266C,-2.4655961990356445,-0.247849727
I266A,-4.606826305389404,0.5440866635
I266Y,-8.703048706054688,-0.6963875345
I266W,-11.157038688659668,-1.111042536
I266T,-3.6452245712280273,-0.003307944
I266S,-5.655888080596924,-2.666452356
I266R,-10.8706693649292,-0.0519507815
I266P,-8.985701560974121,-1.9831238815
I266N,-5.419007778167725,0.3316984625
I266V,1.084728717803955,-0.9074300475
I266M,-3.581944465637207,1.982528539
I266E,-7.2180681228637695,0.004189106
I266F,-5.771460056304932,-0.861838661
I266G,-7.88026237487793,0.313644197
I266D,-8.92242431640625,-1.1622001515
I266K,-10.498732566833496,0.918338708
I266L,0.25489282608032227,0.7147430929999999
I266H,-7.381407737731934,0.492579864
Y267L,-11.221607208251953,0.920468592
Y267M,-12.931610107421875,0.2686193985
Y267F,-4.317142486572266,0.4868639845
Y267P,-17.01951026916504,-3.585529215
Y267Q,-14.204193115234375,-1.145618127
Y267R,-15.243696212768555,-2.4786007135
Y267S,-11.635754585266113,-0.5198334835
Y267T,-13.17545223236084,0.574530215
Y267W,-9.462774276733398,0.434569541
Y267E,-16.100181579589844,-0.8147691845
Y267A,-12.190624237060547,-0.170793175
Y267C,-8.496347427368164,-0.0552876765
Y267D,-14.87010669708252,-0.8314737870000001
Y267K,-16.566078186035156,-2.634104655
Y267V,-11.235726356506348,-0.820817505
Y267I,-11.407638549804688,-1.379214209
Y267N,-11.79943561553955,-0.7905715504999999
Y267G,-12.477700233459473,0.3115339055
Y267H,-8.560694694519043,0.4861542845
F268G,-9.515750885009766,0.2720417175
F268H,-12.870272636413574,-0.7694920845000001
F268I,-6.014074325561523,-0.5809755154999999
F268K,-15.572918891906738,-2.9360762995
F268L,-4.516787528991699,-0.382295297
F268M,-7.557632923126221,0.364106463
F268N,-13.719284057617188,-2.284461924
F268P,-12.4603853225708,-1.7143785475
F268Q,-14.789568901062012,-3.7587724325
F268R,-14.260400772094727,-1.294426589
F268S,-8.209043502807617,0.117373561
F268T,-8.40054988861084,-0.275043604
F268V,-6.340083122253418,-2.635058941
F268W,-10.230009078979492,1.005734123
F268E,-17.028823852539062,-1.4331013725
F268C,-7.218260765075684,-0.3612997105
F268D,-17.545944213867188,-1.188170767
F268Y,-7.684187412261963,-0.3808897735
F268A,-6.971027374267578,1.0274070305
S269C,-1.157534122467041,-0.2550961875
S269R,-10.433656692504883,-0.1153827485
S269Q,-11.951242446899414,-0.7184177709999999
S269P,-9.03371524810791,1.430035915
S269N,-7.759731769561768,-0.7232079109999999
S269M,-9.97091293334961,0.9748426935
S269L,-9.234238624572754,0.2348508645
S269K,-13.037103652954102,1.06292632
S269I,-7.837264537811279,1.050334172
S269H,-11.718538284301758,0.546733282
S269G,-5.643594741821289,0.7408907875
S269F,-6.622008323669434,-0.140293737
S269E,-12.495109558105469,-1.5267616795
S269D,-11.62497329711914,-0.112246481
S269A,-2.537034511566162,1.032306392
S269T,-5.3148908615112305,1.804188038
S269V,-7.178699493408203,0.8228612555
S269Y,-9.870986938476562,0.068539983
S269W,-11.637386322021484,0.058987463
I270R,-9.265615463256836,-0.5407831805
I270T,-5.815298080444336,2.235936638
I270V,-1.921350121498108,-2.895393497
I270A,-7.0428595542907715,0.656886399
I270C,-7.071374416351318,0.0703540445
I270W,-9.818177223205566,-0.096524834
I270Y,-10.15766716003418,0.050815945
I270D,-12.689794540405273,-2.52040751
I270Q,-8.694755554199219,-0.3857384035
I270P,-7.765133380889893,-2.94447931
I270N,-9.393503189086914,-2.00464351
I270S,-7.606141567230225,-3.42938669
I270E,-11.177358627319336,-2.9462799455
I270F,-4.884965419769287,2.9015690505
I270G,-10.533273696899414,-0.8186143534999999
I270H,-9.910882949829102,-0.974216938
I270K,-10.400419235229492,0.09934044
I270L,1.7485313415527344,0.1832851845
I270M,-3.2031655311584473,-2.9351990635000003
W271G,-8.28553581237793,-1.8064881535
W271S,-7.576024055480957,-0.316358712
W271R,-7.509969711303711,-0.1223759145
W271Q,-10.175630569458008,-1.6374248875
W271P,-13.254316329956055,-1.4805720925
W271N,-10.647431373596191,-1.4982716815
W271M,-7.529818534851074,-0.487343166
W271L,-6.055495262145996,-0.2450061505
W271K,-10.525055885314941,-0.200541611
W271I,-8.705322265625,-0.8624427275
W271H,-10.721466064453125,-1.505263286
W271Y,-7.0712199211120605,-0.1335417065
W271A,-8.908307075500488,-0.29937425
W271V,-8.96462631225586,-0.245449374
W271C,-6.780823230743408,-0.691826032
W271D,-14.162886619567871,-1.8183729795
W271E,-13.102226257324219,-0.2175967095
W271F,-5.048987865447998,-4.7967999695
W271T,-10.399020195007324,-1.176772832
K272Y,-12.683698654174805,-0.4336463805
K272I,-13.198862075805664,-0.940330487
K272T,-9.151341438293457,-0.012448658
K272S,-7.1998395919799805,0.066036685
K272R,-2.8924269676208496,0.865839282
K272Q,-6.809576988220215,-1.5715121135
K272P,-14.001195907592773,-0.3455485545
K272N,-6.594604015350342,-1.6878914369999998
K272M,-9.309219360351562,-0.2726354745
K272L,-10.788405418395996,-0.407542855
K272H,-9.197214126586914,0.01781416
K272G,-8.987041473388672,-0.818392876
K272V,-12.719659805297852,-1.021157721
K272F,-13.081151008605957,0.236919102
K272D,-12.349934577941895,-1.702799352
K272C,-12.85357666015625,-0.0853571605
K272A,-10.65517520904541,-0.453726569
K272E,-8.958892822265625,-0.683008031
K272W,-12.463136672973633,-1.210713434
G273C,-13.427395820617676,-3.782095639
G273K,-15.561271667480469,-0.8428795625
G273I,-16.64025115966797,-1.9778051925
G273H,-16.404891967773438,-1.9799731465
G273F,-16.2041015625,-3.14302499
G273E,-12.10983657836914,0.087211975
G273D,-12.332063674926758,-0.4935309335
G273A,-10.653570175170898,-0.3595448675
G273T,-13.119775772094727,-1.2099006845
G273V,-13.323091506958008,-0.635828442
G273S,-7.323398113250732,-0.341417887
G273R,-13.3869047164917,0.3835205365
G273N,-13.710837364196777,-2.3359705665
G273M,-15.752096176147461,-1.3917748195
G273L,-16.58354377746582,-1.5124427325
G273W,-16.232627868652344,-1.4474509175
G273Y,-17.67443084716797,-2.0864700085
V274R,-14.338111877441406,0.211763062
V274G,-11.385482788085938,-1.334707443
V274C,-14.341691970825195,-0.0828209505
V274H,-14.928919792175293,1.202437232
V274I,-3.1691489219665527,-0.9531899045
V274K,-14.172015190124512,-0.5136194510000001
V274L,-8.380974769592285,-1.077820175
V274A,-6.459673881530762,-0.030287052
V274M,-9.07519245147705,0.4323781595
V274E,-12.504119873046875,-0.225429091
V274D,-14.056452751159668,-3.7406718325
V274F,-11.660818099975586,-1.2040249785
V274S,-10.408589363098145,0.6582162155
V274T,-7.7231292724609375,0.171352821
V274W,-18.85094451904297,-1.3890616345
V274Y,-14.73403263092041,0.0164654155
V274N,-13.260766983032227,-1.7302495055000002
V274P,-7.037560939788818,0.932470062
K275P,-9.330223083496094,-3.1836948035000003
K275Q,-4.022375583648682,-3.3395919635
K275R,-2.54219913482666,-1.315942909
K275S,-5.803793907165527,-1.845346154
K275T,-6.284400463104248,-1.578367341
K275V,-8.144302368164062,-0.4821316595
K275A,-5.97165060043335,0.7640047415000001
K275Y,-9.152711868286133,0.192139211
K275N,-5.506801128387451,-1.0110579525
K275M,-8.518928527832031,-0.8358042595
K275L,-8.793647766113281,-1.06475945
K275I,-9.153810501098633,-1.14302499
K275H,-6.339184284210205,1.023438557
K275G,-4.978711128234863,-1.271011438
K275F,-10.869250297546387,-1.9407781525
K275E,-5.370052337646484,-1.5776942975
K275D,-8.876931190490723,-3.185151745
K275C,-10.0999174118042,-2.046827349
K275W,-8.180142402648926,0.0396924195
T276A,-5.710904121398926,-1.9705394365
T276C,-10.050260543823242,0.8967501665000001
T276D,-10.721635818481445,-3.841123748
T276E,-7.129741668701172,-2.2897183455000003
T276F,-8.537841796875,-1.037826243
T276I,-7.90495491027832,3.8419666585
T276G,-8.668978691101074,0.9609051805
T276H,-9.835206985473633,-1.566905436
T276Y,-9.239871978759766,-1.511507787
T276V,-6.7017412185668945,1.0000674655
T276S,0.10016250610351562,-0.3103651
T276R,-10.191301345825195,-1.2267983535
T276W,-8.808469772338867,-0.383862336
T276P,-9.476083755493164,-0.95631952
T276N,-6.635885238647461,-1.359680825
T276M,-7.965083122253418,2.6787227455
T276L,-8.176739692687988,2.525646584
T276K,-9.145275115966797,-2.9949721215
T276Q,-6.948712348937988,-0.4598050565
S277N,-8.839303016662598,0.7636435505
S277W,-13.004558563232422,1.7853999665
S277V,-7.750575542449951,0.991455364
S277T,-1.1124906539916992,-1.21527998
S277R,-11.907709121704102,0.643798604
S277Q,-11.616477012634277,-0.839045223
S277P,-9.60129165649414,-0.153778828
S277M,-8.473917007446289,-0.9231672535
S277Y,-11.642779350280762,0.194850319
S277K,-12.378000259399414,0.061495839
S277A,-5.191767692565918,-2.892748384
S277I,-7.504303932189941,0.1359164935
S277C,-10.311460494995117,0.625188956
S277D,-15.042652130126953,-0.8244889240000001
S277E,-14.058101654052734,0.166552885
S277F,-9.997268676757812,0.967643673
S277G,-8.392753601074219,-0.5501086070000001
S277H,-13.379581451416016,-0.863194459
S277L,-7.923295497894287,0.923865736
G278Y,-14.808865547180176,-0.194571059
G278W,-13.088275909423828,-0.5788844915
G278V,-10.378898620605469,0.502728572
G278T,-9.36817455291748,-0.344355049
G278S,-7.431026458740234,-0.050895292
G278R,-8.51383113861084,0.5988367165
G278P,-14.77652359008789,0.484665873
G278N,-12.073333740234375,-0.567257482
G278M,-13.310028076171875,0.289860814
G278L,-15.72371768951416,-0.0188305755
G278K,-10.819317817687988,0.425423111
G278I,-14.366209983825684,-0.271119422
G278H,-13.74136734008789,-0.010437937
G278F,-15.07107925415039,-0.1636758875
G278E,-9.43968391418457,-1.2945412265
G278D,-11.68359375,-0.7641751395
G278A,-5.530641078948975,0.424197198
G278Q,-13.169835090637207,0.3354005905
G278C,-12.069847106933594,-1.284720287
K279G,-13.086756706237793,-0.7244695395
K279C,-15.83797836303711,-0.9803397365
K279A,-12.86297607421875,-0.520946792
K279Y,-14.313484191894531,-0.8198768095000001
K279W,-13.567398071289062,-0.057204433
K279V,-12.662332534790039,-0.5387670065
K279T,-8.76829719543457,-0.874005618
K279R,-6.567071437835693,0.3306041255
K279Q,-9.379461288452148,-2.1553475055
K279P,-15.18000602722168,-0.6916469315
K279S,-11.802619934082031,-0.8379908895
K279M,-9.74744987487793,-0.7728856695
K279L,-12.144922256469727,-1.387250541
K279I,-10.673562049865723,-3.5524502705
K279H,-12.812021255493164,-0.9724538905
K279F,-13.757102966308594,-1.1271774465
K279E,-10.939746856689453,-2.5091269815
K279D,-16.135162353515625,-1.236885407
K279N,-8.779350280761719,-0.6855100934999999
V280N,-12.604131698608398,-1.9003761415
V280W,-14.869146347045898,-0.159065595
V280T,-6.895773410797119,0.293172233
V280S,-8.02013111114502,-0.0256363795
V280R,-14.09800910949707,0.340553246
V280Q,-13.976856231689453,-0.5603773875
V280P,-14.996076583862305,-0.5834646745000001
V280M,-7.150456428527832,-0.09959519
V280C,-8.906024932861328,0.7470011315
V280K,-14.933328628540039,0.5035388715
V280I,-3.7744150161743164,0.231123857
V280H,-15.965670585632324,0.060695611
V280G,-10.014595031738281,-2.4927910965
V280F,-9.055173873901367,0.9247863045
V280E,-11.729753494262695,-1.4141415094999998
V280D,-12.746845245361328,-2.8390135675
V280A,-4.559686660766602,-0.023377226
V280L,-7.854645729064941,0.8175511645
V280Y,-13.705530166625977,0.8627385805
V281C,-11.01303768157959,0.544727616
V281R,-10.947147369384766,0.5891142145
V281T,-9.682197570800781,0.012599154
V281S,-10.19278621673584,0.2901700165
V281Q,-13.865768432617188,0.338090575
V281P,-15.868640899658203,0.0365947685
V281N,-13.55259895324707,-0.3768510525
V281L,-6.344268321990967,0.836058827
V281W,-15.599493026733398,0.1091167615
V281K,-14.204755783081055,-0.0323210675
V281H,-15.843879699707031,1.3037694595
V281G,-10.820716857910156,0.003045363
V281F,-10.063642501831055,0.0127371095
V281E,-13.409897804260254,-0.7969525365000001
V281D,-14.025603294372559,-2.6945552905000003
V281A,-7.410148620605469,0.59373513
V281I,-6.027626037597656,-0.1249874545
V281Y,-14.937938690185547,-0.9901689635
V281M,-7.0951080322265625,0.6882001445
W282Y,-5.847184181213379,-0.5524832035
W282S,-11.9773588180542,-0.072219638
W282R,-11.975299835205078,0.471124536
W282Q,-14.131004333496094,-0.7222787340000001
W282P,-15.313102722167969,-1.5226458375
W282N,-14.555376052856445,-0.5610074365
W282M,-13.556565284729004,0.2224459135
W282T,-14.085920333862305,-0.9915787065
W282L,-11.147683143615723,-0.0475626405
W282I,-14.197507858276367,-1.5695649575
W282H,-12.77474594116211,0.0372304755
W282G,-12.680509567260742,-1.622762031
W282F,-9.431200981140137,-0.780528514
W282E,-17.816402435302734,-3.010919977
W282D,-16.90108299255371,-2.732984637
W282K,-14.878663063049316,0.822745046
W282V,-14.436882019042969,-0.7003990684999999
W282A,-14.14562702178955,-0.3447818915
W282C,-11.525352478027344,-1.8891599805
V283D,-16.918638229370117,-2.515134679
V283A,-5.706745147705078,0.580264537
V283E,-15.586368560791016,-0.7905004105
V283F,-0.6841903328895569,0.551697759
V283G,-10.070072174072266,-0.124546977
V283H,-13.265449523925781,-2.067647716
V283I,-0.717957079410553,0.2501979435
V283K,-14.151748657226562,-4.5434893160000005
V283L,-2.6800098419189453,-0.193739484
V283M,-5.41139030456543,0.1360705545
V283N,-14.226396560668945,-3.3647766055
V283P,-13.31415843963623,-1.133392833
V283Q,-14.547616004943848,-2.0872873465
V283R,-13.780372619628906,-2.72036522
V283S,-10.016990661621094,-1.629644163
V283T,-7.120493412017822,-1.460250156
V283W,-9.325685501098633,-0.4968568655
V283C,-7.464602470397949,-0.4893107270000001
V283Y,-8.156207084655762,-0.3759779185
T284H,-17.41584014892578,0.353103258
T284V,-9.378430366516113,0.106083877
T284S,-6.388050079345703,0.551983012
T284R,-14.4590482711792,-1.0123694155
T284Q,-16.21542739868164,-0.662419131
T284P,-13.060453414916992,-0.912954048
T284N,-11.160562515258789,-0.422443265
T284W,-17.690731048583984,-0.7267068255
T284M,-9.493830680847168,-0.12484143
T284K,-14.056267738342285,-2.570764149
T284I,-9.757903099060059,-0.7080246170000001
T284D,-16.55914878845215,-2.7107324045
T284G,-12.510272979736328,-0.835740785
T284F,-13.683429718017578,-0.330791703
T284E,-17.286945343017578,-1.309283395
T284L,-11.279033660888672,-0.8616218529999999
T284Y,-16.603605270385742,-0.1690732575
T284A,-6.498666286468506,-0.158430358
T284C,-10.59291934967041,-0.1382282465
A285W,-18.143585205078125,-2.5567990255
A285Y,-16.658140182495117,-0.5208650979999999
A285G,-8.387791633605957,0.459930365
A285H,-18.44817352294922,-0.2055598455
A285I,-13.251302719116211,-1.0363269655
A285K,-16.170860290527344,-0.8549606590000001
A285L,-14.233708381652832,-1.744959147
A285M,-14.862638473510742,-1.0257622095
A285C,-11.253828048706055,0.6005896095000001
A285D,-14.309524536132812,-3.3115424835
A285Q,-16.870773315429688,-0.3452074995
A285R,-15.240415573120117,0.333072032
A285S,-7.4594926834106445,0.5377461245
A285T,-8.921072006225586,0.0086324135
A285F,-14.112932205200195,-1.2236194605
A285E,-14.311673164367676,-2.527574177
A285V,-7.991757869720459,-0.032499645
A285P,-13.38919448852539,-0.6590792605
A285N,-14.834884643554688,-0.6603036004999999
T286E,-12.230748176574707,-1.4880472635
T286F,-4.631444454193115,0.6540225525
T286A,-5.424398422241211,-0.8593460390000001
T286G,-7.688320636749268,0.2119215065
T286H,-10.312446594238281,-3.970877036
T286I,-0.621248722076416,1.036033656
T286K,-9.759060859680176,-2.8216859905
T286L,0.0016455650329589844,0.763625186
T286M,-4.595546245574951,0.839645097
T286N,-8.643950462341309,-2.410751228
T286P,-6.753923416137695,-0.7745528925
T286R,-9.863424301147461,-1.763658785
T286Q,-9.97226333618164,-4.4450606515
T286V,-3.286574363708496,0.4139617275
T286W,-9.269767761230469,-0.8562915590000001
T286Y,-9.409317016601562,-3.0338955910000003
T286D,-12.883052825927734,-2.898110582
T286C,-6.304245948791504,0.330312741
T286S,-4.578348159790039,-2.2714144595
F287S,-5.525810241699219,0.2000332845
F287V,-3.584494113922119,-1.8978532245
F287W,-8.60450267791748,0.0382754655
F287Y,-6.973174571990967,-0.4613028495000001
F287T,-4.765114784240723,-0.412855039
F287R,-11.93451976776123,-1.8549652895
F287M,-0.9180607199668884,0.541260337
F287P,-10.811281204223633,-2.710913977
F287Q,-10.419007301330566,-1.6576411435
F287A,-2.940397024154663,0.5678223370000001
F287D,-12.61235237121582,-2.5765778545
F287E,-11.21674633026123,-2.0786583325
F287G,-7.248054504394531,0.3351091995
F287C,-4.755158424377441,-1.329123673
F287I,-3.7818756103515625,0.970125136
F287K,-12.062520980834961,-2.556940194
F287L,-0.03807353973388672,-0.779894465
F287N,-11.63589859008789,-4.607243993
F287H,-11.810219764709473,-3.646238124
P288L,-13.851001739501953,-1.30305153
P288D,-20.776288986206055,-1.1218163625
P288E,-19.850915908813477,-0.6431498875
P288F,-16.818161010742188,-0.273479127
P288G,-15.187257766723633,-1.018536631
P288H,-16.338598251342773,-0.5707591835
P288I,-17.782669067382812,-3.116956178
P288K,-18.8948974609375,0.7369097035
P288M,-17.804641723632812,-0.8337476145
P288V,-16.81406593322754,-2.269831802
P288Q,-15.04770278930664,-0.1763366165
P288R,-15.84606647491455,-2.048455631
P288S,-10.963838577270508,-0.5608119825
P288T,-13.63814640045166,-0.5767621860000001
P288W,-19.55634117126465,-0.4336820755
P288Y,-17.987403869628906,0.4690745475
P288C,-16.46532440185547,-1.857783488
P288N,-17.795164108276367,-0.636362962
P288A,-12.741453170776367,-1.1457304275
Y289V,-11.442106246948242,0.3930390455
Y289T,-11.196552276611328,0.788437963
Y289K,-16.058496475219727,-0.555895921
Y289N,-10.106005668640137,-0.723240888
Y289M,-11.640959739685059,0.7576271035
Y289L,-8.20370864868164,0.454753128
Y289S,-10.47313404083252,0.737856928
Y289I,-10.020373344421387,0.5045815445
Y289H,-8.73042106628418,0.1280354245
Y289P,-13.812681198120117,-0.516751882
Y289G,-14.222639083862305,-0.197443073
Y289W,-11.160390853881836,0.980749351
Y289E,-14.136970520019531,-1.6461878090000002
Y289R,-15.851585388183594,-2.0127832335
Y289A,-12.94153118133545,-0.150318444
Y289C,-8.043706893920898,-1.69352959
Y289D,-12.04501724243164,-3.255765963
Y289F,-5.116951942443848,1.002404096
Y289Q,-11.72484016418457,-2.487210069
I290Q,-13.65668773651123,-0.6750065190000001
I290S,-7.746970176696777,-5.097437522
I290T,-5.671234130859375,0.2461357835
I290Y,-11.452598571777344,-1.3111471165000002
I290R,-13.09620189666748,-1.148960489
I290W,-10.488199234008789,-0.4837970385
I290V,0.8717750906944275,0.454367399
I290P,-9.330889701843262,-1.253479455
I290A,-3.026810884475708,0.277933236
I290C,-4.673078536987305,0.08038619
I290D,-13.019001960754395,-3.3743904815
I290E,-12.567299842834473,-2.7749148860000004
I290F,-2.556004524230957,0.3553380105
I290G,-6.438351631164551,-0.864948425
I290H,-13.24294662475586,-2.772454397
I290K,-14.226079940795898,-1.7563328644999998
I290L,-0.5476813316345215,0.3306760865
I290M,-3.963146924972534,-1.573114533
I290N,-12.675763130187988,-0.991129184
I291A,-3.5791990756988525,1.063358294
I291N,-10.033130645751953,-2.641259537
I291M,-2.781547784805298,-4.430712677
I291W,-9.55664348602295,-0.477511414
I291Y,-9.149263381958008,-0.715822669
I291R,-12.932832717895508,-4.0076691455
I291Q,-11.89795970916748,-0.139900916
I291C,-6.223729133605957,0.7415168135
I291D,-9.85342025756836,-1.9263803875
I291E,-9.66274356842041,-1.058136092
I291F,-4.068802833557129,0.192588591
I291G,-6.842449188232422,0.8802197605
I291H,-12.72927188873291,-2.5800103755
I291P,-9.563822746276855,-1.887075471
I291L,-2.460132360458374,0.2718230115
I291V,2.71854305267334,1.4459537515
I291K,-11.53222370147705,-0.381244012
I291S,-7.392602920532227,0.510207276
I291T,-4.277289390563965,0.2105180255
L292Y,-14.939586639404297,-0.989307926
L292P,-13.635589599609375,0.139898905
L292Q,-12.915817260742188,0.298238575
L292R,-14.900941848754883,-3.8912351995
L292S,-12.62023639678955,-1.2950891395
L292T,-10.503680229187012,-0.6149430415
L292V,-8.49228286743164,-1.3471736125
L292W,-14.142705917358398,0.182413976
L292N,-15.705476760864258,-0.831619285
L292K,-15.707962036132812,-2.323597235
L292H,-14.028847694396973,-0.247961356
L292G,-14.835713386535645,-0.475763089
L292F,-7.626125812530518,0.4386214655
L292E,-17.0787410736084,-0.5388104245
L292D,-18.453147888183594,-2.4314615805
L292C,-11.76481819152832,-0.7882875009999999
L292A,-13.360408782958984,-1.7984186725
L292I,-5.632514953613281,0.563365773
L292M,-4.870702266693115,0.753957819
R298C,-8.065013885498047,-4.211857818
R298Y,-5.319079875946045,-1.8680483215
R298D,-12.737055778503418,-2.106384112
R298E,-10.857038497924805,-2.2921421425
R298K,-3.544466257095337,-0.013473975
R298G,-8.47226333618164,-1.8857384035
R298H,-4.2676591873168945,-3.215819257
R298I,-6.840144157409668,-1.9777857905
R298W,-7.618453025817871,-1.5072043385
R298L,-6.645088195800781,-2.961517963
R298M,-6.929213047027588,-1.5213845894999998
R298N,-7.089601039886475,-3.004276218
R298P,-12.60728645324707,-1.81101973
R298Q,-6.5845441818237305,-1.5936150530000002
R298S,-7.938291549682617,-0.9082423255
R298T,-7.332120418548584,-2.072505377
R298V,-7.833486557006836,-1.5411882925
R298F,-7.5235819816589355,-1.6079534880000002
R298A,-8.966573715209961,-1.942914487
G299E,-10.144219398498535,-0.8194596415000001
G299A,-3.6283135414123535,-0.7425527495
G299Y,-11.241159439086914,-1.9207989805
G299W,-10.814077377319336,-0.6888312695000001
G299V,-7.8248395919799805,-1.5491500455
G299S,-4.109006881713867,-0.8835862875
G299R,-10.120166778564453,-0.6920476105
G299Q,-11.248006820678711,-1.832456933
G299P,-13.622419357299805,-3.8458750915
G299N,-5.567536354064941,-2.2622038925
G299M,-9.96731185913086,-3.67907789
G299T,-6.865532398223877,-0.8056151579999999
G299K,-11.989094734191895,-3.3508442385
G299I,-10.336250305175781,-1.7752104165
G299H,-11.403068542480469,-1.9355062405
G299F,-10.718992233276367,-3.6827201415
G299D,-10.23220157623291,-4.7010409865
G299C,-6.766787528991699,-1.7290553625
G299L,-11.017045021057129,-2.532789254
A300V,2.089179039001465,0.1926623005
A300T,-2.228808879852295,-0.5631639435
A300S,-4.11422061920166,-0.140475791
A300R,-9.494464874267578,-1.7672188045
A300Q,-9.338587760925293,-1.8153490755
A300P,-9.136848449707031,-1.460375234
A300N,-7.820704460144043,-3.792218579
A300K,-9.963006019592285,-1.7658817375
A300L,-0.3726029396057129,0.308415868
A300I,0.10416650772094727,1.9202716475
A300H,-10.341614723205566,-3.917125295
A300G,-5.058374881744385,-0.8632878184999999
A300F,-4.850850582122803,0.188168435
A300E,-7.99472713470459,-2.783741648
A300M,-3.281519889831543,-0.0532176435
A300D,-9.257901191711426,-2.4637980045
A300W,-8.186073303222656,-1.4422558945
A300Y,-8.497403144836426,-2.313899856
A300C,-2.66007137298584,0.9707216565
T301S,-3.6734962463378906,-1.0466350555
T301V,-5.9323296546936035,-2.590350502
T301A,-5.5091753005981445,-0.4998314985
T301C,-6.099003791809082,-2.4982716815
T301D,-11.251192092895508,-0.798899835
T301E,-9.827156066894531,-3.225460975
T301F,-5.834444522857666,-0.62082793
T301G,-8.497840881347656,-2.2668636725
T301Y,-9.814227104187012,-2.0091528885
T301I,-5.158698558807373,-0.6268936595
T301H,-10.58185863494873,-3.299892668
T301R,-7.517801284790039,-1.151552572
T301W,-10.235607147216797,-2.449672809
T301P,-10.706827163696289,-1.4748111575
T301Q,-7.052655220031738,0.142371374
T301M,-2.0342369079589844,-0.913138427
T301L,-2.464744806289673,-1.89329185
T301K,-8.159149169921875,-2.8798256855
T301N,-8.720847129821777,-1.290889482
L302Q,-8.13570785522461,-1.477566551
L302P,-13.17557144165039,-0.7979540509999999
L302N,-13.324028968811035,-3.397912492
L302M,-7.413896560668945,-1.216792705
L302K,-13.82927131652832,-0.6428596805
L302H,-10.612190246582031,-4.0135087525
L302G,-14.863214492797852,-1.5576334985
L302F,-10.16508674621582,-2.3187922685
L302D,-16.18857765197754,-2.0080678045
L302C,-11.986392974853516,-1.8384034445
L302A,-12.684072494506836,-2.8876454625
L302I,-9.370630264282227,-3.5107967495
L302E,-12.774890899658203,-3.6099146635
L302S,-11.394495964050293,-1.8863626765
L302Y,-14.037469863891602,-1.9982716815
L302W,-13.212037086486816,-1.85299283
L302V,-9.740023612976074,-2.1287359575
L302T,-11.833952903747559,-2.6293540655000003
L302R,-12.45872688293457,-2.984461147
P303E,-1.9879417419433594,-1.1326864155
P303V,-7.400017738342285,-3.035275017
P303T,-4.847471237182617,-2.9119421115
P303S,-3.37298846244812,-1.1347294234999998
P303R,-5.356253623962402,-0.288826769
P303Q,-3.986522912979126,-2.0213761315
P303L,-7.6633710861206055,-1.624886414
P303M,-9.702699661254883,-1.848847895
P303W,-9.449878692626953,-3.213965154
P303K,-3.697345018386841,-0.0548801705
P303I,-8.77542495727539,-2.1757204430000003
P303H,-5.489678382873535,-0.071030849
P303G,-6.5258893966674805,-2.719069885
P303N,-5.691322326660156,-1.792878734
P303F,-9.852086067199707,-1.6089467365
P303Y,-8.942778587341309,-2.271329058
P303D,-3.5818886756896973,-1.5161017915
P303C,-9.744134902954102,-1.287294937
P303A,-4.959222793579102,-1.139825659
G304F,-11.18504524230957,-2.994033584
G304E,-6.979738235473633,-0.5498603045
G304D,-5.9515814781188965,-2.705619677
G304C,-10.30239200592041,-2.482811955
G304A,-8.963278770446777,-1.235002096
G304I,-14.564019203186035,-1.9144742105
G304K,-10.190673828125,-1.5724985930000002
G304L,-12.307135581970215,-2.553703698
G304M,-12.467655181884766,-2.0578405015
G304P,-11.926994323730469,-2.8791128915
G304Q,-9.661683082580566,-2.6389286205
G304R,-9.756111145019531,-0.5236139015
G304S,-7.643493175506592,-2.553424372
G304T,-11.329943656921387,-3.4643944060000003
G304V,-12.380745887756348,-1.0158300525
G304W,-10.909236907958984,-1.497623732
G304Y,-10.889472961425781,-2.182390624
G304N,-6.129629135131836,-1.214395076
G304H,-9.623876571655273,-2.1551408035
A305C,-6.77557373046875,-2.956578245
A305D,-10.046794891357422,-1.248487377
A305M,-6.1208295822143555,-2.031625554
A305G,-6.736654281616211,-1.5136194509999998
A305H,-8.20640754699707,-2.995184896
A305I,-9.354455947875977,-2.931409871
A305K,-10.773587226867676,-3.298388935
A305L,-9.709425926208496,-1.484200548
A305F,-6.729556083679199,-2.549475637
A305N,-9.574995040893555,-1.860625259
A305P,-9.713350296020508,-1.300062483
A305Q,-9.063926696777344,-1.827083216
A305R,-10.860878944396973,-2.6601775725
A305S,-2.328662395477295,-0.909749161
A305E,-8.845322608947754,-2.9831288145
A305T,-7.53645133972168,-0.8211293875
A305V,-7.731770038604736,-0.6819592095
A305W,-7.84290075302124,-2.5783834815
A305Y,-6.65985107421875,-1.3505437395
W306G,-1.951312780380249,-0.7893583609999999
W306M,-1.9898273944854736,0.1439811105
W306L,-0.7304892539978027,-0.283600445
W306A,-1.9084551334381104,-0.6037100365
W306V,-1.652514934539795,-0.991837341
W306T,-1.0472748279571533,-0.6661555185
W306S,-1.5381269454956055,-0.5256721485
W306R,-4.277390480041504,-0.4354852725
W306Q,-3.768170118331909,-1.2668346665
W306D,-0.7887148857116699,-2.2632223285
W306P,-5.738236427307129,-3.2960248435
W306E,-1.6222505569458008,-1.389848657
W306F,-2.266185998916626,-0.443905756
W306Y,-2.585597276687622,0.1749655155
W306K,-3.6280710697174072,-1.3059458455
W306I,-1.2863898277282715,-2.0181138425
W306H,-4.298628807067871,-1.066867459
W306C,-6.235947608947754,-1.28412742
W306N,-3.9751298427581787,-2.141899935
R307Y,-3.4390969276428223,-1.5045320035
R307D,2.3928213119506836,-1.054907903
R307V,-2.6123061180114746,-0.7063509370000001
R307C,-7.404557228088379,-1.643715311
R307A,-1.2966318130493164,-0.4230460545000001
R307F,-5.103906631469727,-3.132763197
R307G,-3.8605780601501465,-1.579492394
R307H,-2.0521559715270996,-3.662399149
R307I,-2.543473243713379,-1.6245142355000002
R307W,-5.924901008605957,-3.568661009
R307K,1.4050637483596802,0.665325078
R307M,-3.1556167602539062,-1.2328117375
R307N,0.4079718589782715,0.26052073
R307P,-5.01955509185791,-1.0996063459999998
R307E,1.477082371711731,-1.276543158
R307S,-0.6121993064880371,-0.5323058485000001
R307T,0.21568012237548828,0.134417331
R307L,-2.6413421630859375,-1.28459757
R307Q,0.37321996688842773,1.061826837
G308F,-16.150815963745117,-2.038882972
G308Y,-15.382745742797852,-1.9998314985
G308W,-13.35932731628418,-2.3238624475
G308A,-10.351585388183594,-1.5611561655
G308C,-11.049129486083984,-2.433105855
G308H,-17.201820373535156,-5.390952502999999
G308I,-15.877974510192871,-2.801260152
G308K,-16.363508224487305,-2.8717229680000003
G308L,-16.587024688720703,-2.4104022595
G308M,-17.13880729675293,-3.6495855585
G308D,-12.118945121765137,-0.902983282
G308P,-16.41805648803711,-3.0556755210000004
G308Q,-16.822113037109375,-3.928213844
G308R,-12.695941925048828,-1.5773458205000002
G308S,-9.819770812988281,-1.2477158995
G308T,-14.547894477844238,-2.1994613195
G308E,-12.625353813171387,-1.4195589325
G308N,-14.668904304504395,-2.2999527680000003
G308V,-13.335980415344238,-1.1631876025
V309L,-1.2092854976654053,-0.3075579705
V309M,-2.1483066082000732,-0.081283599
V309N,-7.2205305099487305,-1.7695501485
V309Q,-8.244844436645508,-0.9280310695
V309T,-4.104599952697754,-1.882252599
V309S,-6.513801574707031,-1.9594510215
V309W,-8.650158882141113,-1.479122659
V309Y,-7.287995338439941,-4.146841104
V309K,-8.899127960205078,-0.718148844
V309R,-9.320077896118164,-1.5947205055000002
V309I,2.7797436714172363,-0.8432939545
V309P,-8.737372398376465,-0.938329522
V309G,-7.996920585632324,-3.0645740435000004
V309F,-4.437458038330078,-4.3140178635
V309E,-7.4467878341674805,-0.9482554895
V309D,-9.608084678649902,-1.9982419955
V309C,-6.102825164794922,-1.737061164
V309A,-5.396716117858887,0.2110358425
V309H,-9.117770195007324,-2.5524502705
L310S,-2.633552074432373,0.9463423645
L310T,-1.6164063215255737,-0.927798714
L310V,-1.7369126081466675,0.8918881915000001
L310W,-2.8296780586242676,0.3450120905
L310P,-10.077406883239746,-0.089652618
L310N,-4.306489944458008,-0.4415098895
L310M,-1.2331374883651733,-0.173219044
L310K,-3.741380214691162,0.8499198090000001
L310G,-4.452076435089111,0.1844458685
L310H,-4.618444442749023,0.100897118
L310R,-4.716939449310303,0.248699214
L310F,-3.552560329437256,0.584275285
L310E,0.04087495803833008,0.988325256
L310D,-2.1680049896240234,0.6052015735
L310C,-6.368546962738037,0.4411090425
L310A,-3.0006279945373535,0.925229181
L310Y,-2.258549213409424,0.606105269
L310I,-1.0684458017349243,0.437335894
L310Q,-1.8832086324691772,0.553101411
F311A,-7.186611175537109,-0.9590836255
F311I,-7.416725158691406,0.186329385
F311L,-5.582329750061035,-0.137906102
F311M,-7.581182479858398,-0.1275853335
F311N,-8.093949317932129,-1.832446419
F311P,-9.365564346313477,-3.917125295
F311Q,-7.966732978820801,-3.09563592
F311R,-10.479686737060547,-2.1706930205
F311S,-7.186648368835449,-0.4226966645
F311T,-8.192561149597168,-2.367651597
F311V,-6.7063093185424805,-1.327734048
F311W,-5.208253860473633,-1.363194459
F311Y,1.0163383483886719,-2.4884289365
F311C,-5.928988456726074,-6.6545773575
F311K,-10.470908164978027,-3.3605725655
F311D,-8.139389038085938,-2.8505437395
F311H,-3.9064579010009766,-1.9407781525
F311G,-10.512009620666504,-2.1816628465
F311E,-8.470986366271973,-2.4975056655000003
Y312V,-11.368118286132812,-2.4963839525
Y312C,-9.424942016601562,-0.544489105
Y312A,-14.424430847167969,-3.778358307
Y312D,-13.68730640411377,-2.602258281
Y312E,-16.078628540039062,-0.855728226
Y312F,-1.5693588256835938,0.2313616105
Y312H,-10.861151695251465,0.102290741
Y312I,-10.819084167480469,-1.3243100295
Y312G,-16.92487335205078,-0.9701919275
Y312L,-6.803640365600586,-2.4006254905
Y312M,-10.496578216552734,-2.6598387085
Y312N,-12.904313087463379,-0.543952552
Y312W,-10.44577407836914,-1.1711379295
Y312P,-17.315074920654297,-0.4441275585
Y312Q,-14.298806190490723,-3.9548803995
Y312R,-17.000328063964844,-1.804922506
Y312K,-16.818973541259766,-5.149898148
Y312S,-12.422188758850098,-1.3945246275
Y312T,-13.621142387390137,-1.9910218965
L313F,-5.661412715911865,-0.92849213
L313E,-12.063716888427734,-3.3276402245
L313A,-8.467641830444336,-2.502681253
L313C,-9.04269790649414,-1.057476156
L313G,-12.036642074584961,-2.7835031465
L313D,-14.229575157165527,-3.6201214745
L313I,-1.5701518058776855,-0.638908949
L313H,-10.81151008605957,-0.217417236
L313M,-4.506570816040039,-0.4325154485
L313N,-12.285696029663086,-3.6598387085
L313P,-10.159919738769531,-0.2733567405
L313Q,-9.015900611877441,-2.2861770825
L313R,-11.933502197265625,-0.2658879975
L313S,-9.636542320251465,-3.41230021
L313T,-7.419279098510742,-0.007563629
L313V,-3.977795362472534,-0.473108763
L313W,-10.339369773864746,-5.0286156445
L313Y,-10.343297004699707,-1.806040125
L313K,-12.697538375854492,-3.952319959
W326L,-9.913778305053711,-0.8504182690000001
W326E,-14.56610107421875,-1.134336184
W326I,-12.890975952148438,-1.1153440265
W326G,-10.1793851852417,-1.752107553
W326H,-13.702958106994629,-2.4831334245
W326K,-13.627483367919922,-0.5293551955
W326F,-8.792357444763184,-1.9708520115
W326D,-15.540058135986328,-1.9038480265
W326P,-13.325901985168457,-3.082821132
W326A,-12.145410537719727,-1.5506790255
W326N,-14.111736297607422,-3.103878228
W326Q,-13.622647285461426,-3.4648144505
W326R,-10.912642478942871,-1.029479203
W326S,-10.84020709991455,-1.243415061
W326T,-13.231481552124023,-2.5902165535
W326V,-12.764601707458496,-1.755341566
W326Y,-8.572713851928711,-1.285311182
W326C,-9.508552551269531,-0.1728351985
W326M,-11.687112808227539,-2.990380381
I327S,-3.2618184089660645,0.7012246540000001
I327T,-3.3632898330688477,-0.041591213
I327N,-6.6782636642456055,-0.1294382805
I327M,-3.5700106620788574,0.2967136335
I327L,-3.1669719219207764,-0.618580231
I327G,-4.529282569885254,-1.7758554290000002
I327F,-7.234982490539551,0.1000920905
I327A,-3.5774033069610596,-3.793655994
I327V,-1.4005422592163086,0.1292405115
D328E,-3.10583758354187,-0.727375881
D328F,-8.830620765686035,-3.3898639489999995
D328G,-6.251702308654785,-0.7280784595
D328H,-6.723372936248779,0.2846268805
D328I,-10.463675498962402,-1.638341109
D328K,-7.598935604095459,0.7254393525
D328L,-9.659789085388184,-1.711064836
D328M,-9.336958885192871,-1.0576123845
D328R,-8.320296287536621,-0.5674991285000001
D328P,-8.265352249145508,-2.8782435865
D328Q,-5.87224817276001,0.6284221
D328S,-6.088505744934082,0.5253470095
D328T,-7.8715362548828125,0.29623889
D328V,-8.347946166992188,-0.9423631665
D328W,-12.255304336547852,-2.343708044
D328A,-2.764173984527588,0.36260915
D328N,-5.3630805015563965,0.6181138415
D328C,-9.44686222076416,-0.726008943
D328Y,-6.994609832763672,-0.1270706365
A329P,-14.046712875366211,-0.7592767665000001
A329Q,-18.139442443847656,-2.3914980665
A329N,-17.5056209564209,-3.2504627810000004
A329S,-8.282501220703125,0.2503643835
A329T,-10.434076309204102,-0.688121289
A329V,-10.321550369262695,-1.1728617595
A329W,-19.13607406616211,-1.54691629
A329Y,-19.08749008178711,-2.79555581
A329M,-15.530588150024414,-1.84022637
A329R,-17.118444442749023,-1.3685410994999998
A329K,-17.820831298828125,-1.882013479
A329I,-15.66777229309082,-2.575669505
A329H,-20.226852416992188,-3.3402248595
A329G,-6.911550045013428,-1.1154866490000002
A329F,-17.09418487548828,-1.868120163
A329E,-14.908435821533203,-0.8877163159999999
A329C,-11.616887092590332,-1.5390876355
A329D,-15.090559005737305,-2.0727245575
A329L,-16.59600257873535,-2.136811497
A330S,-7.977575778961182,0.3173261835
A330R,-14.976762771606445,-1.582894836
A330Q,-16.21068572998047,-2.615004108
A330P,-12.225278854370117,-0.502751418
A330N,-14.0001802444458,-2.988576488
A330K,-15.47796630859375,-2.0736717715
A330L,-12.074939727783203,-0.8287776225
A330I,-11.103851318359375,-2.5264358935
A330H,-18.004270553588867,-1.96215262
A330G,-7.792219638824463,0.5302990215
A330F,-13.173373222351074,-0.312308476
A330T,-7.825927257537842,0.3835984465
A330M,-12.00403118133545,-0.40623274
A330V,-6.745830059051514,-0.9486213155
A330E,-12.83609390258789,-1.6812938085
A330Y,-15.9945650100708,0.00462751
A330W,-17.609628677368164,-1.7802997095
A330C,-9.250547409057617,0.211757764
A330D,-10.761446952819824,-1.182205411
A331Y,-6.82526969909668,0.3055940845
A331G,-3.4093687534332275,0.5940320765
A331H,-6.7247314453125,0.338601881
A331I,-3.6668550968170166,0.1683473989999999
A331K,-4.8093976974487305,0.764925214
A331L,-5.01638126373291,0.1503984995
A331M,-4.20872688293457,0.8805240740000001
A331F,-6.845407485961914,0.039973839
A331N,-3.790191888809204,-0.0418392435
A331P,-4.0965776443481445,-1.2226823235
A331C,-3.1380484104156494,0.4448682375
A331R,-5.387883186340332,0.4887227475
A331S,0.32426929473876953,0.8432393155
A331T,2.789785385131836,0.0770680825
A331V,-2.6820032596588135,0.6325075
A331W,-9.151494979858398,-0.509720615
A331D,-8.286468505859375,-0.1254120865
A331Q,-4.907550811767578,0.2583352445
A331E,-6.712892532348633,-0.857589355
Q332C,-14.465688705444336,0.7734107
Q332A,-13.403305053710938,-0.821842443
Q332D,-15.286826133728027,-1.2372916055
Q332E,-9.253933906555176,0.044580084
Q332F,-15.00147819519043,-0.735724358
Q332G,-12.955458641052246,-1.3533598585
Q332H,-8.751115798950195,0.254550012
Q332I,-15.052579879760742,-0.4696240165
Q332K,-12.273605346679688,-1.076834811
Q332L,-12.02456283569336,0.01040558
Q332M,-12.659560203552246,0.122454932
Q332N,-12.513830184936523,-2.197669385
Q332P,-14.318918228149414,-0.4290595435
Q332S,-12.235812187194824,-0.0092730335
Q332R,-11.96842098236084,-1.130176942
Q332T,-13.534209251403809,0.1966872515
Q332V,-14.818286895751953,0.0123559275
Q332W,-15.24181079864502,-2.899830778
Q332Y,-12.982297897338867,-0.929423794
I333Q,-9.915190696716309,0.9197375955
I333A,-8.68152141571045,0.6577171935
I333N,-5.824836730957031,0.149107594
I333C,-6.460566520690918,0.907689234
I333D,-9.725225448608398,-0.936869165
I333E,-10.819580078125,-0.8312607040000001
I333G,-9.570571899414062,0.572247331
I333M,-5.333610534667969,0.6245725289999999
I333H,-12.079562187194824,0.9959387065
I333K,-10.877167701721191,-0.6147814815
I333L,-6.844769477844238,0.169994162
I333R,-12.815200805664062,-1.0504777790000002
I333F,-8.919315338134766,-0.1325175495
I333S,-7.950626850128174,0.8461664095
I333P,-14.364852905273438,-0.91247841
I333V,-3.4635491371154785,1.065406352
I333W,-15.222110748291016,0.7077800790000001
I333Y,-11.300186157226562,0.425476729
I333T,-6.541496276855469,0.6140441245
F334V,-6.518658638000488,-0.147152338
F334T,-8.124388694763184,0.393956846
F334S,-6.772946834564209,0.681204095
F334R,-13.570828437805176,0.465992013
F334Q,-12.306267738342285,1.0101857440000002
F334P,-10.895855903625488,-0.7135536935
F334A,-8.389996528625488,0.257708125
F334C,-5.303368091583252,0.3668208875
F334E,-14.804159164428711,-0.9003399834999999
F334G,-9.939069747924805,0.314430011
F334H,-11.300877571105957,-0.180919646
F334I,-5.513205528259277,-0.0451619175
F334K,-14.189115524291992,-0.654716106
F334L,-5.117710590362549,0.2209819385
F334M,-7.70918083190918,1.43955897
F334Y,-7.088098526000977,0.8636299555
F334N,-11.209878921508789,-0.7434730745
F334D,-13.920815467834473,-1.68556443
F334W,-9.914037704467773,-0.6372232095
F335W,-12.031692504882812,0.313157505
F335C,-9.02054214477539,0.2680909675
F335V,-11.109076499938965,0.477716395
F335T,-11.099150657653809,0.4036594020000001
F335S,-8.727642059326172,0.0764284645
F335R,-11.696208953857422,-0.211832825
F335Q,-10.42359733581543,0.126748458
F335P,-13.734407424926758,-0.1024304915
F335N,-8.247942924499512,0.4884737585
F335M,-11.293567657470703,0.648162399
F335K,-13.122339248657227,-0.357927963
F335I,-10.303327560424805,-0.089411222
F335Y,-3.358640193939209,0.696681232
F335H,-8.515323638916016,0.6714407265000001
F335G,-12.139887809753418,0.6526694175
F335E,-12.928404808044434,-1.548314514
F335D,-10.885077476501465,-1.722054403
F335A,-11.804496765136719,0.19883811
F335L,-9.133827209472656,0.4280203665
S336E,-14.225204467773438,0.16950845
S336W,-16.615482330322266,-1.5268570675
S336Y,-13.287012100219727,-1.9598819285
S336C,-8.346314430236816,0.36364119
S336D,-13.721628189086914,0.06712723
S336F,-11.708988189697266,0.286621653
S336G,-10.191370964050293,0.599233955
S336H,-14.859872817993164,-0.280750753
S336I,-13.991265296936035,-3.184545041
S336K,-15.110555648803711,-0.195073297
S336A,-6.182586193084717,-0.454603159
S336M,-14.813250541687012,-0.7524607455
S336N,-10.991317749023438,0.7134536295
S336P,-11.922338485717773,0.316862187
S336Q,-13.967010498046875,0.354008019
S336R,-13.926495552062988,0.302393861
S336T,-8.358957290649414,0.5800562364999999
S336V,-13.088268280029297,-0.768615362
S336L,-12.725790023803711,-2.5601661505
L337G,-13.694730758666992,0.4813559255
L337H,-13.588459014892578,0.2538771235
L337I,-7.100205898284912,-0.7963913665000001
L337K,-14.969523429870605,0.987728773
L337M,-8.303437232971191,0.6293640875
L337P,-11.777562141418457,-0.2621063425
L337T,-8.829909324645996,1.0643183585
L337R,-13.649105072021484,0.587246168
L337S,-10.3146333694458,0.8146828595000001
L337V,-7.226052284240723,0.255075253
L337W,-13.700719833374023,0.8051437375
L337Y,-13.974987983703613,-0.4374830485
L337F,-9.234686851501465,0.526975293
L337Q,-12.486286163330078,0.5832126575
L337E,-15.80472183227539,-1.155463864
L337N,-14.633661270141602,0.556699803
L337A,-11.67902660369873,0.201880259
L337C,-10.735916137695312,-0.5056543195000001
L337D,-16.76595687866211,-0.562996449
G338L,-13.853594779968262,-1.7089998415
G338D,-10.976943016052246,-0.055075499
G338E,-11.357234001159668,-1.6762717905000002
G338F,-14.343940734863281,-0.949124234
G338H,-13.678140640258789,-1.805063772
G338I,-13.501803398132324,-5.0347795815
G338K,-12.533495903015137,1.4112300130000002
G338A,-7.593816757202148,-0.6703423985
G338M,-14.397659301757812,-1.527066974
G338P,-13.896749496459961,-0.7965789434999999
G338Q,-13.014877319335938,-0.8661029265000001
G338R,-11.18614387512207,1.029284999
G338S,-6.443049430847168,0.2971998795
G338T,-9.709253311157227,0.168175158
G338V,-11.273521423339844,-0.7404021755
G338W,-13.463006973266602,-0.358222061
G338Y,-14.386831283569336,0.1621888375
G338N,-10.399474143981934,-0.2496714075
G338C,-10.304275512695312,-0.0004792435
P339N,-10.249326705932617,0.0948629575
P339M,-10.448515892028809,-1.6824739465
P339C,-7.145638942718506,-0.3739697015
P339A,-2.4428529739379883,-0.457291298
P339K,-14.422751426696777,0.5449262295
P339I,-5.230093479156494,-1.4769145215
P339H,-13.071704864501953,-0.155962899
P339L,-7.531768321990967,-0.8729060285
P339R,-13.19848918914795,0.0885654225
P339S,-5.936845779418945,0.0556497005
P339T,-5.502612113952637,-1.1661565515
P339Q,-11.316520690917969,-1.9953859435
P339W,-17.130935668945312,-1.5905599785
P339Y,-13.537740707397461,-3.316062244
P339G,-8.08078670501709,0.9654955635
P339F,-11.629920959472656,-2.947579447
P339E,-12.590314865112305,-1.232119132
P339D,-13.424029350280762,-0.6444742405
P339V,-3.7678675651550293,-2.606052976
G340V,-12.680838584899902,0.1744155985
G340T,-11.653902053833008,-3.4825267485
G340S,-7.032373428344727,-0.536328314
G340R,-13.85871410369873,-0.421882654
G340Q,-15.630901336669922,-1.9571404685
G340P,-16.662551879882812,-1.4910211625
G340N,-12.405759811401367,0.7114754675
G340M,-14.891221046447754,-2.043901986
G340C,-3.4886226654052734,0.21707976
G340K,-16.663860321044922,-3.064972784
G340I,-15.98748779296875,-1.2168398365000002
G340H,-17.376995086669922,0.8219187575
G340F,-16.126304626464844,-2.682160292
G340E,-14.758100509643555,-4.8868108855
G340D,-14.619441986083984,-0.5419013364999999
G340A,-4.383822441101074,-0.6683310845
G340W,-17.226970672607422,-1.152597856
G340L,-15.08669376373291,-2.2485636085
G340Y,-16.30613899230957,-1.059496685
F341W,-8.793916702270508,0.477486964
F341K,-13.241307258605957,1.1540060535
F341R,-12.332588195800781,0.5303975710000001
F341Q,-11.942635536193848,0.1353809875
F341P,-12.863182067871094,0.8059325620000001
F341N,-11.845094680786133,1.6547162855000002
F341M,-8.584455490112305,1.657549931
F341L,-6.5363569259643555,-0.0152754945
F341V,-8.399986267089844,0.338544397
F341I,-8.287252426147461,-0.6852578355
F341H,-11.624366760253906,-0.52536166
F341G,-9.522454261779785,0.778511678
F341E,-13.31759262084961,0.264610553
F341D,-13.709211349487305,-0.055854829
F341C,-7.5809478759765625,0.737877213
F341A,-10.036328315734863,1.0443619075
F341Y,-6.064104080200195,-0.7828898095
F341S,-8.268486022949219,0.4910496255
F341T,-10.289725303649902,1.3035513975
G342E,-13.027338027954102,-0.3325486575
G342F,-16.476177215576172,-2.8272608315
G342S,-9.76283073425293,-0.6110568175
G342M,-16.519119262695312,-1.9820793975
G342W,-15.480325698852539,-0.4545698685
G342V,-13.921924591064453,-0.5306116865
G342T,-14.751479148864746,-1.546286466
G342R,-12.468182563781738,0.423807441
G342Q,-15.148935317993164,-2.365844762
G342P,-17.449081420898438,-0.9551992355
G342N,-14.375152587890625,-0.1904563835
G342Y,-17.149127960205078,-1.8987629055
G342L,-16.246597290039062,-2.0171350765
G342K,-15.9468994140625,-2.6311021205
G342I,-16.183961868286133,-2.9587780345
G342H,-17.526063919067383,-0.380380509
G342A,-9.382223129272461,-0.2536560945
G342C,-11.801084518432617,-2.8592125175
G342D,-14.220417022705078,-1.983486905
V343Y,-11.373342514038086,0.169733843
V343W,-13.27282428741455,-0.3541054465
V343C,-6.73615837097168,0.5576586145
V343G,-6.4589457511901855,0.5452536945
V343K,-11.799240112304688,-0.1156456365
V343F,-8.610244750976562,0.84752909
V343E,-10.66375732421875,-0.455504554
V343D,-10.537837982177734,-0.437407169
V343H,-13.555906295776367,0.211092789
V343M,-7.340409755706787,1.0583901805
V343L,-6.255086421966553,0.2070617605
V343P,-8.061304092407227,0.1115571155
V343Q,-11.3693208694458,-1.7690081665
V343R,-11.811856269836426,0.8563612270000001
V343S,-5.951258182525635,0.709701085
V343T,-3.0006027221679688,1.062306696
V343A,-5.6008806228637695,0.471204708
V343N,-7.386123180389404,0.30078201
V343I,-2.7133712768554688,0.6246552635
L344Y,-9.747896194458008,0.322642157
L344W,-13.128135681152344,0.7564722755
L344V,-4.8467254638671875,0.5490774245000001
L344T,-9.254219055175781,1.071928682
L344Q,-8.899657249450684,0.654319318
L344A,-11.241660118103027,0.6830695405
L344C,-8.810839653015137,0.7176461209999999
L344D,-14.73243522644043,0.443579974
L344E,-13.540701866149902,0.0292288255
L344F,-7.44434928894043,0.6089953775
L344G,-13.495887756347656,0.6797132865000001
L344S,-10.66991138458252,0.6056125895000001
L344I,-3.918631076812744,0.6280577414999999
L344K,-13.346102714538574,0.621191466
L344M,-6.661616325378418,0.7283545185
L344N,-10.24953842163086,1.198319432
L344P,-9.031048774719238,0.8842213975
L344R,-11.60215950012207,0.719667995
L344H,-6.92061710357666,0.7423298275
L345V,-6.568874359130859,0.9907749435
L345I,-4.685653209686279,0.4845329745000001
L345T,-10.189504623413086,1.1076132685
L345A,-13.264248847961426,0.254522326
L345C,-13.593453407287598,1.2435062305
L345D,-17.741064071655273,-1.949124234
L345E,-16.05474853515625,-0.1679348494999999
L345W,-15.357987403869629,0.395890002
L345G,-15.70548152923584,1.0076999475
L345F,-8.820016860961914,0.6658731585000001
L345K,-12.875524520874023,0.5919326315
L345M,-5.110476493835449,0.1336398665
L345N,-14.061365127563477,-0.4773492325
L345P,-11.245495796203613,0.3239480285
L345Q,-11.215932846069336,-0.354387002
L345R,-12.594576835632324,0.3804267545
L345S,-12.254156112670898,1.1063262965
L345H,-14.165131568908691,0.2246238395
L345Y,-14.124045372009277,-3.3143129165
A346M,-11.843058586120605,0.4285982095000001
A346N,-8.213189125061035,-1.027066974
A346P,-12.219178199768066,0.128365481
A346Q,-13.829669952392578,-0.22518952
A346Y,-15.99788761138916,-1.298716061
A346S,-4.908810615539551,0.8779574505
A346T,-4.494298458099365,0.266732425
A346V,-7.862470626831055,-0.032674383
A346W,-20.109148025512695,-0.8245531684999999
A346L,-13.521247863769531,-2.0991496785
A346R,-16.17683219909668,0.6756728065000001
A346K,-15.105836868286133,0.2508047535
A346H,-14.914798736572266,-0.5210806535
A346G,-8.601154327392578,0.4055805615
A346F,-14.877525329589844,-1.3277419915000002
A346E,-14.98624324798584,-0.481009102
A346D,-14.758169174194336,-1.6539627525
A346C,-8.72380256652832,0.6727566009999999
A346I,-12.420736312866211,-1.632276864
F347P,-11.682344436645508,-0.2989267335
F347D,-13.661417007446289,0.359034852
F347E,-11.940183639526367,0.564467234
F347G,-10.950382232666016,0.1831863555
F347H,-9.290111541748047,-3.2215203710000004
F347I,-6.178715229034424,-0.125510985
F347K,-11.598848342895508,1.288698431
F347L,0.010923385620117188,0.4274423435
F347M,-2.43472957611084,0.9090569645
F347Q,-8.35521125793457,1.1424037025
F347C,-7.728960037231445,0.8058315265
F347R,-10.565362930297852,0.5694540845
F347S,-8.112351417541504,0.5687904804999999
F347T,-9.2979736328125,1.00609989
F347V,-6.329338550567627,0.375710541
F347Y,-3.9269015789031982,-0.2458735165
F347W,-10.396663665771484,0.1508531985
F347N,-9.893521308898926,0.1095783135
F347A,-8.553966522216797,0.8401712815000001
A348W,-15.484856605529785,-1.438300886
A348Y,-12.648048400878906,-2.1625819445
A348V,-10.28721809387207,-0.5280084885
A348F,-11.279138565063477,-1.296641186
A348S,0.46261313557624817,0.8419752315000001
A348C,-7.014801025390625,-0.186905848
A348D,-13.457200050354004,-0.1758069914999999
A348E,-13.689573287963867,-1.2907673415
A348G,-4.971373081207275,0.9431338125
A348H,-13.661408424377441,-0.6108010515
A348T,-6.958410263061523,-0.2820246975
A348I,-12.778462409973145,-1.9894057185
A348L,-12.180099487304688,-1.092332826
A348M,-12.626816749572754,-0.5797591285
A348N,-9.208707809448242,0.480429891
A348P,-10.722697257995605,0.1955033335
A348Q,-12.800325393676758,0.8631289765000001
A348R,-13.519222259521484,0.4661907465
A348K,-14.231675148010254,1.39794462
S349N,-10.244377136230469,-0.058964407
S349P,-11.430758476257324,-1.827522997
S349Q,-14.271369934082031,0.375347023
S349V,-13.05845832824707,-1.833401712
S349T,-8.699243545532227,0.5067670679999999
S349M,-13.801502227783203,-4.5129337495
S349R,-11.19906997680664,0.270061641
S349K,-13.825324058532715,-0.88188493
S349C,-10.039228439331055,-0.49621184
S349H,-14.326048851013184,-0.6780000415
S349G,-9.76823902130127,0.346513419
S349F,-10.926942825317383,-2.847581824
S349E,-15.929285049438477,-0.2372876875
S349A,-8.877211570739746,-1.642770775
S349D,-15.725435256958008,-2.084547418
S349W,-15.060602188110352,-1.894004228
S349I,-12.374481201171875,0.6022661545
S349Y,-13.07526683807373,-4.7539387605000005
S349L,-10.801643371582031,-2.7636350765
Y350W,-11.898125648498535,-0.3897377615
Y350A,-12.579877853393555,-0.1843939385
Y350D,-12.201654434204102,0.385670908
Y350E,-13.44260025024414,-0.456399335
Y350F,-4.215982437133789,0.101450339
Y350G,-14.078468322753906,0.2084986055
Y350H,-7.708695411682129,0.1294453619999999
Y350I,-11.926794052124023,-0.2870663825
Y350K,-13.17765998840332,1.2171189409999998
Y350C,-8.930435180664062,0.3262269805
Y350L,-11.038933753967285,0.052432431
Y350M,-12.641039848327637,-0.27076097
Y350N,-10.527146339416504,0.491195964
Y350P,-14.961977005004883,0.200958322
Y350Q,-10.255025863647461,-0.9488856985
Y350R,-11.704205513000488,0.8057730679999999
Y350S,-10.287981033325195,0.4691376315
Y350T,-12.939669609069824,1.037356902
Y350V,-11.982026100158691,-0.972284901
N351A,-11.332633018493652,-1.022070835
N351C,-10.131085395812988,-0.396030978
N351D,-9.348752975463867,0.0817320895
N351E,-12.886884689331055,0.2317393710000001
N351F,-13.826776504516602,-0.7977413984999999
N351G,-10.927849769592285,-0.278708222
N351H,-10.685508728027344,0.134684096
N351P,-15.841081619262695,1.8632131335
N351K,-9.942513465881348,0.286566793
N351L,-13.211719512939453,-2.79125646
N351M,-11.561582565307617,-3.0594884515
N351Q,-11.716925621032715,-2.0240397175
N351R,-13.112263679504395,0.278639503
N351S,-6.878202438354492,0.0074731935
N351T,-9.296231269836426,-0.2790443855
N351I,-10.74766731262207,-0.1056552085
N351V,-11.603450775146484,-3.814150999
N351Y,-11.074572563171387,-0.2373867775
N351W,-17.663909912109375,-1.8206079135
K352C,-9.473761558532715,-1.0633266815
K352Y,-9.70090103149414,-1.6289609665
K352W,-12.039804458618164,-1.5162931919999998
K352V,-7.929372310638428,-0.6485496005
K352T,-4.44310998916626,-0.253727388
K352S,-3.453214645385742,-0.234881375
K352R,-3.303924560546875,0.4417654495
K352Q,-3.82944917678833,0.8328257875
K352P,-3.6399264335632324,0.3475725745
K352N,-2.1919145584106445,-1.0408461565
K352M,-8.432699203491211,-0.5214222
K352L,-8.419254302978516,-0.5007935025
K352I,-8.608149528503418,-1.2670072015
K352G,-5.311708927154541,0.34837364
K352F,-11.679360389709473,-1.248082747
K352E,-3.6346654891967773,0.4361114985
K352D,-2.5744991302490234,0.7738237455
K352A,-5.413464546203613,-0.247494525
K352H,-5.467607021331787,0.8654090179999999
F353Y,-5.804925918579102,0.2986499165
F353W,-8.533698081970215,0.4046105635
F353T,-10.009419441223145,0.301470559
F353K,-10.452840805053711,-0.2355663055
F353S,-8.88038444519043,0.233500348
F353R,-9.799394607543945,0.8590786640000001
F353Q,-10.889577865600586,0.185778126
F353P,-9.509848594665527,0.4943445305
F353N,-11.287696838378906,0.078098711
F353M,-8.11855411529541,0.1590329955
F353L,-6.043450832366943,0.0056592465
F353A,-9.476354598999023,0.2052362625
F353I,-7.509128570556641,0.033676895
F353H,-10.142510414123535,0.9453899425
F353G,-11.88350772857666,0.3469271765
F353E,-12.41869068145752,0.4795288505
F353D,-13.474088668823242,-0.1819576725
F353C,-10.243388175964355,0.5865657055
F353V,-7.3952436447143555,0.3268966035
N354Q,-2.1255645751953125,0.2470509855
N354R,-1.530651330947876,0.483797937
N354V,-6.459857940673828,-0.9932189035
N354G,-4.016335487365723,0.338658742
N354S,-1.1851351261138916,0.1249963535
N354A,-4.262245178222656,0.1555816315
N354C,-6.228233337402344,-1.7030283919999998
N354D,-2.542633056640625,0.0780898105
N354E,-3.6562066078186035,0.2368344165
N354F,-4.606463432312012,-0.8526033340000001
N354T,-0.8037707805633545,0.388063889
N354W,-6.962710380554199,-0.751384783
N354H,1.4457714557647705,0.77410018
N354I,-6.376124382019043,0.019994891
N354K,-1.6491780281066895,-0.7863512990000001
N354L,-5.954343795776367,-1.0665733385
N354M,-5.717072010040283,-0.437483049
N354P,-7.051521301269531,1.0877570015
N354Y,-2.5566906929016113,-0.2143358735
N355C,-9.677331924438477,-0.237111199
N355W,-12.97276782989502,0.572538964
N355V,-9.624074935913086,-0.2048346935
N355T,-7.290128707885742,0.0961935885
N355S,-6.363765239715576,0.431706155
N355R,-8.908244132995605,0.654255798
N355Q,-7.678841590881348,-1.9623413485
N355P,-13.437981605529785,-1.547321364
N355M,-9.371442794799805,0.324942201
N355L,-10.055130958557129,-0.6449224445
N355I,-8.999330520629883,0.3773941195
N355H,-4.8151350021362305,-0.399859645
N355G,-9.284231185913086,0.1890878985
N355F,-9.038836479187012,-0.9680333325
N355E,-10.007816314697266,-0.1820447005
N355D,-8.633784294128418,0.0561819995
N355A,-9.71483039855957,-0.051454642
N355K,-7.762989044189453,0.21857561
N355Y,-6.535289287567139,-0.584276279
N356L,-11.892210006713867,-1.2554310709999998
N356T,-8.73742961883545,-1.1608254725
N356S,-5.6939873695373535,-0.3806793785
N356R,-8.82497501373291,-1.0365964555
N356Q,-9.07052993774414,-2.4670041425
N356P,-11.970743179321289,-0.8472143105
N356M,-11.266044616699219,-1.72662982
N356K,-7.191536903381348,-2.033936914
N356I,-10.710137367248535,-0.4411844095
N356H,-8.365333557128906,-0.736074964
N356G,-8.313334465026855,-1.369700339
N356F,-11.785415649414062,-2.084701586
N356E,-10.452974319458008,-1.922057374
N356D,-6.0257463455200195,0.047575212
N356C,-10.270216941833496,-0.767470628
N356A,-8.944854736328125,-2.658935604
N356W,-14.585765838623047,-1.284182954
N356Y,-10.03904914855957,-1.6146164369999998
N356V,-11.537891387939453,-1.2569842305
C357Q,-11.918401718139648,-2.1605986535
C357N,-8.262380599975586,-0.6070404970000001
C357Y,-5.467441558837891,-0.168808595
C357W,-10.402873039245605,-1.223077738
C357V,-2.3326101303100586,0.5622113910000001
C357T,-5.093658447265625,-1.1185582725
C357S,-4.249686241149902,-0.2751284055
C357A,-5.251739501953125,0.16017912
C357M,-8.727187156677246,0.3007396285
C357L,-6.496645927429199,0.396202908
C357R,-10.548139572143555,-0.7752402629999999
C357I,-3.650130271911621,1.1851529505
C357H,-9.518144607543945,-0.930845471
C357G,-9.402463912963867,-1.6305866055000002
C357F,-4.614482879638672,1.219917227
C357P,-9.964882850646973,-1.3483570395
C357E,-13.325054168701172,-1.4619279145
C357K,-11.969321250915527,-0.9543298565
C357D,-12.451683044433594,-2.457376064
Y358P,-10.505126953125,-1.8515119605
Y358N,-7.3311333656311035,-1.525339359
Y358L,-6.653955459594727,0.2287826265
Y358K,-9.728763580322266,0.359817485
Y358E,-10.142753601074219,-1.6339727185
Y358F,-4.05601692199707,0.1377116755
Y358G,-11.179983139038086,-1.715051555
Y358Q,-7.432231903076172,0.1475385025
Y358H,-3.6388792991638184,-0.0800479455
Y358I,-7.606401443481445,-2.6590752425
Y358R,-9.178590774536133,-0.7229468925
Y358T,-8.577996253967285,-2.37069014
Y358V,-7.568192005157471,-1.1097402155
Y358W,-8.790787696838379,0.225338613
Y358A,-9.549267768859863,0.163931306
Y358C,-6.8357768058776855,-0.506300645
Y358D,-10.54655647277832,-1.8271750125
Y358M,-9.054389953613281,0.732115308
Y358S,-8.380179405212402,-0.8998271790000001
Q359G,-3.390232563018799,0.216064421
Q359H,-0.5265750885009766,0.136085358
Q359I,-2.2690296173095703,1.030466093
Q359F,-1.9570999145507812,0.4190648320000001
Q359E,-3.883030414581299,-0.14378381
Q359D,-6.956352710723877,-2.7829102285
Q359K,3.234236717224121,-0.9821676835
Q359C,-1.9583830833435059,0.2043384575
Q359Y,-1.1224212646484375,0.1655158925
Q359W,-2.6332292556762695,0.683531863
Q359V,-2.8197412490844727,0.5192958355
Q359T,-1.7479820251464844,0.610503031
Q359S,-1.9963445663452148,0.898542955
Q359R,4.972466468811035,0.7302295590000001
Q359P,-5.507457256317139,-0.6203080755
Q359N,-2.3177390098571777,-0.203433565
Q359M,-1.960050106048584,0.3667739945
Q359L,-0.9963140487670898,0.465454013
Q359A,-3.6632542610168457,0.77421564
D360L,-12.260577201843262,0.4393429965
D360Y,-8.29660701751709,0.7698942784999999
D360K,-11.44430160522461,0.857030703
D360W,-14.170675277709961,0.4205929815
D360T,-9.989232063293457,0.4982380405
D360S,-9.119710922241211,0.560167664
D360R,-12.957925796508789,0.351064445
D360Q,-10.494156837463379,0.5029503955
D360P,-12.837736129760742,-2.5228274930000003
D360N,-7.177981853485107,0.3179179635
D360M,-13.121162414550781,0.6605262454999999
D360A,-8.683631896972656,0.901942475
D360C,-11.767086029052734,0.7464371890000001
D360E,-7.002089977264404,-0.3112406265
D360F,-11.360527038574219,0.404470278
D360G,-7.800224781036377,0.5709347825
D360H,-8.233779907226562,1.2538368999999998
D360V,-10.073986053466797,0.4755291535
D360I,-12.02130126953125,0.455844206
A361I,-10.359850883483887,-0.4993217335
A361K,-16.30400276184082,-1.086381466
A361W,-16.62368392944336,-1.3701170105
A361Y,-15.010671615600586,-1.83449401
A361G,-6.936307907104492,-1.611989713
A361F,-13.245729446411133,-0.610191244
A361E,-13.566717147827148,-1.731746841
A361C,-5.98280668258667,-0.0393142505
A361L,-11.873626708984375,-0.498534652
A361M,-10.799341201782227,0.304975463
A361D,-13.39036750793457,-1.5794611755
A361P,-11.926607131958008,-0.7612537934999999
A361Q,-15.146105766296387,-2.0857535905
A361R,-16.043968200683594,-2.5817188355000003
A361S,-3.5114355087280273,-0.2918945385
A361T,-5.17160177230835,0.0144661025
A361V,-7.2623186111450195,0.1398486805
A361N,-12.452329635620117,-1.003727394
A361H,-17.18958854675293,-1.5030745595
L362D,-13.437494277954102,-2.5544712275
L362M,-1.6016030311584473,0.8643999240000001
L362E,-11.349802017211914,-3.1193603255
L362F,-3.2347090244293213,0.13810247
L362G,-10.119551658630371,-1.977065293
L362H,-11.26883316040039,-0.6369819275
L362I,-0.3417176604270935,-0.394373021
L362K,-9.953522682189941,-3.404510725
L362W,-5.695171356201172,-0.049037704
L362Q,-9.57939338684082,-2.0000462415
L362R,-10.457311630249023,-1.4388869765
L362S,-7.335422515869141,-1.9913083775
L362T,-5.158534049987793,-1.5416098925
L362V,-0.7453722357749939,0.396517048
L362Y,-7.142519950866699,-0.4038651915
L362C,-6.7858757972717285,0.0164286735
L362P,-12.428144454956055,-0.2324713505
L362A,-4.530765533447266,-0.9221253615
L362N,-9.744226455688477,-0.955696888
V363F,-2.2612648010253906,0.52753356
V363D,-12.345745086669922,-1.0874416655
V363E,-9.940396308898926,-0.521250115
V363G,-6.824963092803955,-0.8146986970000001
V363H,-9.634493827819824,-0.760172299
V363I,0.9907064437866211,0.5683512985
V363K,-6.368709564208984,-0.5240618095
V363L,-0.524128794670105,0.591197458
V363M,-1.9928759336471558,0.2711180865
V363N,-8.080709457397461,-2.4686132335
V363C,-6.7498040199279785,0.064176734
V363P,-10.6264009475708,-1.4564053205
V363Q,-8.007660865783691,-0.91636959
V363R,-7.325953006744385,-1.0567816815
V363S,-5.202502250671387,-1.2579779835
V363T,-2.93216609954834,0.051157089
V363W,-5.023890972137451,0.19288336
V363Y,-5.054279804229736,1.0133509885
V363A,-2.2751526832580566,0.1575740705
T364G,-11.924612998962402,0.4078987905
T364F,-10.363276481628418,1.0074255395
T364D,-13.573894500732422,-2.8071536810000004
T364A,-6.124937057495117,0.5213587605
T364C,-9.499656677246094,0.843919889
T364H,-13.852707862854004,-0.319970573
T364E,-13.96188735961914,-1.952406871
T364S,-7.459817409515381,0.1510666265
T364W,-14.932899475097656,0.448977581
T364V,-5.597918510437012,0.4924326855
T364R,-13.250244140625,0.1253098755
T364Q,-12.37672233581543,-0.556679436
T364P,-9.907410621643066,-0.9776287875
T364N,-9.434240341186523,-0.294808384
T364Y,-13.160717010498047,0.339400564
T364M,-7.906758785247803,1.2537997495
T364K,-12.479084014892578,-1.0245970384999998
T364I,-5.33259916305542,0.3843021215
T364L,-9.03189754486084,0.9337395305
S365T,-3.9368233680725098,0.543075941
S365R,-13.04752254486084,0.3687523725
S365V,-7.801675796508789,0.9634490535
S365Q,-13.18630599975586,0.109597719
S365P,-10.371581077575684,-0.9107227315
S365K,-14.098260879516602,-2.220298419
S365C,-4.693436145782471,0.413248704
S365L,-9.281682014465332,-0.435797095
S365H,-14.668919563293457,-1.3826203935
S365G,-5.865029335021973,0.7020077004999999
S365F,-9.217716217041016,-0.190505712
S365E,-13.954992294311523,-1.8236434235
S365D,-12.77910041809082,-1.9200045715
S365I,-9.375840187072754,0.6538612420000001
S365M,-9.484649658203125,0.4407687885
S365A,-3.2687392234802246,0.5613240485000001
S365W,-12.40306282043457,-0.0375875795
S365Y,-11.366035461425781,-2.5483675535
S365N,-9.465188026428223,-0.3385910025
V366Y,-4.539825439453125,-1.072834654
V366W,-0.9784362316131592,-0.7772175735
V366T,1.2309832572937012,0.8862878084999999
V366F,0.10917949676513672,0.6567981645000001
V366G,-0.8693547248840332,0.128133603
V366S,1.1535682678222656,-0.1561747655
V366I,-0.28618526458740234,0.426043086
V366R,-9.334667205810547,-1.832583874
V366Q,-8.849515914916992,-2.267060811
V366P,-8.280710220336914,-1.043362024
V366M,-1.647824764251709,0.5871068045000001
V366L,0.11928057670593262,0.4824829235
V366K,-9.607999801635742,-2.3098150495
V366H,-9.077157974243164,-3.0273810805
V366N,-5.925714015960693,-2.2933145145
V366D,-10.351533889770508,-2.557722649
V366C,0.8074417114257812,0.651305343
V366A,0.05008649826049805,0.354454926
V366E,-9.202726364135742,-0.352865508
V367Y,-12.686217308044434,-2.5130410375
V367G,-9.227140426635742,-0.3341384825
V367H,-14.895788192749023,-2.598335628
V367I,0.9088535308837891,0.6530714285
V367K,-14.872312545776367,-0.860116606
V367L,-3.7078347206115723,0.805187315
V367M,-5.161021709442139,0.2749851335
V367P,-12.742620468139648,-1.6551787085
V367F,-7.454423904418945,0.319303117
V367Q,-13.017267227172852,-2.322042207
V367S,-8.715780258178711,-0.440145221
V367T,-5.144256591796875,-0.3123600095
V367W,-12.817605972290039,0.0475561925
V367N,-11.473681449890137,-3.0007655165
V367E,-13.005807876586914,-0.7046211465000001
V367R,-14.636133193969727,-1.62046418
V367C,-6.129154205322266,0.5937175805
V367A,-5.384302139282227,0.3840529605
V367D,-14.234829902648926,-0.720974399
N368Y,-12.175481796264648,-0.1841879855
N368W,-16.690265655517578,-0.6854163790000001
N368V,-12.971319198608398,0.7494522345
N368T,-9.337296485900879,0.4043721815
N368S,-8.440423965454102,0.364905369
N368R,-13.524170875549316,0.980991134
N368Q,-11.517475128173828,-0.203355875
N368P,-14.732367515563965,-0.060558024
N368M,-13.67120361328125,-0.3890887235
N368K,-11.018312454223633,-0.125666135
N368I,-11.669551849365234,0.3226998515
N368H,-10.962212562561035,0.1349452085
N368G,-9.757826805114746,0.1346217145
N368L,-13.366012573242188,-0.51527367
N368E,-11.703714370727539,-1.5551203455000002
N368A,-11.645951271057129,0.1548606355
N368C,-7.324920654296875,-0.2620148425
N368D,-7.742555618286133,-0.108095353
N368F,-14.572141647338867,-0.636127399
C369D,-12.965900421142578,-1.827879265
C369Y,-9.411050796508789,-0.007548708
C369W,-9.524681091308594,0.7725305309999999
C369M,-9.499778747558594,0.761104283
C369L,-8.905284881591797,1.037518552
C369K,-14.377981185913086,-0.7284249070000001
C369I,-8.235191345214844,1.036724931
C369H,-13.338142395019531,0.6059883495
C369G,-6.815919876098633,0.0064818085
C369E,-13.850027084350586,-1.79282908
C369N,-10.358652114868164,-0.963457636
C369P,-13.166168212890625,-1.2339378635
C369Q,-13.63487720489502,0.354194887
C369R,-11.5610990524292,-0.7471211590000001
C369S,-3.9910507202148438,0.1106396855
C369T,-7.582873344421387,1.0753686255
C369V,-8.223686218261719,0.762047157
C369A,-6.669541835784912,0.4813063145000001
C369F,-6.636768341064453,0.7223920134999999
M370N,-7.158693313598633,-3.516361197
M370P,-7.416616439819336,-2.1824739465
M370A,0.753974437713623,0.5338082185
M370C,0.7405529022216797,0.180848197
M370K,-9.45551586151123,-0.278979445
M370I,-0.1040496826171875,0.0949631625
M370H,-9.086735725402832,-1.41441617
M370G,-0.05260419845581055,0.7592096705
M370F,1.5266485214233398,1.0995961115
M370E,-8.613851547241211,-1.231211915
M370L,2.6140122413635254,0.643836167
M370W,-5.938082695007324,-0.933032201
M370V,0.14405465126037598,0.4632269865
M370T,-0.22797799110412598,0.3109271705
M370S,-0.2236034870147705,-0.0638377285
M370R,-8.756696701049805,-0.9811652875
M370Q,-8.550569534301758,-1.468489535
M370D,-9.629612922668457,-0.7331569170000001
M370Y,-5.473545074462891,-4.3743968205
T371E,-14.965373039245605,-2.181423555
T371Y,-15.910320281982422,-2.1162692845
T371W,-18.270164489746094,-0.419911562
T371S,-7.3605804443359375,0.228443779
T371D,-15.441293716430664,-1.0189405535
T371Q,-14.484395027160645,0.1301096585
T371A,-7.472748756408691,0.283469247
T371R,-14.57726001739502,-1.2716223645
T371P,-10.512031555175781,-0.541429475
T371N,-9.780555725097656,-1.7043944505000002
T371M,-9.648871421813965,0.0506632115
T371F,-13.974973678588867,0.6233605015
T371C,-9.633708953857422,-0.859049353
T371G,-12.374717712402344,0.362371056
T371V,-9.938774108886719,0.256580837
T371I,-8.696073532104492,0.2253483065
T371K,-13.887052536010742,-1.4904188145
T371L,-12.381126403808594,0.189742132
T371H,-15.840879440307617,-0.8520592929999999
S372Y,-13.753517150878906,-0.29679383
S372W,-14.742706298828125,-2.1350415645
S372V,-12.502534866333008,-0.9024155585
S372T,-9.050220489501953,-0.254320716
S372R,-12.064516067504883,-1.5398212855000002
S372Q,-13.44957447052002,0.339027253
S372P,-11.900483131408691,0.62706615
S372N,-8.35335922241211,0.6985109290000001
S372M,-12.556697845458984,-2.643720766
S372K,-13.723782539367676,0.518145217
S372L,-11.290366172790527,-1.347216871
S372H,-14.183282852172852,0.6451060675
S372G,-8.343841552734375,0.4488970285
S372F,-12.352290153503418,0.1715523085
S372E,-14.762739181518555,-0.3879844325
S372D,-13.035015106201172,0.362153273
S372C,-7.14169979095459,-0.0205580685
S372A,-8.252923965454102,0.5356088795
S372I,-12.088027000427246,-1.4140182505
F373N,-11.97337532043457,-1.880437598
F373S,-7.6565961837768555,-0.9657670315
F373R,-14.501871109008789,-1.6576186144999998
F373Q,-13.402962684631348,-2.331222369
F373V,-3.7786731719970703,0.686044652
F373Y,-7.389553070068359,-0.257312502
F373P,-13.323783874511719,-1.212001213
F373M,-5.949446678161621,-0.6301909325
F373K,-14.494169235229492,-0.907075194
F373A,-7.970321178436279,-1.4205616840000002
F373C,-6.239143371582031,-0.280192486
F373D,-14.460487365722656,-0.7467826234999999
F373I,-2.98372220993042,0.6452925475
F373H,-12.21172046661377,-1.171304837
F373G,-9.970399856567383,-1.487086373
F373E,-14.120957374572754,-3.3091168815
F373T,-7.897540092468262,-1.446764744
F373L,-4.21613883972168,0.3365044775
F373W,-9.509757041931152,0.1007001775
V374A,-2.6601505279541016,0.4578198045
V374C,-2.7086992263793945,0.431701946
V374H,-7.008434295654297,-2.134144297
V374G,-5.504430770874023,0.120374727
V374F,2.286689281463623,0.3862832935
V374Y,-1.3222465515136719,1.091810852
V374D,-10.584943771362305,-1.323134052
V374S,-4.433559894561768,0.216083683
V374R,-9.961061477661133,-2.260060389
V374Q,-9.10307502746582,-2.643025491
V374N,-8.223043441772461,-1.357712286
V374M,-1.628838062286377,0.598684873
V374L,1.6412173509597778,1.121869578
V374P,-9.280458450317383,-4.0362664295
V374I,-0.26066160202026367,1.1896589255
V374T,-3.2304253578186035,-0.2095895275
V374W,-5.036922931671143,0.1679343405
V374E,-9.271814346313477,-0.623965062
V374K,-10.361871719360352,-2.230236969
S375P,-12.089210510253906,-1.8798441405
S375Y,-12.780156135559082,0.1420614525
S375W,-14.024796485900879,0.7206354215
S375V,-10.059865951538086,-0.5577389
S375T,-6.629519462585449,0.0702537215
S375R,-14.430143356323242,-0.6138662975
S375Q,-13.176126480102539,0.074272528
S375N,-11.284878730773926,0.8919532185
S375C,-5.317948341369629,0.503281219
S375L,-11.699823379516602,-0.9567499155
S375K,-15.799809455871582,-2.029429753
S375I,-11.63205337524414,0.2487999195
S375H,-14.753924369812012,0.7417078675
S375G,-7.313934326171875,-0.4415738775
S375D,-14.606029510498047,-2.000241426
S375E,-13.89786148071289,-1.5980668244999998
S375A,-3.094188690185547,0.191812915
S375M,-9.888699531555176,-0.445507493
S375F,-10.782824516296387,0.527561713
G376M,-15.231799125671387,-1.7527226255
G376L,-15.637889862060547,-1.9539498975
G376S,-9.591054916381836,-0.74093839
G376R,-12.536537170410156,-0.416860784
G376Q,-16.47793197631836,-2.8728296945
G376P,-17.214324951171875,-2.6011526435
G376N,-14.632331848144531,-4.3431101805
G376W,-13.961823463439941,-0.4443490205
G376Y,-16.937965393066406,-2.536078023
G376T,-13.736804962158203,-1.117148265
G376K,-15.402498245239258,-1.916191026
G376I,-14.621099472045898,-2.433603662
G376V,-12.701131820678711,-0.503283924
G376F,-15.651729583740234,-2.5452153255
G376E,-13.506391525268555,-0.9327757735
G376A,-9.279617309570312,-0.6029306575
G376C,-11.457473754882812,-1.9959833715
G376D,-13.757230758666992,-2.135650709
G376H,-17.665386199951172,-4.6962049530000005
F377T,-9.08248233795166,-3.4700450975
F377S,-8.412237167358398,-0.6486529255
F377R,-15.101730346679688,-1.540575209
F377Q,-14.768424987792969,-1.744925733
F377A,-7.960855960845947,0.417894383
F377D,-16.455846786499023,-1.4540927540000002
F377Y,-7.994867324829102,-1.8231105445
F377G,-10.276357650756836,-0.281413415
F377H,-13.251264572143555,-4.3219124855
F377I,-4.787168502807617,-0.3444673135
F377K,-16.10620880126953,-1.6188804630000002
F377M,-7.719212532043457,0.2162993165
F377N,-13.251205444335938,-4.4204994445
F377P,-13.501945495605469,-1.7610465155
F377C,-4.368043422698975,0.1309749715
F377L,-4.868010520935059,0.679671053
F377E,-15.815348625183105,-2.824565457
F377W,-9.513705253601074,-1.195368937
F377V,-5.183013916015625,-0.2119143085
V378K,-14.111730575561523,-0.2837531955
V378L,-6.732420921325684,0.3751434015
V378M,-6.484509468078613,-2.3104121465
V378N,-11.619710922241211,0.440002355
V378P,-11.814227104187012,-0.13668806
V378Q,-13.483302116394043,-0.7734632834999999
V378R,-14.691875457763672,0.87617729
V378Y,-11.442116737365723,0.0
V378F,-7.768653392791748,-1.218188506
V378E,-11.902239799499512,0.0031089285
V378D,-12.9850435256958,0.4633190825
V378C,-6.6324663162231445,-2.2676204325
V378A,-3.6723976135253906,-2.7616940725
V378T,-4.323829650878906,-1.9217570945
V378W,-11.92236328125,1.313786753
V378G,-8.665898323059082,-0.6050179720000001
V378S,-6.554089546203613,-1.9022141695
V378H,-14.782796859741211,-0.7469208895
V378I,-2.944668769836426,0.5942657765
I379H,-14.630130767822266,0.7082003325
I379T,-5.808286666870117,-2.3808419535
I379V,-2.9368972778320312,0.6532129210000001
I379W,-16.143091201782227,0.5964697205
I379Y,-12.64294719696045,0.7607900759999999
I379Q,-13.574254035949707,-0.74289051
I379P,-11.921314239501953,-0.075282134
I379N,-9.218710899353027,-0.1005546255
I379M,-7.408616542816162,-1.7518218325
I379L,-6.587079048156738,0.0
I379K,-13.460512161254883,-0.5089176005
I379S,-8.981330871582031,0.348544162
I379F,-10.361905097961426,-1.1382471159999998
I379E,-13.141833305358887,0.661688249
I379R,-14.730560302734375,1.2505031305
I379D,-13.16732406616211,0.7637941035
I379C,-7.964391231536865,-2.1344456515
I379A,-7.463879108428955,-0.0062615275
I379G,-11.062965393066406,-0.774092088
F380E,-21.076187133789062,-0.2751274715
F380D,-18.721162796020508,-2.0152669015
F380C,-13.298128128051758,-1.4356678055
F380A,-15.980474472045898,-0.8783453509999999
F380H,-16.13617706298828,0.0
F380S,-12.999700546264648,-2.1451660845
F380G,-17.106155395507812,-1.355538097
F380I,-12.980486869812012,-1.875222873
F380K,-20.574003219604492,-0.5245414575
F380L,-12.899689674377441,-0.418202465
F380M,-14.99605941772461,-1.0522227925
F380N,-17.056819915771484,-0.5116528625
F380P,-17.831321716308594,0.1145059755
F380Q,-19.699462890625,-2.0838908195
F380R,-18.640626907348633,-3.20597568
F380T,-17.034847259521484,-1.7848950535
F380V,-14.465620994567871,-0.3545316745
F380W,-14.022780418395996,-1.844262176
F380Y,-8.72590446472168,-0.3368832895
T381Q,-11.75933837890625,-0.7206873509999999
T381N,-8.342996597290039,0.244487657
T381P,-10.994311332702637,0.682489695
T381S,-1.8284945487976074,-0.0423423375
T381V,-7.629378795623779,0.585785718
T381A,-2.540276050567627,-1.319925184
T381R,-12.07980728149414,0.66981524
T381C,-6.284501075744629,-1.998679819
T381K,-11.446126937866211,-1.5075470894999998
T381E,-10.891046524047852,1.0773347045
T381F,-11.123200416564941,-1.5081905855000002
T381G,-5.966954708099365,-0.3029410095
T381H,-14.373926162719727,-0.977602004
T381I,-7.826623439788818,-0.8485680915
T381W,-12.78312873840332,0.0
T381L,-8.667211532592773,-0.6050469355
T381M,-5.734929084777832,-0.5666282005
T381D,-10.936164855957031,0.453037325
T381Y,-13.548086166381836,-1.7729391765
V382E,-7.681229114532471,-0.299117478
V382A,-3.9446067810058594,0.103287607
V382M,-4.412992477416992,-3.5858652725
V382S,-4.909207820892334,-0.4623661115
V382R,-10.594664573669434,-1.484579738
V382Q,-10.182692527770996,-1.2916653425
V382P,-10.62320613861084,0.1436961395
V382N,-7.182801723480225,0.6797226545
V382Y,-4.369176864624023,0.0
V382T,-2.776520252227783,-1.2522845045
V382L,-5.158894062042236,0.4226825945
V382I,0.1723775863647461,0.327684867
V382C,-5.804215908050537,-2.3194746215
V382D,-8.907273292541504,-0.04110821
V382H,-9.092714309692383,-0.063287019
V382G,-7.842757701873779,-0.975857163
V382F,-3.328801155090332,-1.054541964
V382K,-9.153143882751465,-0.298244181
V382W,-7.930589199066162,0.5832228429999999
L383D,-16.57396697998047,-2.3656015095
L383F,-6.971620082855225,-2.2548916615
L383E,-14.896968841552734,0.2826559175
L383T,-9.289782524108887,-1.6341689885
L383Y,-12.131535530090332,0.309894239
L383V,-4.3983025550842285,-0.7612135265000001
L383H,-13.454811096191406,0.9689413965
L383I,-3.1510605812072754,-1.387301865
L383K,-14.499004364013672,-0.6806695155
L383M,-5.824873924255371,-3.1031109105000003
L383W,-11.691122055053711,-0.6615382665
L383N,-14.357710838317871,0.0
L383S,-11.373090744018555,-1.7231275515
L383G,-13.75023365020752,-1.2744030925
L383R,-13.208913803100586,-0.641329832
L383Q,-11.7430419921875,-1.560556324
L383P,-10.894110679626465,-1.0712211834999998
G384W,-14.42786693572998,-1.0235135305
G384K,-16.509016036987305,-2.7401859345
G384N,-15.028352737426758,-0.947022922
G384Q,-17.498737335205078,-4.6969183725
G384R,-12.82803726196289,-0.5578277985
G384P,-18.853260040283203,-2.474803339
G384Y,-18.194339752197266,-2.0838460945
G384L,-18.107505798339844,-2.2320375295
G384S,-11.39971923828125,-1.480816783
G384T,-16.13135528564453,-1.0143100465
G384V,-14.16943645477295,0.0679829565
G384I,-17.7914981842041,-1.1910056545
G384H,-17.814115524291992,-0.7665078259999999
G384F,-17.589996337890625,-2.950991824
G384E,-13.656325340270996,-0.971857514
G384D,-12.42365837097168,-3.028841789
G384C,-13.793413162231445,-1.256681531
G384A,-11.559769630432129,-0.8850191034999999
G384M,-18.116262435913086,-2.39895365
Y385C,-7.545312404632568,-0.4988986335
Y385H,-2.4889183044433594,0.7867145175
Y385M,-9.081589698791504,-2.828435575
Y385I,-9.922642707824707,-4.110781128
Y385F,-2.0187911987304688,0.1228271425
Y385E,-9.783790588378906,-0.907939251
Y385D,-8.99180793762207,0.6782603770000001
Y385G,-9.2606782913208,-2.210473714
Y385N,-4.191643714904785,-0.487003849
Y385W,-7.386727333068848,-0.5887984695
Y385Q,-7.6615777015686035,-2.0471501515
Y385A,-7.490633964538574,-1.8020505045
Y385L,-7.518990516662598,-1.674081799
Y385P,-12.94751262664795,-1.4163819345
Y385K,-8.688209533691406,-3.2802433075
Y385R,-8.017143249511719,-2.479002689
Y385S,-6.492786407470703,-0.7664298135
Y385T,-8.297148704528809,-4.0597889505
Y385V,-7.879393100738525,-2.6025043635
M386F,-8.697419166564941,-1.0446426095
M386Y,-9.264321327209473,0.452612034
M386W,-9.746627807617188,0.3694504875
M386V,-6.890162467956543,-0.2878219575
M386T,-8.034756660461426,-0.0019789545
M386S,-11.097391128540039,-2.561489417
M386A,-9.89127254486084,-0.5318543585000001
M386C,-10.95123291015625,-1.719739705
M386D,-14.789278984069824,-1.4866370015
M386R,-6.707335948944092,-0.8179193929999999
M386P,-14.525920867919922,-1.6658925105000002
M386N,-11.333786964416504,-5.590533739
M386L,-3.5091705322265625,-0.2353678135
M386K,-5.595619201660156,-0.480644013
M386I,-5.991567611694336,0.4545781445
M386H,-11.57718276977539,-0.8814559395
M386G,-12.25734806060791,-1.6194279755
M386E,-10.252496719360352,-0.5695894165
M386Q,-8.828819274902344,-0.064464299
A387C,-6.33027458190918,-3.44973033
A387W,-12.675949096679688,-2.698225754
A387Q,-11.234495162963867,-3.9953859435
A387P,-11.207454681396484,-0.8972157485
A387N,-11.075606346130371,-0.3428397725
A387M,-10.057869911193848,-1.6107733185
A387L,-10.638890266418457,-1.6154930769999998
A387K,-12.79693603515625,-2.6196943425
A387R,-12.025993347167969,-2.903916024
A387I,-10.869217872619629,-3.883678562
A387G,-7.125296592712402,-1.143461778
A387F,-11.105429649353027,-0.7818104325
A387E,-9.370864868164062,-3.043438423
A387D,-11.912775039672852,-1.2028463805
A387V,-8.30905818939209,-0.4876203965
A387Y,-11.652545928955078,-0.8232379895
A387H,-12.506695747375488,-3.7407164025
A387S,-2.780482292175293,0.494632067
A387T,-6.698513984680176,-0.6990584805
E388Q,-3.540894031524658,0.445142705
E388D,-5.087143898010254,0.4758096245
E388F,-6.201294898986816,-0.190597167
E388G,-7.245478630065918,-0.7846044034999999
E388Y,-5.728960990905762,-0.201378455
E388W,-9.236517906188965,-0.5858912875
E388V,-3.24228572845459,-0.091394324
E388T,-3.3477118015289307,-0.15719982
E388S,-6.496013164520264,-1.04459947
E388R,-7.031294345855713,-1.726991217
E388P,-13.44615364074707,-1.8604729145
E388N,-6.397998809814453,-0.3622377795
E388M,-5.739727020263672,-0.648214933
E388L,-5.802674293518066,-1.143157698
E388C,-9.974554061889648,-1.912553611
E388A,-5.426932334899902,-0.1908760485
E388H,-4.458284378051758,0.400324264
E388I,-4.461400032043457,-2.6060893215000003
E388K,-4.815508842468262,0.045864083
M389Y,-5.681262969970703,-0.849246253
M389R,-4.852490425109863,0.600174478
M389Q,-3.8362622261047363,0.445202122
M389P,-11.928304672241211,-2.4118854080000003
M389N,-5.33584451675415,-1.4050393584999998
M389A,-4.540937900543213,-0.33155375
M389C,-8.675849914550781,-0.137301726
M389D,-8.062469482421875,-0.933963014
M389E,-4.283942222595215,-0.504325102
M389G,-8.458639144897461,-1.4068737395
M389H,-6.094797134399414,-1.2434730745
M389L,-1.1933846473693848,0.8567750085
M389K,-3.151864528656006,0.4464011055
M389I,-1.1687922477722168,0.965931341
M389T,-3.106703996658325,0.5347218435
M389V,-0.9351749420166016,-0.1301309825
M389W,-7.54197359085083,-2.166190271
M389F,-4.338245868682861,-0.8482072959999999
M389S,-5.532890796661377,-0.162550596
R390E,-8.122222900390625,-1.9007373135
R390F,-6.6005539894104,-2.3670195055
R390G,-8.487378120422363,-0.411484381
R390M,-5.750688076019287,-0.222563402
R390L,-4.650451183319092,-0.2473148865
R390K,-3.6393260955810547,0.084697309
R390I,-7.812963008880615,-1.7844300844999998
R390H,-5.132896900177002,-1.771902088
R390Q,-5.101835250854492,-0.3394996645
R390N,-6.6154913902282715,-0.913074655
R390S,-6.343238353729248,0.1789045625
R390W,-8.765236854553223,0.0662726984999999
R390A,-7.166090965270996,-2.169455509
R390T,-4.937685489654541,-0.1853679315
R390V,-8.244855880737305,-1.5146409165
R390C,-8.522909164428711,-1.2418109825
R390D,-9.48607349395752,-1.914078648
R390Y,-6.075304985046387,-0.761259382
R390P,-12.869192123413086,-1.3103949365
N391A,-4.5675201416015625,-0.1209168255
N391W,-9.58671760559082,-2.350063949
N391C,-6.878676414489746,-0.572389061
N391Y,-6.447887420654297,0.5955612745000001
N391D,-2.3384816646575928,0.5722588755
N391F,-7.695844650268555,-1.013860894
N391V,-7.890456199645996,-1.2898018275
N391T,-6.363812446594238,0.405362481
N391E,-2.6446261405944824,-0.373540533
N391S,-3.1333322525024414,0.4725785005
N391R,-1.9941494464874268,-0.170232402
N391P,-9.403874397277832,-1.869242458
N391Q,-1.410243034362793,0.5771973229999999
N391L,-7.220481872558594,-1.227685768
N391K,0.26232147216796875,-0.284928671
N391I,-9.007919311523438,-0.8036012615000001
N391H,-1.5967063903808594,-0.32075081
N391G,0.5395793914794922,0.9480382445
N391M,-5.987153053283691,0.294858054
E392I,-1.4165172576904297,0.9758906705
E392K,-0.27364325523376465,0.4730398
E392H,-4.607795715332031,-0.3949123295000001
E392L,-1.4266667366027832,1.173512391
E392F,-6.180427551269531,-0.8853077005
E392D,-4.423668384552002,0.927204979
E392C,-4.929697513580322,0.971237829
E392G,-6.125463962554932,-0.2031234805
E392M,-1.8714113235473633,0.8928707595
E392A,-2.323030471801758,0.6593716765
E392P,-8.941949844360352,-1.060045262
E392Q,0.6592116355895996,0.7964623365000001
E392R,-1.5938475131988525,0.1685393369999999
E392S,-2.7891950607299805,0.1968173765
E392T,-1.116948127746582,0.531625467
E392V,0.14945387840270996,1.3521384344999998
E392Y,-5.795750617980957,-0.5854025270000001
E392N,-5.273804187774658,0.421753009
E392W,-7.053000450134277,-0.5466009435
D393S,-2.5052809715270996,0.286202609
D393T,-3.518095016479492,0.932032699
D393V,-5.8832621574401855,0.709289692
D393W,-11.25726318359375,-1.4547289140000002
D393Y,-7.358846664428711,0.8178347235
D393Q,-4.986876010894775,-0.2177910185
D393R,-5.745776653289795,-0.7359610320000001
D393P,-2.2680153846740723,-1.0331033905
D393M,-8.17994213104248,0.028058225
D393A,-3.8577210903167725,1.079297687
D393C,-7.742239475250244,-1.108047594
D393E,-2.430818557739258,1.096102396
D393F,-8.741167068481445,-0.5473143629999999
D393G,-4.970623970031738,0.0109150525
D393N,-1.704309105873108,0.1914826685
D393H,-5.057206153869629,0.1347138645
D393I,-7.1393842697143555,-1.829545768
D393K,-3.745861291885376,0.2003816905
D393L,-6.526235580444336,-0.022797119
V394N,-11.950955390930176,-0.7414167709999999
V394L,-5.98763370513916,-0.3505987475
V394P,-7.761542320251465,-0.7008863685
V394Q,-12.946876525878906,-2.6731889725
V394K,-12.708261489868164,-1.2304428040000002
V394I,-1.997226357460022,0.508895375
V394M,-8.15158748626709,-1.1700687875
V394R,-12.621051788330078,-2.0127131475
V394W,-14.027382850646973,-3.3063347595
V394T,-7.767037391662598,-0.9910127205
V394A,-6.763962745666504,-0.6265408375
V394Y,-11.484382629394531,-1.3410504245
V394H,-13.92430305480957,-1.751857538
V394G,-11.207418441772461,-0.095334394
V394F,-8.477635383605957,0.007660053
V394E,-10.761642456054688,-1.178898748
V394D,-12.414793014526367,-0.7138607235
V394S,-10.414072036743164,-1.7175700285
V394C,-10.625264167785645,-1.0655947645
S395M,-5.465357303619385,0.1767087305
S395N,-3.680169105529785,-0.3329192405
S395P,-7.201201438903809,-0.288445276
S395Q,-5.276749134063721,0.465782517
S395V,-5.734555244445801,-0.274729123
S395T,-2.038658618927002,-0.6325233425
S395W,-9.231800079345703,0.023313355
S395Y,-7.587949752807617,-0.6440582015
S395K,-3.7875819206237793,-0.6805131975
S395R,-4.388432502746582,0.03686676
S395I,-6.721912860870361,0.0875327544999999
S395L,-5.974673271179199,0.019000884
S395G,-3.5525360107421875,0.3815321345
S395F,-8.092933654785156,-0.4741682895
S395E,-4.918044090270996,0.593693739
S395D,-5.602905750274658,0.2497025995
S395C,-7.363482475280762,-0.8010172405
S395A,-2.109440326690674,0.5985188865
S395H,-6.024696350097656,0.946505897
E396F,-5.3104248046875,0.7834681615000001
E396D,-0.7027008533477783,0.175513833
E396P,-7.719936370849609,-1.978013975
E396Q,-0.851757287979126,0.1228068285
E396A,-0.8546900749206543,0.7430227045000001
E396C,-4.7586669921875,-0.6836006145
E396G,-2.201394557952881,-0.203636403
E396S,0.02797985076904297,0.4919911645
E396T,-0.15315890312194824,0.7794371245
E396V,-2.5323808193206787,0.514252548
E396R,-2.6206352710723877,0.1960757035
E396H,-3.9151341915130615,-0.330183574
E396W,-7.715555191040039,-0.780212948
E396I,-3.369230031967163,0.400600719
E396N,-1.8327510356903076,0.4403179535
E396M,-2.935992956161499,0.653362168
E396L,-2.574700117111206,0.608056466
E396K,-0.222700834274292,0.4099947095000001
E396Y,-5.147831916809082,0.0030977125
V397A,-4.768400192260742,-0.451033266
V397C,-9.130464553833008,-2.105584668
V397Y,-8.424649238586426,-1.753515705
V397W,-10.570908546447754,-1.0858879275
V397T,-6.666070461273193,-2.184086534
V397S,-8.711274147033691,-2.062183449
V397R,-9.348645210266113,-1.9392022895
V397Q,-9.326505661010742,-2.335851126
V397M,-5.065810680389404,-0.5172467805
V397D,-11.970769882202148,-0.5521014425
V397L,-3.479086399078369,-0.198917594
V397K,-8.669353485107422,-2.7192482310000003
V397E,-9.485000610351562,-3.207061433
V397F,-6.153004169464111,0.440746869
V397G,-10.158177375793457,-1.1084189325
V397H,-10.457508087158203,-3.6450821155
V397I,-2.424983024597168,-0.199750505
V397P,-11.669251441955566,-1.8574966735
V397N,-10.281055450439453,-2.5884779885
A398H,-12.142093658447266,-0.1668407405
A398P,-8.511250495910645,0.0934768985
A398F,-9.251954078674316,0.267119824
A398Y,-10.49846076965332,-0.116703143
A398K,-9.9459810256958,-2.882618735
A398Q,-10.47439193725586,-1.6959464594999998
A398M,-6.195773124694824,-0.014149618
A398W,-12.57616901397705,0.598719769
A398V,-2.372042655944824,0.202747557
A398E,-9.248735427856445,-1.526835806
A398D,-10.244702339172363,-0.564991469
A398C,-8.476073265075684,-0.054995838
A398T,-3.1062510013580322,-0.5132201989999999
A398S,-3.6778578758239746,0.033298559
A398R,-10.588412284851074,-1.4946465815
A398N,-8.387405395507812,-0.825733475
A398I,-5.401540756225586,0.7774036655
A398L,-6.828042030334473,0.9723727125
A398G,-5.096282482147217,0.446752503
K399A,-4.2712297439575195,0.8297370465
K399D,-5.988437652587891,-1.176204467
K399E,-4.282979965209961,-0.089806082
K399F,-9.428040504455566,-1.194421567
K399G,-2.1776440143585205,-0.032756488
K399H,-6.086844444274902,-0.052034207
K399I,-7.503330230712891,0.212855992
K399L,-6.823177337646484,0.068036199
K399C,-8.747281074523926,-1.1156691125
K399M,-6.650943756103516,-0.403268649
K399P,-6.835762977600098,-0.511966241
K399Q,-4.013771057128906,0.100014942
K399R,-3.189824104309082,0.340090959
K399S,-4.0280866622924805,-0.0607765125
K399T,-5.224526405334473,0.0604751175
K399V,-6.3894500732421875,-0.0297523125
K399W,-10.36882209777832,-0.882684375
K399N,-5.139965057373047,-0.2097978545
K399Y,-8.29969596862793,-0.8740728115
D400W,-8.059891700744629,1.081441732
D400C,-7.694854736328125,0.002498477
D400V,-4.0848541259765625,-0.665852136
D400T,-3.3623504638671875,0.669755628
D400S,-2.5680201053619385,0.605285448
D400R,-5.3607177734375,0.244871468
D400Q,-3.227674961090088,-0.2129479925
D400P,-4.189871311187744,-0.9164341785
D400N,-2.7740626335144043,0.6828323000000001
D400M,-5.461754322052002,-1.2128160465
D400L,-5.059370994567871,-0.1240559175
D400K,-3.7845747470855713,-0.8679979645
D400I,-5.285173416137695,-0.6144601815
D400H,-3.6059296131134033,0.1738858735
D400G,-2.412809371948242,0.483371841
D400F,-6.243745803833008,0.5876359760000001
D400E,-1.4011857509613037,-0.987298985
D400A,-1.6681606769561768,0.5566405704999999
D400Y,-4.905107498168945,0.7659596695
A401C,-6.123048782348633,0.741735843
A401F,-5.457594871520996,0.7292679590000001
A401N,-1.2137784957885742,0.2802017765
A401P,-1.5053925514221191,-0.601000101
A401Q,1.4991662502288818,-0.6008669904999999
A401R,-0.9522514343261719,-0.054380028
A401S,0.5764167308807373,0.3036784105
A401V,-3.7451438903808594,0.368742237
A401W,-6.157464981079102,0.5938238905
A401M,-3.260247230529785,0.989833088
A401L,-4.2794694900512695,1.2747952445
A401K,2.298733949661255,0.456874984
A401I,-5.196393013000488,1.1433191455
A401H,-1.6953129768371582,0.7149238659999999
A401G,0.5756082534790039,-0.3631159705
A401Y,-4.513654708862305,0.2583857095
A401E,-0.32620835304260254,-0.670471361
A401T,-0.9830975532531738,0.1066205755
A401D,-1.5088000297546387,-1.3612001735
G402A,-5.980815887451172,-1.149064983
G402Y,-10.356462478637695,-2.5707724505000003
G402W,-10.967938423156738,-1.1527152345
G402V,-8.124467849731445,-0.94716648
G402S,-5.321557521820068,-0.5829322554999999
G402R,-7.956335544586182,-1.1787533385
G402Q,-9.208547592163086,-1.078845076
G402P,-8.84658145904541,-1.361850416
G402N,-7.994615077972412,-1.7092582265
G402M,-10.974387168884277,-0.908666054
G402K,-8.758726119995117,-0.960291961
G402I,-10.38943099975586,-1.211914925
G402H,-10.084403991699219,-1.692273519
G402F,-11.716226577758789,-2.049490488
G402E,-5.694005489349365,-2.041661222
G402D,-5.044711589813232,-0.9035942825
G402C,-9.20486068725586,-0.6068079304999999
G402L,-10.86846923828125,-1.961472163
G402T,-7.593491554260254,-1.5392299365
P403I,-6.228290557861328,0.4771974725
P403M,-6.901888370513916,-0.7211868345
P403T,-3.581083297729492,-1.306997497
P403S,-3.3666422367095947,0.1447423735
P403R,-8.585990905761719,-1.0611558805
P403Q,-7.412525177001953,-0.9958713335
P403N,-7.221665382385254,-1.116141635
P403Y,-5.306880950927734,0.6162534465
P403L,-5.860882759094238,0.1258921015
P403K,-9.053915977478027,-1.7796739755000002
P403H,-6.826898097991943,-0.0641444865
P403G,-6.567464828491211,-0.0645061095
P403F,-3.078199863433838,0.351783943
P403E,-7.888021469116211,-1.2251261675
P403D,-8.736673355102539,-1.0087727605
P403C,-8.418328285217285,-0.9479668785
P403A,-1.7424277067184448,0.48712381
P403V,-5.42004919052124,-0.037329361
P403W,-10.069910049438477,-0.5468894
S404A,-3.799170732498169,1.007183374
S404Y,-7.544897079467773,-0.407870926
S404W,-10.428483009338379,-0.724054293
S404C,-8.156798362731934,0.3848677865
S404T,-4.03916072845459,0.644424198
S404D,-7.178739070892334,-0.4228672115
S404E,-7.750692844390869,0.165458567
S404F,-8.317451477050781,-0.20217312
S404G,-1.0943307876586914,0.751037617
S404H,-8.149151802062988,1.1039435365
S404I,-8.99591064453125,0.1120165965
S404K,-8.714644432067871,-0.123129927
S404V,-9.023591995239258,-0.3553021775
S404M,-8.756274223327637,0.5565927045
S404N,-4.064593315124512,-0.015906912
S404P,-8.611100196838379,-1.4706767785
S404Q,-8.182927131652832,-0.5207222229999999
S404L,-9.33371353149414,0.562998247
S404R,-7.82665491104126,-0.597621501
L405Y,-11.762146949768066,-3.058129238
L405W,-12.651727676391602,-1.1308583955
L405V,-5.3909010887146,-0.322940636
L405T,-9.67715072631836,-2.657635164
L405S,-11.28978443145752,-2.4455110265
L405R,-12.453878402709961,-0.490367598
L405Q,-10.970565795898438,-0.7185821695
L405P,-10.532694816589355,-0.0778222825
L405M,-6.716789245605469,-1.443868923
L405N,-13.633193016052246,-4.5
L405I,-4.323695182800293,-1.65789497
L405H,-12.302145004272461,-3.993847835
L405G,-14.582840919494629,-1.4355367555
L405F,-8.047117233276367,-1.8783970075
L405E,-14.36435604095459,-1.9462892545
L405D,-15.368366241455078,-4.5
L405C,-12.724516868591309,-2.210532496
L405A,-11.090429306030273,-3.9159025435
L405K,-13.456039428710938,-0.3066663375
L406R,-12.652227401733398,-2.8272253915
L406A,-8.640974044799805,-0.2028781255
L406Q,-10.648472785949707,-4.5
L406D,-14.736795425415039,-1.273085685
L406W,-10.698040962219238,-0.1545759815
L406G,-12.351285934448242,-0.3944962775
L406F,-6.165029525756836,0.360351736
L406E,-13.164608001708984,-1.0969999435
L406M,-5.33407735824585,0.404134067
L406C,-12.660134315490723,-0.370855906
L406S,-10.211624145507812,0.0584611385
L406T,-9.04345417022705,0.311402401
L406V,-4.020833969116211,1.3339564595
L406I,-4.5012431144714355,2.1860147165
L406K,-13.87983512878418,-3.2425976645
L406P,-9.627033233642578,-0.6045681915
L406Y,-10.426329612731934,-1.495536655
L406N,-12.88884162902832,-4.5
F407I,-9.990012168884277,-0.352328211
F407H,-14.706018447875977,-3.2843853405
F407G,-15.997751235961914,-2.1531138665
F407E,-17.973011016845703,-3.1578898360000003
F407D,-18.19046401977539,-3.4375633655
F407C,-11.94534969329834,0.7520200975
F407N,-15.090084075927734,-1.1872260655
F407A,-14.844869613647461,-1.153201362
F407S,-12.085713386535645,-0.352806231
F407T,-14.393802642822266,-4.5
F407V,-11.085535049438477,-1.185759771
F407W,-12.596835136413574,0.658704716
F407Y,-8.413496971130371,-0.5568097685
F407L,-8.881020545959473,-0.6215340970000001
F407Q,-16.69454574584961,-1.7765993185
F407P,-16.195478439331055,-3.392649392
F407M,-11.686128616333008,-0.804374785
F407R,-17.58547019958496,-2.738440142
F407K,-17.432453155517578,-1.7667515325
I408K,-6.817078113555908,-1.202996856
I408Y,-7.661364555358887,-0.8281799065000001
I408W,-11.287982940673828,-1.8116183815
I408V,-2.4624924659729004,0.142017747
I408T,-4.7722272872924805,0.0205046575
I408S,-8.12963581085205,-1.376611623
I408R,-8.300607681274414,-2.4871032665
I408Q,-6.682743549346924,0.315987069
I408P,-10.616548538208008,-0.950260471
I408N,-8.453829765319824,-0.309249889
I408M,-4.584014892578125,-0.4196135805
I408L,-4.629212379455566,-0.7328643265000001
I408C,-10.08411693572998,-4.05268508
I408H,-9.909847259521484,-2.98842771
I408G,-9.943259239196777,-1.7520895495
I408F,-7.121427536010742,-0.2995682855
I408A,-7.667571067810059,-2.139372226
I408E,-8.567240715026855,-1.571394687
I408D,-10.46786880493164,-1.273085685
T409L,-7.422543048858643,-0.1578078605
T409Y,-8.866795539855957,-0.58576462
T409W,-10.75918960571289,-1.3561710905000002
T409V,-2.491950511932373,0.939162419
T409S,-3.2696712017059326,-0.267647601
T409R,-11.124649047851562,-1.635371093
T409Q,-12.254444122314453,-3.4973641795
T409M,-7.031518459320068,-1.2646759475
T409A,-1.3807878494262695,0.7827247095000001
T409C,-5.671483516693115,0.794465091
T409P,-9.176292419433594,-1.3746679295
T409E,-11.50859546661377,-2.147008826
T409D,-11.134698867797852,-1.4123664215
T409K,-10.674517631530762,-2.2410471165
T409I,-3.9100728034973145,0.5451645265
T409H,-11.574908256530762,-1.2638132495
T409G,-7.136654853820801,-0.1305806425
T409F,-7.26428747177124,-1.137513638
T409N,-8.623380661010742,-1.282343189
Y410G,-13.214966773986816,-0.340475342
Y410M,-10.479846000671387,1.0584218905
Y410N,-8.644181251525879,-0.9241999665
Y410P,-15.074254989624023,-1.9650772865
Y410Q,-10.960016250610352,-2.668298462
Y410R,-13.557360649108887,-2.0545271875
Y410S,-10.013108253479004,0.411529975
Y410T,-11.680545806884766,0.4977332175
Y410W,-11.548053741455078,0.6076253265
Y410L,-8.57715129852295,0.3659948765
Y410A,-12.362495422363281,0.2828973095
Y410C,-9.667226791381836,0.6178470629999999
Y410I,-10.39525032043457,0.935244505
Y410H,-8.314023971557617,-0.6513614295
Y410V,-10.38399600982666,0.470236632
Y410K,-14.171728134155273,-2.6163549795
Y410D,-10.475528717041016,-1.5177337144999998
Y410F,-5.462338447570801,0.6911542340000001
Y410E,-12.293880462646484,-1.7310403465000002
A411Q,-8.754151344299316,-1.5753800425
A411Y,-10.543996810913086,-1.6351247384999998
A411W,-13.161452293395996,-1.0383430434999998
A411V,-7.421150207519531,-0.2056023365
A411T,-5.738450050354004,0.3826722985
A411S,-4.622946739196777,0.794204083
A411R,-10.348104476928711,-1.9299530875
A411D,-13.039090156555176,-1.475598025
A411P,1.7141690254211426,-0.1755246015
A411N,-11.068610191345215,-0.2437187725
A411M,-9.829793930053711,0.7480154795
A411L,-8.944241523742676,0.3692347395
A411K,-11.723155975341797,-0.412533587
A411C,-9.627420425415039,0.5128415265
A411E,-11.133662223815918,-1.887768644
A411F,-10.174800872802734,-1.820498383
A411G,-7.102208137512207,0.5759100429999999
A411H,-9.579237937927246,-3.054414151
A411I,-9.367822647094727,-0.6833842015
E412S,-7.2802276611328125,-0.318042903
E412Q,-2.5878000259399414,-0.0882264715
E412P,-11.092382431030273,-1.607920365
E412N,-6.9569315910339355,-2.914327577
E412M,-9.011037826538086,-0.105960898
E412L,-8.034924507141113,-1.964758646
E412K,-6.348525524139404,-0.0507714165
E412I,-10.763267517089844,-0.9321924
E412F,-10.71760368347168,-0.5424727570000001
E412R,-6.988707542419434,-1.6317830325
E412D,-4.404322147369385,-0.3907800025
E412C,-12.044534683227539,-1.1930043015
E412A,-7.085326194763184,-0.6010462745
E412Y,-8.774391174316406,-1.4249656505
E412W,-11.28652572631836,-2.2465711325
E412V,-9.552642822265625,-0.6298225325
E412T,-7.516162395477295,0.2534004525
E412G,-6.459856033325195,-1.166259945
E412H,-7.568750858306885,-4.55758493
A413G,-2.7233524322509766,-0.225230806
A413I,-8.243453025817871,0.683622297
A413H,-14.869110107421875,-1.3893714785
A413F,-11.585929870605469,-1.9537384425
A413E,-9.691512107849121,-1.3780072835
A413D,-11.095955848693848,-1.4644638365
A413K,-13.567815780639648,-1.6539237244999998
A413L,-10.10549545288086,0.547007294
A413M,-10.313261032104492,-0.218885319
A413Y,-13.705362319946289,-3.1870953835000004
A413N,-12.078666687011719,-1.8475403005
A413W,-14.162078857421875,-1.200463685
A413T,-6.812099456787109,-0.94448653
A413S,-6.929108619689941,-0.829840983
A413R,-12.645291328430176,-1.7069019515
A413Q,-12.785221099853516,-0.7007840940000001
A413P,-8.695136070251465,-1.384964021
A413C,-9.710836410522461,0.194794107
A413V,-4.316492557525635,0.017717094
I414W,-13.985157012939453,-1.544265185
I414Y,-12.30224323272705,-2.4977526555000003
I414V,-4.7257232666015625,-0.228002542
I414A,-10.333169937133789,0.6663635995
I414S,-11.812261581420898,0.387542339
I414F,-7.206155300140381,-0.171254608
I414G,-14.894515037536621,-1.743627271
I414H,-14.668067932128906,-4.407843852
I414K,-14.12978744506836,-2.2772522935
I414L,-2.631610870361328,0.7118811604999999
I414E,-15.478857040405273,-2.4787473155
I414N,-12.890083312988281,-0.123000728
I414T,-7.702566146850586,0.0825188705
I414M,-5.011212348937988,0.4331013325
I414P,-12.785778045654297,-2.6883496775
I414C,-13.17298698425293,-0.079752865
I414Q,-13.69339370727539,-1.2314256415
I414R,-14.592427253723145,-1.0803180855
I414D,-16.920127868652344,-3.171766339
A415K,-10.502573013305664,-1.217428685
A415L,-7.9949164390563965,-1.2277273215
A415M,-7.3925371170043945,-1.071168157
A415Y,-12.266141891479492,-1.5118319555000002
A415G,-5.64609432220459,0.610008501
A415F,-10.678407669067383,-1.274979968
A415E,-10.162227630615234,-1.058113541
A415D,-11.478492736816406,-1.1525720995
A415C,-9.368948936462402,-0.1159976945
A415I,-8.747993469238281,-0.667875795
A415H,-12.978004455566406,-0.9381568235
A415P,-11.041400909423828,-0.9413967715
A415R,-10.675559043884277,-1.119508725
A415S,-3.8093314170837402,0.404882633
A415T,-4.436241149902344,0.03021503
A415V,-6.187676429748535,-0.5956331985
A415W,-14.564275741577148,-1.831373174
A415N,-8.840462684631348,-0.892843322
A415Q,-10.311263084411621,-0.7958033195
N416F,-7.442389011383057,-0.3060233975
N416G,-5.235819339752197,-0.6625824355
N416H,-3.298278331756592,0.366683233
N416I,-6.210465908050537,-0.03278873
N416Y,-6.001111030578613,-0.5059361785000001
N416D,-6.339211940765381,-0.267231965
N416C,-8.185125350952148,0.437476723
N416A,-4.414714336395264,0.632999905
N416K,-0.5677757263183594,-0.5697787225
N416L,-3.145458221435547,0.8679849515000001
N416M,-4.7922749519348145,0.6457964315
N416P,-10.853424072265625,-1.8269914285
N416E,-5.805997371673584,0.1373902155
N416W,-10.083789825439453,-0.270412081
N416S,-2.910583972930908,0.2775627955
N416V,-6.609439849853516,0.5736175855
N416T,-1.385175347328186,0.9634852375
N416R,-2.3083205223083496,0.239384991
N416Q,-3.153139591217041,0.3447142055
M417S,-9.174699783325195,-1.0034214645
M417A,-9.039434432983398,-1.01607395
M417C,-10.855249404907227,-0.7891387415000001
M417D,-14.705894470214844,-2.432771214
M417E,-12.653037071228027,-0.851576951
M417F,-6.341703414916992,-0.775648023
M417G,-12.678583145141602,0.284004363
M417H,-12.047283172607422,-1.6525155994999998
M417I,-5.017855644226074,0.019421419
M417N,-11.561552047729492,-1.3643188030000002
M417P,-12.130550384521484,-2.141170363
M417K,-11.754867553710938,-0.5239746395
M417Q,-9.715060234069824,-1.8654085855
M417T,-6.106693744659424,0.0461218225
M417V,-7.170687675476074,-0.122153473
M417W,-11.19250202178955,-1.7893062465
M417Y,-11.037596702575684,-0.4538781775
M417R,-12.32520866394043,-0.612298948
M417L,-2.3646302223205566,0.269490243
P418L,-6.456930637359619,-1.1152353495
P418M,-6.17769193649292,-2.7113732995
P418I,-6.810013771057129,-3.870428431
P418R,-4.561009883880615,-0.9828605465
P418S,-3.7337398529052734,-0.984287083
P418T,-2.670759677886963,-1.7443233425
P418V,-4.130203723907471,-1.494624103
P418W,-7.189724445343018,-1.300594354
P418Y,-6.16506290435791,-0.623955615
P418K,-3.698063611984253,-2.3308676425
P418A,-3.7157795429229736,-1.263901918
P418Q,-4.309036731719971,-1.8074247335
P418H,-5.217102527618408,-0.202193404
P418G,-6.237422943115234,-0.4478536325
P418F,-7.54910945892334,-2.46941515
P418N,-5.69514799118042,-2.8926254910000004
P418D,-5.883541107177734,-1.491109234
P418C,-9.291814804077148,-1.936786449
P418E,-3.519843578338623,-1.070522721
A419M,-3.075801372528076,0.393984052
A419N,-2.675258159637451,0.430330603
A419P,-5.423120975494385,-0.441511897
A419I,-2.3698501586914062,0.0876387885
A419L,-1.9924120903015137,0.468229522
A419R,-4.515645980834961,-0.602070612
A419S,-2.2561635971069336,0.3748238735
A419T,-3.389552116394043,-0.475408818
A419V,-1.6727914810180664,0.005937145
A419D,-4.3769121170043945,-0.462433511
A419E,-4.862052917480469,-0.845818014
A419F,0.4157552719116211,0.133129792
A419G,1.972987174987793,0.8253165729999999
A419H,-2.4278674125671387,0.4843925155
A419W,-1.7831611633300781,0.1950541885
A419Y,1.173574447631836,1.0505301835
A419C,-3.6581830978393555,1.0207412665
A419Q,-4.581032752990723,0.1680532575
A419K,-3.968475341796875,0.211518254
S420N,-9.454645156860352,1.267611899
S420L,-9.44309139251709,-1.7291859790000002
S420K,-11.210930824279785,0.2389969305
S420I,-10.260164260864258,-1.68440562
S420H,-10.053262710571289,-1.1326137785
S420M,-10.476469039916992,-0.960712688
S420G,-5.901449203491211,0.925285194
S420F,-8.792241096496582,-0.8168642740000001
S420E,-11.091073989868164,-0.114481611
S420R,-11.703235626220703,0.6693203775
S420Y,-9.939096450805664,-0.774777005
S420T,-4.693054676055908,-0.996495439
S420W,-11.684469223022461,-1.3183618685
S420V,-8.029512405395508,-1.6706539575
S420C,-8.301138877868652,0.3750289035
S420A,-1.7259082794189453,0.4975460015
S420P,-5.08727502822876,0.911057551
S420Q,-10.337343215942383,0.9578276335
S420D,-11.82421875,-0.4495476775
T421K,-4.713476181030273,0.504382876
T421I,-4.9921674728393555,0.234371347
T421W,-6.684528350830078,0.4310372585
T421Q,-2.9449961185455322,0.4334365045
T421V,-5.114543914794922,0.114065958
T421C,-8.903572082519531,0.6194964070000001
T421Y,-5.721802711486816,0.1948075705
T421R,-5.018492698669434,0.977538401
T421F,-5.787702560424805,0.082176422
T421G,-4.960637092590332,0.6617061595
T421A,-3.539536237716675,0.2910182925
T421S,-1.4610638618469238,0.4228155005
T421H,-4.369881629943848,0.444186323
T421L,-5.069546699523926,-0.923045955
T421M,-5.249258995056152,-0.6002192945
T421N,-2.665756940841675,0.5769839755
T421P,-0.7108738422393799,0.8148765225
T421D,-5.927339553833008,-0.917544371
T421E,-6.108966827392578,0.135010456
F422I,-3.1368725299835205,0.1507174905
F422K,-11.524815559387207,-0.9148702155
F422G,-6.111555099487305,0.352815335
F422E,-11.604694366455078,-0.406932104
F422D,-13.848258972167969,-1.6467898794999998
F422A,-4.812130928039551,0.049573788
F422C,-6.057680130004883,0.3976973315
F422L,-2.371448040008545,0.1771966185
F422H,-11.371609687805176,-1.18188873
F422N,-11.553601264953613,-2.65730039
F422V,-2.8315958976745605,0.480496446
F422P,-5.42338752746582,0.5109165375
F422Q,-10.820987701416016,-3.1064115295
F422R,-12.606036186218262,-1.552690476
F422S,-7.403470039367676,-0.073352636
F422T,-6.554227828979492,0.1232026645
F422W,-7.195417404174805,-0.0697642005
F422Y,-6.853632926940918,0.576438834
F422M,-5.6879682540893555,0.742197825
F423W,-0.903043270111084,0.493351194
F423Y,-4.575624942779541,-0.5465297735
F423V,-7.798529624938965,0.032714777
F423T,-8.520044326782227,0.010873113
F423S,-7.627321243286133,-0.4333983970000001
F423K,-12.789379119873047,-1.156764112
F423I,-7.282414436340332,0.405727548
F423M,-6.896944046020508,0.326830271
F423N,-11.61014461517334,-1.7054926585
F423P,-10.692010879516602,-3.451761158
F423Q,-12.23022747039795,-1.8949613675
F423R,-11.777956008911133,-2.1341736645
F423E,-13.780424118041992,-1.48984012
F423D,-14.796241760253906,-1.308754764
F423G,-7.876238822937012,-1.925705535
F423H,-10.814004898071289,-0.4390125125
F423C,-6.081901550292969,0.2213568705
F423A,-7.985347747802734,-1.1085696795
F423L,-5.3040876388549805,0.0124981275
A424T,-5.81217098236084,0.151115524
A424S,0.19122028350830078,0.8872590265000001
A424M,-9.802793502807617,-1.6845242825
A424R,-12.187492370605469,-2.2533924075
A424Q,-11.63217830657959,-1.991441456
A424P,-9.104293823242188,-0.277450573
A424H,-13.187922477722168,-1.9865230075
A424N,-9.804855346679688,0.6381250279999999
A424V,-8.234503746032715,-0.0219326725
A424K,-12.117270469665527,-2.950371086
A424I,-9.829551696777344,-2.0970949445
A424G,-4.419902801513672,0.4899917925
A424F,-9.330930709838867,-2.0572156505000003
A424E,-11.42879867553711,-2.077539577
A424D,-11.565679550170898,-0.096142369
A424C,-6.149167537689209,-0.401664605
A424L,-10.080341339111328,-1.5237240019999998
A424W,-13.078262329101562,-1.4094535885
A424Y,-11.038427352905273,-1.1050952995
I425T,-4.348219394683838,0.2512503805
I425A,-3.912041664123535,0.499828211
I425C,-3.391831636428833,0.42185325
I425Y,-6.110756874084473,-1.009693391
I425W,-6.595686435699463,-0.1933337935
I425V,-0.9261885285377502,0.284712446
I425D,-11.092419624328613,-2.094776991
I425L,-3.225343942642212,-0.015005047
I425F,-2.2049944400787354,-0.1469805365
I425R,-10.9829740524292,0.070213202
I425Q,-9.742525100708008,0.5278106565
I425P,-6.220026969909668,0.544140824
I425N,-9.139961242675781,0.0370399405
I425M,-4.665310859680176,-0.2915720665
I425G,-6.1841206550598145,0.151398688
I425H,-10.943191528320312,0.2057568485
I425E,-10.197848320007324,-1.5452596985
I425S,-4.87579870223999,-0.012376392
I425K,-9.344393730163574,0.999029848
I426K,-11.228824615478516,-2.5029172435
I426C,-3.665231227874756,0.108413191
I426A,-4.035206317901611,0.482432854
I426N,-8.965110778808594,-0.666027381
I426P,-8.261688232421875,-0.2969550455
I426Q,-9.207162857055664,-2.3482823075
I426T,-4.149832725524902,-0.144618257
I426S,-5.210434913635254,0.5484128325
I426V,-1.732590675354004,0.5904374855
I426W,-8.271961212158203,-2.059547684
I426Y,-9.10196304321289,-2.4423175285
I426H,-11.197986602783203,-1.0320098375
I426G,-6.823947906494141,-0.058430363
I426F,-3.035644054412842,-0.0848687465
I426L,0.41916221380233765,0.5633255564999999
I426R,-11.769079208374023,-0.931122899
I426M,-1.728548526763916,0.51421083
I426E,-10.139303207397461,-3.0039411575
I426D,-11.71664047241211,-1.7076341715
F427L,-7.801630973815918,0.107396485
F427Y,-5.486021041870117,-0.4226272435
F427W,-9.906274795532227,1.06841239
F427V,-8.508302688598633,0.3474482125
F427T,-11.936266899108887,1.3969618385
F427S,-10.414743423461914,0.290634058
F427R,-16.027990341186523,-2.350105243
F427Q,-12.852701187133789,0.392993845
F427P,-13.896007537841797,-2.687620577
F427M,-9.599931716918945,1.9344330645
F427I,-8.534786224365234,0.018223595
F427G,-13.124533653259277,-0.788197858
F427H,-11.839164733886719,-1.3779214594999998
F427A,-11.557229042053223,0.181010159
F427C,-9.888847351074219,0.3132721715
F427D,-15.920080184936523,-0.623582932
F427E,-15.351102828979492,-4.972313474
F428N,-12.616523742675781,-0.0797975995
F428G,-11.308622360229492,-1.6236495115
F428E,-15.560209274291992,-2.2715453945
F428D,-15.826194763183594,-1.6587397175
F428C,-9.593173027038574,-1.0272689705
F428A,-10.55911636352539,-1.9429034625
F428P,-15.039470672607422,-0.999944669
F428Y,-6.84677791595459,-0.0481056245
F428V,-8.246397018432617,-1.8604905645
F428T,-9.638653755187988,-2.0169719495
F428S,-8.817092895507812,-0.739743409
F428R,-15.807920455932617,-1.797903897
F428Q,-12.997356414794922,-4.9841180685
F428H,-13.108110427856445,0.130154028
F428K,-15.3115873336792,-2.60326194
F428L,-6.988568305969238,-0.459676839
F428M,-7.865560054779053,-1.1850676045
F428W,-7.705411911010742,0.8299563870000001
F428I,-8.028531074523926,-1.0203896195
L429A,-3.6380081176757812,0.1223291305
L429H,-11.20907974243164,-3.979823065
L429K,-12.14312744140625,-3.0215953910000004
L429G,-5.752439498901367,0.2756219075
L429I,0.25176239013671875,-0.4653744970000001
L429N,-9.20572280883789,-2.1059608975
L429Y,-7.396739959716797,-1.601190845
L429W,-7.128912925720215,-1.4288798
L429V,-0.9597307443618774,0.5260749060000001
L429T,-3.45530366897583,0.977792968
L429S,-4.948792457580566,0.624404996
L429R,-12.497482299804688,-1.3548851465
L429Q,-9.367198944091797,-0.8068135359999999
L429P,-11.461631774902344,0.006157904
L429M,-1.703424096107483,-0.0046058115
L429F,-1.9063903093338013,0.5766649745
L429E,-10.484103202819824,-2.53074944
L429D,-12.439691543579102,-1.729157951
L429C,-4.6933722496032715,-0.366275802
M430G,-11.264354705810547,0.411354213
M430V,-7.274838447570801,0.0614958745
M430W,-14.351690292358398,1.148799951
M430Y,-15.447721481323242,0.1137919415
M430T,-7.16619873046875,-0.0332060045
M430S,-8.943350791931152,0.2858877575
M430R,-15.493488311767578,-1.950238014
M430H,-16.668575286865234,0.612028339
M430P,-15.933999061584473,-0.7919087815000001
M430N,-12.571640014648438,0.4688525025
M430Q,-12.621490478515625,-0.0542190135
M430K,-13.265434265136719,-0.187620101
M430I,-7.336966514587402,0.477183409
M430A,-9.563164710998535,0.382477083
M430C,-8.946097373962402,-0.036611718
M430D,-15.754359245300293,-0.8773891865000001
M430E,-13.99893569946289,-0.6574155365
M430F,-9.961003303527832,0.047172742
M430L,-7.040232181549072,0.3151925395
L431S,-8.14048957824707,-0.8779230445
L431G,-11.442891120910645,-0.777344708
L431A,-7.716363430023193,-0.6310220985
L431C,-8.34464168548584,-0.292011322
L431D,-14.039922714233398,-0.4880149275
L431E,-12.28982925415039,-1.418582439
L431F,-4.98714017868042,0.4111634705
L431H,-11.741748809814453,-2.067485038
L431T,-6.716376304626465,-0.6431694004999999
L431K,-13.031858444213867,-1.942277349
L431M,-3.956973075866699,0.0456726865
L431N,-10.697911262512207,0.2116043295
L431I,-1.8450804948806763,0.682506045
L431P,-12.131107330322266,0.0874683875
L431Q,-9.583257675170898,-0.179517015
L431R,-12.95396614074707,-0.7656310495
L431Y,-10.621139526367188,-1.6208105675
L431W,-11.800525665283203,-0.4389480125
L431V,-2.9586219787597656,0.6232220039999999
I432S,-10.26938533782959,0.29177975
I432T,-8.332097053527832,0.2548254005
I432V,-3.4952592849731445,0.318297448
I432W,-12.16566276550293,-2.083184025
I432Y,-9.071696281433105,-4.7079663335
I432M,-4.439960956573486,-0.1246279045
I432R,-16.182254791259766,-1.7605492895
I432K,-15.267706871032715,-0.589003109
I432A,-8.863459587097168,-1.6019166795
I432N,-11.984528541564941,-1.187097552
I432P,-15.519761085510254,-3.015106937
I432Q,-12.491989135742188,-2.133713459
I432D,-17.298812866210938,-2.3955813935
I432C,-9.529862403869629,0.3357101135
I432F,-3.7989230155944824,0.413821733
I432G,-12.290244102478027,-1.4308621055
I432H,-14.187796592712402,-1.283983423
I432E,-15.33922004699707,-0.8235537695
I432L,-2.8257999420166016,0.4785292605
T433Y,-9.646434783935547,0.361478397
T433W,-11.13260269165039,0.0979444815
T433V,-4.743063926696777,0.807215771
T433S,-5.249849319458008,0.369775302
T433R,-11.733926773071289,-0.3878189865
T433Q,-9.689906120300293,-0.939797552
T433N,-8.241178512573242,-1.959097472
T433P,-10.769515991210938,-0.34928257
T433G,-9.095172882080078,0.506877959
T433F,-4.450791358947754,0.750185608
T433E,-11.026644706726074,-0.839667012
T433D,-12.185098648071289,-1.3995118765
T433H,-11.571978569030762,0.198278128
T433I,-4.271135330200195,0.8681846434999999
T433C,-4.107560157775879,0.850458068
T433K,-10.64779281616211,0.7255494185
T433L,-4.539790153503418,1.0682991225
T433M,-3.720984935760498,1.310623388
T433A,-5.883053779602051,0.4021114895
L434V,-4.985568523406982,0.5159358585
L434A,-9.861934661865234,1.0567823545
L434C,-10.540837287902832,0.7210581384999999
L434D,-14.888513565063477,-1.562009744
L434W,-12.167852401733398,0.863053796
L434Y,-12.149251937866211,0.065807157
L434E,-13.446922302246094,-0.9444290125
L434H,-10.788558959960938,0.428933208
L434G,-12.726367950439453,0.060198219
L434I,-5.263186931610107,-0.230900742
L434K,-12.075428009033203,0.2368185555
L434M,-6.591331481933594,0.9840651385
L434N,-11.660018920898438,0.9534815325
L434Q,-9.746793746948242,0.854453694
L434R,-11.090612411499023,0.6846004545000001
L434S,-9.787367820739746,1.1621699605
L434T,-9.149674415588379,0.8603786995
L434F,-7.7708420753479,0.454788603
L434P,-11.083598136901855,-0.00395272
G435A,-8.411223411560059,0.3232715335
G435C,-9.224513053894043,0.7106543209999999
G435D,-12.968118667602539,-2.1842572875
G435E,-13.323843002319336,-0.45672959
G435M,-14.727742195129395,0.612071568
G435R,-12.448385238647461,-0.0347748305
G435V,-11.328073501586914,-0.071149363
G435T,-12.821969985961914,0.003846917
G435S,-9.240571975708008,0.1713474739999999
G435W,-13.151311874389648,-0.5862009975
G435Q,-16.462146759033203,-0.1785488515
G435P,-15.862940788269043,-1.7271530755000002
G435Y,-16.126785278320312,-2.7386380255
G435L,-13.581686019897461,0.2920191985
G435K,-15.451793670654297,-1.45637169
G435I,-13.992297172546387,-0.172913166
G435H,-17.476482391357422,-1.4014421715
G435F,-12.962209701538086,-1.964421349
G435N,-14.151674270629883,-0.0199581635
L436T,-9.276365280151367,-0.8598568390000001
L436V,-4.163325786590576,0.202110213
L436S,-10.538866996765137,-0.531968475
L436R,-13.297993659973145,0.382943824
L436A,-9.336182594299316,-0.029076411
L436C,-10.506868362426758,0.1913718765
L436Q,-10.75711441040039,-0.5710950545
L436E,-14.846982955932617,-3.523315637
L436Y,-12.883668899536133,-0.204256396
L436D,-16.481952667236328,-1.477523405
L436W,-12.538534164428711,-0.276120238
L436F,-8.110285758972168,0.3169425865
L436N,-12.780117988586426,-0.2263269565
L436M,-5.804830551147461,0.6909690145
L436K,-13.070412635803223,-3.1117368945
L436G,-11.799877166748047,-1.726255272
L436H,-12.828017234802246,-3.096236695
L436P,-12.303574562072754,-0.0804466735
L436I,-3.5734691619873047,0.7586402004999999
D437I,-12.341022491455078,-0.2178089165
D437F,-13.316426277160645,0.4160860425
D437G,-6.6362762451171875,0.761115597
D437E,-7.961040496826172,1.1891169045
D437C,-10.416131019592285,0.7267235535
D437A,-8.981928825378418,1.3526225665
D437H,-9.772838592529297,0.4745112675
D437L,-13.188669204711914,0.3267234505
D437W,-16.42623519897461,0.2317062835
D437M,-14.068115234375,0.675113234
D437K,-12.326592445373535,0.7692650445
D437N,-6.384937763214111,0.648249305
D437P,-14.299633026123047,0.3640216575
D437Q,-12.413630485534668,0.8694173485
D437R,-13.516547203063965,0.6141451720000001
D437S,-8.021439552307129,0.6368626145
D437T,-9.674458503723145,1.1174454495
D437V,-9.705428123474121,0.23024323
D437Y,-10.391180038452148,0.6008905715
S438M,-14.197796821594238,-0.7367371175
S438L,-14.569513320922852,-1.5281560685
S438W,-18.129745483398438,-0.35797276
S438V,-16.024599075317383,-0.562796971
S438T,-7.352982521057129,0.665155691
S438R,-15.380773544311523,0.9913250785
S438Q,-15.526941299438477,-0.109909192
S438P,-14.515076637268066,-3.0802272995
S438N,-11.598143577575684,0.379527096
S438I,-15.64450740814209,0.3104624615
S438K,-15.739974975585938,1.02123596
S438Y,-15.972787857055664,0.4362076135
S438H,-17.33205795288086,1.1121304725
S438E,-16.967853546142578,-0.7509880615000001
S438F,-14.732545852661133,-0.315749547
S438D,-16.27437973022461,-0.80102501
S438C,-11.193824768066406,0.2157884065
S438A,-9.091489791870117,0.231539862
S438G,-10.106687545776367,0.3899760725
T439V,-7.128195762634277,1.0215313315
T439S,-4.90028190612793,0.6533073495
T439R,-11.365616798400879,-0.6402860770000001
T439Q,-6.525447845458984,0.8946877795
T439N,-8.167912483215332,0.406991517
T439M,-2.54962158203125,-1.5608628485
T439L,-6.479757308959961,-0.602084434
T439I,-6.687731742858887,0.109818682
T439W,-12.774662017822266,-0.471213351
T439H,-10.945462226867676,-0.5716161670000001
T439G,-8.611681938171387,0.2100234425
T439F,-9.81486988067627,0.327886442
T439E,-9.186478614807129,-1.2910217885
T439D,-12.675765991210938,-1.1189171045
T439C,-8.893888473510742,0.7421467425
T439A,-4.477841377258301,1.097813236
T439K,-9.331995964050293,-1.86074093
T439Y,-12.759803771972656,-0.400079471
T439P,-9.739334106445312,1.393040066
F440V,-9.951177597045898,1.970219512
F440A,-12.732532501220703,0.3825950045
F440W,-12.459184646606445,-0.14530232
F440S,-10.375089645385742,-0.202170944
F440T,-13.35527515411377,0.817156275
F440Q,-14.956470489501953,0.070034246
F440P,-15.190042495727539,-1.548034224
F440N,-13.535785675048828,0.4931475185
F440R,-15.95906925201416,0.254927325
F440M,-9.082972526550293,0.5306426035
F440K,-15.894278526306152,-0.5459397245000001
F440I,-10.90298080444336,0.526250445
F440H,-15.903772354125977,0.8073248505
F440G,-14.22853946685791,0.27592175
F440E,-15.972105979919434,0.3262234915
F440D,-16.247493743896484,-0.4477108705
F440C,-9.52768611907959,1.982638994
F440L,-8.43027114868164,1.083019819
F440Y,-9.689090728759766,0.099086864
A441Y,-11.920740127563477,-0.6942745815000001
A441T,-6.796711444854736,0.161774085
A441S,-3.1437597274780273,0.642825634
A441R,-12.12847900390625,0.6836259265000001
A441Q,-13.052127838134766,-1.7255561455
A441P,-11.006635665893555,0.070081675
A441V,-7.205847263336182,-0.113527813
A441N,-8.810873031616211,0.421543308
A441G,-0.9434118270874023,-0.2480324725
A441E,-12.0768404006958,-0.8250775995
A441F,-12.196371078491211,0.445922588
A441W,-13.78294563293457,0.2270621975
A441H,-12.709541320800781,0.553068915
A441I,-10.503515243530273,0.4674659845
A441K,-13.544700622558594,1.294052799
A441L,-11.689762115478516,-0.0263337385
A441M,-11.471381187438965,0.1622931315
A441C,-3.2538294792175293,0.4207643905
A441D,-11.02309799194336,0.30227095
G442P,-10.690263748168945,0.4835606755
G442C,-5.919078826904297,0.79141287
G442A,-4.654469966888428,0.691366426
G442R,-9.12217903137207,0.6763140009999999
G442S,-4.510890007019043,0.702922638
G442T,-5.706430912017822,0.5175870795
G442V,-8.166192054748535,0.7072166329999999
G442W,-11.158424377441406,1.127666508
G442Y,-10.512374877929688,0.9340307055
G442D,-8.212662696838379,-0.8900565975
G442E,-6.230841636657715,0.3709822895
G442F,-9.938694953918457,0.8251416970000001
G442Q,-8.196182250976562,0.6402278805
G442K,-9.57217788696289,0.8099032145
G442M,-7.956514358520508,1.1383433395
G442N,-7.226675987243652,0.8372967345000001
G442I,-8.594191551208496,0.920846027
G442H,-10.828704833984375,0.846552078
G442L,-8.62034797668457,0.998379485
L443W,-12.038616180419922,-0.205148822
L443Y,-11.76695442199707,0.6934526234999999
L443A,-6.542102336883545,-0.1041976105
L443D,-13.334982872009277,-2.295003519
L443E,-10.575895309448242,-1.3089206285
L443F,-8.016358375549316,0.4927023945
L443V,-1.5418004989624023,1.151414971
L443H,-12.14164924621582,-0.4995393535
L443T,-5.2245612144470215,-1.1323173665
L443S,-6.321484565734863,-1.3427392
L443R,-13.030366897583008,0.7133955190000001
L443G,-10.305038452148438,-1.4730286475
L443Q,-7.957761287689209,-0.610555437
L443C,-7.455822944641113,-1.1152582945
L443N,-8.805843353271484,-1.9662342975
L443M,-2.750443935394287,0.9793358565
L443K,-11.373308181762695,0.0618734775
L443I,-1.53859281539917,0.6440035485
L443P,-11.483575820922852,-0.227752422
E444F,-17.581615447998047,0.204035255
E444K,-11.333419799804688,0.0920543925
E444L,-15.15942668914795,0.1591274175
E444M,-16.04044532775879,-0.1668250309999999
E444N,-13.455327987670898,-0.8558551975
E444I,-15.114641189575195,0.1534664415
E444V,-12.865066528320312,-0.015772313
E444Q,-8.891366004943848,0.3662583685
E444R,-15.833742141723633,-1.04231976
E444S,-13.493474960327148,0.119055272
E444D,-9.091414451599121,-0.3151987275
E444C,-17.653316497802734,-0.3104334865
E444A,-12.789252281188965,0.893349808
E444T,-13.89387321472168,0.7577333305
E444W,-19.13384246826172,-0.496751813
E444Y,-16.61004066467285,0.270267251
E444G,-11.305708885192871,0.6711086279999999
E444P,-17.442115783691406,-3.8152206785
E444H,-14.997382164001465,0.5625920235
G445P,-10.596033096313477,-0.1328652655
G445N,-8.229653358459473,1.0500469725
G445M,-9.645514488220215,0.03984181
G445C,-6.918142318725586,0.5399116525
G445K,-12.146528244018555,0.1055608385
G445Y,-12.526792526245117,-2.2708589975
G445Q,-12.43625259399414,-0.390113196
G445V,-6.6628522872924805,0.547705759
G445T,-3.9417359828948975,0.203186106
G445S,-4.023502349853516,0.865896397
G445R,-11.747421264648438,0.5756499075
G445W,-13.584023475646973,-2.6152855235
G445D,-10.127339363098145,-0.0423387645
G445L,-11.232706069946289,0.6913870105
G445A,-1.732198715209961,0.6041605004999999
G445F,-12.15992546081543,-1.323925638
G445H,-13.852025985717773,-1.2337987195
G445I,-9.732486724853516,-0.8190114765000001
G445E,-11.046351432800293,-2.1129931515
V446L,-0.13572263717651367,0.129209364
V446K,-9.60434627532959,-0.681689014
V446I,-0.4331192970275879,0.4606766425
V446H,-8.946107864379883,-1.085371825
V446D,-9.653064727783203,-0.6205405045
V446F,-1.6036536693572998,0.463536058
V446E,-8.602031707763672,-1.696648754
V446C,-5.938355922698975,-0.1649234195
V446A,-4.70338249206543,-0.0809798815
V446G,-6.48714542388916,0.2460449
V446P,-7.549121856689453,0.248145571
V446N,-7.982834815979004,-3.54133945
V446R,-10.325140953063965,-1.7888372225
V446S,-6.682336330413818,-1.1925471525
V446T,-4.841189384460449,-0.4832107985
V446W,-8.27003288269043,-2.1823977945
V446Y,-7.094057083129883,-3.465788867
V446M,-3.3052845001220703,0.5075155404999999
V446Q,-6.395216941833496,-1.1900367965
I447L,-3.721212863922119,0.170810981
I447K,-10.761970520019531,-1.234031868
I447H,-9.336597442626953,-3.0928163775
I447G,-9.996875762939453,-1.8701930625
I447F,-6.273652076721191,-0.017003603
I447E,-10.615598678588867,-2.8873678525
I447D,-12.349896430969238,-2.2192783725
I447T,-3.4183716773986816,0.336882461
I447A,-7.512715816497803,0.1386505165
I447V,-2.8639402389526367,0.61106401
I447S,-7.066333770751953,0.1249015575
I447R,-12.120709419250488,-1.350347573
I447Q,-8.496621131896973,-1.48699021
I447P,-11.650951385498047,-3.019049225
I447N,-7.741352558135986,-0.0790646265
I447C,-7.542153358459473,0.2298685125
I447M,-4.091113090515137,0.742072999
I447Y,-9.967207908630371,-1.0178579475
I447W,-13.188141822814941,-1.0818682565
T448C,-8.555242538452148,0.494591182
T448L,-11.128771781921387,0.0098730395
T448M,-9.549202919006348,-1.1411845635
T448N,-9.435523986816406,-0.347478065
T448P,-12.125140190124512,1.1537762109999998
T448Q,-12.41397762298584,-0.1737344264999999
T448K,-11.683250427246094,0.047265957
T448I,-10.401612281799316,0.1167393155
T448H,-13.330133438110352,0.432975239
T448G,-8.938847541809082,-0.1893535795
T448F,-12.54747200012207,-0.5081019505
T448E,-12.882636070251465,-0.450454636
T448A,-7.039032459259033,0.3487012675
T448D,-13.375333786010742,-0.1325671055
T448R,-11.606361389160156,-0.173028987
T448S,-3.5291786193847656,0.5339926629999999
T448V,-10.281692504882812,0.223546915
T448W,-15.263664245605469,-0.323513686
T448Y,-13.007089614868164,0.1752987144999999
A449R,-13.69697380065918,-2.223269369
A449Q,-13.679765701293945,-3.1736443025
A449W,-14.30099868774414,-1.790521857
A449V,-7.336033344268799,-0.9617440775
A449T,-6.387495517730713,-0.2557202335
A449S,-4.349380016326904,0.534023116
A449Y,-12.086874008178711,-1.649491986
A449C,-7.931746006011963,-0.9141382075
A449E,-12.325441360473633,-1.856193555
A449F,-10.92062759399414,-0.544430533
A449G,-3.517123222351074,0.17198521
A449H,-14.433862686157227,-1.981124496
A449I,-9.913566589355469,-3.8136629175
A449K,-12.753639221191406,-2.652531919
A449L,-11.401337623596191,-1.6847165235
A449M,-11.218317985534668,-2.622054714
A449N,-11.013891220092773,-0.789235048
A449P,-8.40004825592041,-0.6267395035
A449D,-12.21886920928955,-0.1755340835
V450K,-10.55378532409668,-1.7306912205
V450L,1.4271736145019531,0.515931909
V450N,-9.352764129638672,-0.7233507095
V450Y,-6.910223007202148,-0.8260494855
V450I,0.5301733016967773,0.284232834
V450S,-4.726555824279785,-0.9661371955
V450A,-2.731849431991577,0.3268988995
V450R,-11.972366333007812,-2.051312767
V450Q,-8.043783187866211,-2.5262867305000003
V450P,-8.442789077758789,-2.3751464155
V450T,-2.2253477573394775,-0.014458588
V450H,-9.593538284301758,-1.779597712
V450G,-6.291333198547363,0.2089032055
V450F,-0.7594447135925293,0.657826075
V450E,-11.09359359741211,-1.578139601
V450D,-13.514738082885742,-0.639832443
V450C,-4.084537506103516,0.547544116
V450M,-1.0650205612182617,0.6629149985
V450W,-7.120474815368652,-0.556856836
L451G,-3.8598990440368652,-0.4486189785
L451P,-9.673892974853516,0.3600972595
L451N,-3.2795071601867676,0.1046458195
L451M,-0.8657751083374023,0.3321820945
L451K,-4.607812881469727,0.2420448325
L451I,-0.6759424209594727,0.3124207555
L451F,-3.2970352172851562,0.366531053
L451Q,-3.477632999420166,0.440727351
L451H,-4.6633710861206055,-0.267845619
L451D,-7.970607757568359,-2.5070482525
L451V,-0.2518916130065918,1.2821355475
L451T,-0.15471935272216797,0.6114424925
L451A,-1.760676383972168,0.231377288
L451C,1.9794026613235474,0.763839967
L451S,0.033632755279541016,0.5736314135
L451E,-6.130537033081055,-0.140243511
L451Y,-3.2833218574523926,0.0321518025
L451W,-6.777793884277344,-0.7850556375
L451R,-4.220731258392334,0.9913607555
D452Q,-13.129889488220215,0.634296606
D452H,-11.843417167663574,0.2672455035
D452G,-10.868215560913086,-0.2051628025
D452F,-15.124937057495117,-0.5960925029999999
D452E,-8.035938262939453,0.302278987
D452C,-13.800907135009766,-0.397662926
D452A,-12.030158996582031,0.713009474
D452I,-15.364465713500977,-0.160162682
D452P,-17.143489837646484,-1.9672319265
D452M,-15.761001586914062,0.4522492505
D452R,-15.567076683044434,-1.973450744
D452S,-12.125626564025879,-0.136448429
D452T,-13.605439186096191,-0.3681279205
D452V,-13.858896255493164,-0.2924829485
D452W,-17.990495681762695,-1.3931051725
D452Y,-12.42399787902832,0.5096300715
D452K,-14.065258979797363,-1.7869538165
D452L,-15.281753540039062,-0.8747369290000001
D452N,-9.582334518432617,0.1643137085
E453N,-5.334956169128418,-0.640526481
E453P,-12.249767303466797,-2.196284354
E453Q,-3.10372257232666,0.0748972745
E453S,-5.3616461753845215,-2.069571365
E453T,-5.813558101654053,-2.6601768625
E453Y,-7.575910568237305,-2.1955895375
E453M,-7.086224555969238,-0.1729512195
E453R,-7.162312984466553,-1.438501843
E453L,-6.4676899909973145,-0.3147550525
E453D,-2.53560733795166,0.7536811215000001
E453I,-7.805217742919922,0.0847444205
E453H,-6.12574577331543,-2.4927786735
E453G,-6.426145553588867,-0.0148346105
E453F,-9.53417682647705,-1.2537649035
E453V,-6.697261333465576,-0.2017463075
E453C,-8.31004524230957,-2.1236811025
E453A,-5.726000785827637,0.0753017575
E453K,-6.103030204772949,0.2384911985
E453W,-10.381020545959473,-1.844482324
F454A,-5.99603271484375,0.012957898
F454V,-5.659534931182861,0.8283166534999999
F454D,-11.09995174407959,-1.9457619605
F454C,-4.950409889221191,1.901940556
F454W,-1.6306509971618652,0.2888796085
F454T,-7.479519367218018,0.259800233
F454S,-6.104078769683838,0.389978589
F454R,-4.745748043060303,-1.6626583665
F454Y,-0.26686906814575195,0.412504329
F454P,-12.273183822631836,-1.743065735
F454N,-5.47019100189209,1.254030379
F454Q,-7.538149356842041,0.08362339
F454L,-4.6328020095825195,-0.1298127915
F454K,-5.792823314666748,0.434231341
F454I,-5.680548191070557,-0.4124873145
F454H,-3.99928617477417,-0.080826015
F454G,-9.563192367553711,-0.948099302
F454E,-10.367793083190918,-1.581015415
F454M,-5.5699567794799805,0.4314449970000001
P455Q,-7.545831203460693,-0.4622265325
P455R,-7.150432586669922,-0.5023146804999999
P455N,-9.316460609436035,-1.001363065
P455M,-11.533585548400879,-1.973566194
P455V,-9.6717529296875,-2.071866411
P455W,-10.412824630737305,-0.9958591655
P455A,-7.721714019775391,0.2285122055
P455K,-7.543039321899414,-2.381330659
P455D,-9.935449600219727,0.050796525
P455E,-9.372568130493164,-0.6537687875
P455F,-9.922433853149414,-1.548189109
P455G,-7.6402812004089355,0.4010827755
P455H,-8.582853317260742,-0.5686811725
P455I,-10.3846435546875,-1.3737888265
P455L,-9.122358322143555,-0.55182688
P455T,-7.812069892883301,0.1491362285
P455C,-10.834659576416016,-0.8623461585
P455S,-5.838765621185303,-0.202991245
P455Y,-10.186697006225586,-3.620165699
H456C,-3.634599447250366,0.4823999075
H456Y,-2.0982401371002197,0.0944768625
H456W,-4.177620887756348,0.7047143045
H456V,-2.145970582962036,0.3998879345
H456T,-0.8542487621307373,0.735038139
H456S,-0.14509153366088867,0.789175217
H456R,0.1800241470336914,0.492338648
H456Q,0.41439616680145264,1.665740701
H456P,-2.967454195022583,0.5183848195
H456A,-0.5544962882995605,0.6176524395
H456M,-2.2641866207122803,0.573509622
H456L,-1.7348263263702393,0.563363479
H456K,0.8979591131210327,0.004956776
H456I,-2.8905885219573975,0.5385950685
H456G,-1.409376859664917,0.6636045465
H456F,-3.2120368480682373,0.2629877135
H456E,-0.7795965671539307,0.1983435115
H456D,-0.8175909519195557,0.57108907
H456N,0.19844269752502441,-0.0716034785
V457P,-3.6604442596435547,0.0713203845
V457Q,-1.641998291015625,0.8621543315000001
V457W,-2.1760783195495605,-0.0918931505
V457S,-1.8995323181152344,0.8560784235
V457T,-0.8979110717773438,1.0954552985
V457N,-3.425889015197754,1.172093725
V457R,-2.6467690467834473,0.655520612
V457M,-0.31420373916625977,0.172932263
V457G,-4.903004169464111,0.5668844854999999
V457K,-3.0516223907470703,1.0234391055
V457I,-0.002117156982421875,-0.059945117
V457H,-2.096503734588623,0.5050629235
V457F,-0.1645207405090332,0.7201641575
V457E,-5.311161518096924,0.196381121
V457D,-7.68035888671875,0.6289615115
V457C,-4.193810939788818,0.7564623025
V457Y,-1.1651511192321777,0.5878276315
V457L,0.9984878301620483,0.7322835375
V457A,-1.3301901817321777,0.6922410265000001
W458C,-1.4803638458251953,0.680719008
W458D,-6.466696739196777,0.6715797665000001
W458F,3.7122881412506104,0.67560602
W458G,-4.639130592346191,0.633441034
W458H,-3.692288398742676,-0.2498365175
W458I,4.7764763832092285,1.16354097
W458K,-4.438928604125977,1.1775988365
W458L,5.985637187957764,0.542283496
W458M,2.0138068199157715,0.9819342075
W458N,-4.661770820617676,0.7838637034999999
W458P,-3.9042835235595703,0.6569022895000001
W458Q,-4.017696380615234,0.8684326059999999
W458R,-3.5084714889526367,0.6062638795
W458S,-3.074502944946289,0.7676136075
W458T,-1.8504838943481445,0.7807332235
W458V,1.9436640739440918,0.8914615395000001
W458Y,-0.9438281059265137,1.1931602915
W458E,-6.622870445251465,0.330677884
W458A,-1.6184802055358887,0.87362411
A459T,-2.154428720474243,-0.0906322105
A459Y,-1.2921786308288574,0.320935504
A459S,-0.6890485286712646,0.803698865
A459R,1.1443912982940674,0.5037625105
A459Q,-1.6282269954681396,0.3074828345
A459P,-2.363762617111206,0.5423960195
A459N,-1.8376696109771729,0.7243703534999999
A459M,-2.5494749546051025,0.3957098105
A459L,-1.7141292095184326,-0.1799477555
A459K,-0.14651894569396973,0.399305741
A459I,-2.602557420730591,1.06854756
A459H,-1.6716911792755127,1.0077967225
A459G,0.43335890769958496,1.155946662
A459F,-2.3216397762298584,0.813866766
A459E,-3.7976744174957275,0.2437620205
A459D,-4.923727035522461,0.3582714255
A459C,-2.6443755626678467,1.240176745
A459V,-2.3197739124298096,0.2686221375
A459W,-2.1671106815338135,0.6468328489999999
K460C,-5.312350273132324,0.7494598215
K460G,-3.0535502433776855,0.7833854709999999
K460A,-2.8702492713928223,0.4410762025
K460D,-6.295417785644531,0.1993230645
K460E,-4.5224289894104,0.833717072
K460F,-6.2653937339782715,0.680652715
K460H,-3.996155261993408,1.07896303
K460I,-4.281696319580078,1.887975558
K460L,-4.121745586395264,0.5860138395000001
K460M,-5.126191139221191,0.4252414315
K460N,-3.8582029342651367,0.4371780465
K460P,-4.064111709594727,0.667329744
K460Q,-2.9420909881591797,0.546295614
K460R,-1.2451460361480713,0.629952285
K460T,-3.198640823364258,0.6251788905
K460S,-3.1268105506896973,0.746643388
K460W,-5.238282203674316,0.6245525755
K460Y,-6.279456615447998,0.809896464
K460V,-4.139634132385254,0.2226700525
R461Y,-3.5232086181640625,-0.6085393729999999
R461G,-6.602246284484863,0.28403018
R461W,-6.16728401184082,0.0144380015
R461V,-8.812211990356445,-1.052635465
R461T,-7.495538234710693,-0.113042705
R461I,-9.046329498291016,-4.034195325
R461Q,-4.695402145385742,0.2295131205
R461P,-8.745796203613281,-0.0677969485
R461N,-3.6021714210510254,0.4794139670000001
R461M,-8.341023445129395,-2.5467039855
R461L,-7.7267937660217285,-0.090450015
R461K,-1.9492602348327637,0.8015574115
R461F,-6.301706314086914,-1.9561560395
R461S,-5.705645561218262,0.610247485
R461E,-8.24738883972168,0.3869096635
R461H,-0.4110165238380432,1.1830486115
R461C,-6.064780235290527,-0.824926362
R461A,-8.474388122558594,-0.625134567
R461D,-8.817258834838867,-0.130425067
R462V,-12.630302429199219,-1.5352241835
R462T,-10.81167221069336,-0.5134627755
R462S,-9.421095848083496,-0.7852510345
R462Q,-7.5681304931640625,-0.2776023835
R462P,-10.20533275604248,0.0251068685
R462N,-9.554800987243652,-0.7475878075
R462L,-11.905309677124023,-0.6897418790000001
R462K,-2.5473074913024902,0.321277819
R462I,-12.446187973022461,-3.1363758
R462H,-6.920965671539307,-1.4240193535
R462E,-10.832504272460938,-0.492188793
R462F,-12.988653182983398,-1.767612098
R462G,-10.051963806152344,-1.34996187
R462M,-11.669235229492188,-1.5124828540000002
R462D,-14.610098838806152,-1.0101862425
R462W,-10.499204635620117,-0.3166404325
R462A,-11.1412353515625,-2.85184706
R462Y,-10.87156867980957,-0.3391962354999999
R462C,-9.9799165725708,-3.24224778
E463Y,-4.676448822021484,-1.3491976019999998
E463W,-4.447441101074219,-0.0749224865
E463V,-4.096240043640137,-0.468151841
E463T,-4.465753078460693,-0.5714804085
E463S,-4.448580265045166,0.2933846065
E463R,-3.66169810295105,0.112820201
E463N,-4.56666898727417,-2.430875425
E463M,-5.31050443649292,-0.964941295
E463K,-2.079616069793701,0.2750787255
E463I,-4.348714828491211,-0.3660934985
E463H,-4.92592191696167,0.2625945325
E463G,-4.588074684143066,0.247247243
E463F,-5.216402053833008,-2.0158669495
E463D,-4.8676910400390625,0.5027803695
E463C,-6.509882926940918,-0.037196885
E463A,-4.583183288574219,0.865219663
E463Q,-4.030327796936035,0.199187205
E463L,-4.336126804351807,-1.29491906
E463P,-3.2741777896881104,-0.734012326
R464G,-1.6765108108520508,0.3345438225
R464N,-3.064054489135742,0.211445154
R464A,0.23251104354858398,0.9222009335
R464C,-0.15931415557861328,0.8462441135
R464D,-6.252749443054199,0.8526831509999999
R464E,-4.198044776916504,0.6611529385
R464F,1.6606254577636719,0.9949932085
R464H,-0.5314311981201172,0.9728878795
R464I,2.814479351043701,0.4866662325
R464K,-0.08599710464477539,0.526977756
R464P,-0.2042245864868164,0.403242824
R464M,1.184946060180664,0.364612681
R464Y,1.9881253242492676,0.6900718990000001
R464W,2.2830119132995605,0.552680549
R464V,1.6154770851135254,0.5614785205
R464T,-0.572812557220459,0.5392234915
R464S,-1.2051615715026855,0.579420414
R464Q,-1.256810188293457,1.7014228365
R464L,4.836662769317627,0.7339976770000001
F465V,-7.152166843414307,1.3374218384999998
F465T,-9.838427543640137,0.1742805635
F465S,-8.92064094543457,-0.1567822625
F465R,-12.522445678710938,-0.9547014695
F465Q,-13.477852821350098,-3.813993563
F465P,-13.820631980895996,-3.840440695
F465N,-12.712250709533691,-3.3447593965
F465M,-8.318443298339844,1.4928453715
F465G,-11.306224822998047,-0.5823540875
F465I,-7.573204040527344,0.0825652095
F465H,-11.10655403137207,-1.3758924755000002
F465E,-15.351106643676758,-1.21152789
F465D,-16.071500778198242,-3.331669928
F465C,-6.671055793762207,1.3260323285
F465A,-9.197648048400879,-0.0302076925
F465W,-8.836196899414062,0.4130295225
F465K,-14.624059677124023,-2.2542396125
F465Y,-6.687122344970703,-0.0781418515
F465L,-5.778440952301025,-0.010256605
V466W,-11.932872772216797,-1.626729742
V466C,-7.328458786010742,0.7609355605
V466D,-10.880509376525879,-2.205679634
V466E,-8.881182670593262,-0.623937148
V466F,-7.777342796325684,-1.2621682090000002
V466G,-8.091287612915039,0.2691306375
V466A,-4.563582420349121,0.2726851655
V466I,-1.4334335327148438,1.04558425
V466K,-10.504312515258789,-0.5199183905
V466H,-11.251140594482422,-0.4974416820000001
V466L,-3.138406276702881,0.7684901795
V466M,-4.779994010925293,0.1840553415
V466N,-8.008634567260742,0.098766868
V466P,-9.457185745239258,-2.994603654
V466Q,-9.435582160949707,-0.7054866584999999
V466R,-10.439312934875488,0.530694846
V466S,-5.970578193664551,0.9284530645
V466T,-1.2694644927978516,1.1285033065
V466Y,-10.20792293548584,0.2574991035
L467T,-7.471229553222656,-0.757267245
L467S,-8.429644584655762,0.1493994315
L467R,-12.435047149658203,-0.4526793585
L467Q,-11.630767822265625,0.530722491
L467P,-10.476188659667969,-0.262415939
L467N,-13.41152286529541,-0.95626586
L467V,-4.699466705322266,0.438238464
L467M,-4.906838417053223,0.0443444425
L467I,-4.395098686218262,-0.4952886555
L467W,-8.891864776611328,-1.1422502735
L467A,-4.778341770172119,0.7338685035
L467C,-8.55932903289795,0.0884949459999999
L467D,-15.079712867736816,0.2753109395
L467E,-13.456838607788086,-0.5952107405
L467F,-4.55535888671875,-0.0624614335
L467G,-7.2654924392700195,0.511806854
L467K,-13.224458694458008,0.183250934
L467H,-12.721890449523926,0.5000606145000001
L467Y,-8.993630409240723,-2.479362079
A468N,-6.301671028137207,-1.019158317
A468C,-1.661952018737793,0.017693406
A468D,-8.962767601013184,0.5477244625
A468E,-8.422662734985352,-1.6628420155
A468F,-1.2691915035247803,0.7770070425
A468G,1.0664920806884766,0.6566349105
A468H,-8.041189193725586,0.16340197
A468I,-2.3029263019561768,1.0351155534999998
A468Y,-4.535514831542969,0.251914162
A468W,-4.6393890380859375,1.1845896415
A468V,-1.4940032958984375,0.0261174675
A468T,-1.3414864540100098,0.1730605164999999
A468S,-1.1090264320373535,0.4498238425
A468K,-7.193721771240234,0.5412060605
A468Q,-7.799585342407227,-0.5852848325
A468L,-1.3330416679382324,0.4020982995
A468M,-2.7328598499298096,1.258100348
A468R,-6.568739891052246,-0.7580684529999999
A468P,-7.547517776489258,0.814294594
V469I,-0.8694496154785156,0.028881452
V469A,-2.653672456741333,0.5305641845
V469C,-1.6950151920318604,1.0689551775
V469D,-9.999650955200195,-0.358990842
V469E,-8.961004257202148,-1.0507553945
V469F,-1.5551836490631104,1.003485961
V469G,-5.219574928283691,0.044164722
V469H,-8.952157974243164,-2.314655082
V469W,-6.442127227783203,0.4321999215
V469Y,-6.148050308227539,0.1442718684999999
V469S,-3.8818724155426025,0.436912757
V469R,-8.874299049377441,-1.7538512905
V469Q,-7.246805191040039,-1.9024336885
V469P,-6.818572044372559,-2.9936788435
V469N,-7.699282646179199,-4.3494742615
V469M,-1.4214088916778564,0.7632778445
V469L,2.4342093467712402,0.4228848115
V469K,-9.320775985717773,-3.8976483345
V469T,-2.896095037460327,0.850454988
V470R,-10.443147659301758,-1.493990798
V470Y,-8.806394577026367,-1.180858466
V470W,-8.951526641845703,-1.877873886
V470T,-4.133088111877441,-0.4340118605
V470Q,-9.51203727722168,-1.5633192785
V470S,-5.70831823348999,0.09536615
V470N,-8.83859634399414,-0.5248760855
V470P,-9.290925979614258,-4.4249640375
V470A,-3.5568671226501465,-0.1434797005
V470C,-2.7882702350616455,0.997099941
V470E,-8.906827926635742,-0.4295594795
V470F,-4.823347568511963,-1.1660793545
V470G,-5.822013854980469,-0.7342835915000001
V470D,-10.008749008178711,-2.829991248
V470I,-0.7364625930786133,0.3654342605
V470K,-10.156110763549805,-2.8964073225
V470L,-1.8809938430786133,0.6823531765
V470M,-2.506481885910034,0.334608579
V470H,-10.561588287353516,-0.2185413305
I471L,-1.488316535949707,1.18362067
I471D,-12.028238296508789,-2.739757858
I471E,-11.236778259277344,-1.548229004
I471F,-2.500702142715454,0.47075804
I471G,-3.679835319519043,0.504553201
I471H,-12.067548751831055,-3.025928913
I471K,-11.671077728271484,-4.960663437
I471M,-3.467674732208252,0.6741806075
I471V,-0.48688989877700806,0.6548085365
I471P,-9.02457332611084,-0.255068785
I471Q,-11.279937744140625,-3.4093583410000003
I471S,-4.15754508972168,1.135082514
I471T,-3.125,0.688459907
I471W,-8.237972259521484,-0.4073695945
I471Y,-9.072052001953125,-2.204104149
I471C,-4.090479850769043,0.5197454845
I471N,-10.255037307739258,-0.8370777845
I471A,-2.0666050910949707,0.389222033
I471R,-11.52774429321289,-3.083265335
T472H,-6.967502117156982,-3.024424049
T472C,-1.8909779787063599,0.7748536975
T472D,-6.9116950035095215,-1.708380657
T472E,-5.735820293426514,-3.1731119175
T472F,-1.3532606363296509,0.8165085559999999
T472G,-3.011909008026123,-0.064120978
T472I,-0.5640822649002075,0.296446552
T472K,-6.82882833480835,-1.079375595
T472L,-1.3017202615737915,0.700263785
T472A,-0.6485878229141235,0.4038577855
T472N,-5.398749351501465,0.1578228019999999
T472P,-4.945517539978027,0.187192412
T472Q,-6.581048488616943,-1.071722301
T472R,-8.590514183044434,-1.397106617
T472S,-1.535460114479065,0.39373273
T472V,1.012378215789795,-0.081488
T472W,-5.19819974899292,-0.3537167565
T472Y,-2.2355527877807617,-0.278454988
T472M,-2.0716710090637207,0.5115537025
C473I,-6.136241436004639,0.4562601725
C473K,-8.225923538208008,-3.538302434
C473P,-10.420303344726562,0.6429435085
C473M,-4.1802897453308105,-1.704851162
C473N,-5.107317924499512,0.060611965
C473H,-5.883351802825928,1.11389433
C473L,-3.2883663177490234,-0.23094488
C473G,-4.0505828857421875,0.30429192
C473S,-2.868354320526123,0.4403347445
C473E,-5.475898265838623,-0.1037176035
C473D,-6.321863651275635,-0.4215464135
C473A,-3.773409366607666,0.138004633
C473T,-4.348726272583008,-0.159658434
C473Y,-1.1377015113830566,-0.001071455
C473V,-5.567985534667969,0.215464952
C473W,-6.319921970367432,0.183522483
C473Q,-6.463354110717773,1.4047117955
C473F,-1.5801500082015991,0.423152154
C473R,-9.46359634399414,-0.3488684215
F474V,-6.297762870788574,1.0204753115
F474T,-6.480746269226074,-0.7336776934999999
F474W,-5.549280166625977,0.3866668075
F474Y,0.5912041068077087,0.4024312715
F474S,-5.970667839050293,0.487772314
F474R,-13.28736400604248,-1.5260779875
F474G,-7.5904388427734375,0.113794437
F474P,-11.83913803100586,-2.7843674645
F474D,-10.010907173156738,-3.3912901355
F474C,-3.5258710384368896,1.045331051
F474A,-6.726681709289551,0.22093003
F474H,-7.191542625427246,-1.1916616395
F474Q,-10.15733528137207,0.3432961465
F474E,-10.667277336120605,-0.650749915
F474I,-5.937490463256836,-1.077578307
F474K,-12.509872436523438,-1.045889389
F474N,-8.229527473449707,-2.9791478225
F474M,-6.995011329650879,0.6224242015
F474L,-4.500750541687012,0.913134544
F475W,-8.31763744354248,0.1386860035
F475V,-2.099360942840576,1.579981524
F475T,-4.076924800872803,0.0741575795
F475S,-3.5557093620300293,0.7047271359999999
F475R,-12.313591957092285,-1.332287773
F475Q,-10.647252082824707,-0.777890422
F475P,-8.379504203796387,-0.7980073425
F475N,-9.845222473144531,0.0004159415
F475L,1.0592970848083496,0.278279163
F475M,-2.1892294883728027,0.0988357675
F475I,-1.4066210985183716,0.6080447165
F475H,-12.077310562133789,-0.039615426
F475A,-3.122387409210205,0.5055581585
F475G,-4.863444805145264,0.8051160115
F475E,-11.697016716003418,-0.985595031
F475D,-11.919066429138184,-0.3283779055
F475C,-2.4646873474121094,1.802098981
F475Y,-8.891316413879395,-0.426148213
F475K,-11.764764785766602,-1.280297885
G476I,-7.128327369689941,0.7755894275
G476Y,-9.530051231384277,-1.2855159785
G476W,-8.981529235839844,-1.2789464155
G476V,-6.2347612380981445,0.4756859815
G476T,-6.527950763702393,0.361833854
G476S,-4.4656596183776855,0.1399622305
G476K,-9.738744735717773,-1.572961574
G476H,-11.287067413330078,0.727376238
G476C,-4.448238372802734,0.3840374855
G476E,-7.286214351654053,-0.2584465415
G476D,-7.783710956573486,-0.4579169420000001
G476L,-6.162473678588867,0.838055975
G476M,-7.190059185028076,1.3649325065
G476N,-7.767489910125732,0.673336869
G476A,-4.952537536621094,0.593294495
G476P,-8.38818073272705,-2.6295638795
G476Q,-9.193903923034668,-2.14274813
G476R,-9.189458847045898,-0.593998434
G476F,-6.0133538246154785,1.6117340994999998
S477Y,-8.816978454589844,0.10496549
S477W,-11.886213302612305,-1.779666887
S477T,-6.16707706451416,-0.4727115795
S477R,-10.199341773986816,-2.1591624525
S477A,-1.418893814086914,1.7330433665
S477N,-7.701235771179199,0.609299699
S477M,-9.881359100341797,-1.1481654955
S477L,-10.329875946044922,-0.431685654
S477K,-11.379454612731934,-2.237506544
S477I,-10.734160423278809,-3.1247178065
S477H,-11.58183479309082,-1.003824801
S477G,-5.323126792907715,-0.100519322
S477F,-9.09974479675293,-1.50619966
S477E,-9.736130714416504,-1.0203318575
S477D,-8.640934944152832,-0.960939315
S477C,-5.499504089355469,-0.154181894
S477Q,-10.75014877319336,-1.102567807
S477P,-8.450037002563477,0.206007478
S477V,-9.05625057220459,-1.417464879
L478H,-10.14346694946289,-0.0433042465
L478C,-6.352659702301025,0.4504802645
L478D,-12.676206588745117,-1.5712522435
L478E,-11.795631408691406,-2.5966715895
L478F,-5.486557483673096,0.513030753
L478G,-9.251517295837402,0.2224215375
L478Y,-12.025118827819824,-1.1356818555
L478W,-10.885232925415039,0.3132590465
L478I,-3.6072568893432617,0.7165532235
L478K,-13.585180282592773,-0.6424785555
L478M,-4.315081596374512,0.1529627985
L478N,-10.13117790222168,-0.4982778585
L478P,-7.880207538604736,-0.412962512
L478Q,-8.819530487060547,0.0859711875
L478R,-13.290994644165039,-0.7075397535
L478S,-6.774054527282715,0.1863463565
L478A,-7.121936321258545,0.0185745725
L478T,-5.470097064971924,1.340335313
L478V,-4.702068328857422,0.6029014604999999
V479F,-0.9770703315734863,0.1730434735
V479E,-3.9139480590820312,-1.0368575605
V479D,-3.1155343055725098,-1.4124297055
V479M,-2.0782275199890137,0.2369184925
V479N,0.05709409713745117,-3.1992233605
V479P,1.5212485790252686,-0.1566163725
V479Q,-3.8933639526367188,-0.2915744825
V479R,-3.8685073852539062,-2.6391383665
V479S,4.21431303024292,0.376255456
V479T,1.7047395706176758,0.464895399
V479G,0.5380306243896484,0.5013184125
V479W,-4.888952255249023,0.52645688
V479C,2.0230214595794678,0.5943961285
V479A,0.8474855422973633,0.5663907229999999
V479I,0.6324434280395508,0.156736455
V479K,-4.087461471557617,-1.4771292965
V479L,-0.6681761741638184,0.8018870745000001
V479Y,-2.9469661712646484,-0.309068786
V479H,-4.0283203125,-2.2511683645
T480R,-9.216699600219727,-1.559758676
T480S,-4.629162788391113,0.353865966
T480V,-8.319805145263672,-2.406839711
T480W,-11.502632141113281,-3.7619715545
T480Y,-7.648585319519043,-0.0758321605
T480Q,-7.5834174156188965,0.3242522195
T480N,-4.294590473175049,1.055829672
T480M,-7.461551189422607,0.3422744355
T480F,-8.46818733215332,0.467290429
T480L,-8.235066413879395,0.346086514
T480K,-9.475496292114258,-3.539037895
T480I,-8.601581573486328,0.106761806
T480P,-5.198362827301025,0.6748872109999999
T480A,-6.081544399261475,-0.62614556
T480C,-5.340363502502441,-0.445631756
T480D,-9.95119857788086,-1.028537085
T480E,-9.706100463867188,0.0611089315
T480G,-8.434849739074707,-0.264412915
T480H,-4.202932357788086,-0.3384434185
L481R,-11.830928802490234,0.3055825945
L481S,-7.083993911743164,0.343417748
L481F,-7.712380409240723,0.005734573
L481Q,-8.931944847106934,0.076230036
L481V,-1.6513601541519165,0.887896701
L481W,-12.16618537902832,-2.6346164875
L481Y,-11.153230667114258,-1.924463651
L481T,-4.041921615600586,0.232277541
L481P,-9.517943382263184,-0.3470107015
L481A,-7.159968376159668,0.3574649379999999
L481M,-4.475404262542725,0.795307267
L481E,-11.460076332092285,-1.6924869375
L481C,-5.2190165519714355,0.856152688
L481D,-12.051639556884766,-2.723960184
L481I,-0.6370654106140137,-0.354061683
L481H,-11.316400527954102,-0.5648641955
L481G,-8.966802597045898,0.3536330579999999
L481N,-8.100475311279297,-0.1889348165
L481K,-12.77543830871582,-3.768269462
T482M,-5.469275951385498,-1.274869058
T482D,-9.997644424438477,-1.872532141
T482N,-5.924158573150635,0.413322448
T482L,-6.2675018310546875,-1.2350712065
T482K,-8.144052505493164,-0.5648798955
T482I,-5.640020847320557,-0.6195976915
T482G,-6.348820686340332,-1.441950575
T482F,-7.035097122192383,-1.0491547959999998
T482E,-8.686525344848633,-2.0936200525
T482P,-3.4231553077697754,-0.1894189485
T482C,-6.094326972961426,0.421422106
T482A,-3.460047721862793,-0.403984604
T482Q,-6.454233169555664,0.247993025
T482H,-9.062004089355469,-0.371017735
T482S,-3.221001148223877,0.499285724
T482V,-6.164663314819336,-1.643649009
T482W,-10.969345092773438,-2.0203284685
T482Y,-9.265018463134766,-1.240802713
T482R,-8.987614631652832,0.420274348
F483H,1.0055766105651855,0.5925403345
F483G,-3.629016876220703,-1.4843607355
F483E,-2.4652514457702637,-3.4570885355
F483D,-2.281003475189209,-1.8585983095
F483C,-2.3219470977783203,0.846686299
F483A,-4.591414451599121,0.00231903
F483L,-3.9894533157348633,-0.030459859
F483M,-5.492359161376953,-0.1923383245
F483N,0.30033254623413086,0.4090944115
F483Q,-1.234940528869629,-0.5563209404999999
F483R,-2.545165538787842,0.3213048665
F483S,-1.4691963195800781,0.2889897275
F483Y,4.132181644439697,0.0463003915
F483W,-2.997709274291992,0.7974369904999999
F483I,-5.1658172607421875,-0.6640162005
F483V,-4.318524360656738,-0.2821684645
F483T,-3.2175440788269043,-0.5862524655
F483P,-2.3550586700439453,0.164885151
F483K,-2.4045023918151855,-1.461617687
G484Y,-11.170318603515625,-2.184774526
G484W,-11.394678115844727,-1.241562424
G484K,-10.091989517211914,-1.6783586565000002
G484S,-5.330667495727539,0.154943519
G484R,-9.14133358001709,-1.103990744
G484Q,-7.991489887237549,-1.4817119019999998
G484N,-7.468255519866943,-0.2597327185
G484M,-11.602531433105469,-3.181689576
G484L,-11.50318431854248,-2.144404238
G484C,-8.077106475830078,0.4652795125
G484D,-7.870053291320801,-0.568454867
G484E,-7.602695941925049,-2.058562928
G484F,-11.858846664428711,-2.1480693335
G484H,-10.467231750488281,-1.4839027105000002
G484I,-12.070547103881836,-2.9416909255
G484T,-8.245265007019043,-2.4351660105
G484P,-7.238277435302734,-2.147580961
G484V,-9.705471992492676,-0.0538096865
G484A,-5.137932777404785,0.0935716775
G485T,-11.5545072555542,-1.709593995
G485W,-12.399303436279297,-2.430349658
G485V,-12.205760955810547,-0.467452782
G485S,-7.664886951446533,-0.9852135955
G485R,-11.278655052185059,-1.45292963
G485Q,-12.837284088134766,-1.9295671335
G485P,-11.16737174987793,-2.421786951
G485N,-11.814065933227539,-1.94588816
G485M,-13.95537281036377,-1.382441127
G485Y,-14.407962799072266,-1.34096469
G485K,-12.5742826461792,-2.67663554
G485I,-15.082758903503418,-1.4676094245
G485H,-13.60235595703125,-2.3869607175
G485F,-14.549421310424805,-1.6563152645
G485E,-10.588210105895996,-2.106987494
G485D,-10.588424682617188,-0.903922874
G485C,-11.091398239135742,-0.2691317855
G485A,-7.424416542053223,-1.3120671495
G485L,-14.244729995727539,-1.7694638925
A486L,-1.7746624946594238,-0.0820346909999999
A486M,-0.15682172775268555,0.4213802985
A486Y,-2.766385555267334,-1.084195806
A486S,-0.43419981002807617,0.5521329905
A486T,-1.7024593353271484,-0.3582066129999999
A486K,-3.736337184906006,-1.4645327609999998
A486R,-4.103433132171631,-1.4349992969999998
A486I,-0.33092427253723145,0.498249333
A486D,-0.8527534008026123,-2.1530302525
A486G,-0.8620815277099609,0.255725345
A486F,-2.649209976196289,0.003629356
A486E,0.15003013610839844,-1.0771592825
A486C,-7.16632080078125,0.6863339890000001
A486Q,0.6179317235946655,-2.1973196765000003
A486P,-4.161791801452637,0.5488834455
A486N,-0.4369051456451416,-1.6868420315
A486W,-5.923842430114746,-1.939480399
A486H,-3.11519193649292,-1.042430748
A486V,-1.0846166610717773,0.664676221
Y487W,-5.379617214202881,-0.9632543785
Y487C,-8.059932708740234,-0.5731196515
Y487A,-8.431346893310547,-1.468572346
Y487H,-4.715033531188965,-0.031956131
Y487I,-7.3644256591796875,-1.2569995685
Y487K,-9.049020767211914,-1.789383684
Y487M,-7.9148850440979,-0.7514769790000001
Y487N,-6.733124732971191,-0.983275091
Y487P,-11.421243667602539,-1.107109162
Y487Q,-7.059638977050781,-1.406470802
Y487L,-5.670421600341797,-0.8516951985
Y487S,-7.044380187988281,-0.6423039425
Y487T,-8.416426658630371,-2.6771987815
Y487V,-7.109185218811035,-0.9367730765
Y487G,-9.25057601928711,-1.9161871325
Y487F,-2.3474950790405273,0.6909999284999999
Y487E,-7.920536518096924,-1.503494025
Y487R,-8.718154907226562,-1.613314261
Y487D,-8.131023406982422,-0.43897766
V488R,-11.497965812683105,-1.7807854315
V488Q,-8.650325775146484,-2.425596794
V488P,-9.31607437133789,-1.7787322555
V488N,-9.34647274017334,-2.2257921175
V488H,-10.533124923706055,-3.3026772475
V488A,-4.607177734375,0.6968927995
V488L,-1.576338291168213,0.4643238015
V488S,-8.065199851989746,-1.0884351145
V488K,-10.975687026977539,-0.8348993645
V488C,-7.936610221862793,0.5714901255
V488T,-5.5013837814331055,0.0385835475
V488M,-0.5642857551574707,0.320338963
V488Y,-5.122076988220215,0.9358246655
V488G,-8.437983512878418,-0.771482827
V488F,-3.604713201522827,-0.043920165
V488E,-9.981700897216797,-1.1261954045
V488D,-10.956273078918457,-1.7616144365000002
V488W,-4.199426651000977,0.8156084684999999
V488I,-0.8911352157592773,0.9604457725
V489H,-10.543014526367188,0.348515274
V489K,-11.097536087036133,-1.432737538
V489L,-1.5637998580932617,0.6644151935
V489F,-3.7234597206115723,0.4827843005
V489M,-3.400212526321411,0.9725988255
V489E,-9.646716117858887,-2.362744175
V489D,-11.587953567504883,-1.2810128355
V489C,-8.503917694091797,-0.0945915715
V489I,-2.701202869415283,0.2257946985
V489A,-6.833755016326904,0.2211651995
V489P,-10.470888137817383,-2.1499677525
V489Q,-8.789839744567871,-0.443058157
V489R,-11.083721160888672,-1.6095109515
V489S,-8.825002670288086,-0.8717598845000001
V489T,-6.894820690155029,-0.5795950515
V489W,-9.70429515838623,0.5118412715
V489Y,-8.264533996582031,-1.2689180095
V489N,-10.149508476257324,-1.449341574
V489G,-9.793069839477539,-1.084103197
K490Y,-2.1109375953674316,0.4862196225
K490C,-5.638925552368164,0.5703725635
K490W,-5.273287773132324,0.5821977804999999
K490T,0.28088605403900146,1.0670606515
K490S,-1.329331398010254,0.5738188005
K490R,-0.5381679534912109,0.52993136
K490Q,0.9979277849197388,0.996559714
K490P,-2.798292636871338,0.855412115
K490A,-2.155881404876709,0.5223491135
K490N,-0.8429765701293945,0.8736499670000001
K490L,-0.9634625911712646,0.9545029165
K490I,-1.9446144104003906,1.0600066685
K490H,-0.06063032150268555,1.0400717235
K490G,-3.249995231628418,0.3577007455
K490F,-3.648268699645996,0.935701197
K490D,-2.259056568145752,-0.8783713559999999
K490M,-1.6287808418273926,0.764444683
K490E,-1.660468578338623,0.2505001565
K490V,-1.666365623474121,0.8519898715
L491A,-7.2262701988220215,-1.802598713
L491Y,-6.292027950286865,-2.101278084
L491W,-7.512317180633545,0.83291872
L491V,-3.9524903297424316,0.1689972245
L491T,-7.073848724365234,-2.5303487645
L491R,-10.302957534790039,-1.8501484455
L491Q,-8.361797332763672,-0.8891154290000001
L491P,-10.456804275512695,-0.6711620905
L491N,-10.274650573730469,-1.8105543625
L491S,-8.470646858215332,-1.829442775
L491K,-10.118279457092285,-3.065214713
L491M,-3.3923237323760986,0.297871942
L491D,-12.414350509643555,-1.4632167305
L491E,-10.680676460266113,-1.7985253744999998
L491F,-3.1407361030578613,0.961379401
L491C,-8.234342575073242,-2.344639315
L491H,-9.130655288696289,-2.7538827025
L491I,-2.652059555053711,0.404091467
L491G,-10.529889106750488,-1.7078774885
L492K,-12.122364044189453,-2.2571164695
L492C,-7.706729888916016,0.0460187285
L492E,-11.502141952514648,-1.47537515
L492F,0.6159977912902832,0.020498798
L492G,-10.593992233276367,-1.4821641255000002
L492H,-10.027082443237305,-0.6544415345
L492I,-3.912283420562744,0.7369671179999999
L492A,-8.252678871154785,-0.385418197
L492D,-13.060397148132324,-3.148461381
L492P,-12.467891693115234,-0.1085781375
L492N,-9.935864448547363,-2.6938665655
L492Y,-5.311670780181885,0.8585289134999999
L492W,-8.108630180358887,-0.789118421
L492V,-4.846870422363281,0.366863706
L492M,-2.620701789855957,0.7352965290000001
L492S,-8.033369064331055,-1.5767985409999998
L492R,-12.401662826538086,-0.597933468
L492Q,-9.284082412719727,-1.0093154505
L492T,-7.963949203491211,-0.526005675
E493S,-2.6095521450042725,-0.2668785785
E493R,-8.834697723388672,-1.9114694095
E493Q,-4.0152482986450195,0.235753372
E493P,-10.635359764099121,-1.840334201
E493N,-0.46326160430908203,-0.858305595
E493M,-7.210866928100586,0.2337474515
E493V,-5.486689567565918,-0.2535774515
E493L,-7.235733985900879,-1.4208043540000002
E493I,-7.197473526000977,-0.243346786
E493H,-5.950472831726074,-0.429026871
E493G,-2.8861448764801025,-0.448234335
E493Y,-6.0042314529418945,-0.141965902
E493D,3.294097900390625,0.74298268
E493C,-7.559934616088867,-0.5759021635
E493A,-3.850947141647339,0.184082674
E493W,-10.360454559326172,-2.6151562445
E493K,-7.362561225891113,-0.2000336885
E493F,-7.795005798339844,-0.9634956605
E493T,-3.719660997390747,-0.3313001325
E494Y,-6.049488544464111,0.424846804
E494I,-4.977282524108887,1.072816164
E494K,-3.3564109802246094,0.2945710035
E494D,-2.5567727088928223,0.837380472
E494L,-5.3137736320495605,0.677814005
E494A,-4.4502668380737305,1.3151124935
E494N,-3.111677885055542,0.4461874995
E494C,-9.35468864440918,0.5619473245000001
E494P,-8.177666664123535,-1.8501259225
E494M,-5.496094703674316,0.0780245835
E494F,-6.8852458000183105,0.7471460765000001
E494G,-5.181692600250244,0.6795412995000001
E494H,-4.824617385864258,-0.0658781485
E494R,-5.175049304962158,0.082607878
E494S,-4.051779747009277,0.877775552
E494T,-2.575608730316162,0.525788221
E494V,-4.266720294952393,0.5281224255
E494W,-6.972772598266602,0.9127511785
E494Q,-2.967410087585449,0.5971516179999999
Y495A,-6.944648742675781,0.7080304470000001
Y495K,-7.667355537414551,-0.9551574785
Y495S,-4.333431243896484,0.197240185
Y495R,-8.509615898132324,-0.7163820295000001
Y495Q,-5.246037483215332,-0.5742126415
Y495P,-10.031190872192383,-1.2545129315
Y495L,-5.549836158752441,0.8999476495000001
Y495C,-6.791013717651367,0.675510113
Y495T,-7.078948974609375,0.6887632855
Y495W,-7.624087333679199,0.841598197
Y495V,-6.890251159667969,0.745162584
Y495N,-3.9373972415924072,-0.5785861445
Y495D,-8.065949440002441,-0.4836072675
Y495E,-7.866057395935059,-0.8150023975
Y495F,-0.507993221282959,0.7953435305
Y495I,-7.60532283782959,0.632583973
Y495G,-7.2525434494018555,-0.1645669095
Y495M,-6.8330078125,0.600816166
Y495H,-4.5186967849731445,0.3982458695
A496F,-9.516548156738281,0.314863081
A496G,0.8645138740539551,-0.038857094
A496W,-11.824424743652344,-1.5127974655
A496C,-5.485497951507568,0.4573091045
A496Y,-10.186269760131836,-0.955340359
A496E,-8.973255157470703,-3.963577223
A496D,-7.145521640777588,-0.444326366
A496V,-4.928005695343018,0.461662752
A496H,-10.331056594848633,-1.0326484215
A496S,-0.6509923934936523,0.9677830905
A496K,-9.971488952636719,-1.8942846135
A496L,-8.118619918823242,0.648538277
A496M,-8.233007431030273,0.8667675555
A496N,-5.130918502807617,-0.3961177545
A496P,-9.837987899780273,-0.2793066385
A496Q,-9.335075378417969,-2.232954271
A496R,-10.497306823730469,-1.56467623
A496T,-4.553850173950195,0.099541509
A496I,-6.839560031890869,0.82427065
T497P,-3.870762825012207,-0.1326469009999999
T497Q,-8.854400634765625,0.495389746
T497Y,-5.960097789764404,0.844849745
T497V,1.0635156631469727,0.3682252655
T497W,-9.718179702758789,0.174417719
T497N,-5.090304374694824,0.076019087
T497R,-10.54257583618164,0.608749225
T497M,-5.259355545043945,0.9007499015
T497G,-2.6741185188293457,-1.0926699075
T497K,-9.494878768920898,0.5130171514999999
T497I,-0.9981772899627686,0.7760597705
T497H,-9.751676559448242,0.8840125305
T497F,-5.4952616691589355,1.0466259595
T497E,-7.947913646697998,-1.196401205
T497D,-7.206065654754639,-0.7475765405
T497C,-3.9047718048095703,0.6053173854999999
T497A,0.3494911193847656,0.4675262225
T497L,-4.976630687713623,0.782014475
T497S,-1.7230706214904785,0.495122316
G498I,-7.079490661621094,-0.4710161555
G498R,-6.876379489898682,0.42759519
G498K,-7.9174394607543945,0.1493331735
G498L,-6.883871555328369,-0.552306461
G498M,-7.398396015167236,0.0488006575
G498N,-7.721352577209473,0.623337592
G498P,-6.919153690338135,-0.868656868
G498F,-7.784037113189697,-0.3096363275
G498A,-3.728426456451416,0.519370456
G498H,-8.649025917053223,-0.26561342
G498S,-4.561458587646484,0.6802835925
G498E,-7.135681629180908,-0.2312099960000001
G498D,-8.258121490478516,-1.015906763
G498C,-6.6369829177856445,0.304860495
G498T,-5.505274295806885,0.642409542
G498V,-5.991486549377441,0.911232387
G498W,-8.283795356750488,-1.8286064665
G498Y,-8.491674423217773,0.306975591
G498Q,-7.4906816482543945,0.0116075305
P499Y,-4.600841522216797,-0.351888366
P499W,-6.843955039978027,-0.243280316
P499V,-1.6919960975646973,0.2233512055
P499S,-4.083617210388184,-0.0657710045
P499R,-6.063195705413818,0.4782431575
P499Q,-4.979874610900879,0.064182659
P499N,-6.211127758026123,-2.1599114605
P499M,-2.659331798553467,0.715735165
P499L,-0.8395134806632996,0.3651027335
P499K,-6.915799140930176,0.4296776855
P499I,-0.6367673277854919,0.0601370145
P499A,-3.3075928688049316,0.057362466
P499T,-2.7503230571746826,-0.3235534875
P499H,-6.126201629638672,-0.9017222745
P499G,-5.623948097229004,-0.1079650765
P499F,-2.787741184234619,0.8898653959999999
P499E,-8.083951950073242,-2.211088873
P499D,-9.147335052490234,-2.4704849255
P499C,-7.597560405731201,-0.050587733
A500P,-2.4576761722564697,0.1313386725
A500N,-4.396053314208984,-0.7085071140000001
A500Y,-9.394410133361816,-0.499039145
A500M,-7.770012378692627,0.4837911235
A500V,-3.9650344848632812,0.2396575445
A500K,-10.221024513244629,-0.799219896
A500I,-6.0176682472229,0.3167817665
A500H,-9.456014633178711,-0.512502437
A500G,-3.318390130996704,0.2398030385
A500F,-8.820880889892578,0.4415872265
A500E,-8.940427780151367,-0.0920439215
A500D,-7.773125171661377,-1.228697067
A500W,-11.537174224853516,-0.331534742
A500L,-7.4517035484313965,0.4107980895
A500T,-2.8861634731292725,0.015014332
A500S,-0.5327044129371643,0.352989662
A500R,-10.343164443969727,-0.7646181634999999
A500Q,-8.931315422058105,-0.145874533
A500C,-5.062143325805664,0.5727079565
V501N,-9.09044075012207,-0.4946750305
V501Y,-10.129829406738281,-0.319272684
V501L,-1.7651658058166504,0.3682557695000001
V501W,-12.375307083129883,-0.59553297
V501I,1.2035517692565918,0.0352899965
V501T,-3.745575428009033,-0.1777850575
V501S,-5.392034530639648,0.53355273
V501K,-10.719236373901367,-1.5276176
V501Q,-10.943763732910156,0.2490862835
V501P,-8.577461242675781,-0.168010341
V501H,-12.607460021972656,0.382448199
V501R,-10.878028869628906,-0.1814820395
V501M,-4.739128112792969,0.3719683195
L502S,-6.899529457092285,-0.010107859
L502K,-10.744108200073242,-1.861240502
L502T,-4.688258171081543,0.6416492235
L502M,-1.7795448303222656,2.3011843885
L502I,-1.5292930603027344,0.551790473
L502H,-10.415624618530273,-0.944137705
L502G,-6.577655792236328,-0.0041607615
L502F,-2.5479483604431152,0.6107829395000001
L502D,-11.488005638122559,-1.975834172
L502E,-9.362622261047363,-1.601204017
L502P,-8.103034973144531,0.5595058620000001
L502Q,-8.073640823364258,0.1107130625
L502R,-10.718297958374023,0.997661091
L502C,-5.454084396362305,0.4356798725
L502A,-4.2410736083984375,0.209552424
L502Y,-7.488550186157227,0.3597514529999999
L502W,-8.683745384216309,0.440608718
L502V,-2.1538915634155273,1.464959703
L502N,-9.68526840209961,-1.885611663
T503K,-9.790557861328125,-0.949624695
T503W,-6.756674766540527,-0.0788355345
T503L,-1.8787007331848145,0.663493195
T503I,-0.2582221031188965,0.7583476345
T503Y,-6.196724891662598,0.242897394
T503G,-3.085472345352173,0.7711708545
T503F,-2.8135154247283936,0.9063764635
T503E,-7.5216217041015625,-0.7355170895
T503C,-0.6820378303527832,0.658556139
T503A,-1.6089317798614502,2.1655620055
T503M,-2.971910238265991,1.076815131
T503N,-5.843273162841797,1.360768901
T503P,-6.177329063415527,1.528807195
T503Q,-8.307060241699219,-0.51664691
T503R,-10.513530731201172,-0.2586171075
T503S,-1.7408466339111328,2.039556842
T503V,-0.5339641571044922,0.6104002479999999
T503H,-8.9429931640625,0.9461787525
T503D,-8.52047348022461,-0.316847884
V504F,-3.4798388481140137,-0.506418701
V504K,-10.334238052368164,-2.920385228
V504I,0.8028067946434021,0.303453601
V504H,-9.076828002929688,-1.123069582
V504G,-5.514236927032471,1.1334043445
V504N,-5.9565229415893555,-0.6848609784999999
V504S,-5.457766532897949,0.0431104595
V504T,-3.339317798614502,0.104925012
V504W,-10.194904327392578,-1.2950482395
V504Y,-5.9099907875061035,-0.6899773675
V504A,-3.2101902961730957,0.252480381
V504C,-6.295898914337158,0.749302117
V504D,-8.792860984802246,-1.0586423115
V504E,-7.163373947143555,0.0967585985
V504M,-3.090970039367676,0.231714931
V504P,-8.849181175231934,0.039197517
V504L,0.20873117446899414,0.097325074
V504R,-11.191097259521484,-1.5948508995
V504Q,-7.306572914123535,-1.309571759
A505F,-6.4181952476501465,-8.58990000000004e-05
A505H,-11.166011810302734,0.2798631345
A505G,-2.922757625579834,1.3992670135
A505W,-11.462791442871094,-0.2760366945
A505E,-7.020962238311768,1.155397192
A505D,-6.665604114532471,-0.8722918715000001
A505C,-2.7805638313293457,0.913793566
A505N,-5.640780925750732,-0.121661003
A505P,-7.115481853485107,-0.054856747
A505Q,-9.44852066040039,-0.0163695625
A505R,-11.7757568359375,-0.4879677145
A505S,-3.3461031913757324,0.3984462170000001
A505T,-2.6019234657287598,0.4476133875
A505V,3.122612476348877,0.8978295059999999
A505I,-1.4601936340332031,0.534504401
A505K,-11.099056243896484,-0.75488632
A505Y,-8.737293243408203,0.3242964015
A505M,-4.429928779602051,0.834701428
A505L,-3.4907517433166504,0.5591438485
L506A,-2.900550365447998,0.163124253
L506Y,-6.179784774780273,-1.6287578545
L506C,-1.4229329824447632,0.498469261
L506D,-13.04532241821289,-2.431066413
L506E,-11.551613807678223,-2.081409971
L506W,-7.762938499450684,2.3307444835
L506S,-4.383559703826904,-0.495441927
L506R,-13.451462745666504,-1.7253161615
L506T,-3.023594856262207,-0.1485846065
L506P,-10.275136947631836,-1.493350402
L506N,-9.982026100158691,-1.966999679
L506F,0.05617332458496094,0.400005671
L506G,-4.651315689086914,-0.3796774595
L506H,-11.45824146270752,-3.84141851
L506I,-0.15532588958740234,-0.010992697
L506K,-12.161324501037598,-3.6750205765
L506M,-0.8566640615463257,0.780853797
L506Q,-11.164191246032715,-3.705278448
L506V,-0.8621319532394409,3.3451751310000004
I507R,-10.561075210571289,-1.321852493
I507A,0.1610560417175293,0.6201220165
I507C,1.4101580381393433,0.44346055
I507D,-10.210489273071289,-1.446925626
I507E,-8.269169807434082,-1.949281134
I507S,-1.0813140869140625,1.771359538
I507K,-10.194190979003906,-2.775014537
I507V,0.2968168258666992,1.25638402
I507W,-3.4108386039733887,0.050739296
I507F,2.271221160888672,-0.2939599825
I507Y,-3.882906913757324,-0.145396198
I507T,-0.48633861541748047,0.7619322279999999
I507H,-8.456071853637695,-0.4308893825
I507G,-1.4384422302246094,0.555356981
I507Q,-7.289054870605469,-2.148649065
I507P,-6.334551811218262,-1.459620189
I507N,-7.2206878662109375,-0.4980617795
I507M,0.1327652931213379,1.991994217
I507L,1.9495753049850464,0.8763364825
E508R,-13.22484016418457,0.049716825
E508Y,-12.052474021911621,-2.7515540135000003
E508V,-10.071416854858398,-0.6713569484999999
E508T,-10.525909423828125,-1.0644544145
E508S,-9.839083671569824,-0.9264237505
E508W,-12.838058471679688,-0.3252120965
E508D,-6.977361679077148,0.131108034
E508F,-12.986257553100586,-1.442205745
E508G,-9.855772018432617,0.194709543
E508H,-11.015857696533203,-2.0546600215
E508I,-10.651202201843262,-4.522309774
E508K,-10.529855728149414,0.33050129
E508L,-10.3629150390625,-1.575388769
E508M,-8.552955627441406,-4.0249835905
E508N,-10.438921928405762,0.110638487
E508P,-16.908611297607422,-2.672830575
E508Q,-5.251843452453613,0.4360976495
E508A,-11.402677536010742,0.461399403
E508C,-12.233592987060547,-0.8809680115
A509D,-10.287257194519043,1.3383556995
A509C,-1.4168659448623657,0.613652447
A509Y,-9.861285209655762,1.072853247
A509W,-11.836569786071777,-0.1093779615
A509T,-0.923069953918457,0.9507791325
A509S,-2.77459716796875,0.8531565940000001
A509E,-9.365278244018555,-0.9017469535
A509F,-6.793098449707031,0.7099818675
A509G,-4.412612438201904,1.167026273
A509R,-11.791961669921875,-1.556041912
A509H,-11.149651527404785,0.1601693195
A509I,-2.7454543113708496,0.9476883865
A509K,-11.940531730651855,-2.0542170705
A509L,-2.125476837158203,0.9133890385
A509M,-2.8177614212036133,0.6906973025
A509N,-6.788452625274658,-0.3923269465
A509P,-9.83729362487793,-0.0003334825
A509Q,-9.699172973632812,0.1111976475
A509V,-1.1553397178649902,1.1964873235
V510F,-2.6604013442993164,-0.1466979219999999
V510G,-5.0808939933776855,0.990268737
V510A,-2.800415515899658,0.069060018
V510Y,-6.788447856903076,-0.2952974305
V510W,-7.9433207511901855,-1.3068238295
V510T,-2.3655571937561035,0.174127932
V510S,-4.422199249267578,-0.339362395
V510R,-10.211616516113281,-1.320868367
V510Q,-8.31085205078125,-2.127394979
V510P,-7.312160968780518,-1.9921779505
V510M,-2.5254268646240234,0.3776166245000001
V510L,-1.3500622510910034,0.904249087
V510K,-9.175152778625488,-1.5225153355
V510I,0.9816007614135742,0.7876124945
V510H,-9.766024589538574,-3.01127307
V510C,-4.238316535949707,-0.0133583975
V510N,-7.271475315093994,-3.0524697785000003
V510D,-10.757060050964355,-2.929094028
V510E,-8.73703670501709,-0.4872367005
A511I,-7.6313958168029785,-0.801540967
A511Y,-11.619953155517578,-2.404826426
A511K,-13.659709930419922,-3.5470129635000003
A511H,-13.38848876953125,-4.9976189710000005
A511G,0.17738866806030273,1.197141489
A511F,-8.344751358032227,-2.118726977
A511E,-10.855060577392578,-2.9396405405
A511D,-11.044157028198242,0.701671862
A511C,-5.254404067993164,0.385175634
A511W,-12.45473861694336,-1.721277542
A511V,-5.244145393371582,0.308143687
A511T,-3.8515796661376953,-0.372828381
A511S,-2.1589179039001465,0.9235013315
A511R,-12.149837493896484,-1.923397878
A511Q,-12.26513671875,-4.0125998665
A511P,-9.879953384399414,-0.823388901
A511N,-10.355318069458008,-1.1740038305
A511M,-7.906445026397705,-2.3439902740000003
A511L,-8.047494888305664,-1.867019313
V512Y,-9.732463836669922,-2.7329106435000003
V512G,-9.16273307800293,1.3050122925
V512W,-12.138253211975098,-1.4102855085
V512T,-6.611159324645996,0.030192371
V512S,-9.832798957824707,-1.6746850005
V512R,-15.252964973449707,-1.7396076130000002
V512Q,-13.179590225219727,-1.1840657155
V512P,-11.479105949401855,-2.206024274
V512N,-12.292539596557617,-2.2648759335
V512M,-5.65431022644043,-0.9068592235
V512L,-3.2920074462890625,-0.360971165
V512K,-13.846305847167969,-1.3748650095
V512I,-0.5741657614707947,0.2186905925
V512D,-14.141708374023438,-0.6953415685
V512E,-12.945716857910156,-0.8585104729999999
V512F,-5.514837265014648,-2.3012983425
V512A,-5.8667497634887695,-0.718205153
V512C,-7.792567253112793,-0.7888590870000001
V512H,-13.61526107788086,-2.2946227355
S513L,-7.329318046569824,-0.8835727520000001
S513P,-8.628137588500977,-2.950040383
S513M,-4.658222198486328,1.294268421
S513Q,-7.593635559082031,0.113213694
S513K,-11.807268142700195,-2.7544550435
S513R,-11.806228637695312,1.9990631085
S513T,-1.7708284854888916,0.8567588205
S513V,-3.4823458194732666,-0.6052654435
S513W,-9.864893913269043,-1.4804701665
S513N,-4.542702674865723,0.454076999
S513Y,-8.883460998535156,-0.3151021805
S513A,-0.6280226707458496,0.26678647
S513H,-9.518026351928711,-0.7247077005
S513G,-2.27268385887146,0.0854190344999999
S513F,-5.997424125671387,0.7159725265000001
S513E,-9.121129989624023,-1.547277276
S513D,-10.252690315246582,-1.0289876015
S513C,-0.6247925758361816,0.4963747735
S513I,-4.110931396484375,0.590919263
W514N,-12.132269859313965,-1.5753653069999998
W514L,-9.776576042175293,-0.2507716985
W514T,-11.417168617248535,-2.672540779
W514I,-11.17230224609375,-3.829633456
W514P,-14.418024063110352,-4.552922615
W514H,-9.513228416442871,-0.093490996
W514G,-9.27259635925293,0.4951099675
W514F,-7.564448833465576,0.624434863
W514E,-13.655324935913086,-2.7053103430000003
W514D,-14.018651008605957,-1.4171895685
W514C,-7.362635612487793,0.008447656
W514A,-10.484048843383789,-2.3090105430000003
W514K,-11.595902442932129,-2.9696874155
W514Q,-11.20966911315918,-0.5026157775
W514M,-11.093515396118164,-0.9618220105
W514S,-9.029937744140625,-0.9111082775
W514V,-11.400946617126465,-1.3192268475
W514Y,-3.6528334617614746,-0.089427974
W514R,-8.968379020690918,-0.493214511
F515V,-3.2057480812072754,1.6310497780000002
F515T,-5.545442581176758,-1.3014602595
F515S,-6.056316375732422,-0.363448245
F515R,-9.189972877502441,-1.5812547345
F515Q,-9.840476036071777,-2.2165607965
F515P,-10.026023864746094,-2.954739732
F515N,-9.544184684753418,-4.480674352
F515M,-5.092435359954834,0.357930964
F515W,-6.660440444946289,-0.7141822115
F515K,-7.928737640380859,-3.3261892164999995
F515I,-2.059663772583008,0.065222269
F515H,-8.923232078552246,-2.200818617
F515G,-5.913628578186035,0.4250212125
F515E,-11.268712997436523,-1.7632703605000002
F515D,-13.412569046020508,-1.853092481
F515C,-3.4542641639709473,2.07502422
F515A,-5.141995429992676,0.342976809
F515Y,-4.219330310821533,-1.1311736815
F515L,-4.18567419052124,1.784245116
Y516Q,-12.95324993133545,-2.102847834
Y516S,-10.251364707946777,0.344957699
Y516T,-11.208611488342285,-1.188425575
Y516V,-10.18381118774414,-1.3893300575
Y516W,-9.383208274841309,-1.379634108
Y516R,-13.104494094848633,-1.953051415
Y516G,-12.700960159301758,-1.9379280315
Y516L,-9.751850128173828,-1.7373465125
Y516E,-15.067292213439941,-1.0733504935
Y516D,-13.467866897583008,1.987619982
Y516C,-7.660843372344971,1.1130612235
Y516A,-11.24818229675293,-1.997258772
Y516H,-8.314899444580078,-0.6939102915
Y516F,-5.284147262573242,-0.721756182
Y516I,-10.136549949645996,-1.7288456069999998
Y516K,-13.358933448791504,-2.3709081125
Y516M,-11.258589744567871,-1.4882355465
Y516N,-10.662992477416992,-1.5614102325
Y516P,-13.646700859069824,-2.320036352
G517Y,-13.956074714660645,-1.4646182415
G517E,-9.924745559692383,-1.7000360175
G517D,-8.755793571472168,-0.394801309
G517L,-14.397924423217773,-1.3863683655
G517A,-10.649933815002441,-1.7938348455000002
G517K,-9.17298412322998,-1.0299550365
G517C,-11.282756805419922,-0.6280339525
G517V,-12.74981689453125,-0.31556032
G517W,-13.785062789916992,-1.733876206
G517F,-14.394246101379395,-1.288820813
G517P,-11.597232818603516,-2.325829725
G517H,-11.994542121887207,-2.381240904
G517I,-14.213356971740723,-1.697978485
G517N,-9.63932991027832,-0.9476155015
G517S,-7.780447959899902,-0.3686713495
G517T,-9.948029518127441,-0.7251789525
G517R,-9.028371810913086,-1.620324647
G517M,-14.063199043273926,-1.7411565235
G517Q,-12.206250190734863,-1.885613217
I518D,-6.721671104431152,-1.4706620780000002
I518E,-5.450404167175293,-0.202988927
I518F,-3.633774757385254,-0.40677129
I518G,-5.859660625457764,-0.54194425
I518H,-4.155394554138184,-0.9217533045
I518K,-5.820652961730957,-0.628974257
I518C,-4.945373058319092,0.6384165115
I518W,-6.8613080978393555,-0.7046640959999999
I518A,-2.6816811561584473,-0.6143124215
I518S,-3.673643112182617,1.699170536
I518R,-5.618905067443848,-1.6362512305
I518Q,-4.559284687042236,0.1901649005
I518P,-6.447973251342773,-1.331405732
I518N,-3.234908103942871,0.5895722285
I518L,-1.656590461730957,0.1585679875
I518T,-1.3622698783874512,0.2545972225
I518Y,-5.198125839233398,-0.1245542365
I518V,-0.5132980346679688,0.534339158
I518M,-2.2832565307617188,2.504396154
T519F,-5.058964729309082,-0.1859316395
T519R,2.2111010551452637,0.774560183
T519G,0.1506202220916748,0.413969628
T519Y,-3.591308832168579,-0.7410190045
T519W,-5.067305564880371,-1.64812165
T519V,-2.967050790786743,0.0545232905
T519S,-0.14411568641662598,0.478044559
T519Q,1.2389578819274902,0.4981679745000001
T519P,-1.5568926334381104,1.6118091469999998
T519M,-4.5756378173828125,0.199881288
T519N,2.368375062942505,1.7866949495
T519K,2.779726982116699,1.793102867
T519I,-3.857447862625122,-0.1849213385
T519H,-0.1850903034210205,0.0469135575
T519A,-1.7404968738555908,0.2263163625
T519C,-4.088319778442383,0.1218736275
T519D,1.8080558776855469,0.4921705365
T519E,0.9531891345977783,0.683173345
T519L,-3.708209276199341,-0.8767729615000001
Q520F,-8.826332092285156,0.047449561
Q520H,-3.9561290740966797,0.4130510265
Q520G,-5.712891101837158,0.2435504735
Q520E,-5.311551570892334,1.225398102
Q520W,-8.925762176513672,-0.7182226359999999
Q520C,-6.274593830108643,-0.4187167875
Q520A,-6.695710182189941,0.7578564405
Q520I,-7.379325866699219,-0.07713898
Q520D,-5.807354927062988,0.0618339625
Q520K,-1.4598355293273926,0.8847463855
Q520S,-4.186927795410156,0.5465049654999999
Q520M,-6.380570411682129,-0.176347371
Q520N,0.626220703125,0.595412075
Q520P,-6.254105567932129,0.9865366865
Q520R,0.5820398330688477,0.495828875
Q520T,-4.87935209274292,0.4182666985
Q520V,-7.122190475463867,0.2067306615
Q520Y,-7.07965087890625,0.334918209
Q520L,-6.132091045379639,0.2236069585
F521I,-5.710369110107422,-1.1581739055
F521H,-9.2951021194458,-0.8579690790000001
F521G,-12.77470588684082,-1.981016194
F521A,-9.955873489379883,-2.058482655
F521D,-14.38908576965332,-2.2695026315
F521C,-7.757491588592529,1.561302476
F521K,-13.228941917419434,-1.103679064
F521E,-14.764220237731934,-4.143303558
F521L,-3.6022424697875977,0.8115833404999999
F521Y,-3.095877170562744,-1.12518312
F521N,-11.903818130493164,-1.8326907765
F521P,-12.27078914642334,-1.818731001
F521Q,-12.321619033813477,-1.509675679
F521R,-13.46161937713623,-2.1780344295
F521S,-9.892906188964844,-0.8947071109999999
F521T,-9.630826950073242,-1.7948131405
F521V,-6.461733818054199,1.559696834
F521W,-9.183989524841309,-1.690959441
F521M,-7.21953010559082,0.149970498
C522P,-5.574659824371338,-2.7367789410000003
C522Q,-4.756697177886963,0.5159551995
C522T,-1.6191202402114868,0.627951454
C522W,-5.598022937774658,0.2507758125
C522V,-3.8912816047668457,0.1641883595
C522N,-3.138500213623047,-0.1498332955
C522Y,-3.3340020179748535,-0.817540756
C522M,-3.208644390106201,0.181067972
C522G,-4.126576900482178,1.2569047290000002
C522K,-6.067391395568848,-1.1200937935
C522I,-3.3213653564453125,-0.4225682655
C522H,-5.5300612449646,-1.7680438895
C522F,-2.699939250946045,-0.4528788275
C522E,-7.323662757873535,0.212227643
C522D,-7.651405334472656,-1.6702122515
C522A,-2.10488224029541,0.378931875
C522R,-4.230434417724609,-0.501774742
C522L,-1.6577759981155396,-0.158251994
C522S,1.6128628253936768,0.7897223625
R523C,-4.076900482177734,0.7517843325
R523V,-3.560283660888672,0.45254872
R523N,1.0226142406463623,0.3067971985
R523P,-7.25636100769043,-2.390492763
R523Q,-0.9556159973144531,0.50784642
R523S,-1.1584765911102295,1.038565207
R523T,-2.224392890930176,0.538823174
R523W,-4.641366004943848,0.201901699
R523Y,-3.864347457885742,0.4335205845
R523L,-3.0556764602661133,0.5893386254999999
R523M,-3.3933181762695312,-0.3035643015
R523I,-3.7303428649902344,0.0287157995
R523H,-2.0166573524475098,0.3232104165
R523G,-1.3289806842803955,0.4372489845000001
R523F,-4.743770599365234,0.473850095
R523E,-0.843569278717041,0.8240123184999999
R523A,-1.4737989902496338,-0.1216973805
R523D,-0.9682655334472656,1.3478728325
R523K,-0.04395890235900879,0.5875820310000001
D524Q,-8.343417167663574,-1.1955669725
D524N,-3.8402488231658936,0.0425364855
D524P,-8.516491889953613,-3.44264056
D524Y,-7.50328254699707,-0.479103447
D524S,-6.258938312530518,-1.200532408
D524T,-7.314372539520264,-0.780246911
D524R,-9.500078201293945,-1.9418813275
D524M,-10.816959381103516,-1.5166271545
D524W,-13.976179122924805,-2.2890701325
D524L,-10.750011444091797,-0.978618308
D524V,-7.43769645690918,-0.786133512
D524I,-9.320711135864258,-0.71279205
D524K,-8.612605094909668,-1.6864985935
D524A,-6.821526527404785,-1.248362913
D524E,-6.184564590454102,1.0159260745
D524C,-9.085922241210938,-1.023152609
D524F,-11.107660293579102,-1.33710265
D524H,-5.673210620880127,-1.0316872415
D524G,-6.740408897399902,-1.0115003735
V525A,-4.208111763000488,0.0135045495
V525Y,-7.970360279083252,-1.81410606
V525S,-7.108829975128174,-1.548242939
V525R,-9.716903686523438,-1.70971033
V525Q,-9.254325866699219,-0.189950556
V525W,-9.130449295043945,-2.4406450995
V525N,-7.821699619293213,-1.9795233115
V525P,-9.705055236816406,-2.0147283795
V525L,-2.421830415725708,0.518081638
V525K,-9.720663070678711,-2.8830273605000003
V525I,0.9381675720214844,0.8913172675
V525H,-10.17072868347168,0.508700069
V525G,-9.166099548339844,0.4868204425
V525F,-4.632917404174805,-1.5776703865
V525E,-10.528078079223633,-0.5188459185000001
V525D,-11.192705154418945,-2.632262194
V525C,-5.308166980743408,0.788658108
V525M,-2.5557658672332764,0.1681707525
V525T,-3.7540206909179688,0.6366746114999999
K526L,-5.787054538726807,-1.919742111
K526M,-5.985395908355713,-0.5463574210000001
K526N,-4.467189311981201,0.590112191
K526P,-9.113327026367188,-2.4739108245
K526W,-7.439777851104736,-5.3612761765
K526R,-2.0126888751983643,0.3112955315
K526S,-4.9380340576171875,0.426740261
K526T,-4.5288920402526855,0.3559668665
K526V,-5.729052543640137,-1.563126294
K526Y,-5.502699851989746,0.094742358
K526I,-6.867181777954102,-0.7153781929999999
K526Q,-0.9713390469551086,0.523265354
K526H,-2.990851640701294,1.124210807
K526F,-7.0038299560546875,-1.2308971215
K526G,-5.605525016784668,-0.2771226985
K526E,-0.21097570657730103,1.0557704315
K526D,-5.47074031829834,0.024566079
K526C,-6.426544189453125,-0.7314786545
K526A,-5.082773208618164,-0.529800615
E527R,-1.9860655069351196,0.4098628645
E527M,-1.0323454141616821,0.0257968695
E527L,-1.7088080644607544,0.507967485
E527K,-1.7293704748153687,0.6822115195
E527I,-2.5361342430114746,0.7781793875
E527H,-3.5383620262145996,0.193589832
E527G,-3.1531600952148438,0.527909223
E527F,-3.9673051834106445,0.382732694
E527Q,-1.1039637327194214,0.4556458695
E527D,-1.1992160081863403,0.8079982075
E527A,-0.927763819694519,0.71419441
E527N,-2.0785818099975586,0.8752509940000001
E527P,-7.414639949798584,-1.203459872
E527Y,-4.756415843963623,0.9171752645
E527W,-6.743551731109619,-0.2368385635
E527V,-2.421341896057129,0.4777807635
E527T,-1.580051064491272,0.5609004745
E527S,-1.708349347114563,0.534564056
E527C,-3.6394033432006836,0.5583317825
M528G,-12.627113342285156,-1.984609684
M528F,-9.113322257995605,-2.7516875445
M528E,-10.570484161376953,-0.78818353
M528H,-11.62293815612793,-2.244544152
M528C,-10.480164527893066,-1.9616338855
M528A,-8.486618041992188,-2.358753073
M528D,-12.872955322265625,-1.990557598
M528I,-5.815033912658691,0.1474213175
M528T,-7.529339790344238,-0.2562302985
M528L,-6.356222152709961,-0.240259668
M528Y,-11.135072708129883,-1.6948505580000002
M528K,-9.574302673339844,-0.639511979
M528V,-8.127262115478516,-0.422416565
M528S,-9.450556755065918,-2.0870791615
M528W,-13.00021743774414,-1.288388629
M528P,-15.198984146118164,-4.5992607705
M528R,-10.849132537841797,-0.8679070525
M528N,-10.68972110748291,-2.5484814185
M528Q,-9.295191764831543,-2.847769591
L529Y,-11.022867202758789,1.082300555
L529W,-12.530736923217773,-0.318950192
L529V,-5.1135454177856445,0.441527536
L529T,-5.657426357269287,0.5379176625
L529S,-9.696393966674805,0.4792678635
L529R,-12.184304237365723,-0.4898504135
L529Q,-10.903438568115234,0.751770449
L529P,-12.353687286376953,-0.527254015
L529M,-4.7624592781066895,0.254659805
L529N,-10.823153495788574,-0.5028542795000001
L529C,-8.46424388885498,0.7238253984999999
L529D,-14.740134239196777,-0.5254165670000001
L529E,-14.71731185913086,-0.8932220315
L529F,-6.884467124938965,-0.3869740815
L529G,-13.08346176147461,-1.5529342940000002
L529H,-12.512653350830078,-1.187010663
L529I,-1.702643871307373,0.617541387
L529K,-12.801956176757812,-2.4368447335
L529A,-8.944037437438965,-0.8713370765
G530H,-5.61760139465332,-0.5440176114999999
G530F,-10.402168273925781,-0.9619737935
G530I,-10.561858177185059,-2.9367302655
G530K,-4.569174289703369,-2.240649244
G530Q,-5.528362274169922,-0.9321423325
G530M,-9.38714599609375,-0.5000581705
G530T,-7.917564868927002,-0.7931820845
G530S,-4.388356685638428,-0.623231772
G530R,-5.316347122192383,-1.2057540585
G530L,-9.361178398132324,-1.3281181665
G530D,-2.554633617401123,-0.112309175
G530E,-4.578619480133057,-1.2155857005
G530V,-8.653289794921875,-0.5810628615
G530P,-10.530364990234375,-2.426930657
G530Y,-8.721802711486816,-0.8714548834999999
G530W,-10.538272857666016,-1.7578859495
G530C,-7.244671821594238,0.963066238
G530N,-3.005542039871216,-1.887274942
G530A,-5.929487705230713,-1.401920705
F531G,-8.109941482543945,-0.7227244215
F531I,-4.993017196655273,0.4548585515
F531K,-5.172144889831543,-1.263345557
F531L,-5.640645980834961,0.70924406
F531M,-6.414455890655518,-0.369480554
F531N,-7.292019844055176,0.042541558
F531P,-9.661945343017578,-4.1190260885
F531Q,-6.019179344177246,0.675494459
F531R,-4.0874128341674805,-0.168079809
F531S,-4.733585357666016,0.2975077605
F531T,-6.175140857696533,0.8246699025
F531V,-4.936810493469238,1.2259782259999998
F531W,-6.015635013580322,0.4326601965
F531Y,-3.040602684020996,0.323843059
F531H,-4.590551376342773,0.9802810755
F531E,-6.604708671569824,0.6352756715
F531C,-6.4083452224731445,0.1215633125
F531A,-6.010880947113037,-0.1925356225
F531D,-8.089253425598145,0.242336896
S532T,-0.6872000694274902,0.2453071405
S532P,-3.344639301300049,-0.3063841525
S532Q,-1.0860698223114014,-0.9188083575
S532R,-2.413688898086548,-0.529284216
S532N,-3.281592845916748,0.7236403245
S532M,-0.6557431221008301,-1.3503929665
S532L,-2.3906900882720947,-0.800987815
S532K,-1.9882125854492188,0.554876174
S532I,-3.059206485748291,-1.6891001155
S532H,-3.5204529762268066,0.056102741
S532F,-2.7426958084106445,-0.20271872
S532Y,-1.1341309547424316,0.4982397685
S532E,-0.37685608863830566,-0.36639425
S532D,-4.0486650466918945,0.1161728355
S532C,-3.6512980461120605,0.735665921
S532A,-0.696988582611084,1.9077580845
S532V,-2.6556143760681152,-1.2608160035
S532G,-4.8088884353637695,0.1859388785
S532W,-5.122859001159668,0.15527543
P533Q,-8.549227714538574,-2.8887955285
P533S,-6.307207107543945,-1.0062296345
P533L,-4.016674041748047,-0.829998418
P533Y,-9.757655143737793,-1.2323346535
P533W,-10.792947769165039,-1.653172253
P533V,-1.6096510887145996,-0.5036186595000001
P533T,-4.615408897399902,-0.4232135315
P533K,-10.028252601623535,-2.15094562
P533R,-10.35508918762207,-1.182286902
P533I,-2.8644931316375732,-2.150112504
P533H,-9.378278732299805,0.5177150965
P533G,-9.054705619812012,-1.521232689
P533F,-6.884033679962158,-0.8659633590000001
P533E,-10.375247955322266,-3.071322494
P533D,-11.454458236694336,-1.4954542975
P533C,-6.9211249351501465,-1.264183766
P533A,-4.869018077850342,-1.174916462
P533M,-5.427102088928223,-3.8351617945
P533N,-10.15135383605957,-3.2146975815
G534I,-8.178546905517578,-2.049836245
G534C,-3.66068172454834,0.3728340335
G534A,-5.603484153747559,-0.2881445975
G534D,-7.441827774047852,-0.466938928
G534K,-7.098099231719971,-4.646471968
G534F,-6.919655799865723,-1.47506541
G534H,-6.356217861175537,0.43438028
G534Y,-7.350775241851807,-2.096744305
G534L,-7.170022010803223,-2.77329918
G534M,-7.879809856414795,-2.9679601145
G534W,-7.415616512298584,-2.2850169680000003
G534V,-7.6844258308410645,-0.4705251635
G534T,-5.178750991821289,-1.0710638785
G534N,-2.6887645721435547,0.4176846215
G534P,-5.69804573059082,-1.3596814475
G534Q,-7.68087911605835,-1.7320681
G534E,-9.381685256958008,-3.4811499660000003
G534R,-6.736148834228516,-1.4170733944999998
G534S,-2.6989943981170654,0.398194908
W535P,0.2366809844970703,-0.092546363
W535Q,-3.635627031326294,0.0476994755
W535Y,-0.6515705585479736,0.4238024245000001
W535V,0.6892380714416504,0.4441361135
W535T,-1.0208899974822998,-0.1825443625
W535S,-2.036992311477661,0.4660406775
W535A,-1.4441611766815186,0.1111878785
W535C,-1.537937879562378,0.5732054095
W535D,-8.035353660583496,-0.4980106875
W535E,-7.0592851638793945,-0.178589556
W535F,0.7558333873748779,1.0686771515
W535N,-4.219964981079102,0.1330642175
W535M,0.0933527946472168,0.274178823
W535L,2.590853691101074,-0.0015483635
W535K,-3.2815096378326416,-0.526998716
W535R,-2.7590816020965576,0.3303737185
W535I,1.9676456451416016,0.4697483145
W535H,-3.677628755569458,0.646013285
W535G,-3.2364284992218018,0.4704475955
F536Y,0.7086305618286133,0.4833052175
F536H,-6.389440059661865,0.7523817955
F536I,-5.751733779907227,-0.515152855
F536K,-11.299132347106934,-2.1567583695
F536L,-5.542384624481201,2.4422325485
F536M,-7.928431510925293,-0.7764333745
F536P,-9.74259090423584,-1.143280852
F536W,-3.1315793991088867,-0.5926484235
F536Q,-9.876029014587402,-4.143303558
F536R,-10.126059532165527,-3.0073016335000005
F536G,-8.231767654418945,-0.580354282
F536T,-8.257895469665527,-1.5769695945
F536V,-6.996119499206543,0.057179915
F536N,-8.531083106994629,-2.9417421275
F536S,-7.339237213134766,-1.335692019
F536E,-11.551298141479492,-1.4471001215
F536A,-8.542734146118164,-1.71885976
F536C,-5.55513858795166,2.187463299
F536D,-11.292906761169434,-2.4043118545
W537P,-13.01464557647705,-1.8404857285
W537Y,-7.089033126831055,0.31878097
W537V,-10.334132194519043,-1.979355658
W537T,-11.492230415344238,-1.183890099
W537S,-10.313456535339355,-1.066571432
W537R,-10.634965896606445,-1.0687249785
W537Q,-12.344480514526367,-1.832948738
W537A,-11.61976146697998,-2.143463663
W537C,-8.736466407775879,0.0497604485
W537E,-13.660482406616211,-1.7039972115000002
W537F,-5.774852752685547,0.7503818290000001
W537G,-8.174539566040039,-1.390357971
W537H,-11.011714935302734,-0.7406492440000001
W537I,-8.536230087280273,0.068405088
W537K,-13.596366882324219,-0.7584948565
W537M,-10.103019714355469,-0.36335138
W537N,-12.909455299377441,-1.543137261
W537D,-15.198457717895508,-1.822922132
W537L,-8.220149993896484,0.1615669575
R538A,-9.092430114746094,-1.062203718
R538M,-7.669350624084473,0.5573621375
R538G,-9.11867904663086,-0.6955801895
R538F,-9.588415145874023,-0.0182247805
R538E,-8.898260116577148,-0.193136766
R538D,-11.805031776428223,-2.3693032205
R538L,-7.481487274169922,-0.4738782995
R538K,-2.3633618354797363,0.6907585345
R538N,-7.5780029296875,-0.256964081
R538H,-6.351718902587891,-1.7871995845
R538P,-9.595793724060059,-1.157806915
R538S,-7.497196674346924,-0.347860285
R538T,-6.56012487411499,0.0757713065
R538V,-8.149466514587402,0.6112490595000001
R538W,-8.271929740905762,-0.0166047815
R538Y,-8.528549194335938,0.0663179709999999
R538C,-7.15782356262207,0.243039614
R538Q,-4.512763023376465,-0.316441155
R538I,-7.218121528625488,0.5871153204999999
I539Y,-6.758116722106934,0.284397961
I539F,-1.9707165956497192,0.29120254
I539D,-11.54940414428711,-1.4789489875
I539W,-7.0429463386535645,0.290731675
I539V,-0.5818567276000977,0.302837694
I539P,-7.430235862731934,-2.05366498
I539S,-4.4318318367004395,0.644087862
I539R,-9.535516738891602,-1.1871105455
I539Q,-9.011849403381348,-2.1242749080000003
I539G,-4.107219696044922,0.2687279225
I539N,-8.145098686218262,-1.599240997
I539M,-3.224832057952881,2.0723558525
I539L,-0.9134788513183594,0.457666647
I539K,-9.467809677124023,-0.4163351805
I539H,-9.703022003173828,-1.136385959
I539A,-2.2331576347351074,0.375805736
I539E,-10.577600479125977,-2.504117387
I539T,-3.052217960357666,0.1196757255
I539C,-3.298783779144287,0.8421679940000001
C540T,-4.988565444946289,0.278352537
C540L,-8.060676574707031,-0.8169696740000001
C540V,-7.298304080963135,-0.458218732
C540S,-4.160292625427246,0.587090752
C540R,-13.048110961914062,-1.06701337
C540Q,-11.275594711303711,-1.0440872655
C540N,-6.848463535308838,-0.8796353315000001
C540M,-8.08371353149414,-0.5259253065
C540W,-12.136502265930176,-1.6678406505
C540K,-14.015081405639648,-3.712400829
C540H,-11.744071960449219,-0.667222461
C540G,-8.581646919250488,-1.325601543
C540F,-9.601655006408691,-0.7218545129999999
C540E,-14.309240341186523,-1.025827946
C540D,-13.59731388092041,-1.025357332
C540A,-6.983070373535156,-0.098865061
C540I,-8.264933586120605,-0.566045117
C540Y,-11.362607955932617,-1.4152193105000002
C540P,-11.925453186035156,-1.176049814
W541H,-12.346031188964844,-1.9955367465
W541A,-11.648792266845703,-1.6436157865
W541C,-8.172775268554688,-0.1491420805
W541D,-14.162680625915527,-4.357565011
W541E,-13.214933395385742,-1.936433475
W541F,-8.500535011291504,-2.739626097
W541G,-9.683841705322266,-1.263742103
W541I,-10.127777099609375,-2.1554771075
W541Y,-9.003386497497559,-3.0340635875
W541K,-11.833026885986328,-3.1993635845
W541M,-10.026914596557617,-1.524510812
W541N,-12.987468719482422,-0.3865924215
W541P,-13.998842239379883,-1.709317613
W541Q,-12.430785179138184,-1.723141738
W541R,-9.867293357849121,-1.3882508835
W541S,-9.620851516723633,-1.644306104
W541T,-11.638259887695312,-1.852957816
W541V,-10.163642883300781,-2.5063901675
W541L,-6.999380111694336,-0.769872531
V542Y,-2.329990863800049,0.0731549005
V542D,-7.209604740142822,-1.1437272215
V542E,-4.478699207305908,-0.3087993695
V542F,-1.2538485527038574,0.4199306455
V542C,0.4255800247192383,0.688979975
V542H,-5.045716762542725,0.330507457
V542G,0.9030494689941406,0.5322023585
V542K,-0.34729576110839844,0.972596903
V542W,-2.194127082824707,0.4305816615
V542I,-0.19008493423461914,0.211380283
V542S,0.8426270484924316,0.6596295265
V542R,-1.899564266204834,0.4194758645
V542Q,-1.3226537704467773,0.5487117005
V542P,-6.5712361335754395,-2.073170004
V542T,0.7613472938537598,0.890732107
V542N,-3.723207473754883,0.1129504215
V542M,0.7877044677734375,1.232096838
V542A,1.9769052267074585,0.7686953129999999
V542L,-0.015436649322509766,0.5842519545
A543V,0.868148684501648,0.4564266075
A543D,-10.121784210205078,-2.0005577235
A543E,-9.09937858581543,-0.1892176265
A543F,1.3104547262191772,0.651558005
A543G,-0.7467632293701172,0.7429045465
A543H,-6.730653285980225,0.1715048585
A543I,0.07347631454467773,0.875847162
A543K,-8.853067398071289,-2.6434019435
A543L,-0.9678092002868652,0.779286012
A543N,-6.139488697052002,-1.991883161
A543T,-0.6754388809204102,-0.1368434634999999
A543P,-8.608261108398438,-0.549204444
A543Q,-7.967261791229248,-2.291350174
A543R,-9.95555305480957,-1.796705316
A543S,-0.8489117622375488,0.6164940170000001
A543Y,-1.3514389991760254,1.2080699385
A543W,-4.691466808319092,0.344220629
A543M,-2.781649112701416,0.5643303575
A543C,-0.06504535675048828,0.380810463
I544K,-11.658598899841309,-1.054369778
I544A,-2.2619636058807373,0.6623770415
I544C,-3.5850987434387207,0.46720571
I544D,-12.669824600219727,-2.385699577
I544E,-10.965753555297852,-2.498582194
I544G,-4.079192161560059,0.0926296785
I544H,-11.843496322631836,-1.5970620305
I544F,-2.532639741897583,0.553996985
I544T,-2.2111430168151855,0.4535376165
I544L,-1.613734245300293,0.5118313975
I544M,-4.719195365905762,1.4062973875
I544N,-9.62248420715332,-0.8434541945
I544P,-8.918819427490234,-1.3721940345
I544Q,-10.091371536254883,-1.0822494205
I544R,-12.295167922973633,-1.444574895
I544S,-4.191436767578125,0.2659343425
I544V,0.49361032247543335,0.373140333
I544W,-7.805871963500977,0.2578684425
I544Y,-8.494229316711426,0.4001981355
S545R,-12.58711051940918,-1.036987135
S545A,-3.550692558288574,0.2727203735
S545C,-3.0443384647369385,0.310028127
S545T,-1.086681842803955,0.3025878445
S545E,-9.736050605773926,-1.319102648
S545Q,-8.64085865020752,-0.570130785
S545W,-9.778768539428711,-1.582644729
S545Y,-7.954509258270264,-1.8212120075
S545P,-4.363897800445557,-1.823575231
S545D,-8.657095909118652,-1.91535005
S545N,-6.378859519958496,0.3322871025
S545M,-6.532797813415527,0.348355762
S545L,-7.36819314956665,0.383610566
S545K,-12.442567825317383,-2.987508885
S545I,-6.475612163543701,0.5960433555
S545H,-10.50697135925293,-3.226112849
S545G,-5.745736598968506,-0.139496822
S545V,-4.632957458496094,0.8703065975
S545F,-6.341906547546387,-0.659509746
P546H,-8.883586883544922,-0.8441591965
P546I,-6.803301811218262,-1.801958887
P546T,-6.483318328857422,-0.7789899215
P546S,-6.494924545288086,-0.73947489
P546Q,-8.776632308959961,-3.9439503645
P546N,-10.054644584655762,-1.16536
P546V,-6.972332954406738,-2.55314659
P546W,-9.229887962341309,-0.7496974059999999
P546Y,-9.335732460021973,-1.7415823375
P546R,-10.175802230834961,-0.958874569
P546L,-5.900197505950928,-0.6267589525
P546G,-8.809064865112305,-2.113007658
P546M,-8.548420906066895,-2.6843431035
P546E,-12.521190643310547,-1.323717775
P546F,-6.898227691650391,-1.35860588
P546C,-8.210498809814453,-3.7089021765
P546K,-11.202588081359863,-1.4178671725
P546A,-7.927963733673096,-1.5256366135
P546D,-13.032829284667969,-3.3102092015
L547I,-0.7084479331970215,1.231022225
L547K,-9.981975555419922,-0.7745033659999999
L547M,-2.431628465652466,-0.2535559205
L547N,-8.26439380645752,-1.4598766685
L547P,-5.895368576049805,-0.3184047075
L547R,-10.857155799865723,-1.3883514394999998
L547S,-1.6673438549041748,0.7338235195
L547T,-1.4004051685333252,0.6456392710000001
L547V,-0.32941198348999023,0.5339046755
L547W,-7.308962821960449,-0.7744782995
L547Y,-7.12899112701416,-0.7095241554999999
L547Q,-9.126193046569824,-0.617207131
L547H,-10.658452033996582,-1.687010663
L547E,-8.929455757141113,-1.8433411845
L547A,1.2429776191711426,0.779432239
L547C,-1.7769556045532227,0.846200273
L547D,-10.535552978515625,-2.313359966
L547F,-1.2628140449523926,0.2663289525
L547G,-0.5615055561065674,0.405735393
F548S,-5.597666263580322,0.5074156615
F548A,-5.791616439819336,0.4353616635
F548C,-5.075849533081055,2.240257003
F548D,-14.157222747802734,-2.945304767
F548E,-11.109180450439453,-1.133669272
F548G,-7.776758670806885,0.5889760045
F548H,-11.060314178466797,-1.272439055
F548I,-3.3858394622802734,0.482317345
F548K,-14.602583885192871,-0.5736252805
F548M,-4.314393997192383,0.88460421
F548N,-10.821496963500977,-3.3046521265
F548P,-11.205437660217285,-1.228681259
F548Q,-10.072912216186523,-0.5860014295
F548Y,-5.999515533447266,0.212595429
F548W,-7.571594715118408,0.2737471555
F548V,-4.335807800292969,0.495575463
F548T,-4.804003715515137,0.3585565175
F548R,-15.595098495483398,-1.517342856
F548L,-2.241990089416504,0.795026582
L549M,-2.1614327430725098,0.1889829975
L549C,-5.7068705558776855,0.2392405575
L549D,-12.140369415283203,-2.1989393875
L549K,-10.365978240966797,-1.8599262165
L549A,-6.593222618103027,-1.1898902045
L549I,-2.6976752281188965,0.6620571635
L549H,-9.66954231262207,-0.8249751315
L549G,-7.879809379577637,-1.127749643
L549E,-11.161894798278809,-1.8746289455
L549Y,-8.730908393859863,0.563137558
L549F,-4.159662246704102,0.48480357
L549V,-3.977203607559204,-0.7903629465
L549T,-4.081093788146973,-0.917040631
L549S,-5.922842979431152,-0.7986014355
L549R,-11.524713516235352,-0.8720588779999999
L549Q,-8.113986015319824,-2.370201456
L549P,-7.189688682556152,-0.5611098255
L549N,-8.540742874145508,-1.9590551105
L549W,-8.56972885131836,-0.753792345
L550S,-2.611515760421753,0.7053248740000001
L550Y,-7.220648765563965,-1.0328136345
L550V,-1.068244457244873,0.423575974
L550T,-1.2966413497924805,-0.1384704735
L550R,-11.450101852416992,-0.3748021645
L550W,-7.1585845947265625,0.100596374
L550P,-6.584935188293457,-0.235849485
L550Q,-9.934885025024414,-2.08061829
L550G,-2.2015626430511475,0.347814474
L550F,-0.8984436988830566,0.3149400075
L550E,-9.412103652954102,-1.275480943
L550C,-2.9133031368255615,0.2614198045
L550D,-10.529878616333008,-1.3308954215
L550H,-9.77298355102539,-0.3827659570000001
L550I,-0.652430534362793,-0.411214726
L550K,-10.911914825439453,-1.3499217225
L550M,-2.8347339630126953,0.038303151
L550N,-8.12997055053711,-3.033232705
L550A,-1.209670066833496,0.3647706555
F551E,-9.730091094970703,-0.667295715
F551A,-2.5749621391296387,0.6297716215
F551C,-3.294520378112793,1.2267932885
F551D,-10.432833671569824,-1.2646927865000002
F551G,-2.860365867614746,0.5022795275
F551K,-11.000093460083008,-1.6639700590000002
F551I,-1.812801480293274,0.4801229395
F551L,-2.519073486328125,0.565134984
F551N,-9.10181999206543,-0.219154317
F551P,-8.270509719848633,-3.2485423260000004
F551Q,-11.023826599121094,-2.2602279795
F551R,-11.456892013549805,-1.485656576
F551S,-3.8044557571411133,0.361705605
F551T,-2.712526798248291,1.134305424
F551V,-1.530626893043518,1.4554021835
F551Y,-3.9737038612365723,-0.086520845
F551H,-9.673197746276855,-1.258288353
F551W,-6.660195350646973,0.469813445
F551M,-4.7568864822387695,0.9710190945
I552A,-5.210504531860352,0.641503416
I552Y,-7.954820156097412,0.3827733425
I552V,-0.8596320748329163,0.566459481
I552T,-3.639590263366699,0.866960395
I552S,-5.877111434936523,0.9404287745
I552R,-10.445429801940918,-0.547578936
I552Q,-8.125602722167969,0.7902293965
I552P,-8.278304100036621,0.4704655575
I552N,-7.272499084472656,-0.1141196835
I552W,-8.637598037719727,0.2003083865
I552L,-1.1181588172912598,0.566647329
I552K,-9.361513137817383,-0.6384235079999999
I552H,-9.504877090454102,-0.138852473
I552G,-7.112236022949219,0.7057082785
I552F,-4.989044189453125,0.4741505735
I552E,-7.414707660675049,-0.7993729479999999
I552D,-9.335345268249512,-1.6279490785
I552C,-5.035115718841553,0.6265773179999999
I552M,-4.241223335266113,0.767239143
I553D,-9.905837059020996,-1.569085427
I553E,-8.17762565612793,-0.8510031425
I553F,0.7204270362854004,0.5283465595
I553G,-4.632483959197998,-0.4009095615
I553H,-8.140705108642578,-0.8374677970000001
I553K,-10.251138687133789,-0.8473698645000001
I553L,1.0685992240905762,0.8038391979999999
I553R,-10.255987167358398,-1.4334490830000002
I553N,-7.7762131690979,-0.35568555
I553P,-5.5898027420043945,-0.592427678
I553Q,-7.497114658355713,-1.4436924034999998
I553S,-3.487112045288086,0.3157202525
I553T,-1.5780123472213745,0.5563796555
I553V,-0.6938661336898804,0.550886994
I553C,-2.6331539154052734,-0.1869959455
I553M,-1.6374362707138062,1.4719097280000002
I553A,-2.479363441467285,-0.1500084175
I553Y,-4.895086765289307,-0.85930643
I553W,-3.631284713745117,-0.1882818975
C554A,1.122361183166504,0.983818336
C554Y,-2.7666869163513184,0.465625859
C554W,-2.6408042907714844,0.3726459125
C554V,2.949540615081787,0.7392890135
C554T,0.8981685638427734,0.783434448
C554S,-0.03126668930053711,0.490406464
C554R,-7.235461235046387,-0.4887613095
C554Q,-5.9643354415893555,-0.2548590175
C554P,-3.1819987297058105,-1.930039179
C554N,-5.171204566955566,-1.5810058944999998
C554L,2.6134676933288574,0.575160975
C554K,-7.314898490905762,-0.100574474
C554I,3.8053860664367676,0.96930542
C554H,-6.208542823791504,-0.2055586785
C554G,-0.4324793815612793,0.7846712565
C554F,1.4219369888305664,0.9056616585
C554E,-6.990994453430176,-2.5808783395
C554D,-8.12535572052002,-3.377837459
C554M,0.25458478927612305,0.414668015
S555A,-0.6054048538208008,0.9997868415
S555M,-2.5060081481933594,0.7646743779999999
S555D,-5.121981620788574,-0.083248785
S555E,-5.436561584472656,-0.279587673
S555F,0.027878522872924805,0.6536651225
S555G,-1.3735737800598145,0.4607711465
S555H,-3.372213363647461,0.9811843005
S555I,-1.8870458602905273,0.525382227
S555K,-4.367875099182129,1.0694074075
S555L,-1.6114187240600586,0.5339774295
S555C,-1.6816589832305908,0.575473425
S555N,-2.995117664337158,-0.101622738
S555P,-5.544384956359863,-0.056693554
S555Q,-4.179633140563965,0.413274654
S555R,-4.1600141525268555,0.7149295405
S555T,-1.4300293922424316,0.15131348
S555V,-1.4201464653015137,0.4428779695
S555W,-2.808197498321533,0.2290417435
S555Y,0.38548874855041504,-0.0867295194999999
F556C,-1.2276628017425537,1.0566448590000002
F556D,-4.324374198913574,-0.579475561
F556A,-1.8727552890777588,0.511492149
F556W,-5.258914947509766,0.5484471335
F556T,-1.0135431289672852,0.028746314
F556S,0.055611371994018555,0.456696027
F556R,-5.618624687194824,0.586698461
F556Q,-3.6269137859344482,0.286311356
F556P,-8.467015266418457,-1.7988444105
F556N,-2.200878381729126,0.21363157
F556V,-2.901806592941284,0.711459205
F556M,-2.37668514251709,0.346530687
F556K,-5.237892150878906,0.3664080785
F556I,-3.0064303874969482,0.267303185
F556H,-3.885566473007202,0.0003159675
F556G,-2.0754363536834717,0.126493409
F556E,-4.779401779174805,0.4454298195000001
F556L,-2.972949266433716,0.1925322805
F556Y,-0.9659318923950195,0.252940378
L557A,-2.3847007751464844,0.558477362
L557F,-0.7809169292449951,0.6654068725
L557Y,-4.030307292938232,0.3999025085
L557G,-4.8612565994262695,-0.5753368870000001
L557H,-6.699769973754883,-1.676387195
L557I,-0.7445845603942871,1.2024762345
L557K,-7.345306873321533,-1.1516088745
L557D,-8.728555679321289,-1.073170004
L557C,-3.072852611541748,1.038348482
L557E,-7.1397881507873535,-1.4540030215000002
L557N,-7.401848316192627,-0.181842763
L557Q,-6.096282005310059,-0.76576152
L557R,-7.355549335479736,-0.2399673815
L557S,-4.138177871704102,-0.3505630554999999
L557T,-3.6497983932495117,-0.3681048625
L557V,-1.229577660560608,0.6691074779999999
L557W,-3.988645553588867,0.9282953595
L557P,-7.4093098640441895,-0.0634681625
L557M,-2.6243896484375,0.6901091779999999
M558A,1.2363977432250977,0.4065790775
M558Y,0.30147242546081543,1.6276492335
M558C,-1.2874045372009277,0.9754929565
M558D,-4.739559173583984,-0.8392433309999999
M558E,-4.8253679275512695,-0.320015453
M558F,1.6215977668762207,0.161156647
M558G,-2.1178483963012695,0.3261708665
M558I,2.9603114128112793,0.7025899215000001
M558K,-3.6981101036071777,0.728977724
M558L,1.591763973236084,0.5766363265
M558H,-3.6240906715393066,0.016397833
M558P,-4.3468217849731445,-1.086589362
M558Q,-3.701463222503662,0.7760279935
M558R,-3.4141430854797363,0.1888140085
M558S,-0.5796127319335938,0.624056672
M558T,0.09110546112060547,0.546970169
M558V,2.6126720905303955,0.325930988
M558W,-1.6667566299438477,0.6901352190000001
M558N,-3.3498473167419434,0.3434954529999999
S559M,-2.7424211502075195,0.123417093
S559V,-1.2710412740707397,0.409835156
S559T,0.011638402938842773,-0.0359129085
S559R,-3.578554153442383,0.362500259
S559Q,-1.9502371549606323,0.3855231120000001
S559P,-1.986029028892517,-0.1641614335
S559N,-2.061774253845215,1.0266200005
S559L,-1.7491062879562378,-0.0629068335
S559A,-0.38476240634918213,0.5317544545
S559I,-2.1776394844055176,-0.327149982
S559G,-2.4866905212402344,0.167053988
S559F,-1.7205580472946167,0.6903512584999999
S559E,-2.514664649963379,0.7878048895
S559D,-2.7069478034973145,0.690610253
S559C,-4.964687347412109,0.349892756
S559W,-5.147006511688232,0.441441381
S559K,-3.3487319946289062,0.2087580505
S559Y,-2.6602821350097656,0.407601935
S559H,-3.284348964691162,-0.151956087
P560K,-3.242577075958252,0.292829288
P560T,-2.5338549613952637,-0.158781377
P560S,-2.169273853302002,0.4408272135
P560R,-3.8822059631347656,0.647624049
P560Q,-3.129049777984619,0.2625604185
P560N,-3.944619655609131,0.5171727735
P560M,-4.139867782592773,-0.8146021605
P560L,-2.571617364883423,-0.7541146425
P560I,-4.397219181060791,-1.175375404
P560H,-4.231480598449707,-0.0972447645
P560G,-3.5140957832336426,0.015921742
P560F,-5.0898942947387695,-0.7875998805
P560E,-1.8560664653778076,0.0931637485
P560D,-2.44514799118042,0.582690536
P560C,-7.0295867919921875,-0.5293504765
P560A,-2.2640037536621094,0.6660111165
P560W,-6.013523101806641,-1.8621809695
P560Y,-4.439785480499268,-1.14507591
P560V,-3.6965293884277344,-0.2336678255
P561D,-4.701846599578857,-1.2833332025
P561Y,-6.271458148956299,-1.72447448
P561W,-7.831439018249512,-0.0292428985
P561V,-4.129061222076416,0.6715799640000001
P561T,-3.4687585830688477,0.7933213355
P561E,-3.532092332839966,-1.1057778045
P561R,-4.276487827301025,0.3330118945
P561Q,-3.9195456504821777,0.5048296965
P561N,-5.398199081420898,0.6475376205
P561M,-6.20869779586792,0.8327681404999999
P561S,-3.236602783203125,0.3432683135
P561K,-4.046426773071289,0.6437127245
P561I,-5.169440746307373,-0.4503132565
P561H,-5.13200044631958,0.454076999
P561G,-4.753869533538818,-0.274095846
P561F,-5.96035099029541,-2.3962896695
P561A,-3.8967885971069336,0.2120919235
P561C,-9.277762413024902,-2.0766232735
P561L,-4.907442569732666,0.044474801
Q562N,-1.4409582614898682,0.867378513
Q562M,-2.279859781265259,-1.895221797
Q562L,-1.8255846500396729,-0.069507947
Q562K,0.17815709114074707,0.4866598025
Q562I,-1.593749761581421,0.6098567655
Q562E,0.23721766471862793,0.538713949
Q562G,-2.1499836444854736,0.0424880055
Q562D,-1.3786683082580566,0.7820369779999999
Q562P,0.2075366973876953,0.8275328240000001
Q562F,-3.8282196521759033,-1.547375125
Q562H,-0.988431453704834,-0.240163014
Q562R,-1.0536119937896729,0.5365013445
Q562T,0.2810525894165039,0.615435261
Q562C,-5.065972328186035,-0.1291979105
Q562A,-1.0398921966552734,0.1367549255
Q562V,-0.15877842903137207,-0.449362534
Q562Y,-3.0094730854034424,1.0264747575
Q562W,-5.682369232177734,-1.3130879425
Q562S,-0.06873941421508789,0.8602727225
L563G,-7.365326881408691,0.3527618945
L563F,-3.339648723602295,-0.394560811
L563E,-6.717754364013672,-1.7681116375
L563D,-8.261263847351074,-2.1483930005
L563C,-7.85739803314209,0.3499619145
L563A,-4.682287216186523,0.8037098765
L563H,-7.150467872619629,-0.138068228
L563I,-1.9072566032409668,0.291531969
L563R,-7.184061527252197,-0.3181706025
L563M,-2.7984445095062256,0.4064970835
L563K,-6.976612091064453,0.502608553
L563W,-7.128125190734863,-1.90304576
L563V,-2.164891481399536,-0.25784431
L563T,-4.664725303649902,-1.010588978
L563Y,-5.884637832641602,-0.977348909
L563Q,-6.341933727264404,0.3846080670000001
L563P,-3.97365403175354,0.4159953115
L563N,-7.790565490722656,-1.285493026
L563S,-6.268610954284668,0.0901536975
R564W,-4.244768142700195,-1.1499228535
R564V,-0.15468907356262207,0.165201777
R564T,1.0523054599761963,0.7549816785
R564S,0.42667341232299805,0.7266382295
R564Q,0.047548770904541016,0.173358249
R564P,-5.556279182434082,-1.3174156540000002
R564N,-0.7625181674957275,1.384786888
R564M,-1.8598425388336182,0.02896494
R564I,-0.7939507961273193,0.164808883
R564K,1.4546236991882324,0.715815073
R564H,0.5743565559387207,-0.4822947855
R564G,-3.443347215652466,-0.2749036625
R564E,0.45639514923095703,0.046045947
R564D,-1.9037458896636963,-0.6518321155
R564C,-4.504284858703613,-0.127236751
R564A,-1.719707727432251,0.1507071365
R564L,-2.069835901260376,0.3284750025
R564Y,-1.6426279544830322,-0.002469199
R564F,-3.211315393447876,-1.463281175
L565Y,-1.977597713470459,0.780310119
L565R,-6.183686256408691,-1.04898843
L565A,-5.599578380584717,-0.8607383255
L565S,-5.497862815856934,-1.7478699255
L565T,-5.038090229034424,-1.659938131
L565F,-2.5761821269989014,0.3079972445
L565V,-3.4706637859344482,-0.1219928565
L565E,-7.566621780395508,-1.9148377495
L565G,-7.38607120513916,-1.6884690365
L565H,-4.690975666046143,-2.9446958014999995
L565K,-7.147713661193848,-2.8823342895
L565M,-2.3182120323181152,0.3281263635
L565N,-5.890988826751709,-1.2227508165
L565P,-8.239569664001465,-0.6415360385
L565Q,-6.111922264099121,-0.33182615
L565W,-5.4280314445495605,-2.239838216
L565D,-7.305326461791992,-4.7138866625
L565C,-6.888551712036133,-0.7464818485
L565I,-2.6625940799713135,-0.1149629425
F566Q,-3.5956876277923584,-0.1875561525
F566P,-4.462637901306152,-0.991250504
F566R,-3.6382901668548584,-0.1851748695
F566Y,-1.8059980869293213,0.25354147
F566A,-1.0362164974212646,-0.41858014
F566C,-5.193393707275391,0.7660954665
F566D,-2.6500227451324463,-1.024025815
F566E,-2.0597047805786133,-0.6097805935
F566H,-2.69250750541687,0.829777329
F566I,-6.073951721191406,-1.1278608435
F566K,-3.392878293991089,-0.4639309475
F566L,-2.2080883979797363,0.977727812
F566M,-2.6533076763153076,0.483171034
F566V,-4.729596138000488,-0.902050658
F566W,-4.346175193786621,0.5243307265
F566G,0.018312454223632812,0.627479269
F566N,-2.694365978240967,-0.8415897809999999
F566S,-2.3595762252807617,-0.7087352634999999
F566T,-4.6311235427856445,-1.633883866
Q567A,-0.6392910480499268,-0.1591786055
Q567C,-5.907993316650391,-1.2638306305
Q567D,2.67620849609375,-1.1715663205
Q567E,1.5250463485717773,0.5237692835
Q567F,-3.969148874282837,-3.2690282165
Q567G,0.9826288223266602,0.827946868
Q567H,0.03193831443786621,0.416572298
Q567I,-3.2119057178497314,-3.827044213
Q567K,1.1911215782165527,-0.1472570405
Q567L,-2.977252244949341,-0.0848421465
Q567M,-3.3359854221343994,1.135362039
Q567N,1.8495841026306152,1.5479759855000002
Q567P,-0.9590885639190674,-1.0528947855
Q567R,-0.6682188510894775,0.1718236335
Q567S,1.1587986946105957,0.823392545
Q567V,-2.3825008869171143,0.068057017
Q567W,-5.258960723876953,0.6544067995
Q567Y,-2.3456919193267822,1.2376985515
Q567T,0.5575664043426514,-0.1598924535
Y568I,-5.765981197357178,-1.7586153925
Y568H,-4.261094570159912,0.016855896
Y568M,-6.2269978523254395,-2.851882892
Y568F,-4.041227340698242,0.2087923685
Y568E,-6.242837905883789,-1.4853565685
Y568D,-6.90437650680542,-1.099019761
Y568C,-6.346793174743652,-0.108741868
Y568A,-6.572049617767334,-0.3576925985
Y568N,-6.220015525817871,-0.656679639
Y568P,-10.436519622802734,-0.4466941475
Y568Q,-6.146994113922119,-2.4589270835
Y568G,-7.984571933746338,-1.372933996
Y568R,-7.0028252601623535,-1.8438484095
Y568K,-6.250722408294678,-1.549586096
Y568W,-7.018420696258545,-2.431273521
Y568L,-5.29637336730957,-1.649283199
Y568T,-6.5503106117248535,-2.9885196075
Y568S,-6.630546569824219,-0.803398432
Y568V,-5.520402908325195,-0.7718750055
N569E,1.7741667032241821,-0.0714619525
N569F,-1.950678825378418,-0.641927933
N569G,-2.405548095703125,0.298542335
N569H,0.2278742790222168,1.095306089
N569I,0.882965087890625,-0.0754982725
N569K,0.28459596633911133,0.171100012
N569M,-1.1197834014892578,-1.3432360565
N569P,-1.1979551315307617,0.320786452
N569R,-0.18521690368652344,0.28331905
N569S,0.9897499084472656,0.3627742470000001
N569T,2.064877986907959,0.4583777665
N569W,-4.471582889556885,-0.3474873925
N569Y,-1.2909026145935059,-0.2110593305
N569L,-0.8366971015930176,-1.1917224905
N569Q,1.24163818359375,0.585594202
N569V,2.211794853210449,0.1570394415
N569D,0.7185773849487305,0.6415580475
N569C,-2.467804431915283,-0.2518579895
N569A,-0.13284540176391602,0.315721252
Y570D,-8.986488342285156,-2.4059232445
Y570E,-9.339686393737793,-3.429992264
Y570F,-0.6536965370178223,0.469110639
Y570G,-9.833589553833008,-1.7023164225
Y570H,-6.097352981567383,-0.0179885595
Y570I,-4.768743515014648,-4.5
Y570K,-10.255407333374023,-2.141274382
Y570M,-5.953783988952637,-1.2101475895
Y570W,-7.213094711303711,-3.0941276980000003
Y570V,-5.0679931640625,-2.152162698
Y570T,-6.553296089172363,-2.608593804
Y570S,-6.78794002532959,-0.9699214545
Y570R,-9.781667709350586,-1.3051991585
Y570Q,-8.903651237487793,-2.713347662
Y570P,-7.085321426391602,-2.2917175645
Y570N,-7.56195068359375,-0.9552183305
Y570C,-6.3826799392700195,-0.6456316695000001
Y570A,-6.7008209228515625,-1.7055365255
Y570L,-4.567737579345703,-1.695055516
P571Q,-7.069026947021484,-0.8052244355
P571M,-9.731193542480469,-3.122605164
P571N,-7.538666725158691,-1.8604889115
P571Y,-9.195305824279785,-3.6205540395
P571K,-7.875451564788818,-1.1778651825
P571I,-9.068719863891602,-2.421901401
P571H,-7.605903148651123,1.9931286885
P571G,-6.44086217880249,-2.1692415305
P571F,-9.780641555786133,-1.322475205
P571L,-7.93437385559082,0.569039643
P571W,-11.451484680175781,-1.754751819
P571R,-8.309029579162598,1.1259905985
P571E,-6.352464199066162,-1.222432754
P571S,-5.3534955978393555,0.0930027285
P571T,-6.859410762786865,1.127024402
P571A,-5.792071342468262,1.3201057735
P571V,-8.335957527160645,-1.699317781
P571C,-10.641731262207031,-3.2880360435000004
P571D,-6.267962455749512,-0.9529268985
Y572M,0.2114095687866211,0.581537971
Y572N,-0.17543554306030273,1.161118568
Y572Q,0.173004150390625,0.560420629
Y572R,-0.2644224166870117,0.972743891
Y572S,0.8057155609130859,1.062398982
Y572T,1.4527091979980469,1.2984319205
Y572V,0.7272047996520996,0.309065348
Y572W,0.10383462905883789,0.372461025
Y572I,0.19765496253967285,0.677466185
Y572P,0.5143413543701172,0.5108146370000001
Y572K,0.04609966278076172,0.7547375184999999
Y572G,1.16139554977417,0.7830263125
Y572F,0.001033782958984375,0.1363739985
Y572E,0.21010541915893555,1.526049999
Y572D,0.3440558910369873,0.8078062404999999
Y572C,-4.275008678436279,0.4387645355
Y572A,0.845799446105957,1.198739619
Y572L,1.6667896509170532,0.4598988470000001
Y572H,-0.773716926574707,0.4689921715
W573D,-6.695569038391113,-1.2779531435
W573C,-5.775806903839111,-0.518739767
W573A,-3.729116439819336,-0.41031922
W573E,-4.79376220703125,0.933193778
W573G,-3.590693950653076,0.713539948
W573H,-6.525799751281738,-0.58034675
W573Y,-3.721512794494629,-0.9971056905
W573V,-4.534200668334961,0.270919861
W573S,-3.0990471839904785,0.736621768
W573R,-6.391227722167969,0.6408559515
W573F,-4.025094032287598,-0.0167232525
W573Q,-5.874245643615723,-0.379491452
W573T,-4.30709171295166,-0.327060444
W573N,-6.308529853820801,-0.4699015515
W573M,-5.623958110809326,-0.4602908415
W573L,-4.7413716316223145,-0.0884568355
W573K,-6.283032417297363,-1.2231634505
W573I,-4.390295028686523,-0.60207525
W573P,-4.595466136932373,-1.3931489925
S574C,-3.895101547241211,0.7880260945
S574A,0.4682950973510742,-0.5002497929999999
S574D,-6.151012420654297,-2.9468597080000003
S574N,-5.588711738586426,-0.7078273025
S574G,-1.36443293094635,0.3700503120000001
S574F,-5.676244258880615,-0.7968264534999999
S574Y,-5.860324859619141,0.671071042
S574W,-8.259597778320312,-0.862092235
S574V,-3.637606620788574,-0.6245023679999999
S574T,-2.587801933288574,0.1483908275
S574R,-7.117263317108154,-1.4336236025
S574E,-5.843263626098633,-0.196634015
S574P,-4.611151218414307,0.0920949025
S574M,-5.951986312866211,-2.9727377755
S574L,-6.238621234893799,0.0323895295
S574K,-7.3290114402771,-2.3412205725
S574I,-5.10053825378418,-0.1024484185
S574H,-7.214409351348877,-0.0088213815
S574Q,-7.558165073394775,0.159290598
I575E,-0.814619779586792,0.7579892825
I575F,-2.1502625942230225,0.5676778415
I575G,-4.260737419128418,0.595964764
I575H,-2.4578349590301514,0.6775332945
I575K,-3.4889628887176514,0.2357437275
I575L,-0.5436255931854248,1.1114652905
I575N,-1.0170824527740479,0.979498029
I575D,-1.8009166717529297,0.7025613415
I575P,-5.21159553527832,0.732286357
I575Q,-0.5061008930206299,0.516689209
I575R,-3.5417020320892334,0.8337589945
I575Y,-1.2945680618286133,0.9341043535
I575W,-5.515128135681152,0.9549687515
I575V,0.5907702445983887,-0.3237956585
I575M,-1.348130226135254,0.9347101555
I575C,-5.244876861572266,1.0134836415
I575A,-2.7922513484954834,0.4677459785
I575S,-2.4044153690338135,1.4443896134999998
I575T,-1.1939032077789307,0.9472284795
I576Y,-3.2858080863952637,0.9325862895
I576W,-4.517918586730957,0.367884448
I576V,0.42249828577041626,0.4977886885
I576A,-0.9888474941253662,0.7481855865000001
I576T,-1.9670639038085938,0.754038488
I576C,-4.184584140777588,0.623652271
I576S,-3.7387752532958984,0.996115485
I576R,-6.5852274894714355,0.555279987
I576D,-6.069288730621338,0.220500693
I576N,-5.724380970001221,-0.0132999389999999
I576M,-3.3274574279785156,2.8741302575
I576L,-1.6764707565307617,1.4300593945
I576K,-5.497063159942627,-0.0746047854999999
I576H,-5.778295040130615,0.4020533005
I576G,-3.6049928665161133,0.6325352639999999
I576F,-2.333836078643799,0.650861819
I576E,-5.335122585296631,0.2698128935
I576P,-5.320280075073242,0.744202482
I576Q,-5.126047611236572,0.6196408725
L577N,-8.836845397949219,-0.801407702
L577C,-3.1183419227600098,-0.873302415
L577D,-11.65301513671875,-3.356614962
L577E,-10.284679412841797,-3.6658170475
L577G,-6.392030715942383,-0.3751428985
L577I,-1.0523605346679688,2.02486314
L577M,-2.4805660247802734,1.0040230455
L577P,-7.980625629425049,0.0938760915
L577Q,-10.338434219360352,1.5109202695
L577R,-13.260774612426758,1.428595848
L577T,-2.299374580383301,0.4513342805
L577V,-1.00347900390625,2.3184410095
L577W,-7.1044511795043945,-1.174270205
L577Y,-7.621836185455322,-1.0548640525
L577A,-3.103717565536499,0.082063916
L577S,-4.314062595367432,1.125941481
G578C,-6.764313697814941,1.3974530635
G578W,-10.88359546661377,0.1125987315
G578D,-9.855445861816406,1.2994888615
G578E,-9.434803009033203,-1.6380019044999998
G578A,-3.692476749420166,0.5279955665
G578F,-9.804956436157227,-1.5796433794999998
G578H,-10.844038009643555,-2.174270205
G578I,-8.448752403259277,-0.69675706
G578K,-10.932096481323242,-2.4172221195
G578Y,-10.569934844970703,0.572950663
G578L,-8.81447982788086,-0.8116394155
G578N,-8.290529251098633,-1.5016734495
G578P,-10.269065856933594,-1.5613335805000002
G578Q,-9.939332008361816,-4.7510227635
G578R,-9.736135482788086,1.283112281
G578S,-5.352542877197266,1.516669773
G578T,-8.061155319213867,-1.221683143
G578V,-6.782947063446045,1.008965455
G578M,-9.536933898925781,-1.753611171
Y579W,2.6115498542785645,0.562342812
Y579V,-1.650102138519287,0.7496750984999999
Y579G,-3.5917978286743164,0.3693629645000001
Y579C,-2.153393268585205,0.8076929395
Y579A,-2.953909397125244,0.1481518245
Y579F,-0.7422962188720703,0.0148937585
Y579E,-5.928426742553711,1.049680648
Y579H,-4.5580830574035645,0.659761634
Y579I,-0.960315465927124,0.758718467
Y579K,-5.472450256347656,0.455294771
Y579D,-6.479528427124023,0.639237563
Y579M,-2.5995736122131348,0.4000945555
Y579N,-3.8907885551452637,0.1772003305
Y579P,-9.13965129852295,-3.1262042215
Y579Q,-5.099940776824951,0.519742509
Y579R,-5.451960563659668,0.837994785
Y579S,-3.0037484169006348,0.840188775
Y579T,-2.793017864227295,0.285821149
Y579L,-1.0272226333618164,0.826286925
C580N,-8.01232624053955,-0.57352815
C580I,-0.2678871154785156,0.805368601
C580H,-9.98289680480957,-0.6858374965
C580G,-3.9438648223876953,1.1486451355
C580F,-1.8961321115493774,0.0937358865
C580E,-9.020618438720703,-1.685105925
C580D,-10.91946029663086,-1.1747326809999998
C580M,-2.238274097442627,0.4454311115
C580S,-2.2180800437927246,0.6747875004999999
C580Y,-6.795384883880615,-0.066342324
C580W,-6.577520370483398,1.22686595
C580V,-1.0765243768692017,0.838309311
C580T,-1.9730993509292603,0.719598325
C580L,0.08284425735473633,0.807999182
C580R,-11.958751678466797,0.0777924425
C580Q,-8.913606643676758,-1.155256594
C580P,-10.560274124145508,-0.9954942025
C580A,-1.9915944337844849,0.4950484955
C580K,-11.260819435119629,-1.6090352385
I581K,-10.636515617370605,-2.2013621505
I581C,-4.739483833312988,0.0501025809999999
I581D,-13.006908416748047,-2.078410142
I581E,-11.986727714538574,-3.381234822
I581F,-2.2693891525268555,0.3912275955
I581G,-8.1968412399292,-0.727597155
I581H,-10.302640914916992,-2.662556686
I581A,-5.55975341796875,0.4998388805
I581W,-7.921111106872559,-0.0903447895
I581Y,-7.999015808105469,-0.3951161335
I581M,-1.2906521558761597,1.0016475265
I581N,-9.298460960388184,-0.4195644705
I581P,-10.900524139404297,-3.078273694
I581Q,-9.596207618713379,-2.2968698025
I581R,-10.782735824584961,-1.7887340955000002
I581S,-6.14039421081543,0.0014473355
I581T,-4.164484977722168,0.550466761
I581V,-2.865433692932129,0.7905936425
I581L,-0.44697093963623047,0.4694147355
G582E,-6.58821964263916,0.6194103704999999
G582F,-3.616175651550293,0.5145865785
G582L,-3.4635801315307617,0.4704222635
G582I,-3.0027260780334473,0.7714128055
G582K,-7.423823356628418,-0.285642547
G582D,-7.412604331970215,0.1710280635
G582H,-7.269725799560547,0.6871123929999999
G582C,-2.961108922958374,0.087082938
G582T,-1.723607063293457,1.595739985
G582Y,-5.632570266723633,0.8826922734999999
G582W,-6.776569366455078,0.6630697475
G582V,-2.133859157562256,0.321291886
G582S,-1.5081751346588135,0.3872994455
G582R,-5.643224716186523,0.6847714909999999
G582Q,-5.843039512634277,0.411918036
G582P,-6.572464942932129,0.580617298
G582N,-5.569273948669434,1.076479391
G582A,0.0589296817779541,0.658252701
G582M,-3.6217479705810547,0.3026325505
T583N,-5.321297645568848,2.1739190155
T583W,-3.7092385292053223,0.6651437485
T583A,1.3743458986282349,1.17770721
T583C,0.2409648895263672,1.32780473
T583D,-8.536748886108398,-1.070434394
T583E,-6.524432182312012,-1.3692167465
T583F,1.0955820083618164,-0.0214208125
T583G,0.552276611328125,0.6840179885
T583H,-6.520700454711914,0.9222757305
T583Y,-2.160212993621826,0.554078121
T583I,1.4221714735031128,0.801935733
T583M,-0.050672054290771484,1.130835482
T583P,-6.72308349609375,0.1876721985
T583Q,-6.303985595703125,0.5166868265
T583R,-7.860618591308594,-1.5855577525
T583S,0.5607013702392578,1.26673318
T583V,0.6991243362426758,0.7250778284999999
T583K,-8.303289413452148,-1.3412205725
T583L,2.1542091369628906,0.611638358
S584Y,-7.230352401733398,-0.9878570805
S584H,-10.25423812866211,-0.3178101445
S584W,-7.1590776443481445,-1.312405073
S584F,-3.3763957023620605,-0.5967859535
S584V,-3.282893657684326,-0.4960352095
S584G,-3.550938129425049,-0.0089214995
S584Q,-9.213251113891602,-0.9580909995
S584P,-6.585721969604492,-0.1122422705
S584R,-10.988297462463379,-1.0887142465
S584T,-2.105712652206421,0.9976555255
S584E,-9.836715698242188,-0.949203649
S584C,-3.5592193603515625,0.3205464315
S584D,-9.887590408325195,-1.370649773
S584N,-7.303267478942871,-2.066452027
S584M,-4.258398056030273,0.1310602119999999
S584L,-2.719083547592163,0.3062630955
S584K,-11.316999435424805,-1.283889566
S584I,-3.3316256999969482,0.1883063975
S584A,-2.2140707969665527,0.2577778405
S585T,-4.360641002655029,0.2344040635
S585Y,-10.994285583496094,-0.405323081
S585W,-11.819649696350098,0.7807275715
S585V,-7.647922039031982,-0.9640165015
S585Q,-9.849991798400879,0.837961898
S585R,-11.86620807647705,0.973639157
S585N,-8.091861724853516,-0.0440553355
S585A,-4.284687042236328,0.393029254
S585C,-4.9448370933532715,1.153482334
S585D,-11.401832580566406,-0.3688519385
S585P,-7.18022346496582,-0.157526122
S585F,-8.751893043518066,-2.846894789
S585G,-4.875863552093506,0.3828038535
S585E,-11.872891426086426,-0.3786343685
S585H,-11.892248153686523,0.1054861115
S585I,-8.511051177978516,-0.001321783
S585K,-13.613801956176758,-2.2854664155
S585L,-9.067842483520508,-1.4535118025
S585M,-8.66687297821045,0.4689968895
F586M,1.299696922302246,0.5342387275
F586T,-1.568054437637329,0.200978243
F586S,-2.767547845840454,0.3338889535
F586R,-8.760587692260742,-1.1485930575
F586Q,-6.496149063110352,0.092361952
F586P,-6.708522796630859,-0.6868688685
F586N,-6.380287170410156,-1.3631080955
F586V,1.780008316040039,1.539658109
F586L,2.1662821769714355,0.9219085315
F586W,-3.9250099658966064,0.7290026190000001
F586I,1.8055672645568848,1.7627649415
F586H,-7.453836441040039,-2.7511299875
F586G,-2.23258900642395,-0.476801775
F586E,-6.587328910827637,-1.8986635915
F586D,-7.766634941101074,-1.798274135
F586C,-1.3158934116363525,1.3917960825
F586A,-0.6982367038726807,0.2417809775
F586Y,-4.348060607910156,0.1475618185
F586K,-8.274391174316406,-1.067355001
I587Y,-8.69632339477539,-1.6016896715
I587W,-8.424016952514648,-0.0249682315
I587L,-0.009007930755615234,0.5774411115
I587C,-3.0471622943878174,-1.053786564
I587G,-5.418578147888184,-0.2093228945
I587F,-2.4406824111938477,-0.1483574105
I587E,-12.329936981201172,-1.618165453
I587D,-12.788625717163086,-1.368092321
I587T,-3.2249271869659424,0.0564940755
I587A,-2.8860414028167725,0.427172471
I587H,-10.728475570678711,-2.792366892
I587V,-0.8462238311767578,1.02270079
I587S,-4.065176963806152,0.918520607
I587R,-12.299216270446777,-0.8069145390000001
I587Q,-10.707551956176758,-1.5959379340000002
I587P,-9.12026596069336,-2.3190535385
I587N,-9.84993839263916,-0.450997695
I587M,-3.2421839237213135,1.304922028
I587K,-12.30321216583252,-3.2234812315
C588K,-11.9202880859375,-3.795031099
C588W,-2.4451684951782227,0.084469849
C588I,-3.0037853717803955,-0.0134748415
C588L,-1.2447829246520996,0.184492485
C588M,-2.6267662048339844,0.232449638
C588H,-8.653023719787598,-0.6654248420000001
C588E,-9.515209197998047,-4.6400935515
C588F,-1.8207247257232666,-0.5122569335
C588D,-11.095130920410156,-0.821662914
C588A,-3.295579433441162,0.6638524775
C588N,-6.8048906326293945,-0.2059790645
C588P,-2.957930564880371,0.0998387135
C588Q,-7.1217803955078125,-0.5229151145000001
C588R,-11.420412063598633,-0.458623973
C588S,-3.1362996101379395,0.0765298375
C588T,-3.5334858894348145,0.0342087015
C588V,-3.5019421577453613,0.3669590465
C588Y,-5.1413092613220215,-0.3877861215
C588G,-4.266067981719971,0.373562859
I589S,-8.858572959899902,1.1201207395
I589Q,-10.654433250427246,-1.30110746
I589R,-13.175779342651367,-2.4161368085
I589T,-6.26128625869751,0.1168290185
I589E,-11.110580444335938,-2.1584497
I589W,-10.125201225280762,-1.2632693555
I589V,-1.746509075164795,-0.3524630775
I589P,-9.502635955810547,-3.0736047615
I589N,-9.910879135131836,0.090441695
I589M,-5.47145938873291,0.858852342
I589K,-12.809295654296875,-4.5
I589H,-11.715879440307617,-2.0548640525
I589L,-3.3975539207458496,0.3185450625
I589F,-5.114774227142334,0.261914252
I589A,-6.7001824378967285,-1.802327106
I589C,-8.291816711425781,-1.5332057145
I589D,-12.230522155761719,-3.0443905675
I589Y,-7.965561389923096,-0.5010225465
I589G,-8.784177780151367,-1.7931645175
P590M,-7.102847576141357,-0.099653489
P590T,-6.736501216888428,1.2451139665000002
P590S,-6.345765113830566,0.1922507725
P590V,-4.9902215003967285,0.274535821
P590R,-13.50843334197998,0.2459806665
P590Q,-9.691900253295898,-1.400643529
P590N,-10.609225273132324,-2.188874294
P590L,-4.141569137573242,0.4704325605
P590D,-13.127204895019531,-2.113027767
P590I,-4.292377471923828,0.621705694
P590H,-9.823612213134766,1.401414888
P590G,-7.906345367431641,0.4201298445
P590F,-4.82341194152832,0.0041536665
P590E,-12.268295288085938,-1.801584351
P590C,-7.051721096038818,0.393366999
P590A,-5.872895240783691,0.7204423484999999
P590W,-9.46003532409668,-1.643723544
P590K,-13.884706497192383,-1.256461857
P590Y,-9.562333106994629,-1.077057994
T591H,-9.1082124710083,-1.175850149
T591S,0.9854402542114258,0.53562974
T591V,1.6093997955322266,1.1787436165
T591W,-5.957712173461914,-0.134685177
T591Y,-5.155605316162109,0.108690867
T591P,-4.4491376876831055,-0.750308035
T591N,-6.858983993530273,-0.7405292265000001
T591M,-0.44515037536621094,0.9416813055
T591A,1.7762866020202637,1.322552927
T591C,0.6227455139160156,0.5418255064999999
T591D,-9.04599666595459,-1.4819940305
T591E,-8.078248977661133,-1.4088153115000002
T591F,1.6044821739196777,0.8577606175
T591G,2.3807921409606934,0.9077487435
T591I,2.4362106323242188,0.694187365
T591K,-10.233509063720703,-0.09210824
T591L,2.305001735687256,0.819893023
T591Q,-9.1820068359375,-2.05233905
T591R,-9.5592622756958,-1.508382264
Y592W,-1.7336393594741821,-0.930338298
Y592D,-9.06287956237793,1.5991742665000002
Y592E,-8.10217571258545,-1.2820744565
Y592V,-1.2336158752441406,-1.317192171
Y592T,-4.710026741027832,-1.652548705
Y592S,-5.094142436981201,-0.1369958735
Y592R,-7.837149143218994,-1.0990578295
Y592Q,-7.658912181854248,-2.6274092490000003
Y592P,-9.986593246459961,-2.811773728
Y592N,-7.170707702636719,-0.228895526
Y592M,-3.929389476776123,-1.5047236094999998
Y592L,-3.576220989227295,-1.322471728
Y592K,-8.202953338623047,-3.546885132
Y592I,-2.5039725303649902,-2.2278762705
Y592H,-4.7716264724731445,-0.2265182165
Y592G,-2.6978702545166016,-0.97595698
Y592F,-1.2817463874816895,-0.2712874675
Y592C,-3.951636791229248,1.4295067245
Y592A,-3.0753188133239746,-1.5997605869999998
I593D,-9.649147033691406,-1.97513686
I593W,-3.2384626865386963,-0.2191137375
I593A,1.308382272720337,0.41191549
I593C,-3.609008550643921,-0.2444046815
I593E,-7.986745834350586,-2.25294092
I593F,-1.0007867813110352,-0.018661397
I593Y,-3.6680448055267334,-1.4416708355
I593H,-7.50724983215332,-1.5438208735
I593K,-6.192729949951172,-3.3951161335
I593L,-1.3502161502838135,0.30513775
I593G,-2.295034170150757,0.328989744
I593N,-7.5764617919921875,-0.357689136
I593P,-7.779542922973633,-2.4355905235
I593Q,-6.256952285766602,-1.0311282145
I593R,-7.398754119873047,-1.7183188615
I593S,-3.2999298572540283,1.6845463795
I593T,-2.693437337875366,0.4184532520000001
I593V,-1.1972739696502686,0.772182934
I593M,2.2594664096832275,2.094996048
A594P,-3.7574551105499268,-0.6459147865
A594Y,-4.403171539306641,-0.699241606
A594W,-5.982439994812012,-1.12239308
A594V,1.4785351753234863,0.5407480325
A594T,-0.3547055721282959,0.171927528
A594R,-10.725502967834473,-1.9591220775
A594Q,-10.16599178314209,-4.063612994
A594N,-8.429373741149902,-0.5623611995000001
A594S,-2.656697988510132,0.3306970345
A594I,3.0519375801086426,0.916626473
A594H,-8.711308479309082,-2.4213173180000003
A594K,-10.498930931091309,-0.69803439
A594L,1.0360932350158691,0.7074003609999999
A594M,-1.9388697147369385,0.7586892025
A594F,0.11585712432861328,-0.023387677
A594E,-10.268089294433594,0.682039805
A594D,-11.28637981414795,-0.688534237
A594G,-1.070774793624878,0.975046799
A594C,-1.2272837162017822,1.227165961
Y595M,-6.372260093688965,-0.7610454565000001
Y595N,-8.813336372375488,-1.9643864065
Y595K,-8.366158485412598,-1.86357871
Y595I,-3.287841320037842,-1.20261004
Y595H,-5.558254241943359,-0.3314366065
Y595G,-5.937769412994385,-1.258123448
Y595P,-12.08150577545166,-1.415702361
Y595Q,-9.313225746154785,-0.462257063
Y595F,-3.047381639480591,0.1990293535
Y595E,-10.203140258789062,-0.7726988690000001
Y595R,-8.217202186584473,-1.9979831315
Y595D,-10.435504913330078,-0.21236414
Y595S,-6.441832065582275,-0.3053146865
Y595C,-5.456626892089844,-1.3039264275
Y595L,-4.383308410644531,-0.444092168
Y595T,-5.546682834625244,-1.22406615
Y595A,-5.129062652587891,-1.1271662305
Y595W,-4.7783660888671875,0.1566188445
Y595V,-3.5909860134124756,0.449146181
R596C,-2.6543707847595215,0.659716234
R596D,-4.415895462036133,-2.6016466905
R596E,-2.8610944747924805,-1.9022748445
R596V,-1.811204433441162,0.8663804140000001
R596T,-1.6676921844482422,0.1310272925
R596S,-1.9514365196228027,0.1176466905
R596Q,-1.1512479782104492,1.724279172
R596P,-7.824609756469727,-1.3979700075
R596N,-2.5320606231689453,-0.27338085
R596L,-0.8711361885070801,0.226783055
R596K,3.042086124420166,0.7565893284999999
R596I,-1.5678648948669434,0.9068271555
R596H,-1.217048168182373,0.768458828
R596G,-4.1842041015625,0.0042357065
R596F,-0.9851059913635254,-0.2325115685
R596M,-1.2352514266967773,0.7428907805
R596A,-1.7242631912231445,0.306719036
R596Y,0.3823103904724121,0.630300682
R596W,-3.757756233215332,-0.0760419125
L597D,-10.624435424804688,-2.358254827
L597E,-8.337909698486328,-1.4942925465
L597F,-1.0912394523620605,-0.8252338084999999
L597G,-6.437732696533203,-2.0773380265
L597H,-7.016819953918457,-3.913736139
L597I,-0.7405872941017151,0.7225453975
L597K,-7.503766059875488,-1.002293004
L597M,-2.1378278732299805,0.751837568
L597N,-7.145171165466309,-3.75057225
L597P,-9.20998764038086,-0.223184181
L597Q,-7.122763633728027,0.110961261
L597Y,-3.073740005493164,-2.6217628530000003
L597W,-3.9014174938201904,-0.2474878625
L597R,-7.704965591430664,0.5949097525
L597S,-5.115517616271973,-1.3263797185
L597C,-4.167575836181641,0.293409183
L597A,-3.5416743755340576,-0.6059374045
L597V,-1.9573986530303955,0.4914027925
L597T,-4.085806846618652,-2.319647786
I598Y,0.7797638177871704,0.0162241445
I598R,-4.7138895988464355,0.153476677
I598Q,-6.223302841186523,-2.1366764565
I598P,-7.745858192443848,-3.3960572825
I598M,-1.5869145393371582,1.097861982
I598L,0.5757514238357544,0.5030768625
I598K,-4.721573829650879,0.085830044
I598T,-2.7281765937805176,0.0587211535
I598H,-3.7438812255859375,-1.7550948194999998
I598F,1.0298000574111938,0.112224725
I598E,-9.062170028686523,-0.372979528
I598D,-8.550372123718262,-1.362915644
I598C,1.078682541847229,1.157322942
I598A,-1.0281367301940918,0.135044902
I598V,-0.7547111511230469,0.659243851
I598W,-0.705204963684082,0.5594714365
I598G,-3.3109469413757324,-0.296364053
I598S,-1.841294288635254,0.763953179
I598N,-4.865547180175781,-0.4406826435
I599N,-1.6402931213378906,-0.216499655
I599W,-3.5593271255493164,0.6904255
I599V,-0.05944657325744629,0.660306181
I599T,1.4095540046691895,0.636180224
I599S,0.12714695930480957,0.4850320455
I599R,0.3784961700439453,0.7009669835
I599Q,-0.1551523208618164,0.4643854555
I599P,-5.666985511779785,-1.932388784
I599A,-0.6149792671203613,0.9805777955
I599M,-0.3169691562652588,1.3112824875
I599K,0.7743515968322754,-0.1530256395
I599H,-2.0263519287109375,0.170152408
I599G,-3.6725058555603027,0.010079602
I599F,-1.7114758491516113,-0.057632769
I599E,-2.241151809692383,-0.123766674
I599D,-3.9453988075256348,-0.5991368029999999
I599C,-1.083322286605835,-0.2793548655
I599L,-0.4032173156738281,0.3165498415
I599Y,-2.6098060607910156,1.0329525145
T600I,-2.8518967628479004,-1.4597914665
T600K,-4.482311248779297,0.3627693125
T600L,-0.3311527371406555,-2.214282183
T600P,-6.486624240875244,-1.7507009969999998
T600Q,-4.031313419342041,-2.00036927
T600R,-5.341519355773926,-1.2370616635
T600S,-3.7641513347625732,-0.7904696845
T600V,-3.7071382999420166,-0.2212257185
T600W,-8.828743934631348,-1.009625149
T600N,-5.865358829498291,-1.8028127745
T600Y,-5.927054405212402,-2.4283436565
T600A,-2.695190668106079,-0.0630784135
T600C,-5.127696514129639,-0.5161267155
T600D,-7.322108745574951,-3.6021767155
T600E,-4.923017978668213,-0.004566035
T600F,-4.794498443603516,-4.1801016235000015
T600G,-6.201581954956055,-0.932464182
T600H,-6.281484603881836,-2.9267037910000004
T600M,-2.453932762145996,0.1078969215
P601C,-8.395359992980957,-0.8913683259999999
P601Y,-7.632701396942139,-2.9754061555
P601E,-1.6430538892745972,0.7336692925
P601F,-9.27631950378418,-1.5822286725
P601G,-5.872020721435547,0.665723524
P601H,-4.554370880126953,1.972631859
P601I,-8.07176685333252,-4.27287945
P601K,-1.2985851764678955,0.7218569725
P601A,-5.034675598144531,1.598082908
P601M,-8.797045707702637,-1.7297122575
P601N,-4.353924751281738,1.2209855015
P601Q,-2.9350152015686035,0.7385543745
P601R,-2.8195629119873047,2.111041897
P601S,-2.92167329788208,0.5155579425
P601T,-3.535806179046631,2.46088766
P601V,-6.7563371658325195,-0.47513686
P601W,-10.248865127563477,-1.9876320805
P601D,-3.3999485969543457,0.0477495795
P601L,-7.802366733551025,-0.3086521045
G602I,-11.456107139587402,-0.9424788865
G602W,-11.400712966918945,-2.3245643085
G602A,-7.781780242919922,-0.955418364
G602C,-8.71627426147461,-0.463796744
G602D,-7.976439476013184,-0.730826877
G602Y,-11.520200729370117,-1.1521009745
G602F,-11.844655990600586,-1.1748903795
G602H,-11.178678512573242,-0.62585241
G602K,-8.805169105529785,-1.862281355
G602L,-11.53994369506836,-0.7723465145
G602E,-7.819411754608154,-2.029326662
G602N,-9.177393913269043,-2.197199879
G602P,-11.5830078125,-1.2918037695
G602Q,-10.993629455566406,-2.3654698315
G602R,-8.157966613769531,-1.301212488
G602S,-7.766619682312012,-1.109464109
G602T,-10.020386695861816,-1.576436385
G602V,-9.617206573486328,-1.591497533
G602M,-11.602425575256348,-1.636451502
T603M,-7.323482036590576,-0.7658705415000001
T603L,-6.915209770202637,-1.1072393915
T603K,-4.153247356414795,-0.213686128
T603G,-3.6253480911254883,0.397972841
T603C,-5.870237827301025,0.238797402
T603E,-6.467377185821533,-0.077165842
T603D,-4.319371223449707,-0.4036561095
T603A,-5.535816192626953,0.2430094735
T603N,-2.722788095474243,0.195657119
T603F,-7.509958744049072,-1.058402607
T603P,-4.524829864501953,0.288026094
T603H,-6.95418643951416,-0.4454750685
T603R,-4.852357387542725,0.100213854
T603Y,-8.07322883605957,-0.83860417
T603I,-6.993392467498779,-0.5487877885
T603Q,-7.101487636566162,-0.0723922885
T603V,-7.73827600479126,-0.1691655819999999
T603S,-0.3392806053161621,0.4370972595000001
T603W,-9.764505386352539,-1.88296029
F604Y,-3.707890510559082,-1.3742373485
F604E,-10.873441696166992,-1.4710324615
F604G,-7.774824142456055,-1.083969686
F604H,-8.639820098876953,-1.2981913495
F604I,-0.9341373443603516,0.1935311465
F604K,-9.272533416748047,-3.1673340775
F604L,1.325714111328125,1.4634184675
F604M,-2.1858181953430176,-0.1344066085
F604P,-5.0773749351501465,-0.8616194895
F604Q,-8.881307601928711,-2.978933534
F604D,-10.835492134094238,-3.1668131725
F604S,-6.724419593811035,-0.52277643
F604T,-4.343196868896484,-0.750106853
F604V,-1.599543809890747,1.3018669335
F604W,-3.8915152549743652,0.520356801
F604N,-8.710948944091797,-2.741684899
F604R,-8.303797721862793,-1.0889230875
F604C,-4.076583385467529,0.8780604065000001
F604A,-4.197391510009766,-0.8463314565000001
K605C,-4.3228044509887695,0.0533934055
K605T,-2.5389466285705566,0.7296277825
K605S,-3.2782211303710938,0.3685016885
K605R,-0.39234137535095215,1.918760493
K605Q,-3.8772616386413574,1.5507074505
K605P,-5.666692733764648,0.322906514
K605N,-5.70196008682251,-0.265910572
K605A,-4.303268909454346,1.1078836035
K605L,-2.6251559257507324,0.667705796
K605M,-3.022711753845215,0.7163965365
K605H,-4.832996368408203,-1.4722357875
K605G,-4.561044216156006,0.66045171
K605F,-4.036438941955566,0.0749083609999999
K605E,-6.647716045379639,0.068024247
K605D,-9.043495178222656,-1.234119561
K605Y,-4.325545310974121,0.4418044005
K605W,-3.4890942573547363,0.4891267205
K605V,-3.072542667388916,0.993697272
K605I,-2.8252944946289062,-0.5140278655
E606S,-5.420648097991943,0.1699520944999999
E606R,-6.426035404205322,-0.5132428375
E606I,-8.926362037658691,0.1896337795
E606M,-7.278530597686768,1.230706283
E606V,-7.354466915130615,-0.119194862
E606L,-8.063578605651855,-0.7284394784999999
E606H,-6.602620601654053,-0.5952779555
E606T,-5.946326732635498,-0.1258735544999999
E606F,-9.955923080444336,-0.0673446075
E606D,-3.40421986579895,-0.0201718035
E606Q,-0.8712062835693359,0.647678434
E606C,-9.297273635864258,-0.219293075
E606K,-4.912692070007324,-0.860482498
E606N,-5.832080841064453,0.732903858
E606Y,-8.580224990844727,0.758689203
E606W,-11.038009643554688,-0.909835726
E606A,-4.7696733474731445,0.57144188
E606G,-5.97283935546875,0.3888620575
E606P,-9.625619888305664,-2.507558338
R607C,-6.307535171508789,-1.722189803
R607A,-8.732666969299316,-3.4384596905
R607D,-10.540731430053711,-1.0790155375
R607E,-9.547486305236816,-3.4468597080000003
R607F,-10.027164459228516,-2.966778605
R607G,-8.663207054138184,-1.166833292
R607H,-7.243662357330322,-0.1187545485
R607I,-8.071529388427734,-2.00759083
R607K,-2.545609951019287,0.7533618715000001
R607L,-7.468688011169434,-0.224424915
R607M,-7.827995300292969,-3.0106761095
R607N,-6.831622123718262,-1.0904627845
R607P,-11.97193431854248,-0.19211539
R607S,-6.95693826675415,-0.6200432525
R607Q,-6.351743221282959,-0.2897914505
R607V,-9.05233097076416,-0.9782270845
R607W,-9.338147163391113,-1.081785895
R607Y,-10.004746437072754,-1.852580611
R607T,-7.952502250671387,-3.0191375760000003
I608Y,-5.716115474700928,-0.357212212
I608V,-0.9266343116760254,0.0806685075
I608T,-5.598717212677002,-0.237680337
I608H,-9.696435928344727,-3.8438889525
I608S,-7.16202449798584,-0.443575206
I608R,-8.686789512634277,-1.694295778
I608P,-8.256611824035645,-0.4704846795
I608N,-9.131647109985352,-0.558396688
I608M,-2.4785256385803223,-0.5755965465
I608L,0.5784162878990173,0.0936691315
I608K,-8.723164558410645,-3.223325247
I608Q,-9.420676231384277,-1.244386863
I608W,-2.429338216781616,0.148606969
I608F,-2.0243282318115234,-0.171067741
I608A,-4.087921619415283,-0.87677173
I608C,-4.400353908538818,1.294266874
I608D,-10.48239517211914,-1.9261830735
I608E,-10.01005744934082,-3.428851453
I608G,-7.813343048095703,-1.9676907155
I609S,-0.9655272960662842,0.6660464245000001
I609M,-0.38605380058288574,2.343241104
I609L,0.19386529922485352,0.67784203
I609K,1.892836332321167,0.1266175385
I609H,-1.945059061050415,-1.4734594845
I609G,-2.3957631587982178,-0.1892276435
I609F,-1.6148903369903564,0.1512399605
I609E,-1.6998908519744873,-0.8418373884999999
I609D,-4.14401912689209,-0.615804845
I609C,-1.993549108505249,-0.230075657
I609R,1.3683733940124512,-0.023907493
I609Q,0.7955248355865479,1.15247424
I609P,-5.32869815826416,-3.953330939
I609T,-1.0501072406768799,0.273376599
I609V,-0.6024947166442871,0.4890233775
I609W,-2.5074055194854736,-0.055107598
I609Y,-1.1314747333526611,-0.1576668865
I609A,0.3024585247039795,0.6834370975
I609N,-2.4322712421417236,0.0705310875
K610T,-1.9753179550170898,0.8217268775
K610A,-1.830967903137207,0.7992359790000001
K610S,-2.3604233264923096,0.1437930865
K610W,-4.995481491088867,-1.149351075
K610Y,-1.9123988151550293,-0.148212626
K610R,-0.4411172866821289,1.1775738175
K610Q,-1.4266657829284668,-0.147885143
K610N,-1.7127163410186768,-0.058551492
K610M,-3.573866367340088,0.9358343035
K610L,-2.5161595344543457,0.7325567045
K610I,-2.813778877258301,0.095058016
K610P,-6.9338765144348145,-2.7213327035000003
K610G,-4.904273986816406,-0.7413844005
K610F,-3.5790562629699707,0.194286196
K610E,-3.409050941467285,0.6020695065
K610D,-3.2559289932250977,-0.448014102
K610C,-3.929555892944336,0.413860706
K610V,-2.9202170372009277,-0.121894799
K610H,-0.994879961013794,0.6733466905
S611M,-1.1141043901443481,0.523100676
S611W,-6.475561141967773,-2.461003635
S611V,-2.3072872161865234,0.675470335
S611T,-0.9242335557937622,-0.397848341
S611R,-6.084928035736084,0.643430244
S611Q,-4.937823295593262,-3.1548074485
S611P,-5.807307243347168,-0.7636986015
S611N,-4.361741542816162,0.3715693655
S611L,-0.886846661567688,0.554765658
S611C,-1.8083945512771606,-0.19731516
S611I,-1.532260537147522,-1.471315213
S611H,-6.43665885925293,-3.154378458
S611G,-2.5732579231262207,0.3156998435
S611F,-4.1247100830078125,-1.4021099465
S611E,-6.2703399658203125,-0.092699733
S611D,-7.010991096496582,-3.148201393
S611A,-0.056757450103759766,0.656251887
S611K,-6.1611480712890625,-2.6160492105
S611Y,-5.786249160766602,-1.4228963355000002
I612S,-4.563291549682617,-0.841914343
I612T,-2.4174396991729736,0.2522196745
I612L,-1.3932390213012695,-0.117091229
I612D,-9.96827507019043,-2.35484245
I612A,-4.725133419036865,-1.5117093715
I612C,-3.406433582305908,-0.282880702
I612H,-7.878029823303223,-3.004853
I612K,-7.734152793884277,-0.7383507265000001
I612G,-7.522442817687988,-1.829875535
I612E,-9.443384170532227,-1.5158064975
I612M,-3.076697587966919,0.102104865
I612P,-7.494494438171387,-1.4115362975
I612Q,-6.899720191955566,-2.8837899195
I612R,-7.508943557739258,-0.153650145
I612Y,-6.097116470336914,-1.487015358
I612W,-6.500296592712402,-1.310462119
I612V,-1.6019558906555176,0.294992406
I612N,-5.573246002197266,-1.7603532709999998
I612F,-2.2421154975891113,0.9851660695
T613A,-3.1253585815429688,0.1557175885
T613Y,-4.2311248779296875,-0.30814698
T613P,-7.976512432098389,0.1432119855
T613V,-4.13879919052124,0.2856018355
T613S,-1.2467131614685059,0.3167780905
T613R,-2.355661392211914,0.5530668805
T613Q,-3.447368621826172,0.5633770579999999
T613N,-3.5631513595581055,1.14876509
T613W,-5.975637435913086,-0.8437569555
T613M,-4.207386493682861,0.5095104575
T613L,-4.119653701782227,0.86917668
T613C,-3.3418660163879395,0.469848901
T613D,-6.265965461730957,0.1389316795
T613E,-5.21090841293335,0.1059592675
T613F,-4.604879856109619,-0.4123036705
T613G,-5.621055603027344,-0.5038488154999999
T613H,-3.7527127265930176,1.088063783
T613I,-4.059117794036865,0.011904418
T613K,-1.4427226781845093,-0.2785927805
P614W,-9.03048038482666,-1.949203649
P614A,-4.952905654907227,0.8669607995
P614C,-8.578990936279297,-0.02928568
P614D,-9.399949073791504,-1.312554707
P614E,-8.535039901733398,-1.257037912
P614F,-7.960333824157715,-1.436758471
P614G,-8.032106399536133,-0.790200754
P614H,-7.133461952209473,0.7812067845
P614I,-7.822046279907227,-0.340385952
P614K,-7.091831207275391,-1.314665559
P614L,-6.423961639404297,-0.930344622
P614M,-8.661130905151367,-1.921264625
P614N,-8.824319839477539,-1.471647206
P614Q,-7.256338119506836,-0.884289295
P614R,-6.545764446258545,-0.340877215
P614S,-5.105573654174805,-0.6806697435
P614T,-6.1921820640563965,-0.4718098615
P614V,-7.0661725997924805,-0.3325677985
P614Y,-8.257486343383789,-1.0854825885
E615A,-1.4175242185592651,0.9537868585
E615C,-4.5045166015625,-0.0858041545
E615W,-5.242732524871826,-0.413772021
E615Y,-3.077770709991455,-0.2153155885
E615M,-3.0770888328552246,0.1885573925
E615N,-2.245100498199463,-0.5130334875
E615Q,-1.4843004941940308,-0.191086158
E615R,-2.7240538597106934,-0.6970906255
E615S,-0.8011096715927124,0.010061545
E615T,-1.0459941625595093,-0.752969135
E615P,-2.597991466522217,-1.0534342255
E615L,-1.7297478914260864,-0.20847513
E615K,-1.8913830518722534,-0.30609736
E615I,-2.559837818145752,-0.35438619
E615H,-2.690349578857422,-1.3384471365
E615G,-3.149385929107666,0.6580803510000001
E615F,-3.652820110321045,-2.1654192035
E615D,-1.2278321981430054,-1.050202476
E615V,-2.117950916290283,-0.1776236155
T616Y,-1.48520827293396,0.6031025855
T616L,0.02610611915588379,0.060042174
T616M,-1.6333448886871338,0.542345847
T616N,-0.7197327613830566,0.6779371740000001
T616R,-0.20818328857421875,-0.0905652905
T616Q,-0.6376416683197021,-0.2651515185
T616S,-0.3294839859008789,-0.6667927385
T616V,0.05291867256164551,0.535479196
T616K,0.8115839958190918,0.4313398945
T616P,1.0716419219970703,0.0455866825
T616I,0.029429197311401367,0.8850877545
T616W,-3.702285051345825,-0.5373014939999999
T616G,-2.0425875186920166,0.549558099
T616A,-0.12700676918029785,1.224597048
T616C,-2.277017831802368,0.489151425
T616H,-1.2893760204315186,1.5679746495
T616E,-0.019558191299438477,0.035210185
T616F,-1.7461073398590088,0.375096273
T616D,-1.1923823356628418,1.000978419
P617F,-0.17877912521362305,0.2747678155
P617E,2.422214984893799,1.0380116475
P617H,1.2832672595977783,-0.1015245545
P617D,2.4136428833007812,0.976759675
P617C,-0.8206477165222168,0.1093427115
P617A,0.9766709804534912,0.7760857415000001
P617I,0.8200252056121826,1.196473261
P617K,1.3618593215942383,0.3665245620000001
P617L,0.48943090438842773,1.082070719
P617M,-0.5214371681213379,0.56496219
P617N,2.6151251792907715,0.5222701504999999
P617Q,1.2174439430236816,0.979878877
P617G,0.5546321868896484,0.630173619
P617S,2.32582688331604,1.111415466
P617R,0.9873580932617188,0.5669467225
P617V,1.1968727111816406,0.2793641155
P617W,-2.213390350341797,0.376248305
P617Y,0.4344363212585449,-0.650736078
P617T,2.3933029174804688,0.37262996
T618Y,-2.2212414741516113,0.606915938
T618W,-3.7587857246398926,0.833521673
T618V,-0.3213059902191162,0.824539327
T618S,-0.0333404541015625,0.8088210754999999
T618R,-0.4366593360900879,0.7848253265
T618Q,-0.2975597381591797,0.462454184
T618P,-0.6241090297698975,0.7228134505
T618N,-0.681300163269043,0.4755691695000001
T618G,-0.7976508140563965,0.8812910675
T618E,0.8538177013397217,0.492607718
T618D,-0.06865572929382324,0.7688585365
T618C,-2.5020265579223633,0.9454208475
T618A,-0.36572790145874023,0.5528848495
T618H,-1.3375177383422852,0.18729163
T618I,-0.7249693870544434,0.2478021405
T618K,0.13647031784057617,-0.0593271395
T618M,-1.4853110313415527,0.70638643
T618F,-2.3595504760742188,1.363708348
T618L,-0.6431708335876465,0.6183717205
E619P,-0.866408109664917,0.9735707125
E619Q,-1.232837438583374,0.437841422
E619Y,-2.4259345531463623,0.471981311
E619A,-0.9968886375427246,0.7767184770000001
E619N,-0.850578784942627,0.4002095545
E619M,-2.593862295150757,1.622906571
E619L,-1.5886309146881104,0.6662902620000001
E619K,-0.9831302165985107,0.8183240325
E619I,-1.4570038318634033,0.036105371
E619H,-1.7515771389007568,0.98378997
E619G,-1.2222483158111572,0.476666426
E619D,-0.19799208641052246,0.2936577585
E619C,-2.9143521785736084,0.4629488465
E619R,-1.3988897800445557,0.909879784
E619S,-0.4193093776702881,0.8844010525
E619T,-0.7029550075531006,0.6280888785000001
E619V,-0.827221155166626,0.790229933
E619W,-4.426141738891602,0.968143181
E619F,-2.8387463092803955,1.1266439425
I620W,-2.6669058799743652,0.7940580785
I620Y,-1.4451241493225098,0.5285165555
I620V,-0.007368803024291992,0.5790431695
I620T,-0.5175004005432129,0.3829469825
I620E,-0.5601887702941895,1.1016866735
I620A,-0.8736639022827148,0.459170861
I620C,-3.108031749725342,0.6670623035000001
I620D,-1.1491641998291016,0.5969540729999999
I620S,-0.6924610137939453,1.1077312365
I620F,-1.104170799255371,0.418953124
I620G,-1.1359119415283203,0.791622773
I620H,-1.5240554809570312,0.982187342
I620L,0.3181880712509155,1.0552756915
I620M,-1.2369556427001953,0.7663548765000001
I620N,-1.1207060813903809,0.543016759
I620P,-1.1184227466583252,0.9254305925
I620Q,-1.0378942489624023,1.1392430755
I620R,-0.9923319816589355,0.8504579520000001
I620K,-0.9291086196899414,0.5039281225
P621S,0.1720905303955078,0.289799289
P621R,-0.7784028053283691,0.6472246389999999
P621T,-0.15937018394470215,0.3793050145
P621N,-0.03591275215148926,0.308165886
P621W,-3.704680919647217,0.642458592
P621Y,-1.2395281791687012,-0.113328606
P621V,-0.40755224227905273,0.6955483284999999
P621M,-2.0176186561584473,0.3695849145
P621Q,-0.43064355850219727,0.8027948145
P621K,-0.3892512321472168,0.5947640915
P621L,-0.3879401683807373,0.4869255375
P621C,-1.8888463973999023,0.465030127
P621D,0.13954401016235352,0.61836703
P621E,0.33566975593566895,0.909233739
P621A,-0.5481376647949219,0.7757208179999999
P621G,-0.49331092834472656,0.5406582815
P621H,-0.6777071952819824,-0.1426203595
P621I,-0.36885523796081543,0.494790848
P621F,-1.8277888298034668,0.467026662
C622Y,1.2211525440216064,0.3303893205
C622T,2.1778454780578613,0.7973053955
C622N,2.8083598613739014,0.184647302
C622P,1.9693541526794434,1.0359256225
C622Q,1.8964917659759521,0.68000736
C622K,2.0988833904266357,1.488180429
C622R,2.0582234859466553,0.4064324415
C622S,2.2791006565093994,0.4698171395
C622V,2.053738594055176,0.512862144
C622M,0.761967658996582,0.389442671
C622L,1.867027759552002,0.4334276070000001
C622H,1.6946439743041992,0.383375061
C622I,1.7956619262695312,0.912221576
C622G,1.9427168369293213,0.5608411729999999
C622F,0.7452306747436523,0.9100060255
C622E,2.97196102142334,0.7491031534999999
C622D,2.5086565017700195,0.289824626
C622A,2.0813496112823486,0.912988099
C622W,-0.8641104698181152,0.7509226940000001
G623C,-1.666175365447998,0.2434125305
G623A,-0.24965429306030273,1.117102264
G623E,0.7907977104187012,0.682550518
G623F,-1.9199280738830566,0.667588649
G623H,-0.8727588653564453,0.0938534035
G623D,0.30324411392211914,0.70311283
G623Q,-0.12894725799560547,1.1220228735
G623K,0.30976104736328125,0.235518778
G623Y,-1.723045825958252,0.103828931
G623W,-3.74692964553833,0.2256651865
G623I,-0.9482517242431641,0.544744994
G623T,0.21553921699523926,0.531832771
G623S,0.5490472316741943,0.6107146885
G623V,-0.524315595626831,0.840089394
G623P,-0.49414634704589844,1.244117874
G623N,0.16677236557006836,-0.415702361
G623M,-1.5567898750305176,0.8742187290000001
G623L,-0.8194689750671387,0.909080346
G623R,-0.42124366760253906,0.3644319615
D624L,-2.0099074840545654,0.6892895575
D624Y,-2.7650463581085205,0.4713644345
D624W,-4.7657976150512695,0.4599205695
D624V,-1.4017884731292725,0.5665072170000001
D624T,-0.8871896266937256,0.3107777855
D624S,-0.7227144241333008,0.630206911
D624R,-1.552485704421997,0.195019373
D624Q,-1.1235601902008057,1.392046201
D624P,-1.2492914199829102,1.133080341
D624M,-2.6615045070648193,1.4216752395
D624K,-0.913313627243042,0.9078273475
D624N,-0.368882417678833,0.308700567
D624A,-1.3113987445831299,0.5402933725
D624C,-3.2914483547210693,0.7375405835
D624E,0.2467716932296753,1.244780231
D624F,-3.3081815242767334,1.1334745705
D624G,-0.9522757530212402,0.2439138195
D624H,-1.7091000080108643,0.7581323925
D624I,-1.8252432346343994,0.564338876
I625G,-0.013060808181762695,0.109795118
I625Y,-0.3131527900695801,0.024186009
I625V,-0.038007259368896484,0.58913371
I625T,-0.20748019218444824,0.486738428
I625S,-0.004911899566650391,0.192963776
I625R,-0.4050133228302002,0.67743017
I625W,-2.5895397663116455,0.1827718415
I625P,-0.6834208965301514,0.011247837
I625A,-0.42801499366760254,0.9934655765
I625Q,-0.40998387336730957,0.2632068325
I625D,-0.2423708438873291,0.8629825135
I625E,0.10436224937438965,0.6896634395
I625F,-0.9877502918243408,0.51357085
I625C,-1.6480920314788818,0.917595196
I625K,-0.6797764301300049,-0.0725236755
I625L,-0.32278895378112793,0.5328027255
I625M,-1.5072362422943115,0.563675449
I625N,-0.08369851112365723,0.5303750465
I625H,-0.2709190845489502,0.439900639
R626N,-0.06663393974304199,0.565142091
R626Y,-1.4198827743530273,0.74297411
R626W,-4.052414417266846,0.6718663429999999
R626V,-0.12115740776062012,0.765254797
R626T,0.05984997749328613,0.735746053
R626S,-0.0160369873046875,0.9095058325
R626Q,-0.3241086006164551,0.6422652245
R626P,0.18019747734069824,0.4798604520000001
R626M,-1.7659544944763184,0.5260401585
R626F,-1.872485637664795,0.5722805085
R626K,0.18412446975708008,0.198600223
R626L,-0.7377805709838867,0.9329071295
R626C,-1.7866644859313965,0.6812772884999999
R626D,-0.5014963150024414,1.3794553165
R626E,0.14720654487609863,0.261659701
R626A,-0.4233536720275879,0.6125646525
R626G,-0.932896614074707,0.6166402814999999
R626H,-0.5356342792510986,-0.208174715
R626I,-0.4398226737976074,0.453483194
L627E,0.8295104503631592,0.720658878
L627Q,-0.2768065929412842,0.392471298
L627P,-0.22920989990234375,0.217961715
L627R,-0.010158538818359375,0.1683178835
L627S,0.45750856399536133,0.4291633665
L627T,0.473175048828125,0.1839364725
L627D,0.007340669631958008,0.5851155505
L627V,0.43684935569763184,-0.0650179665
L627M,-0.6179049015045166,0.5931734075
L627Y,-0.4066581726074219,0.289733568
L627N,0.5093622207641602,0.3289407485
L627C,-0.8418488502502441,0.242785175
L627K,-0.08970880508422852,-0.3785860915
L627I,0.023684024810791016,0.3034162435
L627H,-0.6387691497802734,0.207642135
L627A,0.38994336128234863,0.330894663
L627G,0.13900232315063477,0.365516736
L627W,-2.9507107734680176,0.6295520605
L627F,-1.1223621368408203,0.2814049175
N628Q,0.19164323806762695,1.385620537
N628R,-0.8128459453582764,0.5481344845
N628M,-1.5032312870025635,1.0406303725
N628Y,-2.270380735397339,0.0716095435
N628A,-0.07918930053710938,0.6003949064999999
N628C,-2.456397294998169,0.4250309095000001
N628D,0.16788434982299805,0.420555957
N628E,1.2591307163238525,1.302204194
N628P,-0.2584655284881592,0.680416217
N628G,-0.320789098739624,0.580046984
N628H,-1.0298056602478027,1.112164674
N628F,-2.670593500137329,0.654872982
N628K,-0.154893159866333,0.5750716665
N628L,-0.8702943325042725,1.0385901745
N628W,-4.141796112060547,0.6632143105
N628V,-0.17342066764831543,0.5881156955
N628T,1.0160155296325684,0.7895773015
N628S,0.7459166049957275,0.429461726
N628I,-1.0521526336669922,0.3702322985
A629E,0.1760702133178711,0.5550822055
A629F,-1.5100734233856201,0.8095764655
A629G,-0.7135269641876221,0.526550599
A629H,-0.5891904830932617,0.4611567505
A629I,-0.4626040458679199,0.5464652489999999
A629K,0.05791902542114258,0.3945636595000001
A629D,-0.5823428630828857,0.972127637
A629C,-1.7450950145721436,0.542460267
A629L,-0.1866607666015625,0.649516283
A629R,-0.23127436637878418,0.7122138045
A629Q,-0.2973909378051758,0.6078302285
A629P,-0.14642953872680664,0.989333688
A629Y,-0.8454005718231201,0.5830216175
A629W,-2.9972012042999268,-0.095172468
A629S,0.7776587009429932,0.669445277
A629V,-0.10948920249938965,0.5448604229999999
A629T,0.5448975563049316,0.6165551695
A629N,0.14119577407836914,0.8085589295000001
A629M,-0.8187119960784912,0.4650815575
V630A,-0.7977569103240967,0.7565333470000001
V630Y,-1.5619914531707764,0.6455163835000001
V630W,-2.147339105606079,0.7839144665000001
V630C,-1.8421814441680908,0.73335346
V630D,-1.162752389907837,0.2371578035
V630F,-1.2900099754333496,0.4718636475
V630G,-1.8391339778900146,0.6793475925
V630H,-1.7476356029510498,0.4106453805
V630T,-0.8658647537231445,-0.1236892535
V630S,-0.48873305320739746,0.3316668455
V630R,-1.888566493988037,-0.02887641
V630I,-0.7260799407958984,0.41683224
V630K,-1.0698926448822021,0.300207123
V630L,-0.4329087734222412,0.609604382
V630N,-0.7337028980255127,0.456673779
V630P,-1.5080764293670654,0.5892304279999999
V630Q,-1.6321237087249756,0.4826571925
V630E,-0.977226972579956,0.0559310295
V630M,-1.3319482803344727,0.36517019
