mutant,mifst_score,DMS_score
E2M,-5.60955810546875,0.5415139735
E2L,-5.125331401824951,0.1143308855
E2Y,-8.047496795654297,-0.615963594
E2W,-9.222280502319336,0.7818950004999999
E2V,-5.61415958404541,0.2333297835
E2T,-4.819016456604004,-0.467227773
E2R,-6.0128865242004395,0.2194975435
E2Q,-5.089744567871094,-0.010520799
E2P,-6.325540542602539,-0.267621198
E2S,-3.7528419494628906,0.680549318
E2A,-2.6667046546936035,0.93903655
E2C,-5.737552165985107,-0.233255675
E2D,-3.369320869445801,-0.334302133
E2F,-6.562742710113525,0.5251518345
E2G,-5.912681579589844,0.805656412
E2H,-7.018594264984131,0.6834407805
E2I,-5.722376823425293,0.1946396445
E2N,-6.070835113525391,-1.339753931
E2K,-4.920194149017334,0.666883045
T3I,-4.732593536376953,0.198268331
T3H,-5.0787835121154785,0.1066555865
T3G,-5.224000930786133,0.494906421
T3D,-4.086459159851074,0.720156838
T3E,-3.3810195922851562,1.1506602705
T3K,-2.365880012512207,0.7322985295000001
T3F,-5.32640266418457,0.3662840715
T3L,-3.4081201553344727,0.8601233305
T3Y,-6.6042280197143555,1.075382848
T3N,-3.8339731693267822,0.4881011325
T3P,-5.803550720214844,1.346584935
T3Q,-4.026556015014648,0.813479746
T3R,-2.8898258209228516,0.970282048
T3V,-4.356247425079346,0.8358873
T3W,-8.797752380371094,0.6314575029999999
T3C,-6.1002197265625,0.6473380025
T3M,-3.3874144554138184,0.7289756759999999
T3A,-3.3990423679351807,0.4736234225
T3S,-2.5115060806274414,0.2363254615
T4S,-3.227912425994873,0.7158290855
T4A,-4.364779949188232,0.443885961
T4C,-6.707731246948242,0.708015829
T4D,-5.1413187980651855,0.8255400890000001
T4E,-4.244304656982422,0.95354216
T4F,-7.010653018951416,0.6862251645
T4G,-4.660731315612793,1.2402504905
T4H,-5.662546157836914,-1.3648739655000002
T4I,-4.8133134841918945,0.2377517105
T4K,-4.286052703857422,1.0894145205
T4L,-4.503280162811279,0.7817914534999999
T4M,-5.278120040893555,0.853863721
T4N,-6.045196056365967,0.013738711
T4P,-9.345614433288574,0.433765107
T4Q,-3.2185630798339844,0.142503349
T4R,-5.564647674560547,0.6694943795
T4V,-4.284304618835449,0.875631872
T4W,-8.20232105255127,1.002343477
T4Y,-7.437041282653809,0.655389801
P5H,-3.466731071472168,0.1889620055
P5E,-1.7538203001022339,1.8728175105
P5D,-3.0812363624572754,1.8710870925
P5C,-4.763635158538818,0.963189151
P5A,-2.198598861694336,1.0326296245
P5F,-4.09922456741333,1.59645703
P5G,-3.662428379058838,1.4976501605
P5I,-3.6174726486206055,0.521695638
P5L,-3.0313243865966797,1.002138224
P5M,-4.057942867279053,0.7603294334999999
P5N,-2.991278648376465,1.2209039805
P5Q,-2.1137404441833496,1.4756360365
P5R,-1.9693793058395386,0.7265780155
P5S,-2.008070468902588,0.9956523105
P5T,-2.124894618988037,-0.1245346115
P5V,-2.939304828643799,1.530993433
P5W,-6.071977615356445,0.7229046925
P5Y,-4.771531581878662,1.3658832145
P5K,-1.166045069694519,0.4639818015
L6G,-4.570723056793213,1.257372661
L6M,-3.938518762588501,-0.1746902885
L6K,-4.631848335266113,0.656210038
L6I,-4.693869113922119,-0.569304835
L6F,-5.530730724334717,0.22620353
L6E,-3.4893460273742676,1.5013974444999998
L6D,-4.5017805099487305,0.7996261579999999
L6A,-4.468832015991211,1.5033590165
L6Q,-3.822711229324341,0.0738595505
L6R,-4.435547828674316,1.327785003
L6S,-3.905866861343384,1.157139689
L6T,-5.284367561340332,1.09140696
L6V,-4.338908672332764,0.7887281279999999
L6W,-7.396659851074219,1.3248584325
L6Y,-6.2827630043029785,0.0618228715
L6H,-4.609357833862305,-1.108405791
L6N,-3.820446729660034,1.3245536165
L6C,-6.151922225952148,0.554890571
L6P,-8.292128562927246,0.4962193085
N7V,-0.9059871435165405,0.9641320295
N7W,-4.713883399963379,0.9614706985
N7Y,-3.586406707763672,0.815280545
N7A,-1.9170571565628052,0.8750829990000001
N7E,-2.352881908416748,1.2012818605
N7F,-3.362382411956787,0.5600095615
N7G,-4.245838165283203,0.931299694
N7H,-2.756171226501465,-0.7882922375
N7I,-1.1926935911178589,-0.175981489
N7K,-2.008284091949463,1.5098665880000002
N7C,-3.639103889465332,0.7550970690000001
N7D,-2.764345645904541,0.8625573990000001
N7L,-0.04986977577209473,-0.103469512
N7M,-1.8089884519577026,0.7597359754999999
N7P,-3.6772427558898926,1.3940682485
N7Q,-1.8642991781234741,1.6195845325
N7R,-2.6303720474243164,1.502698821
N7S,-1.6714328527450562,0.5781614365
N7T,-1.6484483480453491,0.7825606509999999
S8R,-3.246063232421875,0.530847737
S8T,-3.2769429683685303,1.3128263245
S8V,-4.163681983947754,1.1474977765
S8W,-7.515798568725586,1.3338282675
S8Y,-6.1423258781433105,0.950122597
S8N,-3.671398878097534,0.337150409
S8M,-5.39337158203125,0.696826395
S8L,-4.132499694824219,1.3013672235
S8D,-3.545240640640259,0.7498628525
S8Q,-3.067564010620117,0.9228134
S8A,-4.072492599487305,1.0339811525
S8I,-3.715879201889038,0.3357829245
S8H,-4.252473831176758,2.007563825
S8G,-4.341324806213379,1.098658094
S8F,-5.371689796447754,1.593801218
S8E,-2.306514263153076,1.2708690565
S8C,-6.018462657928467,0.9746515765
S8K,-3.4797751903533936,0.8095659620000001
S8P,-5.223318576812744,1.140109386
Q9L,-3.2307701110839844,0.7007428615000001
Q9Y,-5.255336761474609,0.707567646
Q9W,-5.6643218994140625,1.00189029
Q9V,-3.0760722160339355,1.278458222
Q9T,-3.1187691688537598,1.2147589315
Q9S,-2.862413167953491,1.0128647445
Q9R,-3.16731595993042,0.6580119805
Q9P,-3.2865660190582275,0.580685122
Q9N,-3.1733062267303467,0.637526612
Q9K,-2.6663622856140137,-0.321063766
Q9M,-4.483181953430176,1.3722802565
Q9H,-4.500969409942627,-1.0511158040000002
Q9G,-4.662224292755127,1.186533357
Q9F,-4.7607102394104,0.6335339945
Q9E,-2.3588709831237793,1.3220277455
Q9D,-3.7301976680755615,1.0009272945
Q9C,-6.37603759765625,0.345543815
Q9A,-4.584335803985596,0.8729858785
Q9I,-4.103473663330078,0.79962294
K10R,-3.1614344120025635,0.971625211
K10V,-3.984954357147217,1.185362431
K10T,-3.0011746883392334,0.3247530785
K10S,-2.807105541229248,0.8925473134999999
K10W,-8.053948402404785,0.614584551
K10Y,-6.803170204162598,1.352498495
K10A,-3.841360569000244,1.3339541145
K10P,-5.7512030601501465,1.5525634915000002
K10C,-6.160046577453613,0.2642341545
K10D,-3.4889955520629883,1.193513337
K10E,-2.655391216278076,0.918002857
K10F,-6.825008392333984,0.41854754
K10N,-3.8843283653259277,0.0041874515
K10G,-4.429477691650391,0.993563926
K10H,-3.9485416412353516,0.741802415
K10I,-5.090354919433594,1.570553532
K10L,-4.544232368469238,1.0546245695
K10M,-5.432829856872559,0.862771993
K10Q,-2.6973280906677246,0.004088115
Q11D,-3.412928819656372,1.514890985
Q11S,-2.819840669631958,0.7886325815
Q11R,-3.2753186225891113,0.972263215
Q11N,-2.997044801712036,0.6684365605
Q11M,-4.653728008270264,1.0941770075
Q11L,-2.909674644470215,0.117645239
Q11K,-2.269659996032715,0.4982086015
Q11I,-3.5853922367095947,0.6843974175
Q11G,-4.3278374671936035,0.8950516955
Q11F,-4.627349853515625,0.42312344
Q11E,-2.8282060623168945,2.0839277775
Q11Y,-4.354901313781738,0.7863117325
Q11W,-5.692575931549072,0.9220062745
Q11V,-3.207174062728882,0.8923304965000001
Q11T,-3.2059450149536133,1.575763679
Q11C,-5.803843975067139,1.081407264
Q11P,-2.039618968963623,-0.310126406
Q11A,-3.9538562297821045,1.269450041
Q11H,-3.8799612522125244,0.620802133
L12Y,-3.9995779991149902,0.7805079509999999
L12A,-2.775425910949707,0.576640845
L12C,-4.183084487915039,1.0407108965
L12E,-2.181502103805542,1.81751631
L12F,-4.014151096343994,0.314887877
L12G,-2.6717820167541504,1.105733853
L12H,-2.392636775970459,0.7267836205
L12I,-4.958427906036377,0.8006985809999999
L12K,-2.5958473682403564,1.393508603
L12D,-2.699345111846924,1.5005113245
L12N,-2.0316107273101807,0.8090556715
L12P,-4.6275787353515625,0.3907956015
L12Q,-2.3069379329681396,0.955668169
L12R,-3.2092676162719727,0.8313803984999999
L12S,-2.2165608406066895,1.4976447585
L12T,-3.379973888397217,1.3596907725
L12W,-6.3760085105896,1.0106998705
L12V,-4.107186317443848,0.815301576
L12M,-4.641653060913086,1.273466959
S13A,-3.1050846576690674,0.9892701135
S13C,-6.065860748291016,0.947600326
S13D,-3.1123220920562744,1.4121346765
S13E,-3.234118938446045,1.2342466425
S13F,-5.2101874351501465,0.8383679995000001
S13G,-4.377771377563477,1.2755591825
S13Y,-5.991483688354492,0.148616813
S13R,-3.6091182231903076,1.1623807115
S13V,-3.751255750656128,0.880901776
S13T,-2.7961232662200928,0.137456039
S13Q,-3.6488187313079834,0.143678493
S13P,-5.401222229003906,0.9093048765
S13N,-3.6305947303771973,1.007454992
S13H,-4.753908157348633,0.834174973
S13K,-2.7392234802246094,1.8316257075
S13W,-8.004901885986328,1.1274963345
S13I,-4.65881872177124,1.278413432
S13M,-4.4814276695251465,0.5748931104999999
S13L,-4.238722801208496,0.6493005454999999
A14N,-3.412749767303467,-0.462480314
A14P,-1.6254329681396484,-0.1299407345
A14I,-3.065406560897827,1.123570658
A14H,-4.029285430908203,0.6946376295000001
A14G,-3.374663829803467,0.7038544405
A14F,-4.527769088745117,0.9738571265
A14V,-2.2213597297668457,0.6343680925
A14S,-1.9632577896118164,-0.0437397595
A14R,-2.8572897911071777,1.4252787145
A14T,-2.76220440864563,0.6609017815
A14W,-5.626524448394775,1.119776378
A14Q,-2.9815142154693604,0.6017324510000001
A14L,-2.760495662689209,1.5396335744999998
A14K,-2.4901065826416016,0.708454527
A14C,-4.249936580657959,1.5806063765
A14M,-4.629475116729736,1.7321112725
A14E,-2.2764716148376465,0.486286281
A14Y,-4.103320121765137,1.2390846205
A14D,-2.6538403034210205,0.4086658105
C15L,-1.1316895484924316,0.792973955
C15D,-2.1735587120056152,0.81924734
C15E,-0.7689390182495117,1.29853079
C15F,-2.982889413833618,0.8445740285
C15G,-2.9326798915863037,1.204822087
C15H,-2.958054780960083,0.977516866
C15I,-1.435248851776123,1.1060695085
C15K,-0.8219728469848633,0.5004784385000001
C15M,-2.5980064868927,1.3010568545
C15A,-0.9107282161712646,1.2024045185
C15N,-2.0465123653411865,0.6575484779999999
C15Y,-3.7991573810577393,0.176435552
C15V,-0.3856532573699951,0.9639268235
C15T,-0.8577044010162354,1.380306061
C15W,-5.060459136962891,1.153164851
C15R,-1.6869175434112549,0.9097264695
C15Q,-0.8325302600860596,1.107264275
C15P,-4.275137901306152,1.193856338
C15S,-0.6080474853515625,0.4445603045
E16W,-7.925481796264648,1.180374041
E16V,-4.380709648132324,0.110657654
E16T,-4.149755477905273,0.5887543815
E16S,-3.578519105911255,0.7491905154999999
E16I,-5.325459957122803,1.611363405
E16A,-4.498446464538574,0.567137979
E16C,-5.730652809143066,0.645344236
E16D,-4.329493045806885,0.0990154435
E16R,-3.898144483566284,0.7392195045000001
E16Y,-6.151679992675781,0.8715736940000001
E16F,-5.627338409423828,0.872767526
E16G,-5.589714050292969,0.7905673315
E16H,-5.236761093139648,1.3449369780000002
E16Q,-3.6671555042266846,0.202938175
E16P,-1.2692227363586426,0.4533140785
E16N,-4.486804962158203,0.7414393534999999
E16M,-5.785194396972656,0.614772756
E16L,-4.07331657409668,1.359733008
E16K,-2.9480156898498535,0.289538288
D17P,-6.650964260101318,1.148270261
D17A,-2.7123122215270996,0.991523663
D17C,-5.104964733123779,1.1339549225
D17E,-3.0909719467163086,1.0404867235
D17N,-2.4422619342803955,0.410667009
D17G,-4.44748067855835,0.9200374705
D17H,-3.93381667137146,0.5415309725
D17I,-4.360505104064941,0.112140208
D17K,-2.5595579147338867,0.7893962995
D17L,-4.190264701843262,0.8746939534999999
D17M,-4.998073101043701,1.199969567
D17Y,-4.619426250457764,0.153395844
D17Q,-4.0195207595825195,0.387945484
D17R,-3.2009246349334717,0.903743706
D17S,-2.473935842514038,1.0864364055
D17T,-3.1777496337890625,0.9519523095
D17V,-3.945573091506958,0.6008781905
D17W,-7.535643577575684,1.0954771035
D17F,-4.91616153717041,0.88895375
G18D,-4.766726970672607,1.0602128365
G18E,-4.09891414642334,0.732023535
G18V,-5.90919828414917,0.170532903
G18Y,-6.981186389923096,1.1165913095
G18W,-8.787493705749512,1.8440020955
G18T,-5.024776458740234,1.2442607695
G18S,-3.800306797027588,1.0223803215
G18R,-4.558357238769531,0.84262193
G18A,-4.059609889984131,0.5951933575
G18P,-6.308229923248291,1.1984284815
G18Q,-4.718948841094971,1.5509461944999998
G18M,-7.223222732543945,0.9650201385
G18L,-5.149561882019043,1.195367527
G18K,-3.7671072483062744,0.9557055225
G18I,-6.492854595184326,1.555144016
G18H,-6.290959358215332,0.5097940975
G18F,-6.252920150756836,0.810600042
G18N,-4.619725227355957,0.9494185595
G18C,-5.883913040161133,0.2370131835
E19L,-3.0454936027526855,1.4016354985
E19M,-4.865903377532959,0.802941828
E19N,-3.0233027935028076,1.014529695
E19A,-2.342892646789551,0.0295346995
E19Q,-2.4925906658172607,0.394356353
E19R,-2.694124460220337,0.862123193
E19S,-1.7074065208435059,1.5277106945
E19K,-1.5075314044952393,0.404518553
E19P,-4.544775485992432,1.42721077
E19I,-3.7257683277130127,1.0471463005
E19T,-2.8124661445617676,0.995181701
E19G,-2.469747543334961,0.5538770005
E19F,-4.246297359466553,0.947560677
E19D,-2.551879405975342,0.2292758385
E19C,-3.648127317428589,0.4579468865
E19V,-3.6508681774139404,0.344520156
E19W,-7.409239768981934,0.9889250745
E19Y,-5.100618362426758,1.5128531275
E19H,-3.825401544570923,0.6990937015
D20Q,-3.023357391357422,0.506474725
D20R,-1.9935736656188965,0.814453975
D20S,-1.362227201461792,1.143456723
D20A,-1.6661431789398193,1.0848548305
D20W,-7.320056915283203,0.7945190445
D20Y,-4.014676094055176,-0.592444561
D20P,-3.859872341156006,1.011162278
D20T,-2.22396183013916,1.4894971285
D20N,-2.5066332817077637,0.7457359954999999
D20V,-3.1265783309936523,0.2943743345
D20C,-3.843008041381836,1.0792490595
D20F,-4.09221076965332,1.773553811
D20G,-2.4398913383483887,1.086558247
D20M,-3.4089508056640625,0.926089681
D20L,-2.563671588897705,1.0728327
D20K,-1.3138275146484375,1.1399904805
D20I,-3.1583871841430664,1.05356662
D20H,-2.777010440826416,0.8496645970000001
D20E,-2.4654781818389893,0.203087016
C21T,-1.2519958019256592,0.6488860304999999
C21A,-0.6662030220031738,1.3844534365
C21D,-2.140949249267578,2.092947363
C21E,-1.2196118831634521,1.9072561785
C21F,-2.4152965545654297,0.751107995
C21V,-0.8965482711791992,1.2806264585
C21H,-1.8284173011779785,1.3036654455
C21I,-1.6474974155426025,1.5997100295
C21L,-0.9123656749725342,1.820354137
C21M,-3.08561372756958,1.2564930735
C21N,-1.5488836765289307,0.6302367560000001
C21P,-4.59669828414917,0.8253338729999999
C21S,-0.4467918872833252,0.7152056440000001
C21G,-1.1861841678619385,0.621900215
C21K,-0.29119038581848145,1.16663195
C21Q,-1.138657569885254,-0.2866425945
C21W,-4.569306373596191,0.9253847405
C21Y,-3.218924045562744,0.176091691
C21R,-0.5481586456298828,0.8116950725
Q22K,-0.9526572823524475,-0.197750694
Q22V,-2.8432533740997314,0.9235750265
Q22T,-2.517979621887207,1.090233132
Q22S,-2.788090705871582,1.3001621805
Q22R,-2.3913414478302,0.4448386675
Q22P,-4.1367363929748535,-0.4837092725
Q22N,-3.8738749027252197,0.9028184555
Q22M,-3.7486207485198975,0.661268269
Q22Y,-4.649055480957031,0.75531612
Q22W,-6.589099884033203,0.805691157
Q22L,-2.2506422996520996,0.5692358095000001
Q22F,-4.492058753967285,0.5969383254999999
Q22A,-3.1707804203033447,0.6024839785
Q22I,-3.6105730533599854,0.451969628
Q22H,-4.435431957244873,-0.6992362845000001
Q22G,-5.484216213226318,1.0176238425
Q22E,-3.053440570831299,0.8214173579999999
Q22D,-4.759223461151123,0.5428389465
Q22C,-3.5244290828704834,0.683598777
E23C,-5.852707862854004,0.612888263
E23P,-5.190690994262695,0.1639354685
E23I,-4.685568809509277,0.717357357
E23A,-4.072718143463135,-0.447500291
E23Q,-3.4460344314575195,0.28134303
E23N,-3.835902452468872,0.439852277
E23M,-4.3264241218566895,1.2035295695
E23D,-4.217842102050781,0.02757328
E23F,-6.194126605987549,0.2915204675
E23L,-4.186251640319824,1.1155849384999998
E23H,-5.684013843536377,0.623769832
E23K,-3.1166510581970215,0.9966956295
E23G,-4.608658790588379,0.5507551635
E23R,-3.7208850383758545,0.506947056
E23S,-3.0415449142456055,0.7985805805
E23T,-3.1967549324035645,1.349137124
E23V,-3.56734561920166,0.3171288875
E23W,-9.40300178527832,0.0651267084999999
E23Y,-7.403924465179443,0.6659439564999999
N24Y,-5.499026298522949,-0.2389875735
N24V,-4.344254016876221,0.541723116
N24T,-3.743321418762207,0.2610310635
N24S,-3.0140295028686523,0.2281133275
N24R,-4.5265679359436035,0.888915407
N24Q,-3.843430995941162,1.6441546605
N24P,-3.2498607635498047,1.750511776
N24M,-4.552026748657227,1.3473244625
N24W,-7.397706031799316,-1.297165753
N24K,-3.8418397903442383,0.3816650595
N24L,-3.4927546977996826,0.6099305785
N24A,-3.2937958240509033,0.72309363
N24D,-3.004565715789795,0.3649427545
N24E,-3.1419081687927246,0.6165898525
N24C,-5.991877555847168,0.082193683
N24G,-3.9521069526672363,0.3805330885
N24H,-4.820258617401123,-1.3508739015
N24I,-4.425479888916016,0.3354927455
N24F,-5.497203826904297,0.4690229855
G25N,-4.804560661315918,1.5994220995
G25Y,-7.063090801239014,0.888781906
G25L,-5.069667339324951,1.3423015865
G25K,-4.384475231170654,-1.365832185
G25I,-6.348196983337402,0.9508374515
G25H,-5.827943801879883,0.196368278
G25M,-7.152143478393555,1.5000141665
G25D,-5.119526386260986,0.549530815
G25E,-4.37955904006958,0.5472414475
G25C,-6.853498458862305,-0.0313037585
G25A,-3.073592185974121,0.654151984
G25S,-3.4579668045043945,3.1003423430000003
G25T,-4.883433818817139,0.933567766
G25V,-5.132750034332275,0.4935419135
G25P,-5.2095842361450195,0.7830661640000001
G25F,-6.609005928039551,0.2612096625
G25Q,-4.214310646057129,-0.0012465305
G25W,-8.53984260559082,1.034501095
G25R,-4.347255706787109,0.2422268625
V26T,-2.6615819931030273,0.919104145
V26A,-2.9124441146850586,-0.2931414265
V26D,-2.984678268432617,-1.102824723
V26E,-2.917893409729004,0.4175529245
V26F,-3.7473278045654297,-0.9254095825
V26G,-3.513382911682129,0.0797990065
V26H,-2.5887699127197266,0.7954966245
V26I,-2.9811434745788574,0.469523764
V26K,-2.596614360809326,2.362902866
V26L,-2.7590527534484863,0.139635554
V26M,-3.8833060264587402,1.419808283
V26N,-3.399341106414795,0.501316086
V26C,-4.616477966308594,0.910371977
V26Q,-3.460909366607666,-2.020281015
V26P,-6.4354705810546875,-0.7992560605
V26R,-2.9134955406188965,0.7673520565
V26S,-2.7070517539978027,0.668723736
V26W,-7.309783458709717,1.051893637
V26Y,-4.078202247619629,-1.551648893
L27C,-5.399904727935791,0.8160341105
L27A,-3.1709814071655273,0.6970792020000001
L27F,-4.269232749938965,0.9091100355
L27G,-5.564870834350586,0.7460393365000001
L27H,-4.108752250671387,0.991274658
L27I,-3.520216464996338,-0.26615357
L27K,-3.0379533767700195,0.3843881625
L27M,-4.292953014373779,0.2111282855
L27N,-3.7340879440307617,0.926194028
L27P,-2.6487374305725098,0.3944279495
L27Q,-3.1684494018554688,1.136537578
L27R,-4.306128025054932,0.2260949995
L27S,-2.304938793182373,0.4453204995
L27T,-2.8938846588134766,0.7596451129999999
L27V,-3.1426491737365723,1.0243583395
L27W,-6.648454189300537,0.726337305
L27Y,-4.566957950592041,0.7683496665
L27D,-3.0225725173950195,0.8120180884999999
L27E,-2.621047019958496,0.840374121
Q28G,-3.3856735229492188,1.215639327
Q28R,-2.6550145149230957,0.6153685865
Q28S,-2.402820110321045,0.4492551275
Q28A,-3.3964853286743164,0.4235389395
Q28C,-5.216256618499756,0.296082958
Q28D,-2.549893379211426,0.8602628440000001
Q28T,-2.271656036376953,0.840413761
Q28V,-1.614647388458252,0.760416235
Q28W,-6.948951721191406,0.952381054
Q28Y,-4.975000381469727,0.1773107069999999
Q28L,-1.3202357292175293,0.8249774304999999
Q28K,-2.136375665664673,-0.089866076
Q28I,-2.444044589996338,1.3030035285
Q28E,-1.5206553936004639,1.452703012
Q28F,-5.23743200302124,0.8090379485
Q28H,-3.660946846008301,1.2987730825
Q28P,-2.010357141494751,0.7441324359999999
Q28M,-3.683858871459961,0.9081881755
Q28N,-2.9976043701171875,0.320307868
K29R,-3.804687738418579,0.708623346
K29Y,-5.879842758178711,1.1091266825
K29W,-7.054609298706055,0.9000647079999999
K29V,-3.7817370891571045,0.910105106
K29T,-3.4495456218719482,0.0660694025
K29S,-3.686338186264038,0.6761382825
K29Q,-4.019138813018799,-0.190120818
K29P,-2.9971349239349365,1.395339542
K29M,-5.128121852874756,0.407114738
K29N,-3.4551451206207275,0.3499445205
K29I,-4.271059513092041,0.906067183
K29H,-4.451687812805176,0.2029159035
K29G,-4.742321014404297,0.5344217685
K29F,-5.373417377471924,1.0515473745
K29E,-2.6190738677978516,0.5917192645
K29D,-3.174295425415039,0.8143318334999999
K29C,-6.696191787719727,0.8146173354999999
K29A,-3.6361100673675537,0.85725859
K29L,-4.13453483581543,0.730291365
V30Q,-2.8720803260803223,0.149197939
V30P,-4.468367576599121,1.1283547305
V30S,-2.5938291549682617,1.2751439385
V30R,-4.103085994720459,0.878339082
V30W,-8.295812606811523,0.9130127185
V30Y,-5.81541633605957,1.5843319059999998
V30N,-3.337785005569458,2.256292783
V30T,-2.5392494201660156,1.1883403875
V30M,-4.209165096282959,0.9912154085
V30A,-2.436617136001587,0.448555451
V30K,-3.6162099838256836,1.2078462955
V30I,-3.9729437828063965,0.6846859765000001
V30H,-4.588376998901367,0.767319135
V30G,-4.320700168609619,0.5076464815
V30F,-5.77207088470459,0.1066555865
V30E,-2.068922281265259,1.2656987385
V30D,-2.770707845687866,0.605374329
V30C,-5.066341400146484,1.4153911695
V30L,-3.2337558269500732,0.566958128
V31A,-1.667770266532898,0.9404267915
V31C,-5.372736930847168,0.467656243
V31H,-3.573805332183838,1.218541787
V31E,-2.2942700386047363,0.449023904
V31D,-1.7189887762069702,0.66270058
V31W,-7.197763442993164,0.908550267
V31T,-1.3057435750961304,0.975307762
V31S,-0.8671417236328125,1.2562088515
V31R,-3.8773622512817383,1.0874794825
V31Q,-2.771106243133545,-0.322125855
V31P,-6.2533183097839355,0.6517428565
V31Y,-4.112919807434082,-0.0272176805
V31M,-3.5179686546325684,0.341620215
V31L,-2.131805896759033,0.1791293755
V31K,-2.567214012145996,-0.308503283
V31I,-3.0667128562927246,0.454103444
V31G,-3.345940113067627,0.998130291
V31F,-3.7585411071777344,0.972985183
V31N,-3.1345434188842773,1.1010244185
P32Q,-5.539361000061035,0.352926227
P32N,-5.278857231140137,1.073207635
P32M,-6.365731716156006,0.14620686
P32L,-4.713041305541992,-0.102929597
P32K,-4.989972114562988,0.906310134
P32I,-5.266973972320557,0.450979495
P32A,-5.364307403564453,0.902725537
P32G,-6.3158979415893555,0.7701560255
P32F,-5.6024169921875,0.3000142055
P32C,-7.547779083251953,0.8389233815
P32D,-4.738603591918945,0.7392332155
P32E,-4.650700569152832,0.4413466325
P32R,-6.044938564300537,0.891076882
P32H,-6.113012790679932,0.6289018725
P32T,-4.822734832763672,0.5323230335
P32S,-4.7649712562561035,0.083731215
P32W,-8.491632461547852,0.9782068605
P32Y,-6.575428009033203,0.9021263955
P32V,-4.994117736816406,1.0530541065
T33V,-2.313473701477051,1.11672357
T33C,-3.7554314136505127,1.2913942055
T33W,-4.952215194702148,1.2640429595
T33S,-1.7832255363464355,0.8186950635
T33R,-2.593393325805664,0.8081505929999999
T33Q,-2.0215835571289062,0.920572494
T33P,-5.356855392456055,1.0825218255
T33N,-3.088008165359497,0.0425202809999999
T33M,-3.8339130878448486,1.01937758
T33L,-1.9948813915252686,0.9215326085
T33K,-1.7942492961883545,1.217151881
T33I,-3.5264885425567627,-0.3403346995
T33H,-3.149245500564575,0.4754630745
T33Y,-4.497481346130371,1.4199752425
T33G,-1.261995792388916,1.112558661
T33A,-1.6236872673034668,0.8451059634999999
T33E,-1.5714120864868164,1.283278921
T33F,-3.1961138248443604,0.5282065785
T33D,-2.667868137359619,0.933891404
P34L,-3.747999429702759,1.125178747
P34M,-4.253022193908691,0.6052455825
P34N,-2.2549309730529785,0.7686803209999999
P34Q,-3.842320680618286,0.7860297705
P34R,-4.186763763427734,1.024081497
P34S,-2.5848469734191895,-0.0111896735
P34H,-5.150938034057617,-0.6553034295
P34A,-2.5543222427368164,1.3989128825
P34C,-6.0555572509765625,1.0200352525
P34D,-2.8407254219055176,0.2723852865
P34E,-3.3527939319610596,0.435925704
P34F,-4.493082046508789,0.587977875
P34G,-4.92186164855957,1.0837689115
P34T,-2.900909423828125,0.182920637
P34V,-3.571730852127075,0.5347742765
P34W,-8.438620567321777,1.1119792085
P34Y,-5.0822343826293945,0.568648808
P34K,-3.0046849250793457,0.745933745
P34I,-4.092251777648926,-0.179957774
G35W,-7.352989673614502,0.769020849
G35A,-1.7691303491592407,0.6193224195
G35D,-2.6811437606811523,0.8593565665
G35V,-3.1629891395568848,-0.047928332
G35Y,-5.152561664581299,0.3605601135
G35T,-2.8037710189819336,0.6935723725
G35S,-2.007277011871338,0.25424002
G35R,-3.1730403900146484,0.4979956645000001
G35Q,-2.6079769134521484,0.4510439865
G35P,-4.618516445159912,-0.071357034
G35C,-4.062209129333496,0.740211055
G35M,-4.3137102127075195,1.3370964785
G35N,-3.497203826904297,0.701970497
G35L,-2.5406723022460938,0.988905909
G35K,-2.2613472938537598,0.6988888940000001
G35I,-3.6754517555236816,-0.383196002
G35H,-4.7733869552612305,0.3062017575
G35F,-4.932998180389404,0.868279185
G35E,-1.9339524507522583,0.6867684605
D36F,-4.380410194396973,0.8421002665
D36I,-3.9724044799804688,1.266330088
D36E,-1.8892744779586792,0.141561979
D36L,-3.4217147827148438,1.352250357
D36M,-4.358432769775391,0.8102054259999999
D36C,-5.446820259094238,0.7406967975
D36A,-3.693331241607666,-1.2257625090000002
D36G,-3.178471326828003,0.555795947
D36K,-3.758739948272705,-1.9224408045
D36H,-4.089282035827637,-0.1232456695
D36R,-4.815455913543701,0.7189847025
D36Y,-4.360325336456299,-0.657066746
D36W,-7.3470258712768555,1.374321453
D36V,-3.6310911178588867,0.3862572555
D36N,-3.3556947708129883,0.6524187615
D36P,-4.814526557922363,1.925609048
D36Q,-3.9673380851745605,-0.093672668
D36T,-3.685978889465332,1.303385479
D36S,-2.5478153228759766,0.6413868189999999
K37P,-6.032479286193848,0.7005509625
K37N,-4.725719451904297,-1.1839495965
K37M,-5.026636600494385,-0.1190908525
K37L,-3.990161418914795,0.4419210220000001
K37T,-3.7092795372009277,-0.132383737
K37I,-4.4922661781311035,0.9393834495
K37H,-4.996358871459961,-0.3279619885
K37G,-4.899320602416992,0.704886912
K37F,-6.320950508117676,0.6798003075
K37E,-3.8359875679016113,0.3634446475
K37D,-3.9448585510253906,0.8398774615000001
K37C,-5.648840427398682,1.5038457155
K37Q,-3.8271660804748535,3.145145968
K37S,-3.0253846645355225,1.444833303
K37A,-2.831062078475952,1.328831667
K37V,-4.370998382568359,1.997655103
K37W,-8.879822731018066,0.1170348665
K37Y,-6.427236557006836,-0.0084459205
K37R,-3.5262036323547363,0.792905905
V38Q,-2.831284523010254,-0.179526383
V38F,-5.389614105224609,1.258042293
V38G,-4.706101417541504,0.6187321035
V38H,-4.818045616149902,1.416427362
V38I,-3.1785871982574463,0.220761748
V38K,-1.7052795886993408,0.901213507
V38L,-2.0210182666778564,-1.414500125
V38M,-3.9169795513153076,0.2672565285
V38P,-3.7806193828582764,1.4223636094999998
V38E,-2.8871591091156006,-0.033074854
V38R,-3.755019426345825,1.004461386
V38S,-1.9896678924560547,0.6574993105
V38T,-1.4784784317016602,0.9818278985
V38W,-7.757333278656006,0.2703705805
V38Y,-5.770759105682373,0.336065006
V38N,-4.271752834320068,1.2822799205
V38D,-3.1391773223876953,1.4121372694999998
V38C,-5.142698764801025,1.048283105
V38A,-1.7815051078796387,-0.732156513
E39I,-4.482172966003418,0.5613196115
E39H,-4.31977653503418,0.433690963
E39N,-3.7069191932678223,0.3640971365
E39P,-6.5321831703186035,1.2248559215
E39Q,-3.3683695793151855,0.5353275335000001
E39D,-3.5885448455810547,-2.086419216
E39F,-4.892612457275391,0.370284803
E39G,-4.085312366485596,0.795191415
E39R,-4.222492218017578,0.901309967
E39S,-3.0951337814331055,0.81729841
E39T,-3.9777002334594727,0.6816429925
E39M,-5.2243242263793945,1.1625317395
E39K,-2.9946320056915283,0.635121673
E39W,-8.313780784606934,1.323371652
E39Y,-5.616212368011475,0.913849568
E39C,-4.953527450561523,0.406958581
E39A,-3.384181499481201,-2.664483146
E39V,-4.574677467346191,0.4478741935
E39L,-3.1936235427856445,0.1438818525
S40F,-4.65499210357666,0.9587648955
S40E,-3.104170322418213,-0.4996364935
S40D,-2.838014602661133,0.9796644025
S40C,-5.183237552642822,0.311485955
S40A,-3.0897116661071777,0.8529782534999999
S40L,-2.234652519226074,0.3437770295
S40K,-3.1651172637939453,1.216450004
S40W,-7.53784704208374,1.0598997475
S40I,-3.1585726737976074,0.3613135765
S40Y,-5.054978847503662,0.4373780675
S40G,-4.826545238494873,0.6010514339999999
S40M,-2.8037571907043457,1.3271455815
S40N,-1.6481250524520874,0.8865043595000001
S40H,-4.108928680419922,0.341722737
S40P,-3.0862388610839844,0.8353949995000001
S40T,-2.914011001586914,-0.165029428
S40V,-2.8831892013549805,0.5378071560000001
S40R,-3.994785785675049,-0.9979372455
S40Q,-4.156373500823975,0.1931205305
G41K,-4.0489912033081055,1.5195229025
G41I,-4.441739559173584,0.124351254
G41L,-3.218942165374756,1.1414157525
G41P,-1.7640398740768433,0.8738206725
G41D,-4.698286056518555,0.099586331
G41E,-4.269203186035156,0.858798141
G41F,-4.385336399078369,-0.1847395165
G41H,-4.981173515319824,1.412903747
G41M,-5.401439666748047,0.062603129
G41N,-4.357356548309326,0.8199185554999999
G41A,-3.665924549102783,0.054119887
G41C,-6.108704566955566,-0.285611158
G41Q,-3.6263771057128906,0.421138989
G41S,-3.798483371734619,0.2438623
G41T,-4.1692986488342285,0.003980948
G41V,-3.9498043060302734,-1.3225432235
G41W,-5.910066604614258,0.5965287095
G41Y,-4.135808944702148,0.901095719
G41R,-4.227927207946777,0.3846589145
Q42T,-2.2567734718322754,-0.7992560605
Q42H,-2.873678684234619,-0.901806546
Q42I,-3.077792167663574,0.370982033
Q42K,-2.6549720764160156,-0.8932640454999999
Q42L,-2.332973003387451,0.4649971455
Q42E,-2.543671131134033,0.9475850405
Q42D,-2.9657397270202637,0.255641144
Q42C,-3.939563751220703,0.6463477315
Q42V,-2.82955265045166,0.915446703
Q42A,-3.537905216217041,1.0404486805
Q42Y,-4.505924701690674,0.300508549
Q42W,-7.422405242919922,0.79853079
Q42M,-2.8360652923583984,1.1618431265
Q42N,-2.7306337356567383,0.8488011625
Q42P,-4.5875678062438965,-0.7024915605
Q42R,-2.8718886375427246,0.5827061585
Q42S,-2.483768939971924,0.90748857
Q42G,-2.623541831970215,0.7158371175
Q42F,-4.3185882568359375,0.3992442555
I43A,-2.340636730194092,1.926293168
I43C,-4.121302604675293,0.5668638525
I43D,-3.7197201251983643,-0.4092421925
I43V,-1.9243764877319336,-0.0701176955
I43W,-4.804601669311523,1.121259692
I43Y,-4.047640800476074,-0.190824595
I43K,-2.5705742835998535,1.545471384
I43F,-3.4356672763824463,-1.1968766975
I43H,-3.7622597217559814,0.8059984265000001
I43T,-2.561021566390991,0.7718540254999999
I43S,-2.2502245903015137,0.9417288405
I43R,-3.3572428226470947,1.354220265
I43L,-2.0079429149627686,-1.1288508485
I43M,-3.5629870891571045,-1.1336093740000002
I43N,-4.322770118713379,0.964199328
I43P,-3.605159044265747,2.0493864635
I43Q,-2.7699038982391357,1.589132599
I43E,-2.744891405105591,0.115692143
I43G,-4.4785261154174805,1.5577054125
S44N,-3.827244520187378,0.8448820625
S44A,-3.4181950092315674,0.486909775
S44C,-5.809930324554443,0.976045944
S44I,-5.554986000061035,-0.2545483325
S44K,-3.3343453407287598,0.018628521
S44L,-4.528267860412598,0.383985777
S44M,-4.321125030517578,0.6631653710000001
S44Q,-2.9184696674346924,1.169313315
S44R,-4.0660834312438965,0.8419836479999999
S44H,-4.878917217254639,-0.3148511635
S44P,-6.0630316734313965,0.734182252
S44F,-6.339222431182861,0.3995326565
S44E,-2.924337148666382,0.6692348029999999
S44T,-3.4347715377807617,1.0000650734999998
S44V,-4.627302169799805,0.6207100775
S44W,-8.824342727661133,0.9042878815
S44Y,-7.284148693084717,0.1193474665
S44D,-4.805721759796143,0.081416005
S44G,-4.6041259765625,0.839472763
N45I,-5.245797157287598,0.223619658
N45Y,-5.303829669952393,0.183351547
N45E,-2.851747989654541,0.991265483
N45F,-5.695784091949463,0.8581337109999999
N45G,-4.790365219116211,1.2315659515
N45H,-4.73121452331543,-2.8210621025
N45K,-4.516618728637695,0.8108872859999999
N45W,-6.048765659332275,1.3386187675
N45M,-5.107629776000977,0.191049018
N45P,-1.3040058612823486,1.5414416335
N45Q,-4.069814682006836,1.250289538
N45R,-5.1583428382873535,1.1540697745
N45S,-2.210193157196045,0.6928802995000001
N45V,-4.404914855957031,0.7083580015000001
N45D,-3.861833095550537,0.562277285
N45C,-5.076832294464111,0.7882869534999999
N45A,-3.1793105602264404,1.6466035545
N45L,-3.886658191680908,0.8897738985
N45T,-4.036886692047119,-0.3302196565
G46Y,-6.742523193359375,-0.0885657805
G46W,-9.24337387084961,0.533336512
G46S,-4.29484748840332,0.468950958
G46D,-4.207677364349365,0.3432805675
G46C,-7.372113227844238,-0.909350371
G46R,-4.958357810974121,0.6619103755
G46Q,-4.890399932861328,-0.4458411895
G46P,-9.31552505493164,-0.17608501
G46N,-4.637665748596191,0.863390378
G46A,-5.974819183349609,0.7446160125
G46L,-5.7597575187683105,0.70846454
G46M,-8.266576766967773,-0.1531253705
G46I,-7.015834808349609,-1.203502269
G46H,-4.961773872375488,0.9096077105
G46F,-8.083081245422363,1.6474262225
G46E,-3.7679696083068848,0.8411626940000001
G46T,-5.752277374267578,0.9862594675
G46K,-5.6098952293396,1.3099350055
G46V,-6.137807846069336,-0.387505535
Y47V,-1.0044121742248535,0.891390983
Y47W,-4.626398086547852,0.996968248
Y47M,-4.125911712646484,0.4406066065
Y47N,-2.411384105682373,0.0742295715
Y47G,-4.015772819519043,1.129912325
Y47R,-2.9718124866485596,1.535273959
Y47Q,-3.3538477420806885,1.591403883
Y47P,-2.2142627239227295,1.4418628669999998
Y47A,-2.490443706512451,2.214290499
Y47C,-3.8752753734588623,0.3551007265
Y47D,-2.27626633644104,-0.3386703695
Y47E,-2.153573989868164,0.058267738
Y47F,-2.902667284011841,0.498853098
Y47S,-0.6728959083557129,-0.0283548315
Y47H,-1.8380281925201416,-0.887384545
Y47I,-1.347196102142334,0.3951260175
Y47K,-2.7957663536071777,1.31679132
Y47T,-2.103504180908203,0.4161558825
Y47L,-1.975172996520996,1.2665785975
S48H,-4.025815010070801,0.561145949
S48I,-2.8484678268432617,-1.503372979
S48V,-2.387723207473755,1.0144214855
S48T,-2.9752869606018066,0.9251534695
S48R,-3.9426448345184326,0.2738687925
S48Q,-2.473457098007202,0.6334931835000001
S48P,-4.885408401489258,0.289464635
S48M,-3.5316693782806396,0.049095662
S48L,-2.5040228366851807,0.603104043
S48N,-3.4908974170684814,0.7304202975
S48A,-2.4571146965026855,1.2139277765
S48W,-6.816349983215332,0.3223428305
S48Y,-5.397339820861816,0.6650120175
S48C,-4.60114860534668,-0.5133239585
S48D,-3.777055501937866,0.4194476695
S48E,-2.7502236366271973,1.350588083
S48F,-4.408501625061035,0.492618996
S48G,-4.833517074584961,0.848860836
S48K,-3.385575771331787,-0.557227284
A49G,-2.535037040710449,0.322558576
A49S,-2.9895448684692383,-2.4746605930000003
A49C,-5.64241361618042,1.0139742405
A49D,-4.49326229095459,-0.299783309
A49E,-5.453845500946045,1.531699673
A49F,-7.820268630981445,-0.0859395365
A49H,-5.373422622680664,0.545088306
A49R,-4.98088264465332,0.5096087770000001
A49K,-3.2181925773620605,-2.492240311
A49L,-5.39158821105957,0.7886074705
A49M,-7.262520790100098,1.6848895094999998
A49N,-5.046620845794678,-0.5165884620000001
A49P,-7.926060676574707,-1.785784538
A49Q,-4.6916279792785645,0.3393401735
A49Y,-7.938739776611328,0.329267995
A49W,-9.477655410766602,1.222265662
A49V,-6.421605110168457,1.143553161
A49I,-6.520730972290039,0.6314831415
A49T,-4.835589408874512,0.425916235
V50W,-7.59006404876709,1.3021294645
V50Y,-4.549605846405029,0.7625009690000001
V50N,-3.3293778896331787,1.0204118285
V50S,-2.9687023162841797,1.073713462
V50T,-3.345574140548706,-0.3966254365
V50A,-2.7901854515075684,-0.393545518
V50C,-4.476253032684326,0.367242421
V50D,-3.6291308403015137,-0.330747897
V50F,-3.9768013954162598,1.006093717
V50G,-5.025678634643555,-0.961706661
V50H,-4.757750988006592,1.303389597
V50E,-2.524038314819336,0.1987196675
V50K,-3.4702510833740234,-2.4463316675
V50L,-2.3026676177978516,-1.4192759069999998
V50M,-3.952629566192627,0.0836191615
V50P,-5.08213472366333,1.5129617135
V50Q,-3.61489200592041,1.981827898
V50I,-3.6987133026123047,0.287562709
V50R,-4.750083923339844,0.7150969835
P51C,-4.104827404022217,0.4065616015
P51K,-2.172863006591797,0.668497998
P51I,-2.6263649463653564,-0.732689437
P51H,-3.7432587146759033,0.4646955625
P51E,-2.3529748916625977,1.2051005485
P51F,-3.3670246601104736,1.0580981965
P51D,-2.635361909866333,0.55740884
P51L,-2.1457605361938477,-0.221727332
P51G,-4.184932231903076,0.5866329164999999
P51M,-3.723076581954956,0.780591218
P51T,-2.4290270805358887,0.0382542785
P51Q,-3.0546212196350098,0.5835083664999999
P51R,-3.535914659500122,0.7625394529999999
P51S,-1.6321327686309814,0.891106134
P51V,-2.194456100463867,0.8345629179999999
P51W,-7.56567907333374,0.1992972305
P51Y,-3.9750711917877197,-0.07273154
P51A,-1.4830121994018555,1.0830186125
P51N,-2.6921935081481934,1.2133452895
S52N,-5.053805351257324,0.219489223
S52Y,-6.055526256561279,0.6061191385
S52Q,-3.912036418914795,0.6512321915
S52W,-8.507084846496582,1.076137821
S52T,-3.5091891288757324,0.7808013445
S52V,-3.7200512886047363,0.598799022
S52M,-4.903087139129639,1.3802934885
S52R,-4.465823650360107,0.911501983
S52L,-2.7627158164978027,0.448199514
S52P,-5.308484077453613,-0.544122959
S52I,-3.8965506553649902,0.4071477615
S52H,-5.238907337188721,1.6048464015
S52G,-4.7409563064575195,1.4022954344999998
S52F,-5.806760787963867,0.58198093
S52E,-3.536083221435547,0.948468102
S52D,-3.939321994781494,1.310558907
S52C,-5.687732696533203,1.1347851695
S52A,-2.7558436393737793,-0.1332278325
S52K,-3.24296236038208,1.7050562705
P53D,-4.666801929473877,0.7730028595
P53E,-4.619781017303467,0.365064468
P53F,-5.877955436706543,1.333716945
P53G,-7.196990013122559,0.8918379679999999
P53H,-6.413832664489746,0.077648883
P53I,-4.528957843780518,0.680299289
P53K,-5.229989051818848,0.255234744
P53Y,-6.119668006896973,0.5415794925
P53M,-6.050682067871094,0.391475166
P53N,-4.924346446990967,0.834617717
P53C,-7.399045944213867,0.6530874170000001
P53W,-9.329887390136719,0.8325652465000001
P53V,-4.184298992156982,0.7684752015
P53T,-4.771674633026123,0.759575345
P53S,-3.8488309383392334,0.658865066
P53L,-4.792766571044922,0.8152632815
P53A,-4.226517677307129,0.8774682725
P53Q,-5.326286315917969,0.8921403484999999
P53R,-5.7605204582214355,1.073091033
G54V,-9.099778175354004,-1.7896677665
G54A,-7.702314376831055,-0.7528255755
G54C,-10.730884552001953,0.024482023
G54D,-7.168310642242432,0.700493445
G54E,-6.706121444702148,0.708093757
G54F,-10.62630844116211,0.87663995
G54H,-7.316612243652344,0.218568624
G54I,-10.64823055267334,0.225390764
G54K,-8.544333457946777,0.9827798405
G54L,-8.43620491027832,0.323753659
G54M,-10.295985221862793,-0.625678547
G54N,-8.90794849395752,0.483418558
G54Q,-8.244244575500488,1.1268538765
G54R,-7.795925140380859,0.264351757
G54T,-8.657743453979492,0.7164592125
G54W,-10.83249282836914,0.2900869085
G54S,-5.624964714050293,0.8728049345000001
G54P,-10.594769477844238,-0.172221133
G54Y,-10.76589298248291,0.274659077
A55W,-5.887738227844238,0.771804939
A55Y,-3.8008041381835938,0.227163205
A55C,-3.2248592376708984,1.235395631
A55D,-1.8043662309646606,0.1013779355
A55F,-3.7966809272766113,0.832404102
A55G,-3.026479721069336,0.297981935
A55H,-2.206385612487793,0.4342353985
A55I,-3.3631439208984375,0.944410282
A55K,-2.129124641418457,0.57098744
A55E,-1.7223745584487915,0.1355725515
A55M,-3.4229235649108887,0.4336094025
A55N,-2.3390564918518066,0.686473744
A55P,-1.8749467134475708,0.550755792
A55Q,-2.3330025672912598,-2.5421235545
A55V,-3.1152920722961426,-0.5239646170000001
A55R,-2.492771625518799,0.409944059
A55S,-0.36806201934814453,-0.5613618275
A55L,-2.274951457977295,0.520244198
A55T,-2.1059794425964355,0.249575204
G56N,-5.072944641113281,0.780992626
G56P,-5.623483657836914,0.961550425
G56Q,-4.555773735046387,0.381974584
G56R,-5.011609077453613,0.516848136
G56V,-6.094168186187744,0.731195748
G56T,-4.996270656585693,0.6612995125
G56W,-8.872233390808105,0.138511934
G56Y,-7.48553466796875,0.9678826975
G56M,-6.954290390014648,0.8178902035
G56S,-3.708003282546997,1.4264253775
G56L,-5.1568803787231445,0.7773202905
G56D,-3.9233241081237793,0.208128929
G56I,-6.470839977264404,0.318757725
G56H,-6.120479106903076,0.8415330905
G56F,-6.731301307678223,0.9169399185
G56E,-3.528015613555908,0.481715433
G56C,-6.456744194030762,0.246357693
G56A,-4.221800327301025,-1.6599156505
G56K,-4.536355972290039,1.5921327265
D57L,-3.4879276752471924,0.984210634
D57M,-4.303191184997559,0.9723118485
D57N,-3.1754987239837646,0.5147462005
D57P,-5.064913749694824,1.5783107065000002
D57Q,-3.662813425064087,0.554038076
D57V,-3.475980758666992,-0.971295711
D57W,-7.1012701988220215,1.297681506
D57T,-3.2168211936950684,1.1892266375
D57R,-3.1959667205810547,1.5363250935
D57K,-3.1107137203216553,1.0104029775
D57Y,-4.449708938598633,-0.1647904359999999
D57I,-3.8461053371429443,1.238976697
D57S,-2.4381887912750244,0.8178003770000001
D57G,-2.815727710723877,0.4427415255
D57H,-4.142697334289551,-0.2814651035
D57A,-2.847984790802002,-2.546036949
D57E,-2.655163049697876,-0.221220783
D57F,-4.507205486297607,-0.453054358
D57C,-5.315929889678955,0.209084851
D58N,-3.5299019813537598,0.106091394
D58Y,-3.934744358062744,-1.7397219695
D58W,-5.256172180175781,0.9575006465
D58V,-3.1685688495635986,0.3139393675
D58T,-2.9753801822662354,1.2007486855
D58S,-2.477128505706787,0.9897833515
D58R,-3.183344841003418,1.0585031325
D58Q,-3.3824992179870605,1.586690903
D58P,-2.5022103786468506,1.32481645
D58M,-4.5242815017700195,0.5375361965
D58L,-3.303292751312256,0.6268906915
D58I,-3.50136137008667,0.5548741014999999
D58K,-3.2566041946411133,-0.211948429
D58G,-3.099773406982422,1.3454671855000002
D58F,-3.9840779304504395,1.091097946
D58E,-2.5433788299560547,-0.197201178
D58C,-5.923618316650391,0.6220433555
D58A,-2.8818531036376953,-0.273334598
D58H,-3.8164806365966797,0.611968528
T59G,-2.328216552734375,1.3845788935
T59Y,-4.688857555389404,0.68538704
T59W,-5.691767692565918,1.6079071615
T59V,-2.7634634971618652,1.340408046
T59S,-2.1129703521728516,0.9218544975
T59F,-4.905261993408203,0.408589597
T59R,-2.6648006439208984,1.5724459635
T59N,-3.215507984161377,0.797615121
T59M,-4.5491461753845215,1.251380106
T59P,-6.577421188354492,-1.2307147845
T59I,-3.466221809387207,0.045734171
T59H,-3.012269973754883,0.110978671
T59K,-3.193108558654785,-1.738644626
T59Q,-2.9005050659179688,0.510942551
T59L,-3.052560806274414,1.1274742845
T59D,-2.824289321899414,0.298019407
T59E,-2.333123207092285,1.3841404635
T59A,-3.178412437438965,0.8435509240000001
T59C,-4.958329200744629,0.8821943554999999
R60I,-2.284374713897705,0.210263521
R60Y,-2.8277127742767334,-0.7094153084999999
R60W,-3.815699815750122,0.2520076485
R60V,-1.8050971031188965,0.5318368929999999
R60K,-2.7852649688720703,-0.6360499725
R60Q,-2.4176242351531982,0.283649982
R60P,-0.5682275295257568,0.285094932
R60S,-1.7950384616851807,0.162649518
R60M,-3.3427040576934814,1.129453664
R60L,-1.3298676013946533,0.3531392195
R60A,-2.0241780281066895,0.8190762705
R60C,-4.793343544006348,0.7361645
R60D,-1.8733339309692383,0.635628016
R60E,-1.9490468502044678,1.291469451
R60F,-2.9741604328155518,0.996802589
R60G,-3.5275604724884033,0.983128504
R60H,-2.788857936859131,1.2261745495
R60N,-2.603285789489746,1.1404799325
R60T,-2.3560752868652344,0.2431058645
H61A,-1.8158328533172607,1.126607001
H61I,-3.6026611328125,-0.995149103
H61G,-2.4579453468322754,0.4465697195
H61F,-5.258034706115723,0.076970807
H61E,-1.48441743850708,0.9344271645
H61D,-2.0780487060546875,0.6444205135000001
H61L,-2.9185304641723633,0.2955478495
H61C,-4.423511505126953,-0.011446232
H61Y,-5.190182685852051,0.560838009
H61W,-7.640933513641357,0.639445574
H61V,-2.6511178016662598,0.510313134
H61T,-2.081850051879883,-0.2393577685
H61K,-2.0930328369140625,0.06791955
H61R,-2.9322075843811035,0.5243080929999999
H61S,-1.3249881267547607,0.8184133204999999
H61M,-4.560497760772705,0.918349015
H61N,-2.4968135356903076,-1.5804906575
H61P,-3.5191235542297363,-2.7814525760000004
H61Q,-2.056443691253662,-1.3220516065
S62R,-3.5852208137512207,-0.089729864
S62Y,-6.3231024742126465,-0.8627177445
S62T,-3.6164979934692383,-2.146129043
S62W,-8.225547790527344,0.790372245
S62V,-3.516185760498047,0.9129319965
S62A,-3.3272032737731934,0.430071256
S62C,-5.876918792724609,-0.2858977855
S62P,-4.307370662689209,1.6562938125
S62E,-2.646216869354248,1.46959962
S62F,-5.901434898376465,1.445129725
S62G,-4.171204090118408,1.2828089525
S62H,-4.132333755493164,0.602036297
S62Q,-3.368370771408081,-1.7220057775
S62N,-4.052453517913818,0.446250207
S62M,-4.956902503967285,0.4007936645
S62I,-4.16231632232666,-1.581602206
S62L,-3.9836630821228027,0.6938608390000001
S62K,-3.911567211151123,1.0891635905
S62D,-3.0864624977111816,0.115862896
I63Y,-6.657993316650391,0.3572073225
I63T,-2.9008421897888184,1.356188554
I63S,-3.5933260917663574,1.1932845075
I63R,-5.10260009765625,1.756564445
I63Q,-4.667985916137695,1.932033838
I63M,-4.647886276245117,-1.254909172
I63N,-4.7623610496521,1.385031735
I63L,-2.8336639404296875,1.512155822
I63K,-4.839735984802246,1.8702111995
I63H,-5.276082515716553,0.764819128
I63G,-6.115276336669922,1.658727549
I63F,-6.038536071777344,0.13408517
I63D,-4.621716022491455,0.5905237685
I63C,-5.635981559753418,0.6449530179999999
I63A,-4.314417362213135,2.4004707875
I63P,-4.0122551918029785,1.4207000235
I63E,-4.474015712738037,1.4290499635
I63V,-2.1780269145965576,1.3723367775
I63W,-7.073686599731445,1.9289166365
P64N,-5.425158977508545,1.026081454
P64W,-10.293651580810547,0.9707664375
P64V,-6.499573230743408,0.789556873
P64T,-4.682312488555908,-0.422523951
P64A,-4.843552589416504,0.444215953
P64C,-8.010934829711914,0.403897648
P64D,-4.604938507080078,0.4522295265
P64E,-5.63067102432251,1.126173982
P64F,-9.645938873291016,0.8764982379999999
P64G,-6.095164775848389,1.0701393215
P64H,-6.466738700866699,-0.9361421235
P64I,-7.454391002655029,0.736594058
P64K,-6.185656547546387,0.8367218495000001
P64L,-6.779628753662109,1.3147299705
P64M,-7.4388837814331055,0.7308433325
P64S,-4.220207691192627,0.8429941670000001
P64R,-7.094865322113037,0.8729729495
P64Q,-6.136398792266846,0.7617193515
P64Y,-9.303607940673828,1.0531789965
A65I,-4.667022228240967,-0.311899409
A65D,-4.20726203918457,-0.0961621915
A65V,-3.3711283206939697,0.7305841805
A65T,-2.895435333251953,0.2652942765
A65S,-2.905305862426758,-0.5812285075
A65R,-5.623343467712402,0.6459972955
A65Q,-4.8542399406433105,1.1661269184999998
A65P,-5.021235466003418,-0.6815484559999999
A65C,-5.568132400512695,-1.2232463985
A65N,-4.629781246185303,-2.24852183
A65L,-4.786869049072266,0.6679330305
A65K,-5.988150596618652,1.1925999115
A65H,-5.437366962432861,1.0124678955
A65G,-3.545027256011963,0.700678612
A65F,-7.430205345153809,0.562132054
A65E,-4.457686901092529,-1.3745587705000002
A65M,-6.271080017089844,0.6417728460000001
A65W,-8.313969612121582,0.2225873995
A65Y,-6.79047966003418,0.1046575135
T66L,-4.672856330871582,0.6095861865
T66V,-4.157541275024414,0.7766924104999999
T66S,-3.080139636993408,0.138720962
T66R,-5.412266254425049,0.937957705
T66Q,-4.7013349533081055,0.896297298
T66P,-10.568058013916016,0.6997042425
T66N,-4.453339099884033,-1.681394784
T66M,-5.9105634689331055,0.7739420555
T66Y,-6.868441104888916,0.3913947495
T66K,-4.579614639282227,0.4444856885
T66H,-5.428027153015137,0.3424402095
T66G,-3.39135479927063,0.4324318095
T66F,-7.115911960601807,0.6571791065
T66E,-3.6699345111846924,0.6837004879999999
T66D,-3.774451732635498,0.26662705
T66C,-7.133103370666504,0.463394998
T66A,-3.045943260192871,0.512738846
T66I,-5.258191108703613,-0.1839731215
T66W,-8.66347599029541,0.8405250045
T67M,-5.752335071563721,0.4189107095
T67N,-5.910216808319092,-0.6105768435
T67C,-7.273841381072998,0.1874592575
T67A,-3.9212732315063477,0.889292214
T67P,-9.858735084533691,-0.534113819
T67Q,-4.859626770019531,0.2286853765
T67R,-5.800443649291992,0.960976109
T67S,-4.527777671813965,0.31500959
T67V,-3.4561259746551514,0.4436356775
T67W,-8.520018577575684,0.8135217185
T67Y,-6.771705627441406,0.7238173505
T67L,-4.727715969085693,0.632399254
T67K,-4.759253025054932,1.9824047645
T67I,-4.19346809387207,0.137284866
T67H,-6.216663360595703,1.253888272
T67G,-7.369000434875488,0.9583965035
T67F,-7.221803665161133,0.933932017
T67E,-4.472871780395508,1.172173757
T67D,-5.829488277435303,0.9176340425
T68Y,-7.55348014831543,0.4268344125
T68W,-8.682153701782227,0.0993950695
T68V,-4.217484951019287,0.7859293485
T68S,-3.724836587905884,0.4126129525
T68R,-5.427215576171875,0.262671926
T68Q,-4.236781120300293,0.115627892
T68P,-8.658403396606445,0.1408077244999999
T68N,-5.354248523712158,0.817189658
T68I,-5.264410972595215,0.7707333595
T68L,-5.334174633026123,0.3549771625
T68A,-3.3418705463409424,0.0871459485
T68H,-6.184787750244141,-0.2739901685
T68G,-4.6438307762146,0.7695764815
T68F,-7.031066417694092,0.711104932
T68E,-3.590843677520752,0.338118896
T68C,-7.099591255187988,1.4194515875
T68M,-6.08087158203125,-0.2238707525
T68D,-4.455751895904541,1.1172892355
T68K,-4.763680934906006,-0.3436546955
T69Q,-3.941187620162964,0.648868165
T69Y,-6.015439510345459,0.5272692335
T69W,-9.173489570617676,0.888748435
T69V,-3.162269115447998,0.5449949614999999
T69S,-3.54750919342041,0.429184299
T69R,-5.00860071182251,1.381891077
T69P,-8.264679908752441,0.1384492755
T69N,-4.830495834350586,0.430274504
T69M,-4.446737766265869,-0.103311487
T69K,-4.4487996101379395,-0.8452834915
T69L,-4.008986949920654,1.012955287
T69H,-5.278766632080078,0.255132331
T69G,-5.197906494140625,1.051760112
T69F,-5.76489782333374,0.07728468
T69E,-2.9775867462158203,0.1735727125
T69D,-4.460073471069336,0.961727401
T69C,-6.543132781982422,1.083358125
T69A,-3.5290122032165527,0.7753814605
T69I,-3.81681227684021,0.344338174
L70V,-2.21913480758667,0.749594338
L70Y,-6.544382095336914,1.893118947
L70K,-4.450146198272705,-0.147215154
L70W,-9.017535209655762,0.031310531
L70T,-3.007638454437256,0.7708678205
L70E,-3.420546293258667,0.6771938155
L70R,-4.698851585388184,0.4754503385
L70Q,-4.088478088378906,0.964881477
L70I,-2.9767203330993652,0.7421656855
L70P,-8.917363166809082,-0.456931067
L70S,-3.465883731842041,0.9819125025
L70H,-5.397383689880371,0.110039822
L70M,-4.490966796875,-0.7209365045
L70F,-6.0496015548706055,0.6757391985
L70A,-2.2110557556152344,0.9225900205
L70C,-6.494831562042236,0.0134261055
L70D,-4.238356590270996,0.094048547
L70N,-4.473038673400879,0.484206253
L70G,-5.867076873779297,0.647191311
V71A,-2.711599588394165,0.5496262175
V71C,-7.033522605895996,0.722115297
V71D,-3.9617245197296143,0.349749297
V71E,-2.559802532196045,0.3009946295
V71F,-5.539542198181152,0.28716725
V71H,-5.321712493896484,0.196154876
V71I,-3.9993879795074463,-0.011214719
V71L,-2.8020215034484863,0.6820082005
V71M,-4.255776405334473,1.0852836615
V71N,-5.154813766479492,0.369328384
V71P,-8.824064254760742,0.7367755840000001
V71Q,-3.7709362506866455,0.2056790575
V71R,-4.4596028327941895,0.6868176845
V71S,-3.361142158508301,0.559920975
V71T,-3.537677526473999,0.7916507065
V71W,-8.724197387695312,0.0558800405
V71Y,-6.197859764099121,0.587725783
V71K,-4.139436721801758,1.154131192
V71G,-6.354168891906738,0.6913619955
A72C,-7.296153545379639,0.492848969
A72D,-3.9969635009765625,0.5439341945
A72W,-10.5699462890625,-0.1990031775
A72E,-3.4775304794311523,0.3012259165
A72F,-7.78439998626709,0.452680253
A72G,-5.072177886962891,0.04635643
A72H,-5.865562438964844,1.312279478
A72I,-6.212959289550781,0.036753786
A72K,-4.619688510894775,0.924188872
A72L,-4.443076133728027,0.8607817965000001
A72M,-5.026126861572266,0.7397429225
A72N,-4.346308708190918,1.227524834
A72P,-10.376487731933594,0.4049767925
A72Q,-4.240903377532959,1.0706228615
A72R,-5.25392484664917,0.8173463975
A72S,-3.4009134769439697,0.207023137
A72T,-4.9806318283081055,0.1165285585
A72V,-5.883035182952881,-0.072746086
A72Y,-8.227448463439941,0.1865835495
E73D,-4.688097953796387,-0.9159912445
E73W,-10.79623031616211,2.0881867685
E73V,-5.583008766174316,-0.5023919705
E73T,-6.265449523925781,0.3903926885
E73S,-5.542523384094238,0.5681730420000001
E73R,-6.1151323318481445,0.645776667
E73Q,-4.659798622131348,-0.7349106590000001
E73C,-7.815800666809082,-0.092705957
E73P,-12.017440795898438,1.415001569
E73L,-4.8551025390625,0.329715207
E73K,-5.509748935699463,0.121969882
E73I,-6.3089375495910645,-3.5015778725
E73H,-6.018620014190674,1.145587213
E73G,-7.295390605926514,0.6249312085000001
E73F,-8.447407722473145,-4.031024717
E73M,-6.45759391784668,0.382577363
E73Y,-8.611061096191406,-2.6906009025
E73A,-5.1456804275512695,0.203700412
L74C,-4.641266345977783,0.2403436745
L74D,-1.6597058773040771,1.2005061135
L74E,-0.5841827392578125,0.6808110905
L74F,-4.619632720947266,0.458232441
L74G,-3.326347827911377,0.7875903395
L74H,-3.497659683227539,1.103688527
L74Y,-4.714046001434326,1.098628151
L74I,-3.035839080810547,-0.075461395
L74W,-7.350518703460693,0.3499865
L74V,-2.052955150604248,0.801613767
L74T,-2.9768013954162598,-0.0209352
L74S,-2.1599817276000977,0.338766895
L74R,-2.7337818145751953,1.0170279985
L74Q,-2.4093017578125,-0.285347873
L74P,-8.064081192016602,0.12987202
L74N,-2.926755905151367,0.748408292
L74M,-3.535677433013916,0.8246763675
L74A,-0.6264758110046387,1.166529942
L74K,-2.528986692428589,1.410516163
H75D,-2.3100433349609375,0.5766620595
H75Y,-5.860787868499756,0.2592402245
H75W,-7.577497959136963,0.2303360585
H75V,-4.873865604400635,0.7134399905
H75T,-3.2023868560791016,-0.1277761545
H75S,-1.0987766981124878,0.209745882
H75R,-2.423468589782715,0.164143673
H75A,0.1216886043548584,0.43375087
H75C,-5.382070541381836,0.6308991860000001
H75E,-0.5452859401702881,0.271779072
H75F,-5.229736804962158,0.132414276
H75P,-8.428400039672852,0.456506574
H75N,-1.767980933189392,0.0653949205
H75M,-3.2889299392700195,0.4304175425
H75L,-2.1861910820007324,0.1477422165
H75K,-1.3252462148666382,1.249422594
H75I,-6.302213668823242,0.0079565119999999
H75G,-3.162281036376953,0.5017751804999999
H75Q,-1.0632857084274292,0.8896312340000001
Q76R,-4.23056173324585,0.277088022
Q76S,-4.132317066192627,0.4022869325
Q76T,-3.03847599029541,0.4896079625
Q76V,-6.081503868103027,0.365529725
Q76P,-10.638265609741211,0.9947482475
Q76Y,-7.7295002937316895,-0.256978944
Q76N,-4.966776371002197,0.817459224
Q76M,-4.693902015686035,0.8155960484999999
Q76L,-3.7650389671325684,0.938943394
Q76K,-3.4546666145324707,-0.425680393
Q76I,-7.4162187576293945,0.393658188
Q76H,-5.886864185333252,-0.252559102
Q76G,-5.385511875152588,0.8296358085
Q76F,-8.366050720214844,0.9374057645
Q76E,-2.552523374557495,0.7697704059999999
Q76D,-4.578132152557373,0.885463014
Q76C,-6.529356002807617,0.6236792175
Q76A,-3.4460034370422363,0.7208150695000001
Q76W,-10.454933166503906,0.5723281689999999
G77A,-0.26032543182373047,0.6400097365
G77Y,-3.909512758255005,0.9888480705
G77H,-1.699526071548462,-1.3958966995
G77E,1.6800425052642822,0.523220418
G77F,-4.127248764038086,0.417896791
G77I,-2.6588003635406494,-0.521369239
G77K,2.728684902191162,0.9081845875
G77L,1.446084976196289,0.583790397
G77M,-1.3218410015106201,1.271970248
G77N,-1.0802028179168701,1.164401185
G77C,-3.554363965988159,-1.820932771
G77P,-7.007887840270996,0.514641626
G77R,0.7741434574127197,0.884855037
G77S,-2.0116961002349854,0.315824478
G77T,-0.3871500492095947,-0.214176288
G77V,-1.4327657222747803,0.7624712645
G77W,-5.453159332275391,0.0357174475
G77Q,2.3213305473327637,0.317452749
G77D,-2.017720937728882,0.101141146
E78W,-13.409879684448242,-0.7684979984999999
E78Y,-10.955224990844727,0.431153619
E78V,-6.3670220375061035,-0.0472304255
E78C,-10.374735832214355,-0.3731732945
E78T,-7.161284446716309,1.2575499555
E78S,-6.809747695922852,1.3284483425
E78R,-8.14863395690918,0.960466451
E78Q,-5.232110023498535,0.5600663935
E78P,-10.006897926330566,-1.157227504
E78A,-7.759902477264404,1.3577857495
E78M,-10.07750129699707,-0.0684084285
E78L,-9.477983474731445,0.3434045
E78N,-7.486279010772705,1.0913309675
E78I,-7.932107925415039,0.0520473515
E78H,-8.378765106201172,-0.556294762
E78G,-8.603731155395508,0.6065111365
E78F,-10.552635192871094,-0.0719164055
E78D,-5.8524322509765625,-0.670005605
E78K,-6.387216567993164,0.447074257
R79W,-16.42502784729004,-0.897364132
R79G,-13.161508560180664,-0.157947924
R79A,-10.437810897827148,0.7023987505
R79C,-13.806966781616211,-2.953635308
R79D,-13.508827209472656,-1.977123072
R79E,-13.012125015258789,-0.382143764
R79F,-15.702519416809082,-3.9708776
R79H,-11.034972190856934,0.5345804565
R79S,-13.360286712646484,-1.1795391025
R79K,-8.1552734375,0.4778930605
R79L,-11.581600189208984,-2.670533974
R79M,-12.801857948303223,-1.03458166
R79N,-12.712169647216797,0.633550145
R79P,-13.06453800201416,-1.6024311219999998
R79Q,-9.420528411865234,-2.0015778725
R79I,-12.211282730102539,-0.603415449
R79T,-13.734245300292969,-0.2886349915
R79V,-14.345274925231934,0.0774127525
R79Y,-14.948773384094238,-0.3776337615
E80M,-12.270645141601562,-0.26339195
E80L,-10.26948356628418,0.8485042290000001
E80I,-12.872734069824219,0.339468808
E80N,-11.765080451965332,-0.002194451
E80H,-12.429851531982422,0.610593884
E80G,-10.939763069152832,0.6360842664999999
E80K,-9.896818161010742,0.49214018
E80P,-10.995975494384766,0.412611672
E80V,-11.80677318572998,0.332644472
E80R,-10.745696067810059,0.8741439925
E80S,-11.302837371826172,0.4299540055
E80T,-12.992366790771484,0.696135225
E80W,-15.902244567871094,-0.20770876
E80Y,-13.388399124145508,-0.1433320305
E80C,-13.84383773803711,0.7519266334999999
E80A,-9.567428588867188,-0.526754657
E80F,-13.6635103225708,0.276893613
E80Q,-7.838265895843506,-0.0401684805
E80D,-9.051240921020508,-0.6342576695000001
T81C,-10.189900398254395,0.4147135905
T81W,-11.76710033416748,-0.7260940945000001
T81Y,-9.431207656860352,1.2314867134999998
T81A,-8.902140617370605,0.057943516
T81D,-10.43330192565918,0.3420590765
T81E,-7.399280548095703,-0.576468945
T81F,-10.033224105834961,0.5855219315
T81H,-8.371501922607422,0.7525960890000001
T81I,-8.855684280395508,0.360844428
T81K,-6.707267761230469,-1.3567236735
T81G,-9.06668758392334,-0.2470651935
T81M,-7.686420440673828,0.0728200575
T81N,-8.483905792236328,1.41557252
T81P,-13.246633529663086,1.0370215375
T81Q,-7.0515666007995605,1.521304243
T81R,-7.312162399291992,-0.2635639535
T81S,-8.737939834594727,0.102196598
T81V,-8.846531867980957,-0.7186706795000001
T81L,-7.913421630859375,0.5258333635
W82P,-20.490833282470703,0.0173220265
W82Y,-12.681753158569336,-0.5234063565
W82V,-19.62094497680664,-0.907190702
W82T,-21.977397918701172,-0.756170345
W82S,-20.118167877197266,-1.4211140775
W82R,-17.26614761352539,0.2676024295
W82Q,-21.454259872436523,-0.0557056665
W82N,-19.991308212280273,-2.3027527805
W82A,-19.579689025878906,-0.434390491
W82K,-18.984128952026367,-0.3762262535
W82I,-20.803157806396484,-1.17942863
W82G,-20.838863372802734,-1.2657810555
W82F,-11.79019546508789,-0.844726615
W82E,-21.888113021850586,0.65523573
W82D,-21.250709533691406,-3.2753985045
W82C,-19.21158218383789,-0.6177279864999999
W82L,-17.877281188964844,-2.3468244625
W82M,-19.062650680541992,-0.183461214
G83V,-10.757575035095215,-0.7964775165000001
G83W,-15.751219749450684,-0.6665023495
G83R,-11.515321731567383,0.4726063635
G83Q,-11.284052848815918,0.5815837054999999
G83P,-12.639331817626953,0.4228819145
G83S,-4.23773193359375,-0.173691921
G83N,-6.295541763305664,1.069925652
G83M,-11.782777786254883,-0.7224637009999999
G83L,-11.522079467773438,-0.7455578795000001
G83K,-12.2078275680542,0.4001872025
G83T,-7.791911602020264,-0.2587300245
G83I,-11.894962310791016,0.282495207
G83H,-11.940363883972168,1.049663421
G83F,-14.268181800842285,-1.0824859375
G83A,-5.887631416320801,0.0191753145
G83C,-10.95414924621582,-1.2764609495
G83D,-8.504402160644531,-0.386468946
G83E,-10.659008026123047,0.334283575
G83Y,-14.430566787719727,-0.48364559
K84A,-10.614933967590332,0.944917427
K84C,-14.108142852783203,0.4275681895
K84D,-11.687113761901855,0.0422830625
K84E,-9.956406593322754,0.36331692
K84F,-12.789412498474121,1.116891089
K84G,-11.864215850830078,0.578025435
K84L,-10.260037422180176,0.6727908495
K84I,-13.924266815185547,0.108826307
K84M,-11.344281196594238,0.0408937205
K84N,-10.241240501403809,0.1397444119999999
K84P,-13.436979293823242,-0.119973073
K84Q,-9.472780227661133,0.6250522445000001
K84T,-10.192407608032227,-2.0749587865
K84V,-12.93246078491211,0.5405948535
K84W,-12.038531303405762,-0.019428373
K84Y,-12.780296325683594,0.384634507
K84H,-10.985392570495605,1.072431651
K84S,-8.723493576049805,0.8402470634999999
K84R,-5.3521809577941895,0.407255686
K85R,-6.746824264526367,0.463390118
K85G,-11.29349422454834,-0.774398989
K85F,-11.967742919921875,-2.0245905345
K85E,-8.190924644470215,-0.283811739
K85D,-10.559150695800781,-0.336277607
K85C,-15.117022514343262,-2.9857234425
K85A,-9.715856552124023,-2.8178623555
K85L,-11.582460403442383,-2.2609211890000003
K85M,-12.252830505371094,-1.048630786
K85N,-9.063093185424805,-0.5350826675
K85P,-10.919443130493164,-0.617770742
K85Q,-8.097159385681152,-1.518234066
K85S,-9.687864303588867,-0.067531755
K85T,-10.730374336242676,0.5093305225
K85H,-10.213701248168945,-0.7495929385
K85V,-12.3386812210083,-2.040774906
K85Y,-11.312226295471191,-0.415136608
K85W,-11.834253311157227,-0.4006809025
K85I,-12.902206420898438,-3.3424898925
V86R,-9.94983196258545,-0.411850163
V86P,-11.023300170898438,0.626142706
V86N,-11.282327651977539,-0.6499189175
V86M,-5.032865524291992,-1.500664425
V86L,-4.801164627075195,-0.7895122735
V86K,-10.230854034423828,-1.2433326695
V86I,-2.8472728729248047,0.463976507
V86H,-11.341533660888672,-3.66254192
V86G,-12.012045860290527,-0.0238872325
V86F,-7.591546058654785,1.39335704
V86E,-10.02849292755127,0.4228141665
V86D,-12.03700065612793,-2.7668352310000004
V86C,-10.818374633789062,0.2304755655
V86T,-6.5992584228515625,1.260309711
V86W,-11.751546859741211,1.0044754105
V86Y,-11.120523452758789,1.306892242
V86S,-7.814967155456543,0.705971864
V86A,-5.637810707092285,0.222606598
D87E,-3.28102970123291,0.2576775545
D87G,-10.033361434936523,-0.3869704715
D87H,-13.889625549316406,0.7736542
D87I,-13.884281158447266,-1.6101269335
D87K,-11.248512268066406,0.8651299675
D87L,-12.961896896362305,0.1246318025
D87M,-12.672294616699219,-0.2928227885
D87N,-10.379212379455566,0.272805753
D87F,-15.097877502441406,-1.4759572655000002
D87Q,-10.479873657226562,-0.30315107
D87P,-13.74543285369873,0.650394757
D87Y,-16.28242301940918,-0.7034467240000001
D87A,-9.960308074951172,-1.1763511175
D87W,-16.74980926513672,-2.1478882665
D87C,-13.990625381469727,-2.7572042795
D87T,-12.104918479919434,0.768557791
D87S,-11.092981338500977,-0.1478280145
D87R,-12.259163856506348,-1.054922909
D87V,-13.465059280395508,-0.6168977210000001
F88D,-13.511117935180664,-0.5098726725
F88E,-14.807087898254395,0.044707433
F88G,-13.713898658752441,0.6656378620000001
F88H,-14.57839298248291,-0.2262126775
F88I,-15.940652847290039,-0.37683364
F88K,-12.055182456970215,-0.3686728070000001
F88L,-10.767243385314941,-0.659410854
F88N,-13.816474914550781,0.486669275
F88P,-17.45226287841797,-0.497310376
F88Q,-16.02029037475586,0.7413129959999999
F88S,-11.906790733337402,0.331425317
F88T,-16.516584396362305,0.108300762
F88V,-16.33782958984375,0.569140984
F88W,-13.124595642089844,0.528712428
F88Y,-8.741433143615723,0.5248054775
F88M,-14.247391700744629,0.177096822
F88R,-13.881627082824707,0.7171508120000001
F88A,-11.729618072509766,0.5113335725
F88C,-14.028398513793945,-0.5896821495
L89A,-13.530406951904297,-0.166207163
L89T,-14.457758903503418,-0.044587191
L89S,-16.32815933227539,-0.675445165
L89R,-12.701763153076172,-0.5672742465
L89Q,-13.860827445983887,0.694062948
L89P,-18.469959259033203,0.2487365985
L89N,-17.3516845703125,0.443557889
L89M,-9.181486129760742,-0.40292129
L89K,-13.635098457336426,-2.0418503365
L89I,-9.981120109558105,0.659007634
L89H,-14.731931686401367,0.1159982445
L89G,-16.586467742919922,-0.6096792865
L89F,-8.772906303405762,0.7908647625
L89E,-15.026785850524902,-3.3710638445
L89V,-11.522313117980957,-0.097635734
L89W,-13.047258377075195,0.9272332445
L89Y,-13.388206481933594,-0.6818992475
L89D,-17.502565383911133,-1.2255207145
L89C,-17.241308212280273,-0.2952826155
L90A,-16.20396614074707,0.3451832745
L90C,-15.149940490722656,0.1539629315
L90D,-17.640911102294922,-3.8088523135
L90E,-16.528940200805664,-0.913735816
L90F,-11.29000473022461,0.620525905
L90G,-17.09293556213379,-0.086657313
L90H,-15.636624336242676,-0.5537212155
L90I,-12.330804824829102,-0.1995508865
L90M,-11.41606330871582,0.396364326
L90N,-14.873628616333008,-1.7724238719999998
L90P,-17.035696029663086,-0.6933422290000001
L90Q,-14.892333030700684,-2.6348595055
L90R,-13.685478210449219,-0.5072748970000001
L90S,-18.071971893310547,-1.105050592
L90K,-13.210864067077637,-1.0037097395
L90Y,-13.526419639587402,-1.084752983
L90W,-14.18384838104248,-1.147914245
L90V,-14.582103729248047,0.0562829135
L90T,-15.802718162536621,-0.24625075
S91Q,-12.143901824951172,0.9693187735
S91L,-13.403182029724121,-0.3265337495
S91M,-12.064458847045898,-0.5202685735
S91N,-10.83071517944336,-0.7756285629999999
S91P,-15.05069351196289,-0.475622818
S91H,-13.277352333068848,0.6966644845000001
S91R,-12.629499435424805,0.360672929
S91T,-9.039517402648926,-0.0339914155
S91V,-15.51340389251709,-0.0255740715
S91W,-16.29724884033203,-0.18818903
S91Y,-15.390310287475586,-0.419924977
S91G,-11.977436065673828,-0.0376550905
S91F,-13.622349739074707,0.220068552
S91E,-12.961121559143066,-0.4853441675
S91D,-11.904149055480957,-0.8720215425
S91C,-12.225821495056152,0.1212973535
S91A,-4.8578386306762695,0.358127176
S91K,-13.146467208862305,-2.353543324
S91I,-16.04966926574707,-1.325626892
V92L,-8.493975639343262,0.342714376
V92S,-11.600881576538086,0.42691202
V92R,-13.359959602355957,0.0944279145
V92Q,-12.720212936401367,-2.3517977315
V92P,-13.758467674255371,-0.8875639725
V92Y,-13.410269737243652,-0.576492056
V92A,-10.80235481262207,-0.1916887655
V92C,-10.95242691040039,0.8443454420000001
V92D,-14.94334602355957,-3.5015778725
V92E,-13.560320854187012,-0.717078757
V92F,-11.993351936340332,-1.7927419775
V92G,-16.615741729736328,-1.070448973
V92H,-15.041694641113281,-1.163212112
V92I,-6.8047285079956055,0.4980487255
V92N,-12.834826469421387,-0.7939246885
V92T,-8.86151123046875,0.6417241425
V92W,-15.046393394470215,-0.0706459475
V92K,-13.271588325500488,0.2845661055
V92M,-8.772104263305664,0.408976086
I93A,-14.693145751953125,0.760793308
I93C,-17.306861877441406,1.062450533
I93M,-12.630987167358398,0.2922326915
I93F,-15.232427597045898,-0.020517832
I93G,-19.181371688842773,-0.3994709935
I93H,-16.16748046875,-4.2150918415
I93K,-13.563830375671387,-4.5
I93L,-11.129280090332031,0.934678416
I93N,-14.697851181030273,-0.201397902
I93P,-19.537559509277344,-4.5
I93Q,-16.216583251953125,-0.694472654
I93R,-15.32303237915039,-2.6330950755
I93S,-18.677654266357422,-3.11291627
I93T,-14.432525634765625,0.0238106295
I93V,-8.094559669494629,0.5219468295
I93W,-17.502239227294922,-2.02523073
I93Y,-16.78080177307129,0.395738666
I93E,-16.803245544433594,-4.5
I93D,-15.832361221313477,-2.4388124315
G94E,-15.167668342590332,-2.0368323565
G94V,-20.156280517578125,0.334575354
G94T,-17.54930305480957,0.879399947
G94S,-14.964614868164062,0.770206992
G94R,-13.516677856445312,0.4975338855
G94Q,-17.655832290649414,-0.4142467515
G94A,-13.344889640808105,0.6345403275
G94D,-14.097013473510742,0.9040138175
G94P,-16.286121368408203,-0.7491248635
G94M,-16.56966209411621,-0.293029161
G94L,-17.23377227783203,0.020650099
G94K,-15.990520477294922,-0.9159489405
G94I,-20.891891479492188,-0.0957199365
G94H,-18.350669860839844,0.5430669954999999
G94F,-21.045452117919922,-0.748317474
G94N,-16.781147003173828,-4.26099023
G94C,-18.1939754486084,0.4684173885
G94Y,-21.331640243530273,-0.6641519785
G94W,-17.93503761291504,0.311564087
Y95T,-11.564682006835938,0.759404124
Y95C,-9.049717903137207,0.083225769
Y95D,-11.434080123901367,-0.625696054
Y95E,-11.564095497131348,-0.2796832645
Y95F,0.9735021591186523,0.375525898
Y95G,-12.891197204589844,0.337642157
Y95H,-10.236214637756348,0.749295541
Y95I,-11.835958480834961,0.068281764
Y95K,-10.025390625,-0.3952761485
Y95M,-9.780052185058594,0.3682466195
Y95N,-9.432079315185547,0.5606288365
Y95P,-14.717279434204102,0.923644372
Y95Q,-11.670671463012695,0.307233063
Y95R,-11.795622825622559,0.6594903845000001
Y95S,-7.948382377624512,0.9408443915
Y95L,-8.991135597229004,0.0563902985
Y95A,-9.023076057434082,0.6303430105
Y95W,-9.431117057800293,0.254081769
Y95V,-12.04889965057373,-0.394441433
A96F,-15.326831817626953,-1.365729364
A96E,-13.04360580444336,-0.873173295
A96H,-14.434256553649902,0.7970012105
A96I,-14.371576309204102,-3.2780980875
A96K,-12.3088960647583,0.0260436995
A96L,-14.238741874694824,-1.421227941
A96M,-13.754145622253418,0.8475891634999999
A96N,-11.545857429504395,-1.0138166445
A96P,-13.345476150512695,-0.1386197215
A96Q,-11.860858917236328,-0.8178623555
A96R,-12.630619049072266,-0.0802074895
A96S,-6.460325241088867,-0.4900700155
A96T,-9.287529945373535,0.1014836785
A96V,-11.06358814239502,-0.0014132465
A96W,-18.489389419555664,-0.7840844084999999
A96Y,-16.544214248657227,0.3672249145000001
A96D,-12.654119491577148,-4.886594715
A96C,-10.213885307312012,0.9580013695
A96G,-11.54042911529541,1.026707017
V97W,-17.293529510498047,-0.700458975
V97S,-13.53321361541748,0.3938125035
V97R,-12.053682327270508,-1.481927072
V97L,-10.52604866027832,1.0097814225
V97I,-6.508618354797363,0.807240017
V97G,-11.80906867980957,-1.5240584775
V97F,-15.279046058654785,2.1597370685
V97E,-10.307207107543945,-4.5
V97D,-10.550579071044922,-0.367654976
V97C,-10.279359817504883,-2.332146931
V97Y,-16.652507781982422,0.6731473684999999
V97A,-10.36295223236084,0.256086196
V97T,-11.250182151794434,1.0348704615
D98P,-12.750862121582031,0.4715772785
D98Q,-13.188003540039062,0.6238614579999999
D98R,-11.256311416625977,0.475432189
D98N,-6.29807186126709,0.951946696
D98T,-13.15500259399414,0.8365081735
D98V,-15.327013969421387,-1.4257770555000002
D98A,-9.211664199829102,-0.413065274
D98S,-12.141871452331543,1.1576752075
D98M,-13.365395545959473,-2.444375969
D98F,-13.919614791870117,-1.6319292685
D98K,-8.24766731262207,0.4468805935
D98I,-14.634784698486328,-1.7065864645
D98H,-10.509504318237305,0.7403293835
D98C,-14.049467086791992,0.001054252
D98E,-9.956146240234375,-0.705990248
D98W,-15.75833797454834,-2.377609429
D98G,-8.582123756408691,0.6540246995000001
D98L,-14.831062316894531,-2.0991109685
D98Y,-13.162406921386719,-2.600783121
L99Q,-11.914488792419434,-0.570023006
L99I,-6.512421607971191,0.2986638545
L99K,-12.40346622467041,-2.5879004655
L99M,-10.379426002502441,-0.3155817425
L99N,-14.045053482055664,-1.9136843255
L99V,-9.212684631347656,0.3848667235
L99A,-12.477848052978516,-0.3957638265
L99C,-12.755908012390137,-0.8960874440000001
L99D,-15.732177734375,-5.1546568365
L99E,-13.102578163146973,-2.9563407465
L99F,-12.805191040039062,0.983252561
L99T,-13.58159065246582,-1.2304528045
L99S,-15.327672958374023,-1.9342736275
L99R,-10.67148494720459,-0.859189512
L99P,-13.10730266571045,-0.0384653995
L99H,-15.462310791015625,-1.3586818815
L99G,-15.423280715942383,-0.952163272
L99Y,-15.33867359161377,0.7903972465000001
L99W,-15.634992599487305,0.6873828240000001
G100Q,-13.8514404296875,1.5339862035
G100A,-7.758315086364746,0.6508229010000001
G100P,-12.712543487548828,0.8145419705
G100C,-12.356523513793945,0.8324587790000001
G100D,-13.12662410736084,-0.351488421
G100E,-14.764059066772461,0.0085598555
G100F,-15.710654258728027,-0.209548071
G100H,-14.599969863891602,1.2158469085
G100T,-15.177074432373047,0.9303801505
G100K,-14.50670051574707,1.0475197725
G100R,-12.5443754196167,0.1002074385
G100I,-16.81976318359375,-0.218402079
G100S,-9.85797119140625,1.0136946365
G100V,-15.716618537902832,-0.70732038
G100N,-12.127046585083008,1.2772536955
G100L,-13.195990562438965,-0.6526444570000001
G100M,-14.061256408691406,0.4841235065
G100Y,-15.26116943359375,-1.8431682075
G100W,-15.790090560913086,-0.3286784075
N101W,-19.144880294799805,-1.6655137105000002
N101C,-11.51858139038086,0.60781115
N101D,-9.935580253601074,-0.838865121
N101E,-12.685124397277832,-2.009611772
N101F,-17.65332794189453,-2.5011231030000003
N101G,-15.794200897216797,-0.3981146485
N101H,-14.345208168029785,-1.074068699
N101I,-11.793940544128418,-1.03289176
N101L,-12.61043930053711,-1.9413406575
N101P,-17.566478729248047,-0.1335094225
N101Q,-12.280284881591797,-0.407436853
N101R,-14.300701141357422,-0.4216330485
N101S,-11.688078880310059,0.4234207125
N101T,-9.874916076660156,0.1596297855
N101V,-13.498163223266602,0.1336857905
N101K,-12.805688858032227,0.180273275
N101M,-13.343774795532227,-1.756701579
N101A,-11.602723121643066,0.432028985
N101Y,-17.072763442993164,-2.0019120585
V102D,-14.430512428283691,-2.3792713275
V102T,-10.986468315124512,-0.177639516
V102A,-10.285421371459961,-0.0235502355
V102C,-11.343467712402344,-0.0232642405
V102W,-14.696556091308594,0.282610268
V102E,-12.475128173828125,-1.191613072
V102F,-9.796940803527832,1.09099439
V102G,-13.508749008178711,-1.841230105
V102H,-12.698127746582031,-3.1552691695
V102I,-7.648079872131348,0.6202431955
V102Y,-11.724461555480957,0.038960996
V102K,-13.532222747802734,-1.1420393545
V102L,-7.403271198272705,0.6536212545000001
V102M,-9.034761428833008,-0.0138209065
V102N,-12.752388000488281,-1.9406060795
V102P,-12.618040084838867,-4.0927949855
V102Q,-12.968210220336914,-1.7450269095
V102S,-13.556131362915039,-1.9724272715
V102R,-12.705395698547363,-1.7970298695
W103T,-15.787263870239258,0.2338844075
W103V,-16.62217903137207,0.5195174445
W103Y,-11.804163932800293,0.6195792705
W103A,-12.815391540527344,0.3791771265
W103M,-16.86275291442871,1.2901462815
W103R,-12.657361030578613,-1.113758345
W103Q,-15.471319198608398,-0.816263427
W103C,-14.958850860595703,-1.3216419865
W103L,-16.163894653320312,-0.0959401675
W103D,-15.27181625366211,-3.53267482
W103E,-15.200679779052734,-1.9510848725
W103F,-12.895318984985352,0.444329034
W103G,-14.593058586120605,-1.0270792805
W103H,-13.636722564697266,-2.962042087
W103I,-18.985591888427734,0.247396621
W103S,-13.035439491271973,-0.454897456
W103K,-13.845946311950684,-1.564916265
W103P,-24.05903434753418,-1.428060902
W103N,-15.935973167419434,-1.1919522434999998
R104W,-13.534491539001465,-1.817899722
R104Y,-12.894697189331055,-2.9473550630000003
R104A,-9.35207748413086,-2.689223835
R104C,-14.752042770385742,-1.5948285969999998
R104D,-11.841483116149902,-1.789143882
R104E,-12.465271949768066,-1.3657040294999998
R104F,-13.473804473876953,-2.1008070745
R104H,-12.218949317932129,-1.818978574
R104I,-13.416361808776855,-2.577115704
R104K,-8.720540046691895,-0.5862804979999999
R104G,-12.881619453430176,-1.5454822325
R104M,-12.761009216308594,-1.978587761
R104L,-11.19947338104248,-3.6822047945
R104T,-13.093949317932129,-1.3648166175
R104S,-11.971986770629883,-1.062874939
R104V,-14.790870666503906,-1.556647684
R104Q,-9.934718132019043,0.042683174
R104P,-16.51300621032715,-2.17411793
R104N,-13.988054275512695,-2.3548135585
F105W,-12.584274291992188,-1.3971433135
F105H,-14.91208553314209,-2.216669714
F105I,-10.102559089660645,-0.5415619355
F105L,-9.62503433227539,-1.453932332
F105M,-12.583673477172852,-1.4522896065000002
F105N,-14.359212875366211,-5.002071933
F105P,-13.974886894226074,-3.742131203
F105Q,-14.735952377319336,-1.8250438785
F105R,-12.620418548583984,-2.3119737825
F105G,-10.544392585754395,-2.005004265
F105T,-14.069509506225586,-2.213071963
F105V,-10.495773315429688,-1.8138153935
F105Y,-12.993922233581543,-0.316856271
F105S,-8.86937141418457,-1.19974535
F105K,-11.45888900756836,-2.7043314135000003
F105A,-8.766328811645508,-2.439062135
F105C,-12.71195125579834,-4.3614815710000014
F105D,-11.766674041748047,-2.9175463615
F105E,-13.769918441772461,-3.5470221005
P106M,-19.079072952270508,-2.209451388
P106Y,-18.333892822265625,-1.6952074915000002
P106T,-16.454072952270508,-1.4909620094999998
P106S,-14.937063217163086,-1.939711614
P106R,-16.49005699157715,-2.2197548345
P106Q,-16.81023406982422,-2.665921119
P106N,-18.00979232788086,-1.258707051
P106V,-21.23912239074707,-1.790136174
P106L,-17.496082305908203,-1.4228866235
P106K,-17.822471618652344,-2.2572387845
P106I,-20.866310119628906,-2.555432997
P106H,-16.355384826660156,-1.181483687
P106G,-11.774538040161133,-2.025479418
P106F,-20.507221221923828,-3.9207189975
P106E,-14.473832130432129,-2.800259622
P106D,-13.842903137207031,-3.207337108
P106C,-17.630847930908203,-1.4791980605
P106A,-14.363213539123535,-2.1792490680000003
P106W,-17.294662475585938,-2.390161486
Y107G,-10.880047798156738,-1.539579239
Y107S,-8.33073616027832,-0.7403436484999999
Y107T,-10.869213104248047,0.187721422
Y107F,-7.663167953491211,-0.6317297270000001
Y107E,-10.244454383850098,-1.3593171544999998
Y107I,-15.848475456237793,-0.191583109
Y107C,-9.714045524597168,-0.449312188
Y107A,-11.38641357421875,-0.149671574
Y107K,-11.64794635772705,-2.063898458
Y107H,-8.331817626953125,-0.0875048144999999
Y107L,-10.44514274597168,0.5335133095
Y107N,-10.331141471862793,-0.1506522555
Y107P,-16.631193161010742,-3.698349687
Y107Q,-10.345550537109375,0.0023756635
Y107R,-10.336431503295898,-1.0873598725
Y107W,-9.921950340270996,0.2874414765
Y107V,-14.939910888671875,0.4937638795
Y107M,-13.016523361206055,0.330262462
Y107D,-10.549025535583496,-1.526862362
I108Y,-16.46245765686035,-0.5900524564999999
I108E,-16.607234954833984,-2.456359271
I108A,-15.181822776794434,-0.108772702
I108C,-18.733549118041992,-2.42108014
I108D,-15.854742050170898,-3.5710738385000003
I108F,-17.49715232849121,-1.668908994
I108G,-18.836559295654297,-2.2072584125
I108H,-18.238439559936523,-1.148588497
I108K,-12.907075881958008,0.208887659
I108L,-10.875913619995117,-0.5445487955
I108N,-15.186291694641113,-0.978166521
I108P,-18.517541885375977,-2.2981174655000003
I108M,-14.359405517578125,-0.6648018825
I108R,-13.670397758483887,-0.7036322315000001
I108S,-17.318397521972656,-1.522060449
I108T,-9.9171781539917,0.023036661
I108V,-8.389437675476074,0.53664462
I108W,-18.148910522460938,-1.7330967555
I108Q,-16.597061157226562,-2.01006512
C109L,-10.373270988464355,-1.920182997
C109G,-15.280211448669434,-2.345974745
C109H,-11.82144832611084,-1.055109758
C109F,-10.87051773071289,-1.555460826
C109E,-12.390970230102539,-2.540108081
C109D,-11.483345031738281,-1.663810816
C109I,-15.273616790771484,-3.462993942
C109K,-15.176066398620605,-2.604546699
C109M,-12.720113754272461,-0.6564307645
C109S,-7.756379127502441,-1.5935007815
C109P,-16.716506958007812,-1.7353454055000002
C109Q,-14.254888534545898,-1.943394408
C109R,-12.099288940429688,-1.725690286
C109A,-9.89822769165039,0.4964178715
C109T,-11.55006217956543,-0.6183013645000001
C109V,-13.851585388183594,-0.140954316
C109W,-14.766435623168945,-1.520015478
C109Y,-11.708343505859375,-0.9061274095
C109N,-10.862173080444336,-2.021666083
Y110V,-13.376763343811035,0.37453769
Y110W,-12.4410400390625,-1.548484065
Y110T,-13.873976707458496,-2.0232074465
Y110Q,-11.63333797454834,-0.873582338
Y110R,-13.390236854553223,-1.496112686
Y110S,-10.696453094482422,-1.116194214
Y110A,-11.310224533081055,0.7772973345
Y110C,-12.336617469787598,-0.667115641
Y110D,-14.77383804321289,-1.3578685325
Y110F,-7.999054908752441,-1.035010216
Y110G,-13.184309959411621,-1.6621030635
Y110H,-10.53087043762207,-0.41133996
Y110E,-11.995672225952148,-1.643006711
Y110K,-11.83009147644043,-2.3922069345
Y110L,-14.399515151977539,0.113622115
Y110M,-13.055120468139648,-0.6928458384999999
Y110N,-12.550145149230957,-1.3546836880000002
Y110P,-13.616923332214355,-1.6403079755
Y110I,-14.02070426940918,-0.08584704
Q111K,-0.8099698424339294,0.1184935775
Q111E,-6.5705156326293945,-0.386707435
Q111D,-10.628231048583984,-2.327912092
Q111F,-14.412590026855469,-1.5263309605000002
Q111G,-11.914637565612793,-1.3611873495
Q111H,-8.412447929382324,-1.4675541025
Q111I,-9.910656929016113,-0.0277852745
Q111L,-9.070982933044434,-0.3123484295
Q111S,-8.028754234313965,-0.131277749
Q111N,-6.568178176879883,-0.268250302
Q111P,-14.272866249084473,-1.521568208
Q111Y,-12.764556884765625,-0.1825734315
Q111W,-14.66197681427002,-2.536581932
Q111V,-10.021306991577148,-0.002363563
Q111T,-8.916330337524414,0.5025310325
Q111R,-3.8410699367523193,0.5217092664999999
Q111C,-12.124619483947754,-0.8321046209999999
Q111M,-8.77326774597168,0.4606627265
Q111A,-9.445868492126465,0.166561467
N112A,-14.135732650756836,-0.986455604
N112W,-17.783048629760742,-1.093260532
N112Y,-11.893800735473633,-1.477345567
N112C,-9.681982040405273,-0.906523131
N112D,-9.548486709594727,-0.6144640055
N112E,-11.16568374633789,-2.8098590505
N112F,-13.164226531982422,-2.4216320015
N112H,-10.041356086730957,-0.0918225895
N112I,-20.65961456298828,-1.398758206
N112K,-10.524923324584961,-0.3306329525
N112G,-14.65085506439209,-1.922478101
N112M,-14.926532745361328,-3.98125688
N112P,-17.320083618164062,-3.586540373
N112Q,-11.498359680175781,-1.235682904
N112R,-13.550243377685547,0.052891809
N112S,-10.41845703125,-0.8226265965
N112T,-11.590734481811523,-1.2078873490000002
N112V,-19.00143051147461,-1.5356538785
N112L,-14.948334693908691,-2.392394551
G113L,-14.567896842956543,-2.147991555
G113D,-13.792901039123535,-2.5745586105
G113E,-14.164505004882812,-0.043571159
G113F,-20.592491149902344,-3.0123640985000004
G113H,-17.15162467956543,-0.546966768
G113I,-18.599870681762695,-2.11012724
G113K,-13.93459701538086,-2.381153491
G113M,-15.49452018737793,-1.637488997
G113Y,-19.461606979370117,-1.2244616615
G113P,-14.766927719116211,-2.1503876205
G113Q,-15.489739418029785,-0.9803315415
G113R,-12.837627410888672,-1.22746781
G113S,-15.260093688964844,-1.942285941
G113T,-15.700957298278809,-1.519339622
G113V,-19.744892120361328,-1.6901931905
G113W,-17.5557804107666,-3.0733732995
G113C,-16.073963165283203,-1.6410938085
G113N,-15.005962371826172,-1.077315931
G113A,-13.721029281616211,-0.4872098025
G114Y,-19.122394561767578,-1.7660749365
G114C,-13.984935760498047,-2.0608507135
G114A,-11.282272338867188,-1.592877577
G114W,-17.744335174560547,-2.425243365
G114V,-18.908973693847656,-1.9373240035
G114T,-13.188037872314453,-0.9673964155
G114S,-11.188868522644043,-1.2172255975
G114Q,-13.652586936950684,-1.840775778
G114P,-15.101884841918945,-1.208512778
G114N,-12.769792556762695,-1.582531076
G114R,-10.781255722045898,-1.0581323905
G114L,-14.490877151489258,-2.0030770075
G114K,-13.261850357055664,-2.649062996
G114I,-19.547489166259766,-2.0867042795
G114H,-14.556533813476562,-2.3795302385
G114F,-18.862728118896484,-1.2055135355
G114E,-14.215320587158203,-1.304211559
G114D,-14.21609878540039,-1.7857771180000002
G114M,-16.233217239379883,-3.3227871105
G115N,-17.11396026611328,-1.348322292
G115T,-17.633203506469727,-1.7799308230000002
G115V,-18.644580841064453,-1.62391742
G115W,-17.12538719177246,-2.3288840185
G115Y,-18.799285888671875,-3.3491505815
G115Q,-16.644973754882812,-1.953635308
G115P,-17.516521453857422,-3.0224879605
G115M,-16.24053192138672,-1.8007230985
G115A,-11.856056213378906,0.2192690305
G115K,-15.989282608032227,-3.596316772
G115I,-19.887676239013672,-1.2590956855
G115H,-17.35352325439453,-4.5
G115F,-19.0926570892334,-2.021516408
G115E,-15.597570419311523,-2.9428954445
G115D,-15.390106201171875,-0.735995972
G115C,-16.26258659362793,-1.415330977
G115R,-14.307826042175293,-1.5341278
G115L,-15.76613998413086,-2.3887097875
G115S,-14.31221866607666,-1.364971137
A116C,-13.559717178344727,-1.0019011795
A116D,-12.063953399658203,0.8086422365000001
A116F,-17.229764938354492,-2.2944569665
A116G,-11.989633560180664,-0.250685966
A116H,-14.834634780883789,-3.8072952285
A116I,-17.32845115661621,-1.135709083
A116K,-18.167877197265625,-1.9756279865
A116L,-16.362857818603516,-1.9973871385
A116E,-13.992618560791016,-2.2578775330000003
A116M,-15.952820777893066,-1.304432235
A116P,-12.581472396850586,-1.769033156
A116Q,-13.863391876220703,-0.8970970275
A116R,-18.251258850097656,-2.7275149685000004
A116S,-9.102123260498047,-0.2214842455
A116T,-13.937409400939941,0.278825105
A116V,-13.922021865844727,-1.093493232
A116N,-14.47591495513916,-2.374659128
A116W,-20.8199405670166,-2.142276549
A116Y,-16.425683975219727,-1.90485523
F117I,-16.35621452331543,-0.7675757059999999
F117N,-16.4766788482666,-1.4536353085
F117P,-21.089717864990234,-1.4213664175
F117Q,-17.151273727416992,-1.779253168
F117R,-15.967838287353516,-2.357412135
F117S,-14.479059219360352,-0.7688473645
F117T,-15.725531578063965,-1.1572866065
F117K,-16.879674911499023,-2.700038487
F117V,-17.2390193939209,-1.802887416
F117C,-14.312763214111328,-1.679386975
F117D,-17.404987335205078,-2.256462344
F117E,-14.894031524658203,-1.845754039
F117G,-18.780149459838867,-2.7454968595
F117W,-11.260965347290039,-1.395927784
F117Y,-9.761817932128906,-0.6940491355
F117A,-15.909854888916016,-2.994178851
F117H,-15.61439037322998,-1.921801496
F117L,-13.412988662719727,-0.8872334040000001
F117M,-13.81003189086914,-2.2753985045
L118E,-13.671427726745605,-2.1850276845
L118A,-11.971339225769043,-2.046293828
L118C,-12.997859001159668,-2.4287110335
L118R,-12.695489883422852,-1.9980167575
L118S,-14.356046676635742,-1.5883345169999998
L118T,-12.84659481048584,-2.493664017
L118V,-9.970574378967285,-1.6190504145
L118W,-8.767135620117188,-0.5970356715
L118Y,-8.717698097229004,-1.4335642025
L118D,-14.487342834472656,-1.4344145940000002
L118Q,-13.350337028503418,-2.708641853
L118P,-15.491957664489746,-1.628557456
L118N,-14.129179954528809,-3.02729235
L118M,-7.287113189697266,-0.9071057275
L118K,-14.158226013183594,-2.40618237
L118I,-7.186352252960205,-1.104077888
L118H,-12.241463661193848,-1.4674717425
L118G,-14.269052505493164,-2.163288109
L118F,-3.9467310905456543,-1.727735325
L119P,-15.24222183227539,-0.7609374125
L119Q,-11.910764694213867,-1.423540135
L119V,-1.9174634218215942,0.323754088
L119S,-12.130465507507324,-2.3163082805
L119T,-8.744987487792969,-2.3144843345
L119W,-11.052776336669922,0.2891667445
L119A,-8.504767417907715,-0.5915854765
L119Y,-10.164472579956055,-0.0894234744999999
L119K,-10.84795093536377,-3.7836261215
L119I,0.6379499435424805,0.2866154955
L119H,-11.571794509887695,-5.157243693
L119G,-12.046671867370605,-1.3949572605
L119F,-5.551318168640137,-0.5410335295
L119E,-11.526155471801758,-3.000698618
L119D,-13.901077270507812,-1.2343362505
L119C,-11.183032989501953,-1.7250773315
L119R,-11.607114791870117,-2.946716926
L119N,-12.496831893920898,-2.9550231705
L119M,-7.782088756561279,-0.616676143
P120Q,-18.556011199951172,-3.499476591
P120A,-14.171272277832031,0.7202407365000001
P120C,-19.299348831176758,0.271025814
P120D,-18.145902633666992,-3.5096621555
P120E,-17.916889190673828,-2.533400223
P120F,-19.942232131958008,-3.5329663025
P120G,-17.115394592285156,-0.917581532
P120H,-18.77340316772461,-1.8950315015
P120I,-17.04666519165039,0.4666329605
P120K,-20.960187911987305,-1.7072470435
P120L,-16.28962516784668,-0.7492688605
P120M,-17.737686157226562,-1.3897711565000002
P120N,-19.340389251708984,-2.4583932055
P120R,-21.18368148803711,-1.6174863080000002
P120S,-17.547218322753906,-0.473410691
P120T,-18.29442024230957,-0.2065536795
P120V,-17.725482940673828,0.4286080265
P120W,-19.232484817504883,-1.7135564265
P120Y,-20.09881591796875,-2.166901877
Y121W,-12.290483474731445,0.8552766034999999
Y121V,-16.596160888671875,-2.2759891315000003
Y121T,-16.225833892822266,-2.390185174
Y121S,-13.868734359741211,-0.7730273304999999
Y121C,-14.044501304626465,-1.652674749
Y121Q,-14.125961303710938,-2.330366265
Y121E,-12.207073211669922,-3.708189526
Y121F,-7.161322593688965,0.087885536
Y121G,-16.675472259521484,-1.9884554945
Y121H,-13.85312271118164,-0.6687849889999999
Y121I,-17.339250564575195,-3.2925803595
Y121A,-13.491275787353516,-2.970625873
Y121K,-14.45809555053711,-1.2709940445
Y121L,-14.38617992401123,-1.880558927
Y121M,-15.286884307861328,-2.6400675445
Y121N,-13.959297180175781,-1.450251144
Y121P,-17.670677185058594,-3.0269278555000003
Y121R,-16.25979995727539,-2.1740370105
Y121D,-13.70516300201416,-2.3263942255
T122Q,-9.896306991577148,-1.407811201
T122R,-9.070039749145508,-1.8003157805
T122A,-4.372340679168701,0.2954396875
T122W,-7.834025859832764,0.897602382
T122V,-3.6020216941833496,0.813890751
T122S,-3.627350330352783,-0.3082251935
T122Y,-8.454261779785156,-0.6112213225
T122P,-9.202452659606934,-4.7813563675
T122N,-7.126129150390625,-3.2202805285
T122M,-6.359050750732422,0.2467253625
T122K,-8.992202758789062,-1.516173517
T122I,-2.800149440765381,0.2435041615
T122H,-9.855841636657715,-1.6022603685
T122G,-5.442074775695801,0.4945201935
T122F,-2.9218955039978027,0.216676611
T122E,-7.827012538909912,-2.8628108845
T122D,-7.643988609313965,-1.141318119
T122L,-4.165714263916016,0.26447057
T122C,-5.751685619354248,-0.1184711075
I123T,-7.862863540649414,-0.206204544
I123S,-9.196776390075684,-1.939762813
I123L,-4.6859450340271,-1.868823404
I123W,-11.893167495727539,-1.5523128415
I123Y,-11.58322811126709,-5.331335904
I123M,-8.481109619140625,-1.0468373745
I123V,-5.179168224334717,0.597509755
I123R,-11.975698471069336,-1.6787604115
I123E,-11.083606719970703,-3.10452667
I123N,-11.415209770202637,-1.2209507205
I123P,-13.150541305541992,-2.6580421795
I123K,-10.74553394317627,-2.123094714
I123A,-7.626468658447266,-0.193254901
I123C,-9.99152946472168,0.422243611
I123H,-12.862691879272461,-1.558699701
I123G,-12.47101879119873,-2.294968045
I123Q,-11.883143424987793,-1.311691317
I123D,-11.685277938842773,-1.801203479
I123F,-6.056210517883301,-1.4830791995
M124Q,-11.549684524536133,-4.5440729585
M124P,-16.64667320251465,-1.049479037
M124N,-11.886198043823242,-4.781454333
M124L,-9.631867408752441,0.089764182
M124K,-10.217924118041992,-0.582978986
M124I,-10.299978256225586,-1.024639359
M124E,-12.7277250289917,-1.9426321045
M124G,-12.406278610229492,-1.3755902295
M124F,-7.696639537811279,0.3356077945000001
M124R,-12.895722389221191,-1.107880453
M124D,-12.709547996520996,-2.704299742
M124C,-9.181303977966309,0.7232700375
M124A,-9.495936393737793,0.2890311255
M124H,-14.612127304077148,-1.788735176
M124S,-10.075051307678223,-0.143168684
M124W,-16.08425521850586,-1.0505249505
M124V,-10.64024543762207,0.5036820989999999
M124Y,-15.191278457641602,-1.7984877425
M124T,-9.316441535949707,0.1682341975
A125I,-7.763607025146484,0.202065595
A125H,-8.49793815612793,-0.1033906825
A125F,-4.947779655456543,0.8143456309999999
A125W,-8.555212020874023,0.451237205
A125E,-8.293511390686035,-1.945758403
A125D,-9.814376831054688,-1.466248774
A125K,-9.503482818603516,-2.1213279330000003
A125M,-3.6861307621002197,0.665943328
A125N,-7.123096466064453,-1.368001719
A125P,-10.426523208618164,-2.9320519005000003
A125Q,-6.431687355041504,-0.8278863345
A125R,-8.291656494140625,-2.228730725
A125S,-5.065509796142578,-0.880345887
A125T,-6.086603164672852,0.1692335525
A125V,-5.355733871459961,0.2041895425
A125L,1.1884417533874512,0.9379725005
A125C,-6.126359939575195,-0.1558969415
A125G,-7.929839134216309,-0.4888376465
A125Y,-10.273313522338867,0.163272473
I126T,-9.400505065917969,-0.8200714065000001
I126D,-11.320655822753906,-3.9090107745
I126E,-11.412500381469727,-1.998586129
I126F,-6.687784194946289,-0.4650136895000001
I126G,-10.320233345031738,-1.740084155
I126H,-12.199617385864258,-3.2537404455
I126K,-11.748652458190918,-1.702580447
I126L,-4.821624755859375,-0.884936585
I126M,-8.309663772583008,-0.0553845405
I126N,-11.448188781738281,-1.7574765965
I126P,-12.402953147888184,-2.278268841
I126Q,-12.204601287841797,-2.7514417360000003
I126R,-12.24624252319336,-2.723085177
I126S,-10.719669342041016,-1.458880692
I126A,-6.541855812072754,-0.17299396
I126V,-4.494537353515625,-0.012643157
I126W,-11.152973175048828,-1.835431495
I126Y,-11.757772445678711,-2.369926235
I126C,-9.120625495910645,0.155765318
F127K,-7.676001071929932,-1.860465247
F127N,-8.368717193603516,-4.9509095655
F127A,-6.517162322998047,-0.1605853715
F127C,-7.687975883483887,0.360395995
F127D,-7.482673645019531,-2.6096809145
F127E,-6.935347557067871,-2.110563086
F127G,-6.464724540710449,-0.9196276545
F127H,-9.852435111999512,-3.2964376955000003
F127I,-5.807992935180664,0.6160943335
F127P,-12.185430526733398,-1.518576374
F127L,-3.1366119384765625,-0.0061569695
F127Y,-9.425106048583984,-0.809453463
F127W,-7.8211822509765625,-1.369128711
F127M,-8.270566940307617,0.019291877
F127V,-5.16787576675415,1.1101635995
F127T,-5.702560901641846,-0.1587958125
F127S,-5.709788799285889,-0.5838012505
F127R,-8.910642623901367,-2.078786972
F127Q,-9.020584106445312,-1.9041739615
G128L,-16.380104064941406,1.02944994
G128Y,-19.39267349243164,0.4364084245
G128W,-18.314598083496094,-2.12412991
G128V,-20.281158447265625,-2.118928435
G128S,-14.00964641571045,0.5191936979999999
G128R,-15.434100151062012,-1.260411228
G128T,-19.159849166870117,0.4488244945
G128P,-18.164995193481445,-1.86712821
G128A,-13.982034683227539,-1.019000782
G128C,-15.94202709197998,0.134108824
G128D,-15.699525833129883,-2.3151847615
G128Q,-16.677125930786133,0.4677086895000001
G128F,-18.484994888305664,1.2772783725
G128E,-14.779322624206543,-0.3082902685
G128I,-21.312477111816406,0.5348783685
G128K,-16.458654403686523,-3.0193898275
G128M,-16.978017807006836,0.4177857725
G128N,-16.208148956298828,-2.758864459
G128H,-18.94259262084961,0.56471788
G129S,-15.064519882202148,-0.2318445635
G129Y,-20.074851989746094,-2.726908577
G129W,-17.619421005249023,-2.59819484
G129V,-19.510210037231445,-1.7205332375
G129T,-18.425817489624023,-3.4388124315
G129R,-13.413263320922852,-0.157556768
G129F,-19.07493782043457,-5.197206958
G129P,-16.259305953979492,-0.8868970305
G129N,-15.06946849822998,-2.777848384
G129M,-15.35700798034668,-3.709096622
G129L,-15.725274085998535,-2.8149932185
G129K,-14.668432235717773,-2.151285949
G129I,-21.034618377685547,-2.636171189
G129H,-15.619522094726562,-3.386594715
G129E,-13.907585144042969,-1.6669785465
G129D,-12.338735580444336,-0.240352988
G129C,-17.26317596435547,-3.5112604339999995
G129A,-10.965123176574707,0.438797766
G129Q,-15.615984916687012,-0.2492403385
I130F,-9.104194641113281,-0.1173039065
I130D,-15.57633113861084,-3.4914889315
I130C,-14.381306648254395,0.3949207115
I130A,-11.026246070861816,1.059289371
I130E,-12.902316093444824,-0.7790999225
I130T,-11.165964126586914,-0.564605266
I130Y,-12.930574417114258,-3.775563403
I130W,-11.999044418334961,-0.9674911485
I130V,-5.802687168121338,0.2642150545
I130S,-13.900320053100586,-1.358863784
I130R,-11.459371566772461,-3.0861339145
I130P,-15.290816307067871,-0.90609421
I130Q,-12.042041778564453,-1.8493419975
I130M,-6.503423690795898,0.524950896
I130L,-3.4121694564819336,-1.5450950755
I130K,-11.26640510559082,-4.5
I130H,-14.642606735229492,-3.0458475935000004
I130G,-17.146873474121094,-1.925947129
I130N,-14.226512908935547,-0.153660536
P131S,-16.352367401123047,1.417309925
P131Q,-17.474523544311523,-1.3085405515
P131R,-19.042011260986328,-2.1836730280000003
P131T,-18.371715545654297,-0.596451506
P131H,-16.522695541381836,-2.0126273445
P131W,-18.758317947387695,-2.3724485955000003
P131Y,-20.189590454101562,-3.559316481
P131N,-18.272550582885742,-1.975274893
P131V,-20.280956268310547,-2.056045204
P131M,-18.050731658935547,-3.482563774
P131D,-17.634828567504883,-1.1799862
P131K,-20.399198532104492,-0.980990941
P131I,-19.94712257385254,-3.696099018
P131G,-16.488218307495117,-2.023355286
P131F,-19.413223266601562,-2.7186706795
P131E,-18.321609497070312,-2.3555277755
P131C,-17.749290466308594,-3.2840844085
P131A,-14.807906150817871,-1.6411044535
P131L,-17.596755981445312,-0.042614525
L132Y,-15.54319953918457,-1.61787765
L132W,-14.179742813110352,-2.593073505
L132A,-13.320121765136719,-1.2589007775
L132T,-16.34743309020996,-3.060904965
L132M,-8.507478713989258,0.575047126
L132N,-14.418248176574707,-3.5691125255
L132P,-16.709505081176758,-0.68643783
L132Q,-12.357784271240234,-1.6253399185
L132R,-12.187838554382324,-1.83373981
L132K,-13.846994400024414,-2.330366265
L132I,-13.547618865966797,-2.156312088
L132G,-13.803115844726562,-2.5267011085
L132V,-14.421280860900879,-0.1712853295
L132F,-12.852365493774414,-0.8658545925
L132E,-13.88733959197998,-3.3346533535000003
L132D,-15.675686836242676,-1.9315725685
L132C,-12.451824188232422,-0.9396408705
L132H,-14.690064430236816,-0.251886697
L132S,-15.482261657714844,-1.663827029
F133H,-14.964502334594727,-1.9166153715
F133M,-14.120485305786133,0.5817978570000001
F133N,-14.724712371826172,-1.338158091
F133P,-18.968097686767578,-1.8660089745
F133I,-15.81214427947998,1.025612737
F133Q,-15.970552444458008,-0.1624874175
F133R,-15.742730140686035,0.4062527075
F133S,-12.186237335205078,-0.1121100965
F133T,-14.578157424926758,0.039549
F133V,-15.122917175292969,0.8084116965000001
F133W,-11.490775108337402,0.1292421425
F133Y,-10.097728729248047,0.1809435015
F133G,-15.054174423217773,-0.671406849
F133E,-15.66592025756836,-1.841889627
F133K,-13.800521850585938,0.2872047085
F133C,-14.79686164855957,-0.0641751625
F133A,-13.770089149475098,0.29082425
F133L,-9.93170166015625,0.4577699805
F133D,-14.007868766784668,-1.3610379275
Y134D,-13.238442420959473,-1.420123318
Y134C,-10.620549201965332,-0.534441429
Y134A,-12.352404594421387,-1.318740745
Y134G,-15.27897834777832,-1.9661243105
Y134H,-9.901670455932617,0.4033106295
Y134I,-14.424034118652344,-1.6214487045
Y134K,-13.66576099395752,-2.7926712605
Y134M,-13.013575553894043,-1.5292647094999998
Y134N,-11.819696426391602,-0.5128407295
Y134P,-16.859317779541016,-1.102711352
Y134T,-12.779067993164062,-1.8612611905
Y134S,-12.027410507202148,-2.2119958185
Y134R,-14.061683654785156,-2.2206148395
Y134Q,-10.422635078430176,-2.59187787
Y134F,-8.031835556030273,-1.495976248
Y134L,-11.883405685424805,-1.0576754165
Y134E,-10.36196231842041,-2.830752657
Y134W,-11.76575756072998,-0.3424014945
Y134V,-15.210416793823242,-1.4087592955
M135T,-11.35633659362793,-1.1877618685
M135S,-15.095192909240723,-3.006392626
M135R,-12.670095443725586,-1.925618996
M135Q,-11.576276779174805,-1.9792799225
M135P,-18.624267578125,-2.6092079935
M135N,-14.280898094177246,-0.855709666
M135L,-9.616470336914062,-0.9006125155
M135K,-13.046764373779297,-0.8625570534999999
M135I,-13.313297271728516,-1.0685517265
M135G,-14.250024795532227,-2.17203505
M135F,-16.68474769592285,-2.0184295955
M135E,-13.310544967651367,-3.659890594
M135D,-16.816009521484375,-1.318904971
M135C,-13.997586250305176,-1.7850928115
M135A,-13.958463668823242,-2.626234245
M135H,-14.586509704589844,-2.5378379615
M135V,-14.961472511291504,-0.455786483
M135W,-17.00712013244629,-1.924215614
M135Y,-19.3759822845459,-1.94105002
E136R,-11.862870216369629,0.2857439145
E136A,-12.763128280639648,0.6121726135
E136C,-13.882801055908203,-0.0805826915
E136P,-17.698909759521484,-0.59167675
E136N,-10.371437072753906,0.3464784205
E136M,-13.394091606140137,0.4185591465
E136L,-10.901881217956543,-0.718923249
E136K,-11.40649127960205,0.3991048475
E136H,-12.065484046936035,0.488941439
E136G,-15.831612586975098,0.034852205
E136F,-14.35074234008789,0.0864461345
E136D,-8.497563362121582,-0.6649540985
E136I,-12.473143577575684,-0.5493614545000001
E136S,-12.888354301452637,0.547313939
E136T,-13.712921142578125,0.3272150005
E136V,-11.995528221130371,0.020353105
E136W,-12.980278968811035,-0.2354784955
E136Y,-14.292984008789062,0.066208037
E136Q,-8.412052154541016,0.8282044359999999
L137V,-8.647644996643066,0.719306518
L137Y,-12.626060485839844,0.1031992245
L137S,-13.209516525268555,0.447134292
L137R,-12.359588623046875,-0.8917541765000001
L137Q,-11.519801139831543,-0.6837641575
L137P,-14.372398376464844,-0.6312316204999999
L137N,-13.376911163330078,-1.309098967
L137M,-7.989079475402832,0.4266489985
L137W,-12.808950424194336,-1.5862536175
L137K,-12.159327507019043,-1.6078899605
L137H,-13.919792175292969,-1.4289575275
L137G,-14.90571117401123,-2.024873341
L137F,-9.591850280761719,0.0881835725
L137E,-12.37279987335205,-1.7728300695
L137D,-14.274097442626953,-3.056044124
L137C,-12.875274658203125,0.8478192855
L137A,-11.582182884216309,0.5505187795
L137I,-8.72687816619873,0.525768184
L137T,-12.06365966796875,1.1185464405
A138V,-11.991837501525879,0.334644826
A138G,-9.91722297668457,-1.07388457
A138W,-16.19331169128418,-1.796799139
A138Y,-14.643937110900879,-2.099274434
A138R,-14.96011734008789,-1.5788689805
A138I,-12.967758178710938,0.4649441455
A138K,-15.277833938598633,-1.717149515
A138L,-12.32327651977539,0.6531046420000001
A138T,-11.883502006530762,-0.477146809
A138M,-12.403027534484863,-0.187192462
A138N,-13.38221263885498,-2.4035355535
A138P,-15.28561782836914,0.1708351205
A138S,-7.951830863952637,0.282259613
A138C,-11.277667045593262,0.5339959135
A138D,-13.248270988464355,-1.5231826955
A138E,-13.965189933776855,-1.33277261
A138Q,-13.650238990783691,-2.250828288
A138F,-12.85079574584961,-0.1247870325
A138H,-13.885374069213867,-1.58708811
L139H,-15.230234146118164,-2.737396904
L139D,-14.240737915039062,-2.1701088935
L139E,-12.241172790527344,-1.8561242645
L139F,-12.951086044311523,-1.8776936435
L139G,-13.830408096313477,-2.4641643575
L139C,-13.754313468933105,-1.689909434
L139I,-7.300518035888672,0.9161899865
L139K,-12.961828231811523,-2.737440253
L139A,-12.266865730285645,-1.4044283380000002
L139M,-8.043764114379883,0.333476048
L139P,-17.754642486572266,-1.845863846
L139Q,-12.554574012756348,-2.370321615
L139R,-12.25128173828125,-2.8764340375
L139S,-14.293478965759277,-0.283088954
L139T,-13.084966659545898,-3.0188815155
L139V,-9.330217361450195,-0.382566587
L139W,-13.131182670593262,-1.7158946169999998
L139Y,-14.937080383300781,-2.9794907635000003
L139N,-14.389869689941406,-3.1263113085
G140K,-16.19151496887207,0.919376958
G140Y,-21.954669952392578,-0.3388499035
G140A,-14.703474044799805,0.5281794275
G140V,-21.049222946166992,-0.040474832
G140T,-19.104961395263672,-0.60832682
G140I,-21.375499725341797,-0.993404972
G140W,-18.912302017211914,0.0988350465
G140H,-18.985240936279297,-0.666814415
G140Q,-17.498090744018555,-0.9307957545
G140E,-16.2177734375,-3.3775776035
G140D,-16.45474624633789,-0.647060686
G140C,-19.744295120239258,-1.325328305
G140R,-14.213561058044434,-0.3364505315
G140M,-17.350929260253906,-0.705447327
G140N,-18.246192932128906,-2.920558011
G140P,-17.179540634155273,-3.724699799
G140S,-17.067493438720703,-0.128714025
G140F,-22.24183464050293,0.457753794
G140L,-17.056015014648438,0.234509698
Q141P,-12.538023948669434,-3.0732483595
Q141Y,-16.321626663208008,-1.0320729485
Q141W,-16.27206039428711,-2.492434387
Q141V,-12.497565269470215,-2.4938458430000003
Q141T,-12.899454116821289,0.367162126
Q141N,-10.485450744628906,-4.2130392615
Q141S,-9.953550338745117,-0.300782159
Q141R,-12.582813262939453,-0.7685333865
Q141F,-16.233600616455078,-3.5540761795
Q141H,-12.761032104492188,-0.9305132415
Q141G,-10.23934268951416,-3.0172385835
Q141M,-11.207328796386719,-0.183995067
Q141L,-11.254806518554688,-1.159037169
Q141K,-11.616281509399414,-1.363281345
Q141E,-9.034915924072266,-1.907672885
Q141D,-11.314164161682129,-1.9109087315
Q141I,-12.052032470703125,-2.8438953755000003
Q141A,-7.889300346374512,-1.434727586
Q141C,-13.297489166259766,-0.040295512
Y142E,-17.046165466308594,-1.9647257455
Y142Q,-17.691797256469727,-0.9949839895
Y142P,-17.860084533691406,-2.6263019345
Y142N,-15.479728698730469,-0.5092561695000001
Y142G,-18.56281852722168,-2.7081944160000004
Y142H,-13.362648010253906,0.1053030055
Y142I,-15.212106704711914,0.8797334834999999
Y142K,-14.525599479675293,0.633149009
Y142F,-5.717283248901367,-0.0227742465
Y142D,-17.592327117919922,-1.589075505
Y142M,-16.327613830566406,-0.2301471195
Y142A,-15.939946174621582,-0.158990418
Y142L,-14.750308990478516,0.911825312
Y142R,-16.449676513671875,0.5161561665
Y142S,-15.491146087646484,-0.8760123704999999
Y142T,-17.23199462890625,-1.406879744
Y142V,-15.009798049926758,0.0130693515
Y142W,-11.962831497192383,-0.8984411445
Y142C,-12.79931640625,0.527412137
H143T,-12.28824520111084,-1.059635785
H143S,-11.78515625,-2.14745611
H143R,-11.167399406433105,-0.9450048795
H143E,-11.829989433288574,-1.6644977785
H143Y,-7.429626941680908,-0.017388183
H143W,-11.578603744506836,-1.5669502175
H143F,-8.417454719543457,-2.083523024
H143Q,-8.064769744873047,-1.2571921634999998
H143P,-15.601480484008789,-1.48157881
H143N,-8.806098937988281,-1.287611764
H143M,-10.946510314941406,-3.206710638
H143L,-7.5604448318481445,-1.705241822
H143K,-10.890445709228516,-3.0487395580000003
H143I,-12.769073486328125,-2.3405204415000003
H143A,-11.810158729553223,-2.5787896905000003
H143C,-10.51779842376709,-1.7198324395
H143G,-13.876978874206543,-2.0297678215
H143V,-13.561054229736328,-1.6692698715
H143D,-11.816951751708984,-1.425749021
R144Y,-11.372831344604492,-2.782079701
R144H,-10.370718002319336,-1.5193532855
R144M,-11.517833709716797,-0.0500948575
R144T,-11.86082649230957,-0.6754896990000001
R144S,-9.469962120056152,-1.377666026
R144Q,-6.537069320678711,-0.114034678
R144P,-16.985546112060547,-1.39971864
R144N,-9.637350082397461,-0.2876333005
R144L,-10.839395523071289,-1.6173127385
R144K,-8.317119598388672,0.791506048
R144I,-13.51578140258789,-3.4550316885
R144V,-13.328625679016113,-1.8708016245
R144G,-12.56124496459961,-0.022275078
R144W,-12.092042922973633,-0.635885845
R144E,-10.755395889282227,-2.469935995
R144D,-11.865052223205566,-2.6696466665000003
R144C,-11.15567398071289,-0.24261059
R144A,-10.735912322998047,-1.059324999
R144F,-11.662782669067383,-3.418335059
N145H,-3.7112021446228027,-1.47470047
N145I,-8.412540435791016,-0.1991158405
N145K,-2.711585521697998,0.12973686
N145F,-7.3395256996154785,0.6263865435
N145E,-1.358380913734436,0.6797285545
N145D,-4.193170547485352,0.100510319
N145C,-0.8634634017944336,0.9508211435
N145A,-3.933727741241455,0.454191176
N145G,-5.584552764892578,0.203890351
N145Q,-1.343267560005188,0.003850643
N145R,-3.0502662658691406,0.3032674705
N145M,-5.8219194412231445,0.9823579115
N145P,-12.627157211303711,-3.104616237
N145Y,-7.257873058319092,-0.432220077
N145W,-10.58515739440918,-1.547283062
N145V,-9.207170486450195,0.321061752
N145T,-4.5269646644592285,0.221620256
N145S,-0.8035845756530762,0.455632312
N145L,-3.702178478240967,0.377420764
G146A,-14.44395923614502,-0.494498296
G146C,-17.889217376708984,-2.1847129830000003
G146V,-18.89389419555664,-2.3864374965
G146E,-14.497034072875977,-2.749541307
G146T,-18.182186126708984,-0.7777040575
G146S,-16.50260353088379,-0.111646612
G146R,-13.556001663208008,-1.1135848
G146Q,-16.71642303466797,-4.6575236055
G146P,-18.014280319213867,-1.0682859535
G146N,-16.68540382385254,-3.1386960735
G146M,-17.067838668823242,-3.646755906
G146L,-14.901240348815918,-2.3306874125
G146K,-14.98018741607666,-3.1029109235
G146I,-19.624818801879883,-1.9242477765
G146H,-19.80586051940918,-3.3475806995
G146F,-20.52406883239746,-1.942771744
G146W,-17.922969818115234,-1.7553152655000002
G146Y,-20.989727020263672,-2.616546589
G146D,-16.91891098022461,-0.483204045
C147G,-10.771598815917969,-0.177171766
C147N,-10.338593482971191,-3.3918621795
C147P,-10.472945213317871,0.2155785425
C147R,-12.180655479431152,-0.8953315295000001
C147S,-4.944185256958008,-0.5942494025
C147T,-12.795300483703613,-3.4183270685000005
C147V,-14.474222183227539,0.210043857
C147W,-16.238554000854492,-0.515960595
C147Y,-11.967830657958984,0.2409689265
C147M,-13.27066707611084,-0.422669675
C147L,-13.429931640625,-0.5858418955
C147K,-13.519586563110352,-1.2080220375
C147A,-3.551283836364746,0.4922640355
C147D,-10.420685768127441,-2.0202401035
C147E,-12.514806747436523,-1.678567885
C147I,-15.797985076904297,-0.046368653
C147H,-10.267857551574707,-1.1641102555
C147F,-13.343267440795898,-0.350249927
C147Q,-12.050188064575195,-2.796490482
I148R,-14.777567863464355,-2.0263112845
I148C,-16.609601974487305,-2.199446847
I148D,-17.154705047607422,-6.287202135
I148E,-17.06674575805664,-1.990947339
I148F,-17.0252742767334,-0.0505863645
I148G,-17.890151977539062,-1.82436037
I148H,-17.284025192260742,-3.139393726
I148K,-13.705777168273926,-1.697452796
I148Y,-17.74565887451172,-1.3791915665
I148L,-10.966628074645996,0.4017154675
I148W,-19.011734008789062,-1.352242563
I148V,-7.719191551208496,0.2512769705
I148T,-13.324812889099121,-0.7778238934999999
I148S,-16.671672821044922,-1.956343265
I148M,-13.022582054138184,-2.956591506
I148Q,-15.274293899536133,-3.3207218385000004
I148A,-13.729476928710938,-2.240341852
I148P,-18.083765029907227,-1.5198568965
I148N,-14.464940071105957,-0.62449182
S149I,-7.073736190795898,-2.4369697535
S149A,-7.063551902770996,1.1244336695
S149C,-11.861842155456543,-1.5568447715
S149D,-9.106596946716309,-0.9118319085
S149E,-9.259567260742188,-1.3029683165
S149F,-9.616671562194824,-0.8576392509999999
S149Y,-11.026605606079102,-0.5859795925
S149W,-13.71314525604248,-2.208194416
S149K,-8.792579650878906,0.945390049
S149V,-8.908015251159668,-0.842453069
S149R,-9.89567756652832,0.415102234
S149Q,-9.046632766723633,0.135366722
S149P,-11.820420265197754,-0.940056606
S149N,-7.891209602355957,0.3265362095
S149M,-6.723261833190918,-1.321659039
S149L,-8.267662048339844,-2.082391548
S149G,-8.968683242797852,0.4288427285
S149T,-3.859891891479492,0.502980433
S149H,-10.74533748626709,-0.4974882945
I150W,-15.473169326782227,-1.859111007
I150S,-11.029218673706055,-1.852687078
I150V,-4.610549449920654,0.64611481
I150T,-9.672470092773438,-1.189443681
I150Y,-14.018400192260742,-3.115414833
I150R,-13.417669296264648,-0.2612595305
I150Q,-13.633939743041992,-2.6058797015
I150P,-15.618022918701172,-2.867696811
I150M,-10.536539077758789,0.539189171
I150L,-9.155876159667969,0.472185224
I150N,-12.770730972290039,-1.1387719325
I150K,-13.141324043273926,-2.807698481
I150H,-14.149873733520508,-1.0455302145
I150G,-15.465644836425781,-1.947719494
I150F,-15.20135498046875,-1.2865519175
I150E,-13.924507141113281,-0.6441168685
I150D,-12.936062812805176,-2.052157732
I150C,-11.205141067504883,0.0877829225
I150A,-9.294636726379395,-1.6249137219999998
W151K,-14.492167472839355,-2.032378495
W151I,-20.30885124206543,-1.86105395
W151N,-13.970593452453613,-2.9230264175
W151P,-19.056713104248047,-2.3091601785
W151Q,-12.831023216247559,-3.599380929
W151V,-20.992462158203125,-2.455875676
W151S,-12.781068801879883,-1.60603726
W151T,-15.44772720336914,-3.214107134
W151G,-13.905290603637695,-1.50201301
W151Y,-11.47366714477539,-3.7738021055
W151H,-12.140849113464355,-4.757952116499999
W151R,-12.34902286529541,-0.9518388655
W151F,-11.190181732177734,-1.0750957895
W151M,-11.957149505615234,-0.5023073775
W151L,-14.341499328613281,-1.357073557
W151E,-12.799250602722168,-3.547734653
W151D,-15.600475311279297,-1.585203577
W151C,-14.67593765258789,-1.2068640925
W151A,-15.414681434631348,-1.681280483
R152Y,-10.649727821350098,-1.9000721205
R152W,-9.972681045532227,-2.515099884
R152V,-10.778885841369629,-0.049811221
R152S,-8.119483947753906,0.227274082
R152Q,-8.801079750061035,1.334952242
R152P,-14.160109519958496,0.3507614455
R152N,-8.307348251342773,0.0214686995
R152T,-10.069662094116211,0.8560467355
R152L,-10.611166000366211,-0.08706077
R152K,-5.26772928237915,-1.17271043
R152I,-11.257014274597168,-1.467264241
R152H,-9.117918968200684,-0.1886854975
R152G,-7.374159812927246,0.5714077445
R152F,-11.86155891418457,-2.20795006
R152E,-9.665229797363281,0.646397507
R152D,-10.786835670471191,0.352041944
R152C,-12.21566390991211,-0.6256405970000001
R152M,-10.649444580078125,0.3870354125
R152A,-8.918702125549316,0.363758804
K153T,-6.229562759399414,0.1488958285
K153V,-11.429237365722656,-2.3218176495
K153H,-3.9525396823883057,-0.6196089604999999
K153A,-6.192114353179932,-1.395816371
K153F,-8.007999420166016,-1.7202672695
K153E,-7.965024948120117,0.1518514705
K153G,-9.623976707458496,0.592326362
K153S,-4.939269542694092,0.323989551
K153P,-14.324091911315918,-2.486443784
K153Q,-5.014737129211426,0.8670194795
K153C,-10.409292221069336,-0.1775416705
K153N,-4.460960865020752,-0.727229582
K153M,-8.954780578613281,-1.0118102965
K153L,-8.624040603637695,-1.0095369440000002
K153I,-11.04079818725586,-4.2702118855
K153Y,-6.415729522705078,-0.95093279
K153W,-11.498117446899414,-1.9805395635
K153R,-2.3262619972229004,0.272171453
K153D,-7.898789405822754,-1.917981578
I154A,-12.417972564697266,-1.974454317
I154Y,-12.895191192626953,-1.5372886565
I154E,-13.095331192016602,-2.921288607
I154D,-14.43370532989502,-1.4791978875
I154W,-14.041519165039062,-1.15693451
I154V,-5.952878475189209,0.690969908
I154T,-11.757195472717285,-0.4055475885
I154S,-14.815389633178711,-1.0532148355
I154R,-13.251260757446289,-1.126960399
I154Q,-13.379631042480469,-3.6072201205
I154C,-14.35498046875,-1.8628194025
I154P,-16.6751766204834,-2.1911452685
I154M,-10.019330978393555,-0.1500367635
I154L,-6.116545677185059,-0.045148249
I154K,-13.263029098510742,-1.246722645
I154H,-14.732526779174805,-1.6451846185
I154G,-14.25668716430664,-2.3470072455
I154F,-11.38491439819336,-3.1335198005
I154N,-13.746526718139648,-1.7913028235
C155W,-18.64154624938965,-0.903262769
C155Y,-14.855817794799805,-0.3968782865
C155V,-8.723997116088867,-1.008806629
C155H,-14.202157974243164,-1.270586499
C155S,-6.7821431159973145,-0.0022911155
C155T,-9.565999031066895,-2.6466323005000003
C155A,-8.447473526000977,-0.6232297689999999
C155D,-13.095483779907227,-3.8139433065
C155F,-16.354358673095703,-2.0139231315
C155G,-15.476152420043945,-1.4332208465
C155I,-12.746319770812988,-1.2952178735
C155E,-12.149859428405762,-3.1143618245
C155L,-14.826871871948242,-1.680309991
C155M,-15.35064697265625,-3.8161327545
C155N,-12.591459274291992,-3.205715874
C155P,-19.411174774169922,-1.966724788
C155Q,-13.489562034606934,-1.203582603
C155R,-11.535104751586914,-0.859804737
C155K,-14.590408325195312,-1.8292428445
P156H,-15.548375129699707,-1.299021999
P156A,-14.074007034301758,-1.3534408615
P156C,-15.977723121643066,-3.7838432225
P156D,-16.931758880615234,-2.930639531
P156E,-16.02768898010254,-1.7463281725
P156F,-17.63076400756836,-3.5707543595
P156G,-15.311934471130371,-2.3429201845
P156I,-13.123178482055664,-1.770191075
P156S,-14.109375,-0.7424751490000001
P156L,-13.297842979431152,-0.994151137
P156M,-15.676419258117676,-2.8552037085000004
P156N,-16.288307189941406,-4.87121942
P156Q,-15.116865158081055,-2.0783825275
P156R,-12.227352142333984,-1.749084854
P156T,-12.735937118530273,-1.62136419
P156W,-15.494253158569336,-1.7233765125
P156K,-13.712748527526855,-1.556170413
P156Y,-16.464231491088867,-4.2423266495
P156V,-14.262694358825684,-2.052097233
I157Y,-10.261893272399902,-4.0813626025
I157M,-3.9342496395111084,0.197761086
I157N,-10.910694122314453,-0.2755616085
I157P,-15.244776725769043,-3.050074249
I157Q,-8.977022171020508,-3.0969880695
I157R,-9.756275177001953,-1.8386961805
I157S,-8.652271270751953,-1.167975183
I157K,-9.949014663696289,-2.6046162375
I157H,-11.020753860473633,-3.1852942715
I157L,-0.7658014893531799,1.1512991265
I157F,-8.1275634765625,-0.6533271605
I157E,-9.113113403320312,-4.0152387030000005
I157D,-10.67529296875,-3.7353464175
I157C,-11.43336009979248,0.310320949
I157A,-4.888860702514648,0.962325516
I157T,-8.965033531188965,-0.2329046635
I157V,-5.994379997253418,0.461014515
I157W,-8.693512916564941,-0.2197266195
I157G,-10.082686424255371,0.1455030655
F158Q,-13.185674667358398,-2.1133234565
F158V,-13.231797218322754,0.783770524
F158T,-12.915733337402344,-1.1698942615
F158S,-10.587963104248047,-0.7558110055
F158R,-14.257294654846191,-1.5701860305000002
F158P,-14.995528221130371,-2.666807037
F158L,-8.577520370483398,1.205955637
F158M,-9.914385795593262,0.309126072
F158Y,-9.314308166503906,0.2752213875
F158W,-9.066492080688477,-0.686772484
F158N,-11.921480178833008,-3.4938729615
F158C,-11.489439010620117,2.2021429575
F158D,-12.096443176269531,-2.3034869695
F158A,-10.280868530273438,-0.0318101465
F158G,-11.461137771606445,-0.5793571510000001
F158H,-12.585759162902832,-1.5406595769999998
F158I,-12.770938873291016,1.0743694605
F158K,-12.56503677368164,-2.959681919
F158E,-12.594611167907715,-2.624363524
K159C,-9.904205322265625,0.2853245195
K159A,-4.5380449295043945,0.045445456
K159L,-9.502693176269531,-0.4126959875
K159D,-9.460391998291016,-2.379808799
K159E,-4.31998872756958,0.357461615
K159F,-13.123695373535156,-2.461332306
K159G,-6.599251747131348,0.676903294
K159H,-11.260687828063965,-0.8995844615
K159I,-10.007584571838379,-1.3700469065
K159M,-8.314821243286133,0.495127837
K159T,-5.6668620109558105,-1.0940621145
K159P,-10.98967170715332,-0.917217894
K159Q,-6.030200004577637,0.077754774
K159R,-6.196916103363037,-0.632558465
K159S,-5.170998573303223,0.1750908985
K159V,-9.040416717529297,0.1521895469999999
K159W,-12.96346664428711,-2.2059174425
K159Y,-11.941559791564941,-1.450956158
K159N,-8.937936782836914,0.755054883
G160R,-13.82886791229248,-0.5234208539999999
G160Q,-16.917484283447266,-1.4255954435
G160P,-13.457535743713379,-2.192249022
G160N,-15.647833824157715,-3.503058555
G160M,-16.360700607299805,-0.7458256175
G160C,-16.79515838623047,-2.2327904785
G160K,-15.662313461303711,-1.5848489165
G160A,-13.430119514465332,-1.398971066
G160S,-15.601585388183594,-2.2002733825
G160D,-16.36573028564453,-3.2868242315
G160E,-15.610260009765625,-0.209520262
G160F,-21.097755432128906,-1.8661002085
G160L,-15.711992263793945,-1.340628247
G160T,-16.048171997070312,-2.8846797475
G160I,-20.081283569335938,-1.5700580119999998
G160W,-18.249906539916992,-1.5968550355000002
G160Y,-21.241241455078125,-0.5299552479999999
G160H,-18.33357048034668,-2.626714614
G160V,-17.87946319580078,-0.2884489725
I161N,-16.256547927856445,0.2570783965
I161M,-13.415520668029785,0.2048336705
I161C,-17.27020263671875,1.166278422
I161L,-10.256464004516602,1.328648229
I161K,-14.123713493347168,-2.428503599
I161H,-20.383419036865234,-0.3626514555
I161D,-18.559326171875,-1.5438652345
I161E,-17.020713806152344,-1.937506686
I161F,-19.094911575317383,0.574474416
I161G,-19.72633934020996,-0.559936055
I161P,-18.940723419189453,-3.7178837325
I161T,-13.41466999053955,0.6573098225
I161S,-18.7556095123291,1.371652774
I161R,-16.305461883544922,-1.731082836
I161Q,-17.326183319091797,-0.1647832015
I161W,-19.962228775024414,-1.925142836
I161A,-15.752603530883789,0.49045329
I161Y,-19.88448143005371,-1.243575424
I161V,-6.973090171813965,0.3017750065
G162N,-17.423274993896484,-4.139106396
G162M,-17.043163299560547,-1.9191452095
G162P,-16.579607009887695,-2.1078590165
G162Q,-16.397083282470703,-2.887030209
G162T,-19.0426082611084,-3.409756638
G162S,-16.95972442626953,-1.694229706
G162L,-15.58973503112793,-4.9609967955
G162V,-20.058069229125977,-0.7454082425
G162R,-13.203895568847656,1.593789603
G162K,-15.141870498657227,-3.6938053655
G162E,-15.208944320678711,-0.149779155
G162H,-18.8134708404541,-1.9338055015
G162F,-21.706193923950195,-2.6500874455
G162W,-19.268203735351562,-1.0028519315
G162D,-16.521345138549805,-2.255953282
G162C,-18.599451065063477,-2.274256733
G162A,-14.747560501098633,-1.180417623
G162I,-20.141971588134766,-3.4828504925
G162Y,-21.860776901245117,-4.116150736
Y163R,-10.789701461791992,-2.7547691755000003
Y163T,-10.095483779907227,-3.9974026255
Y163V,-6.83833122253418,-1.3929144555
Y163W,-8.204262733459473,0.339954803
Y163C,-9.417984008789062,0.0870529205
Y163D,-12.077842712402344,-1.720494944
Y163P,-10.906017303466797,-2.5485751735
Y163N,-10.977945327758789,-1.2082995195
Y163M,-7.354225158691406,-1.4489595825
Y163L,-4.338804244995117,-1.3168478495
Y163K,-10.339943885803223,-3.9509246055
Y163I,-5.729587554931641,-1.1830143725
Y163H,-7.885700225830078,-0.780969218
Y163G,-11.275620460510254,-0.906871103
Y163A,-9.224743843078613,-3.5404218675
Y163Q,-9.967323303222656,-3.4447414065
Y163S,-10.039522171020508,-1.3402085655
Y163E,-10.84570026397705,-2.9118370885000004
Y163F,-4.819855690002441,-0.0716377555
A164E,-11.595483779907227,0.085692723
A164F,-18.875518798828125,-3.7365429885
A164G,-11.049683570861816,0.4514904225
A164H,-15.334707260131836,-2.7075781365
A164I,-16.974424362182617,-1.8054743725
A164K,-14.941567420959473,-3.2350540525
A164L,-16.875768661499023,-1.889935885
A164M,-14.576141357421875,0.1193985175
A164N,-13.041226387023926,0.440557847
A164P,-12.605667114257812,-0.821317726
A164Q,-12.49543285369873,0.3438296375
A164R,-13.768110275268555,-2.273201923
A164S,-6.304230690002441,-0.1687098645
A164T,-9.394275665283203,-0.0721757125
A164V,-13.361452102661133,-0.2606136805
A164D,-12.240789413452148,-2.921730764
A164C,-11.604917526245117,-0.573527108
A164W,-18.815208435058594,-2.3196022745
A164Y,-18.30001449584961,-2.028295016
I165H,-11.268903732299805,0.556459105
I165G,-13.205612182617188,0.7985786134999999
I165F,-10.070944786071777,0.41819177
I165E,-11.204148292541504,0.5348922275
I165D,-11.809382438659668,0.528642797
I165C,-9.817551612854004,0.37206481
I165A,-9.194295883178711,0.610620438
I165L,-8.031055450439453,0.8468696255
I165Y,-9.745067596435547,0.940110036
I165P,-15.740274429321289,-2.255949977
I165Q,-9.432562828063965,0.044834906
I165R,-8.330092430114746,0.974139091
I165S,-6.936932563781738,0.95145002
I165T,-7.3321404457092285,0.970272202
I165V,-5.6946234703063965,0.9209000665
I165W,-12.090829849243164,1.053843777
I165N,-8.974091529846191,1.3734141640000002
I165M,-7.372303009033203,1.7235031845
I165K,-6.989435195922852,0.7788622605
C166I,-8.772762298583984,1.005470626
C166Y,-15.501588821411133,0.158173652
C166W,-17.599512100219727,-1.7048162215
C166V,-9.88280963897705,0.459592116
C166T,-10.577301025390625,-0.1919164805
C166S,-8.748102188110352,0.0766368784999999
C166K,-10.769230842590332,-3.214838535
C166Q,-10.58582592010498,-2.5321285595
C166P,-14.497777938842773,-0.868650307
C166N,-8.85681438446045,-4.2388159165
C166R,-11.354671478271484,-1.137896052
C166L,-10.92991828918457,0.2745902985
C166A,-5.673402309417725,-0.914764621
C166D,-12.196945190429688,-3.409136181
C166E,-11.66124153137207,-2.471436295
C166F,-14.131309509277344,0.435119196
C166G,-11.427966117858887,0.0334329695
C166H,-13.92074203491211,-0.917826627
C166M,-8.706064224243164,-0.2122587405
I167A,-7.501347541809082,0.9730284225
I167C,-10.78559684753418,0.4835096375
I167D,-9.623359680175781,-2.283663612
I167E,-7.009667873382568,-2.754935402
I167F,-6.949390411376953,1.103472173
I167G,-10.006824493408203,0.0716448935
I167H,-8.792888641357422,-3.7136349185
I167L,-3.686781406402588,1.1097942205
I167K,-7.845780372619629,-0.363150168
I167Y,-8.78164291381836,-3.2310979695
I167M,-6.017096519470215,1.227522656
I167P,-9.96430778503418,-3.085722118
I167Q,-6.656710147857666,-3.1239933525
I167R,-8.210113525390625,-0.027778875
I167N,-8.525856018066406,-1.8212271215
I167T,-8.138498306274414,0.992004148
I167V,-4.634654998779297,0.753212395
I167W,-9.507633209228516,0.470930776
I167S,-9.335859298706055,-0.917557032
I168W,-16.980438232421875,-0.130545969
I168N,-13.844513893127441,1.0894267865
I168V,-7.102248191833496,0.1525873985
I168T,-12.768746376037598,1.0476839485
I168S,-16.27151870727539,3.0171156645
I168R,-16.294063568115234,1.0587747159999998
I168Q,-14.460148811340332,1.472111907
I168P,-19.327905654907227,-4.4985514375
I168M,-12.495920181274414,1.6867516845
I168F,-15.280614852905273,-0.781145402
I168K,-14.304641723632812,1.9584863435
I168H,-17.160709381103516,0.891739388
I168G,-17.97501564025879,0.911141175
I168E,-15.108108520507812,0.701651348
I168D,-15.60873031616211,1.5344962265
I168C,-16.31975555419922,0.6781984959999999
I168A,-13.727168083190918,0.798617048
I168L,-10.173379898071289,-0.2996725925
I168Y,-16.672500610351562,1.434555456
A169Y,-10.0508394241333,0.92435241
A169W,-12.322128295898438,1.1496165205
A169G,-8.277374267578125,0.618313526
A169P,-13.523614883422852,-1.026326873
A169S,-5.785575866699219,-1.1352695955
A169R,-13.162012100219727,1.1349865775
A169Q,-9.085827827453613,1.441571191
A169N,-8.278387069702148,1.0295060965
A169M,-9.545701026916504,0.5237595995000001
A169L,-11.031387329101562,0.969162626
A169K,-12.097513198852539,2.0061966705
A169I,-11.937509536743164,0.115746902
A169T,-6.596179485321045,0.843208541
A169H,-8.5369291305542,1.0370915955
A169E,-7.928708553314209,0.7269443405
A169D,-7.240431785583496,0.2848540605
A169C,-7.591421127319336,0.6546573139999999
A169F,-9.24998950958252,-0.185942448
A169V,-11.06794261932373,0.5218699725
F170R,-9.62650203704834,-1.1845159475
F170Y,-7.415189743041992,-0.5874189595
F170A,-6.1536784172058105,-0.668650605
F170W,-8.745031356811523,1.102928251
F170V,-7.555126667022705,0.4662461325
F170T,-5.642180442810059,0.008516314
F170C,-8.530052185058594,1.9032329975
F170S,-4.864532470703125,-0.8256691395
F170D,-8.159687995910645,-1.232352372
F170E,-8.475107192993164,-1.880881301
F170G,-5.985020637512207,-0.892629991
F170H,-9.356969833374023,-0.7900545395
F170I,-5.73765754699707,0.2336080785
F170K,-8.611230850219727,-1.3991963375
F170L,-2.4133853912353516,0.857384942
F170M,-5.729518890380859,0.869063845
F170N,-7.293021202087402,-2.0351930955
F170P,-11.398995399475098,-1.4787527165
F170Q,-8.423873901367188,-1.1869937940000002
Y171H,-8.588640213012695,0.101907667
Y171I,-6.6794915199279785,0.3015253735
Y171K,-10.625870704650879,-1.5163917305
Y171N,-8.960380554199219,-0.510574289
Y171M,-10.027742385864258,0.775780547
Y171G,-11.845640182495117,-1.6207006815
Y171P,-13.817195892333984,-1.7018333819999998
Y171Q,-9.717145919799805,0.553969944
Y171R,-12.507684707641602,-1.807671899
Y171S,-10.794839859008789,-1.1774230695
Y171T,-11.944355010986328,0.8179965440000001
Y171V,-8.817464828491211,0.7017736520000001
Y171W,-9.356385231018066,0.8003003504999999
Y171L,-6.2029194831848145,0.6354162935000001
Y171F,-4.870919227600098,0.458847478
Y171C,-9.56473445892334,-0.9295709295
Y171D,-11.636828422546387,-0.24110672
Y171A,-10.140536308288574,-2.1428369995
Y171E,-11.693829536437988,0.109691582
I172R,-9.37513256072998,0.918165297
I172S,-7.0046186447143555,1.6831480515
I172T,-4.7923264503479,0.516473315
I172V,-1.309208869934082,0.2116443055
I172W,-9.218695640563965,0.2832398105
I172Y,-9.414426803588867,0.097130463
I172N,-7.920611381530762,0.5174687339999999
I172M,-3.388162612915039,1.4114909865
I172K,-10.152878761291504,0.5773087379999999
I172G,-8.298580169677734,0.4407180275
I172F,-8.940705299377441,0.2869687725
I172E,-9.827315330505371,0.537626233
I172D,-10.45445442199707,0.940721818
I172C,-8.136144638061523,-0.1159970025
I172A,-6.656148910522461,0.7617354679999999
I172P,-13.397790908813477,-2.165001913
I172H,-11.24899959564209,0.587156726
I172Q,-9.282758712768555,0.759660962
I172L,-4.5131025314331055,-0.130108057
A173M,-7.837684631347656,0.1049052235
A173V,-10.986862182617188,0.337977547
A173T,-6.836481094360352,0.4266723695
A173S,-4.234808921813965,1.8480620695
A173R,-12.519920349121094,0.331296049
A173Q,-9.306207656860352,1.2541000690000002
A173P,-14.953744888305664,-1.750214608
A173N,-6.798888206481934,0.1081027725
A173L,-10.910247802734375,0.7740884185
A173K,-12.370738983154297,-1.857635048
A173I,-12.382640838623047,0.668064945
A173H,-9.968232154846191,0.7380860475
A173W,-12.742509841918945,0.3095649205
A173G,-4.034542083740234,0.0608975975
A173E,-8.761971473693848,0.5605365015
A173D,-7.20613431930542,-1.2320088855
A173C,-6.233179092407227,0.2107671925
A173F,-11.034939765930176,0.4675308485
A173Y,-12.473701477050781,-0.145326999
S174L,-7.2215576171875,0.5031105665
S174M,-6.894450664520264,1.0335347540000002
S174N,-8.569262504577637,0.5507460999999999
S174P,-12.869193077087402,0.0796826765
S174Q,-10.066883087158203,-0.07441394
S174R,-10.5831298828125,-2.3517425445
S174T,-1.3415822982788086,0.483760239
S174V,-8.963700294494629,0.123278602
S174K,-9.670502662658691,-2.9108101725
S174I,-7.989088535308838,0.529543791
S174W,-9.306259155273438,-0.006665499
S174A,-4.967415809631348,-1.1036985395
S174C,-5.2349090576171875,0.3789228295
S174D,-9.706463813781738,-4.872676021
S174Y,-10.556205749511719,-3.360516731
S174F,-4.670291900634766,0.3690535735
S174G,-9.27328872680664,-3.642756991
S174H,-11.606100082397461,-1.5191348005
S174E,-8.494843482971191,-2.6146552285
Y175W,-9.923139572143555,0.8232518659999999
Y175V,-15.578783988952637,0.6516533335
Y175T,-16.150100708007812,1.168970515
Y175S,-13.114656448364258,-0.2316988685
Y175R,-15.999857902526855,-1.6532096495
Y175Q,-14.458834648132324,-0.7865490079999999
Y175P,-15.810196876525879,-1.797874012
Y175M,-12.105667114257812,0.36205683
Y175K,-14.196466445922852,-2.4822751325
Y175I,-14.505257606506348,0.187502511
Y175H,-12.021258354187012,1.196482965
Y175F,-6.0953779220581055,0.1260090345
Y175E,-14.532221794128418,-0.502560593
Y175D,-16.03432846069336,-1.910854613
Y175C,-12.839200019836426,0.1782139964999999
Y175A,-13.886696815490723,-0.6938635870000001
Y175L,-13.384841918945312,0.214311704
Y175G,-16.66071319580078,-1.1921028145
Y175N,-13.881433486938477,-0.5955963989999999
Y176W,-13.236808776855469,1.0346877455
Y176V,-15.479097366333008,-1.0452170495
Y176A,-12.021566390991211,-0.320144904
Y176C,-11.601147651672363,0.3132377855
Y176D,-13.105002403259277,-0.5282831625
Y176E,-10.02112865447998,0.3110063365
Y176G,-14.752921104431152,-0.092422373
Y176H,-10.337552070617676,0.5659916955
Y176I,-16.703283309936523,-0.6264061225
Y176F,-8.083677291870117,-0.002190245
Y176L,-12.460298538208008,-0.7853568795
Y176M,-13.349660873413086,0.6755251425
Y176N,-11.371399879455566,0.70709525
Y176P,-16.502073287963867,-3.4378205385
Y176Q,-11.339238166809082,0.7398755845
Y176R,-14.09591007232666,0.465565547
Y176S,-12.195253372192383,1.167141628
Y176K,-11.174861907958984,1.381534171
Y176T,-14.013976097106934,0.1535995055
N177Q,-12.651935577392578,1.049919905
N177R,-13.913012504577637,-2.0649256915
N177S,-10.216496467590332,0.8256162334999999
N177Y,-12.516531944274902,-0.034822325
N177V,-10.930197715759277,0.5922107329999999
N177W,-16.437744140625,-0.309028199
N177P,-13.981801986694336,-1.767428874
N177T,-7.955588340759277,1.05639488
N177M,-13.583069801330566,0.662194606
N177C,-10.713953018188477,-0.4783415885
N177K,-11.437448501586914,1.454005089
N177I,-11.746493339538574,0.0118395555
N177H,-13.255969047546387,0.966269014
N177G,-14.757396697998047,0.4562226095
N177F,-14.960039138793945,0.483395586
N177E,-13.038339614868164,0.6782807005
N177D,-11.062482833862305,-0.17450884
N177A,-13.179499626159668,0.7426022255
N177L,-13.130248069763184,0.67524189
T178Y,-14.346210479736328,-4.793715987
T178W,-14.053215026855469,-2.690902868
T178M,-8.548697471618652,-0.601513328
T178K,-12.872761726379395,-1.728396024
T178L,-8.365948677062988,-2.043056525
T178G,-10.763252258300781,-0.2091587905
T178N,-10.060202598571777,0.622528138
T178P,-14.350648880004883,-0.4433244615
T178Q,-11.63569164276123,-3.3787784210000003
T178R,-11.621078491210938,-2.558356458
T178S,-7.277554512023926,-0.0511959875
T178V,-2.2082996368408203,0.074253014
T178F,-13.612430572509766,-1.941326684
T178E,-10.578328132629395,-3.137789497
T178D,-10.706250190734863,-2.0921764135
T178C,-9.74491024017334,0.4343896675
T178A,-9.01533031463623,0.6196331325
T178I,-6.799760818481445,0.6592353365
T178H,-13.420297622680664,-3.492691214
I179G,-15.327808380126953,-2.0593926945
I179V,-7.876776695251465,-0.062928719
I179F,-12.131832122802734,0.0445322505
I179E,-13.484661102294922,-1.5068629465
I179D,-13.517165184020996,-3.3280298315
I179C,-14.78464412689209,-2.580105462
I179A,-13.332711219787598,-2.048723122
I179W,-14.736716270446777,-0.72186698
I179H,-12.96537971496582,-2.9613125365
I179K,-12.753405570983887,-0.860577739
I179L,-7.324456691741943,1.894264928
I179M,-12.254178047180176,0.0420678485
I179Y,-12.34454345703125,-3.4982725015
I179N,-12.148040771484375,0.2520398195
I179P,-17.047897338867188,-4.63311195
I179Q,-13.835538864135742,-1.038916452
I179R,-13.615649223327637,-1.8485280045
I179S,-15.223795890808105,-0.5498881365
I179T,-12.73641300201416,-0.6642247445
M180Q,-5.034162521362305,-2.4474933685
M180R,-8.312667846679688,1.1451021415
M180S,-10.049372673034668,0.173029584
M180T,-7.495748519897461,0.3824960505
M180V,-3.8644442558288574,0.5566984935
M180W,-9.832133293151855,-3.132094543
M180Y,-10.250052452087402,-2.4166086275
M180L,-2.4029150009155273,-0.0064556285
M180H,-7.939410209655762,-1.1941503585
M180I,1.0617246627807617,0.375427005
M180P,-13.031492233276367,-1.8217149805
M180G,-10.665276527404785,-0.4513288015
M180F,-7.553850173950195,-3.4831012065
M180E,-7.246735572814941,-1.650914517
M180D,-9.316861152648926,-4.048241257
M180C,-8.350983619689941,1.3777094555
M180A,-8.83368968963623,0.562925044
M180K,-6.781924247741699,-0.6254523885000001
M180N,-5.969497203826904,-0.565766825
A181Y,-18.19440460205078,-1.029610397
A181V,-16.494293212890625,-0.2143092605
A181R,-16.482650756835938,-3.364011499
A181Q,-14.512073516845703,-3.9442516885
A181P,-13.92020034790039,-1.6046272419999998
A181N,-14.222232818603516,-2.4267846795
A181M,-14.304422378540039,-0.9082439805
A181L,-15.172532081604004,-2.5140776695
A181K,-16.42306137084961,-3.9137647135
A181W,-19.40728759765625,-2.0709212075
A181I,-18.694902420043945,-2.0118768595
A181H,-16.12584686279297,-3.770023187
A181G,-7.068364143371582,-0.9912756985
A181F,-17.735580444335938,-1.6848916355
A181E,-13.810676574707031,-2.535493343
A181D,-12.939571380615234,-0.7714761084999999
A181C,-11.738529205322266,-0.6826703304999999
A181S,-7.271081924438477,-0.950636014
A181T,-12.622488975524902,-0.1423780919999999
W182N,-13.927734375,-2.3134292845
W182D,-13.779958724975586,-2.2237100045
W182P,-18.69062614440918,-2.869180162
W182Q,-13.469008445739746,1.391920642
W182R,-12.696863174438477,-0.165082255
W182S,-11.956924438476562,-0.907210024
W182T,-13.043899536132812,-0.3075602385
W182V,-10.937277793884277,-1.369351988
W182M,-11.478302955627441,-0.75579078
W182Y,-10.432168006896973,0.7578514584999999
W182K,-13.937888145446777,-3.076346739
W182I,-13.087300300598145,-0.074975964
W182H,-12.848262786865234,1.0927256835
W182G,-14.59681510925293,-0.6014819155
W182F,-11.810005187988281,-3.2516533905
W182E,-12.330506324768066,-0.4142997405
W182C,-11.818991661071777,-0.5651141205
W182L,-12.625814437866211,-1.1916795495
W182A,-11.808503150939941,-2.2017064805
A183C,-11.449149131774902,-0.7944948845
A183E,-13.857378959655762,-0.999652184
A183F,-15.783095359802246,-1.455177839
A183G,-9.432137489318848,0.105112777
A183Y,-15.706286430358887,-4.496765476499999
A183W,-18.230249404907227,-2.2348861785
A183V,-14.605045318603516,-0.378593474
A183T,-10.602139472961426,0.0605910465
A183S,-6.461729526519775,0.1436093085
A183R,-14.67191219329834,-1.8584609545
A183Q,-13.298084259033203,-1.662775281
A183P,-12.72728157043457,0.623868347
A183N,-13.518446922302246,-1.5378166925
A183M,-14.594341278076172,-1.229000991
A183L,-16.715816497802734,-1.3951652135
A183K,-14.784196853637695,-3.555699097
A183D,-13.290742874145508,-1.6536386965
A183I,-17.670150756835938,0.0330622405
A183H,-14.411432266235352,-2.8946307860000005
L184A,-8.207985877990723,0.8049232040000001
L184Q,-10.759056091308594,-2.3088953965
L184R,-10.570921897888184,0.3582388775
L184S,-9.863146781921387,0.6865141334999999
L184T,-9.754162788391113,0.6359678879999999
L184V,-8.45142650604248,0.6860370705
L184W,-9.222411155700684,-2.6468390585
L184Y,-9.28800106048584,-1.4077080525
L184C,-9.37962818145752,0.4070611870000001
L184D,-12.224858283996582,-1.483831815
L184N,-11.144501686096191,-3.141044837
L184M,-6.40538215637207,0.509740354
L184K,-11.1537504196167,-1.9956827245
L184I,-8.25864315032959,0.1620035285
L184H,-10.368510246276855,-1.4069191825
L184G,-10.888686180114746,0.2814974705
L184P,-14.875946044921875,0.447853636
L184F,-7.082235336303711,0.799646236
L184E,-10.535801887512207,-2.543973895
Y185A,-12.542858123779297,-0.9268130895
Y185W,-7.593682289123535,-2.122124534
Y185V,-12.676947593688965,-1.7256749685
Y185T,-12.541810035705566,-0.583461174
Y185S,-10.42342472076416,0.181751307
Y185R,-10.858100891113281,-0.604237476
Y185Q,-11.12004280090332,-0.5403279464999999
Y185P,-18.802770614624023,-3.0795314780000003
Y185N,-8.77590274810791,-0.7335166679999999
Y185M,-9.522788047790527,0.5373381975
Y185L,-7.220732688903809,0.880507024
Y185K,-11.758054733276367,-2.3894133355
Y185I,-11.870318412780762,-0.342504965
Y185H,-7.703383445739746,1.0116665665
Y185G,-14.637319564819336,-2.0825829525
Y185F,-2.163975715637207,-0.310058931
Y185E,-11.22301197052002,-2.928401423
Y185D,-10.669425010681152,-0.4631407255
Y185C,-9.626043319702148,-0.5308184195000001
Y186E,-13.407196044921875,-3.3303704315
Y186F,-6.382187366485596,0.261258764
Y186G,-13.996686935424805,0.0244678595
Y186A,-13.095515251159668,-0.462205843
Y186I,-19.61925506591797,-3.5877185
Y186K,-14.87652587890625,-1.5624174575
Y186D,-14.175724983215332,-0.9481554045
Y186L,-13.955952644348145,-1.8023815115
Y186H,-9.965235710144043,0.318481404
Y186N,-13.13481330871582,-1.0807247295
Y186P,-17.151893615722656,-1.3993543715
Y186Q,-13.940271377563477,-3.42082589
Y186R,-15.748333930969238,-2.7663140310000003
Y186S,-13.751418113708496,0.3325469255
Y186T,-18.0711669921875,0.906797907
Y186V,-19.228961944580078,-1.6818591885
Y186W,-13.208203315734863,-0.001942148
Y186C,-11.232446670532227,0.0053673975
Y186M,-13.947702407836914,0.384506869
L187K,-10.842196464538574,-2.296855052
L187C,-11.21877670288086,-0.022261227
L187Y,-9.573933601379395,-3.3338120665
L187W,-10.27121353149414,0.566992321
L187V,-12.023801803588867,-1.2309352185
L187T,-10.514184951782227,-1.7416500865
L187S,-11.804916381835938,-0.699366067
L187R,-11.172175407409668,-1.9199837465
L187Q,-10.609720230102539,-4.378263652
L187P,-15.580349922180176,-1.372788242
L187N,-12.626102447509766,-0.4760954695
L187A,-10.532317161560059,-0.1364529765
L187M,-7.7555317878723145,0.6786388434999999
L187H,-10.919434547424316,-1.501745886
L187G,-12.74854564666748,-0.9112997005
L187F,-7.159234046936035,-0.9717317995
L187E,-10.560903549194336,-1.7166020235
L187D,-12.13800048828125,-2.164939484
L187I,-12.045913696289062,-0.923450072
I188W,-5.329904079437256,1.005741967
I188V,-3.974465847015381,0.4523282015
I188T,-8.512699127197266,-0.2781423945
I188R,-7.370675563812256,-2.290284448
I188S,-7.527674198150635,-1.0943197885
I188Y,-4.813114643096924,-0.910176225
I188D,-9.618330001831055,-1.3448578475
I188G,-8.525717735290527,-0.81382205
I188H,-7.592561721801758,-2.323933102
I188L,-4.439494609832764,-0.0215824215
I188M,-7.283236026763916,0.7067820785
I188N,-8.62252426147461,0.2259537565
I188P,-11.710695266723633,-3.1385949435
I188K,-7.247524738311768,0.0803148245
I188E,-9.666038513183594,-0.948739699
I188A,-6.188376426696777,0.04232605
I188C,-7.000932216644287,-0.2553661425
I188F,-1.443730354309082,1.004514016
I188Q,-8.36572265625,-3.252778204
S189Y,-10.763219833374023,-0.278215571
S189M,-8.889906883239746,0.369657559
S189W,-14.285425186157227,0.545517539
S189V,-11.703926086425781,-0.009722833
S189T,-8.218497276306152,-0.1971308775
S189R,-9.08995246887207,-0.389968728
S189Q,-6.572199821472168,0.2051567135
S189P,-14.592002868652344,-1.040128775
S189N,-5.520732879638672,0.8661453290000001
S189L,-8.182762145996094,0.280303172
S189H,-8.728260040283203,0.388147425
S189I,-11.98201847076416,-0.460536134
S189G,-7.870903968811035,0.592237142
S189F,-11.578039169311523,-0.4523201895
S189E,-7.9936113357543945,0.9457692665
S189D,-7.700260162353516,0.192203723
S189C,-9.556995391845703,0.1605125955
S189A,-3.6004085540771484,0.3740211295000001
S189K,-8.515347480773926,-0.704020199
S190P,-17.115161895751953,-3.7492338755
S190Q,-13.071977615356445,-2.2057732505
S190R,-13.556452751159668,-0.4428278645000001
S190W,-15.821220397949219,-2.0071376130000003
S190V,-16.499601364135742,-0.566497381
S190Y,-14.553298950195312,-0.75829333
S190M,-15.774362564086914,-2.107969493
S190T,-10.950589179992676,-0.395857226
S190L,-16.285911560058594,-1.370505871
S190N,-10.855452537536621,-0.7436450345000001
S190I,-18.875032424926758,-0.919422577
S190K,-16.0482120513916,-1.3565990025
S190C,-6.343801975250244,0.3197436565
S190D,-10.723319053649902,-1.945547307
S190E,-11.410928726196289,-1.4899419665
S190A,-8.268495559692383,0.0478405425
S190G,-12.541000366210938,0.0581419
S190H,-14.427350997924805,-2.7387944145
S190F,-15.160834312438965,-1.726782626
F191D,-13.588654518127441,-1.9921884945
F191E,-13.025325775146484,-2.0374505515
F191G,-12.427287101745605,-1.488661208
F191Y,-9.019049644470215,0.3188813415
F191W,-8.696197509765625,0.322341142
F191V,-10.965323448181152,1.402034701
F191T,-12.500856399536133,-0.3011335885
F191R,-13.341800689697266,-1.205723413
F191Q,-13.447592735290527,-0.8808821235
F191P,-15.437339782714844,-3.488319621
F191M,-9.852691650390625,0.480308682
F191L,-8.16745376586914,-0.025870116
F191H,-13.383143424987793,-1.3643025965
F191I,-9.372894287109375,-0.3231205855
F191K,-12.049763679504395,-2.8976121725
F191S,-12.255424499511719,-0.5405132925
F191N,-12.81748104095459,-2.6260077025
F191A,-13.032404899597168,0.280344353
F191C,-12.706705093383789,0.4854332015
T192C,-10.41804313659668,0.2128223495
T192W,-11.255699157714844,-1.0992668475
T192V,-8.240706443786621,-0.0972853435
T192Y,-8.538619995117188,-0.7529619340000001
T192S,-4.980027675628662,1.0813757165
T192R,-6.836493015289307,0.87557061
T192Q,-6.734498977661133,1.080278938
T192P,-12.339550018310547,1.7079711505
T192N,-4.930359363555908,0.9748839425
T192M,-7.447700500488281,-1.2633684145
T192L,-9.479385375976562,-1.2234554555
T192K,-7.644525051116943,1.204021852
T192I,-9.516809463500977,0.370028382
T192H,-7.75679874420166,0.141681084
T192G,-7.083683013916016,1.0097368765
T192F,-9.53319263458252,-0.9789130795
T192E,-7.609188079833984,0.984033619
T192A,-5.496270656585693,-0.2189824895
T192D,-8.334712982177734,0.0134917125
D193S,-1.7910369634628296,1.009478907
D193C,-8.587233543395996,-1.2928752
D193T,-2.290238857269287,-0.1628045795
D193V,-4.314620018005371,1.5212002905000002
D193W,-7.260180473327637,1.6453407365
D193Y,-5.185242176055908,0.269988327
D193Q,-4.444931983947754,0.548931953
D193R,-5.008426666259766,0.3629301595
D193N,-3.894443988800049,-0.057358505
D193M,-5.804989814758301,0.0101669385
D193L,-5.105857849121094,0.1329614935
D193K,-3.9655556678771973,0.116953725
D193I,-5.653317928314209,-0.2868149865
D193H,-4.386008262634277,0.6202712155
D193G,-4.540499687194824,1.5951755515
D193F,-5.402320384979248,0.248700356
D193E,-3.6861095428466797,-0.134087728
D193A,-2.8774638175964355,1.395497946
D193P,-5.152890205383301,0.7153858975
Q194Y,-6.259092330932617,-1.7466074175
Q194A,-4.9205217361450195,-0.178071687
Q194S,-3.7419323921203613,-0.0558118245
Q194P,-7.566661357879639,-0.275243308
Q194N,-2.951812744140625,0.3353525755
Q194M,-6.641247749328613,-1.2147261575
Q194L,-7.2435431480407715,-0.819291763
Q194K,-2.772610664367676,0.5538575960000001
Q194T,-4.1162567138671875,0.5342737854999999
Q194W,-8.901926040649414,-3.5717438225
Q194H,-5.3023834228515625,0.4792577465
Q194G,-7.575904369354248,-0.687683376
Q194F,-6.5058135986328125,-0.5550223635
Q194E,-0.7844672203063965,0.371995481
Q194D,-2.1440486907958984,1.3587190425
Q194C,-10.063385963439941,0.271386662
Q194I,-5.044821739196777,-3.0982993055000003
Q194V,-2.672135353088379,-1.0838456225
Q194R,-4.261214256286621,-0.155679301
L195A,-14.298565864562988,-2.476672895
L195C,-15.992548942565918,-1.864473804
L195Y,-15.764154434204102,-3.149112459
L195W,-17.321880340576172,-0.587018192
L195V,-15.172547340393066,-0.8466060135
L195T,-17.598342895507812,-0.8465497934999999
L195D,-15.282814979553223,-2.2765862985
L195R,-12.39315414428711,-1.066141435
L195Q,-10.221498489379883,-3.1079761295
L195P,-14.593658447265625,-1.2479930405
L195S,-16.12544059753418,-0.5567303635
L195M,-10.12197208404541,-0.137231002
L195N,-12.249696731567383,-1.241063178
L195F,-15.319448471069336,-0.0790975965
L195G,-14.322498321533203,-2.869623222
L195E,-13.140237808227539,-1.7093549895
L195H,-15.727523803710938,-1.2930613575
L195I,-13.50590705871582,-2.8618057325
L195K,-11.571617126464844,-1.039288185
P196A,-13.665900230407715,-0.791266637
P196C,-17.8930606842041,-3.6387014805
P196D,-12.661280632019043,-4.678973187
P196E,-13.932343482971191,-3.2314814245
P196F,-15.091094970703125,-4.5
P196G,-15.085678100585938,-2.160856943
P196H,-13.967169761657715,-3.550632053
P196I,-13.886540412902832,-4.5
P196K,-14.291754722595215,-2.383194328
P196W,-14.603875160217285,-3.2388266555
P196M,-15.33281135559082,-1.5847879065
P196N,-14.238945007324219,-2.1108422035
P196Q,-14.275697708129883,-0.81956458
P196R,-14.243559837341309,-1.6248189575
P196S,-14.469613075256348,-0.6780862809999999
P196T,-14.242937088012695,-1.3703811415
P196V,-15.788763999938965,-2.9542962095
P196Y,-14.760066986083984,-4.5
P196L,-12.803421020507812,-0.4143031445000001
W197G,-19.11840057373047,-2.1203107405
W197F,-15.452535629272461,0.439496636
W197A,-19.332107543945312,-1.8034309
W197D,-18.670719146728516,-3.4272693860000003
W197C,-20.2479190826416,-2.1677908715000003
W197H,-18.457040786743164,-2.654859737
W197E,-18.114309310913086,-1.398482732
W197I,-21.509721755981445,-2.2396039695
W197P,-21.216808319091797,-2.660390181
W197L,-19.099809646606445,-0.8399338805
W197M,-18.523160934448242,-0.9899389525
W197N,-18.615798950195312,-1.8009517245
W197Q,-18.661849975585938,-4.4979958205
W197R,-14.896905899047852,-0.5129062725
W197S,-17.919292449951172,-2.0747065055
W197T,-20.68723487854004,-0.9014495995
W197V,-22.690101623535156,-2.7131090265
W197K,-17.53044891357422,-1.633473876
W197Y,-15.630731582641602,0.133515085
T198D,-9.457021713256836,0.927364008
T198A,-3.737812042236328,1.1606649285
T198W,-11.96351146697998,-0.6743820655
T198V,-7.345013618469238,0.0002943805
T198S,-3.9951865673065186,0.528052256
T198R,-6.372518539428711,0.0417686505
T198Q,-6.801690101623535,-0.491042795
T198P,-13.908353805541992,-1.3429624555000002
T198N,-8.100361824035645,0.648370701
T198M,-4.9131364822387695,1.253120806
T198L,-7.833312034606934,0.378200262
T198K,-6.322101593017578,-0.4195005955
T198I,-5.7262773513793945,0.919647811
T198H,-9.075380325317383,0.276614991
T198G,-8.61931037902832,0.7028656325
T198F,-7.6779985427856445,-0.5362371045000001
T198E,-7.988692283630371,-0.0530786755
T198Y,-8.896699905395508,-0.228347231
T198C,-10.69478988647461,-0.993950155
S199A,-7.855973720550537,1.2009201295
S199W,-11.899372100830078,-0.821127838
S199C,-11.275407791137695,-0.4528965185
S199E,-7.238131999969482,-0.6744478075
S199F,-7.768834114074707,-1.1997903115000002
S199G,-8.187395095825195,0.5894075905
S199H,-6.092074871063232,0.8447274855
S199I,-8.62186336517334,-1.574589974
S199Y,-6.877375602722168,-0.99571597
S199L,-7.892939567565918,-1.057237781
S199N,-6.554333209991455,-0.5211039085
S199P,-15.289938926696777,-1.9485400195
S199Q,-6.44854736328125,0.390011406
S199R,-7.38691520690918,0.3322509805
S199T,-3.108767509460449,-0.8854398305
S199V,-7.63388729095459,-0.258998026
S199M,-10.055794715881348,-0.4208558685
S199K,-6.850429534912109,0.332539796
S199D,-6.854712963104248,0.059490542
C200L,-16.289695739746094,-2.0268988535
C200Y,-14.942916870117188,-0.7859593215
C200W,-14.24698543548584,-1.3569388655
C200V,-15.966201782226562,-1.8448478385
C200T,-15.054122924804688,-1.6787428269999998
C200S,-11.229217529296875,-1.9132612965
C200R,-12.854292869567871,-0.6860348685
C200Q,-15.472936630249023,-2.3893304875
C200P,-13.47132396697998,-1.8165049925
C200K,-14.9398832321167,-2.2148649585
C200M,-17.29791259765625,-1.7790174585
C200A,-10.657800674438477,-1.837949359
C200D,-9.421993255615234,-1.551886255
C200E,-13.123818397521973,-2.680549774
C200F,-16.125545501708984,-2.5714928935
C200G,-12.240694999694824,-0.2078291615
C200H,-13.245654106140137,-1.9401386305
C200I,-19.113670349121094,-1.11124654
C200N,-11.57749080657959,-2.2823326375
K201H,-3.600580930709839,-0.2294284605
K201G,-5.219247817993164,0.8530405434999999
K201A,-4.026869773864746,1.1181290135
K201D,-1.9657387733459473,0.365754861
K201C,-8.833314895629883,-0.4577147905
K201I,-7.284636497497559,0.4851140165
K201E,-3.0117530822753906,0.8662173634999999
K201L,-5.661514759063721,0.8163166675
K201F,-6.642873764038086,0.8865210490000001
K201N,-0.6104392409324646,-1.4420277115
K201Y,-6.294033050537109,0.505907834
K201W,-8.387965202331543,0.485233734
K201V,-7.112880229949951,0.665421611
K201T,-3.23071551322937,-0.1780866935
K201M,-6.671044826507568,0.750300403
K201R,-2.626957416534424,0.8883027595
K201Q,-3.349745512008667,0.5263923770000001
K201P,-12.940000534057617,-1.167032534
K201S,-2.131934642791748,0.7311722334999999
N202Y,-9.667699813842773,0.936001191
N202W,-14.60136604309082,-1.036054186
N202V,-16.618839263916016,-1.9519062545
N202T,-12.312414169311523,0.42650904
N202S,-8.841819763183594,0.2425972535
N202R,-10.025714874267578,-0.9057415605
N202Q,-7.97805643081665,0.861889757
N202M,-12.456650733947754,-1.095457244
N202L,-10.836461067199707,-2.815113921
N202K,-9.587396621704102,0.570343203
N202A,-10.468609809875488,-1.010674113
N202H,-4.267849445343018,0.9881059245
N202G,-10.60110092163086,-2.682016799
N202F,-11.226536750793457,-0.2393963205
N202E,-8.540176391601562,0.5075380065
N202P,-15.99290657043457,-3.401879203
N202I,-14.740690231323242,0.8349319765000001
N202C,-12.922922134399414,-4.0897108335
N202D,-9.11482048034668,-1.134889582
S203V,-6.969632625579834,-0.382834992
S203R,-6.336113452911377,-0.5810225489999999
S203Q,-5.335167407989502,-0.981644118
S203P,-4.662571430206299,0.484708521
S203N,-6.681365966796875,-0.133076751
S203M,-6.756592273712158,-0.5286369635
S203K,-4.481766223907471,-0.4636591525
S203I,-7.063843250274658,-1.0141166145
S203H,-6.820654392242432,-4.7991897995
S203G,-7.853945255279541,-0.268939185
S203F,-6.958355903625488,-0.3171811745
S203E,-3.5157079696655273,-0.5680624165
S203D,-4.903100490570068,-1.2316073165
S203C,-10.458218574523926,-3.9934675515
S203A,-4.56308650970459,-1.10500305
S203T,-4.3423919677734375,-0.9682927215
S203Y,-7.091999530792236,-4.5
S203L,-7.204896926879883,0.102134192
S203W,-7.666304111480713,-0.449905543
W204V,-15.709035873413086,-1.7030201305
W204E,-13.049812316894531,-1.4747510515
W204F,-10.86122989654541,0.0571411405
W204G,-11.834598541259766,-1.7353506495
W204H,-10.727741241455078,-4.1786999835000005
W204I,-17.721860885620117,-2.408663777
W204K,-15.368189811706543,-1.3893582295
W204L,-16.54886245727539,-0.602265961
W204M,-16.21585464477539,-1.6451051195
W204N,-12.99071979522705,-3.480161686
W204P,-17.96027374267578,-1.8494796575
W204Q,-15.25076961517334,-2.967983815
W204R,-12.467514038085938,-1.367723833
W204S,-13.226518630981445,-3.2134173980000003
W204T,-14.887385368347168,-1.7585023585
W204Y,-11.893845558166504,0.0625114995
W204D,-12.4173583984375,-1.7787253515
W204A,-13.980830192565918,-2.218863039
W204C,-15.79803466796875,-1.209661554
N205C,-12.513315200805664,-2.261504322
N205W,-17.629638671875,-1.3364666125
N205T,-14.203729629516602,-2.1938523255
N205S,-10.716897964477539,-1.154930002
N205R,-16.281917572021484,-1.9974678895
N205Q,-13.869993209838867,-1.57970369
N205P,-19.077159881591797,-3.81989493
N205A,-13.145838737487793,-3.297542127
N205M,-13.417009353637695,-2.1317711445
N205K,-15.35538387298584,-1.094783225
N205I,-16.097270965576172,-0.70635499
N205H,-11.669984817504883,0.7609318305
N205G,-16.875503540039062,-0.854706072
N205F,-12.838764190673828,-0.8774348584999999
N205E,-14.922738075256348,-4.434099234
N205D,-10.076471328735352,0.9436903325
N205L,-16.410629272460938,-1.00336174
N205Y,-12.950455665588379,0.9003124295
N205V,-17.62289810180664,-2.1511959195
T206N,-13.21737003326416,0.1614429825
T206V,-13.472694396972656,-2.0998319275
T206S,-6.96334171295166,0.480944745
T206R,-12.2507963180542,-1.8941966315
T206Q,-12.544168472290039,-2.7962488255
T206P,-15.0882568359375,-2.081552324
T206M,-11.574067115783691,-3.7401440735
T206L,-11.188860893249512,-4.1446335505
T206K,-11.827913284301758,-2.622012322
T206I,-11.855819702148438,1.3116961425
T206G,-12.049992561340332,-3.1550988230000003
T206F,-13.434845924377441,-4.287829761
T206W,-15.758056640625,-1.4825512735
T206Y,-13.285422325134277,-1.0145385175
T206E,-11.279895782470703,-4.1129567415
T206D,-12.14811897277832,-4.5
T206C,-15.054973602294922,-2.778162019
T206A,-11.63177490234375,-1.244711985
T206H,-15.627254486083984,-3.6799654155
G207W,-5.434497833251953,0.1284106405
G207Y,-3.8766748905181885,-0.3474646375
G207V,-0.9235925674438477,-0.5126418265
G207T,-1.4472086429595947,-4.5
G207S,-0.7976665496826172,-2.300727579
G207A,0.2603178024291992,-0.078144351
G207C,-8.072500228881836,-0.688824164
G207D,0.5810699462890625,0.1101377335
G207E,1.813711166381836,0.5499378435
G207H,-3.129141092300415,-0.3697379145
G207I,-1.420257806777954,-0.7872252645000001
G207F,-3.958115816116333,-0.498711917
G207M,-2.606757402420044,-1.4438215915
G207N,-1.3303172588348389,0.584145227
G207P,-0.08655595779418945,-1.951886811
G207Q,-0.735529899597168,-4.267210792
G207R,-2.991682291030884,0.322496326
G207L,-1.776491403579712,-2.2242088155
N208K,-10.912199974060059,0.9623461115
N208A,-11.321027755737305,-0.7904138784999999
N208I,-15.750518798828125,-0.552814902
N208L,-12.447473526000977,-2.689283404
N208H,-7.383204936981201,-0.6149669475
N208G,-11.785333633422852,-3.4378806275
N208F,-8.744972229003906,-1.875585399
N208E,-10.267356872558594,-2.6761652635
N208Y,-8.712191581726074,-0.363637022
N208P,-17.90247344970703,-2.7389754595
N208V,-17.078964233398438,-1.682056715
N208T,-12.495715141296387,-1.0094919635
N208S,-10.010744094848633,-2.030476152
N208R,-11.231698989868164,-1.276425923
N208Q,-9.382051467895508,0.606608731
N208C,-10.791608810424805,-4.5
N208D,-8.223440170288086,-0.468591906
N208M,-13.021137237548828,-2.8981828615
N208W,-12.7661771774292,-2.596424214
C209A,-8.874504089355469,-4.537765392
C209L,-15.901885986328125,-4.388437556
C209E,-12.752347946166992,-3.346510064
C209F,-17.329097747802734,-1.5610617445
C209G,-12.773550987243652,-3.324666402
C209H,-15.644230842590332,-4.5
C209M,-14.80925464630127,-4.080063489
C209D,-11.728780746459961,-4.8437163855000005
C209P,-16.279314041137695,-5.594362323
C209Q,-15.245720863342285,-1.1402494195
C209R,-13.958832740783691,-1.0233196515
C209S,-7.416431427001953,-1.169193857
C209T,-13.477883338928223,-1.872666519
C209V,-14.312249183654785,-1.7865152215
C209W,-17.168895721435547,-2.0803694505
C209I,-17.797983169555664,-2.4042634325
C209Y,-16.28306007385254,-0.4958151225
C209N,-13.143587112426758,-4.5
C209K,-15.671221733093262,-2.152509462
T210H,-9.262237548828125,-0.1866762805
T210A,-6.1014604568481445,-0.7535495295
T210C,-8.248329162597656,-4.8402226745
T210D,-7.975707054138184,-4.920181373999999
T210E,-6.062716007232666,-1.4149782875
T210G,-9.901359558105469,-3.272790537
T210L,-5.761268615722656,-0.6163760420000001
T210P,-13.931436538696289,-1.3873787505
T210N,-7.16073751449585,0.675072496
T210M,-5.7326979637146,-5.587092509
T210S,-5.144405841827393,0.165092251
T210V,-5.10964298248291,-2.2829023655
T210W,-9.86540699005127,-1.0231595935
T210Y,-8.656475067138672,-1.2081968884999998
T210R,-4.395981788635254,-1.2623745240000002
T210F,-10.05136489868164,-0.785513648
T210I,-6.483334541320801,0.609392456
T210Q,-5.310286521911621,-0.813084013
N211G,-11.446231842041016,0.161188937
N211E,-7.941272735595703,0.071218863
N211D,-3.3939924240112305,-0.388991446
N211C,-14.540376663208008,0.423912573
N211A,-8.38129997253418,-2.2514456305
N211H,-9.222620964050293,-0.037012715
N211F,-12.364927291870117,-1.6876094765
N211V,-12.33751106262207,-1.4331851985
N211K,-9.33482551574707,-0.2614556785
N211Y,-12.160558700561523,-0.5904794985
N211L,-10.206049919128418,0.4114431985
N211M,-10.12652587890625,-0.8318072755
N211P,-11.257575035095215,-1.4022975455000002
N211Q,-8.41869068145752,-0.7137654915
N211R,-9.259166717529297,-0.7955807475
N211S,-6.217965126037598,0.069562166
N211W,-14.24461555480957,-0.4040533445
N211I,-12.11922550201416,0.501864555
N211T,-10.295455932617188,-0.378806605
Y212V,-13.176692008972168,-0.5365449425
Y212W,-11.175286293029785,-0.9687603925
Y212F,-5.465630531311035,0.2453256245
Y212E,-10.605918884277344,-1.6317711444999998
Y212D,-11.452611923217773,-2.983194172
Y212C,-13.831931114196777,-1.6096476875
Y212A,-11.570298194885254,-2.380302601
Y212H,-8.127750396728516,0.8189330140000001
Y212I,-13.799327850341797,-0.672878526
Y212G,-15.141353607177734,-2.467691818
Y212L,-10.744318008422852,0.242040834
Y212T,-12.601425170898438,-1.823463293
Y212K,-12.264123916625977,-0.8488399434999999
Y212R,-12.007994651794434,-1.2373412259999998
Y212S,-11.821327209472656,-0.155906939
Y212P,-13.013412475585938,0.1688412239999999
Y212M,-11.38011646270752,-0.192822576
Y212N,-11.52878475189209,-1.0889898465
Y212Q,-10.847516059875488,-3.4789896625
F213D,-9.574126243591309,-1.4340748559999998
F213E,-9.6610107421875,-5.304088144
F213G,-10.075021743774414,-1.2789821695
F213H,-7.519885540008545,-2.426128462
F213I,-7.687399864196777,-1.1473805095
F213K,-7.128289222717285,-0.4187332585
F213L,-6.342167854309082,0.2763585845
F213M,-8.247345924377441,-0.6391484585
F213P,-14.115787506103516,-1.8487377045
F213R,-6.821436882019043,-0.10410643
F213S,-7.5085859298706055,-0.177379261
F213T,-7.114311695098877,-3.0856346335
F213V,-8.068998336791992,-1.1408512895
F213W,-8.586943626403809,-0.4009811015
F213Y,-5.653578758239746,-0.3466722275
F213N,-7.753749847412109,-1.737156171
F213Q,-8.093571662902832,-2.151320514
F213A,-8.976153373718262,-3.2987815260000004
F213C,-10.541226387023926,0.446629712
S214T,-6.627823829650879,-0.115276938
S214R,-4.518978118896484,0.4086304075
S214Q,-3.5869321823120117,0.378396466
S214P,-13.4276762008667,1.1770504555
S214N,-5.926299095153809,-1.49205079
S214M,-7.192122936248779,-0.551645862
S214L,-6.476542949676514,0.626857376
S214V,-7.164706707000732,-0.9582268185
S214Y,-8.63923168182373,-2.49483253
S214H,-6.183441162109375,-0.659536829
S214G,-8.52390193939209,0.0854368075
S214F,-8.987537384033203,0.5055820725
S214E,-4.546686172485352,-2.1142679195
S214D,-5.679083824157715,-2.8919035930000003
S214C,-11.116250991821289,-0.8668324925
S214A,-3.8254857063293457,-2.2604566555
S214I,-7.700434684753418,0.3156210063
S214W,-10.178243637084961,1.0749001245
S214K,-3.628868579864502,0.025642375
E215C,-9.957749366760254,0.4117629535
E215A,-3.695072889328003,-1.1960810745
E215Y,-5.305327892303467,-0.045429609
E215W,-8.059024810791016,0.311370476
E215T,-5.697051048278809,-2.236258806
E215S,-2.9103171825408936,-0.217794145
E215R,-3.9064109325408936,-0.350540776
E215Q,-3.9584810733795166,0.5665947115
E215P,-10.610488891601562,-2.2781620185
E215V,-5.451699733734131,0.6661654935
E215M,-5.614343166351318,-0.9481093395
E215N,-2.0069589614868164,-1.3945018885
E215F,-6.249086856842041,-1.2151598435
E215G,-5.23886775970459,0.9585530585
E215D,-2.8275375366210938,0.427610702
E215I,-6.160613059997559,-2.604200367
E215K,-3.3915979862213135,-0.8916085205
E215L,-5.561540126800537,0.1040126535
E215H,-3.6172921657562256,-1.5882838355000002
D216W,-7.767841815948486,-1.5660751730000002
D216P,-3.2043824195861816,-1.1146632865
D216V,-4.4634294509887695,0.138026149
D216T,-2.7768373489379883,-0.420233735
D216S,-2.4815919399261475,-0.511125751
D216R,-3.4394521713256836,-1.7540081465
D216Q,-3.54925537109375,-4.5028236815
D216N,-3.120725631713867,1.3927641590000002
D216I,-4.8642168045043945,-3.6699232925
D216L,-5.79996395111084,-1.638674044
D216K,-1.410261631011963,-0.7651644145000001
D216H,-4.523459434509277,0.089197206
D216G,-5.773762226104736,0.590839475
D216F,-6.124290466308594,0.092635677
D216E,-2.0660934448242188,1.052832845
D216A,-2.849473714828491,0.1923204775
D216M,-5.170112133026123,-1.007156841
D216C,-11.254854202270508,-0.7074258059999999
D216Y,-6.053157806396484,0.206539616
N217P,-15.20745849609375,0.8541070645000001
N217V,-15.064367294311523,-0.1916731565
N217T,-11.465576171875,0.0940433665
N217S,-10.035999298095703,1.146068654
N217R,-11.774622917175293,0.9447168885
N217Q,-9.89333724975586,-0.5241284845
N217A,-11.77627944946289,0.601696231
N217C,-12.561763763427734,0.414596831
N217D,-8.415887832641602,1.279226194
N217E,-10.028096199035645,-0.4151506885
N217F,-13.144261360168457,-1.4505304730000002
N217G,-11.188355445861816,0.196451124
N217W,-14.72527027130127,1.187044999
N217I,-14.405303955078125,-0.1039766805
N217K,-10.788470268249512,-0.9035852465
N217H,-10.970011711120605,0.375947386
N217M,-13.362456321716309,1.587345114
N217L,-14.874393463134766,0.894422536
N217Y,-12.435128211975098,3.872741478
I218Q,-7.91323709487915,1.0527298665
I218D,-12.320857048034668,-0.2084796365
I218E,-10.727937698364258,1.0403662145
I218F,-9.503002166748047,-0.042004599
I218G,-10.821174621582031,0.91959735
I218H,-9.13064193725586,0.4484425255
I218C,-10.402297973632812,0.524116739
I218Y,-10.231527328491211,0.3473746675
I218W,-12.923112869262695,0.6697552170000001
I218S,-9.732024192810059,-1.245103561
I218T,-8.6405029296875,1.069597936
I218K,-7.598042964935303,1.450749205
I218L,-5.346051216125488,-0.232484778
I218M,-7.295915603637695,-0.3189907305
I218N,-8.930233001708984,-1.31415143
I218P,-11.73147201538086,-0.1226212495
I218R,-7.471661567687988,0.5517898365
I218V,-5.1519060134887695,0.161546998
I218A,-8.94444751739502,0.6370278625
T219S,-3.4892148971557617,-0.959679496
T219V,-7.0976243019104,0.5575444589999999
T219R,-8.352436065673828,0.727901055
T219Q,-8.053906440734863,1.0019584155
T219P,-9.252154350280762,1.3403508985
T219A,-7.425078868865967,-2.2353616375
T219C,-9.09987735748291,0.018169155
T219D,-6.180047988891602,1.4843510875
T219E,-7.481595993041992,1.9574808925
T219F,-9.91242790222168,0.7456620115000001
T219G,-9.77054214477539,1.219451206
T219H,-7.1358137130737305,1.0776608725
T219I,-7.16117000579834,-0.377017946
T219K,-7.347273826599121,0.6105530735
T219L,-8.761893272399902,0.7909008759999999
T219M,-9.493597030639648,0.6714541715000001
T219N,-5.036843299865723,-1.0635095835
T219W,-12.170892715454102,0.6923642595
T219Y,-10.03075122833252,0.0948334
W220A,-9.891006469726562,-0.8851426575
W220C,-12.540763854980469,0.0877644265
W220P,-11.489307403564453,-0.1233867705
W220L,-8.825826644897461,-0.2812572035
W220M,-8.580446243286133,0.172930366
W220N,-12.30357551574707,1.4299978055000002
W220H,-8.670112609863281,-1.5622588955
W220Q,-11.97313404083252,-0.9429570395
W220R,-9.016162872314453,-0.086069139
W220G,-11.570219039916992,0.3398601125
W220F,-6.8330841064453125,-0.0936564585
W220E,-11.867719650268555,-0.9953944345
W220D,-10.864304542541504,-0.9064793345
W220S,-10.949102401733398,0.3911685855
W220T,-11.46145248413086,-0.8629606525
W220V,-9.868595123291016,-0.913024334
W220Y,-8.261396408081055,0.069835153
W220K,-9.645029067993164,1.2443402515000002
W220I,-10.074990272521973,0.7537645479999999
T221K,-9.345283508300781,1.21264887
T221L,-10.802419662475586,0.5403570395
T221M,-10.830921173095703,0.077320376
T221A,-6.065042495727539,-0.4980493385
T221I,-12.762295722961426,0.182852089
T221H,-10.931631088256836,0.7197690354999999
T221G,-9.390668869018555,0.509760962
T221F,-11.947845458984375,0.5765522495000001
T221N,-11.17310905456543,1.3282844109999998
T221E,-9.839756965637207,0.2776241405
T221D,-10.48621940612793,0.67199982
T221C,-13.012063980102539,0.2168703935
T221P,-14.324089050292969,-1.246124788
T221Y,-11.831255912780762,0.29280253
T221R,-9.488469123840332,0.7383285675
T221S,-6.5209150314331055,0.519235671
T221V,-12.152847290039062,0.093658006
T221W,-13.210039138793945,0.6135444795
T221Q,-10.511085510253906,0.274242372
L222W,-5.527884006500244,0.198531646
L222Y,-4.0588603019714355,-0.2726009265
L222M,-2.502180576324463,1.284642023
L222K,-0.407153844833374,1.262160903
L222I,-3.7378320693969727,0.4846658395
L222H,-1.592066764831543,0.3580278529999999
L222S,-0.7338476181030273,1.185953013
L222R,-1.9053092002868652,-1.193717315
L222Q,-0.46987485885620117,0.5030954075
L222A,-1.2121706008911133,0.5779952505
L222D,-1.6398515701293945,0.626844615
L222V,-2.968397617340088,0.4880269645000001
L222E,-0.841364860534668,0.6582846960000001
L222F,-5.19290018081665,0.1796251475
L222G,-3.052222728729248,0.1693793675
L222P,-1.1063885688781738,0.889927419
L222N,3.023282766342163,0.0948334005
L222C,-6.367119312286377,-1.0936513295
L222T,-1.9517765045166016,-0.3870699175
H223Q,-3.801934242248535,-1.9320540625
H223S,-3.890272617340088,0.3821103965
H223T,-4.814499378204346,0.876682307
H223V,-7.293490409851074,0.2462423495
H223W,-8.815069198608398,0.290013163
H223N,-1.443821907043457,-2.5016549755
H223P,-13.346899032592773,-1.9044291845
H223L,-6.480748653411865,0.3962574045
H223K,-3.5531578063964844,-0.5647435829999999
H223I,-7.996585369110107,0.903109773
H223G,-6.286634922027588,0.1336467415
H223F,-7.114474296569824,0.7580284709999999
H223E,-4.980908393859863,-0.0709502675
H223M,-7.183342933654785,0.2238502625
H223R,-4.5769171714782715,-0.032576717
H223Y,-5.451841354370117,-0.047396674
H223A,-5.548488140106201,0.7547610290000001
H223C,-10.041072845458984,0.119785801
H223D,-5.087739944458008,-2.741235835
S224E,-15.19204044342041,-0.3638138195
S224A,-9.249918937683105,0.2691558925
S224C,-11.708568572998047,-0.074401719
S224F,-13.785731315612793,0.045249973
S224P,-17.61332893371582,0.108793248
S224Q,-14.72116756439209,0.1163716885
S224R,-14.773042678833008,0.7433332009999999
S224T,-10.789801597595215,0.5296599895
S224V,-17.021705627441406,0.570041061
S224W,-17.072233200073242,0.2044755015
S224D,-10.598151206970215,-0.3808089575
S224N,-13.16297435760498,0.490648473
S224M,-15.519125938415527,0.6661791165
S224L,-15.375591278076172,0.3645607805
S224K,-15.328805923461914,1.612297567
S224I,-17.843414306640625,0.217637067
S224H,-13.749564170837402,0.163891105
S224G,-13.61670970916748,0.2230148905
S224Y,-14.586132049560547,-0.095512823
T225R,-6.6435723304748535,-0.4156928515
T225Q,-7.384903907775879,-0.3449014995
T225N,-9.703115463256836,-1.23108151
T225M,-7.078417778015137,0.2676619645
T225P,-15.13235092163086,-0.2384547335
T225K,-6.706511497497559,-0.714240201
T225I,-5.606142044067383,-0.2576094115
T225A,-5.8600687980651855,-0.152876596
T225D,-9.388418197631836,-2.0099918480000003
T225E,-6.729076385498047,-0.6613546204999999
T225H,-10.366235733032227,-1.5490227895
T225G,-10.697531700134277,-2.846534967
T225F,-10.378069877624512,-2.2503596265
T225S,-5.7046966552734375,0.009008125
T225V,-3.384357452392578,0.1742432725
T225W,-10.088201522827148,-0.1225987985
T225Y,-9.375041961669922,-0.555713896
T225L,-7.479517936706543,1.340836888
T225C,-12.845541000366211,0.7680733434999999
S226P,-14.067448616027832,-2.1871505865
S226W,-16.145883560180664,0.465259113
S226Y,-14.53818130493164,-1.1119805645
S226H,-16.480539321899414,-1.2032004785
S226G,-11.550736427307129,1.287110306
S226F,-13.295516967773438,1.0839977875
S226E,-14.740994453430176,-0.6503451765
S226D,-13.466649055480957,-1.1773629895
S226C,-15.593420028686523,-0.030882858
S226A,-10.318099975585938,-1.025488663
S226I,-13.891637802124023,-2.269250922
S226L,-11.276270866394043,-2.5488521585
S226M,-12.459416389465332,-2.693243887
S226N,-14.186561584472656,-0.643015163
S226Q,-12.857754707336426,-2.587491834
S226R,-11.9268159866333,-0.3689214785
S226T,-7.20919132232666,0.7407662290000001
S226V,-15.644268035888672,-2.706832251
S226K,-13.025654792785645,-4.619775517
P227L,-15.797019958496094,-1.24406582
P227M,-15.932873725891113,-3.331279622
P227N,-13.915461540222168,-2.627656179
P227Q,-13.288352012634277,-2.252883726
P227V,-14.571162223815918,-2.1507052225
P227S,-10.557888984680176,-0.064407589
P227T,-11.952447891235352,-3.597653872
P227K,-17.14716339111328,-2.8900597075
P227W,-18.42290496826172,-2.1235685385
P227Y,-19.02361297607422,-3.971085367
P227R,-15.632784843444824,-3.826768617
P227I,-16.291051864624023,-2.372437099
P227E,-13.392626762390137,-1.9241116425
P227G,-15.122800827026367,-2.3678113535
P227F,-19.42641830444336,-0.932562958
P227D,-13.64775562286377,-1.997617387
P227C,-13.819354057312012,-2.511338407
P227A,-9.763309478759766,-4.4343589230000005
P227H,-14.070448875427246,-3.3943691065
A228H,-13.58380126953125,-4.2291138725
A228K,-12.377593040466309,-2.2981127580000003
A228G,-11.448345184326172,-1.019850819
A228F,-15.261731147766113,-4.1650802665
A228E,-13.419022560119629,-1.7413611569999998
A228D,-13.894384384155273,-4.2082213845
A228C,-13.304134368896484,-0.0598662195
A228L,-15.5323486328125,-1.491924665
A228I,-14.336851119995117,-1.6598842315
A228N,-12.706733703613281,-2.2769731465
A228R,-13.196669578552246,-1.3862380775
A228S,-4.472257137298584,-0.009982152
A228T,-7.672149658203125,-0.063972999
A228V,-11.551932334899902,0.0452895795
A228W,-18.28725814819336,-1.946868792
A228M,-13.240511894226074,-0.529598916
A228Q,-11.581568717956543,-1.241081813
A228P,-13.873797416687012,-1.313623342
A228Y,-15.756797790527344,-3.024726393
E229A,-7.463559627532959,-0.3965541005
E229W,-13.033758163452148,-0.5251335305
E229V,-9.255300521850586,0.119137593
E229T,-9.227787017822266,0.3114359225
E229S,-8.436270713806152,0.8793530534999999
E229R,-7.887057304382324,-0.1677721395
E229Q,-6.481755256652832,0.8642815070000001
E229P,-13.577898979187012,-2.2242172195
E229N,-8.726947784423828,-0.8708591784999999
E229Y,-10.733607292175293,0.7294683025
E229L,-11.06543254852295,0.726706912
E229K,-7.2371368408203125,0.3750308255
E229I,-9.169926643371582,1.228110691
E229H,-10.54073715209961,0.5682248665
E229G,-11.634269714355469,-1.042485516
E229F,-12.179125785827637,0.5804899729999999
E229D,-9.688589096069336,0.3841403925
E229C,-12.338844299316406,-0.056572132
E229M,-9.753872871398926,0.5869209165
E230Y,-16.086502075195312,-4.488757689
E230W,-16.57085609436035,-3.096921348
E230R,-14.439967155456543,-1.3284561205
E230V,-13.196088790893555,-1.129711628
E230Q,-8.968526840209961,-0.9508406975
E230P,-16.803165435791016,-0.790522835
E230N,-10.865983009338379,-0.0775713985
E230M,-12.649101257324219,-1.986257349
E230K,-13.907610893249512,-0.7218716829999999
E230S,-13.298105239868164,-1.57000768
E230A,-10.680225372314453,-0.950115396
E230C,-14.188464164733887,-2.0035359595
E230L,-11.571609497070312,-1.8575879835
E230T,-14.75981616973877,-2.448278796
E230D,-8.093033790588379,-0.0663432945
E230G,-14.392512321472168,-1.519315039
E230H,-13.336663246154785,-3.2038049245
E230I,-14.111127853393555,-4.5
E230F,-16.073535919189453,-1.7302895325
F231P,-18.65357208251953,-3.3003436765
F231Q,-15.517111778259277,-0.9332763775
F231Y,-6.432979583740234,0.4045932615
F231W,-9.7542724609375,-0.6507410275
F231V,-16.8033504486084,-3.1907393905
F231T,-15.430118560791016,-2.2834091225
F231N,-14.721372604370117,-2.3945075395
F231D,-14.527042388916016,-2.1104511635
F231R,-14.34225082397461,-2.70941034
F231A,-14.10032844543457,-2.2644540225
F231C,-14.542511940002441,-1.3266170335
F231E,-14.921175003051758,-2.2816835465
F231H,-12.863560676574707,-1.7107596325
F231I,-17.66676902770996,-1.143579876
F231G,-16.10067367553711,-1.9699985475
F231L,-12.010799407958984,-0.7983450815
F231M,-13.068395614624023,-1.8221366605
F231S,-13.808797836303711,-1.135437594
F231K,-13.713052749633789,-3.020367284
Y232P,-19.66380500793457,-2.349140043
Y232C,-13.051589012145996,-1.1991661695
Y232A,-14.921915054321289,-0.311340303
Y232T,-14.704041481018066,-2.1205978335
Y232S,-14.675801277160645,-0.899930132
Y232R,-14.8721923828125,-2.536310451
Y232Q,-13.523541450500488,-0.3718480035
Y232N,-13.894075393676758,-0.8594746725
Y232H,-12.47448444366455,0.1256601915
Y232G,-17.779850006103516,-2.9655261695
Y232E,-11.494118690490723,-1.264165426
Y232F,-5.450310707092285,0.486255514
Y232L,-12.250516891479492,0.7572200590000001
Y232K,-13.639999389648438,-2.4373477485
Y232W,-11.115007400512695,0.0337139905
Y232V,-13.564665794372559,0.2890951015
Y232I,-16.070632934570312,-0.917809248
Y232M,-13.329959869384766,1.266792257
Y232D,-14.31930923461914,-3.490216397
T233G,-11.545390129089355,-1.694438797
T233A,-7.566584587097168,-1.309265776
T233C,-10.2952880859375,0.9909048255
T233D,-7.5472822189331055,-3.3542079345
T233E,-5.683850288391113,0.7434361559999999
T233F,-11.49670696258545,1.0856817395
T233P,-14.673126220703125,1.2093581225
T233H,-10.064303398132324,0.7810071584999999
T233I,-5.684540748596191,0.4901950145
T233K,-5.974422931671143,-0.2299515205
T233Y,-10.98727798461914,1.076222015
T233W,-11.667817115783691,0.7357724704999999
T233V,-6.567066669464111,0.981623873
T233S,-7.832909107208252,0.4070003115
T233R,-6.686178207397461,0.431959444
T233Q,-6.675456523895264,0.581322443
T233N,-5.994143486022949,1.124789362
T233M,-7.0687642097473145,1.1340647145
T233L,-7.273412227630615,0.8030690425
R234I,-15.209634780883789,-0.1125033625
R234H,-11.268806457519531,-1.0137444865
R234G,-13.76718521118164,-1.3188850785
R234M,-12.066364288330078,-0.3296023665
R234E,-11.44582748413086,-1.323372268
R234D,-11.8538236618042,-2.9036097465
R234K,-8.93879508972168,-0.1433924985
R234F,-12.606812477111816,0.2294974305
R234L,-10.318937301635742,1.2201436135
R234V,-15.894170761108398,-0.586104869
R234N,-10.776786804199219,0.0813224425
R234P,-17.996692657470703,-3.8542079345
R234Q,-9.244027137756348,0.6341218035
R234S,-12.005977630615234,-1.549920595
R234T,-13.234448432922363,-1.4107192285
R234C,-13.260327339172363,-1.3778827905000002
R234W,-12.007719039916992,-1.0760009685
R234Y,-12.613082885742188,0.387775564
R234A,-10.923891067504883,-1.305585961
H235Q,-0.697392463684082,-2.495053855
H235P,-12.985260009765625,-1.4054051015
H235Y,-5.824930191040039,-0.347311976
H235G,-2.4619507789611816,-0.0908975445
H235F,-7.836600303649902,-0.7697776454999999
H235E,-0.13602447509765625,0.074871935
H235D,-3.6184439659118652,-1.0370656235
H235C,-8.011026382446289,-1.0349227985
H235A,-5.121257781982422,0.5559570415
H235R,-2.628230094909668,-0.8327039009999999
H235L,-8.50877857208252,0.2004012725
H235M,-6.505703926086426,0.0763831945
H235N,-2.3156375885009766,-1.594314028
H235S,-3.0055418014526367,-0.0253584165
H235I,-10.875883102416992,-0.0907267915
H235K,-2.0748000144958496,0.8198479329999999
H235T,-4.5837202072143555,-0.877834324
H235V,-9.147743225097656,1.0726356190000002
H235W,-7.525191307067871,-3.1396028605
V236T,-11.436219215393066,-2.864768972
V236Y,-15.52527904510498,-3.2363427255
V236W,-18.675254821777344,-2.256009328
V236S,-14.442729949951172,-1.3661118185
V236Q,-13.176791191101074,-2.3332978465000003
V236P,-16.531702041625977,-3.6466891845
V236N,-14.261022567749023,-3.8542079345
V236R,-14.967145919799805,-2.0304750695
V236L,-9.236462593078613,0.814060482
V236A,-11.900311470031738,-0.35403665
V236M,-10.070409774780273,0.444760831
V236D,-16.165390014648438,-2.7284385510000004
V236E,-13.240793228149414,-0.444042958
V236C,-13.983168601989746,0.0499206255
V236G,-15.023353576660156,-1.3545181585
V236I,-5.8357157707214355,1.1343691115
V236K,-14.35142707824707,-2.829753134
V236F,-15.177679061889648,-2.5151719815
L237T,-14.912884712219238,-2.043463746
L237A,-14.766593933105469,0.364528495
L237C,-13.491619110107422,0.342296258
L237D,-15.78636646270752,-2.411323674
L237Y,-12.541459083557129,-1.6336289815
L237W,-12.547454833984375,-4.0151719815
L237V,-14.290060043334961,-3.4335679010000004
L237S,-16.64520263671875,-2.42495934
L237G,-16.760988235473633,-2.9359573005
L237Q,-11.497377395629883,0.087567101
L237E,-12.017406463623047,-3.3172076435
L237R,-12.74165153503418,-2.124033311
L237H,-14.506072044372559,-4.5288239755
L237F,-11.736906051635742,-2.3205005995
L237I,-11.987531661987305,-0.7873599175
L237M,-10.209430694580078,-1.019814447
L237N,-14.441020011901855,-4.5
L237P,-15.85280990600586,0.209063598
L237K,-12.494654655456543,-1.4681705425
Q238H,-6.089931964874268,-0.9376221975
Q238D,-9.951350212097168,-3.219799555
Q238C,-12.547015190124512,-1.845490595
Q238A,-10.456031799316406,-1.583734968
Q238G,-8.509805679321289,-0.981928706
Q238F,-12.79708194732666,-1.7658672805000002
Q238I,-12.390416145324707,-3.341474354
Q238E,-4.125840663909912,-1.2383646925
Q238K,-5.245657920837402,-0.392419218
Q238M,-8.589157104492188,-1.013591337
Q238V,-12.402124404907227,-1.3497573505
Q238T,-12.541874885559082,-2.55218621
Q238R,-4.949577331542969,-0.621689166
Q238P,-15.63823127746582,-2.290376025
Q238N,-8.7763032913208,-0.5815416975
Q238Y,-12.97264289855957,-0.7464688540000001
Q238W,-15.373318672180176,-3.568245216
Q238S,-10.312713623046875,-1.5726800669999998
Q238L,-8.689751625061035,-1.60626232
I239A,-12.377256393432617,-2.674980949
I239C,-15.305566787719727,-0.1066955455
I239K,-11.070467948913574,-1.778738599
I239D,-14.570257186889648,-1.7126672635
I239L,-4.468709468841553,0.966059962
I239E,-10.905060768127441,-3.2176053725
I239F,-11.277029991149902,-0.072146994
I239M,-8.519393920898438,-0.5224973715
I239N,-14.008416175842285,-0.311501583
I239G,-15.823831558227539,-2.7048499685
I239P,-17.920385360717773,-3.5151719814999995
I239Q,-9.401111602783203,-2.7369753075
I239Y,-11.825955390930176,-3.0828803865
I239W,-12.161239624023438,-2.564263336
I239V,-7.850814342498779,-0.8446047175
I239T,-12.381316184997559,0.498932296
I239S,-12.027443885803223,-5.5336258435
I239R,-9.984024047851562,-3.0216281445
I239H,-12.291204452514648,-4.5
H240M,-12.197657585144043,-4.5
H240L,-10.778200149536133,-0.883387502
H240C,-11.00749397277832,-4.5
H240I,-11.803973197937012,-2.061726684
H240G,-11.643211364746094,-1.206385777
H240F,-11.479488372802734,0.5564062
H240E,-8.030813217163086,-4.5
H240N,-7.151653289794922,-2.461811067
H240P,-12.004929542541504,-0.5799437465
H240D,-7.907619476318359,-4.0525849130000005
H240Q,-6.903911590576172,-4.532376672
H240R,-10.260836601257324,-0.1730903675
H240S,-9.075750350952148,-3.987325221
H240A,-9.159341812133789,-1.9962861745
H240K,-10.655990600585938,-0.336059882
H240Y,-8.177796363830566,-9.44750000000244e-06
H240W,-11.411378860473633,-2.2782063875
H240V,-10.6752347946167,-3.1625436145
H240T,-9.504942893981934,-2.018238878
R241M,-7.053684234619141,-0.002697601
R241Y,-6.364762306213379,-0.9487077865
R241W,-9.190802574157715,-0.3791757675
R241V,-11.184549331665039,-1.238581668
R241T,-8.74485969543457,-0.6331131135
R241S,-5.495684623718262,-2.1395174480000003
R241A,-5.744872093200684,-2.1561193125
R241C,-9.717653274536133,-4.193243887
R241D,-4.006506443023682,-1.505865547
R241E,-2.4988584518432617,-1.743275748
R241Q,-3.4166126251220703,-0.1462424475
R241F,-7.689609050750732,-1.383802992
R241P,-11.056687355041504,-2.8172076435
R241H,-3.6106626987457275,-0.0942404245
R241K,-1.4418601989746094,1.265415166
R241L,-5.671630859375,0.869180299
R241N,-4.105466842651367,-0.327098928
R241G,-6.629202842712402,-0.8512740075
R241I,-11.662788391113281,-3.886721675
S242C,-12.881237030029297,-0.7978505985
S242E,-10.913060188293457,-2.3207728465
S242F,-12.389412879943848,-1.852864078
S242G,-12.464938163757324,-1.802615339
S242H,-13.07979679107666,-1.353662613
S242I,-20.27166748046875,-1.275869432
S242K,-15.873128890991211,-2.1017245225
S242D,-10.28825569152832,-3.3728682105
S242L,-15.53839111328125,-1.683614851
S242N,-13.097286224365234,-0.587926912
S242P,-13.97437572479248,-1.5595201755
S242Q,-12.512961387634277,-2.9781716910000005
S242R,-14.912089347839355,-1.222829765
S242T,-12.21765422821045,-1.6938945505
S242V,-18.55133819580078,-1.5189567205
S242M,-15.491876602172852,-0.6056895235
S242W,-14.788447380065918,-2.032285328
S242A,-7.124335289001465,0.714005973
S242Y,-14.069826126098633,-2.115500344
K243D,-4.607344627380371,0.314060482
K243E,-4.783348083496094,-2.309707303
K243F,-8.9715576171875,0.886685915
K243G,-6.68523645401001,1.013317544
K243H,-6.987644195556641,0.743666561
K243I,-9.717050552368164,-1.1842288115
K243L,-7.735298156738281,0.9865165135
K243Y,-9.186853408813477,0.885838111
K243W,-10.338247299194336,-0.8905617475
K243P,-8.360404968261719,0.3427925935
K243Q,-5.552902698516846,0.117884669
K243R,-5.650738716125488,0.04866064
K243S,-3.442202091217041,1.050573547
K243T,-5.1787943840026855,0.9815431375
K243V,-8.744412422180176,1.014018108
K243C,-10.787924766540527,0.683667653
K243N,-5.077947616577148,-0.7654322075
K243M,-9.724445343017578,0.216161207
K243A,-6.123594284057617,0.9708068615
G244F,-18.188640594482422,-1.5635439605
G244L,-15.715147972106934,-1.38190179
G244M,-15.846739768981934,-3.1561823505
G244N,-15.0364408493042,-1.5179662085
G244P,-17.939184188842773,-1.916858939
G244Q,-15.434467315673828,-3.0476857225
G244R,-13.516035079956055,-1.7226862325
G244S,-14.162322998046875,-0.6869145790000001
G244H,-17.03267478942871,-1.3747983044999998
G244I,-19.334728240966797,-4.602928709
G244T,-17.50881576538086,-1.1497827985
G244V,-18.766151428222656,-2.044563228
G244W,-17.865558624267578,-2.7274594815
G244Y,-19.227264404296875,-0.9710567485
G244A,-14.640358924865723,-0.5841246505
G244C,-17.451873779296875,-1.553395518
G244D,-13.528938293457031,-0.7442866585
G244E,-13.324390411376953,-2.3971845945
G244K,-14.602518081665039,-1.5232647634999998
L245T,-15.280826568603516,-2.099687745
L245M,-9.042585372924805,-1.1932602305
L245Y,-13.530302047729492,-1.94133621
L245D,-16.266910552978516,-5.521595122999999
L245S,-17.32465171813965,-1.566261813
L245K,-16.84200096130371,-1.5403654969999998
L245I,-9.209000587463379,-0.467634583
L245H,-15.061426162719727,-1.395612188
L245G,-16.05658721923828,-3.4829346915
L245F,-10.80784797668457,0.1729104555
L245E,-15.166365623474121,-1.8306849205
L245W,-14.208017349243164,-3.0310629185000004
L245R,-15.98485279083252,-0.7690861959999999
L245V,-13.06694507598877,-0.3000648755
L245P,-15.17898941040039,-0.012165469
L245A,-14.522106170654297,-2.851678539
L245Q,-15.400534629821777,-0.8927943755
L245C,-17.775835037231445,-3.069708569
L245N,-16.958328247070312,-2.6194652925
Q246G,-9.058831214904785,0.279548541
Q246F,-10.185739517211914,0.092781201
Q246E,-4.998163223266602,-0.6370306035000001
Q246D,-6.364179611206055,0.44356288
Q246C,-12.832426071166992,-0.3185059925
Q246A,-7.807668685913086,0.8351370075
Q246Y,-9.812429428100586,0.317557127
Q246H,-5.92796516418457,0.6489913675
Q246V,-8.34782886505127,0.6995966634999999
Q246K,-7.188926696777344,-4.191553146
Q246T,-9.190210342407227,0.93820579
Q246P,-9.820915222167969,0.9748401595
Q246W,-10.833507537841797,0.62262125
Q246S,-7.727354049682617,0.4937879575
Q246R,-8.068174362182617,0.8205747315
Q246N,-8.314127922058105,-0.3718480035
Q246I,-8.662284851074219,0.6982408255
Q246L,-7.409416198730469,0.845685685
Q246M,-8.867717742919922,0.5291204505
D247C,-12.864217758178711,0.280228693
D247E,-2.5129480361938477,-3.2279978245
D247F,-8.79702091217041,0.192793505
D247A,-8.021185874938965,0.665569613
D247Y,-8.144121170043945,-0.330216304
D247W,-11.06076717376709,-1.8369281905
D247H,-5.270388603210449,-1.0328120509999998
D247G,-9.601765632629395,0.095766869
D247S,-7.060686111450195,1.89797375
D247R,-8.542986869812012,-2.7765156465
D247Q,-5.141745567321777,-1.246701489
D247N,-4.1452202796936035,0.424439839
D247M,-9.944199562072754,-1.4588114694999998
D247P,-13.149340629577637,-4.0434637460000005
D247L,-9.623395919799805,-0.3004779175
D247V,-9.73664379119873,-0.7702239409999999
D247T,-8.403499603271484,-1.2140970905
L248R,-11.335410118103027,-0.7846915685
L248C,-12.340570449829102,-2.1351209105
L248D,-13.775643348693848,-0.2714152115
L248E,-11.977641105651855,-1.803211833
L248F,-9.307673454284668,-0.309834243
L248G,-10.909525871276855,-3.10891503
L248H,-11.164297103881836,-3.3101213195
L248I,-9.815771102905273,0.952614776
L248K,-11.422581672668457,-4.2369753075
L248M,-5.773653030395508,-1.216207838
L248N,-11.315923690795898,-3.561726684
L248P,-9.407495498657227,0.253717906
L248A,-10.350709915161133,-0.5431832645
L248S,-12.586544036865234,-3.4579655845
L248T,-9.410484313964844,-3.214848103
L248V,-9.654212951660156,-0.9425952085
L248W,-12.267499923706055,-1.6403368395
L248Y,-12.423276901245117,-2.707315865
L248Q,-10.907657623291016,-0.9092775395
G249Y,-20.611658096313477,0.371854235
G249W,-19.004087448120117,-2.2695556575
G249V,-17.350852966308594,-1.247496946
G249T,-14.846833229064941,-2.477554895
G249S,-13.765483856201172,0.6236515095
G249R,-12.023232460021973,-0.429289822
G249Q,-13.876112937927246,-0.024128485
G249P,-18.515560150146484,-1.5428935705000002
G249N,-16.144758224487305,0.116791958
G249M,-14.577974319458008,-2.596921348
G249F,-20.207597732543945,-2.734445912
G249K,-12.554882049560547,-1.944494057
G249I,-17.95636558532715,-4.331279622
G249H,-17.987489700317383,1.2832033265
G249E,-12.938711166381836,-1.229400008
G249D,-14.159163475036621,-0.162934173
G249C,-15.649867057800293,0.1322364419999999
G249A,-14.845650672912598,-0.478224329
G249L,-15.181273460388184,-1.707561299
G250S,-6.11412239074707,1.2745581895
G250R,-8.821065902709961,-1.6568159815
G250P,-7.829326629638672,-2.232245143
G250V,-8.924337387084961,-0.1098078745
G250W,-9.474814414978027,1.1306523375
G250T,-8.11396312713623,-1.553133043
G250F,-7.209927082061768,-3.4229596960000004
G250L,-6.765008926391602,-0.210883956
G250D,-6.457016468048096,1.0322354315
G250C,-8.798663139343262,-0.8471083295
G250A,-7.371002197265625,0.981927429
G250I,-9.74894905090332,0.0339294515
G250K,-8.42914867401123,0.79666949
G250H,-7.731181621551514,-1.471085367
I251C,-14.61264419555664,-0.433603593
I251D,-14.397626876831055,-1.003365206
I251E,-13.160362243652344,-4.5
I251F,-11.1119384765625,-0.644008262
I251G,-14.744915962219238,-2.7782063875
I251H,-13.407856941223145,-3.096921348
I251Y,-12.90166187286377,-0.105183137
I251M,-9.731736183166504,-1.7456217945
I251N,-12.61195182800293,-0.339680116
I251P,-13.949174880981445,-0.7291468940000001
I251Q,-11.630105972290039,-4.170342042
I251R,-13.58301067352295,-3.8172076435
I251S,-14.91050910949707,-2.6015321755
I251T,-10.190415382385254,0.1237606435
I251V,-5.335817337036133,0.225417409
I251W,-13.931112289428711,0.8092149805
I251L,-7.699195861816406,1.2941001285
I251K,-12.664050102233887,-2.450530473
S252Y,-10.190195083618164,-0.121884805
S252G,-7.703807830810547,-0.4381184165
S252A,-5.927225112915039,0.7383934125
S252W,-10.601114273071289,-1.555239169
S252V,-6.071022987365723,-0.0600318165
S252T,-7.648036956787109,-1.4605002694999998
S252R,3.71842098236084,-0.4787151055
S252P,-8.452829360961914,-1.2819911265
S252C,-4.734255790710449,0.52677188
S252D,-4.983309745788574,-1.4169733755
S252E,-5.5734405517578125,-1.8538419095
S252F,-11.226273536682129,-0.7350071785
S252N,-0.8207952976226807,0.706965818
S252H,-5.669103622436523,1.7011595085
S252I,-6.442206382751465,-0.448150049
S252K,-0.3534972667694092,0.88265882
S252L,-7.42257022857666,-1.6973503925
W253T,-6.819686412811279,1.3913513005000002
W253F,-7.326052665710449,-0.45181846
W253E,-6.620176315307617,-2.1267355055
W253D,-7.4772515296936035,-0.503365206
W253C,-7.342997074127197,-0.662206869
W253A,-5.751194953918457,0.237800804
W253G,-6.432123184204102,0.105817472
W253K,-6.008023738861084,-2.1616304505
W253I,-8.951236724853516,-1.3718480035
W253V,-6.593656539916992,0.237347242
W253M,-9.023115158081055,-2.319545482
W253N,-8.884368896484375,0.183390265
W253P,-7.634124279022217,1.2150989485
W253Q,-8.997332572937012,-1.8935128515
W253R,-4.829397201538086,0.2321086845
W253S,-5.201791763305664,-0.8495158429999999
W253Y,-9.584754943847656,0.8218103675
W253L,-5.771411895751953,-0.6954925225
Q254R,-6.995887756347656,0.1560229765
Q254S,-5.766932010650635,0.9257810105
Q254D,-6.972411155700684,-1.2411890365
Q254W,-10.635076522827148,-1.482517371
Q254P,-9.269400596618652,1.251410098
Q254V,-8.934932708740234,-0.8783007295
Q254T,-6.98508358001709,0.931953111
Q254N,-7.455276012420654,-0.067589389
Q254H,-7.1015143394470215,-1.108784619
Q254L,-9.83584976196289,-1.310369534
Q254K,-5.113848686218262,-1.4031253205
Q254I,-9.908183097839355,-0.2695479625
Q254G,-7.112288475036621,0.106687666
Q254F,-10.988459587097168,-1.2742442075
Q254E,-4.717557430267334,0.214962007
Q254M,-9.752068519592285,0.246185676
Q254C,-11.887231826782227,-1.1799077105
Q254Y,-10.823958396911621,-2.208060674
Q254A,-7.7790679931640625,-0.3738489685
L255Y,-15.735276222229004,-2.210883956
L255W,-16.07561683654785,-1.310720128
L255V,-10.18214225769043,0.079330993
L255T,-11.178250312805176,-2.0322798395
L255S,-12.946693420410156,-0.6777954175
L255R,-11.737113952636719,-0.1956186215
L255A,-12.82293701171875,-4.5
L255C,-14.700889587402344,-2.2576094115000003
L255D,-15.339865684509277,-2.985725137
L255F,-12.759478569030762,0.5282706735
L255H,-12.659615516662598,-0.1415252545
L255I,-7.231060981750488,0.7288597745000001
L255K,-12.396773338317871,-1.8044400975
L255M,-5.792540073394775,0.922295339
L255N,-12.278914451599121,-2.210883956
L255G,-14.154990196228027,-2.0387983715
L255Q,-9.912954330444336,-4.5
L255P,-14.881217956542969,0.124150127
L255E,-12.246021270751953,-4.5
A256L,-9.43255615234375,0.632966347
A256Y,-12.689484596252441,-0.165821183
A256W,-12.50076675415039,-0.3381648775
A256C,-9.971498489379883,0.935166095
A256D,-10.937470436096191,-2.8430669245
A256E,-11.027690887451172,-1.579679906
A256F,-9.65963363647461,1.0446179705
A256M,-9.806312561035156,0.652535255
A256N,-11.398242950439453,-1.12913459
A256R,-12.060983657836914,-1.119773962
A256S,-6.19270133972168,0.0655634755
A256Q,-11.458003997802734,1.0463919595
A256T,-6.479458332061768,0.6130112839999999
A256G,-8.917521476745605,-0.352042245
A256H,-11.566176414489746,-0.6665590779999999
A256I,-12.111624717712402,0.5434419235
A256K,-11.875516891479492,-0.5830565185000001
A256V,-9.237147331237793,0.297347841
A256P,-14.113062858581543,0.630087981
L257F,-5.202714920043945,0.371759693
L257H,-9.028630256652832,-1.4285597825
L257I,-5.777649402618408,0.865071423
L257T,-8.603078842163086,0.8877408000000001
L257K,-9.70731258392334,-1.6025891825
L257W,-8.781460762023926,0.8770255765
L257V,-5.741687774658203,0.6770822234999999
L257G,-6.334107398986816,0.7177991884999999
L257Y,-7.9794816970825195,0.572689315
L257E,-7.806855201721191,0.127845269
L257D,-8.840648651123047,-1.6261096865
L257C,-8.889143943786621,0.9227853145
L257A,-6.115137100219727,0.3486158675
L257M,-7.621589183807373,0.3951412825
L257R,-8.55172348022461,-1.087006335
L257Q,-9.204015731811523,0.382475873
L257P,-11.260406494140625,0.4005870015
L257S,-7.687484264373779,0.428511436
L257N,-9.546462059020996,-0.8344843135
C258A,-8.221565246582031,0.438765019
C258Y,-11.754932403564453,-0.5011216789999999
C258S,-7.326161861419678,0.581601947
C258Q,-12.65170669555664,-0.5092779239999999
C258T,-12.260034561157227,-1.153889889
C258V,-15.504570007324219,-1.466542023
C258W,-15.41274642944336,-0.8655368775
C258D,-9.556419372558594,-2.319520391
C258R,-11.710158348083496,-0.549803987
C258E,-11.428627014160156,-2.239798589
C258F,-12.086020469665527,-1.5506724719999998
C258H,-11.831510543823242,-3.11724234
C258P,-14.834463119506836,-0.340299586
C258N,-9.339454650878906,-0.3645246155
C258M,-11.567134857177734,0.5874619405
C258G,-10.750146865844727,-1.7957129185
C258I,-16.21552848815918,-0.2216505365
C258K,-12.777728080749512,-2.0953506175
C258L,-11.75882339477539,0.125886761
I259F,-10.594315528869629,-0.290023969
I259A,-9.56340217590332,1.097773932
I259Y,-11.863279342651367,0.253578916
I259V,-2.3947319984436035,0.701536704
I259T,-7.183968544006348,0.453974826
I259S,-7.398421287536621,0.72605622
I259R,-9.454256057739258,-0.03205071
I259Q,-6.737924575805664,0.45335186
I259P,-14.920720100402832,-1.2819911265
I259N,-6.731876373291016,0.2026107505
I259M,-8.0618257522583,-0.2884206365
I259L,-2.9994401931762695,0.8157282695
I259H,-9.500579833984375,0.5800502165
I259C,-9.101889610290527,0.7536183135
I259D,-9.209230422973633,-0.461287242
I259E,-7.667686462402344,0.506007813
I259G,-13.530125617980957,0.9519085085
I259K,-9.118369102478027,-0.16406642
I259W,-12.774908065795898,0.638812433
M260E,-5.480573654174805,-1.8273395315
M260K,-5.235489845275879,0.220193529
M260I,-2.775390148162842,-0.2305337835
M260H,-7.04295539855957,-2.9344402705
M260G,-1.9733861684799194,0.7455823755
M260Q,-6.373141288757324,-0.577796899
M260P,-8.991098403930664,-0.81718579
M260F,-0.3818472623825073,0.212851066
M260L,0.26331138610839844,0.505274498
M260Y,-6.044433116912842,-0.5965754245
M260W,-5.873479843139648,-0.489654808
M260V,-3.985434055328369,-0.0290362765
M260R,-5.721279144287109,-1.0142760995
M260S,-0.894978404045105,0.357604391
M260D,-6.45188045501709,-3.06928013
M260C,-4.67555570602417,-0.004835008
M260A,0.6686058044433594,0.5714630445000001
M260N,-6.182708740234375,-1.2106112865
M260T,-0.33552730083465576,0.461693177
L261T,-6.735396862030029,0.6583491645
L261S,-6.040927886962891,0.6730056390000001
L261A,-3.350094795227051,0.8316068059999999
L261C,-6.052051544189453,0.2936334095
L261D,-7.455602169036865,-1.600011335
L261W,-9.537222862243652,0.4125870115
L261E,-6.1432204246521,-1.846579692
L261R,-7.7397541999816895,-1.8334681435
L261G,-6.417669296264648,0.7391528334999999
L261H,-9.122182846069336,-1.072116968
L261I,-4.425477981567383,0.4082291005
L261Q,-8.09522819519043,-0.696721046
L261M,-7.306840896606445,0.4472874455
L261P,-10.397113800048828,0.437530243
L261N,-8.48044204711914,-1.1792029255
L261V,-4.21884298324585,0.7382667409999999
L261K,-7.787261486053467,-2.210030795
L261F,-6.090908050537109,0.1864881515
L261Y,-8.412830352783203,-0.907383408
I262W,-12.610833168029785,-0.4548813115
I262Y,-10.829974174499512,-0.3209275145
I262V,-2.872633457183838,0.7147630484999999
I262T,-7.374685287475586,0.1183461095
I262S,-10.73123550415039,-3.7566620835
I262R,-12.671445846557617,-2.139445529
I262Q,-11.582112312316895,0.073302967
I262P,-13.778261184692383,0.393313282
I262M,-7.22847843170166,0.4911434135
I262L,-7.057225227355957,0.4711175175
I262N,-10.645017623901367,-0.7671523765
I262H,-11.75378131866455,-0.6777127085
I262G,-10.718996047973633,0.159546872
I262F,-8.862325668334961,-0.821867407
I262E,-11.083032608032227,-0.9444620675
I262D,-11.377922058105469,-0.853448718
I262C,-9.846503257751465,0.29564412
I262A,-8.259464263916016,-1.0539126675
I262K,-12.464065551757812,-4.1016223615
F263W,-10.114555358886719,-0.0335561865
F263A,-14.38642692565918,-0.3424839455
F263C,-11.639275550842285,3.9192882
F263D,-14.775696754455566,-0.8562533945
F263E,-14.701007843017578,1.147440652
F263G,-13.748686790466309,0.137362701
F263Y,-7.562008857727051,0.521385611
F263V,-12.886663436889648,-1.2460963025
F263K,-13.794502258300781,-0.547070166
F263S,-13.215027809143066,0.4312042305
F263R,-15.197749137878418,-1.3563388905000002
F263Q,-14.615046501159668,-1.35090434
F263H,-13.355713844299316,0.4689842665
F263I,-12.244429588317871,-0.161322285
F263L,-8.54045295715332,-0.392100881
F263P,-16.911300659179688,-1.9089731075
F263N,-12.153092384338379,-4.160851759
F263M,-9.053826332092285,0.5171935665
F263T,-12.468499183654785,0.7584249479999999
T264Y,-11.679817199707031,-1.199862901
T264W,-10.872811317443848,0.3246026855
T264P,-13.667706489562988,0.2885099965
T264S,-5.126697540283203,0.349187904
T264F,-8.306320190429688,0.1882380795
T264E,-9.560340881347656,-4.287559459
T264D,-9.766865730285645,-1.2768347
T264C,-7.412326812744141,-0.066719574
T264A,-5.986423492431641,-0.531766647
T264G,-6.536172866821289,1.2857295115
T264H,-11.83895492553711,1.855402519
T264K,-10.744263648986816,-1.279379575
T264L,-5.432950973510742,0.171424616
T264M,-7.335897445678711,0.058416127
T264N,-9.391687393188477,-1.5651374475
T264Q,-10.750962257385254,-0.9006812245
T264R,-10.2198486328125,-3.263903242
T264I,-6.180659770965576,0.984094715
T264V,-5.70504093170166,0.6712888765
V265G,-11.652425765991211,0.1470950225
V265F,-5.722319602966309,-0.3678237595
V265H,-11.161816596984863,-2.83965827
V265I,-1.6990165710449219,0.6104710839999999
V265L,-2.2279486656188965,-0.0161822244999999
V265C,-8.797657012939453,-0.8076119355
V265A,-7.4068522453308105,0.3006568645
V265K,-10.951604843139648,-3.12595531
V265M,-6.0758490562438965,-0.3102099715
V265P,-13.398685455322266,-3.2639071425
V265R,-10.271726608276367,-1.4088045395
V265S,-9.352429389953613,-0.1933538045
V265T,-8.120348930358887,0.871868467
V265W,-10.523117065429688,-0.2495786155
V265Y,-10.05662727355957,-2.2489065885
V265D,-12.399239540100098,-3.374183589
V265E,-11.287452697753906,-0.5262148525
I266Q,-8.989489555358887,-2.3773868095
I266C,-7.641845703125,-0.247849727
I266A,-8.249865531921387,0.5440866635
I266Y,-11.408280372619629,-0.6963875345
I266W,-13.496858596801758,-1.111042536
I266T,-8.566794395446777,-0.003307944
I266S,-10.476131439208984,-2.666452356
I266R,-13.24710750579834,-0.0519507815
I266P,-15.083993911743164,-1.9831238815
I266N,-9.087135314941406,0.3316984625
I266V,-3.0686779022216797,-0.9074300475
I266M,-7.425773620605469,1.982528539
I266E,-9.326955795288086,0.004189106
I266F,-10.813772201538086,-0.861838661
I266G,-12.167799949645996,0.313644197
I266D,-10.643362998962402,-1.1622001515
I266K,-12.51962661743164,0.918338708
I266L,-2.731818675994873,0.7147430929999999
I266H,-10.320935249328613,0.492579864
Y267L,-9.405960083007812,0.920468592
Y267M,-13.614702224731445,0.2686193985
Y267F,-6.575878143310547,0.4868639845
Y267P,-19.33102035522461,-3.585529215
Y267Q,-13.981424331665039,-1.145618127
Y267R,-14.686202049255371,-2.4786007135
Y267S,-14.545974731445312,-0.5198334835
Y267T,-14.891250610351562,0.574530215
Y267W,-10.990684509277344,0.434569541
Y267E,-12.64787769317627,-0.8147691845
Y267A,-13.65420150756836,-0.170793175
Y267C,-10.101762771606445,-0.0552876765
Y267D,-14.40866756439209,-0.8314737870000001
Y267K,-13.086969375610352,-2.634104655
Y267V,-14.310992240905762,-0.820817505
Y267I,-14.002447128295898,-1.379214209
Y267N,-11.764715194702148,-0.7905715504999999
Y267G,-15.437009811401367,0.3115339055
Y267H,-10.417804718017578,0.4861542845
F268G,-10.925337791442871,0.2720417175
F268H,-12.24328899383545,-0.7694920845000001
F268I,-7.583077907562256,-0.5809755154999999
F268K,-11.101414680480957,-2.9360762995
F268L,-7.0175700187683105,-0.382295297
F268M,-10.188891410827637,0.364106463
F268N,-12.265290260314941,-2.284461924
F268P,-12.183948516845703,-1.7143785475
F268Q,-13.540674209594727,-3.7587724325
F268R,-12.024191856384277,-1.294426589
F268S,-9.295516014099121,0.117373561
F268T,-9.257119178771973,-0.275043604
F268V,-8.21119499206543,-2.635058941
F268W,-9.935489654541016,1.005734123
F268E,-12.537320137023926,-1.4331013725
F268C,-11.128473281860352,-0.3612997105
F268D,-13.295836448669434,-1.188170767
F268Y,-9.937015533447266,-0.3808897735
F268A,-10.245429992675781,1.0274070305
S269C,-3.3971614837646484,-0.2550961875
S269R,-13.704935073852539,-0.1153827485
S269Q,-12.240252494812012,-0.7184177709999999
S269P,-17.72771453857422,1.430035915
S269N,-10.110892295837402,-0.7232079109999999
S269M,-13.383485794067383,0.9748426935
S269L,-13.76108169555664,0.2348508645
S269K,-14.420136451721191,1.06292632
S269I,-13.591422080993652,1.050334172
S269H,-12.442879676818848,0.546733282
S269G,-10.710506439208984,0.7408907875
S269F,-12.997367858886719,-0.140293737
S269E,-12.038238525390625,-1.5267616795
S269D,-11.176430702209473,-0.112246481
S269A,-7.860952377319336,1.032306392
S269T,-9.431288719177246,1.804188038
S269V,-13.771013259887695,0.8228612555
S269Y,-15.040546417236328,0.068539983
S269W,-14.995420455932617,0.058987463
I270R,-12.793159484863281,-0.5407831805
I270T,-11.364484786987305,2.235936638
I270V,-5.720250129699707,-2.895393497
I270A,-13.335184097290039,0.656886399
I270C,-13.62221622467041,0.0703540445
I270W,-15.449455261230469,-0.096524834
I270Y,-16.61834144592285,0.050815945
I270D,-16.933982849121094,-2.52040751
I270Q,-12.66945743560791,-0.3857384035
I270P,-16.812894821166992,-2.94447931
I270N,-14.921571731567383,-2.00464351
I270S,-14.874354362487793,-3.42938669
I270E,-14.390130996704102,-2.9462799455
I270F,-14.133087158203125,2.9015690505
I270G,-16.83098602294922,-0.8186143534999999
I270H,-16.717018127441406,-0.974216938
I270K,-13.334890365600586,0.09934044
I270L,-5.141672134399414,0.1832851845
I270M,-9.757266998291016,-2.9351990635000003
W271G,-14.708773612976074,-1.8064881535
W271S,-10.691681861877441,-0.316358712
W271R,-9.821434020996094,-0.1223759145
W271Q,-13.699861526489258,-1.6374248875
W271P,-16.691320419311523,-1.4805720925
W271N,-13.299612998962402,-1.4982716815
W271M,-11.549811363220215,-0.487343166
W271L,-10.02096176147461,-0.2450061505
W271K,-10.799662590026855,-0.200541611
W271I,-11.212532043457031,-0.8624427275
W271H,-15.441965103149414,-1.505263286
W271Y,-11.945602416992188,-0.1335417065
W271A,-9.907034873962402,-0.29937425
W271V,-12.313267707824707,-0.245449374
W271C,-13.133627891540527,-0.691826032
W271D,-13.049896240234375,-1.8183729795
W271E,-13.843164443969727,-0.2175967095
W271F,-11.719398498535156,-4.7967999695
W271T,-14.625335693359375,-1.176772832
K272Y,-14.205427169799805,-0.4336463805
K272I,-15.445122718811035,-0.940330487
K272T,-13.7037353515625,-0.012448658
K272S,-9.315444946289062,0.066036685
K272R,-5.514293193817139,0.865839282
K272Q,-10.103816986083984,-1.5715121135
K272P,-12.707326889038086,-0.3455485545
K272N,-11.061477661132812,-1.6878914369999998
K272M,-10.418988227844238,-0.2726354745
K272L,-11.173788070678711,-0.407542855
K272H,-12.854574203491211,0.01781416
K272G,-9.053728103637695,-0.818392876
K272V,-14.322334289550781,-1.021157721
K272F,-12.32995319366455,0.236919102
K272D,-13.040241241455078,-1.702799352
K272C,-15.417350769042969,-0.0853571605
K272A,-9.132673263549805,-0.453726569
K272E,-9.571029663085938,-0.683008031
K272W,-12.377235412597656,-1.210713434
G273C,-15.803223609924316,-3.782095639
G273K,-12.672941207885742,-0.8428795625
G273I,-18.106494903564453,-1.9778051925
G273H,-14.84502124786377,-1.9799731465
G273F,-14.725082397460938,-3.14302499
G273E,-11.791624069213867,0.087211975
G273D,-12.5396728515625,-0.4935309335
G273A,-12.388437271118164,-0.3595448675
G273T,-14.18659782409668,-1.2099006845
G273V,-15.869359970092773,-0.635828442
G273S,-10.048005104064941,-0.341417887
G273R,-10.705307960510254,0.3835205365
G273N,-13.5562162399292,-2.3359705665
G273M,-14.577449798583984,-1.3917748195
G273L,-12.857769012451172,-1.5124427325
G273W,-15.892923355102539,-1.4474509175
G273Y,-16.42916488647461,-2.0864700085
V274R,-11.661055564880371,0.211763062
V274G,-13.299405097961426,-1.334707443
V274C,-12.888847351074219,-0.0828209505
V274H,-12.513943672180176,1.202437232
V274I,-6.1037139892578125,-0.9531899045
V274K,-12.858315467834473,-0.5136194510000001
V274L,-9.06269645690918,-1.077820175
V274A,-8.838052749633789,-0.030287052
V274M,-9.794342994689941,0.4323781595
V274E,-13.26976203918457,-0.225429091
V274D,-14.93803596496582,-3.7406718325
V274F,-11.74489974975586,-1.2040249785
V274S,-11.446961402893066,0.6582162155
V274T,-8.44583511352539,0.171352821
V274W,-16.14647674560547,-1.3890616345
V274Y,-13.456547737121582,0.0164654155
V274N,-13.100851058959961,-1.7302495055000002
V274P,-8.125679969787598,0.932470062
K275P,-11.639009475708008,-3.1836948035000003
K275Q,-7.482400894165039,-3.3395919635
K275R,-5.154560089111328,-1.315942909
K275S,-8.96589183807373,-1.845346154
K275T,-10.762788772583008,-1.578367341
K275V,-11.454961776733398,-0.4821316595
K275A,-7.717288017272949,0.7640047415000001
K275Y,-10.716756820678711,0.192139211
K275N,-9.584503173828125,-1.0110579525
K275M,-10.923168182373047,-0.8358042595
K275L,-11.429657936096191,-1.06475945
K275I,-13.195652961730957,-1.14302499
K275H,-8.903671264648438,1.023438557
K275G,-8.600693702697754,-1.271011438
K275F,-11.547398567199707,-1.9407781525
K275E,-8.722640037536621,-1.5776942975
K275D,-11.963539123535156,-3.185151745
K275C,-13.47967529296875,-2.046827349
K275W,-9.148407936096191,0.0396924195
T276A,-8.028853416442871,-1.9705394365
T276C,-12.544581413269043,0.8967501665000001
T276D,-11.74916934967041,-3.841123748
T276E,-8.34442138671875,-2.2897183455000003
T276F,-11.775740623474121,-1.037826243
T276I,-12.535110473632812,3.8419666585
T276G,-11.72881031036377,0.9609051805
T276H,-11.699954986572266,-1.566905436
T276Y,-11.633699417114258,-1.511507787
T276V,-9.098054885864258,1.0000674655
T276S,-2.4557714462280273,-0.3103651
T276R,-11.069067001342773,-1.2267983535
T276W,-12.606010437011719,-0.383862336
T276P,-13.971595764160156,-0.95631952
T276N,-11.200526237487793,-1.359680825
T276M,-11.495256423950195,2.6787227455
T276L,-11.401957511901855,2.525646584
T276K,-10.684709548950195,-2.9949721215
T276Q,-9.625469207763672,-0.4598050565
S277N,-11.758721351623535,0.7636435505
S277W,-15.894247055053711,1.7853999665
S277V,-13.103534698486328,0.991455364
S277T,-6.665567398071289,-1.21527998
S277R,-12.66122817993164,0.643798604
S277Q,-11.758150100708008,-0.839045223
S277P,-12.795340538024902,-0.153778828
S277M,-11.576812744140625,-0.9231672535
S277Y,-15.298104286193848,0.194850319
S277K,-13.274882316589355,0.061495839
S277A,-8.796565055847168,-2.892748384
S277I,-13.16834831237793,0.1359164935
S277C,-15.666041374206543,0.625188956
S277D,-12.056462287902832,-0.8244889240000001
S277E,-12.924866676330566,0.166552885
S277F,-13.899331092834473,0.967643673
S277G,-11.182901382446289,-0.5501086070000001
S277H,-15.595877647399902,-0.863194459
S277L,-11.612037658691406,0.923865736
G278Y,-16.551742553710938,-0.194571059
G278W,-17.47047996520996,-0.5788844915
G278V,-16.120460510253906,0.502728572
G278T,-12.416645050048828,-0.344355049
G278S,-8.826183319091797,-0.050895292
G278R,-10.879844665527344,0.5988367165
G278P,-13.661922454833984,0.484665873
G278N,-11.94042682647705,-0.567257482
G278M,-14.288445472717285,0.289860814
G278L,-15.318692207336426,-0.0188305755
G278K,-13.178163528442383,0.425423111
G278I,-19.36288070678711,-0.271119422
G278H,-14.301603317260742,-0.010437937
G278F,-16.137298583984375,-0.1636758875
G278E,-12.840032577514648,-1.2945412265
G278D,-14.291579246520996,-0.7641751395
G278A,-8.810842514038086,0.424197198
G278Q,-13.998942375183105,0.3354005905
G278C,-12.81655502319336,-1.284720287
K279G,-11.21290111541748,-0.7244695395
K279C,-15.243247032165527,-0.9803397365
K279A,-9.108316421508789,-0.520946792
K279Y,-13.92323112487793,-0.8198768095000001
K279W,-13.271273612976074,-0.057204433
K279V,-11.700937271118164,-0.5387670065
K279T,-12.192808151245117,-0.874005618
K279R,-6.902309417724609,0.3306041255
K279Q,-10.808049201965332,-2.1553475055
K279P,-15.298009872436523,-0.6916469315
K279S,-12.144949913024902,-0.8379908895
K279M,-10.390861511230469,-0.7728856695
K279L,-10.61295223236084,-1.387250541
K279I,-12.337417602539062,-3.5524502705
K279H,-13.389862060546875,-0.9724538905
K279F,-12.561655044555664,-1.1271774465
K279E,-10.834138870239258,-2.5091269815
K279D,-13.754911422729492,-1.236885407
K279N,-9.955513954162598,-0.6855100934999999
V280N,-13.3252592086792,-1.9003761415
V280W,-14.935287475585938,-0.159065595
V280T,-9.434289932250977,0.293172233
V280S,-10.95927619934082,-0.0256363795
V280R,-13.08302116394043,0.340553246
V280Q,-13.524483680725098,-0.5603773875
V280P,-14.75775146484375,-0.5834646745000001
V280M,-10.567214012145996,-0.09959519
V280C,-11.526656150817871,0.7470011315
V280K,-14.1689453125,0.5035388715
V280I,-7.275180816650391,0.231123857
V280H,-13.95873737335205,0.060695611
V280G,-14.983465194702148,-2.4927910965
V280F,-11.919551849365234,0.9247863045
V280E,-13.022102355957031,-1.4141415094999998
V280D,-13.459417343139648,-2.8390135675
V280A,-7.702306270599365,-0.023377226
V280L,-10.676718711853027,0.8175511645
V280Y,-13.97374153137207,0.8627385805
V281C,-10.025787353515625,0.544727616
V281R,-10.192208290100098,0.5891142145
V281T,-8.995933532714844,0.012599154
V281S,-10.625872611999512,0.2901700165
V281Q,-12.841190338134766,0.338090575
V281P,-11.812559127807617,0.0365947685
V281N,-10.839773178100586,-0.3768510525
V281L,-8.713860511779785,0.836058827
V281W,-13.871283531188965,0.1091167615
V281K,-13.940339088439941,-0.0323210675
V281H,-11.8946533203125,1.3037694595
V281G,-11.274250984191895,0.003045363
V281F,-10.75146770477295,0.0127371095
V281E,-12.0469331741333,-0.7969525365000001
V281D,-13.371343612670898,-2.6945552905000003
V281A,-8.897148132324219,0.59373513
V281I,-8.747991561889648,-0.1249874545
V281Y,-13.86508846282959,-0.9901689635
V281M,-8.910905838012695,0.6882001445
W282Y,-10.359759330749512,-0.5524832035
W282S,-13.837447166442871,-0.072219638
W282R,-13.4387788772583,0.471124536
W282Q,-15.490348815917969,-0.7222787340000001
W282P,-19.50318145751953,-1.5226458375
W282N,-16.27834129333496,-0.5610074365
W282M,-13.329448699951172,0.2224459135
W282T,-16.316078186035156,-0.9915787065
W282L,-13.73816204071045,-0.0475626405
W282I,-16.055265426635742,-1.5695649575
W282H,-12.483765602111816,0.0372304755
W282G,-13.637079238891602,-1.622762031
W282F,-10.280935287475586,-0.780528514
W282E,-17.629192352294922,-3.010919977
W282D,-16.68628692626953,-2.732984637
W282K,-14.989742279052734,0.822745046
W282V,-15.618389129638672,-0.7003990684999999
W282A,-13.278852462768555,-0.3447818915
W282C,-14.842939376831055,-1.8891599805
V283D,-12.903189659118652,-2.515134679
V283A,-8.161191940307617,0.580264537
V283E,-12.590209007263184,-0.7905004105
V283F,-1.968632698059082,0.551697759
V283G,-9.637189865112305,-0.124546977
V283H,-9.365571975708008,-2.067647716
V283I,-3.5185718536376953,0.2501979435
V283K,-11.20364761352539,-4.5434893160000005
V283L,-4.21611213684082,-0.193739484
V283M,-7.587440013885498,0.1360705545
V283N,-12.424540519714355,-3.3647766055
V283P,-13.18977165222168,-1.133392833
V283Q,-11.245420455932617,-2.0872873465
V283R,-10.356289863586426,-2.72036522
V283S,-10.586180686950684,-1.629644163
V283T,-9.403412818908691,-1.460250156
V283W,-9.867416381835938,-0.4968568655
V283C,-10.274171829223633,-0.4893107270000001
V283Y,-7.197401523590088,-0.3759779185
T284H,-17.00204086303711,0.353103258
T284V,-9.167293548583984,0.106083877
T284S,-7.198288917541504,0.551983012
T284R,-12.19550895690918,-1.0123694155
T284Q,-12.844538688659668,-0.662419131
T284P,-15.556723594665527,-0.912954048
T284N,-10.477140426635742,-0.422443265
T284W,-16.56403350830078,-0.7267068255
T284M,-12.696796417236328,-0.12484143
T284K,-10.832110404968262,-2.570764149
T284I,-11.758136749267578,-0.7080246170000001
T284D,-9.723553657531738,-2.7107324045
T284G,-11.756818771362305,-0.835740785
T284F,-15.175025939941406,-0.330791703
T284E,-9.892783164978027,-1.309283395
T284L,-12.375677108764648,-0.8616218529999999
T284Y,-16.587642669677734,-0.1690732575
T284A,-6.755895614624023,-0.158430358
T284C,-10.856341361999512,-0.1382282465
A285W,-19.836881637573242,-2.5567990255
A285Y,-17.735729217529297,-0.5208650979999999
A285G,-11.330038070678711,0.459930365
A285H,-14.312065124511719,-0.2055598455
A285I,-17.71331787109375,-1.0363269655
A285K,-15.542929649353027,-0.8549606590000001
A285L,-16.760881423950195,-1.744959147
A285M,-16.74201774597168,-1.0257622095
A285C,-13.873854637145996,0.6005896095000001
A285D,-12.825861930847168,-3.3115424835
A285Q,-13.945381164550781,-0.3452074995
A285R,-15.186774253845215,0.333072032
A285S,-8.159516334533691,0.5377461245
A285T,-11.522956848144531,0.0086324135
A285F,-17.033971786499023,-1.2236194605
A285E,-14.219326972961426,-2.527574177
A285V,-12.887481689453125,-0.032499645
A285P,-13.800384521484375,-0.6590792605
A285N,-13.966753959655762,-0.6603036004999999
T286E,-9.991426467895508,-1.4880472635
T286F,-10.916683197021484,0.6540225525
T286A,-9.151637077331543,-0.8593460390000001
T286G,-9.377726554870605,0.2119215065
T286H,-11.7908296585083,-3.970877036
T286I,-7.056392669677734,1.036033656
T286K,-9.298601150512695,-2.8216859905
T286L,-5.439742088317871,0.763625186
T286M,-9.336576461791992,0.839645097
T286N,-8.939845085144043,-2.410751228
T286P,-14.02880573272705,-0.7745528925
T286R,-9.346160888671875,-1.763658785
T286Q,-10.6613130569458,-4.4450606515
T286V,-8.812226295471191,0.4139617275
T286W,-12.487696647644043,-0.8562915590000001
T286Y,-13.411222457885742,-3.0338955910000003
T286D,-11.261551856994629,-2.898110582
T286C,-10.455118179321289,0.330312741
T286S,-6.8936333656311035,-2.2714144595
F287S,-9.7424955368042,0.2000332845
F287V,-9.069957733154297,-1.8978532245
F287W,-9.530133247375488,0.0382754655
F287Y,-9.55687141418457,-0.4613028495000001
F287T,-9.01150131225586,-0.412855039
F287R,-12.049617767333984,-1.8549652895
F287M,-6.058322906494141,0.541260337
F287P,-17.430702209472656,-2.710913977
F287Q,-11.730297088623047,-1.6576411435
F287A,-9.50107192993164,0.5678223370000001
F287D,-12.752449989318848,-2.5765778545
F287E,-10.911290168762207,-2.0786583325
F287G,-13.946834564208984,0.3351091995
F287C,-12.999263763427734,-1.329123673
F287I,-8.862451553344727,0.970125136
F287K,-10.655476570129395,-2.556940194
F287L,-3.992439031600952,-0.779894465
F287N,-13.493572235107422,-4.607243993
F287H,-13.503609657287598,-3.646238124
P288L,-18.865291595458984,-1.30305153
P288D,-17.212886810302734,-1.1218163625
P288E,-17.19190216064453,-0.6431498875
P288F,-20.885684967041016,-0.273479127
P288G,-14.330930709838867,-1.018536631
P288H,-19.977270126342773,-0.5707591835
P288I,-21.344575881958008,-3.116956178
P288K,-19.33188247680664,0.7369097035
P288M,-20.333803176879883,-0.8337476145
P288V,-21.064754486083984,-2.269831802
P288Q,-18.982837677001953,-0.1763366165
P288R,-18.20443344116211,-2.048455631
P288S,-16.080734252929688,-0.5608119825
P288T,-18.889293670654297,-0.5767621860000001
P288W,-18.31462287902832,-0.4336820755
P288Y,-20.19303321838379,0.4690745475
P288C,-19.723926544189453,-1.857783488
P288N,-19.64286994934082,-0.636362962
P288A,-13.065496444702148,-1.1457304275
Y289V,-11.631067276000977,0.3930390455
Y289T,-11.642062187194824,0.788437963
Y289K,-11.151254653930664,-0.555895921
Y289N,-10.327767372131348,-0.723240888
Y289M,-11.003630638122559,0.7576271035
Y289L,-8.549748420715332,0.454753128
Y289S,-10.470064163208008,0.737856928
Y289I,-11.267099380493164,0.5045815445
Y289H,-8.384645462036133,0.1280354245
Y289P,-12.534589767456055,-0.516751882
Y289G,-12.499616622924805,-0.197443073
Y289W,-10.780685424804688,0.980749351
Y289E,-10.18820571899414,-1.6461878090000002
Y289R,-13.075785636901855,-2.0127832335
Y289A,-10.395687103271484,-0.150318444
Y289C,-10.357219696044922,-1.69352959
Y289D,-11.079811096191406,-3.255765963
Y289F,-6.216177463531494,1.002404096
Y289Q,-10.457295417785645,-2.487210069
I290Q,-11.381256103515625,-0.6750065190000001
I290S,-9.984580039978027,-5.097437522
I290T,-8.720324516296387,0.2461357835
I290Y,-10.716497421264648,-1.3111471165000002
I290R,-10.480134010314941,-1.148960489
I290W,-10.975668907165527,-0.4837970385
I290V,-2.8490285873413086,0.454367399
I290P,-10.84424877166748,-1.253479455
I290A,-6.125469207763672,0.277933236
I290C,-9.085777282714844,0.08038619
I290D,-11.054557800292969,-3.3743904815
I290E,-10.387399673461914,-2.7749148860000004
I290F,-5.6438446044921875,0.3553380105
I290G,-10.068659782409668,-0.864948425
I290H,-10.3372163772583,-2.772454397
I290K,-10.955561637878418,-1.7563328644999998
I290L,-4.108718395233154,0.3306760865
I290M,-7.656562805175781,-1.573114533
I290N,-11.975639343261719,-0.991129184
I291A,-6.92732572555542,1.063358294
I291N,-11.359882354736328,-2.641259537
I291M,-7.463476657867432,-4.430712677
I291W,-15.268198013305664,-0.477511414
I291Y,-14.580991744995117,-0.715822669
I291R,-13.887212753295898,-4.0076691455
I291Q,-12.553228378295898,-0.139900916
I291C,-8.718130111694336,0.7415168135
I291D,-12.893814086914062,-1.9263803875
I291E,-11.996747970581055,-1.058136092
I291F,-11.954736709594727,0.192588591
I291G,-9.270820617675781,0.8802197605
I291H,-14.201576232910156,-2.5800103755
I291P,-14.145103454589844,-1.887075471
I291L,-8.276769638061523,0.2718230115
I291V,-0.5767927169799805,1.4459537515
I291K,-13.342052459716797,-0.381244012
I291S,-10.348039627075195,0.510207276
I291T,-7.728687763214111,0.2105180255
L292Y,-14.818346977233887,-0.989307926
L292P,-16.342899322509766,0.139898905
L292Q,-10.966389656066895,0.298238575
L292R,-12.97674560546875,-3.8912351995
L292S,-13.185708999633789,-1.2950891395
L292T,-11.971888542175293,-0.6149430415
L292V,-12.040826797485352,-1.3471736125
L292W,-12.853849411010742,0.182413976
L292N,-11.29417610168457,-0.831619285
L292K,-12.444153785705566,-2.323597235
L292H,-12.931172370910645,-0.247961356
L292G,-13.35394287109375,-0.475763089
L292F,-10.405261039733887,0.4386214655
L292E,-11.860045433044434,-0.5388104245
L292D,-13.26932144165039,-2.4314615805
L292C,-12.089093208312988,-0.7882875009999999
L292A,-11.625141143798828,-1.7984186725
L292I,-8.845929145812988,0.563365773
L292M,-7.057845115661621,0.753957819
R298C,-10.329010009765625,-4.211857818
R298Y,-9.199060440063477,-1.8680483215
R298D,-11.388381004333496,-2.106384112
R298E,-11.880518913269043,-2.2921421425
R298K,-8.010499954223633,-0.013473975
R298G,-11.21242904663086,-1.8857384035
R298H,-8.330492973327637,-3.215819257
R298I,-12.631997108459473,-1.9777857905
R298W,-10.771832466125488,-1.5072043385
R298L,-10.38287353515625,-2.961517963
R298M,-9.01055908203125,-1.5213845894999998
R298N,-9.061866760253906,-3.004276218
R298P,-16.934993743896484,-1.81101973
R298Q,-8.556955337524414,-1.5936150530000002
R298S,-10.492297172546387,-0.9082423255
R298T,-11.715375900268555,-2.072505377
R298V,-12.438064575195312,-1.5411882925
R298F,-10.96286392211914,-1.6079534880000002
R298A,-8.036947250366211,-1.942914487
G299E,-15.318536758422852,-0.8194596415000001
G299A,-13.281119346618652,-0.7425527495
G299Y,-21.167049407958984,-1.9207989805
G299W,-19.82969856262207,-0.6888312695000001
G299V,-21.93992042541504,-1.5491500455
G299S,-12.099268913269043,-0.8835862875
G299R,-16.189428329467773,-0.6920476105
G299Q,-17.312610626220703,-1.832456933
G299P,-15.881688117980957,-3.8458750915
G299N,-15.100204467773438,-2.2622038925
G299M,-18.353256225585938,-3.67907789
G299T,-17.25617027282715,-0.8056151579999999
G299K,-18.6475887298584,-3.3508442385
G299I,-21.818586349487305,-1.7752104165
G299H,-18.990079879760742,-1.9355062405
G299F,-22.12628936767578,-3.6827201415
G299D,-15.286483764648438,-4.7010409865
G299C,-15.423361778259277,-1.7290553625
G299L,-19.572269439697266,-2.532789254
A300V,-3.2105135917663574,0.1926623005
A300T,-6.986907482147217,-0.5631639435
A300S,-7.291354656219482,-0.140475791
A300R,-9.66512393951416,-1.7672188045
A300Q,-9.564371109008789,-1.8153490755
A300P,-13.763669967651367,-1.460375234
A300N,-8.738911628723145,-3.792218579
A300K,-10.107864379882812,-1.7658817375
A300L,-3.6484732627868652,0.308415868
A300I,-4.331791877746582,1.9202716475
A300H,-10.37710189819336,-3.917125295
A300G,-8.9561128616333,-0.8632878184999999
A300F,-8.389314651489258,0.188168435
A300E,-10.34549331665039,-2.783741648
A300M,-6.392207145690918,-0.0532176435
A300D,-10.569646835327148,-2.4637980045
A300W,-10.200559616088867,-1.4422558945
A300Y,-11.362053871154785,-2.313899856
A300C,-6.44288444519043,0.9707216565
T301S,-5.554452419281006,-1.0466350555
T301V,-11.319912910461426,-2.590350502
T301A,-5.830819606781006,-0.4998314985
T301C,-7.4191975593566895,-2.4982716815
T301D,-9.741252899169922,-0.798899835
T301E,-8.134587287902832,-3.225460975
T301F,-10.261890411376953,-0.62082793
T301G,-10.033510208129883,-2.2668636725
T301Y,-12.336592674255371,-2.0091528885
T301I,-10.948837280273438,-0.6268936595
T301H,-10.979358673095703,-3.299892668
T301R,-6.976999759674072,-1.151552572
T301W,-11.747724533081055,-2.449672809
T301P,-14.374543190002441,-1.4748111575
T301Q,-8.270639419555664,0.142371374
T301M,-5.205348968505859,-0.913138427
T301L,-6.247916221618652,-1.89329185
T301K,-8.075518608093262,-2.8798256855
T301N,-8.394145965576172,-1.290889482
L302Q,-8.251079559326172,-1.477566551
L302P,-12.764691352844238,-0.7979540509999999
L302N,-11.852890014648438,-3.397912492
L302M,-8.125268936157227,-1.216792705
L302K,-10.369637489318848,-0.6428596805
L302H,-13.331212997436523,-4.0135087525
L302G,-12.074514389038086,-1.5576334985
L302F,-10.262960433959961,-2.3187922685
L302D,-15.20512580871582,-2.0080678045
L302C,-9.124584197998047,-1.8384034445
L302A,-12.12291431427002,-2.8876454625
L302I,-14.49715805053711,-3.5107967495
L302E,-11.068120002746582,-3.6099146635
L302S,-14.567699432373047,-1.8863626765
L302Y,-12.104996681213379,-1.9982716815
L302W,-12.712038040161133,-1.85299283
L302V,-15.14956283569336,-2.1287359575
L302T,-13.736075401306152,-2.6293540655000003
L302R,-9.865970611572266,-2.984461147
P303E,-6.932483673095703,-1.1326864155
P303V,-12.146207809448242,-3.035275017
P303T,-9.144137382507324,-2.9119421115
P303S,-8.063720703125,-1.1347294234999998
P303R,-7.727953910827637,-0.288826769
P303Q,-8.584226608276367,-2.0213761315
P303L,-11.763846397399902,-1.624886414
P303M,-13.066349983215332,-1.848847895
P303W,-12.805292129516602,-3.213965154
P303K,-7.237410545349121,-0.0548801705
P303I,-12.755632400512695,-2.1757204430000003
P303H,-8.857216835021973,-0.071030849
P303G,-11.158111572265625,-2.719069885
P303N,-8.710526466369629,-1.792878734
P303F,-13.357322692871094,-1.6089467365
P303Y,-12.877399444580078,-2.271329058
P303D,-7.976771831512451,-1.5161017915
P303C,-12.095992088317871,-1.287294937
P303A,-9.354802131652832,-1.139825659
G304F,-22.242177963256836,-2.994033584
G304E,-16.220619201660156,-0.5498603045
G304D,-16.317625045776367,-2.705619677
G304C,-17.45722770690918,-2.482811955
G304A,-15.214363098144531,-1.235002096
G304I,-19.589948654174805,-1.9144742105
G304K,-15.784725189208984,-1.5724985930000002
G304L,-17.27027130126953,-2.553703698
G304M,-17.92605972290039,-2.0578405015
G304P,-18.353059768676758,-2.8791128915
G304Q,-17.409910202026367,-2.6389286205
G304R,-15.083806991577148,-0.5236139015
G304S,-15.932013511657715,-2.553424372
G304T,-18.03073501586914,-3.4643944060000003
G304V,-20.29558563232422,-1.0158300525
G304W,-20.09125518798828,-1.497623732
G304Y,-21.857791900634766,-2.182390624
G304N,-16.333486557006836,-1.214395076
G304H,-19.69411849975586,-2.1551408035
A305C,-11.575636863708496,-2.956578245
A305D,-12.737421989440918,-1.248487377
A305M,-10.735079765319824,-2.031625554
A305G,-9.457500457763672,-1.5136194509999998
A305H,-9.598587989807129,-2.995184896
A305I,-16.75987434387207,-2.931409871
A305K,-11.684745788574219,-3.298388935
A305L,-13.397432327270508,-1.484200548
A305F,-11.824772834777832,-2.549475637
A305N,-11.210031509399414,-1.860625259
A305P,-13.111849784851074,-1.300062483
A305Q,-11.033195495605469,-1.827083216
A305R,-12.490277290344238,-2.6601775725
A305S,-5.43509578704834,-0.909749161
A305E,-11.908682823181152,-2.9831288145
A305T,-13.082962989807129,-0.8211293875
A305V,-14.854170799255371,-0.6819592095
A305W,-13.061285018920898,-2.5783834815
A305Y,-11.395517349243164,-1.3505437395
W306G,-6.830906867980957,-0.7893583609999999
W306M,-6.371525287628174,0.1439811105
W306L,-4.789690971374512,-0.283600445
W306A,-6.148739337921143,-0.6037100365
W306V,-6.384517192840576,-0.991837341
W306T,-6.455316066741943,-0.6661555185
W306S,-6.025062084197998,-0.5256721485
W306R,-8.804774284362793,-0.4354852725
W306Q,-10.018272399902344,-1.2668346665
W306D,-5.527805328369141,-2.2632223285
W306P,-10.740525245666504,-3.2960248435
W306E,-7.724727630615234,-1.389848657
W306F,-5.770857810974121,-0.443905756
W306Y,-6.614654064178467,0.1749655155
W306K,-8.634368896484375,-1.3059458455
W306I,-6.293802261352539,-2.0181138425
W306H,-8.111391067504883,-1.066867459
W306C,-10.526742935180664,-1.28412742
W306N,-9.023723602294922,-2.141899935
R307Y,-9.523879051208496,-1.5045320035
R307D,-3.7454757690429688,-1.054907903
R307V,-9.397714614868164,-0.7063509370000001
R307C,-12.440765380859375,-1.643715311
R307A,-7.5310258865356445,-0.4230460545000001
R307F,-10.327400207519531,-3.132763197
R307G,-8.678743362426758,-1.579492394
R307H,-7.582127571105957,-3.662399149
R307I,-7.238873481750488,-1.6245142355000002
R307W,-11.728194236755371,-3.568661009
R307K,-2.48768949508667,0.665325078
R307M,-7.037984848022461,-1.2328117375
R307N,-4.92939567565918,0.26052073
R307P,-12.011714935302734,-1.0996063459999998
R307E,-5.350549221038818,-1.276543158
R307S,-6.268115997314453,-0.5323058485000001
R307T,-6.649958610534668,0.134417331
R307L,-5.251208305358887,-1.28459757
R307Q,-3.610844612121582,1.061826837
G308F,-21.60076141357422,-2.038882972
G308Y,-22.212003707885742,-1.9998314985
G308W,-20.110424041748047,-2.3238624475
G308A,-13.215699195861816,-1.5611561655
G308C,-18.093828201293945,-2.433105855
G308H,-18.763578414916992,-5.390952502999999
G308I,-20.552091598510742,-2.801260152
G308K,-16.649099349975586,-2.8717229680000003
G308L,-16.47157096862793,-2.4104022595
G308M,-17.572891235351562,-3.6495855585
G308D,-15.536456108093262,-0.902983282
G308P,-17.358062744140625,-3.0556755210000004
G308Q,-16.69385528564453,-3.928213844
G308R,-14.757786750793457,-1.5773458205000002
G308S,-15.086516380310059,-1.2477158995
G308T,-16.736371994018555,-2.1994613195
G308E,-15.005376815795898,-1.4195589325
G308N,-16.966699600219727,-2.2999527680000003
G308V,-19.724302291870117,-1.1631876025
V309L,-4.2745771408081055,-0.3075579705
V309M,-6.504438400268555,-0.081283599
V309N,-9.970344543457031,-1.7695501485
V309Q,-10.173118591308594,-0.9280310695
V309T,-8.650860786437988,-1.882252599
V309S,-11.533672332763672,-1.9594510215
V309W,-11.210867881774902,-1.479122659
V309Y,-10.263731002807617,-4.146841104
V309K,-9.874293327331543,-0.718148844
V309R,-10.853349685668945,-1.5947205055000002
V309I,-0.2502870559692383,-0.8432939545
V309P,-12.69389533996582,-0.938329522
V309G,-13.520243644714355,-3.0645740435000004
V309F,-9.395654678344727,-4.3140178635
V309E,-9.781826972961426,-0.9482554895
V309D,-11.711766242980957,-1.9982419955
V309C,-10.288738250732422,-1.737061164
V309A,-9.963221549987793,0.2110358425
V309H,-11.654712677001953,-2.5524502705
L310S,-5.795056343078613,0.9463423645
L310T,-3.7062716484069824,-0.927798714
L310V,-5.497354507446289,0.8918881915000001
L310W,-5.821572780609131,0.3450120905
L310P,-11.870307922363281,-0.089652618
L310N,-6.026937484741211,-0.4415098895
L310M,-4.959488391876221,-0.173219044
L310K,-6.273528099060059,0.8499198090000001
L310G,-7.979387283325195,0.1844458685
L310H,-6.085021018981934,0.100897118
L310R,-6.460168361663818,0.248699214
L310F,-5.733445167541504,0.584275285
L310E,-3.420658588409424,0.988325256
L310D,-3.681023597717285,0.6052015735
L310C,-8.509452819824219,0.4411090425
L310A,-5.039559364318848,0.925229181
L310Y,-4.73538875579834,0.606105269
L310I,-4.445429801940918,0.437335894
L310Q,-5.128888130187988,0.553101411
F311A,-8.158367156982422,-0.9590836255
F311I,-13.64263916015625,0.186329385
F311L,-8.760201454162598,-0.137906102
F311M,-9.250165939331055,-0.1275853335
F311N,-10.030714988708496,-1.832446419
F311P,-14.194463729858398,-3.917125295
F311Q,-9.141641616821289,-3.09563592
F311R,-9.280130386352539,-2.1706930205
F311S,-9.00651741027832,-0.4226966645
F311T,-8.730608940124512,-2.367651597
F311V,-11.78516960144043,-1.327734048
F311W,-7.275195121765137,-1.363194459
F311Y,-2.7299251556396484,-2.4884289365
F311C,-9.1376953125,-6.6545773575
F311K,-9.195551872253418,-3.3605725655
F311D,-9.94880199432373,-2.8505437395
F311H,-6.1799421310424805,-1.9407781525
F311G,-11.84636116027832,-2.1816628465
F311E,-9.502385139465332,-2.4975056655000003
Y312V,-15.966632843017578,-2.4963839525
Y312C,-9.34361457824707,-0.544489105
Y312A,-11.44817066192627,-3.778358307
Y312D,-12.673907279968262,-2.602258281
Y312E,-10.626684188842773,-0.855728226
Y312F,-4.510944843292236,0.2313616105
Y312H,-8.54757022857666,0.102290741
Y312I,-14.676681518554688,-1.3243100295
Y312G,-12.610085487365723,-0.9701919275
Y312L,-5.281727313995361,-2.4006254905
Y312M,-9.390188217163086,-2.6598387085
Y312N,-10.06396484375,-0.543952552
Y312W,-12.656562805175781,-1.1711379295
Y312P,-16.93158721923828,-0.4441275585
Y312Q,-11.26309585571289,-3.9548803995
Y312R,-12.74570369720459,-1.804922506
Y312K,-10.063592910766602,-5.149898148
Y312S,-12.826236724853516,-1.3945246275
Y312T,-14.969467163085938,-1.9910218965
L313F,-7.482073783874512,-0.92849213
L313E,-13.887226104736328,-3.3276402245
L313A,-12.523181915283203,-2.502681253
L313C,-11.631967544555664,-1.057476156
L313G,-16.20053482055664,-2.7835031465
L313D,-15.123541831970215,-3.6201214745
L313I,-6.559057235717773,-0.638908949
L313H,-13.395771026611328,-0.217417236
L313M,-8.3408784866333,-0.4325154485
L313N,-13.606839179992676,-3.6598387085
L313P,-17.284208297729492,-0.2733567405
L313Q,-12.91475772857666,-2.2861770825
L313R,-13.255331039428711,-0.2658879975
L313S,-13.881442070007324,-3.41230021
L313T,-11.066472053527832,-0.007563629
L313V,-8.990324974060059,-0.473108763
L313W,-11.491403579711914,-5.0286156445
L313Y,-11.32482624053955,-1.806040125
L313K,-13.661771774291992,-3.952319959
W326L,-13.436750411987305,-0.8504182690000001
W326E,-14.904618263244629,-1.134336184
W326I,-17.053462982177734,-1.1153440265
W326G,-13.033824920654297,-1.752107553
W326H,-12.60312271118164,-2.4831334245
W326K,-14.856829643249512,-0.5293551955
W326F,-9.112005233764648,-1.9708520115
W326D,-14.940476417541504,-1.9038480265
W326P,-20.731353759765625,-3.082821132
W326A,-13.273873329162598,-1.5506790255
W326N,-15.526107788085938,-3.103878228
W326Q,-16.08327293395996,-3.4648144505
W326R,-12.716961860656738,-1.029479203
W326S,-12.823850631713867,-1.243415061
W326T,-14.811773300170898,-2.5902165535
W326V,-14.512550354003906,-1.755341566
W326Y,-10.309144973754883,-1.285311182
W326C,-12.977267265319824,-0.1728351985
W326M,-13.813776016235352,-2.990380381
I327S,-7.903943061828613,0.7012246540000001
I327T,-6.536526679992676,-0.041591213
I327N,-8.78547477722168,-0.1294382805
I327M,-7.087505340576172,0.2967136335
I327L,-6.297451972961426,-0.618580231
I327G,-9.993762016296387,-1.7758554290000002
I327F,-8.806666374206543,0.1000920905
I327A,-6.915877342224121,-3.793655994
I327V,-3.230466842651367,0.1292405115
D328E,-6.069126605987549,-0.727375881
D328F,-12.998238563537598,-3.3898639489999995
D328G,-10.208712577819824,-0.7280784595
D328H,-9.424291610717773,0.2846268805
D328I,-14.501962661743164,-1.638341109
D328K,-9.460372924804688,0.7254393525
D328L,-11.436071395874023,-1.711064836
D328M,-12.283159255981445,-1.0576123845
D328R,-11.128708839416504,-0.5674991285000001
D328P,-11.994811058044434,-2.8782435865
D328Q,-8.605826377868652,0.6284221
D328S,-10.418075561523438,0.5253470095
D328T,-12.480850219726562,0.29623889
D328V,-13.657655715942383,-0.9423631665
D328W,-13.621207237243652,-2.343708044
D328A,-6.953197479248047,0.36260915
D328N,-8.785659790039062,0.6181138415
D328C,-11.883367538452148,-0.726008943
D328Y,-12.016507148742676,-0.1270706365
A329P,-11.9382963180542,-0.7592767665000001
A329Q,-14.928086280822754,-2.3914980665
A329N,-15.746641159057617,-3.2504627810000004
A329S,-10.92266845703125,0.2503643835
A329T,-15.746748924255371,-0.688121289
A329V,-15.980033874511719,-1.1728617595
A329W,-22.462539672851562,-1.54691629
A329Y,-19.80859375,-2.79555581
A329M,-17.08663558959961,-1.84022637
A329R,-15.421863555908203,-1.3685410994999998
A329K,-15.410582542419434,-1.882013479
A329I,-19.46761703491211,-2.575669505
A329H,-14.922560691833496,-3.3402248595
A329G,-11.221650123596191,-1.1154866490000002
A329F,-19.62213897705078,-1.868120163
A329E,-15.283687591552734,-0.8877163159999999
A329C,-15.318891525268555,-1.5390876355
A329D,-14.00778579711914,-2.0727245575
A329L,-16.386707305908203,-2.136811497
A330S,-10.746986389160156,0.3173261835
A330R,-15.491853713989258,-1.582894836
A330Q,-14.528115272521973,-2.615004108
A330P,-11.16373348236084,-0.502751418
A330N,-13.264747619628906,-2.988576488
A330K,-16.17079734802246,-2.0736717715
A330L,-15.044472694396973,-0.8287776225
A330I,-17.95102310180664,-2.5264358935
A330H,-13.001836776733398,-1.96215262
A330G,-7.360000133514404,0.5302990215
A330F,-16.942413330078125,-0.312308476
A330T,-14.21183967590332,0.3835984465
A330M,-15.450352668762207,-0.40623274
A330V,-15.883091926574707,-0.9486213155
A330E,-14.368060111999512,-1.6812938085
A330Y,-15.95441722869873,0.00462751
A330W,-20.09193992614746,-1.7802997095
A330C,-12.191492080688477,0.211757764
A330D,-10.989252090454102,-1.182205411
A331Y,-10.418149948120117,0.3055940845
A331G,-8.022812843322754,0.5940320765
A331H,-10.122130393981934,0.338601881
A331I,-9.141972541809082,0.1683473989999999
A331K,-7.683870315551758,0.764925214
A331L,-9.585012435913086,0.1503984995
A331M,-8.172957420349121,0.8805240740000001
A331F,-9.384270668029785,0.039973839
A331N,-7.914091110229492,-0.0418392435
A331P,-13.213738441467285,-1.2226823235
A331C,-8.3068265914917,0.4448682375
A331R,-7.527164459228516,0.4887227475
A331S,-2.6131253242492676,0.8432393155
A331T,0.8886662125587463,0.0770680825
A331V,-8.144998550415039,0.6325075
A331W,-11.180740356445312,-0.509720615
A331D,-10.772323608398438,-0.1254120865
A331Q,-8.531953811645508,0.2583352445
A331E,-10.358928680419922,-0.857589355
Q332C,-13.51391887664795,0.7734107
Q332A,-7.974752426147461,-0.821842443
Q332D,-13.179083824157715,-1.2372916055
Q332E,-8.655025482177734,0.044580084
Q332F,-15.64975643157959,-0.735724358
Q332G,-10.273621559143066,-1.3533598585
Q332H,-9.910872459411621,0.254550012
Q332I,-13.175627708435059,-0.4696240165
Q332K,-11.390718460083008,-1.076834811
Q332L,-9.354162216186523,0.01040558
Q332M,-11.19071102142334,0.122454932
Q332N,-10.86120319366455,-2.197669385
Q332P,-14.105804443359375,-0.4290595435
Q332S,-11.316691398620605,-0.0092730335
Q332R,-11.998223304748535,-1.130176942
Q332T,-13.342263221740723,0.1966872515
Q332V,-12.575728416442871,0.0123559275
Q332W,-15.45641040802002,-2.899830778
Q332Y,-14.599967002868652,-0.929423794
I333Q,-10.429393768310547,0.9197375955
I333A,-13.548480987548828,0.6577171935
I333N,-10.443612098693848,0.149107594
I333C,-10.477415084838867,0.907689234
I333D,-11.468286514282227,-0.936869165
I333E,-12.0804443359375,-0.8312607040000001
I333G,-14.630844116210938,0.572247331
I333M,-7.886783599853516,0.6245725289999999
I333H,-14.924200057983398,0.9959387065
I333K,-11.399982452392578,-0.6147814815
I333L,-9.626876831054688,0.169994162
I333R,-12.30262565612793,-1.0504777790000002
I333F,-14.741772651672363,-0.1325175495
I333S,-13.100409507751465,0.8461664095
I333P,-17.362586975097656,-0.91247841
I333V,-4.35840368270874,1.065406352
I333W,-15.289840698242188,0.7077800790000001
I333Y,-14.730169296264648,0.425476729
I333T,-8.933538436889648,0.6140441245
F334V,-9.674958229064941,-0.147152338
F334T,-11.18838119506836,0.393956846
F334S,-10.038071632385254,0.681204095
F334R,-14.440675735473633,0.465992013
F334Q,-13.68801212310791,1.0101857440000002
F334P,-14.194793701171875,-0.7135536935
F334A,-9.61464786529541,0.257708125
F334C,-9.904803276062012,0.3668208875
F334E,-13.522232055664062,-0.9003399834999999
F334G,-15.430766105651855,0.314430011
F334H,-14.148414611816406,-0.180919646
F334I,-10.64703369140625,-0.0451619175
F334K,-12.064383506774902,-0.654716106
F334L,-10.663902282714844,0.2209819385
F334M,-11.03620433807373,1.43955897
F334Y,-10.966972351074219,0.8636299555
F334N,-14.662235260009766,-0.7434730745
F334D,-13.923494338989258,-1.68556443
F334W,-11.755143165588379,-0.6372232095
F335W,-12.082847595214844,0.313157505
F335C,-13.528032302856445,0.2680909675
F335V,-13.783232688903809,0.477716395
F335T,-13.273857116699219,0.4036594020000001
F335S,-10.324490547180176,0.0764284645
F335R,-11.918282508850098,-0.211832825
F335Q,-12.006692886352539,0.126748458
F335P,-14.033777236938477,-0.1024304915
F335N,-10.480487823486328,0.4884737585
F335M,-12.92378044128418,0.648162399
F335K,-11.309157371520996,-0.357927963
F335I,-12.39338207244873,-0.089411222
F335Y,-5.332629680633545,0.696681232
F335H,-10.588934898376465,0.6714407265000001
F335G,-10.65859317779541,0.6526694175
F335E,-13.369709014892578,-1.548314514
F335D,-12.682924270629883,-1.722054403
F335A,-12.840018272399902,0.19883811
F335L,-11.650446891784668,0.4280203665
S336E,-11.420798301696777,0.16950845
S336W,-17.680143356323242,-1.5268570675
S336Y,-15.835735321044922,-1.9598819285
S336C,-12.733389854431152,0.36364119
S336D,-9.449930191040039,0.06712723
S336F,-14.256084442138672,0.286621653
S336G,-11.279601097106934,0.599233955
S336H,-14.034515380859375,-0.280750753
S336I,-17.134044647216797,-3.184545041
S336K,-14.601293563842773,-0.195073297
S336A,-7.904697418212891,-0.454603159
S336M,-15.781806945800781,-0.7524607455
S336N,-10.751567840576172,0.7134536295
S336P,-15.903766632080078,0.316862187
S336Q,-11.367706298828125,0.354008019
S336R,-13.52689266204834,0.302393861
S336T,-12.873025894165039,0.5800562364999999
S336V,-16.739917755126953,-0.768615362
S336L,-13.717735290527344,-2.5601661505
L337G,-12.753287315368652,0.4813559255
L337H,-12.515664100646973,0.2538771235
L337I,-9.747135162353516,-0.7963913665000001
L337K,-13.016280174255371,0.987728773
L337M,-10.354450225830078,0.6293640875
L337P,-13.470401763916016,-0.2621063425
L337T,-12.728673934936523,1.0643183585
L337R,-12.148402214050293,0.587246168
L337S,-14.14619255065918,0.8146828595000001
L337V,-10.753615379333496,0.255075253
L337W,-11.73205280303955,0.8051437375
L337Y,-11.78477954864502,-0.4374830485
L337F,-9.256251335144043,0.526975293
L337Q,-10.966286659240723,0.5832126575
L337E,-11.187200546264648,-1.155463864
L337N,-12.855169296264648,0.556699803
L337A,-12.481675148010254,0.201880259
L337C,-13.103214263916016,-0.5056543195000001
L337D,-11.5029935836792,-0.562996449
G338L,-15.710314750671387,-1.7089998415
G338D,-12.572549819946289,-0.055075499
G338E,-13.245813369750977,-1.6762717905000002
G338F,-18.192035675048828,-0.949124234
G338H,-15.615936279296875,-1.805063772
G338I,-18.357566833496094,-5.0347795815
G338K,-14.91848373413086,1.4112300130000002
G338A,-11.021139144897461,-0.6703423985
G338M,-16.37733268737793,-1.527066974
G338P,-17.280447006225586,-0.7965789434999999
G338Q,-15.010936737060547,-0.8661029265000001
G338R,-12.702075958251953,1.029284999
G338S,-10.796408653259277,0.2971998795
G338T,-15.827306747436523,0.168175158
G338V,-15.866341590881348,-0.7404021755
G338W,-17.230228424072266,-0.358222061
G338Y,-17.74448585510254,0.1621888375
G338N,-13.157052993774414,-0.2496714075
G338C,-11.756392478942871,-0.0004792435
P339N,-16.401084899902344,0.0948629575
P339M,-16.277923583984375,-1.6824739465
P339C,-14.131184577941895,-0.3739697015
P339A,-9.19559097290039,-0.457291298
P339K,-18.457721710205078,0.5449262295
P339I,-15.212411880493164,-1.4769145215
P339H,-15.508843421936035,-0.155962899
P339L,-15.87160873413086,-0.8729060285
P339R,-18.465808868408203,0.0885654225
P339S,-12.74515151977539,0.0556497005
P339T,-14.014677047729492,-1.1661565515
P339Q,-16.087881088256836,-1.9953859435
P339W,-17.57744789123535,-1.5905599785
P339Y,-15.63438892364502,-3.316062244
P339G,-14.95369815826416,0.9654955635
P339F,-17.04629135131836,-2.947579447
P339E,-15.654918670654297,-1.232119132
P339D,-16.17864227294922,-0.6444742405
P339V,-14.195940017700195,-2.606052976
G340V,-19.8033447265625,0.1744155985
G340T,-18.797792434692383,-3.4825267485
G340S,-15.463627815246582,-0.536328314
G340R,-15.283401489257812,-0.421882654
G340Q,-17.639419555664062,-1.9571404685
G340P,-18.814857482910156,-1.4910211625
G340N,-16.986286163330078,0.7114754675
G340M,-17.36356544494629,-2.043901986
G340C,-15.416563987731934,0.21707976
G340K,-16.684326171875,-3.064972784
G340I,-19.72492027282715,-1.2168398365000002
G340H,-18.95567512512207,0.8219187575
G340F,-21.750574111938477,-2.682160292
G340E,-16.751296997070312,-4.8868108855
G340D,-16.643144607543945,-0.5419013364999999
G340A,-13.362218856811523,-0.6683310845
G340W,-21.936161041259766,-1.152597856
G340L,-15.891555786132812,-2.2485636085
G340Y,-22.325157165527344,-1.059496685
F341W,-9.051870346069336,0.477486964
F341K,-9.806780815124512,1.1540060535
F341R,-11.134978294372559,0.5303975710000001
F341Q,-11.775938034057617,0.1353809875
F341P,-13.590694427490234,0.8059325620000001
F341N,-12.038405418395996,1.6547162855000002
F341M,-9.90433120727539,1.657549931
F341L,-7.486687660217285,-0.0152754945
F341V,-11.355621337890625,0.338544397
F341I,-11.065293312072754,-0.6852578355
F341H,-14.045283317565918,-0.52536166
F341G,-7.815662860870361,0.778511678
F341E,-11.266141891479492,0.264610553
F341D,-10.687941551208496,-0.055854829
F341C,-11.839790344238281,0.737877213
F341A,-10.305315017700195,1.0443619075
F341Y,-9.818991661071777,-0.7828898095
F341S,-8.068312644958496,0.4910496255
F341T,-10.862845420837402,1.3035513975
G342E,-14.923739433288574,-0.3325486575
G342F,-20.376802444458008,-2.8272608315
G342S,-14.510834693908691,-0.6110568175
G342M,-17.427350997924805,-1.9820793975
G342W,-17.275476455688477,-0.4545698685
G342V,-18.549388885498047,-0.5306116865
G342T,-17.364765167236328,-1.546286466
G342R,-12.948619842529297,0.423807441
G342Q,-16.415441513061523,-2.365844762
G342P,-16.84197235107422,-0.9551992355
G342N,-15.615245819091797,-0.1904563835
G342Y,-19.475473403930664,-1.8987629055
G342L,-16.48873519897461,-2.0171350765
G342K,-14.463521957397461,-2.6311021205
G342I,-20.3007755279541,-2.9587780345
G342H,-16.905338287353516,-0.380380509
G342A,-13.741697311401367,-0.2536560945
G342C,-14.317676544189453,-2.8592125175
G342D,-14.771462440490723,-1.983486905
V343Y,-12.93082046508789,0.169733843
V343W,-14.62579345703125,-0.3541054465
V343C,-9.425115585327148,0.5576586145
V343G,-10.588996887207031,0.5452536945
V343K,-14.183294296264648,-0.1156456365
V343F,-12.616518020629883,0.84752909
V343E,-11.097797393798828,-0.455504554
V343D,-10.753130912780762,-0.437407169
V343H,-14.493805885314941,0.211092789
V343M,-10.686799049377441,1.0583901805
V343L,-11.725135803222656,0.2070617605
V343P,-15.835714340209961,0.1115571155
V343Q,-12.696229934692383,-1.7690081665
V343R,-13.507630348205566,0.8563612270000001
V343S,-8.65198802947998,0.709701085
V343T,-6.381328582763672,1.062306696
V343A,-7.735529899597168,0.471204708
V343N,-10.489017486572266,0.30078201
V343I,-7.156394958496094,0.6246552635
L344Y,-12.113946914672852,0.322642157
L344W,-13.650574684143066,0.7564722755
L344V,-7.231822967529297,0.5490774245000001
L344T,-12.154836654663086,1.071928682
L344Q,-10.774384498596191,0.654319318
L344A,-12.945460319519043,0.6830695405
L344C,-12.867012023925781,0.7176461209999999
L344D,-15.163211822509766,0.443579974
L344E,-12.377134323120117,0.0292288255
L344F,-10.20135498046875,0.6089953775
L344G,-14.418574333190918,0.6797132865000001
L344S,-14.446788787841797,0.6056125895000001
L344I,-5.547616004943848,0.6280577414999999
L344K,-13.011210441589355,0.621191466
L344M,-10.503795623779297,0.7283545185
L344N,-12.348480224609375,1.198319432
L344P,-11.752923011779785,0.8842213975
L344R,-12.229291915893555,0.719667995
L344H,-9.66937255859375,0.7423298275
L345V,-6.416311740875244,0.9907749435
L345I,-4.911635398864746,0.4845329745000001
L345T,-7.772844314575195,1.1076132685
L345A,-9.875012397766113,0.254522326
L345C,-10.755867004394531,1.2435062305
L345D,-13.661498069763184,-1.949124234
L345E,-9.254036903381348,-0.1679348494999999
L345W,-13.059388160705566,0.395890002
L345G,-10.405484199523926,1.0076999475
L345F,-11.468749046325684,0.6658731585000001
L345K,-7.476202964782715,0.5919326315
L345M,-5.012201309204102,0.1336398665
L345N,-11.443340301513672,-0.4773492325
L345P,-11.633028030395508,0.3239480285
L345Q,-6.670742034912109,-0.354387002
L345R,-6.354931354522705,0.3804267545
L345S,-10.240500450134277,1.1063262965
L345H,-12.617385864257812,0.2246238395
L345Y,-13.707253456115723,-3.3143129165
A346M,-14.919432640075684,0.4285982095000001
A346N,-12.524409294128418,-1.027066974
A346P,-13.233597755432129,0.128365481
A346Q,-13.660775184631348,-0.22518952
A346Y,-17.73077392578125,-1.298716061
A346S,-7.91166877746582,0.8779574505
A346T,-11.034521102905273,0.266732425
A346V,-13.943941116333008,-0.032674383
A346W,-21.892789840698242,-0.8245531684999999
A346L,-17.033193588256836,-2.0991496785
A346R,-16.874834060668945,0.6756728065000001
A346K,-14.633893966674805,0.2508047535
A346H,-14.23518180847168,-0.5210806535
A346G,-12.619598388671875,0.4055805615
A346F,-16.981910705566406,-1.3277419915000002
A346E,-15.272406578063965,-0.481009102
A346D,-14.149033546447754,-1.6539627525
A346C,-12.532792091369629,0.6727566009999999
A346I,-16.474756240844727,-1.632276864
F347P,-13.505784034729004,-0.2989267335
F347D,-13.638153076171875,0.359034852
F347E,-12.05186939239502,0.564467234
F347G,-12.34808349609375,0.1831863555
F347H,-11.760624885559082,-3.2215203710000004
F347I,-9.06188678741455,-0.125510985
F347K,-9.540238380432129,1.288698431
F347L,-3.419297218322754,0.4274423435
F347M,-6.0636796951293945,0.9090569645
F347Q,-10.72719669342041,1.1424037025
F347C,-12.415136337280273,0.8058315265
F347R,-11.545270919799805,0.5694540845
F347S,-11.244184494018555,0.5687904804999999
F347T,-14.215911865234375,1.00609989
F347V,-12.342172622680664,0.375710541
F347Y,-8.686136245727539,-0.2458735165
F347W,-12.430009841918945,0.1508531985
F347N,-12.001492500305176,0.1095783135
F347A,-10.962274551391602,0.8401712815000001
A348W,-20.2397403717041,-1.438300886
A348Y,-17.084646224975586,-2.1625819445
A348V,-17.79424476623535,-0.5280084885
A348F,-15.77610969543457,-1.296641186
A348S,-3.2791881561279297,0.8419752315000001
A348C,-12.478139877319336,-0.186905848
A348D,-13.290351867675781,-0.1758069914999999
A348E,-12.914560317993164,-1.2907673415
A348G,-8.409914016723633,0.9431338125
A348H,-13.762451171875,-0.6108010515
A348T,-13.759371757507324,-0.2820246975
A348I,-18.49535369873047,-1.9894057185
A348L,-15.913724899291992,-1.092332826
A348M,-14.159363746643066,-0.5797591285
A348N,-13.269859313964844,0.480429891
A348P,-11.732120513916016,0.1955033335
A348Q,-11.867650985717773,0.8631289765000001
A348R,-13.697507858276367,0.4661907465
A348K,-13.542881965637207,1.39794462
S349N,-9.580291748046875,-0.058964407
S349P,-10.331616401672363,-1.827522997
S349Q,-10.14439582824707,0.375347023
S349V,-15.218947410583496,-1.833401712
S349T,-12.702324867248535,0.5067670679999999
S349M,-12.891575813293457,-4.5129337495
S349R,-8.880370140075684,0.270061641
S349K,-9.38949203491211,-0.88188493
S349C,-12.487910270690918,-0.49621184
S349H,-12.125543594360352,-0.6780000415
S349G,-12.72130012512207,0.346513419
S349F,-10.39009952545166,-2.847581824
S349E,-11.387150764465332,-0.2372876875
S349A,-5.546330451965332,-1.642770775
S349D,-9.145716667175293,-2.084547418
S349W,-14.259523391723633,-1.894004228
S349I,-14.21725082397461,0.6022661545
S349Y,-13.164632797241211,-4.7539387605000005
S349L,-10.709410667419434,-2.7636350765
Y350W,-13.514717102050781,-0.3897377615
Y350A,-12.939183235168457,-0.1843939385
Y350D,-13.31547737121582,0.385670908
Y350E,-12.819482803344727,-0.456399335
Y350F,-7.547101974487305,0.101450339
Y350G,-16.131092071533203,0.2084986055
Y350H,-10.453428268432617,0.1294453619999999
Y350I,-16.46043586730957,-0.2870663825
Y350K,-13.246265411376953,1.2171189409999998
Y350C,-13.592693328857422,0.3262269805
Y350L,-14.764999389648438,0.052432431
Y350M,-15.824581146240234,-0.27076097
Y350N,-12.227805137634277,0.491195964
Y350P,-15.324749946594238,0.200958322
Y350Q,-13.022823333740234,-0.9488856985
Y350R,-14.702290534973145,0.8057730679999999
Y350S,-13.75522232055664,0.4691376315
Y350T,-15.28459644317627,1.037356902
Y350V,-15.160734176635742,-0.972284901
N351A,-12.96694278717041,-1.022070835
N351C,-10.062427520751953,-0.396030978
N351D,-10.861578941345215,0.0817320895
N351E,-14.151963233947754,0.2317393710000001
N351F,-16.448637008666992,-0.7977413984999999
N351G,-16.42546272277832,-0.278708222
N351H,-15.630257606506348,0.134684096
N351P,-18.56261444091797,1.8632131335
N351K,-11.74258804321289,0.286566793
N351L,-13.739896774291992,-2.79125646
N351M,-13.19003963470459,-3.0594884515
N351Q,-14.100476264953613,-2.0240397175
N351R,-14.219858169555664,0.278639503
N351S,-11.843389511108398,0.0074731935
N351T,-12.010711669921875,-0.2790443855
N351I,-14.49093246459961,-0.1056552085
N351V,-15.055244445800781,-3.814150999
N351Y,-15.000601768493652,-0.2373867775
N351W,-19.544387817382812,-1.8206079135
K352C,-13.237451553344727,-1.0633266815
K352Y,-12.294086456298828,-1.6289609665
K352W,-12.461315155029297,-1.5162931919999998
K352V,-11.583133697509766,-0.6485496005
K352T,-9.119555473327637,-0.253727388
K352S,-8.126811027526855,-0.234881375
K352R,-6.591371536254883,0.4417654495
K352Q,-7.146675109863281,0.8328257875
K352P,-8.626276016235352,0.3475725745
K352N,-6.755929946899414,-1.0408461565
K352M,-11.22219467163086,-0.5214222
K352L,-11.190940856933594,-0.5007935025
K352I,-12.139544486999512,-1.2670072015
K352G,-10.224386215209961,0.34837364
K352F,-12.51722526550293,-1.248082747
K352E,-5.263619422912598,0.4361114985
K352D,-6.6502251625061035,0.7738237455
K352A,-8.702837944030762,-0.247494525
K352H,-8.764606475830078,0.8654090179999999
F353Y,-9.844983100891113,0.2986499165
F353W,-10.292179107666016,0.4046105635
F353T,-14.48071575164795,0.301470559
F353K,-10.720244407653809,-0.2355663055
F353S,-11.898075103759766,0.233500348
F353R,-11.625910758972168,0.8590786640000001
F353Q,-13.493066787719727,0.185778126
F353P,-12.794689178466797,0.4943445305
F353N,-14.144861221313477,0.078098711
F353M,-11.27255630493164,0.1590329955
F353L,-9.832489013671875,0.0056592465
F353A,-10.783147811889648,0.2052362625
F353I,-11.216642379760742,0.033676895
F353H,-12.26045036315918,0.9453899425
F353G,-12.227519989013672,0.3469271765
F353E,-13.77434253692627,0.4795288505
F353D,-13.902456283569336,-0.1819576725
F353C,-14.203216552734375,0.5865657055
F353V,-11.607684135437012,0.3268966035
N354Q,-5.113642692565918,0.2470509855
N354R,-5.483741760253906,0.483797937
N354V,-10.885051727294922,-0.9932189035
N354G,-8.707772254943848,0.338658742
N354S,-4.301166534423828,0.1249963535
N354A,-7.73908805847168,0.1555816315
N354C,-9.395502090454102,-1.7030283919999998
N354D,-5.619157314300537,0.0780898105
N354E,-6.826033592224121,0.2368344165
N354F,-8.632519721984863,-0.8526033340000001
N354T,-4.303157329559326,0.388063889
N354W,-10.129796981811523,-0.751384783
N354H,-2.0711708068847656,0.77410018
N354I,-10.394661903381348,0.019994891
N354K,-4.778441429138184,-0.7863512990000001
N354L,-10.857275009155273,-1.0665733385
N354M,-9.593320846557617,-0.437483049
N354P,-11.19343376159668,1.0877570015
N354Y,-6.849710464477539,-0.2143358735
N355C,-10.23161792755127,-0.237111199
N355W,-15.100456237792969,0.572538964
N355V,-15.10323429107666,-0.2048346935
N355T,-10.963865280151367,0.0961935885
N355S,-11.453838348388672,0.431706155
N355R,-13.603856086730957,0.654255798
N355Q,-10.454194068908691,-1.9623413485
N355P,-18.201446533203125,-1.547321364
N355M,-11.352269172668457,0.324942201
N355L,-11.641411781311035,-0.6449224445
N355I,-13.195130348205566,0.3773941195
N355H,-9.333366394042969,-0.399859645
N355G,-17.245515823364258,0.1890878985
N355F,-10.681745529174805,-0.9680333325
N355E,-11.658517837524414,-0.1820447005
N355D,-10.885223388671875,0.0561819995
N355A,-13.117058753967285,-0.051454642
N355K,-11.789440155029297,0.21857561
N355Y,-9.300482749938965,-0.584276279
N356L,-14.756319999694824,-1.2554310709999998
N356T,-13.579489707946777,-1.1608254725
N356S,-13.793906211853027,-0.3806793785
N356R,-14.73106575012207,-1.0365964555
N356Q,-12.83826732635498,-2.4670041425
N356P,-14.88710880279541,-0.8472143105
N356M,-13.994176864624023,-1.72662982
N356K,-13.722755432128906,-2.033936914
N356I,-14.125422477722168,-0.4411844095
N356H,-13.502971649169922,-0.736074964
N356G,-16.967784881591797,-1.369700339
N356F,-15.648802757263184,-2.084701586
N356E,-14.50961685180664,-1.922057374
N356D,-10.378334045410156,0.047575212
N356C,-11.040488243103027,-0.767470628
N356A,-14.787185668945312,-2.658935604
N356W,-17.538007736206055,-1.284182954
N356Y,-16.085920333862305,-1.6146164369999998
N356V,-15.837994575500488,-1.2569842305
C357Q,-14.963884353637695,-2.1605986535
C357N,-13.021017074584961,-0.6070404970000001
C357Y,-11.227378845214844,-0.168808595
C357W,-16.666027069091797,-1.223077738
C357V,-6.821195125579834,0.5622113910000001
C357T,-9.610089302062988,-1.1185582725
C357S,-8.834460258483887,-0.2751284055
C357A,-10.614871978759766,0.16017912
C357M,-13.973347663879395,0.3007396285
C357L,-11.904716491699219,0.396202908
C357R,-14.759532928466797,-0.7752402629999999
C357I,-8.751216888427734,1.1851529505
C357H,-12.415624618530273,-0.930845471
C357G,-15.628398895263672,-1.6305866055000002
C357F,-11.134893417358398,1.219917227
C357P,-13.23344612121582,-1.3483570395
C357E,-16.626066207885742,-1.4619279145
C357K,-15.809074401855469,-0.9543298565
C357D,-14.639217376708984,-2.457376064
Y358P,-16.00009536743164,-1.8515119605
Y358N,-12.281000137329102,-1.525339359
Y358L,-10.093388557434082,0.2287826265
Y358K,-11.357751846313477,0.359817485
Y358E,-10.907052040100098,-1.6339727185
Y358F,-7.921330451965332,0.1377116755
Y358G,-14.660895347595215,-1.715051555
Y358Q,-9.737285614013672,0.1475385025
Y358H,-8.274274826049805,-0.0800479455
Y358I,-13.539777755737305,-2.6590752425
Y358R,-12.649026870727539,-0.7229468925
Y358T,-13.330362319946289,-2.37069014
Y358V,-13.203690528869629,-1.1097402155
Y358W,-12.419954299926758,0.225338613
Y358A,-11.48129940032959,0.163931306
Y358C,-11.907759666442871,-0.506300645
Y358D,-13.653938293457031,-1.8271750125
Y358M,-11.25102424621582,0.732115308
Y358S,-12.28971004486084,-0.8998271790000001
Q359G,-8.079571723937988,0.216064421
Q359H,-3.502880811691284,0.136085358
Q359I,-6.034809112548828,1.030466093
Q359F,-5.848174095153809,0.4190648320000001
Q359E,-7.113277435302734,-0.14378381
Q359D,-9.412611961364746,-2.7829102285
Q359K,-0.24143505096435547,-0.9821676835
Q359C,-7.099462509155273,0.2043384575
Q359Y,-4.678585052490234,0.1655158925
Q359W,-7.988039016723633,0.683531863
Q359V,-6.599742889404297,0.5192958355
Q359T,-5.635171890258789,0.610503031
Q359S,-5.7735700607299805,0.898542955
Q359R,1.3291101455688477,0.7302295590000001
Q359P,-11.454522132873535,-0.6203080755
Q359N,-6.252202033996582,-0.203433565
Q359M,-5.781651496887207,0.3667739945
Q359L,-4.123483657836914,0.465454013
Q359A,-6.738775253295898,0.77421564
D360L,-12.496785163879395,0.4393429965
D360Y,-14.007411003112793,0.7698942784999999
D360K,-11.717557907104492,0.857030703
D360W,-15.209090232849121,0.4205929815
D360T,-13.248815536499023,0.4982380405
D360S,-12.423670768737793,0.560167664
D360R,-14.237896919250488,0.351064445
D360Q,-11.670232772827148,0.5029503955
D360P,-12.312325477600098,-2.5228274930000003
D360N,-9.981274604797363,0.3179179635
D360M,-13.037290573120117,0.6605262454999999
D360A,-9.406190872192383,0.901942475
D360C,-13.752236366271973,0.7464371890000001
D360E,-8.801188468933105,-0.3112406265
D360F,-14.359020233154297,0.404470278
D360G,-10.441154479980469,0.5709347825
D360H,-10.709745407104492,1.2538368999999998
D360V,-15.2120943069458,0.4755291535
D360I,-15.47391128540039,0.455844206
A361I,-18.552017211914062,-0.4993217335
A361K,-17.32819366455078,-1.086381466
A361W,-19.708093643188477,-1.3701170105
A361Y,-16.313762664794922,-1.83449401
A361G,-7.859416484832764,-1.611989713
A361F,-15.73841381072998,-0.610191244
A361E,-16.208953857421875,-1.731746841
A361C,-11.203880310058594,-0.0393142505
A361L,-17.171606063842773,-0.498534652
A361M,-15.643391609191895,0.304975463
A361D,-14.236698150634766,-1.5794611755
A361P,-13.072601318359375,-0.7612537934999999
A361Q,-15.569704055786133,-2.0857535905
A361R,-17.150936126708984,-2.5817188355000003
A361S,-7.1864118576049805,-0.2918945385
A361T,-12.529901504516602,0.0144661025
A361V,-16.270116806030273,0.1398486805
A361N,-14.651512145996094,-1.003727394
A361H,-14.52816390991211,-1.5030745595
L362D,-13.051043510437012,-2.5544712275
L362M,-6.354609489440918,0.8643999240000001
L362E,-11.459078788757324,-3.1193603255
L362F,-6.580304145812988,0.13810247
L362G,-12.759686470031738,-1.977065293
L362H,-11.447653770446777,-0.6369819275
L362I,-3.109893798828125,-0.394373021
L362K,-11.095548629760742,-3.404510725
L362W,-8.770379066467285,-0.049037704
L362Q,-11.481853485107422,-2.0000462415
L362R,-10.97475814819336,-1.4388869765
L362S,-11.257956504821777,-1.9913083775
L362T,-9.148457527160645,-1.5416098925
L362V,-3.9339399337768555,0.396517048
L362Y,-8.80135726928711,-0.4038651915
L362C,-11.030388832092285,0.0164286735
L362P,-15.926742553710938,-0.2324713505
L362A,-9.338650703430176,-0.9221253615
L362N,-11.153566360473633,-0.955696888
V363F,-6.804905891418457,0.52753356
V363D,-12.748453140258789,-1.0874416655
V363E,-10.833829879760742,-0.521250115
V363G,-12.097280502319336,-0.8146986970000001
V363H,-12.036383628845215,-0.760172299
V363I,-2.23557186126709,0.5683512985
V363K,-9.68600845336914,-0.5240618095
V363L,-3.566929340362549,0.591197458
V363M,-5.722206115722656,0.2711180865
V363N,-10.902984619140625,-2.4686132335
V363C,-10.824978828430176,0.064176734
V363P,-13.979328155517578,-1.4564053205
V363Q,-10.257406234741211,-0.91636959
V363R,-9.908289909362793,-1.0567816815
V363S,-8.942420959472656,-1.2579779835
V363T,-6.627574443817139,0.051157089
V363W,-8.917675018310547,0.19288336
V363Y,-9.245804786682129,1.0133509885
V363A,-6.336582183837891,0.1575740705
T364G,-11.307406425476074,0.4078987905
T364F,-17.403827667236328,1.0074255395
T364D,-11.21177864074707,-2.8071536810000004
T364A,-6.408663749694824,0.5213587605
T364C,-9.414457321166992,0.843919889
T364H,-17.284101486206055,-0.319970573
T364E,-10.77563190460205,-1.952406871
T364S,-8.150537490844727,0.1510666265
T364W,-18.03424835205078,0.448977581
T364V,-8.250368118286133,0.4924326855
T364R,-13.58469009399414,0.1253098755
T364Q,-13.157822608947754,-0.556679436
T364P,-11.874872207641602,-0.9776287875
T364N,-10.324994087219238,-0.294808384
T364Y,-19.35980987548828,0.339400564
T364M,-13.244694709777832,1.2537997495
T364K,-14.114360809326172,-1.0245970384999998
T364I,-11.09930419921875,0.3843021215
T364L,-16.453250885009766,0.9337395305
S365T,-10.699409484863281,0.543075941
S365R,-16.329355239868164,0.3687523725
S365V,-14.585707664489746,0.9634490535
S365Q,-14.293747901916504,0.109597719
S365P,-15.631031036376953,-0.9107227315
S365K,-16.710678100585938,-2.220298419
S365C,-9.538536071777344,0.413248704
S365L,-15.310325622558594,-0.435797095
S365H,-14.489548683166504,-1.3826203935
S365G,-9.974855422973633,0.7020077004999999
S365F,-13.275651931762695,-0.190505712
S365E,-14.371179580688477,-1.8236434235
S365D,-12.553715705871582,-1.9200045715
S365I,-16.662967681884766,0.6538612420000001
S365M,-14.422172546386719,0.4407687885
S365A,-6.3072099685668945,0.5613240485000001
S365W,-16.821231842041016,-0.0375875795
S365Y,-15.114689826965332,-2.5483675535
S365N,-12.092172622680664,-0.3385910025
V366Y,-6.6096296310424805,-1.072834654
V366W,-3.3650522232055664,-0.7772175735
V366T,-2.553358554840088,0.8862878084999999
V366F,-3.143028736114502,0.6567981645000001
V366G,-5.458286285400391,0.128133603
V366S,-2.108785629272461,-0.1561747655
V366I,-2.5054526329040527,0.426043086
V366R,-8.314494132995605,-1.832583874
V366Q,-8.504355430603027,-2.267060811
V366P,-11.139402389526367,-1.043362024
V366M,-4.846182823181152,0.5871068045000001
V366L,-2.4152204990386963,0.4824829235
V366K,-8.583297729492188,-2.3098150495
V366H,-9.138768196105957,-3.0273810805
V366N,-6.053748607635498,-2.2933145145
V366D,-8.009610176086426,-2.557722649
V366C,-2.23189640045166,0.651305343
V366A,-2.765913486480713,0.354454926
V366E,-7.850452899932861,-0.352865508
V367Y,-13.472617149353027,-2.5130410375
V367G,-13.137669563293457,-0.3341384825
V367H,-13.856999397277832,-2.598335628
V367I,-2.168153762817383,0.6530714285
V367K,-13.253681182861328,-0.860116606
V367L,-6.8692755699157715,0.805187315
V367M,-8.479473114013672,0.2749851335
V367P,-15.474142074584961,-1.6551787085
V367F,-11.115982055664062,0.319303117
V367Q,-12.338787078857422,-2.322042207
V367S,-12.037257194519043,-0.440145221
V367T,-7.888916015625,-0.3123600095
V367W,-12.6744966506958,0.0475561925
V367N,-11.814607620239258,-3.0007655165
V367E,-12.075773239135742,-0.7046211465000001
V367R,-12.816780090332031,-1.62046418
V367C,-9.921316146850586,0.5937175805
V367A,-8.121232986450195,0.3840529605
V367D,-12.51680850982666,-0.720974399
N368Y,-16.914142608642578,-0.1841879855
N368W,-18.08847427368164,-0.6854163790000001
N368V,-12.525779724121094,0.7494522345
N368T,-8.14725112915039,0.4043721815
N368S,-11.037225723266602,0.364905369
N368R,-12.73340129852295,0.980991134
N368Q,-10.241867065429688,-0.203355875
N368P,-16.57533073425293,-0.060558024
N368M,-11.204626083374023,-0.3890887235
N368K,-10.114080429077148,-0.125666135
N368I,-12.807927131652832,0.3226998515
N368H,-14.509811401367188,0.1349452085
N368G,-13.717024803161621,0.1346217145
N368L,-10.910860061645508,-0.51527367
N368E,-9.51601791381836,-1.5551203455000002
N368A,-10.828065872192383,0.1548606355
N368C,-7.783894062042236,-0.2620148425
N368D,-9.728449821472168,-0.108095353
N368F,-17.32840347290039,-0.636127399
C369D,-8.487937927246094,-1.827879265
C369Y,-10.814009666442871,-0.007548708
C369W,-11.524353981018066,0.7725305309999999
C369M,-10.40641975402832,0.761104283
C369L,-9.126794815063477,1.037518552
C369K,-13.05678653717041,-0.7284249070000001
C369I,-11.22021198272705,1.036724931
C369H,-11.27957534790039,0.6059883495
C369G,-8.495256423950195,0.0064818085
C369E,-8.742895126342773,-1.79282908
C369N,-8.718972206115723,-0.963457636
C369P,-14.153818130493164,-1.2339378635
C369Q,-11.450529098510742,0.354194887
C369R,-11.311131477355957,-0.7471211590000001
C369S,-4.80526065826416,0.1106396855
C369T,-11.146653175354004,1.0753686255
C369V,-10.34508991241455,0.762047157
C369A,-5.884925842285156,0.4813063145000001
C369F,-8.170438766479492,0.7223920134999999
M370N,-6.255882263183594,-3.516361197
M370P,-11.566993713378906,-2.1824739465
M370A,-3.27585506439209,0.5338082185
M370C,-3.7663702964782715,0.180848197
M370K,-7.2271528244018555,-0.278979445
M370I,-2.639777183532715,0.0949631625
M370H,-8.466300964355469,-1.41441617
M370G,-3.5748133659362793,0.7592096705
M370F,-1.4142359495162964,1.0995961115
M370E,-5.707573890686035,-1.231211915
M370L,0.11657905578613281,0.643836167
M370W,-7.10634708404541,-0.933032201
M370V,-3.157167911529541,0.4632269865
M370T,-3.1092100143432617,0.3109271705
M370S,-2.8652238845825195,-0.0638377285
M370R,-7.201327323913574,-0.9811652875
M370Q,-6.819963455200195,-1.468489535
M370D,-7.020591735839844,-0.7331569170000001
M370Y,-6.541457653045654,-4.3743968205
T371E,-10.7247953414917,-2.181423555
T371Y,-16.157482147216797,-2.1162692845
T371W,-16.4945068359375,-0.419911562
T371S,-9.25229549407959,0.228443779
T371D,-10.678651809692383,-1.0189405535
T371Q,-12.873992919921875,0.1301096585
T371A,-8.380584716796875,0.283469247
T371R,-12.896388053894043,-1.2716223645
T371P,-15.313825607299805,-0.541429475
T371N,-11.679022789001465,-1.7043944505000002
T371M,-14.2731351852417,0.0506632115
T371F,-14.473800659179688,0.6233605015
T371C,-10.483373641967773,-0.859049353
T371G,-13.606095314025879,0.362371056
T371V,-10.99626350402832,0.256580837
T371I,-12.460143089294434,0.2253483065
T371K,-12.515157699584961,-1.4904188145
T371L,-16.299625396728516,0.189742132
T371H,-15.331937789916992,-0.8520592929999999
S372Y,-15.774588584899902,-0.29679383
S372W,-14.80715560913086,-2.1350415645
S372V,-16.279512405395508,-0.9024155585
S372T,-12.92186450958252,-0.254320716
S372R,-11.721382141113281,-1.5398212855000002
S372Q,-9.762930870056152,0.339027253
S372P,-13.646835327148438,0.62706615
S372N,-10.738142967224121,0.6985109290000001
S372M,-13.676990509033203,-2.643720766
S372K,-12.394195556640625,0.518145217
S372L,-12.037938117980957,-1.347216871
S372H,-14.04420280456543,0.6451060675
S372G,-12.9810791015625,0.4488970285
S372F,-12.970803260803223,0.1715523085
S372E,-10.550253868103027,-0.3879844325
S372D,-10.758094787597656,0.362153273
S372C,-10.882729530334473,-0.0205580685
S372A,-9.077600479125977,0.5356088795
S372I,-16.684207916259766,-1.4140182505
F373N,-12.379027366638184,-1.880437598
F373S,-8.910239219665527,-0.9657670315
F373R,-12.509916305541992,-1.6576186144999998
F373Q,-12.205747604370117,-2.331222369
F373V,-6.666484832763672,0.686044652
F373Y,-10.046955108642578,-0.257312502
F373P,-15.803115844726562,-1.212001213
F373M,-8.981106758117676,-0.6301909325
F373K,-10.848006248474121,-0.907075194
F373A,-9.384456634521484,-1.4205616840000002
F373C,-10.645870208740234,-0.280192486
F373D,-10.868155479431152,-0.7467826234999999
F373I,-6.171328544616699,0.6452925475
F373H,-12.64870548248291,-1.171304837
F373G,-11.813570976257324,-1.487086373
F373E,-11.264741897583008,-3.3091168815
F373T,-9.542724609375,-1.446764744
F373L,-6.327423095703125,0.3365044775
F373W,-9.630558013916016,0.1007001775
V374A,-6.927765369415283,0.4578198045
V374C,-8.059191703796387,0.431701946
V374H,-10.634367942810059,-2.134144297
V374G,-11.14467716217041,0.120374727
V374F,-4.3273515701293945,0.3862832935
V374Y,-8.060371398925781,1.091810852
V374D,-11.541606903076172,-1.323134052
V374S,-8.680625915527344,0.216083683
V374R,-9.685861587524414,-2.260060389
V374Q,-10.25284481048584,-2.643025491
V374N,-9.91628360748291,-1.357712286
V374M,-5.375110626220703,0.598684873
V374L,-0.7200784683227539,1.121869578
V374P,-13.18217658996582,-4.0362664295
V374I,-3.6122920513153076,1.1896589255
V374T,-6.940972805023193,-0.2095895275
V374W,-9.242849349975586,0.1679343405
V374E,-9.809408187866211,-0.623965062
V374K,-10.634397506713867,-2.230236969
S375P,-15.735061645507812,-1.8798441405
S375Y,-13.520204544067383,0.1420614525
S375W,-14.300020217895508,0.7206354215
S375V,-17.31968879699707,-0.5577389
S375T,-10.753897666931152,0.0702537215
S375R,-12.881036758422852,-0.6138662975
S375Q,-10.953500747680664,0.074272528
S375N,-11.656023979187012,0.8919532185
S375C,-9.670926094055176,0.503281219
S375L,-13.890680313110352,-0.9567499155
S375K,-14.165718078613281,-2.029429753
S375I,-19.599605560302734,0.2487999195
S375H,-12.529747009277344,0.7417078675
S375G,-12.235167503356934,-0.4415738775
S375D,-12.931015014648438,-2.000241426
S375E,-12.046578407287598,-1.5980668244999998
S375A,-7.238907814025879,0.191812915
S375M,-11.293789863586426,-0.445507493
S375F,-12.094680786132812,0.527561713
G376M,-16.3685302734375,-1.7527226255
G376L,-17.256685256958008,-1.9539498975
G376S,-12.375751495361328,-0.74093839
G376R,-13.757737159729004,-0.416860784
G376Q,-15.861790657043457,-2.8728296945
G376P,-15.85244083404541,-2.6011526435
G376N,-14.844030380249023,-4.3431101805
G376W,-20.27973175048828,-0.4443490205
G376Y,-20.44467544555664,-2.536078023
G376T,-17.825597763061523,-1.117148265
G376K,-15.800957679748535,-1.916191026
G376I,-20.46192169189453,-2.433603662
G376V,-20.926319122314453,-0.503283924
G376F,-20.796844482421875,-2.5452153255
G376E,-14.786654472351074,-0.9327757735
G376A,-12.296953201293945,-0.6029306575
G376C,-15.335515975952148,-1.9959833715
G376D,-13.104778289794922,-2.135650709
G376H,-17.542461395263672,-4.6962049530000005
F377T,-15.053260803222656,-3.4700450975
F377S,-13.232428550720215,-0.6486529255
F377R,-15.550127029418945,-1.540575209
F377Q,-15.742000579833984,-1.744925733
F377A,-12.748178482055664,0.417894383
F377D,-15.062248229980469,-1.4540927540000002
F377Y,-10.489786148071289,-1.8231105445
F377G,-13.812594413757324,-0.281413415
F377H,-14.585577011108398,-4.3219124855
F377I,-8.21295166015625,-0.3444673135
F377K,-13.917208671569824,-1.6188804630000002
F377M,-12.068985939025879,0.2162993165
F377N,-15.74980354309082,-4.4204994445
F377P,-15.50853157043457,-1.7610465155
F377C,-12.223855018615723,0.1309749715
F377L,-7.430246829986572,0.679671053
F377E,-14.789884567260742,-2.824565457
F377W,-10.39272689819336,-1.195368937
F377V,-10.720415115356445,-0.2119143085
V378K,-17.403858184814453,-0.2837531955
V378L,-14.541707992553711,0.3751434015
V378M,-14.107756614685059,-2.3104121465
V378N,-14.143693923950195,0.440002355
V378P,-16.079010009765625,-0.13668806
V378Q,-16.829896926879883,-0.7734632834999999
V378R,-17.730491638183594,0.87617729
V378Y,-16.856565475463867,0.0
V378F,-15.330028533935547,-1.218188506
V378E,-14.540937423706055,0.0031089285
V378D,-14.756959915161133,0.4633190825
V378C,-10.59469223022461,-2.2676204325
V378A,-10.631475448608398,-2.7616940725
V378T,-9.9921875,-1.9217570945
V378W,-17.889711380004883,1.313786753
V378G,-14.958672523498535,-0.6050179720000001
V378S,-13.436177253723145,-1.9022141695
V378H,-16.905269622802734,-0.7469208895
V378I,-8.561172485351562,0.5942657765
I379H,-16.150386810302734,0.7082003325
I379T,-9.477629661560059,-2.3808419535
I379V,-4.969064712524414,0.6532129210000001
I379W,-16.321367263793945,0.5964697205
I379Y,-15.528294563293457,0.7607900759999999
I379Q,-14.01403522491455,-0.74289051
I379P,-14.279576301574707,-0.075282134
I379N,-12.654354095458984,-0.1005546255
I379M,-9.93005657196045,-1.7518218325
I379L,-7.763854026794434,0.0
I379K,-13.340932846069336,-0.5089176005
I379S,-14.460484504699707,0.348544162
I379F,-13.621990203857422,-1.1382471159999998
I379E,-13.831110954284668,0.661688249
I379R,-14.021747589111328,1.2505031305
I379D,-14.919525146484375,0.7637941035
I379C,-13.551166534423828,-2.1344456515
I379A,-11.627864837646484,-0.0062615275
I379G,-14.402478218078613,-0.774092088
F380E,-11.761558532714844,-0.2751274715
F380D,-11.583874702453613,-2.0152669015
F380C,-11.948626518249512,-1.4356678055
F380A,-8.973020553588867,-0.8783453509999999
F380H,-13.969217300415039,0.0
F380S,-8.156221389770508,-2.1451660845
F380G,-12.379597663879395,-1.355538097
F380I,-10.925277709960938,-1.875222873
F380K,-10.689065933227539,-0.5245414575
F380L,-13.445852279663086,-0.418202465
F380M,-9.386953353881836,-1.0522227925
F380N,-12.125001907348633,-0.5116528625
F380P,-16.30980682373047,0.1145059755
F380Q,-12.608447074890137,-2.0838908195
F380R,-11.88138198852539,-3.20597568
F380T,-12.025954246520996,-1.7848950535
F380V,-12.843949317932129,-0.3545316745
F380W,-12.18235969543457,-1.844262176
F380Y,-11.479743003845215,-0.3368832895
T381Q,-10.137918472290039,-0.7206873509999999
T381N,-8.162407875061035,0.244487657
T381P,-14.527599334716797,0.682489695
T381S,-6.3477935791015625,-0.0423423375
T381V,-12.571590423583984,0.585785718
T381A,-7.2377610206604,-1.319925184
T381R,-9.455221176147461,0.66981524
T381C,-9.65438461303711,-1.998679819
T381K,-9.706718444824219,-1.5075470894999998
T381E,-9.620928764343262,1.0773347045
T381F,-12.02525520324707,-1.5081905855000002
T381G,-11.537137985229492,-0.3029410095
T381H,-12.553967475891113,-0.977602004
T381I,-12.230803489685059,-0.8485680915
T381W,-14.178025245666504,0.0
T381L,-9.518770217895508,-0.6050469355
T381M,-8.80221176147461,-0.5666282005
T381D,-10.776250839233398,0.453037325
T381Y,-13.065179824829102,-1.7729391765
V382E,-12.040058135986328,-0.299117478
V382A,-8.250762939453125,0.103287607
V382M,-6.063955307006836,-3.5858652725
V382S,-9.538529396057129,-0.4623661115
V382R,-11.774432182312012,-1.484579738
V382Q,-12.657344818115234,-1.2916653425
V382P,-14.475225448608398,0.1436961395
V382N,-9.790792465209961,0.6797226545
V382Y,-6.378182411193848,0.0
V382T,-6.473843574523926,-1.2522845045
V382L,-6.9238691329956055,0.4226825945
V382I,-2.276778221130371,0.327684867
V382C,-9.486366271972656,-2.3194746215
V382D,-12.220863342285156,-0.04110821
V382H,-10.203505516052246,-0.063287019
V382G,-10.73791790008545,-0.975857163
V382F,-4.5859694480896,-1.054541964
V382K,-11.835604667663574,-0.298244181
V382W,-9.58739948272705,0.5832228429999999
L383D,-15.662068367004395,-2.3656015095
L383F,-10.940685272216797,-2.2548916615
L383E,-13.497913360595703,0.2826559175
L383T,-14.392854690551758,-1.6341689885
L383Y,-13.31948471069336,0.309894239
L383V,-10.240854263305664,-0.7612135265000001
L383H,-14.59048843383789,0.9689413965
L383I,-8.69070053100586,-1.387301865
L383K,-13.655630111694336,-0.6806695155
L383M,-9.166374206542969,-3.1031109105000003
L383W,-12.479310989379883,-0.6615382665
L383N,-15.420042991638184,0.0
L383S,-15.759941101074219,-1.7231275515
L383G,-15.51219654083252,-1.2744030925
L383R,-13.874619483947754,-0.641329832
L383Q,-12.575634002685547,-1.560556324
L383P,-17.181602478027344,-1.0712211834999998
G384W,-18.962011337280273,-1.0235135305
G384K,-17.19233512878418,-2.7401859345
G384N,-16.706636428833008,-0.947022922
G384Q,-17.357091903686523,-4.6969183725
G384R,-15.400275230407715,-0.5578277985
G384P,-16.900245666503906,-2.474803339
G384Y,-21.722414016723633,-2.0838460945
G384L,-17.426727294921875,-2.2320375295
G384S,-14.87685489654541,-1.480816783
G384T,-16.283123016357422,-1.0143100465
G384V,-21.205717086791992,0.0679829565
G384I,-21.602561950683594,-1.1910056545
G384H,-19.598955154418945,-0.7665078259999999
G384F,-21.06108283996582,-2.950991824
G384E,-15.414678573608398,-0.971857514
G384D,-15.010683059692383,-3.028841789
G384C,-17.903961181640625,-1.256681531
G384A,-14.436453819274902,-0.8850191034999999
G384M,-17.433454513549805,-2.39895365
Y385C,-10.461299896240234,-0.4988986335
Y385H,-7.630096912384033,0.7867145175
Y385M,-13.070182800292969,-2.828435575
Y385I,-20.69536781311035,-4.110781128
Y385F,-5.452794551849365,0.1228271425
Y385E,-11.06941032409668,-0.907939251
Y385D,-12.181071281433105,0.6782603770000001
Y385G,-11.113245964050293,-2.210473714
Y385N,-7.977181911468506,-0.487003849
Y385W,-11.88170051574707,-0.5887984695
Y385Q,-12.006315231323242,-2.0471501515
Y385A,-10.465895652770996,-1.8020505045
Y385L,-15.646955490112305,-1.674081799
Y385P,-17.15323829650879,-1.4163819345
Y385K,-12.37705135345459,-3.2802433075
Y385R,-14.01026725769043,-2.479002689
Y385S,-10.296051025390625,-0.7664298135
Y385T,-15.849319458007812,-4.0597889505
Y385V,-17.64643669128418,-2.6025043635
M386F,-13.884441375732422,-1.0446426095
M386Y,-14.05480670928955,0.452612034
M386W,-13.784276962280273,0.3694504875
M386V,-14.760770797729492,-0.2878219575
M386T,-10.897544860839844,-0.0019789545
M386S,-12.574490547180176,-2.561489417
M386A,-10.697379112243652,-0.5318543585000001
M386C,-12.973981857299805,-1.719739705
M386D,-14.196369171142578,-1.4866370015
M386R,-10.062116622924805,-0.8179193929999999
M386P,-16.741296768188477,-1.6658925105000002
M386N,-13.129290580749512,-5.590533739
M386L,-10.359580993652344,-0.2353678135
M386K,-10.64612102508545,-0.480644013
M386I,-15.263916015625,0.4545781445
M386H,-12.998750686645508,-0.8814559395
M386G,-16.293651580810547,-1.6194279755
M386E,-11.428437232971191,-0.5695894165
M386Q,-12.002628326416016,-0.064464299
A387C,-11.908700942993164,-3.44973033
A387W,-18.133941650390625,-2.698225754
A387Q,-13.988500595092773,-3.9953859435
A387P,-14.299674987792969,-0.8972157485
A387N,-14.407166481018066,-0.3428397725
A387M,-14.436838150024414,-1.6107733185
A387L,-15.445650100708008,-1.6154930769999998
A387K,-16.663969039916992,-2.6196943425
A387R,-17.66267204284668,-2.903916024
A387I,-19.894580841064453,-3.883678562
A387G,-11.662031173706055,-1.143461778
A387F,-14.761211395263672,-0.7818104325
A387E,-13.395565032958984,-3.043438423
A387D,-13.058466911315918,-1.2028463805
A387V,-17.28832244873047,-0.4876203965
A387Y,-16.97560691833496,-0.8232379895
A387H,-14.230504989624023,-3.7407164025
A387S,-6.4132184982299805,0.494632067
A387T,-14.3631010055542,-0.6990584805
E388Q,-8.478139877319336,0.445142705
E388D,-7.5480852127075195,0.4758096245
E388F,-9.844120979309082,-0.190597167
E388G,-13.689135551452637,-0.7846044034999999
E388Y,-10.29109001159668,-0.201378455
E388W,-11.966276168823242,-0.5858912875
E388V,-11.385499000549316,-0.091394324
E388T,-8.485442161560059,-0.15719982
E388S,-9.365453720092773,-1.04459947
E388R,-11.573111534118652,-1.726991217
E388P,-15.862285614013672,-1.8604729145
E388N,-8.250133514404297,-0.3622377795
E388M,-10.583045959472656,-0.648214933
E388L,-12.842630386352539,-1.143157698
E388C,-10.74773120880127,-1.912553611
E388A,-7.346764087677002,-0.1908760485
E388H,-8.788366317749023,0.400324264
E388I,-14.261783599853516,-2.6060893215000003
E388K,-8.75035572052002,0.045864083
M389Y,-11.197335243225098,-0.849246253
M389R,-8.78891658782959,0.600174478
M389Q,-7.445579528808594,0.445202122
M389P,-16.80826187133789,-2.4118854080000003
M389N,-7.97950553894043,-1.4050393584999998
M389A,-8.28005313873291,-0.33155375
M389C,-11.599892616271973,-0.137301726
M389D,-10.870528221130371,-0.933963014
M389E,-8.034676551818848,-0.504325102
M389G,-11.571918487548828,-1.4068737395
M389H,-9.783954620361328,-1.2434730745
M389L,-5.814152717590332,0.8567750085
M389K,-7.716059684753418,0.4464011055
M389I,-7.359719753265381,0.965931341
M389T,-9.723499298095703,0.5347218435
M389V,-6.310967445373535,-0.1301309825
M389W,-10.924057960510254,-2.166190271
M389F,-9.758390426635742,-0.8482072959999999
M389S,-10.561638832092285,-0.162550596
R390E,-11.422680854797363,-1.9007373135
R390F,-13.955134391784668,-2.3670195055
R390G,-14.82433032989502,-0.411484381
R390M,-10.106914520263672,-0.222563402
R390L,-8.102022171020508,-0.2473148865
R390K,-5.403031349182129,0.084697309
R390I,-13.803853034973145,-1.7844300844999998
R390H,-11.855263710021973,-1.771902088
R390Q,-7.969038486480713,-0.3394996645
R390N,-13.444819450378418,-0.913074655
R390S,-13.610620498657227,0.1789045625
R390W,-14.716586112976074,0.0662726984999999
R390A,-11.856056213378906,-2.169455509
R390T,-12.008655548095703,-0.1853679315
R390V,-14.17786979675293,-1.5146409165
R390C,-13.185846328735352,-1.2418109825
R390D,-14.22574234008789,-1.914078648
R390Y,-12.911404609680176,-0.761259382
R390P,-18.60203742980957,-1.3103949365
N391A,-8.084554672241211,-0.1209168255
N391W,-11.935371398925781,-2.350063949
N391C,-10.327756881713867,-0.572389061
N391Y,-9.795723915100098,0.5955612745000001
N391D,-5.983267307281494,0.5722588755
N391F,-9.984617233276367,-1.013860894
N391V,-10.625174522399902,-1.2898018275
N391T,-8.75499153137207,0.405362481
N391E,-6.473675727844238,-0.373540533
N391S,-7.017174243927002,0.4725785005
N391R,-5.563868522644043,-0.170232402
N391P,-14.783036231994629,-1.869242458
N391Q,-4.781695365905762,0.5771973229999999
N391L,-8.686126708984375,-1.227685768
N391K,-2.906406879425049,-0.284928671
N391I,-11.77917194366455,-0.8036012615000001
N391H,-5.154745578765869,-0.32075081
N391G,-7.277886390686035,0.9480382445
N391M,-8.89419174194336,0.294858054
E392I,-8.62330436706543,0.9758906705
E392K,-2.403754234313965,0.4730398
E392H,-10.758891105651855,-0.3949123295000001
E392L,-4.812521934509277,1.173512391
E392F,-11.134661674499512,-0.8853077005
E392D,-8.516847610473633,0.927204979
E392C,-9.357463836669922,0.971237829
E392G,-12.14151668548584,-0.2031234805
E392M,-6.479903221130371,0.8928707595
E392A,-4.961591720581055,0.6593716765
E392P,-15.72146224975586,-1.060045262
E392Q,-2.7426204681396484,0.7964623365000001
E392R,-5.972919464111328,0.1685393369999999
E392S,-6.472991466522217,0.1968173765
E392T,-6.201021194458008,0.531625467
E392V,-5.982812881469727,1.3521384344999998
E392Y,-11.711282730102539,-0.5854025270000001
E392N,-9.47079849243164,0.421753009
E392W,-10.611440658569336,-0.5466009435
D393S,-6.478656768798828,0.286202609
D393T,-8.92627239227295,0.932032699
D393V,-10.818269729614258,0.709289692
D393W,-11.862669944763184,-1.4547289140000002
D393Y,-9.59758472442627,0.8178347235
D393Q,-6.952578067779541,-0.2177910185
D393R,-8.090055465698242,-0.7359610320000001
D393P,-6.649300575256348,-1.0331033905
D393M,-10.375129699707031,0.028058225
D393A,-6.137035369873047,1.079297687
D393C,-10.638772964477539,-1.108047594
D393E,-4.586981773376465,1.096102396
D393F,-10.234436988830566,-0.5473143629999999
D393G,-8.347085952758789,0.0109150525
D393N,-4.87359094619751,0.1914826685
D393H,-7.183285713195801,0.1347138645
D393I,-12.144098281860352,-1.829545768
D393K,-6.398639678955078,0.2003816905
D393L,-9.127961158752441,-0.022797119
V394N,-15.82050609588623,-0.7414167709999999
V394L,-14.253101348876953,-0.3505987475
V394P,-13.568848609924316,-0.7008863685
V394Q,-16.643573760986328,-2.6731889725
V394K,-19.12868881225586,-1.2304428040000002
V394I,-10.456063270568848,0.508895375
V394M,-15.926795959472656,-1.1700687875
V394R,-18.995845794677734,-2.0127131475
V394W,-19.287961959838867,-3.3063347595
V394T,-10.668237686157227,-0.9910127205
V394A,-14.15345573425293,-0.6265408375
V394Y,-17.75768280029297,-1.3410504245
V394H,-17.511632919311523,-1.751857538
V394G,-16.136470794677734,-0.095334394
V394F,-16.950485229492188,0.007660053
V394E,-13.616918563842773,-1.178898748
V394D,-16.225059509277344,-0.7138607235
V394S,-15.881390571594238,-1.7175700285
V394C,-12.182697296142578,-1.0655947645
S395M,-10.136460304260254,0.1767087305
S395N,-8.142544746398926,-0.3329192405
S395P,-12.64234733581543,-0.288445276
S395Q,-8.139473915100098,0.465782517
S395V,-11.804710388183594,-0.274729123
S395T,-7.633912086486816,-0.6325233425
S395W,-13.652589797973633,0.023313355
S395Y,-11.950675964355469,-0.6440582015
S395K,-7.064257621765137,-0.6805131975
S395R,-8.199085235595703,0.03686676
S395I,-12.44467830657959,0.0875327544999999
S395L,-11.130208969116211,0.019000884
S395G,-4.718020439147949,0.3815321345
S395F,-11.933866500854492,-0.4741682895
S395E,-8.500478744506836,0.593693739
S395D,-9.214723587036133,0.2497025995
S395C,-10.635432243347168,-0.8010172405
S395A,-4.55108118057251,0.5985188865
S395H,-9.886590003967285,0.946505897
E396F,-9.398380279541016,0.7834681615000001
E396D,-5.518740177154541,0.175513833
E396P,-15.013754844665527,-1.978013975
E396Q,-4.805027961730957,0.1228068285
E396A,-5.454128265380859,0.7430227045000001
E396C,-9.303207397460938,-0.6836006145
E396G,-8.4561767578125,-0.203636403
E396S,-4.907727241516113,0.4919911645
E396T,-3.9344325065612793,0.7794371245
E396V,-5.37410831451416,0.514252548
E396R,-6.870670795440674,0.1960757035
E396H,-8.439380645751953,-0.330183574
E396W,-12.397207260131836,-0.780212948
E396I,-5.439907550811768,0.400600719
E396N,-6.59814977645874,0.4403179535
E396M,-7.079198837280273,0.653362168
E396L,-6.1534833908081055,0.608056466
E396K,-3.6551082134246826,0.4099947095000001
E396Y,-10.12674617767334,0.0030977125
V397A,-10.262577056884766,-0.451033266
V397C,-12.294452667236328,-2.105584668
V397Y,-17.584627151489258,-1.753515705
V397W,-19.59355354309082,-1.0858879275
V397T,-10.33726692199707,-2.184086534
V397S,-13.628374099731445,-2.062183449
V397R,-15.70315170288086,-1.9392022895
V397Q,-14.390878677368164,-2.335851126
V397M,-12.152223587036133,-0.5172467805
V397D,-15.409076690673828,-0.5521014425
V397L,-9.553150177001953,-0.198917594
V397K,-14.878345489501953,-2.7192482310000003
V397E,-13.211344718933105,-3.207061433
V397F,-15.525304794311523,0.440746869
V397G,-15.144068717956543,-1.1084189325
V397H,-16.706279754638672,-3.6450821155
V397I,-6.616868495941162,-0.199750505
V397P,-13.543554306030273,-1.8574966735
V397N,-13.41911792755127,-2.5884779885
A398H,-14.999870300292969,-0.1668407405
A398P,-15.506571769714355,0.0934768985
A398F,-13.02067756652832,0.267119824
A398Y,-15.257349014282227,-0.116703143
A398K,-13.04738998413086,-2.882618735
A398Q,-12.57363224029541,-1.6959464594999998
A398M,-8.739595413208008,-0.014149618
A398W,-14.956746101379395,0.598719769
A398V,-8.253128051757812,0.202747557
A398E,-11.896592140197754,-1.526835806
A398D,-11.883859634399414,-0.564991469
A398C,-10.657323837280273,-0.054995838
A398T,-7.579577445983887,-0.5132201989999999
A398S,-6.767560958862305,0.033298559
A398R,-13.835451126098633,-1.4946465815
A398N,-10.785845756530762,-0.825733475
A398I,-11.713858604431152,0.7774036655
A398L,-9.594056129455566,0.9723727125
A398G,-10.682769775390625,0.446752503
K399A,-7.1869096755981445,0.8297370465
K399D,-10.102473258972168,-1.176204467
K399E,-7.296215534210205,-0.089806082
K399F,-12.095380783081055,-1.194421567
K399G,-8.644518852233887,-0.032756488
K399H,-11.093873977661133,-0.052034207
K399I,-11.248368263244629,0.212855992
K399L,-10.02871036529541,0.068036199
K399C,-13.241225242614746,-1.1156691125
K399M,-10.0443754196167,-0.403268649
K399P,-10.692483901977539,-0.511966241
K399Q,-6.890501976013184,0.100014942
K399R,-6.106308937072754,0.340090959
K399S,-8.086987495422363,-0.0607765125
K399T,-9.094274520874023,0.0604751175
K399V,-9.730391502380371,-0.0297523125
K399W,-12.614337921142578,-0.882684375
K399N,-9.37913703918457,-0.2097978545
K399Y,-12.405437469482422,-0.8740728115
D400W,-9.92505168914795,1.081441732
D400C,-10.123592376708984,0.002498477
D400V,-7.421659469604492,-0.665852136
D400T,-6.869100093841553,0.669755628
D400S,-6.1345014572143555,0.605285448
D400R,-7.67799186706543,0.244871468
D400Q,-6.029912948608398,-0.2129479925
D400P,-5.768589973449707,-0.9164341785
D400N,-5.146270751953125,0.6828323000000001
D400M,-8.035965919494629,-1.2128160465
D400L,-7.820436000823975,-0.1240559175
D400K,-6.259166717529297,-0.8679979645
D400I,-8.273784637451172,-0.6144601815
D400H,-5.970456123352051,0.1738858735
D400G,-6.6932268142700195,0.483371841
D400F,-8.604228973388672,0.5876359760000001
D400E,-4.236389636993408,-0.987298985
D400A,-4.34103536605835,0.5566405704999999
D400Y,-8.901826858520508,0.7659596695
A401C,-9.116659164428711,0.741735843
A401F,-8.500831604003906,0.7292679590000001
A401N,-6.4489336013793945,0.2802017765
A401P,-4.928428649902344,-0.601000101
A401Q,-2.9946837425231934,-0.6008669904999999
A401R,-4.352780818939209,-0.054380028
A401S,-3.05465030670166,0.3036784105
A401V,-8.456880569458008,0.368742237
A401W,-8.91012191772461,0.5938238905
A401M,-8.22204303741455,0.989833088
A401L,-8.89953327178955,1.2747952445
A401K,-1.0072684288024902,0.456874984
A401I,-9.876296043395996,1.1433191455
A401H,-6.12935733795166,0.7149238659999999
A401G,-5.150603294372559,-0.3631159705
A401Y,-8.518444061279297,0.2583857095
A401E,-5.0569000244140625,-0.670471361
A401T,-5.6181111335754395,0.1066205755
A401D,-7.0782365798950195,-1.3612001735
G402A,-14.111452102661133,-1.149064983
G402Y,-18.158309936523438,-2.5707724505000003
G402W,-17.4599609375,-1.1527152345
G402V,-18.688880920410156,-0.94716648
G402S,-14.025459289550781,-0.5829322554999999
G402R,-13.720626831054688,-1.1787533385
G402Q,-15.829203605651855,-1.078845076
G402P,-16.614505767822266,-1.361850416
G402N,-15.155728340148926,-1.7092582265
G402M,-17.094266891479492,-0.908666054
G402K,-15.389913558959961,-0.960291961
G402I,-19.868925094604492,-1.211914925
G402H,-16.533851623535156,-1.692273519
G402F,-17.729028701782227,-2.049490488
G402E,-12.494538307189941,-2.041661222
G402D,-12.329610824584961,-0.9035942825
G402C,-16.681045532226562,-0.6068079304999999
G402L,-16.4205322265625,-1.961472163
G402T,-18.28424644470215,-1.5392299365
P403I,-6.5116167068481445,0.4771974725
P403M,-7.635997772216797,-0.7211868345
P403T,-3.749235153198242,-1.306997497
P403S,-4.923025131225586,0.1447423735
P403R,-9.875038146972656,-1.0611558805
P403Q,-7.1514716148376465,-0.9958713335
P403N,-8.072417259216309,-1.116141635
P403Y,-6.227132320404053,0.6162534465
P403L,-6.914012908935547,0.1258921015
P403K,-9.655031204223633,-1.7796739755000002
P403H,-6.6255035400390625,-0.0641444865
P403G,-9.092680931091309,-0.0645061095
P403F,-4.636984825134277,0.351783943
P403E,-7.292665481567383,-1.2251261675
P403D,-7.618073463439941,-1.0087727605
P403C,-9.182886123657227,-0.9479668785
P403A,-2.168917655944824,0.48712381
P403V,-5.101357936859131,-0.037329361
P403W,-8.481273651123047,-0.5468894
S404A,-6.535387992858887,1.007183374
S404Y,-10.223297119140625,-0.407870926
S404W,-13.030482292175293,-0.724054293
S404C,-10.292804718017578,0.3848677865
S404T,-8.166126251220703,0.644424198
S404D,-9.899785041809082,-0.4228672115
S404E,-8.90751838684082,0.165458567
S404F,-9.896788597106934,-0.20217312
S404G,-5.809942245483398,0.751037617
S404H,-8.668805122375488,1.1039435365
S404I,-12.865960121154785,0.1120165965
S404K,-9.389232635498047,-0.123129927
S404V,-13.098501205444336,-0.3553021775
S404M,-9.37094497680664,0.5565927045
S404N,-7.920844554901123,-0.015906912
S404P,-11.636580467224121,-1.4706767785
S404Q,-8.301870346069336,-0.5207222229999999
S404L,-9.882983207702637,0.562998247
S404R,-8.878287315368652,-0.597621501
L405Y,-15.11316204071045,-3.058129238
L405W,-15.953462600708008,-1.1308583955
L405V,-10.925703048706055,-0.322940636
L405T,-13.514093399047852,-2.657635164
L405S,-15.222756385803223,-2.4455110265
L405R,-10.908370018005371,-0.490367598
L405Q,-11.642085075378418,-0.7185821695
L405P,-14.42485523223877,-0.0778222825
L405M,-9.641092300415039,-1.443868923
L405N,-14.311857223510742,-4.5
L405I,-7.718174934387207,-1.65789497
L405H,-13.813253402709961,-3.993847835
L405G,-14.126694679260254,-1.4355367555
L405F,-12.489267349243164,-1.8783970075
L405E,-13.378535270690918,-1.9462892545
L405D,-15.772832870483398,-4.5
L405C,-17.194923400878906,-2.210532496
L405A,-13.43436336517334,-3.9159025435
L405K,-13.295228004455566,-0.3066663375
L406R,-14.23933219909668,-2.8272253915
L406A,-10.070111274719238,-0.2028781255
L406Q,-12.966763496398926,-4.5
L406D,-16.312429428100586,-1.273085685
L406W,-15.449007034301758,-0.1545759815
L406G,-11.934103012084961,-0.3944962775
L406F,-12.960326194763184,0.360351736
L406E,-14.150562286376953,-1.0969999435
L406M,-7.855062007904053,0.404134067
L406C,-11.93425178527832,-0.370855906
L406S,-14.041727066040039,0.0584611385
L406T,-13.689087867736816,0.311402401
L406V,-9.646455764770508,1.3339564595
L406I,-9.193082809448242,2.1860147165
L406K,-14.668692588806152,-3.2425976645
L406P,-9.627510070800781,-0.6045681915
L406Y,-16.082294464111328,-1.495536655
L406N,-13.656902313232422,-4.5
F407I,-13.57330322265625,-0.352328211
F407H,-15.691134452819824,-3.2843853405
F407G,-12.582510948181152,-2.1531138665
F407E,-15.329824447631836,-3.1578898360000003
F407D,-15.111971855163574,-3.4375633655
F407C,-16.2076416015625,0.7520200975
F407N,-16.143138885498047,-1.1872260655
F407A,-13.51779556274414,-1.153201362
F407S,-14.256994247436523,-0.352806231
F407T,-18.014240264892578,-4.5
F407V,-16.113346099853516,-1.185759771
F407W,-14.798027038574219,0.658704716
F407Y,-10.726598739624023,-0.5568097685
F407L,-10.580836296081543,-0.6215340970000001
F407Q,-16.140274047851562,-1.7765993185
F407P,-15.229161262512207,-3.392649392
F407M,-13.779013633728027,-0.804374785
F407R,-15.708412170410156,-2.738440142
F407K,-13.645065307617188,-1.7667515325
I408K,-9.990337371826172,-1.202996856
I408Y,-13.294829368591309,-0.8281799065000001
I408W,-16.274864196777344,-1.8116183815
I408V,-6.404033184051514,0.142017747
I408T,-12.546387672424316,0.0205046575
I408S,-16.234573364257812,-1.376611623
I408R,-12.764435768127441,-2.4871032665
I408Q,-12.589393615722656,0.315987069
I408P,-18.420516967773438,-0.950260471
I408N,-13.541064262390137,-0.309249889
I408M,-10.984228134155273,-0.4196135805
I408L,-11.357873916625977,-0.7328643265000001
I408C,-16.075637817382812,-4.05268508
I408H,-15.576105117797852,-2.98842771
I408G,-18.122020721435547,-1.7520895495
I408F,-13.102088928222656,-0.2995682855
I408A,-14.07280445098877,-2.139372226
I408E,-13.583337783813477,-1.571394687
I408D,-14.897327423095703,-1.273085685
T409L,-12.271925926208496,-0.1578078605
T409Y,-12.274030685424805,-0.58576462
T409W,-13.829529762268066,-1.3561710905000002
T409V,-6.550057411193848,0.939162419
T409S,-5.563541412353516,-0.267647601
T409R,-10.951077461242676,-1.635371093
T409Q,-12.345630645751953,-3.4973641795
T409M,-11.204538345336914,-1.2646759475
T409A,-4.304218292236328,0.7827247095000001
T409C,-9.303377151489258,0.794465091
T409P,-12.966167449951172,-1.3746679295
T409E,-10.808048248291016,-2.147008826
T409D,-8.657402038574219,-1.4123664215
T409K,-10.49233627319336,-2.2410471165
T409I,-8.596134185791016,0.5451645265
T409H,-12.769864082336426,-1.2638132495
T409G,-10.560053825378418,-0.1305806425
T409F,-11.474605560302734,-1.137513638
T409N,-9.155533790588379,-1.282343189
Y410G,-16.77120590209961,-0.340475342
Y410M,-13.603779792785645,1.0584218905
Y410N,-13.754611015319824,-0.9241999665
Y410P,-18.243459701538086,-1.9650772865
Y410Q,-13.966567039489746,-2.668298462
Y410R,-17.539216995239258,-2.0545271875
Y410S,-14.30637264251709,0.411529975
Y410T,-13.79332160949707,0.4977332175
Y410W,-13.351707458496094,0.6076253265
Y410L,-12.268745422363281,0.3659948765
Y410A,-14.616368293762207,0.2828973095
Y410C,-12.7783203125,0.6178470629999999
Y410I,-15.619400024414062,0.935244505
Y410H,-12.237652778625488,-0.6513614295
Y410V,-14.46628475189209,0.470236632
Y410K,-14.865275382995605,-2.6163549795
Y410D,-15.296582221984863,-1.5177337144999998
Y410F,-7.058662414550781,0.6911542340000001
Y410E,-11.964264869689941,-1.7310403465000002
A411Q,-10.994893074035645,-1.5753800425
A411Y,-15.133187294006348,-1.6351247384999998
A411W,-16.443300247192383,-1.0383430434999998
A411V,-13.959596633911133,-0.2056023365
A411T,-9.107826232910156,0.3826722985
A411S,-8.251606941223145,0.794204083
A411R,-12.190109252929688,-1.9299530875
A411D,-12.980507850646973,-1.475598025
A411P,-8.208808898925781,-0.1755246015
A411N,-13.584900856018066,-0.2437187725
A411M,-13.91280746459961,0.7480154795
A411L,-13.122798919677734,0.3692347395
A411K,-12.710052490234375,-0.412533587
A411C,-12.732173919677734,0.5128415265
A411E,-11.888139724731445,-1.887768644
A411F,-14.609604835510254,-1.820498383
A411G,-12.472550392150879,0.5759100429999999
A411H,-12.438108444213867,-3.054414151
A411I,-14.383234024047852,-0.6833842015
E412S,-10.382070541381836,-0.318042903
E412Q,-6.172003746032715,-0.0882264715
E412P,-15.57795524597168,-1.607920365
E412N,-10.536115646362305,-2.914327577
E412M,-12.452998161315918,-0.105960898
E412L,-11.873653411865234,-1.964758646
E412K,-9.776741027832031,-0.0507714165
E412I,-17.209716796875,-0.9321924
E412F,-14.009373664855957,-0.5424727570000001
E412R,-10.93331527709961,-1.6317830325
E412D,-8.478750228881836,-0.3907800025
E412C,-13.79464340209961,-1.1930043015
E412A,-10.749676704406738,-0.6010462745
E412Y,-13.064037322998047,-1.4249656505
E412W,-14.983619689941406,-2.2465711325
E412V,-18.54642105102539,-0.6298225325
E412T,-13.562140464782715,0.2534004525
E412G,-12.582253456115723,-1.166259945
E412H,-11.144250869750977,-4.55758493
A413G,-7.738399505615234,-0.225230806
A413I,-16.114917755126953,0.683622297
A413H,-13.815728187561035,-1.3893714785
A413F,-15.910176277160645,-1.9537384425
A413E,-13.348811149597168,-1.3780072835
A413D,-13.574850082397461,-1.4644638365
A413K,-15.305992126464844,-1.6539237244999998
A413L,-15.508099555969238,0.547007294
A413M,-13.161901473999023,-0.218885319
A413Y,-16.59720230102539,-3.1870953835000004
A413N,-13.454937934875488,-1.8475403005
A413W,-17.673809051513672,-1.200463685
A413T,-13.605688095092773,-0.94448653
A413S,-9.957122802734375,-0.829840983
A413R,-15.17670726776123,-1.7069019515
A413Q,-13.746858596801758,-0.7007840940000001
A413P,-12.689729690551758,-1.384964021
A413C,-12.367377281188965,0.194794107
A413V,-14.02211856842041,0.017717094
I414W,-17.820981979370117,-1.544265185
I414Y,-17.69696617126465,-2.4977526555000003
I414V,-8.599401473999023,-0.228002542
I414A,-18.92226219177246,0.6663635995
I414S,-22.286935806274414,0.387542339
I414F,-15.686846733093262,-0.171254608
I414G,-21.067581176757812,-1.743627271
I414H,-19.738155364990234,-4.407843852
I414K,-15.9664888381958,-2.2772522935
I414L,-10.209644317626953,0.7118811604999999
I414E,-18.26435089111328,-2.4787473155
I414N,-18.447021484375,-0.123000728
I414T,-16.580347061157227,0.0825188705
I414M,-14.47739028930664,0.4331013325
I414P,-20.23027801513672,-2.6883496775
I414C,-21.507129669189453,-0.079752865
I414Q,-18.446481704711914,-1.2314256415
I414R,-17.06919288635254,-1.0803180855
I414D,-19.470762252807617,-3.171766339
A415K,-14.523565292358398,-1.217428685
A415L,-15.701964378356934,-1.2277273215
A415M,-14.97425651550293,-1.071168157
A415Y,-17.68195152282715,-1.5118319555000002
A415G,-8.240459442138672,0.610008501
A415F,-16.771167755126953,-1.274979968
A415E,-15.026512145996094,-1.058113541
A415D,-13.64181900024414,-1.1525720995
A415C,-14.738496780395508,-0.1159976945
A415I,-18.110349655151367,-0.667875795
A415H,-15.558504104614258,-0.9381568235
A415P,-13.717951774597168,-0.9413967715
A415R,-14.952350616455078,-1.119508725
A415S,-8.083000183105469,0.404882633
A415T,-12.560057640075684,0.03021503
A415V,-16.23261260986328,-0.5956331985
A415W,-20.171539306640625,-1.831373174
A415N,-13.560251235961914,-0.892843322
A415Q,-14.445552825927734,-0.7958033195
N416F,-9.576143264770508,-0.3060233975
N416G,-10.714578628540039,-0.6625824355
N416H,-5.054879188537598,0.366683233
N416I,-11.605793952941895,-0.03278873
N416Y,-7.453478813171387,-0.5059361785000001
N416D,-10.947901725769043,-0.267231965
N416C,-10.6318998336792,0.437476723
N416A,-8.05707836151123,0.632999905
N416K,-4.61665153503418,-0.5697787225
N416L,-8.833503723144531,0.8679849515000001
N416M,-9.903646469116211,0.6457964315
N416P,-14.76772689819336,-1.8269914285
N416E,-9.54043197631836,0.1373902155
N416W,-11.544393539428711,-0.270412081
N416S,-7.257072925567627,0.2775627955
N416V,-10.44052791595459,0.5736175855
N416T,-6.040652275085449,0.9634852375
N416R,-6.084785461425781,0.239384991
N416Q,-6.323984146118164,0.3447142055
M417S,-15.829068183898926,-1.0034214645
M417A,-15.219096183776855,-1.01607395
M417C,-13.971357345581055,-0.7891387415000001
M417D,-17.347946166992188,-2.432771214
M417E,-13.295162200927734,-0.851576951
M417F,-12.417330741882324,-0.775648023
M417G,-15.270710945129395,0.284004363
M417H,-16.666149139404297,-1.6525155994999998
M417I,-10.874876976013184,0.019421419
M417N,-16.879138946533203,-1.3643188030000002
M417P,-18.95492172241211,-2.141170363
M417K,-13.664745330810547,-0.5239746395
M417Q,-12.4878568649292,-1.8654085855
M417T,-11.903884887695312,0.0461218225
M417V,-13.48206615447998,-0.122153473
M417W,-14.353682518005371,-1.7893062465
M417Y,-17.761112213134766,-0.4538781775
M417R,-13.871245384216309,-0.612298948
M417L,-6.529862880706787,0.269490243
P418L,-8.908029556274414,-1.1152353495
P418M,-8.718263626098633,-2.7113732995
P418I,-9.112995147705078,-3.870428431
P418R,-8.75881576538086,-0.9828605465
P418S,-8.762006759643555,-0.984287083
P418T,-6.93784236907959,-1.7443233425
P418V,-7.615081787109375,-1.494624103
P418W,-10.657247543334961,-1.300594354
P418Y,-10.601853370666504,-0.623955615
P418K,-8.120133399963379,-2.3308676425
P418A,-7.860882759094238,-1.263901918
P418Q,-8.651073455810547,-1.8074247335
P418H,-9.184110641479492,-0.202193404
P418G,-10.315898895263672,-0.4478536325
P418F,-10.824172973632812,-2.46941515
P418N,-9.31270694732666,-2.8926254910000004
P418D,-9.977924346923828,-1.491109234
P418C,-11.148361206054688,-1.936786449
P418E,-8.653434753417969,-1.070522721
A419M,-5.696375370025635,0.393984052
A419N,-5.386263847351074,0.430330603
A419P,-10.502920150756836,-0.441511897
A419I,-4.580925941467285,0.0876387885
A419L,-4.370387077331543,0.468229522
A419R,-7.140737533569336,-0.602070612
A419S,-6.101993560791016,0.3748238735
A419T,-7.616761684417725,-0.475408818
A419V,-4.2650861740112305,0.005937145
A419D,-7.835454940795898,-0.462433511
A419E,-9.613698959350586,-0.845818014
A419F,-3.6689555644989014,0.133129792
A419G,-3.4010133743286133,0.8253165729999999
A419H,-4.81566047668457,0.4843925155
A419W,-5.108696937561035,0.1950541885
A419Y,-2.520905017852783,1.0505301835
A419C,-6.138265132904053,1.0207412665
A419Q,-7.459784984588623,0.1680532575
A419K,-7.222692966461182,0.211518254
S420N,-12.92652416229248,1.267611899
S420L,-15.326478004455566,-1.7291859790000002
S420K,-14.25861930847168,0.2389969305
S420I,-17.92152214050293,-1.68440562
S420H,-13.837129592895508,-1.1326137785
S420M,-14.610991477966309,-0.960712688
S420G,-11.421967506408691,0.925285194
S420F,-16.18265724182129,-0.8168642740000001
S420E,-11.648662567138672,-0.114481611
S420R,-13.60444450378418,0.6693203775
S420Y,-16.737545013427734,-0.774777005
S420T,-10.236371994018555,-0.996495439
S420W,-17.758468627929688,-1.3183618685
S420V,-15.349411010742188,-1.6706539575
S420C,-13.398731231689453,0.3750289035
S420A,-4.864118576049805,0.4975460015
S420P,-7.971540927886963,0.911057551
S420Q,-12.300554275512695,0.9578276335
S420D,-11.99755859375,-0.4495476775
T421K,-5.6027512550354,0.504382876
T421I,-9.243562698364258,0.234371347
T421W,-11.338118553161621,0.4310372585
T421Q,-6.077638149261475,0.4334365045
T421V,-8.119710922241211,0.114065958
T421C,-11.408048629760742,0.6194964070000001
T421Y,-11.324470520019531,0.1948075705
T421R,-6.471319675445557,0.977538401
T421F,-11.658563613891602,0.082176422
T421G,-8.169479370117188,0.6617061595
T421A,-9.25838851928711,0.2910182925
T421S,-6.190978050231934,0.4228155005
T421H,-7.320552825927734,0.444186323
T421L,-9.23719310760498,-0.923045955
T421M,-8.599854469299316,-0.6002192945
T421N,-6.225955963134766,0.5769839755
T421P,-8.507494926452637,0.8148765225
T421D,-9.94192123413086,-0.917544371
T421E,-9.986621856689453,0.135010456
F422I,-8.038150787353516,0.1507174905
F422K,-11.777047157287598,-0.9148702155
F422G,-8.682496070861816,0.352815335
F422E,-12.29422378540039,-0.406932104
F422D,-11.81602668762207,-1.6467898794999998
F422A,-8.361051559448242,0.049573788
F422C,-11.786809921264648,0.3976973315
F422L,-6.77949333190918,0.1771966185
F422H,-12.37136173248291,-1.18188873
F422N,-13.522819519042969,-2.65730039
F422V,-7.645009517669678,0.480496446
F422P,-11.797486305236816,0.5109165375
F422Q,-13.162388801574707,-3.1064115295
F422R,-13.655627250671387,-1.552690476
F422S,-9.824358940124512,-0.073352636
F422T,-10.476092338562012,0.1232026645
F422W,-9.02684211730957,-0.0697642005
F422Y,-9.880537033081055,0.576438834
F422M,-10.828446388244629,0.742197825
F423W,-2.4944467544555664,0.493351194
F423Y,-7.908102035522461,-0.5465297735
F423V,-11.73169994354248,0.032714777
F423T,-13.686264038085938,0.010873113
F423S,-9.423199653625488,-0.4333983970000001
F423K,-11.979474067687988,-1.156764112
F423I,-11.311724662780762,0.405727548
F423M,-11.32198429107666,0.326830271
F423N,-12.459430694580078,-1.7054926585
F423P,-10.43222713470459,-3.451761158
F423Q,-13.199348449707031,-1.8949613675
F423R,-13.617209434509277,-2.1341736645
F423E,-12.104119300842285,-1.48984012
F423D,-12.19334602355957,-1.308754764
F423G,-9.190713882446289,-1.925705535
F423H,-13.099529266357422,-0.4390125125
F423C,-9.715413093566895,0.2213568705
F423A,-9.036529541015625,-1.1085696795
F423L,-8.516152381896973,0.0124981275
A424T,-11.425615310668945,0.151115524
A424S,-3.7307491302490234,0.8872590265000001
A424M,-13.839141845703125,-1.6845242825
A424R,-13.647001266479492,-2.2533924075
A424Q,-11.665631294250488,-1.991441456
A424P,-14.020578384399414,-0.277450573
A424H,-14.091419219970703,-1.9865230075
A424N,-14.304102897644043,0.6381250279999999
A424V,-15.092270851135254,-0.0219326725
A424K,-13.306425094604492,-2.950371086
A424I,-16.551847457885742,-2.0970949445
A424G,-10.647408485412598,0.4899917925
A424F,-15.854472160339355,-2.0572156505000003
A424E,-12.25180435180664,-2.077539577
A424D,-13.016003608703613,-0.096142369
A424C,-13.233926773071289,-0.401664605
A424L,-14.929872512817383,-1.5237240019999998
A424W,-18.834575653076172,-1.4094535885
A424Y,-15.909599304199219,-1.1050952995
I425T,-10.10507869720459,0.2512503805
I425A,-9.706853866577148,0.499828211
I425C,-10.302541732788086,0.42185325
I425Y,-11.211732864379883,-1.009693391
I425W,-12.340147018432617,-0.1933337935
I425V,-4.1544508934021,0.284712446
I425D,-13.93751335144043,-2.094776991
I425L,-7.852200508117676,-0.015005047
I425F,-8.686236381530762,-0.1469805365
I425R,-11.780478477478027,0.070213202
I425Q,-12.894878387451172,0.5278106565
I425P,-12.968544960021973,0.544140824
I425N,-12.171585083007812,0.0370399405
I425M,-9.883150100708008,-0.2915720665
I425G,-13.791096687316895,0.151398688
I425H,-12.354747772216797,0.2057568485
I425E,-12.883800506591797,-1.5452596985
I425S,-12.259450912475586,-0.012376392
I425K,-10.071995735168457,0.999029848
I426K,-12.329303741455078,-2.5029172435
I426C,-9.716940879821777,0.108413191
I426A,-11.31664752960205,0.482432854
I426N,-12.490434646606445,-0.666027381
I426P,-12.993810653686523,-0.2969550455
I426Q,-12.453544616699219,-2.3482823075
I426T,-9.11741828918457,-0.144618257
I426S,-10.580293655395508,0.5484128325
I426V,-6.0384907722473145,0.5904374855
I426W,-12.860889434814453,-2.059547684
I426Y,-14.02051830291748,-2.4423175285
I426H,-13.994770050048828,-1.0320098375
I426G,-12.148838996887207,-0.058430363
I426F,-10.328635215759277,-0.0848687465
I426L,-5.803606033325195,0.5633255564999999
I426R,-12.502660751342773,-0.931122899
I426M,-7.874137878417969,0.51421083
I426E,-11.520989418029785,-3.0039411575
I426D,-13.430749893188477,-1.7076341715
F427L,-10.385757446289062,0.107396485
F427Y,-8.924793243408203,-0.4226272435
F427W,-10.058491706848145,1.06841239
F427V,-12.937626838684082,0.3474482125
F427T,-10.599593162536621,1.3969618385
F427S,-8.609798431396484,0.290634058
F427R,-13.028796195983887,-2.350105243
F427Q,-12.674293518066406,0.392993845
F427P,-15.555840492248535,-2.687620577
F427M,-12.424060821533203,1.9344330645
F427I,-14.56991958618164,0.018223595
F427G,-11.67214298248291,-0.788197858
F427H,-11.303973197937012,-1.3779214594999998
F427A,-10.47286605834961,0.181010159
F427C,-10.788961410522461,0.3132721715
F427D,-12.364679336547852,-0.623582932
F427E,-12.684090614318848,-4.972313474
F428N,-15.905412673950195,-0.0797975995
F428G,-17.745634078979492,-1.6236495115
F428E,-16.82233428955078,-2.2715453945
F428D,-17.09958267211914,-1.6587397175
F428C,-17.045082092285156,-1.0272689705
F428A,-16.152713775634766,-1.9429034625
F428P,-19.131458282470703,-0.999944669
F428Y,-10.23214340209961,-0.0481056245
F428V,-13.617183685302734,-1.8604905645
F428T,-13.671717643737793,-2.0169719495
F428S,-13.503156661987305,-0.739743409
F428R,-16.549911499023438,-1.797903897
F428Q,-15.906515121459961,-4.9841180685
F428H,-15.91563892364502,0.130154028
F428K,-14.729860305786133,-2.60326194
F428L,-13.453917503356934,-0.459676839
F428M,-13.27259349822998,-1.1850676045
F428W,-9.939132690429688,0.8299563870000001
F428I,-13.60757827758789,-1.0203896195
L429A,-5.861848831176758,0.1223291305
L429H,-11.398274421691895,-3.979823065
L429K,-10.344943046569824,-3.0215953910000004
L429G,-7.8086676597595215,0.2756219075
L429I,-5.437185764312744,-0.4653744970000001
L429N,-9.680440902709961,-2.1059608975
L429Y,-9.707048416137695,-1.601190845
L429W,-9.373833656311035,-1.4288798
L429V,-6.809514045715332,0.5260749060000001
L429T,-5.206449031829834,0.977792968
L429S,-6.536036491394043,0.624404996
L429R,-10.297165870666504,-1.3548851465
L429Q,-9.910248756408691,-0.8068135359999999
L429P,-14.178353309631348,0.006157904
L429M,-5.636082172393799,-0.0046058115
L429F,-7.105962753295898,0.5766649745
L429E,-9.079254150390625,-2.53074944
L429D,-11.442150115966797,-1.729157951
L429C,-7.787515163421631,-0.366275802
M430G,-14.927574157714844,0.411354213
M430V,-14.645539283752441,0.0614958745
M430W,-16.787267684936523,1.148799951
M430Y,-18.725528717041016,0.1137919415
M430T,-10.748262405395508,-0.0332060045
M430S,-13.201298713684082,0.2858877575
M430R,-15.328130722045898,-1.950238014
M430H,-17.015796661376953,0.612028339
M430P,-20.674949645996094,-0.7919087815000001
M430N,-14.085281372070312,0.4688525025
M430Q,-13.551284790039062,-0.0542190135
M430K,-14.743185997009277,-0.187620101
M430I,-14.484051704406738,0.477183409
M430A,-13.765685081481934,0.382477083
M430C,-12.364206314086914,-0.036611718
M430D,-14.933126449584961,-0.8773891865000001
M430E,-14.693117141723633,-0.6574155365
M430F,-15.989717483520508,0.047172742
M430L,-12.221700668334961,0.3151925395
L431S,-15.407295227050781,-0.8779230445
L431G,-16.755550384521484,-0.777344708
L431A,-12.850059509277344,-0.6310220985
L431C,-11.305402755737305,-0.292011322
L431D,-15.880441665649414,-0.4880149275
L431E,-14.244531631469727,-1.418582439
L431F,-12.618091583251953,0.4111634705
L431H,-15.401712417602539,-2.067485038
L431T,-13.943178176879883,-0.6431694004999999
L431K,-13.547993659973145,-1.942277349
L431M,-8.515658378601074,0.0456726865
L431N,-14.808650970458984,0.2116043295
L431I,-7.823367118835449,0.682506045
L431P,-16.966201782226562,0.0874683875
L431Q,-12.55134105682373,-0.179517015
L431R,-14.282179832458496,-0.7656310495
L431Y,-14.663107872009277,-1.6208105675
L431W,-16.16909408569336,-0.4389480125
L431V,-9.416228294372559,0.6232220039999999
I432S,-14.912516593933105,0.29177975
I432T,-11.61067008972168,0.2548254005
I432V,-5.13704776763916,0.318297448
I432W,-12.97989559173584,-2.083184025
I432Y,-13.11359977722168,-4.7079663335
I432M,-7.90462589263916,-0.1246279045
I432R,-12.570502281188965,-1.7605492895
I432K,-11.711721420288086,-0.589003109
I432A,-11.956011772155762,-1.6019166795
I432N,-13.033293724060059,-1.187097552
I432P,-15.448976516723633,-3.015106937
I432Q,-12.24797534942627,-2.133713459
I432D,-14.638370513916016,-2.3955813935
I432C,-13.801790237426758,0.3357101135
I432F,-10.23253345489502,0.413821733
I432G,-15.747991561889648,-1.4308621055
I432H,-15.411710739135742,-1.283983423
I432E,-12.644086837768555,-0.8235537695
I432L,-6.213811874389648,0.4785292605
T433Y,-8.274563789367676,0.361478397
T433W,-9.642871856689453,0.0979444815
T433V,-8.47227954864502,0.807215771
T433S,-6.593000411987305,0.369775302
T433R,-6.202899932861328,-0.3878189865
T433Q,-5.565651893615723,-0.939797552
T433N,-6.48900032043457,-1.959097472
T433P,-11.718791961669922,-0.34928257
T433G,-9.910567283630371,0.506877959
T433F,-5.328857421875,0.750185608
T433E,-5.011052131652832,-0.839667012
T433D,-7.554054260253906,-1.3995118765
T433H,-9.505956649780273,0.198278128
T433I,-7.216066837310791,0.8681846434999999
T433C,-4.759930610656738,0.850458068
T433K,-4.668728351593018,0.7255494185
T433L,-3.0986664295196533,1.0682991225
T433M,-4.724641799926758,1.310623388
T433A,-5.661959648132324,0.4021114895
L434V,-13.301998138427734,0.5159358585
L434A,-13.472464561462402,1.0567823545
L434C,-13.55117416381836,0.7210581384999999
L434D,-15.945680618286133,-1.562009744
L434W,-16.1986083984375,0.863053796
L434Y,-16.8669490814209,0.065807157
L434E,-13.867853164672852,-0.9444290125
L434H,-16.349760055541992,0.428933208
L434G,-15.637598991394043,0.060198219
L434I,-12.92634391784668,-0.230900742
L434K,-11.81834888458252,0.2368185555
L434M,-10.795158386230469,0.9840651385
L434N,-13.981668472290039,0.9534815325
L434Q,-11.260570526123047,0.854453694
L434R,-10.148628234863281,0.6846004545000001
L434S,-15.70222282409668,1.1621699605
L434T,-14.916191101074219,0.8603786995
L434F,-15.472152709960938,0.454788603
L434P,-17.383338928222656,-0.00395272
G435A,-11.934456825256348,0.3232715335
G435C,-14.158414840698242,0.7106543209999999
G435D,-12.44461727142334,-2.1842572875
G435E,-13.3466796875,-0.45672959
G435M,-16.165348052978516,0.612071568
G435R,-12.4920654296875,-0.0347748305
G435V,-17.877456665039062,-0.071149363
G435T,-16.56029510498047,0.003846917
G435S,-13.115345001220703,0.1713474739999999
G435W,-16.102397918701172,-0.5862009975
G435Q,-15.530558586120605,-0.1785488515
G435P,-16.276153564453125,-1.7271530755000002
G435Y,-17.649980545043945,-2.7386380255
G435L,-14.219035148620605,0.2920191985
G435K,-15.207846641540527,-1.45637169
G435I,-19.782060623168945,-0.172913166
G435H,-15.378653526306152,-1.4014421715
G435F,-17.233312606811523,-1.964421349
G435N,-13.59466552734375,-0.0199581635
L436T,-12.046051979064941,-0.8598568390000001
L436V,-11.838845252990723,0.202110213
L436S,-14.469791412353516,-0.531968475
L436R,-13.072670936584473,0.382943824
L436A,-12.400938987731934,-0.029076411
L436C,-14.582694053649902,0.1913718765
L436Q,-11.29564380645752,-0.5710950545
L436E,-13.30533218383789,-3.523315637
L436Y,-14.673035621643066,-0.204256396
L436D,-15.922872543334961,-1.477523405
L436W,-14.350008964538574,-0.276120238
L436F,-12.307101249694824,0.3169425865
L436N,-14.200098991394043,-0.2263269565
L436M,-8.052167892456055,0.6909690145
L436K,-13.008381843566895,-3.1117368945
L436G,-14.156525611877441,-1.726255272
L436H,-14.614083290100098,-3.096236695
L436P,-18.43415641784668,-0.0804466735
L436I,-9.688483238220215,0.7586402004999999
D437I,-16.517322540283203,-0.2178089165
D437F,-15.058998107910156,0.4160860425
D437G,-11.497734069824219,0.761115597
D437E,-9.932860374450684,1.1891169045
D437C,-13.311471939086914,0.7267235535
D437A,-10.453134536743164,1.3526225665
D437H,-10.032525062561035,0.4745112675
D437L,-14.64695930480957,0.3267234505
D437W,-14.685087203979492,0.2317062835
D437M,-14.785414695739746,0.675113234
D437K,-10.195343971252441,0.7692650445
D437N,-5.166178226470947,0.648249305
D437P,-11.16977310180664,0.3640216575
D437Q,-13.103938102722168,0.8694173485
D437R,-13.670600891113281,0.6141451720000001
D437S,-10.723703384399414,0.6368626145
D437T,-10.743902206420898,1.1174454495
D437V,-13.78003215789795,0.23024323
D437Y,-13.321946144104004,0.6008905715
S438M,-14.725798606872559,-0.7367371175
S438L,-13.188699722290039,-1.5281560685
S438W,-16.342857360839844,-0.35797276
S438V,-12.706979751586914,-0.562796971
S438T,-8.756675720214844,0.665155691
S438R,-11.689167022705078,0.9913250785
S438Q,-12.033738136291504,-0.109909192
S438P,-10.217674255371094,-3.0802272995
S438N,-12.889358520507812,0.379527096
S438I,-14.941719055175781,0.3104624615
S438K,-12.239842414855957,1.02123596
S438Y,-15.948392868041992,0.4362076135
S438H,-14.729926109313965,1.1121304725
S438E,-11.354728698730469,-0.7509880615000001
S438F,-14.670863151550293,-0.315749547
S438D,-10.824041366577148,-0.80102501
S438C,-13.415328979492188,0.2157884065
S438A,-8.966008186340332,0.231539862
S438G,-11.184218406677246,0.3899760725
T439V,-9.740384101867676,1.0215313315
T439S,-7.10808801651001,0.6533073495
T439R,-10.643472671508789,-0.6402860770000001
T439Q,-8.821187973022461,0.8946877795
T439N,-10.060296058654785,0.406991517
T439M,-6.198672294616699,-1.5608628485
T439L,-9.961066246032715,-0.602084434
T439I,-9.587413787841797,0.109818682
T439W,-14.791930198669434,-0.471213351
T439H,-13.671899795532227,-0.5716161670000001
T439G,-12.480052947998047,0.2100234425
T439F,-12.65075969696045,0.327886442
T439E,-9.042716026306152,-1.2910217885
T439D,-11.730925559997559,-1.1189171045
T439C,-11.48044490814209,0.7421467425
T439A,-7.637682914733887,1.097813236
T439K,-9.438695907592773,-1.86074093
T439Y,-15.413626670837402,-0.400079471
T439P,-14.09885025024414,1.393040066
F440V,-12.916223526000977,1.970219512
F440A,-11.161049842834473,0.3825950045
F440W,-10.814191818237305,-0.14530232
F440S,-12.005154609680176,-0.202170944
F440T,-16.7319278717041,0.817156275
F440Q,-12.272881507873535,0.070034246
F440P,-17.79238510131836,-1.548034224
F440N,-11.90031623840332,0.4931475185
F440R,-13.10893440246582,0.254927325
F440M,-9.009307861328125,0.5306426035
F440K,-9.974396705627441,-0.5459397245000001
F440I,-10.09699821472168,0.526250445
F440H,-14.520819664001465,0.8073248505
F440G,-12.701546669006348,0.27592175
F440E,-13.26276683807373,0.3262234915
F440D,-12.321322441101074,-0.4477108705
F440C,-13.754837036132812,1.982638994
F440L,-7.927358150482178,1.083019819
F440Y,-10.679776191711426,0.099086864
A441Y,-15.376470565795898,-0.6942745815000001
A441T,-14.411810874938965,0.161774085
A441S,-7.621319770812988,0.642825634
A441R,-13.873153686523438,0.6836259265000001
A441Q,-14.273006439208984,-1.7255561455
A441P,-13.56860637664795,0.070081675
A441V,-16.542760848999023,-0.113527813
A441N,-11.862308502197266,0.421543308
A441G,-1.3199653625488281,-0.2480324725
A441E,-14.174757957458496,-0.8250775995
A441F,-15.482940673828125,0.445922588
A441W,-17.592947006225586,0.2270621975
A441H,-11.157224655151367,0.553068915
A441I,-18.516185760498047,0.4674659845
A441K,-14.780540466308594,1.294052799
A441L,-16.186134338378906,-0.0263337385
A441M,-14.845722198486328,0.1622931315
A441C,-9.041465759277344,0.4207643905
A441D,-12.12353229522705,0.30227095
G442P,-13.558511734008789,0.4835606755
G442C,-6.693418502807617,0.79141287
G442A,-6.8817291259765625,0.691366426
G442R,-9.119186401367188,0.6763140009999999
G442S,-7.218510627746582,0.702922638
G442T,-8.810242652893066,0.5175870795
G442V,-10.757284164428711,0.7072166329999999
G442W,-13.388665199279785,1.127666508
G442Y,-14.365248680114746,0.9340307055
G442D,-8.657966613769531,-0.8900565975
G442E,-7.320330619812012,0.3709822895
G442F,-13.371334075927734,0.8251416970000001
G442Q,-8.870119094848633,0.6402278805
G442K,-11.07759952545166,0.8099032145
G442M,-9.744453430175781,1.1383433395
G442N,-8.38847541809082,0.8372967345000001
G442I,-10.501540184020996,0.920846027
G442H,-12.541604995727539,0.846552078
G442L,-8.298023223876953,0.998379485
L443W,-13.271737098693848,-0.205148822
L443Y,-13.324128150939941,0.6934526234999999
L443A,-11.824190139770508,-0.1041976105
L443D,-14.04916763305664,-2.295003519
L443E,-11.559273719787598,-1.3089206285
L443F,-11.289955139160156,0.4927023945
L443V,-6.484282493591309,1.151414971
L443H,-13.848546028137207,-0.4995393535
L443T,-11.45177936553955,-1.1323173665
L443S,-12.733341217041016,-1.3427392
L443R,-13.375629425048828,0.7133955190000001
L443G,-13.638533592224121,-1.4730286475
L443Q,-11.308659553527832,-0.610555437
L443C,-13.184602737426758,-1.1152582945
L443N,-12.018766403198242,-1.9662342975
L443M,-6.74821662902832,0.9793358565
L443K,-12.69299602508545,0.0618734775
L443I,-5.577202796936035,0.6440035485
L443P,-15.368008613586426,-0.227752422
E444F,-14.616476058959961,0.204035255
E444K,-8.839649200439453,0.0920543925
E444L,-10.113374710083008,0.1591274175
E444M,-13.94722843170166,-0.1668250309999999
E444N,-11.68255615234375,-0.8558551975
E444I,-13.88419246673584,0.1534664415
E444V,-13.662420272827148,-0.015772313
E444Q,-7.234433174133301,0.3662583685
E444R,-10.911399841308594,-1.04231976
E444S,-11.878665924072266,0.119055272
E444D,-10.669198036193848,-0.3151987275
E444C,-15.264726638793945,-0.3104334865
E444A,-9.779644012451172,0.893349808
E444T,-13.115973472595215,0.7577333305
E444W,-15.778162002563477,-0.496751813
E444Y,-15.605987548828125,0.270267251
E444G,-13.740927696228027,0.6711086279999999
E444P,-16.22307586669922,-3.8152206785
E444H,-12.958991050720215,0.5625920235
G445P,-17.988712310791016,-0.1328652655
G445N,-15.842281341552734,1.0500469725
G445M,-15.456507682800293,0.03984181
G445C,-16.51506805419922,0.5399116525
G445K,-16.413307189941406,0.1055608385
G445Y,-20.189361572265625,-2.2708589975
G445Q,-15.568706512451172,-0.390113196
G445V,-17.767974853515625,0.547705759
G445T,-15.385477066040039,0.203186106
G445S,-12.65636157989502,0.865896397
G445R,-14.95722770690918,0.5756499075
G445W,-19.55496597290039,-2.6152855235
G445D,-15.769306182861328,-0.0423387645
G445L,-15.599248886108398,0.6913870105
G445A,-9.719013214111328,0.6041605004999999
G445F,-19.720903396606445,-1.323925638
G445H,-17.943727493286133,-1.2337987195
G445I,-18.807241439819336,-0.8190114765000001
G445E,-15.062666893005371,-2.1129931515
V446L,-4.653080463409424,0.129209364
V446K,-9.43867301940918,-0.681689014
V446I,-5.295419692993164,0.4606766425
V446H,-9.615360260009766,-1.085371825
V446D,-10.0172758102417,-0.6205405045
V446F,-6.747432231903076,0.463536058
V446E,-9.372217178344727,-1.696648754
V446C,-7.9013991355896,-0.1649234195
V446A,-6.823208332061768,-0.0809798815
V446G,-8.166098594665527,0.2460449
V446P,-8.409759521484375,0.248145571
V446N,-9.001167297363281,-3.54133945
V446R,-8.860288619995117,-1.7888372225
V446S,-7.721555233001709,-1.1925471525
V446T,-6.485507965087891,-0.4832107985
V446W,-9.847131729125977,-2.1823977945
V446Y,-9.743096351623535,-3.465788867
V446M,-4.8389892578125,0.5075155404999999
V446Q,-7.337455749511719,-1.1900367965
I447L,-8.334089279174805,0.170810981
I447K,-13.187408447265625,-1.234031868
I447H,-14.84807014465332,-3.0928163775
I447G,-17.429454803466797,-1.8701930625
I447F,-13.140199661254883,-0.017003603
I447E,-13.418070793151855,-2.8873678525
I447D,-14.8311185836792,-2.2192783725
I447T,-10.257894515991211,0.336882461
I447A,-13.481189727783203,0.1386505165
I447V,-8.189404487609863,0.61106401
I447S,-14.104461669921875,0.1249015575
I447R,-16.081323623657227,-1.350347573
I447Q,-12.868125915527344,-1.48699021
I447P,-17.789894104003906,-3.019049225
I447N,-12.079665184020996,-0.0790646265
I447C,-15.057951927185059,0.2298685125
I447M,-10.798238754272461,0.742072999
I447Y,-15.890074729919434,-1.0178579475
I447W,-17.1933536529541,-1.0818682565
T448C,-10.461610794067383,0.494591182
T448L,-14.69401741027832,0.0098730395
T448M,-13.749072074890137,-1.1411845635
T448N,-9.731072425842285,-0.347478065
T448P,-15.97209358215332,1.1537762109999998
T448Q,-11.901026725769043,-0.1737344264999999
T448K,-11.267297744750977,0.047265957
T448I,-13.87559700012207,0.1167393155
T448H,-11.998127937316895,0.432975239
T448G,-11.726490020751953,-0.1893535795
T448F,-13.566120147705078,-0.5081019505
T448E,-11.311601638793945,-0.450454636
T448A,-10.62889575958252,0.3487012675
T448D,-10.622261047363281,-0.1325671055
T448R,-11.138065338134766,-0.173028987
T448S,-6.768990516662598,0.5339926629999999
T448V,-11.902555465698242,0.223546915
T448W,-15.084785461425781,-0.323513686
T448Y,-13.955246925354004,0.1752987144999999
A449R,-16.952919006347656,-2.223269369
A449Q,-14.419859886169434,-3.1736443025
A449W,-20.122045516967773,-1.790521857
A449V,-18.035797119140625,-0.9617440775
A449T,-14.596729278564453,-0.2557202335
A449S,-8.207063674926758,0.534023116
A449Y,-18.37566566467285,-1.649491986
A449C,-11.945128440856934,-0.9141382075
A449E,-15.325662612915039,-1.856193555
A449F,-17.39175033569336,-0.544430533
A449G,-8.809146881103516,0.17198521
A449H,-15.18741226196289,-1.981124496
A449I,-18.669017791748047,-3.8136629175
A449K,-16.351850509643555,-2.652531919
A449L,-16.084497451782227,-1.6847165235
A449M,-15.229318618774414,-2.622054714
A449N,-13.520567893981934,-0.789235048
A449P,-14.095062255859375,-0.6267395035
A449D,-12.374100685119629,-0.1755340835
V450K,-9.894766807556152,-1.7306912205
V450L,-2.9147534370422363,0.515931909
V450N,-11.395858764648438,-0.7233507095
V450Y,-8.785889625549316,-0.8260494855
V450I,-3.4405040740966797,0.284232834
V450S,-9.005464553833008,-0.9661371955
V450A,-8.533904075622559,0.3268988995
V450R,-10.805692672729492,-2.051312767
V450Q,-10.113225936889648,-2.5262867305000003
V450P,-12.027739524841309,-2.3751464155
V450T,-6.911465167999268,-0.014458588
V450H,-10.36064624786377,-1.779597712
V450G,-11.241630554199219,0.2089032055
V450F,-4.139912128448486,0.657826075
V450E,-11.462885856628418,-1.578139601
V450D,-13.43229866027832,-0.639832443
V450C,-9.664936065673828,0.547544116
V450M,-6.249058723449707,0.6629149985
V450W,-8.659482955932617,-0.556856836
L451G,-12.530338287353516,-0.4486189785
L451P,-16.556079864501953,0.3600972595
L451N,-9.87240219116211,0.1046458195
L451M,-5.933048248291016,0.3321820945
L451K,-10.145977973937988,0.2420448325
L451I,-4.679827690124512,0.3124207555
L451F,-9.788409233093262,0.366531053
L451Q,-9.589191436767578,0.440727351
L451H,-12.035259246826172,-0.267845619
L451D,-12.81155014038086,-2.5070482525
L451V,-5.771174907684326,1.2821355475
L451T,-7.53915548324585,0.6114424925
L451A,-9.04687786102295,0.231377288
L451C,-6.036162376403809,0.763839967
L451S,-8.891714096069336,0.5736314135
L451E,-10.07758903503418,-0.140243511
L451Y,-10.85523509979248,0.0321518025
L451W,-13.428210258483887,-0.7850556375
L451R,-10.41537094116211,0.9913607555
D452Q,-11.720956802368164,0.634296606
D452H,-12.318511962890625,0.2672455035
D452G,-14.4195556640625,-0.2051628025
D452F,-15.412187576293945,-0.5960925029999999
D452E,-8.500983238220215,0.302278987
D452C,-11.81787109375,-0.397662926
D452A,-9.799447059631348,0.713009474
D452I,-15.43797779083252,-0.160162682
D452P,-12.984057426452637,-1.9672319265
D452M,-13.647275924682617,0.4522492505
D452R,-13.473179817199707,-1.973450744
D452S,-12.25346565246582,-0.136448429
D452T,-12.154888153076172,-0.3681279205
D452V,-13.638559341430664,-0.2924829485
D452W,-13.672143936157227,-1.3931051725
D452Y,-14.515182495117188,0.5096300715
D452K,-10.998157501220703,-1.7869538165
D452L,-14.098454475402832,-0.8747369290000001
D452N,-10.107162475585938,0.1643137085
E453N,-10.599010467529297,-0.640526481
E453P,-19.450420379638672,-2.196284354
E453Q,-8.463876724243164,0.0748972745
E453S,-12.093803405761719,-2.069571365
E453T,-14.052926063537598,-2.6601768625
E453Y,-14.381193161010742,-2.1955895375
E453M,-13.309371948242188,-0.1729512195
E453R,-13.210186004638672,-1.438501843
E453L,-13.1253023147583,-0.3147550525
E453D,-6.42702579498291,0.7536811215000001
E453I,-17.410804748535156,0.0847444205
E453H,-12.474878311157227,-2.4927786735
E453G,-14.743108749389648,-0.0148346105
E453F,-16.20648956298828,-1.2537649035
E453V,-16.682294845581055,-0.2017463075
E453C,-14.057282447814941,-2.1236811025
E453A,-11.89687728881836,0.0753017575
E453K,-11.402420043945312,0.2384911985
E453W,-16.02604866027832,-1.844482324
F454A,-7.202754020690918,0.012957898
F454V,-6.795537948608398,0.8283166534999999
F454D,-9.888917922973633,-1.9457619605
F454C,-8.055700302124023,1.901940556
F454W,-4.986861705780029,0.2888796085
F454T,-8.521559715270996,0.259800233
F454S,-7.552492618560791,0.389978589
F454R,-6.2280802726745605,-1.6626583665
F454Y,-3.364076614379883,0.412504329
F454P,-13.682378768920898,-1.743065735
F454N,-7.008053302764893,1.254030379
F454Q,-7.730091094970703,0.08362339
F454L,-5.888144016265869,-0.1298127915
F454K,-6.840860366821289,0.434231341
F454I,-6.6701765060424805,-0.4124873145
F454H,-6.978219032287598,-0.080826015
F454G,-10.56082534790039,-0.948099302
F454E,-10.660209655761719,-1.581015415
F454M,-7.283019065856934,0.4314449970000001
P455Q,-9.671314239501953,-0.4622265325
P455R,-7.896090984344482,-0.5023146804999999
P455N,-12.968079566955566,-1.001363065
P455M,-12.428617477416992,-1.973566194
P455V,-12.518512725830078,-2.071866411
P455W,-12.630532264709473,-0.9958591655
P455A,-10.708545684814453,0.2285122055
P455K,-9.645089149475098,-2.381330659
P455D,-13.20047664642334,0.050796525
P455E,-11.41232681274414,-0.6537687875
P455F,-13.48367691040039,-1.548189109
P455G,-9.695660591125488,0.4010827755
P455H,-11.604350090026855,-0.5686811725
P455I,-11.886933326721191,-1.3737888265
P455L,-11.308316230773926,-0.55182688
P455T,-10.703165054321289,0.1491362285
P455C,-13.30338191986084,-0.8623461585
P455S,-9.208061218261719,-0.202991245
P455Y,-14.003188133239746,-3.620165699
H456C,-7.719812870025635,0.4823999075
H456Y,-5.945444583892822,0.0944768625
H456W,-7.058590412139893,0.7047143045
H456V,-6.577771186828613,0.3998879345
H456T,-5.045802116394043,0.735038139
H456S,-3.3956246376037598,0.789175217
H456R,-2.8449337482452393,0.492338648
H456Q,-3.0400707721710205,1.665740701
H456P,-9.053532600402832,0.5183848195
H456A,-3.611607074737549,0.6176524395
H456M,-5.167213439941406,0.573509622
H456L,-5.120369911193848,0.563363479
H456K,-2.685891628265381,0.004956776
H456I,-7.296527862548828,0.5385950685
H456G,-5.385847091674805,0.6636045465
H456F,-6.677394866943359,0.2629877135
H456E,-3.896733045578003,0.1983435115
H456D,-4.323698043823242,0.57108907
H456N,-3.607860803604126,-0.0716034785
V457P,-10.098735809326172,0.0713203845
V457Q,-5.048309326171875,0.8621543315000001
V457W,-8.154060363769531,-0.0918931505
V457S,-5.736064910888672,0.8560784235
V457T,-5.121252536773682,1.0954552985
V457N,-8.112405776977539,1.172093725
V457R,-5.357982158660889,0.655520612
V457M,-5.5210041999816895,0.172932263
V457G,-10.0047607421875,0.5668844854999999
V457K,-5.794254302978516,1.0234391055
V457I,-3.452453374862671,-0.059945117
V457H,-6.4813385009765625,0.5050629235
V457F,-5.544389247894287,0.7201641575
V457E,-7.824448108673096,0.196381121
V457D,-9.65231990814209,0.6289615115
V457C,-9.247039794921875,0.7564623025
V457Y,-6.625985622406006,0.5878276315
V457L,-3.0893638134002686,0.7322835375
V457A,-5.154046058654785,0.6922410265000001
W458C,-7.2511186599731445,0.680719008
W458D,-11.065699577331543,0.6715797665000001
W458F,0.08964347839355469,0.67560602
W458G,-9.720128059387207,0.633441034
W458H,-7.360678672790527,-0.2498365175
W458I,-3.0299108028411865,1.16354097
W458K,-9.075726509094238,1.1775988365
W458L,2.301584243774414,0.542283496
W458M,-3.359790086746216,0.9819342075
W458N,-9.467147827148438,0.7838637034999999
W458P,-12.873771667480469,0.6569022895000001
W458Q,-9.352302551269531,0.8684326059999999
W458R,-7.8355817794799805,0.6062638795
W458S,-8.8866548538208,0.7676136075
W458T,-8.449699401855469,0.7807332235
W458V,-4.990338325500488,0.8914615395000001
W458Y,-3.7992889881134033,1.1931602915
W458E,-11.071447372436523,0.330677884
W458A,-7.035463333129883,0.87362411
A459T,-6.764652252197266,-0.0906322105
A459Y,-5.957203388214111,0.320935504
A459S,-4.065120697021484,0.803698865
A459R,-2.649144172668457,0.5037625105
A459Q,-5.566308975219727,0.3074828345
A459P,-11.166252136230469,0.5423960195
A459N,-5.550065040588379,0.7243703534999999
A459M,-6.849517822265625,0.3957098105
A459L,-6.545036792755127,-0.1799477555
A459K,-4.4972076416015625,0.399305741
A459I,-8.766969680786133,1.06854756
A459H,-5.3533453941345215,1.0077967225
A459G,-4.4284539222717285,1.155946662
A459F,-6.637604713439941,0.813866766
A459E,-7.876369476318359,0.2437620205
A459D,-8.539100646972656,0.3582714255
A459C,-6.959598541259766,1.240176745
A459V,-7.624268054962158,0.2686221375
A459W,-5.372527122497559,0.6468328489999999
K460C,-10.989645957946777,0.7494598215
K460G,-6.49531364440918,0.7833854709999999
K460A,-5.455146789550781,0.4410762025
K460D,-8.933789253234863,0.1993230645
K460E,-7.303411960601807,0.833717072
K460F,-9.747445106506348,0.680652715
K460H,-6.97221565246582,1.07896303
K460I,-9.561996459960938,1.887975558
K460L,-8.117317199707031,0.5860138395000001
K460M,-8.79904842376709,0.4252414315
K460N,-7.7335615158081055,0.4371780465
K460P,-6.347174644470215,0.667329744
K460Q,-6.331309795379639,0.546295614
K460R,-4.600920677185059,0.629952285
K460T,-8.197352409362793,0.6251788905
K460S,-6.197888374328613,0.746643388
K460W,-7.659475326538086,0.6245525755
K460Y,-10.149739265441895,0.809896464
K460V,-9.529895782470703,0.2226700525
R461Y,-6.678310871124268,-0.6085393729999999
R461G,-10.454510688781738,0.28403018
R461W,-9.088434219360352,0.0144380015
R461V,-9.192692756652832,-1.052635465
R461T,-7.889988899230957,-0.113042705
R461I,-10.259679794311523,-4.034195325
R461Q,-6.788813591003418,0.2295131205
R461P,-16.460542678833008,-0.0677969485
R461N,-7.134001731872559,0.4794139670000001
R461M,-9.932821273803711,-2.5467039855
R461L,-10.314230918884277,-0.090450015
R461K,-5.526666641235352,0.8015574115
R461F,-8.385515213012695,-1.9561560395
R461S,-7.432247161865234,0.610247485
R461E,-9.416731834411621,0.3869096635
R461H,-3.331249237060547,1.1830486115
R461C,-9.252442359924316,-0.824926362
R461A,-8.56507682800293,-0.625134567
R461D,-9.48402214050293,-0.130425067
R462V,-11.862685203552246,-1.5352241835
R462T,-12.426596641540527,-0.5134627755
R462S,-12.009319305419922,-0.7852510345
R462Q,-9.358853340148926,-0.2776023835
R462P,-12.349626541137695,0.0251068685
R462N,-12.185029983520508,-0.7475878075
R462L,-11.507425308227539,-0.6897418790000001
R462K,-5.731215476989746,0.321277819
R462I,-12.922271728515625,-3.1363758
R462H,-9.882756233215332,-1.4240193535
R462E,-12.24209213256836,-0.492188793
R462F,-14.094950675964355,-1.767612098
R462G,-14.28499984741211,-1.34996187
R462M,-12.022693634033203,-1.5124828540000002
R462D,-15.251325607299805,-1.0101862425
R462W,-13.6989164352417,-0.3166404325
R462A,-11.733665466308594,-2.85184706
R462Y,-12.730257987976074,-0.3391962354999999
R462C,-13.517462730407715,-3.24224778
E463Y,-10.241520881652832,-1.3491976019999998
E463W,-10.569727897644043,-0.0749224865
E463V,-8.971291542053223,-0.468151841
E463T,-10.217032432556152,-0.5714804085
E463S,-8.689857482910156,0.2933846065
E463R,-7.734683990478516,0.112820201
E463N,-7.707200050354004,-2.430875425
E463M,-10.810674667358398,-0.964941295
E463K,-6.323385715484619,0.2750787255
E463I,-9.242589950561523,-0.3660934985
E463H,-10.43114185333252,0.2625945325
E463G,-9.269668579101562,0.247247243
E463F,-10.5792818069458,-2.0158669495
E463D,-8.074626922607422,0.5027803695
E463C,-10.514721870422363,-0.037196885
E463A,-7.713139057159424,0.865219663
E463Q,-7.286266326904297,0.199187205
E463L,-10.649595260620117,-1.29491906
E463P,-8.3934907913208,-0.734012326
R464G,-3.229856491088867,0.3345438225
R464N,-5.358818531036377,0.211445154
R464A,-1.5154056549072266,0.9222009335
R464C,-4.683319568634033,0.8462441135
R464D,-7.031668186187744,0.8526831509999999
R464E,-4.8202691078186035,0.6611529385
R464F,-1.7374424934387207,0.9949932085
R464H,-3.246924877166748,0.9728878795
R464I,-1.571908950805664,0.4866662325
R464K,-3.0408883094787598,0.526977756
R464P,-5.86281156539917,0.403242824
R464M,-1.2563583850860596,0.364612681
R464Y,-2.7194228172302246,0.6900718990000001
R464W,-1.6283020973205566,0.552680549
R464V,-2.827512741088867,0.5614785205
R464T,-4.4989752769470215,0.5392234915
R464S,-3.4759488105773926,0.579420414
R464Q,-3.078277111053467,1.7014228365
R464L,2.489532947540283,0.7339976770000001
F465V,-9.094768524169922,1.3374218384999998
F465T,-10.18339729309082,0.1742805635
F465S,-11.154745101928711,-0.1567822625
F465R,-13.449026107788086,-0.9547014695
F465Q,-13.345808982849121,-3.813993563
F465P,-17.00687026977539,-3.840440695
F465N,-13.60740852355957,-3.3447593965
F465M,-9.465106010437012,1.4928453715
F465G,-12.660470962524414,-0.5823540875
F465I,-10.254539489746094,0.0825652095
F465H,-13.079448699951172,-1.3758924755000002
F465E,-13.801023483276367,-1.21152789
F465D,-14.072924613952637,-3.331669928
F465C,-9.901019096374512,1.3260323285
F465A,-11.468448638916016,-0.0302076925
F465W,-8.962743759155273,0.4130295225
F465K,-12.438934326171875,-2.2542396125
F465Y,-10.208572387695312,-0.0781418515
F465L,-4.782849311828613,-0.010256605
V466W,-15.603510856628418,-1.626729742
V466C,-10.993809700012207,0.7609355605
V466D,-13.382301330566406,-2.205679634
V466E,-13.981508255004883,-0.623937148
V466F,-13.254548072814941,-1.2621682090000002
V466G,-14.16830825805664,0.2691306375
V466A,-8.885035514831543,0.2726851655
V466I,-6.1317524909973145,1.04558425
V466K,-15.070098876953125,-0.5199183905
V466H,-15.150897026062012,-0.4974416820000001
V466L,-11.042930603027344,0.7684901795
V466M,-11.082383155822754,0.1840553415
V466N,-12.003761291503906,0.098766868
V466P,-15.74631118774414,-2.994603654
V466Q,-14.878805160522461,-0.7054866584999999
V466R,-14.9461669921875,0.530694846
V466S,-11.050027847290039,0.9284530645
V466T,-5.657346248626709,1.1285033065
V466Y,-15.42025375366211,0.2574991035
L467T,-10.106854438781738,-0.757267245
L467S,-10.485995292663574,0.1493994315
L467R,-8.237302780151367,-0.4526793585
L467Q,-9.74148941040039,0.530722491
L467P,-12.893437385559082,-0.262415939
L467N,-12.50288200378418,-0.95626586
L467V,-10.280084609985352,0.438238464
L467M,-7.591084957122803,0.0443444425
L467I,-9.093620300292969,-0.4952886555
L467W,-9.688953399658203,-1.1422502735
L467A,-7.100899696350098,0.7338685035
L467C,-10.641222953796387,0.0884949459999999
L467D,-12.834585189819336,0.2753109395
L467E,-9.669083595275879,-0.5952107405
L467F,-8.412456512451172,-0.0624614335
L467G,-10.316740036010742,0.511806854
L467K,-9.209197998046875,0.183250934
L467H,-11.368430137634277,0.5000606145000001
L467Y,-10.103710174560547,-2.479362079
A468N,-8.402999877929688,-1.019158317
A468C,-5.673573970794678,0.017693406
A468D,-10.388076782226562,0.5477244625
A468E,-10.31446361541748,-1.6628420155
A468F,-5.975903511047363,0.7770070425
A468G,-3.431978702545166,0.6566349105
A468H,-9.879164695739746,0.16340197
A468I,-6.105162620544434,1.0351155534999998
A468Y,-8.67469596862793,0.251914162
A468W,-8.052377700805664,1.1845896415
A468V,-6.028477191925049,0.0261174675
A468T,-5.266644477844238,0.1730605164999999
A468S,-4.6781511306762695,0.4498238425
A468K,-8.676844596862793,0.5412060605
A468Q,-9.297891616821289,-0.5852848325
A468L,-4.546072006225586,0.4020982995
A468M,-5.894499778747559,1.258100348
A468R,-8.335664749145508,-0.7580684529999999
A468P,-11.96589183807373,0.814294594
V469I,-4.40624475479126,0.028881452
V469A,-8.773518562316895,0.5305641845
V469C,-7.661263465881348,1.0689551775
V469D,-14.260868072509766,-0.358990842
V469E,-11.838444709777832,-1.0507553945
V469F,-5.259002685546875,1.003485961
V469G,-12.849218368530273,0.044164722
V469H,-10.410311698913574,-2.314655082
V469W,-9.411568641662598,0.4321999215
V469Y,-8.540135383605957,0.1442718684999999
V469S,-10.2802734375,0.436912757
V469R,-11.14847469329834,-1.7538512905
V469Q,-10.50933837890625,-1.9024336885
V469P,-12.91689395904541,-2.9936788435
V469N,-12.064252853393555,-4.3494742615
V469M,-6.401240348815918,0.7632778445
V469L,-1.830897331237793,0.4228848115
V469K,-11.021053314208984,-3.8976483345
V469T,-8.921019554138184,0.850454988
V470R,-12.439652442932129,-1.493990798
V470Y,-14.233467102050781,-1.180858466
V470W,-13.992877960205078,-1.877873886
V470T,-7.778295516967773,-0.4340118605
V470Q,-12.99688720703125,-1.5633192785
V470S,-10.634974479675293,0.09536615
V470N,-10.181252479553223,-0.5248760855
V470P,-13.212743759155273,-4.4249640375
V470A,-8.729754447937012,-0.1434797005
V470C,-6.405356407165527,0.997099941
V470E,-12.253913879394531,-0.4295594795
V470F,-10.62256908416748,-1.1660793545
V470G,-11.18237018585205,-0.7342835915000001
V470D,-12.94803237915039,-2.829991248
V470I,-3.9420032501220703,0.3654342605
V470K,-12.989238739013672,-2.8964073225
V470L,-5.940838813781738,0.6823531765
V470M,-6.564493656158447,0.334608579
V470H,-13.527183532714844,-0.2185413305
I471L,-4.469490051269531,1.18362067
I471D,-8.776473045349121,-2.739757858
I471E,-8.545294761657715,-1.548229004
I471F,-6.909365653991699,0.47075804
I471G,-7.766534328460693,0.504553201
I471H,-10.726272583007812,-3.025928913
I471K,-8.902852058410645,-4.960663437
I471M,-6.969807147979736,0.6741806075
I471V,-4.296367645263672,0.6548085365
I471P,-12.01485824584961,-0.255068785
I471Q,-9.577548027038574,-3.4093583410000003
I471S,-6.526442527770996,1.135082514
I471T,-6.08560848236084,0.688459907
I471W,-9.902971267700195,-0.4073695945
I471Y,-10.952106475830078,-2.204104149
I471C,-8.135860443115234,0.5197454845
I471N,-8.397880554199219,-0.8370777845
I471A,-4.506505012512207,0.389222033
I471R,-9.54173755645752,-3.083265335
T472H,-11.171253204345703,-3.024424049
T472C,-7.296260833740234,0.7748536975
T472D,-9.963532447814941,-1.708380657
T472E,-9.850889205932617,-3.1731119175
T472F,-7.260194778442383,0.8165085559999999
T472G,-8.134773254394531,-0.064120978
T472I,-7.711371421813965,0.296446552
T472K,-9.570901870727539,-1.079375595
T472L,-6.571321964263916,0.700263785
T472A,-4.9579620361328125,0.4038577855
T472N,-9.413224220275879,0.1578228019999999
T472P,-12.74662971496582,0.187192412
T472Q,-10.273987770080566,-1.071722301
T472R,-10.758500099182129,-1.397106617
T472S,-5.2365946769714355,0.39373273
T472V,-7.125837802886963,-0.081488
T472W,-10.10505199432373,-0.3537167565
T472Y,-8.466275215148926,-0.278454988
T472M,-6.799197673797607,0.5115537025
C473I,-10.992292404174805,0.4562601725
C473K,-12.060056686401367,-3.538302434
C473P,-13.43159008026123,0.6429435085
C473M,-9.571948051452637,-1.704851162
C473N,-7.160236358642578,0.060611965
C473H,-9.612897872924805,1.11389433
C473L,-7.722988128662109,-0.23094488
C473G,-10.74889850616455,0.30429192
C473S,-8.229480743408203,0.4403347445
C473E,-7.981931686401367,-0.1037176035
C473D,-8.805389404296875,-0.4215464135
C473A,-6.992928504943848,0.138004633
C473T,-9.90213680267334,-0.159658434
C473Y,-6.549653053283691,-0.001071455
C473V,-9.337577819824219,0.215464952
C473W,-12.780099868774414,0.183522483
C473Q,-11.187294006347656,1.4047117955
C473F,-7.252169132232666,0.423152154
C473R,-13.815411567687988,-0.3488684215
F474V,-10.934061050415039,1.0204753115
F474T,-11.682906150817871,-0.7336776934999999
F474W,-8.478107452392578,0.3866668075
F474Y,-2.2705602645874023,0.4024312715
F474S,-10.767457962036133,0.487772314
F474R,-12.238141059875488,-1.5260779875
F474G,-13.449518203735352,0.113794437
F474P,-15.2758150100708,-2.7843674645
F474D,-11.889992713928223,-3.3912901355
F474C,-8.936707496643066,1.045331051
F474A,-11.121984481811523,0.22093003
F474H,-9.868318557739258,-1.1916616395
F474Q,-12.407726287841797,0.3432961465
F474E,-11.335877418518066,-0.650749915
F474I,-10.572857856750488,-1.077578307
F474K,-11.256909370422363,-1.045889389
F474N,-10.943442344665527,-2.9791478225
F474M,-9.988119125366211,0.6224242015
F474L,-6.213779449462891,0.913134544
F475W,-9.286887168884277,0.1386860035
F475V,-4.775138854980469,1.579981524
F475T,-7.521139621734619,0.0741575795
F475S,-6.327186584472656,0.7047271359999999
F475R,-10.068879127502441,-1.332287773
F475Q,-9.119536399841309,-0.777890422
F475P,-12.316753387451172,-0.7980073425
F475N,-9.017044067382812,0.0004159415
F475L,-2.523691177368164,0.278279163
F475M,-6.606572151184082,0.0988357675
F475I,-3.7801575660705566,0.6080447165
F475H,-10.444929122924805,-0.039615426
F475A,-6.823401927947998,0.5055581585
F475G,-8.72204875946045,0.8051160115
F475E,-7.838873863220215,-0.985595031
F475D,-8.85094928741455,-0.3283779055
F475C,-7.007682800292969,1.802098981
F475Y,-9.501070022583008,-0.426148213
F475K,-8.225945472717285,-1.280297885
G476I,-14.834051132202148,0.7755894275
G476Y,-12.582254409790039,-1.2855159785
G476W,-13.707223892211914,-1.2789464155
G476V,-12.900274276733398,0.4756859815
G476T,-13.135540962219238,0.361833854
G476S,-8.58423137664795,0.1399622305
G476K,-12.758883476257324,-1.572961574
G476H,-11.70694351196289,0.727376238
G476C,-7.376472473144531,0.3840374855
G476E,-9.923480987548828,-0.2584465415
G476D,-9.631399154663086,-0.4579169420000001
G476L,-11.055173873901367,0.838055975
G476M,-12.387245178222656,1.3649325065
G476N,-10.242805480957031,0.673336869
G476A,-7.631070137023926,0.593294495
G476P,-13.570730209350586,-2.6295638795
G476Q,-12.066824913024902,-2.14274813
G476R,-11.987140655517578,-0.593998434
G476F,-11.208549499511719,1.6117340994999998
S477Y,-13.294870376586914,0.10496549
S477W,-15.895923614501953,-1.779666887
S477T,-11.360167503356934,-0.4727115795
S477R,-11.690657615661621,-2.1591624525
S477A,-5.299908638000488,1.7330433665
S477N,-9.662113189697266,0.609299699
S477M,-12.56321907043457,-1.1481654955
S477L,-14.040656089782715,-0.431685654
S477K,-13.52664566040039,-2.237506544
S477I,-18.88180160522461,-3.1247178065
S477H,-12.129738807678223,-1.003824801
S477G,-11.630705833435059,-0.100519322
S477F,-13.919461250305176,-1.50619966
S477E,-10.08833122253418,-1.0203318575
S477D,-9.832579612731934,-0.960939315
S477C,-9.902504920959473,-0.154181894
S477Q,-9.533082962036133,-1.102567807
S477P,-14.441608428955078,0.206007478
S477V,-16.83613395690918,-1.417464879
L478H,-11.872014045715332,-0.0433042465
L478C,-9.218364715576172,0.4504802645
L478D,-12.116642951965332,-1.5712522435
L478E,-11.600240707397461,-2.5966715895
L478F,-9.447358131408691,0.513030753
L478G,-14.063791275024414,0.2224215375
L478Y,-11.858549118041992,-1.1356818555
L478W,-12.415342330932617,0.3132590465
L478I,-8.280936241149902,0.7165532235
L478K,-11.703804016113281,-0.6424785555
L478M,-8.683807373046875,0.1529627985
L478N,-11.118892669677734,-0.4982778585
L478P,-12.67768383026123,-0.412962512
L478Q,-10.96900463104248,0.0859711875
L478R,-11.532123565673828,-0.7075397535
L478S,-11.902128219604492,0.1863463565
L478A,-11.541125297546387,0.0185745725
L478T,-8.484840393066406,1.340335313
L478V,-9.457661628723145,0.6029014604999999
V479F,-5.058945655822754,0.1730434735
V479E,-6.0592803955078125,-1.0368575605
V479D,-5.429162979125977,-1.4124297055
V479M,-4.879245758056641,0.2369184925
V479N,-2.6952109336853027,-3.1992233605
V479P,-5.450229644775391,-0.1566163725
V479Q,-6.001198768615723,-0.2915744825
V479R,-6.335420608520508,-2.6391383665
V479S,0.04680633544921875,0.376255456
V479T,-1.8805170059204102,0.464895399
V479G,-2.5590405464172363,0.5013184125
V479W,-8.122097969055176,0.52645688
V479C,-2.5706491470336914,0.5943961285
V479A,-2.397839069366455,0.5663907229999999
V479I,-2.0087361335754395,0.156736455
V479K,-5.817045211791992,-1.4771292965
V479L,-3.10333514213562,0.8018870745000001
V479Y,-6.434617042541504,-0.309068786
V479H,-6.39115047454834,-2.2511683645
T480R,-11.538862228393555,-1.559758676
T480S,-8.029047966003418,0.353865966
T480V,-8.791187286376953,-2.406839711
T480W,-16.042091369628906,-3.7619715545
T480Y,-15.370027542114258,-0.0758321605
T480Q,-8.84699821472168,0.3242522195
T480N,-6.630008697509766,1.055829672
T480M,-9.745017051696777,0.3422744355
T480F,-14.331621170043945,0.467290429
T480L,-14.577884674072266,0.346086514
T480K,-12.220571517944336,-3.539037895
T480I,-11.68807601928711,0.106761806
T480P,-11.79993724822998,0.6748872109999999
T480A,-8.045025825500488,-0.62614556
T480C,-4.190121650695801,-0.445631756
T480D,-10.419256210327148,-1.028537085
T480E,-7.648911476135254,0.0611089315
T480G,-10.609614372253418,-0.264412915
T480H,-10.336018562316895,-0.3384434185
L481R,-11.68665885925293,0.3055825945
L481S,-16.483631134033203,0.343417748
L481F,-15.524417877197266,0.005734573
L481Q,-12.293570518493652,0.076230036
L481V,-11.23271656036377,0.887896701
L481W,-16.378782272338867,-2.6346164875
L481Y,-16.592681884765625,-1.924463651
L481T,-14.1201810836792,0.232277541
L481P,-19.826059341430664,-0.3470107015
L481A,-13.699673652648926,0.3574649379999999
L481M,-8.863476753234863,0.795307267
L481E,-13.247689247131348,-1.6924869375
L481C,-10.356152534484863,0.856152688
L481D,-15.38880443572998,-2.723960184
L481I,-9.262324333190918,-0.354061683
L481H,-16.6374454498291,-0.5648641955
L481G,-15.907661437988281,0.3536330579999999
L481N,-13.288023948669434,-0.1889348165
L481K,-13.4276762008667,-3.768269462
T482M,-7.357120037078857,-1.274869058
T482D,-9.463929176330566,-1.872532141
T482N,-7.172989368438721,0.413322448
T482L,-11.974536895751953,-1.2350712065
T482K,-6.93264102935791,-0.5648798955
T482I,-14.98483657836914,-0.6195976915
T482G,-9.413223266601562,-1.441950575
T482F,-11.133832931518555,-1.0491547959999998
T482E,-6.7327423095703125,-2.0936200525
T482P,-11.913365364074707,-0.1894189485
T482C,-5.533084869384766,0.421422106
T482A,-3.0616226196289062,-0.403984604
T482Q,-5.591025352478027,0.247993025
T482H,-8.806227684020996,-0.371017735
T482S,-3.4098987579345703,0.499285724
T482V,-13.08339786529541,-1.643649009
T482W,-11.3509521484375,-2.0203284685
T482Y,-12.438896179199219,-1.240802713
T482R,-7.765832901000977,0.420274348
F483H,-4.267335891723633,0.5925403345
F483G,-13.442408561706543,-1.4843607355
F483E,-9.871702194213867,-3.4570885355
F483D,-9.429791450500488,-1.8585983095
F483C,-9.133864402770996,0.846686299
F483A,-11.333602905273438,0.00231903
F483L,-12.56453800201416,-0.030459859
F483M,-12.322049140930176,-0.1923383245
F483N,-5.574814796447754,0.4090944115
F483Q,-9.176180839538574,-0.5563209404999999
F483R,-10.194419860839844,0.3213048665
F483S,-9.117121696472168,0.2889897275
F483Y,-0.09535980224609375,0.0463003915
F483W,-8.66683578491211,0.7974369904999999
F483I,-15.472442626953125,-0.6640162005
F483V,-13.493890762329102,-0.2821684645
F483T,-10.88672924041748,-0.5862524655
F483P,-12.088857650756836,0.164885151
F483K,-9.238001823425293,-1.461617687
G484Y,-21.095386505126953,-2.184774526
G484W,-20.065773010253906,-1.241562424
G484K,-18.260509490966797,-1.6783586565000002
G484S,-17.266653060913086,0.154943519
G484R,-16.586185455322266,-1.103990744
G484Q,-17.706575393676758,-1.4817119019999998
G484N,-17.26412582397461,-0.2597327185
G484M,-18.036354064941406,-3.181689576
G484L,-18.276527404785156,-2.144404238
G484C,-17.629804611206055,0.4652795125
G484D,-14.556440353393555,-0.568454867
G484E,-16.19528579711914,-2.058562928
G484F,-22.236194610595703,-2.1480693335
G484H,-18.31437110900879,-1.4839027105000002
G484I,-21.869733810424805,-2.9416909255
G484T,-19.888607025146484,-2.4351660105
G484P,-17.785648345947266,-2.147580961
G484V,-21.114778518676758,-0.0538096865
G484A,-14.52303409576416,0.0935716775
G485T,-16.745315551757812,-1.709593995
G485W,-18.7432918548584,-2.430349658
G485V,-18.36076545715332,-0.467452782
G485S,-15.322345733642578,-0.9852135955
G485R,-14.085525512695312,-1.45292963
G485Q,-16.274089813232422,-1.9295671335
G485P,-16.917749404907227,-2.421786951
G485N,-17.332094192504883,-1.94588816
G485M,-16.550094604492188,-1.382441127
G485Y,-21.62213706970215,-1.34096469
G485K,-16.011417388916016,-2.67663554
G485I,-19.340940475463867,-1.4676094245
G485H,-18.341320037841797,-2.3869607175
G485F,-21.746803283691406,-1.6563152645
G485E,-15.275154113769531,-2.106987494
G485D,-17.200519561767578,-0.903922874
G485C,-16.655649185180664,-0.2691317855
G485A,-13.80972957611084,-1.3120671495
G485L,-16.235782623291016,-1.7694638925
A486L,-4.9823198318481445,-0.0820346909999999
A486M,-3.2524380683898926,0.4213802985
A486Y,-7.969245910644531,-1.084195806
A486S,-3.925884485244751,0.5521329905
A486T,-7.37025260925293,-0.3582066129999999
A486K,-8.572723388671875,-1.4645327609999998
A486R,-8.486978530883789,-1.4349992969999998
A486I,-2.7451701164245605,0.498249333
A486D,-6.264950275421143,-2.1530302525
A486G,-7.229846477508545,0.255725345
A486F,-6.665714263916016,0.003629356
A486E,-3.265882968902588,-1.0771592825
A486C,-9.232298851013184,0.6863339890000001
A486Q,-3.632528066635132,-2.1973196765000003
A486P,-8.18160343170166,0.5488834455
A486N,-6.075943946838379,-1.6868420315
A486W,-9.348138809204102,-1.939480399
A486H,-7.346463203430176,-1.042430748
A486V,-5.15709114074707,0.664676221
Y487W,-12.352276802062988,-0.9632543785
Y487C,-15.490017890930176,-0.5731196515
Y487A,-14.572425842285156,-1.468572346
Y487H,-9.864572525024414,-0.031956131
Y487I,-17.2343807220459,-1.2569995685
Y487K,-15.497695922851562,-1.789383684
Y487M,-13.121894836425781,-0.7514769790000001
Y487N,-13.98796558380127,-0.983275091
Y487P,-19.611278533935547,-1.107109162
Y487Q,-13.624736785888672,-1.406470802
Y487L,-12.37718391418457,-0.8516951985
Y487S,-15.47895336151123,-0.6423039425
Y487T,-17.300453186035156,-2.6771987815
Y487V,-17.676538467407227,-0.9367730765
Y487G,-16.00642967224121,-1.9161871325
Y487F,-5.630226135253906,0.6909999284999999
Y487E,-14.846405029296875,-1.503494025
Y487R,-16.478666305541992,-1.613314261
Y487D,-14.699859619140625,-0.43897766
V488R,-12.756353378295898,-1.7807854315
V488Q,-11.641853332519531,-2.425596794
V488P,-13.63630199432373,-1.7787322555
V488N,-11.58676528930664,-2.2257921175
V488H,-12.534404754638672,-3.3026772475
V488A,-9.584820747375488,0.6968927995
V488L,-6.588528156280518,0.4643238015
V488S,-12.708844184875488,-1.0884351145
V488K,-11.742916107177734,-0.8348993645
V488C,-11.7676362991333,0.5714901255
V488T,-9.920424461364746,0.0385835475
V488M,-7.318465709686279,0.320338963
V488Y,-10.484391212463379,0.9358246655
V488G,-14.169509887695312,-0.771482827
V488F,-9.817680358886719,-0.043920165
V488E,-11.795321464538574,-1.1261954045
V488D,-13.396712303161621,-1.7616144365000002
V488W,-11.550375938415527,0.8156084684999999
V488I,-4.683074951171875,0.9604457725
V489H,-9.257558822631836,0.348515274
V489K,-9.242944717407227,-1.432737538
V489L,-6.30022668838501,0.6644151935
V489F,-6.822474956512451,0.4827843005
V489M,-5.112963676452637,0.9725988255
V489E,-8.879006385803223,-2.362744175
V489D,-10.817815780639648,-1.2810128355
V489C,-10.17039680480957,-0.0945915715
V489I,-3.311086654663086,0.2257946985
V489A,-8.65201187133789,0.2211651995
V489P,-13.417257308959961,-2.1499677525
V489Q,-7.922340393066406,-0.443058157
V489R,-9.178875923156738,-1.6095109515
V489S,-10.408408164978027,-0.8717598845000001
V489T,-9.800899505615234,-0.5795950515
V489W,-10.97506332397461,0.5118412715
V489Y,-9.335245132446289,-1.2689180095
V489N,-8.712697982788086,-1.449341574
V489G,-12.659059524536133,-1.084103197
K490Y,-7.560330390930176,0.4862196225
K490C,-10.420536041259766,0.5703725635
K490W,-9.903026580810547,0.5821977804999999
K490T,-5.664212226867676,1.0670606515
K490S,-5.513871669769287,0.5738188005
K490R,-5.145899772644043,0.52993136
K490Q,-3.4860620498657227,0.996559714
K490P,-11.587197303771973,0.855412115
K490A,-5.063891410827637,0.5223491135
K490N,-5.808683395385742,0.8736499670000001
K490L,-5.603020668029785,0.9545029165
K490I,-7.421332359313965,1.0600066685
K490H,-3.6639657020568848,1.0400717235
K490G,-8.797650337219238,0.3577007455
K490F,-7.708853244781494,0.935701197
K490D,-7.332871913909912,-0.8783713559999999
K490M,-5.8254523277282715,0.764444683
K490E,-5.7942657470703125,0.2505001565
K490V,-6.6013712882995605,0.8519898715
L491A,-13.26521110534668,-1.802598713
L491Y,-13.10118293762207,-2.101278084
L491W,-14.117995262145996,0.83291872
L491V,-10.088289260864258,0.1689972245
L491T,-12.983962059020996,-2.5303487645
L491R,-13.584009170532227,-1.8501484455
L491Q,-13.002772331237793,-0.8891154290000001
L491P,-18.178558349609375,-0.6711620905
L491N,-14.781644821166992,-1.8105543625
L491S,-15.46086597442627,-1.829442775
L491K,-14.213777542114258,-3.065214713
L491M,-8.242582321166992,0.297871942
L491D,-16.569433212280273,-1.4632167305
L491E,-13.514823913574219,-1.7985253744999998
L491F,-10.036222457885742,0.961379401
L491C,-13.614200592041016,-2.344639315
L491H,-13.173004150390625,-2.7538827025
L491I,-9.100648880004883,0.404091467
L491G,-16.67228889465332,-1.7078774885
L492K,-11.619575500488281,-2.2571164695
L492C,-13.670404434204102,0.0460187285
L492E,-12.529441833496094,-1.47537515
L492F,-5.157778263092041,0.020498798
L492G,-15.60075569152832,-1.4821641255000002
L492H,-11.861992835998535,-0.6544415345
L492I,-4.914675712585449,0.7369671179999999
L492A,-12.627246856689453,-0.385418197
L492D,-13.908963203430176,-3.148461381
L492P,-17.010452270507812,-0.1085781375
L492N,-12.779260635375977,-2.6938665655
L492Y,-8.34166145324707,0.8585289134999999
L492W,-11.197747230529785,-0.789118421
L492V,-6.710162162780762,0.366863706
L492M,-8.101207733154297,0.7352965290000001
L492S,-13.993898391723633,-1.5767985409999998
L492R,-12.306547164916992,-0.597933468
L492Q,-12.028646469116211,-1.0093154505
L492T,-11.788623809814453,-0.526005675
E493S,-6.042907238006592,-0.2668785785
E493R,-9.046196937561035,-1.9114694095
E493Q,-7.12872838973999,0.235753372
E493P,-12.932331085205078,-1.840334201
E493N,-3.9981508255004883,-0.858305595
E493M,-8.386849403381348,0.2337474515
E493V,-8.528708457946777,-0.2535774515
E493L,-9.084261894226074,-1.4208043540000002
E493I,-9.129800796508789,-0.243346786
E493H,-9.159886360168457,-0.429026871
E493G,-7.717461585998535,-0.448234335
E493Y,-9.340597152709961,-0.141965902
E493D,-0.19193649291992188,0.74298268
E493C,-9.88473892211914,-0.5759021635
E493A,-6.1199846267700195,0.184082674
E493W,-11.816441535949707,-2.6151562445
E493K,-8.69921875,-0.2000336885
E493F,-9.787857055664062,-0.9634956605
E493T,-6.021087169647217,-0.3313001325
E494Y,-8.989434242248535,0.424846804
E494I,-5.357228755950928,1.072816164
E494K,-4.469326972961426,0.2945710035
E494D,-6.846864700317383,0.837380472
E494L,-5.870672702789307,0.677814005
E494A,-6.36226749420166,1.3151124935
E494N,-5.505854606628418,0.4461874995
E494C,-9.899022102355957,0.5619473245000001
E494P,-11.763505935668945,-1.8501259225
E494M,-6.416609764099121,0.0780245835
E494F,-9.431562423706055,0.7471460765000001
E494G,-9.211742401123047,0.6795412995000001
E494H,-6.977382659912109,-0.0658781485
E494R,-7.212943077087402,0.082607878
E494S,-6.417307376861572,0.877775552
E494T,-4.2089643478393555,0.525788221
E494V,-4.304479598999023,0.5281224255
E494W,-9.471220970153809,0.9127511785
E494Q,-5.123254776000977,0.5971516179999999
Y495A,-11.578571319580078,0.7080304470000001
Y495K,-10.180492401123047,-0.9551574785
Y495S,-10.381558418273926,0.197240185
Y495R,-11.950753211975098,-0.7163820295000001
Y495Q,-9.727134704589844,-0.5742126415
Y495P,-14.728659629821777,-1.2545129315
Y495L,-10.455703735351562,0.8999476495000001
Y495C,-11.94578742980957,0.675510113
Y495T,-12.626603126525879,0.6887632855
Y495W,-11.337520599365234,0.841598197
Y495V,-12.123132705688477,0.745162584
Y495N,-9.210750579833984,-0.5785861445
Y495D,-12.149763107299805,-0.4836072675
Y495E,-11.994852066040039,-0.8150023975
Y495F,-3.113739013671875,0.7953435305
Y495I,-13.293220520019531,0.632583973
Y495G,-11.836816787719727,-0.1645669095
Y495M,-12.206850051879883,0.600816166
Y495H,-9.566995620727539,0.3982458695
A496F,-15.277307510375977,0.314863081
A496G,-3.0255441665649414,-0.038857094
A496W,-15.496127128601074,-1.5127974655
A496C,-8.055864334106445,0.4573091045
A496Y,-14.459019660949707,-0.955340359
A496E,-12.429604530334473,-3.963577223
A496D,-10.107985496520996,-0.444326366
A496V,-8.407461166381836,0.461662752
A496H,-12.602777481079102,-1.0326484215
A496S,-4.483035087585449,0.9677830905
A496K,-13.852713584899902,-1.8942846135
A496L,-13.365791320800781,0.648538277
A496M,-11.680394172668457,0.8667675555
A496N,-10.58123779296875,-0.3961177545
A496P,-10.508158683776855,-0.2793066385
A496Q,-12.416306495666504,-2.232954271
A496R,-13.128059387207031,-1.56467623
A496T,-8.437265396118164,0.099541509
A496I,-10.781793594360352,0.82427065
T497P,-9.944533348083496,-0.1326469009999999
T497Q,-11.491695404052734,0.495389746
T497Y,-12.485982894897461,0.844849745
T497V,-0.6008768081665039,0.3682252655
T497W,-14.448200225830078,0.174417719
T497N,-7.998342037200928,0.076019087
T497R,-13.120811462402344,0.608749225
T497M,-8.722029685974121,0.9007499015
T497G,-8.245760917663574,-1.0926699075
T497K,-12.201343536376953,0.5130171514999999
T497I,-3.3677244186401367,0.7760597705
T497H,-13.806938171386719,0.8840125305
T497F,-10.923389434814453,1.0466259595
T497E,-9.226676940917969,-1.196401205
T497D,-8.70447063446045,-0.7475765405
T497C,-6.05312442779541,0.6053173854999999
T497A,-5.283076286315918,0.4675262225
T497L,-8.330073356628418,0.782014475
T497S,-7.351980209350586,0.495122316
G498I,-13.537786483764648,-0.4710161555
G498R,-8.108866691589355,0.42759519
G498K,-8.730238914489746,0.1493331735
G498L,-11.357864379882812,-0.552306461
G498M,-9.884427070617676,0.0488006575
G498N,-9.77109146118164,0.623337592
G498P,-8.08009147644043,-0.868656868
G498F,-12.28036880493164,-0.3096363275
G498A,-4.728757858276367,0.519370456
G498H,-10.130986213684082,-0.26561342
G498S,-6.368829727172852,0.6802835925
G498E,-10.3263521194458,-0.2312099960000001
G498D,-11.433220863342285,-1.015906763
G498C,-9.52509593963623,0.304860495
G498T,-10.148561477661133,0.642409542
G498V,-11.01422119140625,0.911232387
G498W,-13.032533645629883,-1.8286064665
G498Y,-12.379443168640137,0.306975591
G498Q,-8.705398559570312,0.0116075305
P499Y,-10.683631896972656,-0.351888366
P499W,-11.81511402130127,-0.243280316
P499V,-8.789121627807617,0.2233512055
P499S,-10.67734432220459,-0.0657710045
P499R,-12.036701202392578,0.4782431575
P499Q,-11.18806266784668,0.064182659
P499N,-11.776811599731445,-2.1599114605
P499M,-8.182291984558105,0.715735165
P499L,-6.418429374694824,0.3651027335
P499K,-12.975706100463867,0.4296776855
P499I,-7.178579330444336,0.0601370145
P499A,-10.170975685119629,0.057362466
P499T,-9.708293914794922,-0.3235534875
P499H,-11.835015296936035,-0.9017222745
P499G,-11.890292167663574,-0.1079650765
P499F,-8.390212059020996,0.8898653959999999
P499E,-12.747414588928223,-2.211088873
P499D,-13.797121047973633,-2.4704849255
P499C,-14.160106658935547,-0.050587733
A500P,-10.864737510681152,0.1313386725
A500N,-6.280291557312012,-0.7085071140000001
A500Y,-13.140738487243652,-0.499039145
A500M,-10.001357078552246,0.4837911235
A500V,-9.48698902130127,0.2396575445
A500K,-12.705567359924316,-0.799219896
A500I,-11.370444297790527,0.3167817665
A500H,-10.25351619720459,-0.512502437
A500G,-6.579317092895508,0.2398030385
A500F,-13.442211151123047,0.4415872265
A500E,-9.317547798156738,-0.0920439215
A500D,-8.135730743408203,-1.228697067
A500W,-14.714210510253906,-0.331534742
A500L,-11.720144271850586,0.4107980895
A500T,-4.725114822387695,0.015014332
A500S,-2.5639381408691406,0.352989662
A500R,-11.962526321411133,-0.7646181634999999
A500Q,-8.63879108428955,-0.145874533
A500C,-7.333935260772705,0.5727079565
V501N,-10.232917785644531,-0.4946750305
V501Y,-11.403043746948242,-0.319272684
V501L,-4.96142578125,0.3682557695000001
V501W,-11.53976821899414,-0.59553297
V501I,-3.089832305908203,0.0352899965
V501T,-5.894339561462402,-0.1777850575
V501S,-7.48714542388916,0.53355273
V501K,-11.109219551086426,-1.5276176
V501Q,-10.616523742675781,0.2490862835
V501P,-10.43398666381836,-0.168010341
V501H,-11.670053482055664,0.382448199
V501R,-10.05146312713623,-0.1814820395
V501M,-7.013331413269043,0.3719683195
L502S,-9.965810775756836,-0.010107859
L502K,-11.586017608642578,-1.861240502
L502T,-9.62969970703125,0.6416492235
L502M,-5.531662940979004,2.3011843885
L502I,-6.6715240478515625,0.551790473
L502H,-13.22012710571289,-0.944137705
L502G,-9.816659927368164,-0.0041607615
L502F,-8.68980884552002,0.6107829395000001
L502D,-14.760251998901367,-1.975834172
L502E,-12.369555473327637,-1.601204017
L502P,-12.087380409240723,0.5595058620000001
L502Q,-10.992359161376953,0.1107130625
L502R,-11.844019889831543,0.997661091
L502C,-7.621054172515869,0.4356798725
L502A,-6.452600479125977,0.209552424
L502Y,-12.783807754516602,0.3597514529999999
L502W,-13.71918773651123,0.440608718
L502V,-7.003601551055908,1.464959703
L502N,-12.712852478027344,-1.885611663
T503K,-8.912904739379883,-0.949624695
T503W,-7.7091474533081055,-0.0788355345
T503L,-6.185900688171387,0.663493195
T503I,-5.795886516571045,0.7583476345
T503Y,-8.880285263061523,0.242897394
T503G,-6.3475494384765625,0.7711708545
T503F,-6.47515869140625,0.9063764635
T503E,-8.14885139465332,-0.7355170895
T503C,-5.2783989906311035,0.658556139
T503A,-5.232741832733154,2.1655620055
T503M,-6.239325046539307,1.076815131
T503N,-7.260293006896973,1.360768901
T503P,-11.1152925491333,1.528807195
T503Q,-8.896940231323242,-0.51664691
T503R,-8.960201263427734,-0.2586171075
T503S,-4.758072376251221,2.039556842
T503V,-6.0413618087768555,0.6104002479999999
T503H,-9.709837913513184,0.9461787525
T503D,-9.056024551391602,-0.316847884
V504F,-10.457140922546387,-0.506418701
V504K,-13.981100082397461,-2.920385228
V504I,-3.498220443725586,0.303453601
V504H,-13.323351860046387,-1.123069582
V504G,-13.816532135009766,1.1334043445
V504N,-10.367134094238281,-0.6848609784999999
V504S,-11.376437187194824,0.0431104595
V504T,-9.492185592651367,0.104925012
V504W,-16.634550094604492,-1.2950482395
V504Y,-12.93030071258545,-0.6899773675
V504A,-8.48603343963623,0.252480381
V504C,-10.183530807495117,0.749302117
V504D,-13.766630172729492,-1.0586423115
V504E,-12.879362106323242,0.0967585985
V504M,-10.067136764526367,0.231714931
V504P,-15.518829345703125,0.039197517
V504L,-5.777020454406738,0.097325074
V504R,-14.574122428894043,-1.5948508995
V504Q,-12.46554946899414,-1.309571759
A505F,-15.011221885681152,-8.58990000000004e-05
A505H,-15.141968727111816,0.2798631345
A505G,-7.466160774230957,1.3992670135
A505W,-17.251873016357422,-0.2760366945
A505E,-14.9144926071167,1.155397192
A505D,-12.830680847167969,-0.8722918715000001
A505C,-10.065563201904297,0.913793566
A505N,-11.758298873901367,-0.121661003
A505P,-13.528600692749023,-0.054856747
A505Q,-14.515364646911621,-0.0163695625
A505R,-15.251283645629883,-0.4879677145
A505S,-7.097050666809082,0.3984462170000001
A505T,-9.324676513671875,0.4476133875
A505V,-9.827425956726074,0.8978295059999999
A505I,-14.00357437133789,0.534504401
A505K,-16.114959716796875,-0.75488632
A505Y,-16.0914249420166,0.3242964015
A505M,-10.241523742675781,0.834701428
A505L,-13.034076690673828,0.5591438485
L506A,-6.59549617767334,0.163124253
L506Y,-7.539992809295654,-1.6287578545
L506C,-5.837441444396973,0.498469261
L506D,-9.630144119262695,-2.431066413
L506E,-9.009323120117188,-2.081409971
L506W,-8.727932929992676,2.3307444835
L506S,-7.218430519104004,-0.495441927
L506R,-8.485654830932617,-1.7253161615
L506T,-7.487858295440674,-0.1485846065
L506P,-13.205072402954102,-1.493350402
L506N,-9.117809295654297,-1.966999679
L506F,-4.626489162445068,0.400005671
L506G,-7.288464069366455,-0.3796774595
L506H,-8.281058311462402,-3.84141851
L506I,-9.675503730773926,-0.010992697
L506K,-7.495953559875488,-3.6750205765
L506M,-4.363852024078369,0.780853797
L506Q,-8.982665061950684,-3.705278448
L506V,-10.690145492553711,3.3451751310000004
I507R,-10.67375373840332,-1.321852493
I507A,-5.52712869644165,0.6201220165
I507C,-4.886052131652832,0.44346055
I507D,-9.927716255187988,-1.446925626
I507E,-8.990249633789062,-1.949281134
I507S,-6.549041748046875,1.771359538
I507K,-9.85076904296875,-2.775014537
I507V,-3.084585666656494,1.25638402
I507W,-6.896225929260254,0.050739296
I507F,-2.1582884788513184,-0.2939599825
I507Y,-7.453555107116699,-0.145396198
I507T,-5.813989162445068,0.7619322279999999
I507H,-10.476407051086426,-0.4308893825
I507G,-8.843748092651367,0.555356981
I507Q,-9.807350158691406,-2.148649065
I507P,-10.102882385253906,-1.459620189
I507N,-9.486894607543945,-0.4980617795
I507M,-5.290605545043945,1.991994217
I507L,-3.2804436683654785,0.8763364825
E508R,-12.290102005004883,0.049716825
E508Y,-13.466889381408691,-2.7515540135000003
E508V,-12.203580856323242,-0.6713569484999999
E508T,-11.136110305786133,-1.0644544145
E508S,-12.660453796386719,-0.9264237505
E508W,-13.63178539276123,-0.3252120965
E508D,-9.398608207702637,0.131108034
E508F,-13.415157318115234,-1.442205745
E508G,-16.32973861694336,0.194709543
E508H,-13.67435073852539,-2.0546600215
E508I,-10.6746187210083,-4.522309774
E508K,-10.944835662841797,0.33050129
E508L,-10.956512451171875,-1.575388769
E508M,-11.401031494140625,-4.0249835905
E508N,-12.318997383117676,0.110638487
E508P,-18.043899536132812,-2.672830575
E508Q,-6.823094367980957,0.4360976495
E508A,-12.602812767028809,0.461399403
E508C,-14.843613624572754,-0.8809680115
A509D,-10.51392936706543,1.3383556995
A509C,-4.4186692237854,0.613652447
A509Y,-14.49441909790039,1.072853247
A509W,-13.026824951171875,-0.1093779615
A509T,-3.73860502243042,0.9507791325
A509S,-5.83574914932251,0.8531565940000001
A509E,-9.49226188659668,-0.9017469535
A509F,-12.530405044555664,0.7099818675
A509G,-8.8367280960083,1.167026273
A509R,-9.959704399108887,-1.556041912
A509H,-10.718329429626465,0.1601693195
A509I,-6.094317436218262,0.9476883865
A509K,-10.861578941345215,-2.0542170705
A509L,-7.983160972595215,0.9133890385
A509M,-7.639004707336426,0.6906973025
A509N,-7.853171348571777,-0.3923269465
A509P,-11.58897590637207,-0.0003334825
A509Q,-8.316831588745117,0.1111976475
A509V,-4.638497352600098,1.1964873235
V510F,-7.248510360717773,-0.1466979219999999
V510G,-10.382550239562988,0.990268737
V510A,-7.529644012451172,0.069060018
V510Y,-9.985418319702148,-0.2952974305
V510W,-9.849501609802246,-1.3068238295
V510T,-7.696822166442871,0.174127932
V510S,-9.315557479858398,-0.339362395
V510R,-10.649333000183105,-1.320868367
V510Q,-10.340598106384277,-2.127394979
V510P,-13.336746215820312,-1.9921779505
V510M,-5.930505752563477,0.3776166245000001
V510L,-4.378664016723633,0.904249087
V510K,-10.291906356811523,-1.5225153355
V510I,-1.9722819328308105,0.7876124945
V510H,-12.009683609008789,-3.01127307
V510C,-8.155402183532715,-0.0133583975
V510N,-9.770988464355469,-3.0524697785000003
V510D,-11.694899559020996,-2.929094028
V510E,-10.583479881286621,-0.4872367005
A511I,-9.937255859375,-0.801540967
A511Y,-14.82927131652832,-2.404826426
A511K,-13.669801712036133,-3.5470129635000003
A511H,-13.65644645690918,-4.9976189710000005
A511G,-8.064361572265625,1.197141489
A511F,-14.093101501464844,-2.118726977
A511E,-11.401368141174316,-2.9396405405
A511D,-12.80516529083252,0.701671862
A511C,-7.655298709869385,0.385175634
A511W,-17.116811752319336,-1.721277542
A511V,-7.164643287658691,0.308143687
A511T,-4.422231674194336,-0.372828381
A511S,-5.459020614624023,0.9235013315
A511R,-12.384149551391602,-1.923397878
A511Q,-11.816858291625977,-4.0125998665
A511P,-12.747509956359863,-0.823388901
A511N,-11.475164413452148,-1.1740038305
A511M,-10.662296295166016,-2.3439902740000003
A511L,-12.344560623168945,-1.867019313
V512Y,-8.885835647583008,-2.7329106435000003
V512G,-13.760589599609375,1.3050122925
V512W,-10.497665405273438,-1.4102855085
V512T,-9.699312210083008,0.030192371
V512S,-13.451440811157227,-1.6746850005
V512R,-12.360753059387207,-1.7396076130000002
V512Q,-13.095885276794434,-1.1840657155
V512P,-15.170684814453125,-2.206024274
V512N,-12.642165184020996,-2.2648759335
V512M,-8.07243537902832,-0.9068592235
V512L,-4.2800493240356445,-0.360971165
V512K,-12.347869873046875,-1.3748650095
V512I,-2.635848045349121,0.2186905925
V512D,-14.85251235961914,-0.6953415685
V512E,-13.533529281616211,-0.8585104729999999
V512F,-6.543537139892578,-2.3012983425
V512A,-11.344001770019531,-0.718205153
V512C,-12.053668975830078,-0.7888590870000001
V512H,-12.388945579528809,-2.2946227355
S513L,-14.690923690795898,-0.8835727520000001
S513P,-13.748111724853516,-2.950040383
S513M,-11.246662139892578,1.294268421
S513Q,-13.009041786193848,0.113213694
S513K,-14.530654907226562,-2.7544550435
S513R,-14.81430721282959,1.9990631085
S513T,-7.908462047576904,0.8567588205
S513V,-10.778276443481445,-0.6052654435
S513W,-14.99730110168457,-1.4804701665
S513N,-10.763448715209961,0.454076999
S513Y,-15.403371810913086,-0.3151021805
S513A,-4.885108470916748,0.26678647
S513H,-14.976922035217285,-0.7247077005
S513G,-9.118927001953125,0.0854190344999999
S513F,-12.311968803405762,0.7159725265000001
S513E,-13.449088096618652,-1.547277276
S513D,-14.287445068359375,-1.0289876015
S513C,-7.033355236053467,0.4963747735
S513I,-12.692239761352539,0.590919263
W514N,-13.005990982055664,-1.5753653069999998
W514L,-11.402419090270996,-0.2507716985
W514T,-12.850921630859375,-2.672540779
W514I,-13.264727592468262,-3.829633456
W514P,-18.34574317932129,-4.552922615
W514H,-10.48572826385498,-0.093490996
W514G,-11.730993270874023,0.4951099675
W514F,-9.036874771118164,0.624434863
W514E,-12.582231521606445,-2.7053103430000003
W514D,-12.090350151062012,-1.4171895685
W514C,-10.010852813720703,0.008447656
W514A,-9.721914291381836,-2.3090105430000003
W514K,-13.15296459197998,-2.9696874155
W514Q,-12.508927345275879,-0.5026157775
W514M,-10.958749771118164,-0.9618220105
W514S,-10.403196334838867,-0.9111082775
W514V,-11.672788619995117,-1.3192268475
W514Y,-6.9274468421936035,-0.089427974
W514R,-11.228713035583496,-0.493214511
F515V,-8.220619201660156,1.6310497780000002
F515T,-12.458703994750977,-1.3014602595
F515S,-8.71638011932373,-0.363448245
F515R,-12.416686058044434,-1.5812547345
F515Q,-12.378070831298828,-2.2165607965
F515P,-13.136320114135742,-2.954739732
F515N,-12.973265647888184,-4.480674352
F515M,-9.730052947998047,0.357930964
F515W,-9.619587898254395,-0.7141822115
F515K,-9.122358322143555,-3.3261892164999995
F515I,-7.688921928405762,0.065222269
F515H,-11.97937297821045,-2.200818617
F515G,-11.27757740020752,0.4250212125
F515E,-12.744418144226074,-1.7632703605000002
F515D,-12.525861740112305,-1.853092481
F515C,-10.721606254577637,2.07502422
F515A,-9.010436058044434,0.342976809
F515Y,-8.628509521484375,-1.1311736815
F515L,-8.479233741760254,1.784245116
Y516Q,-15.571553230285645,-2.102847834
Y516S,-14.404569625854492,0.344957699
Y516T,-17.706165313720703,-1.188425575
Y516V,-16.776641845703125,-1.3893300575
Y516W,-10.447211265563965,-1.379634108
Y516R,-16.68824005126953,-1.953051415
Y516G,-16.52760124206543,-1.9379280315
Y516L,-13.178680419921875,-1.7373465125
Y516E,-14.440753936767578,-1.0733504935
Y516D,-16.173526763916016,1.987619982
Y516C,-13.366357803344727,1.1130612235
Y516A,-14.506214141845703,-1.997258772
Y516H,-11.126237869262695,-0.6939102915
Y516F,-7.360753059387207,-0.721756182
Y516I,-17.436935424804688,-1.7288456069999998
Y516K,-14.484846115112305,-2.3709081125
Y516M,-14.368948936462402,-1.4882355465
Y516N,-15.206063270568848,-1.5614102325
Y516P,-18.504940032958984,-2.320036352
G517Y,-15.22042465209961,-1.4646182415
G517E,-10.165790557861328,-1.7000360175
G517D,-9.726724624633789,-0.394801309
G517L,-13.38397216796875,-1.3863683655
G517A,-11.408940315246582,-1.7938348455000002
G517K,-10.739097595214844,-1.0299550365
G517C,-12.634371757507324,-0.6280339525
G517V,-14.775050163269043,-0.31556032
G517W,-16.170570373535156,-1.733876206
G517F,-14.845346450805664,-1.288820813
G517P,-17.39689064025879,-2.325829725
G517H,-13.314934730529785,-2.381240904
G517I,-16.4194278717041,-1.697978485
G517N,-11.637397766113281,-0.9476155015
G517S,-10.027717590332031,-0.3686713495
G517T,-13.37242317199707,-0.7251789525
G517R,-10.065095901489258,-1.620324647
G517M,-14.036505699157715,-1.7411565235
G517Q,-12.500770568847656,-1.885613217
I518D,-11.896469116210938,-1.4706620780000002
I518E,-11.54245662689209,-0.202988927
I518F,-9.1356840133667,-0.40677129
I518G,-12.548248291015625,-0.54194425
I518H,-10.171259880065918,-0.9217533045
I518K,-11.721351623535156,-0.628974257
I518C,-13.214923858642578,0.6384165115
I518W,-9.903307914733887,-0.7046640959999999
I518A,-12.594520568847656,-0.6143124215
I518S,-11.295819282531738,1.699170536
I518R,-11.892248153686523,-1.6362512305
I518Q,-10.797558784484863,0.1901649005
I518P,-13.772274017333984,-1.331405732
I518N,-10.176972389221191,0.5895722285
I518L,-5.613952159881592,0.1585679875
I518T,-9.970459938049316,0.2545972225
I518Y,-9.58851146697998,-0.1245542365
I518V,-7.750834941864014,0.534339158
I518M,-6.174715995788574,2.504396154
T519F,-7.6913228034973145,-0.1859316395
T519R,-1.2671040296554565,0.774560183
T519G,-2.1249184608459473,0.413969628
T519Y,-6.207891464233398,-0.7410190045
T519W,-7.516406536102295,-1.64812165
T519V,-5.67921257019043,0.0545232905
T519S,-2.503570556640625,0.478044559
T519Q,-1.2894123792648315,0.4981679745000001
T519P,-8.518657684326172,1.6118091469999998
T519M,-6.850794315338135,0.199881288
T519N,-1.2380350828170776,1.7866949495
T519K,-0.3883981704711914,1.793102867
T519I,-6.611806392669678,-0.1849213385
T519H,-3.254387855529785,0.0469135575
T519A,-3.778866767883301,0.2263163625
T519C,-6.637680530548096,0.1218736275
T519D,-0.1975412368774414,0.4921705365
T519E,-0.6941989660263062,0.683173345
T519L,-6.333226203918457,-0.8767729615000001
Q520F,-10.921113967895508,0.047449561
Q520H,-6.284533977508545,0.4130510265
Q520G,-9.776227951049805,0.2435504735
Q520E,-6.783814430236816,1.225398102
Q520W,-11.851119995117188,-0.7182226359999999
Q520C,-10.279407501220703,-0.4187167875
Q520A,-9.101664543151855,0.7578564405
Q520I,-8.609441757202148,-0.07713898
Q520D,-7.871879577636719,0.0618339625
Q520K,-3.701737403869629,0.8847463855
Q520S,-7.579841136932373,0.5465049654999999
Q520M,-8.381864547729492,-0.176347371
Q520N,-1.8939491510391235,0.595412075
Q520P,-12.53299331665039,0.9865366865
Q520R,-2.3785524368286133,0.495828875
Q520T,-7.728297233581543,0.4182666985
Q520V,-9.036554336547852,0.2067306615
Q520Y,-10.68527889251709,0.334918209
Q520L,-7.512168884277344,0.2236069585
F521I,-10.444894790649414,-1.1581739055
F521H,-13.17382526397705,-0.8579690790000001
F521G,-15.535977363586426,-1.981016194
F521A,-12.197441101074219,-2.058482655
F521D,-15.185389518737793,-2.2695026315
F521C,-13.491585731506348,1.561302476
F521K,-12.978096961975098,-1.103679064
F521E,-14.324148178100586,-4.143303558
F521L,-6.484256267547607,0.8115833404999999
F521Y,-7.610207557678223,-1.12518312
F521N,-14.375969886779785,-1.8326907765
F521P,-15.140338897705078,-1.818731001
F521Q,-14.838977813720703,-1.509675679
F521R,-14.199134826660156,-2.1780344295
F521S,-13.11108684539795,-0.8947071109999999
F521T,-13.300819396972656,-1.7948131405
F521V,-10.020591735839844,1.559696834
F521W,-9.653390884399414,-1.690959441
F521M,-10.959318161010742,0.149970498
C522P,-15.076017379760742,-2.7367789410000003
C522Q,-10.06636905670166,0.5159551995
C522T,-5.756880283355713,0.627951454
C522W,-13.385714530944824,0.2507758125
C522V,-10.771764755249023,0.1641883595
C522N,-8.223230361938477,-0.1498332955
C522Y,-11.667482376098633,-0.817540756
C522M,-9.860610008239746,0.181067972
C522G,-9.36195182800293,1.2569047290000002
C522K,-11.667417526245117,-1.1200937935
C522I,-12.187128067016602,-0.4225682655
C522H,-11.359872817993164,-1.7680438895
C522F,-10.355358123779297,-0.4528788275
C522E,-10.574196815490723,0.212227643
C522D,-9.378129005432129,-1.6702122515
C522A,-5.280844211578369,0.378931875
C522R,-10.996044158935547,-0.501774742
C522L,-9.622875213623047,-0.158251994
C522S,-2.2296361923217773,0.7897223625
R523C,-7.981170177459717,0.7517843325
R523V,-8.94888687133789,0.45254872
R523N,-2.103726863861084,0.3067971985
R523P,-14.323240280151367,-2.390492763
R523Q,-3.6968231201171875,0.50784642
R523S,-5.000959396362305,1.038565207
R523T,-7.575073719024658,0.538823174
R523W,-8.760229110717773,0.201901699
R523Y,-9.103658676147461,0.4335205845
R523L,-6.807929039001465,0.5893386254999999
R523M,-6.681191921234131,-0.3035643015
R523I,-8.89391803741455,0.0287157995
R523H,-5.17307186126709,0.3232104165
R523G,-5.898205757141113,0.4372489845000001
R523F,-8.998553276062012,0.473850095
R523E,-4.354690074920654,0.8240123184999999
R523A,-5.140419006347656,-0.1216973805
R523D,-4.805233001708984,1.3478728325
R523K,-3.9740045070648193,0.5875820310000001
D524Q,-9.838043212890625,-1.1955669725
D524N,-7.411942958831787,0.0425364855
D524P,-11.935544967651367,-3.44264056
D524Y,-11.351622581481934,-0.479103447
D524S,-10.045954704284668,-1.200532408
D524T,-12.000414848327637,-0.780246911
D524R,-11.233709335327148,-1.9418813275
D524M,-10.804306030273438,-1.5166271545
D524W,-14.428183555603027,-2.2890701325
D524L,-10.339107513427734,-0.978618308
D524V,-12.551679611206055,-0.786133512
D524I,-12.235614776611328,-0.71279205
D524K,-8.88345718383789,-1.6864985935
D524A,-7.317434310913086,-1.248362913
D524E,-8.404230117797852,1.0159260745
D524C,-10.363479614257812,-1.023152609
D524F,-12.832250595092773,-1.33710265
D524H,-7.893293857574463,-1.0316872415
D524G,-10.299247741699219,-1.0115003735
V525A,-10.40112018585205,0.0135045495
V525Y,-13.104650497436523,-1.81410606
V525S,-12.1669921875,-1.548242939
V525R,-13.179011344909668,-1.70971033
V525Q,-12.260376930236816,-0.189950556
V525W,-13.533559799194336,-2.4406450995
V525N,-11.313369750976562,-1.9795233115
V525P,-14.213300704956055,-2.0147283795
V525L,-6.149685859680176,0.518081638
V525K,-12.663126945495605,-2.8830273605000003
V525I,-2.1825408935546875,0.8913172675
V525H,-13.657764434814453,0.508700069
V525G,-14.640426635742188,0.4868204425
V525F,-11.600945472717285,-1.5776703865
V525E,-13.598824501037598,-0.5188459185000001
V525D,-13.744490623474121,-2.632262194
V525C,-10.28635025024414,0.788658108
V525M,-7.694510459899902,0.1681707525
V525T,-8.47457218170166,0.6366746114999999
K526L,-10.30805778503418,-1.919742111
K526M,-10.03978157043457,-0.5463574210000001
K526N,-6.5638298988342285,0.590112191
K526P,-13.944049835205078,-2.4739108245
K526W,-11.930893898010254,-5.3612761765
K526R,-5.876810550689697,0.3112955315
K526S,-8.376087188720703,0.426740261
K526T,-12.073776245117188,0.3559668665
K526V,-14.834989547729492,-1.563126294
K526Y,-11.153937339782715,0.094742358
K526I,-14.733230590820312,-0.7153781929999999
K526Q,-4.229995250701904,0.523265354
K526H,-7.538869857788086,1.124210807
K526F,-11.639877319335938,-1.2308971215
K526G,-9.42100715637207,-0.2771226985
K526E,-3.37762451171875,1.0557704315
K526D,-6.77226448059082,0.024566079
K526C,-12.130327224731445,-0.7314786545
K526A,-7.396448612213135,-0.529800615
E527R,-5.913198947906494,0.4098628645
E527M,-4.916329383850098,0.0257968695
E527L,-5.5237016677856445,0.507967485
E527K,-4.807018756866455,0.6822115195
E527I,-7.204019546508789,0.7781793875
E527H,-7.593957424163818,0.193589832
E527G,-7.616487503051758,0.527909223
E527F,-8.122859954833984,0.382732694
E527Q,-5.046826362609863,0.4556458695
E527D,-5.370665073394775,0.8079982075
E527A,-4.106317043304443,0.71419441
E527N,-5.654604911804199,0.8752509940000001
E527P,-14.065956115722656,-1.203459872
E527Y,-10.062077522277832,0.9171752645
E527W,-12.069940567016602,-0.2368385635
E527V,-7.571821689605713,0.4777807635
E527T,-5.561899662017822,0.5609004745
E527S,-5.591529369354248,0.534564056
E527C,-7.361817836761475,0.5583317825
M528G,-15.628833770751953,-1.984609684
M528F,-15.729395866394043,-2.7516875445
M528E,-15.115952491760254,-0.78818353
M528H,-13.75072193145752,-2.244544152
M528C,-14.254171371459961,-1.9616338855
M528A,-12.580256462097168,-2.358753073
M528D,-14.989141464233398,-1.990557598
M528I,-11.102428436279297,0.1474213175
M528T,-12.790154457092285,-0.2562302985
M528L,-13.34274959564209,-0.240259668
M528Y,-17.94176483154297,-1.6948505580000002
M528K,-14.721914291381836,-0.639511979
M528V,-12.523910522460938,-0.422416565
M528S,-14.559403419494629,-2.0870791615
M528W,-16.917678833007812,-1.288388629
M528P,-18.298683166503906,-4.5992607705
M528R,-13.959732055664062,-0.8679070525
M528N,-13.757176399230957,-2.5484814185
M528Q,-12.814420700073242,-2.847769591
L529Y,-13.666433334350586,1.082300555
L529W,-13.931252479553223,-0.318950192
L529V,-11.416500091552734,0.441527536
L529T,-12.16378116607666,0.5379176625
L529S,-14.50153636932373,0.4792678635
L529R,-11.570823669433594,-0.4898504135
L529Q,-11.519062042236328,0.751770449
L529P,-17.71997833251953,-0.527254015
L529M,-8.352266311645508,0.254659805
L529N,-11.645149230957031,-0.5028542795000001
L529C,-13.095829010009766,0.7238253984999999
L529D,-13.774760246276855,-0.5254165670000001
L529E,-12.322063446044922,-0.8932220315
L529F,-12.306389808654785,-0.3869740815
L529G,-14.690679550170898,-1.5529342940000002
L529H,-14.559440612792969,-1.187010663
L529I,-8.296144485473633,0.617541387
L529K,-12.47707748413086,-2.4368447335
L529A,-11.938815116882324,-0.8713370765
G530H,-13.621452331542969,-0.5440176114999999
G530F,-17.496646881103516,-0.9619737935
G530I,-16.795995712280273,-2.9367302655
G530K,-12.042574882507324,-2.240649244
G530Q,-13.269076347351074,-0.9321423325
G530M,-15.014431953430176,-0.5000581705
G530T,-13.384671211242676,-0.7931820845
G530S,-10.608275413513184,-0.623231772
G530R,-12.767993927001953,-1.2057540585
G530L,-16.117040634155273,-1.3281181665
G530D,-10.828252792358398,-0.112309175
G530E,-12.490687370300293,-1.2155857005
G530V,-15.042940139770508,-0.5810628615
G530P,-18.49654769897461,-2.426930657
G530Y,-17.3930606842041,-0.8714548834999999
G530W,-17.080150604248047,-1.7578859495
G530C,-13.517481803894043,0.963066238
G530N,-11.441052436828613,-1.887274942
G530A,-12.627479553222656,-1.401920705
F531G,-10.243457794189453,-0.7227244215
F531I,-8.747316360473633,0.4548585515
F531K,-8.146787643432617,-1.263345557
F531L,-10.05322265625,0.70924406
F531M,-9.859779357910156,-0.369480554
F531N,-9.531777381896973,0.042541558
F531P,-15.778448104858398,-4.1190260885
F531Q,-9.361505508422852,0.675494459
F531R,-7.9403767585754395,-0.168079809
F531S,-7.721508026123047,0.2975077605
F531T,-9.651470184326172,0.8246699025
F531V,-8.770748138427734,1.2259782259999998
F531W,-8.060964584350586,0.4326601965
F531Y,-6.400947093963623,0.323843059
F531H,-7.068087100982666,0.9802810755
F531E,-10.031693458557129,0.6352756715
F531C,-10.779396057128906,0.1215633125
F531A,-9.29494571685791,-0.1925356225
F531D,-10.001887321472168,0.242336896
S532T,-5.2122416496276855,0.2453071405
S532P,-4.787213325500488,-0.3063841525
S532Q,-5.000022888183594,-0.9188083575
S532R,-7.315861225128174,-0.529284216
S532N,-7.633408069610596,0.7236403245
S532M,-5.464146614074707,-1.3503929665
S532L,-8.5095796585083,-0.800987815
S532K,-7.038175582885742,0.554876174
S532I,-8.985454559326172,-1.6891001155
S532H,-9.192316055297852,0.056102741
S532F,-9.44075870513916,-0.20271872
S532Y,-8.608121871948242,0.4982397685
S532E,-2.6841845512390137,-0.36639425
S532D,-6.652912616729736,0.1161728355
S532C,-8.380046844482422,0.735665921
S532A,-2.275939464569092,1.9077580845
S532V,-8.39785385131836,-1.2608160035
S532G,-8.018634796142578,0.1859388785
S532W,-11.887453079223633,0.15527543
P533Q,-13.740405082702637,-2.8887955285
P533S,-10.811185836791992,-1.0062296345
P533L,-9.04118537902832,-0.829998418
P533Y,-16.735557556152344,-1.2323346535
P533W,-15.838517189025879,-1.653172253
P533V,-9.43844223022461,-0.5036186595000001
P533T,-9.442591667175293,-0.4232135315
P533K,-16.137470245361328,-2.15094562
P533R,-16.735292434692383,-1.182286902
P533I,-8.390382766723633,-2.150112504
P533H,-15.412830352783203,0.5177150965
P533G,-11.733657836914062,-1.521232689
P533F,-14.533807754516602,-0.8659633590000001
P533E,-14.419760704040527,-3.071322494
P533D,-13.32967758178711,-1.4954542975
P533C,-11.656147956848145,-1.264183766
P533A,-10.166375160217285,-1.174916462
P533M,-10.645219802856445,-3.8351617945
P533N,-14.620772361755371,-3.2146975815
G534I,-11.904507637023926,-2.049836245
G534C,-7.8402557373046875,0.3728340335
G534A,-8.286335945129395,-0.2881445975
G534D,-10.286386489868164,-0.466938928
G534K,-10.7991304397583,-4.646471968
G534F,-9.784276962280273,-1.47506541
G534H,-9.829215049743652,0.43438028
G534Y,-9.61626148223877,-2.096744305
G534L,-9.640560150146484,-2.77329918
G534M,-11.18562126159668,-2.9679601145
G534W,-10.53042984008789,-2.2850169680000003
G534V,-11.32618236541748,-0.4705251635
G534T,-8.900494575500488,-1.0710638785
G534N,-6.396644592285156,0.4176846215
G534P,-8.275583267211914,-1.3596814475
G534Q,-10.86279010772705,-1.7320681
G534E,-11.286602973937988,-3.4811499660000003
G534R,-10.157658576965332,-1.4170733944999998
G534S,-5.949180603027344,0.398194908
W535P,-2.1288747787475586,-0.092546363
W535Q,-6.603639602661133,0.0476994755
W535Y,-4.732884407043457,0.4238024245000001
W535V,-1.5336384773254395,0.4441361135
W535T,-3.987470865249634,-0.1825443625
W535S,-4.508310317993164,0.4660406775
W535A,-3.217113733291626,0.1111878785
W535C,-5.165090560913086,0.5732054095
W535D,-8.34050178527832,-0.4980106875
W535E,-8.038946151733398,-0.178589556
W535F,-3.019256830215454,1.0686771515
W535N,-6.763981819152832,0.1330642175
W535M,-2.6870217323303223,0.274178823
W535L,0.15821218490600586,-0.0015483635
W535K,-6.318143844604492,-0.526998716
W535R,-5.749116897583008,0.3303737185
W535I,-0.7574806213378906,0.4697483145
W535H,-5.861291885375977,0.646013285
W535G,-6.251400947570801,0.4704475955
F536Y,-3.5754213333129883,0.4833052175
F536H,-10.299437522888184,0.7523817955
F536I,-12.158305168151855,-0.515152855
F536K,-13.993780136108398,-2.1567583695
F536L,-10.160289764404297,2.4422325485
F536M,-11.758817672729492,-0.7764333745
F536P,-15.496245384216309,-1.143280852
F536W,-5.467375755310059,-0.5926484235
F536Q,-13.268139839172363,-4.143303558
F536R,-13.304596900939941,-3.0073016335000005
F536G,-10.692390441894531,-0.580354282
F536T,-12.930496215820312,-1.5769695945
F536V,-12.290498733520508,0.057179915
F536N,-12.329707145690918,-2.9417421275
F536S,-11.668373107910156,-1.335692019
F536E,-14.879755973815918,-1.4471001215
F536A,-11.53122615814209,-1.71885976
F536C,-10.254476547241211,2.187463299
F536D,-13.71263599395752,-2.4043118545
W537P,-18.2308349609375,-1.8404857285
W537Y,-9.92607307434082,0.31878097
W537V,-13.020557403564453,-1.979355658
W537T,-14.643987655639648,-1.183890099
W537S,-11.616854667663574,-1.066571432
W537R,-12.821660995483398,-1.0687249785
W537Q,-12.754496574401855,-1.832948738
W537A,-11.638219833374023,-2.143463663
W537C,-11.402331352233887,0.0497604485
W537E,-13.633133888244629,-1.7039972115000002
W537F,-6.890636444091797,0.7503818290000001
W537G,-12.379341125488281,-1.390357971
W537H,-12.40621566772461,-0.7406492440000001
W537I,-12.39997673034668,0.068405088
W537K,-14.885186195373535,-0.7584948565
W537M,-10.587135314941406,-0.36335138
W537N,-14.440479278564453,-1.543137261
W537D,-13.367425918579102,-1.822922132
W537L,-8.976819038391113,0.1615669575
R538A,-11.005850791931152,-1.062203718
R538M,-10.301643371582031,0.5573621375
R538G,-14.261862754821777,-0.6955801895
R538F,-15.513604164123535,-0.0182247805
R538E,-10.9255952835083,-0.193136766
R538D,-13.223764419555664,-2.3693032205
R538L,-10.855363845825195,-0.4738782995
R538K,-5.265130519866943,0.6907585345
R538N,-11.359537124633789,-0.256964081
R538H,-11.682596206665039,-1.7871995845
R538P,-15.053675651550293,-1.157806915
R538S,-11.424002647399902,-0.347860285
R538T,-10.120037078857422,0.0757713065
R538V,-9.797199249267578,0.6112490595000001
R538W,-14.824678421020508,-0.0166047815
R538Y,-15.023099899291992,0.0663179709999999
R538C,-11.00985336303711,0.243039614
R538Q,-7.046221733093262,-0.316441155
R538I,-9.673255920410156,0.5871153204999999
I539Y,-9.186141967773438,0.284397961
I539F,-5.695863723754883,0.29120254
I539D,-11.223029136657715,-1.4789489875
I539W,-9.350658416748047,0.290731675
I539V,-4.1381306648254395,0.302837694
I539P,-11.39747428894043,-2.05366498
I539S,-8.84652328491211,0.644087862
I539R,-10.01073932647705,-1.1871105455
I539Q,-10.212663650512695,-2.1242749080000003
I539G,-8.642169952392578,0.2687279225
I539N,-9.79065227508545,-1.599240997
I539M,-6.656795024871826,2.0723558525
I539L,-4.1076812744140625,0.457666647
I539K,-10.199819564819336,-0.4163351805
I539H,-10.400227546691895,-1.136385959
I539A,-6.178225517272949,0.375805736
I539E,-10.725814819335938,-2.504117387
I539T,-6.814992427825928,0.1196757255
I539C,-8.880047798156738,0.8421679940000001
C540T,-10.793818473815918,0.278352537
C540L,-9.24935531616211,-0.8169696740000001
C540V,-13.20914363861084,-0.458218732
C540S,-7.103347301483154,0.587090752
C540R,-12.266508102416992,-1.06701337
C540Q,-11.560696601867676,-1.0440872655
C540N,-7.032662868499756,-0.8796353315000001
C540M,-10.46418285369873,-0.5259253065
C540W,-13.959707260131836,-1.6678406505
C540K,-12.836344718933105,-3.712400829
C540H,-11.610671997070312,-0.667222461
C540G,-11.834378242492676,-1.325601543
C540F,-12.421666145324707,-0.7218545129999999
C540E,-11.294116973876953,-1.025827946
C540D,-10.410500526428223,-1.025357332
C540A,-8.736980438232422,-0.098865061
C540I,-14.064189910888672,-0.566045117
C540Y,-13.557726860046387,-1.4152193105000002
C540P,-14.967825889587402,-1.176049814
W541H,-13.576671600341797,-1.9955367465
W541A,-14.400422096252441,-1.6436157865
W541C,-14.247719764709473,-0.1491420805
W541D,-16.589969635009766,-4.357565011
W541E,-15.806830406188965,-1.936433475
W541F,-11.225996017456055,-2.739626097
W541G,-13.59526538848877,-1.263742103
W541I,-13.716599464416504,-2.1554771075
W541Y,-12.224006652832031,-3.0340635875
W541K,-14.88774299621582,-3.1993635845
W541M,-10.76448917388916,-1.524510812
W541N,-16.212507247924805,-0.3865924215
W541P,-20.000442504882812,-1.709317613
W541Q,-15.441664695739746,-1.723141738
W541R,-12.764936447143555,-1.3882508835
W541S,-13.25189208984375,-1.644306104
W541T,-15.003459930419922,-1.852957816
W541V,-13.741852760314941,-2.5063901675
W541L,-9.047952651977539,-0.769872531
V542Y,-9.5160551071167,0.0731549005
V542D,-11.390525817871094,-1.1437272215
V542E,-7.747769355773926,-0.3087993695
V542F,-8.314270973205566,0.4199306455
V542C,-5.641235828399658,0.688979975
V542H,-11.798237800598145,0.330507457
V542G,-8.494397163391113,0.5322023585
V542K,-4.788368225097656,0.972596903
V542W,-9.49695110321045,0.4305816615
V542I,-4.27700138092041,0.211380283
V542S,-4.707927227020264,0.6596295265
V542R,-6.569687843322754,0.4194758645
V542Q,-5.2436113357543945,0.5487117005
V542P,-10.805309295654297,-2.073170004
V542T,-3.874267816543579,0.890732107
V542N,-8.87087631225586,0.1129504215
V542M,-3.877964735031128,1.232096838
V542A,-3.3435218334198,0.7686953129999999
V542L,-4.048308372497559,0.5842519545
A543V,-1.2357133626937866,0.4564266075
A543D,-7.9385833740234375,-2.0005577235
A543E,-8.861726760864258,-0.1892176265
A543F,-0.769620418548584,0.651558005
A543G,-3.3886046409606934,0.7429045465
A543H,-6.822563171386719,0.1715048585
A543I,-1.5509575605392456,0.875847162
A543K,-8.51546859741211,-2.6434019435
A543L,-2.429457664489746,0.779286012
A543N,-6.50600528717041,-1.991883161
A543T,-2.588555335998535,-0.1368434634999999
A543P,-10.286054611206055,-0.549204444
A543Q,-8.114015579223633,-2.291350174
A543R,-8.32010269165039,-1.796705316
A543S,-3.4433226585388184,0.6164940170000001
A543Y,-2.49002742767334,1.2080699385
A543W,-4.803560256958008,0.344220629
A543M,-4.807738304138184,0.5643303575
A543C,-2.5637969970703125,0.380810463
I544K,-11.471911430358887,-1.054369778
I544A,-8.282910346984863,0.6623770415
I544C,-10.900050163269043,0.46720571
I544D,-11.742530822753906,-2.385699577
I544E,-10.597420692443848,-2.498582194
I544G,-10.606138229370117,0.0926296785
I544H,-12.751559257507324,-1.5970620305
I544F,-8.361069679260254,0.553996985
I544T,-8.52683162689209,0.4535376165
I544L,-6.127593994140625,0.5118313975
I544M,-10.020049095153809,1.4062973875
I544N,-12.75493335723877,-0.8434541945
I544P,-13.561467170715332,-1.3721940345
I544Q,-11.587930679321289,-1.0822494205
I544R,-12.079597473144531,-1.444574895
I544S,-10.046091079711914,0.2659343425
I544V,-3.546969413757324,0.373140333
I544W,-11.156170845031738,0.2578684425
I544Y,-11.066404342651367,0.4001981355
S545R,-13.679601669311523,-1.036987135
S545A,-6.836234092712402,0.2727203735
S545C,-5.699911117553711,0.310028127
S545T,-4.550543785095215,0.3025878445
S545E,-9.034143447875977,-1.319102648
S545Q,-10.551631927490234,-0.570130785
S545W,-14.796878814697266,-1.582644729
S545Y,-13.19588851928711,-1.8212120075
S545P,-13.89395523071289,-1.823575231
S545D,-9.251283645629883,-1.91535005
S545N,-9.843148231506348,0.3322871025
S545M,-11.249069213867188,0.348355762
S545L,-10.709723472595215,0.383610566
S545K,-14.167556762695312,-2.987508885
S545I,-10.146417617797852,0.5960433555
S545H,-13.487563133239746,-3.226112849
S545G,-11.196134567260742,-0.139496822
S545V,-7.467643737792969,0.8703065975
S545F,-13.768651008605957,-0.659509746
P546H,-19.78590202331543,-0.8441591965
P546I,-17.54379653930664,-1.801958887
P546T,-16.19837760925293,-0.7789899215
P546S,-16.71219253540039,-0.73947489
P546Q,-19.5335693359375,-3.9439503645
P546N,-20.08067512512207,-1.16536
P546V,-17.643802642822266,-2.55314659
P546W,-20.523521423339844,-0.7496974059999999
P546Y,-22.171340942382812,-1.7415823375
P546R,-18.7330379486084,-0.958874569
P546L,-18.704742431640625,-0.6267589525
P546G,-18.107744216918945,-2.113007658
P546M,-19.354032516479492,-2.6843431035
P546E,-18.707963943481445,-1.323717775
P546F,-21.738906860351562,-1.35860588
P546C,-18.492624282836914,-3.7089021765
P546K,-20.445396423339844,-1.4178671725
P546A,-16.172056198120117,-1.5256366135
P546D,-20.419021606445312,-3.3102092015
L547I,-5.325892448425293,1.231022225
L547K,-7.890692710876465,-0.7745033659999999
L547M,-5.930530548095703,-0.2535559205
L547N,-6.642767429351807,-1.4598766685
L547P,-9.507654190063477,-0.3184047075
L547R,-7.952089309692383,-1.3883514394999998
L547S,-3.90079665184021,0.7338235195
L547T,-5.051453590393066,0.6456392710000001
L547V,-5.62568473815918,0.5339046755
L547W,-9.366217613220215,-0.7744782995
L547Y,-9.061139106750488,-0.7095241554999999
L547Q,-7.2101664543151855,-0.617207131
L547H,-9.552460670471191,-1.687010663
L547E,-6.208983421325684,-1.8433411845
L547A,-2.063753604888916,0.779432239
L547C,-5.688019752502441,0.846200273
L547D,-7.166275501251221,-2.313359966
L547F,-6.074356555938721,0.2663289525
L547G,-4.412440776824951,0.405735393
F548S,-9.084125518798828,0.5074156615
F548A,-10.710468292236328,0.4353616635
F548C,-10.246556282043457,2.240257003
F548D,-13.130998611450195,-2.945304767
F548E,-12.535344123840332,-1.133669272
F548G,-10.872939109802246,0.5889760045
F548H,-11.865455627441406,-1.272439055
F548I,-13.801994323730469,0.482317345
F548K,-13.865428924560547,-0.5736252805
F548M,-10.206182479858398,0.88460421
F548N,-12.707317352294922,-3.3046521265
F548P,-15.772192001342773,-1.228681259
F548Q,-13.171310424804688,-0.5860014295
F548Y,-9.917058944702148,0.212595429
F548W,-8.596607208251953,0.2737471555
F548V,-14.683740615844727,0.495575463
F548T,-10.009611129760742,0.3585565175
F548R,-15.201858520507812,-1.517342856
F548L,-11.307567596435547,0.795026582
L549M,-9.721101760864258,0.1889829975
L549C,-11.333539962768555,0.2392405575
L549D,-16.158735275268555,-2.1989393875
L549K,-12.77867317199707,-1.8599262165
L549A,-13.129925727844238,-1.1898902045
L549I,-7.986649513244629,0.6620571635
L549H,-15.09646224975586,-0.8249751315
L549G,-14.23972225189209,-1.127749643
L549E,-13.976763725280762,-1.8746289455
L549Y,-14.931175231933594,0.563137558
L549F,-13.30160140991211,0.48480357
L549V,-8.94887924194336,-0.7903629465
L549T,-9.960649490356445,-0.917040631
L549S,-13.118928909301758,-0.7986014355
L549R,-11.985886573791504,-0.8720588779999999
L549Q,-12.3519287109375,-2.370201456
L549P,-16.03019142150879,-0.5611098255
L549N,-13.639698028564453,-1.9590551105
L549W,-15.654850959777832,-0.753792345
L550S,-4.050881385803223,0.7053248740000001
L550Y,-8.249619483947754,-1.0328136345
L550V,-7.302908420562744,0.423575974
L550T,-3.307699203491211,-0.1384704735
L550R,-7.42935848236084,-0.3748021645
L550W,-7.049935817718506,0.100596374
L550P,-10.508652687072754,-0.235849485
L550Q,-7.996588706970215,-2.08061829
L550G,-4.9396562576293945,0.347814474
L550F,-5.572061538696289,0.3149400075
L550E,-6.450900077819824,-1.275480943
L550C,-6.842518329620361,0.2614198045
L550D,-7.501111030578613,-1.3308954215
L550H,-8.579662322998047,-0.3827659570000001
L550I,-6.276562690734863,-0.411214726
L550K,-6.890460014343262,-1.3499217225
L550M,-6.441984176635742,0.038303151
L550N,-7.6244683265686035,-3.033232705
L550A,-3.043309450149536,0.3647706555
F551E,-10.104281425476074,-0.667295715
F551A,-6.75930643081665,0.6297716215
F551C,-7.946068286895752,1.2267932885
F551D,-8.83106803894043,-1.2646927865000002
F551G,-7.1615118980407715,0.5022795275
F551K,-9.95387077331543,-1.6639700590000002
F551I,-7.52862024307251,0.4801229395
F551L,-5.20676326751709,0.565134984
F551N,-9.05357551574707,-0.219154317
F551P,-13.536704063415527,-3.2485423260000004
F551Q,-11.785898208618164,-2.2602279795
F551R,-10.915440559387207,-1.485656576
F551S,-6.405961036682129,0.361705605
F551T,-5.757697105407715,1.134305424
F551V,-8.21765422821045,1.4554021835
F551Y,-6.110247611999512,-0.086520845
F551H,-9.773751258850098,-1.258288353
F551W,-7.569736003875732,0.469813445
F551M,-8.609453201293945,0.9710190945
I552A,-12.42983627319336,0.641503416
I552Y,-16.920604705810547,0.3827733425
I552V,-4.58888053894043,0.566459481
I552T,-12.573648452758789,0.866960395
I552S,-15.45555305480957,0.9404287745
I552R,-12.68726634979248,-0.547578936
I552Q,-12.524065971374512,0.7902293965
I552P,-16.449058532714844,0.4704655575
I552N,-13.12282943725586,-0.1141196835
I552W,-16.816537857055664,0.2003083865
I552L,-6.070634841918945,0.566647329
I552K,-12.850156784057617,-0.6384235079999999
I552H,-15.426191329956055,-0.138852473
I552G,-16.463420867919922,0.7057082785
I552F,-15.624881744384766,0.4741505735
I552E,-13.577736854553223,-0.7993729479999999
I552D,-16.101091384887695,-1.6279490785
I552C,-11.351935386657715,0.6265773179999999
I552M,-10.17892074584961,0.767239143
I553D,-10.953995704650879,-1.569085427
I553E,-9.978286743164062,-0.8510031425
I553F,-7.017740249633789,0.5283465595
I553G,-11.714713096618652,-0.4009095615
I553H,-10.637472152709961,-0.8374677970000001
I553K,-9.476744651794434,-0.8473698645000001
I553L,-3.0161924362182617,0.8038391979999999
I553R,-9.880252838134766,-1.4334490830000002
I553N,-9.237360954284668,-0.35568555
I553P,-11.743749618530273,-0.592427678
I553Q,-9.800359725952148,-1.4436924034999998
I553S,-9.883672714233398,0.3157202525
I553T,-7.95010232925415,0.5563796555
I553V,-4.25521183013916,0.550886994
I553C,-9.895598411560059,-0.1869959455
I553M,-6.763050079345703,1.4719097280000002
I553A,-8.423813819885254,-0.1500084175
I553Y,-10.789886474609375,-0.85930643
I553W,-9.836045265197754,-0.1882818975
C554A,-1.2992281913757324,0.983818336
C554Y,-5.098996162414551,0.465625859
C554W,-4.495269775390625,0.3726459125
C554V,0.023158550262451172,0.7392890135
C554T,-2.3670599460601807,0.783434448
C554S,-2.1656858921051025,0.490406464
C554R,-6.46552848815918,-0.4887613095
C554Q,-5.356381416320801,-0.2548590175
C554P,-8.098268508911133,-1.930039179
C554N,-4.494175910949707,-1.5810058944999998
C554L,0.1536092758178711,0.575160975
C554K,-5.584734916687012,-0.100574474
C554I,0.994758129119873,0.96930542
C554H,-6.622679710388184,-0.2055586785
C554G,-2.8985960483551025,0.7846712565
C554F,-1.5143070220947266,0.9056616585
C554E,-5.380257606506348,-2.5808783395
C554D,-5.722764015197754,-3.377837459
C554M,-1.8798229694366455,0.414668015
S555A,-4.265212059020996,0.9997868415
S555M,-7.781510829925537,0.7646743779999999
S555D,-10.244120597839355,-0.083248785
S555E,-9.663552284240723,-0.279587673
S555F,-8.180754661560059,0.6536651225
S555G,-5.900811195373535,0.4607711465
S555H,-8.529412269592285,0.9811843005
S555I,-13.243064880371094,0.525382227
S555K,-8.958100318908691,1.0694074075
S555L,-12.025559425354004,0.5339774295
S555C,-7.088913917541504,0.575473425
S555N,-7.590773582458496,-0.101622738
S555P,-13.981619834899902,-0.056693554
S555Q,-7.391341209411621,0.413274654
S555R,-9.34485149383545,0.7149295405
S555T,-9.08752155303955,0.15131348
S555V,-12.90906047821045,0.4428779695
S555W,-9.997964859008789,0.2290417435
S555Y,-7.620522499084473,-0.0867295194999999
F556C,-6.95117712020874,1.0566448590000002
F556D,-7.026286602020264,-0.579475561
F556A,-6.019412040710449,0.511492149
F556W,-7.590614318847656,0.5484471335
F556T,-5.346205711364746,0.028746314
F556S,-4.982674598693848,0.456696027
F556R,-6.623317241668701,0.586698461
F556Q,-6.141478061676025,0.286311356
F556P,-12.999756813049316,-1.7988444105
F556N,-6.09738302230835,0.21363157
F556V,-5.452699661254883,0.711459205
F556M,-5.204659938812256,0.346530687
F556K,-6.345211029052734,0.3664080785
F556I,-3.9758057594299316,0.267303185
F556H,-7.323877334594727,0.0003159675
F556G,-8.476890563964844,0.126493409
F556E,-7.219803333282471,0.4454298195000001
F556L,-5.080249786376953,0.1925322805
F556Y,-3.8534135818481445,0.252940378
L557A,-7.499392032623291,0.558477362
L557F,-5.103392124176025,0.6654068725
L557Y,-7.2560577392578125,0.3999025085
L557G,-9.897063255310059,-0.5753368870000001
L557H,-9.4981050491333,-1.676387195
L557I,-5.967658042907715,1.2024762345
L557K,-10.584711074829102,-1.1516088745
L557D,-8.778573989868164,-1.073170004
L557C,-8.689255714416504,1.038348482
L557E,-7.780172348022461,-1.4540030215000002
L557N,-9.322179794311523,-0.181842763
L557Q,-9.190560340881348,-0.76576152
L557R,-10.463068008422852,-0.2399673815
L557S,-9.428228378295898,-0.3505630554999999
L557T,-8.898507118225098,-0.3681048625
L557V,-6.317502021789551,0.6691074779999999
L557W,-7.188314914703369,0.9282953595
L557P,-13.751609802246094,-0.0634681625
L557M,-6.930140018463135,0.6901091779999999
M558A,-1.4583139419555664,0.4065790775
M558Y,-4.783416748046875,1.6276492335
M558C,-5.738898277282715,0.9754929565
M558D,-5.7792181968688965,-0.8392433309999999
M558E,-6.463308334350586,-0.320015453
M558F,-3.320516347885132,0.161156647
M558G,-5.7218403816223145,0.3261708665
M558I,-1.7264504432678223,0.7025899215000001
M558K,-5.922657012939453,0.728977724
M558L,-2.0377354621887207,0.5766363265
M558H,-7.0603837966918945,0.016397833
M558P,-10.366785049438477,-1.086589362
M558Q,-6.266502380371094,0.7760279935
M558R,-5.727859020233154,0.1888140085
M558S,-3.489076614379883,0.624056672
M558T,-3.721458911895752,0.546970169
M558V,-2.2385690212249756,0.325930988
M558W,-6.332755088806152,0.6901352190000001
M558N,-4.943748474121094,0.3434954529999999
S559M,-6.168988227844238,0.123417093
S559V,-4.837709426879883,0.409835156
S559T,-3.851038932800293,-0.0359129085
S559R,-6.386412620544434,0.362500259
S559Q,-5.673682689666748,0.3855231120000001
S559P,-14.181591033935547,-0.1641614335
S559N,-3.838609218597412,1.0266200005
S559L,-5.622921943664551,-0.0629068335
S559A,-4.048476219177246,0.5317544545
S559I,-6.166408061981201,-0.327149982
S559G,-8.286759376525879,0.167053988
S559F,-2.928931713104248,0.6903512584999999
S559E,-6.0193915367126465,0.7878048895
S559D,-5.572701930999756,0.690610253
S559C,-7.449419021606445,0.349892756
S559W,-7.098403453826904,0.441441381
S559K,-6.4743547439575195,0.2087580505
S559Y,-3.8641161918640137,0.407601935
S559H,-4.634263515472412,-0.151956087
P560K,-8.821891784667969,0.292829288
P560T,-6.630014419555664,-0.158781377
P560S,-7.895749092102051,0.4408272135
P560R,-9.3975830078125,0.647624049
P560Q,-8.053483963012695,0.2625604185
P560N,-8.554204940795898,0.5171727735
P560M,-9.69330883026123,-0.8146021605
P560L,-8.702176094055176,-0.7541146425
P560I,-8.234643936157227,-1.175375404
P560H,-8.378976821899414,-0.0972447645
P560G,-11.153034210205078,0.015921742
P560F,-10.695566177368164,-0.7875998805
P560E,-7.427865028381348,0.0931637485
P560D,-7.505075931549072,0.582690536
P560C,-12.200242042541504,-0.5293504765
P560A,-7.994522571563721,0.6660111165
P560W,-11.096384048461914,-1.8621809695
P560Y,-10.61948299407959,-1.14507591
P560V,-8.40673828125,-0.2336678255
P561D,-8.446588516235352,-1.2833332025
P561Y,-10.271644592285156,-1.72447448
P561W,-11.187846183776855,-0.0292428985
P561V,-7.827609062194824,0.6715799640000001
P561T,-7.491501808166504,0.7933213355
P561E,-7.584859371185303,-1.1057778045
P561R,-6.130807876586914,0.3330118945
P561Q,-7.496194839477539,0.5048296965
P561N,-8.027562141418457,0.6475376205
P561M,-8.859112739562988,0.8327681404999999
P561S,-7.571743011474609,0.3432683135
P561K,-6.080739974975586,0.6437127245
P561I,-7.946990966796875,-0.4503132565
P561H,-8.232784271240234,0.454076999
P561G,-9.48256778717041,-0.274095846
P561F,-9.897403717041016,-2.3962896695
P561A,-7.812190055847168,0.2120919235
P561C,-11.84141731262207,-2.0766232735
P561L,-8.090307235717773,0.044474801
Q562N,-4.987891674041748,0.867378513
Q562M,-5.684432506561279,-1.895221797
Q562L,-4.57315731048584,-0.069507947
Q562K,-2.855762243270874,0.4866598025
Q562I,-4.356466293334961,0.6098567655
Q562E,-2.8784377574920654,0.538713949
Q562G,-7.104615688323975,0.0424880055
Q562D,-4.329672813415527,0.7820369779999999
Q562P,-4.822874069213867,0.8275328240000001
Q562F,-6.313352108001709,-1.547375125
Q562H,-4.062017917633057,-0.240163014
Q562R,-3.8739707469940186,0.5365013445
Q562T,-3.0277647972106934,0.615435261
Q562C,-8.723087310791016,-0.1291979105
Q562A,-4.3673319816589355,0.1367549255
Q562V,-2.7138514518737793,-0.449362534
Q562Y,-6.234769821166992,1.0264747575
Q562W,-7.75651741027832,-1.3130879425
Q562S,-3.9201018810272217,0.8602727225
L563G,-6.954239845275879,0.3527618945
L563F,-8.571449279785156,-0.394560811
L563E,-10.64955997467041,-1.7681116375
L563D,-11.954004287719727,-2.1483930005
L563C,-11.10253620147705,0.3499619145
L563A,-7.593387603759766,0.8037098765
L563H,-10.657687187194824,-0.138068228
L563I,-6.5303568840026855,0.291531969
L563R,-10.071563720703125,-0.3181706025
L563M,-5.138790130615234,0.4064970835
L563K,-10.385594367980957,0.502608553
L563W,-11.310115814208984,-1.90304576
L563V,-7.658143997192383,-0.25784431
L563T,-10.649408340454102,-1.010588978
L563Y,-10.936736106872559,-0.977348909
L563Q,-9.077205657958984,0.3846080670000001
L563P,-9.384868621826172,0.4159953115
L563N,-10.381245613098145,-1.285493026
L563S,-10.180709838867188,0.0901536975
R564W,-8.519393920898438,-1.1499228535
R564V,-4.091072082519531,0.165201777
R564T,-2.5972254276275635,0.7549816785
R564S,-2.9139270782470703,0.7266382295
R564Q,-2.78922176361084,0.173358249
R564P,-12.523332595825195,-1.3174156540000002
R564N,-3.7426860332489014,1.384786888
R564M,-4.615033149719238,0.02896494
R564I,-5.1038103103637695,0.164808883
R564K,-1.7042698860168457,0.715815073
R564H,-2.7979350090026855,-0.4822947855
R564G,-7.00372314453125,-0.2749036625
R564E,-2.4842000007629395,0.046045947
R564D,-6.261768341064453,-0.6518321155
R564C,-7.890021324157715,-0.127236751
R564A,-5.327474594116211,0.1507071365
R564L,-6.433412075042725,0.3284750025
R564Y,-5.92744779586792,-0.002469199
R564F,-5.988705635070801,-1.463281175
L565Y,-7.010791301727295,0.780310119
L565R,-11.248238563537598,-1.04898843
L565A,-9.604697227478027,-0.8607383255
L565S,-10.474348068237305,-1.7478699255
L565T,-10.76242733001709,-1.659938131
L565F,-7.226651191711426,0.3079972445
L565V,-9.034049987792969,-0.1219928565
L565E,-11.14629077911377,-1.9148377495
L565G,-12.16968059539795,-1.6884690365
L565H,-9.472877502441406,-2.9446958014999995
L565K,-11.655110359191895,-2.8823342895
L565M,-6.019416332244873,0.3281263635
L565N,-11.148148536682129,-1.2227508165
L565P,-17.713642120361328,-0.6415360385
L565Q,-10.181118965148926,-0.33182615
L565W,-9.623181343078613,-2.239838216
L565D,-11.382099151611328,-4.7138866625
L565C,-11.255335807800293,-0.7464818485
L565I,-8.09737491607666,-0.1149629425
F566Q,-8.301952362060547,-0.1875561525
F566P,-10.236799240112305,-0.991250504
F566R,-7.48047399520874,-0.1851748695
F566Y,-4.049689292907715,0.25354147
F566A,-5.369875907897949,-0.41858014
F566C,-9.347573280334473,0.7660954665
F566D,-8.065353393554688,-1.024025815
F566E,-7.699361324310303,-0.6097805935
F566H,-7.197923183441162,0.829777329
F566I,-7.820043563842773,-1.1278608435
F566K,-6.302135944366455,-0.4639309475
F566L,-4.453601837158203,0.977727812
F566M,-6.344932556152344,0.483171034
F566V,-7.774008750915527,-0.902050658
F566W,-7.216886520385742,0.5243307265
F566G,-6.874386310577393,0.627479269
F566N,-7.27927303314209,-0.8415897809999999
F566S,-6.9781646728515625,-0.7087352634999999
F566T,-9.945865631103516,-1.633883866
Q567A,-3.3896868228912354,-0.1591786055
Q567C,-9.042547225952148,-1.2638306305
Q567D,-0.1256241798400879,-1.1715663205
Q567E,-1.416975498199463,0.5237692835
Q567F,-6.238491058349609,-3.2690282165
Q567G,-3.088432550430298,0.827946868
Q567H,-2.061203956604004,0.416572298
Q567I,-7.716897964477539,-3.827044213
Q567K,-2.473944664001465,-0.1472570405
Q567L,-6.1228132247924805,-0.0848421465
Q567M,-5.811634063720703,1.135362039
Q567N,-1.084226369857788,1.5479759855000002
Q567P,-10.363712310791016,-1.0528947855
Q567R,-3.5111238956451416,0.1718236335
Q567S,-1.7960484027862549,0.823392545
Q567V,-6.940312385559082,0.068057017
Q567W,-8.021193504333496,0.6544067995
Q567Y,-5.142007827758789,1.2376985515
Q567T,-3.6749022006988525,-0.1598924535
Y568I,-10.900575637817383,-1.7586153925
Y568H,-9.195568084716797,0.016855896
Y568M,-10.224309921264648,-2.851882892
Y568F,-6.556859970092773,0.2087923685
Y568E,-10.16072940826416,-1.4853565685
Y568D,-11.343887329101562,-1.099019761
Y568C,-13.002215385437012,-0.108741868
Y568A,-11.178496360778809,-0.3576925985
Y568N,-11.865694046020508,-0.656679639
Y568P,-14.074737548828125,-0.4466941475
Y568Q,-9.899094581604004,-2.4589270835
Y568G,-12.42614459991455,-1.372933996
Y568R,-12.126678466796875,-1.8438484095
Y568K,-11.3953857421875,-1.549586096
Y568W,-8.67425537109375,-2.431273521
Y568L,-9.983199119567871,-1.649283199
Y568T,-11.84873104095459,-2.9885196075
Y568S,-11.657151222229004,-0.803398432
Y568V,-10.808695793151855,-0.7718750055
N569E,-1.6923441886901855,-0.0714619525
N569F,-5.632244110107422,-0.641927933
N569G,-5.962166786193848,0.298542335
N569H,-3.5938236713409424,1.095306089
N569I,-2.782252550125122,-0.0754982725
N569K,-3.7678463459014893,0.171100012
N569M,-3.6857750415802,-1.3432360565
N569P,-6.95633602142334,0.320786452
N569R,-4.212302207946777,0.28331905
N569S,-2.5241570472717285,0.3627742470000001
N569T,-1.4385192394256592,0.4583777665
N569W,-7.781362533569336,-0.3474873925
N569Y,-5.486335754394531,-0.2110593305
N569L,-3.9673960208892822,-1.1917224905
N569Q,-2.001204490661621,0.585594202
N569V,-2.3840487003326416,0.1570394415
N569D,-1.955935001373291,0.6415580475
N569C,-7.111240386962891,-0.2518579895
N569A,-3.5667831897735596,0.315721252
Y570D,-11.149160385131836,-2.4059232445
Y570E,-10.398667335510254,-3.429992264
Y570F,-3.7287545204162598,0.469110639
Y570G,-10.817700386047363,-1.7023164225
Y570H,-10.375110626220703,-0.0179885595
Y570I,-12.484696388244629,-4.5
Y570K,-14.147812843322754,-2.141274382
Y570M,-8.155372619628906,-1.2101475895
Y570W,-9.393774032592773,-3.0941276980000003
Y570V,-11.417418479919434,-2.152162698
Y570T,-10.987242698669434,-2.608593804
Y570S,-7.508291244506836,-0.9699214545
Y570R,-14.059684753417969,-1.3051991585
Y570Q,-11.039766311645508,-2.713347662
Y570P,-10.567164421081543,-2.2917175645
Y570N,-11.052054405212402,-0.9552183305
Y570C,-9.966861724853516,-0.6456316695000001
Y570A,-7.4227705001831055,-1.7055365255
Y570L,-10.2736234664917,-1.695055516
P571Q,-10.918367385864258,-0.8052244355
P571M,-12.305371284484863,-3.122605164
P571N,-11.053014755249023,-1.8604889115
P571Y,-12.45056438446045,-3.6205540395
P571K,-12.592727661132812,-1.1778651825
P571I,-13.595309257507324,-2.421901401
P571H,-10.566128730773926,1.9931286885
P571G,-9.935171127319336,-2.1692415305
P571F,-13.109487533569336,-1.322475205
P571L,-12.790580749511719,0.569039643
P571W,-13.268671035766602,-1.754751819
P571R,-12.925734519958496,1.1259905985
P571E,-9.686456680297852,-1.222432754
P571S,-10.730497360229492,0.0930027285
P571T,-12.16555404663086,1.127024402
P571A,-9.529476165771484,1.3201057735
P571V,-13.338042259216309,-1.699317781
P571C,-13.466140747070312,-3.2880360435000004
P571D,-8.775087356567383,-0.9529268985
Y572M,-3.290076732635498,0.581537971
Y572N,-3.153744697570801,1.161118568
Y572Q,-3.0496883392333984,0.560420629
Y572R,-3.6706695556640625,0.972743891
Y572S,-2.334585189819336,1.062398982
Y572T,-1.928783893585205,1.2984319205
Y572V,-2.587082862854004,0.309065348
Y572W,-3.4363298416137695,0.372461025
Y572I,-3.463268280029297,0.677466185
Y572P,-2.6342756748199463,0.5108146370000001
Y572K,-3.3268985748291016,0.7547375184999999
Y572G,-2.301018238067627,0.7830263125
Y572F,-3.542746067047119,0.1363739985
Y572E,-3.194920539855957,1.526049999
Y572D,-2.4438133239746094,0.8078062404999999
Y572C,-9.000855445861816,0.4387645355
Y572A,-1.4098544120788574,1.198739619
Y572L,-2.6881604194641113,0.4598988470000001
Y572H,-4.0069475173950195,0.4689921715
W573D,-9.394174575805664,-1.2779531435
W573C,-9.295762062072754,-0.518739767
W573A,-7.635591983795166,-0.41031922
W573E,-10.724054336547852,0.933193778
W573G,-9.120332717895508,0.713539948
W573H,-10.093785285949707,-0.58034675
W573Y,-7.533011436462402,-0.9971056905
W573V,-9.520645141601562,0.270919861
W573S,-7.942201137542725,0.736621768
W573R,-11.28594970703125,0.6408559515
W573F,-7.020118713378906,-0.0167232525
W573Q,-12.028216361999512,-0.379491452
W573T,-9.653428077697754,-0.327060444
W573N,-10.670697212219238,-0.4699015515
W573M,-10.238913536071777,-0.4602908415
W573L,-9.754890441894531,-0.0884568355
W573K,-12.257009506225586,-1.2231634505
W573I,-10.391480445861816,-0.60207525
W573P,-10.857316970825195,-1.3931489925
S574C,-9.144407272338867,0.7880260945
S574A,-2.9967708587646484,-0.5002497929999999
S574D,-10.656227111816406,-2.9468597080000003
S574N,-12.21647834777832,-0.7078273025
S574G,-7.929035663604736,0.3700503120000001
S574F,-12.92782211303711,-0.7968264534999999
S574Y,-13.004332542419434,0.671071042
S574W,-15.772783279418945,-0.862092235
S574V,-11.62949275970459,-0.6245023679999999
S574T,-9.100866317749023,0.1483908275
S574R,-15.467506408691406,-1.4336236025
S574E,-11.938740730285645,-0.196634015
S574P,-15.128067970275879,0.0920949025
S574M,-12.420351028442383,-2.9727377755
S574L,-13.286138534545898,0.0323895295
S574K,-14.654363632202148,-2.3412205725
S574I,-13.382743835449219,-0.1024484185
S574H,-13.051854133605957,-0.0088213815
S574Q,-13.061385154724121,0.159290598
I575E,-3.5362043380737305,0.7579892825
I575F,-4.206840515136719,0.5676778415
I575G,-6.622349739074707,0.595964764
I575H,-3.843834161758423,0.6775332945
I575K,-5.161596298217773,0.2357437275
I575L,-3.0561881065368652,1.1114652905
I575N,-3.9614346027374268,0.979498029
I575D,-4.516018390655518,0.7025613415
I575P,-9.016082763671875,0.732286357
I575Q,-2.0370709896087646,0.516689209
I575R,-4.558716773986816,0.8337589945
I575Y,-2.949228286743164,0.9341043535
I575W,-6.876106262207031,0.9549687515
I575V,-2.7531261444091797,-0.3237956585
I575M,-4.207418441772461,0.9347101555
I575C,-8.185556411743164,1.0134836415
I575A,-5.792891502380371,0.4677459785
I575S,-5.941163063049316,1.4443896134999998
I575T,-4.777906894683838,0.9472284795
I576Y,-6.343330383300781,0.9325862895
I576W,-7.763433933258057,0.367884448
I576V,-2.8704681396484375,0.4977886885
I576A,-3.584176778793335,0.7481855865000001
I576T,-5.0604095458984375,0.754038488
I576C,-8.125866889953613,0.623652271
I576S,-6.891899108886719,0.996115485
I576R,-8.127632141113281,0.555279987
I576D,-7.594755172729492,0.220500693
I576N,-7.890166759490967,-0.0132999389999999
I576M,-6.266251564025879,2.8741302575
I576L,-4.838695049285889,1.4300593945
I576K,-7.647263526916504,-0.0746047854999999
I576H,-7.531361103057861,0.4020533005
I576G,-7.105295658111572,0.6325352639999999
I576F,-5.6814165115356445,0.650861819
I576E,-7.753238201141357,0.2698128935
I576P,-7.689451694488525,0.744202482
I576Q,-7.377501964569092,0.6196408725
L577N,-10.62214183807373,-0.801407702
L577C,-8.325812339782715,-0.873302415
L577D,-9.957446098327637,-3.356614962
L577E,-8.73176383972168,-3.6658170475
L577G,-10.67292308807373,-0.3751428985
L577I,-4.276987075805664,2.02486314
L577M,-7.074062824249268,1.0040230455
L577P,-12.97698974609375,0.0938760915
L577Q,-10.551058769226074,1.5109202695
L577R,-11.026822090148926,1.428595848
L577T,-5.7984466552734375,0.4513342805
L577V,-3.9495606422424316,2.3184410095
L577W,-10.551254272460938,-1.174270205
L577Y,-10.254223823547363,-1.0548640525
L577A,-6.924026012420654,0.082063916
L577S,-8.505131721496582,1.125941481
G578C,-16.99428367614746,1.3974530635
G578W,-20.94826889038086,0.1125987315
G578D,-16.02003288269043,1.2994888615
G578E,-17.011110305786133,-1.6380019044999998
G578A,-13.508583068847656,0.5279955665
G578F,-22.794330596923828,-1.5796433794999998
G578H,-18.963903427124023,-2.174270205
G578I,-21.16876983642578,-0.69675706
G578K,-17.85902214050293,-2.4172221195
G578Y,-22.804162979125977,0.572950663
G578L,-19.087644577026367,-0.8116394155
G578N,-17.145357131958008,-1.5016734495
G578P,-16.205394744873047,-1.5613335805000002
G578Q,-17.113584518432617,-4.7510227635
G578R,-16.0944881439209,1.283112281
G578S,-14.893149375915527,1.516669773
G578T,-18.462169647216797,-1.221683143
G578V,-20.592348098754883,1.008965455
G578M,-18.324621200561523,-1.753611171
Y579W,1.2667837142944336,0.562342812
Y579V,-5.443166732788086,0.7496750984999999
Y579G,-7.751770973205566,0.3693629645000001
Y579C,-5.9211297035217285,0.8076929395
Y579A,-6.220521926879883,0.1481518245
Y579F,-3.7588272094726562,0.0148937585
Y579E,-8.996735572814941,1.049680648
Y579H,-7.701713562011719,0.659761634
Y579I,-4.398717880249023,0.758718467
Y579K,-8.885178565979004,0.455294771
Y579D,-8.1354398727417,0.639237563
Y579M,-5.1516265869140625,0.4000945555
Y579N,-5.852661609649658,0.1772003305
Y579P,-10.675183296203613,-3.1262042215
Y579Q,-8.5280179977417,0.519742509
Y579R,-8.679332733154297,0.837994785
Y579S,-5.972926139831543,0.840188775
Y579T,-6.259157180786133,0.285821149
Y579L,-4.610393047332764,0.826286925
C580N,-8.03816032409668,-0.57352815
C580I,-4.081960678100586,0.805368601
C580H,-9.390254974365234,-0.6858374965
C580G,-8.519855499267578,1.1486451355
C580F,-5.051982879638672,0.0937358865
C580E,-7.823002338409424,-1.685105925
C580D,-8.92949104309082,-1.1747326809999998
C580M,-6.395194053649902,0.4454311115
C580S,-5.426278114318848,0.6747875004999999
C580Y,-8.61784553527832,-0.066342324
C580W,-9.123836517333984,1.22686595
C580V,-5.59532356262207,0.838309311
C580T,-6.074065685272217,0.719598325
C580L,-3.326988697052002,0.807999182
C580R,-10.578788757324219,0.0777924425
C580Q,-8.84636402130127,-1.155256594
C580P,-13.936525344848633,-0.9954942025
C580A,-5.303607940673828,0.4950484955
C580K,-10.239709854125977,-1.6090352385
I581K,-10.367839813232422,-2.2013621505
I581C,-10.952749252319336,0.0501025809999999
I581D,-12.4634370803833,-2.078410142
I581E,-11.351455688476562,-3.381234822
I581F,-7.600644588470459,0.3912275955
I581G,-13.342062950134277,-0.727597155
I581H,-12.907976150512695,-2.662556686
I581A,-8.580318450927734,0.4998388805
I581W,-11.155092239379883,-0.0903447895
I581Y,-11.731693267822266,-0.3951161335
I581M,-7.111466407775879,1.0016475265
I581N,-12.065861701965332,-0.4195644705
I581P,-14.697179794311523,-3.078273694
I581Q,-11.667342185974121,-2.2968698025
I581R,-11.845846176147461,-1.7887340955000002
I581S,-10.245747566223145,0.0014473355
I581T,-8.530216217041016,0.550466761
I581V,-5.747316837310791,0.7905936425
I581L,-5.2639970779418945,0.4694147355
G582E,-8.62802791595459,0.6194103704999999
G582F,-10.292013168334961,0.5145865785
G582L,-8.214841842651367,0.4704222635
G582I,-10.690275192260742,0.7714128055
G582K,-10.288704872131348,-0.285642547
G582D,-9.545269012451172,0.1710280635
G582H,-10.29564380645752,0.6871123929999999
G582C,-5.578393936157227,0.087082938
G582T,-6.251871585845947,1.595739985
G582Y,-10.901510238647461,0.8826922734999999
G582W,-11.241331100463867,0.6630697475
G582V,-9.842839241027832,0.321291886
G582S,-4.661482810974121,0.3872994455
G582R,-8.239906311035156,0.6847714909999999
G582Q,-7.424308776855469,0.411918036
G582P,-11.361968994140625,0.580617298
G582N,-8.678007125854492,1.076479391
G582A,-3.6392250061035156,0.658252701
G582M,-6.814454555511475,0.3026325505
T583N,-5.6580729484558105,2.1739190155
T583W,-5.500619888305664,0.6651437485
T583A,-2.624593734741211,1.17770721
T583C,-4.387562274932861,1.32780473
T583D,-7.279684066772461,-1.070434394
T583E,-6.522475242614746,-1.3692167465
T583F,-1.3457597494125366,-0.0214208125
T583G,-3.9318161010742188,0.6840179885
T583H,-7.929069519042969,0.9222757305
T583Y,-4.554188251495361,0.554078121
T583I,-2.7085466384887695,0.801935733
T583M,-2.4090843200683594,1.130835482
T583P,-9.207149505615234,0.1876721985
T583Q,-6.895925521850586,0.5166868265
T583R,-7.192410469055176,-1.5855577525
T583S,-2.2831454277038574,1.26673318
T583V,-3.7616143226623535,0.7250778284999999
T583K,-7.997445106506348,-1.3412205725
T583L,-0.3366584777832031,0.611638358
S584Y,-11.319646835327148,-0.9878570805
S584H,-12.32670783996582,-0.3178101445
S584W,-12.661401748657227,-1.312405073
S584F,-8.521025657653809,-0.5967859535
S584V,-9.886384963989258,-0.4960352095
S584G,-9.926009178161621,-0.0089214995
S584Q,-11.035658836364746,-0.9580909995
S584P,-14.528680801391602,-0.1122422705
S584R,-12.79175853729248,-1.0887142465
S584T,-6.889754295349121,0.9976555255
S584E,-10.636695861816406,-0.949203649
S584C,-7.9508490562438965,0.3205464315
S584D,-10.407336235046387,-1.370649773
S584N,-9.352112770080566,-2.066452027
S584M,-8.825187683105469,0.1310602119999999
S584L,-7.280227184295654,0.3062630955
S584K,-12.594795227050781,-1.283889566
S584I,-9.552034378051758,0.1883063975
S584A,-6.627018928527832,0.2577778405
S585T,-7.658346176147461,0.2344040635
S585Y,-16.71364402770996,-0.405323081
S585W,-18.031421661376953,0.7807275715
S585V,-14.46224594116211,-0.9640165015
S585Q,-13.140904426574707,0.837961898
S585R,-15.457555770874023,0.973639157
S585N,-13.420345306396484,-0.0440553355
S585A,-7.978915691375732,0.393029254
S585C,-7.878490447998047,1.153482334
S585D,-13.343204498291016,-0.3688519385
S585P,-13.346864700317383,-0.157526122
S585F,-15.905536651611328,-2.846894789
S585G,-9.682817459106445,0.3828038535
S585E,-13.488401412963867,-0.3786343685
S585H,-14.005636215209961,0.1054861115
S585I,-16.68243408203125,-0.001321783
S585K,-15.70532512664795,-2.2854664155
S585L,-17.09705924987793,-1.4535118025
S585M,-15.189656257629395,0.4689968895
F586M,0.05827617645263672,0.5342387275
F586T,-4.741110324859619,0.200978243
F586S,-6.446680068969727,0.3338889535
F586R,-8.13624095916748,-1.1485930575
F586Q,-6.938041687011719,0.092361952
F586P,-12.075100898742676,-0.6868688685
F586N,-7.812735557556152,-1.3631080955
F586V,0.1790461540222168,1.539658109
F586L,1.904468059539795,0.9219085315
F586W,-6.863043785095215,0.7290026190000001
F586I,2.585322380065918,1.7627649415
F586H,-9.186600685119629,-2.7511299875
F586G,-6.362871170043945,-0.476801775
F586E,-5.917243957519531,-1.8986635915
F586D,-7.896664619445801,-1.798274135
F586C,-5.08803653717041,1.3917960825
F586A,-5.452157974243164,0.2417809775
F586Y,-7.2501678466796875,0.1475618185
F586K,-7.129489898681641,-1.067355001
I587Y,-11.119077682495117,-1.6016896715
I587W,-11.407451629638672,-0.0249682315
I587L,-4.608814716339111,0.5774411115
I587C,-9.293671607971191,-1.053786564
I587G,-12.189513206481934,-0.2093228945
I587F,-6.701552391052246,-0.1483574105
I587E,-10.934450149536133,-1.618165453
I587D,-11.58216667175293,-1.368092321
I587T,-6.870299339294434,0.0564940755
I587A,-7.168471813201904,0.427172471
I587H,-12.287530899047852,-2.792366892
I587V,-4.385675430297852,1.02270079
I587S,-8.079005241394043,0.918520607
I587R,-11.179244995117188,-0.8069145390000001
I587Q,-11.87364387512207,-1.5959379340000002
I587P,-12.691086769104004,-2.3190535385
I587N,-11.72392463684082,-0.450997695
I587M,-8.242443084716797,1.304922028
I587K,-10.874201774597168,-3.2234812315
C588K,-8.65036392211914,-3.795031099
C588W,-4.4258270263671875,0.084469849
C588I,-7.326196193695068,-0.0134748415
C588L,-3.1700804233551025,0.184492485
C588M,-3.9799225330352783,0.232449638
C588H,-7.409788608551025,-0.6654248420000001
C588E,-6.505156993865967,-4.6400935515
C588F,-3.359361171722412,-0.5122569335
C588D,-8.276580810546875,-0.821662914
C588A,-4.911135673522949,0.6638524775
C588N,-6.282582759857178,-0.2059790645
C588P,-10.552507400512695,0.0998387135
C588Q,-6.710849761962891,-0.5229151145000001
C588R,-10.335065841674805,-0.458623973
C588S,-5.714869022369385,0.0765298375
C588T,-7.346659183502197,0.0342087015
C588V,-6.828861713409424,0.3669590465
C588Y,-5.672667503356934,-0.3877861215
C588G,-7.897188663482666,0.373562859
I589S,-16.254785537719727,1.1201207395
I589Q,-14.590848922729492,-1.30110746
I589R,-16.343875885009766,-2.4161368085
I589T,-12.916668891906738,0.1168290185
I589E,-14.702770233154297,-2.1584497
I589W,-15.501256942749023,-1.2632693555
I589V,-6.6678009033203125,-0.3524630775
I589P,-17.54471778869629,-3.0736047615
I589N,-15.09183406829834,0.090441695
I589M,-10.693099975585938,0.858852342
I589K,-16.16693878173828,-4.5
I589H,-15.344482421875,-2.0548640525
I589L,-7.930598258972168,0.3185450625
I589F,-11.785752296447754,0.261914252
I589A,-13.339411735534668,-1.802327106
I589C,-14.303353309631348,-1.5332057145
I589D,-16.19542694091797,-3.0443905675
I589Y,-14.374086380004883,-0.5010225465
I589G,-15.803817749023438,-1.7931645175
P590M,-10.604361534118652,-0.099653489
P590T,-10.409618377685547,1.2451139665000002
P590S,-10.712597846984863,0.1922507725
P590V,-9.64044189453125,0.274535821
P590R,-14.720331192016602,0.2459806665
P590Q,-13.912026405334473,-1.400643529
P590N,-14.11741828918457,-2.188874294
P590L,-9.654510498046875,0.4704325605
P590D,-14.10279655456543,-2.113027767
P590I,-9.047104835510254,0.621705694
P590H,-13.614520072937012,1.401414888
P590G,-13.769464492797852,0.4201298445
P590F,-9.434353828430176,0.0041536665
P590E,-12.757781028747559,-1.801584351
P590C,-12.86742877960205,0.393366999
P590A,-11.047944068908691,0.7204423484999999
P590W,-12.39144515991211,-1.643723544
P590K,-14.419901847839355,-1.256461857
P590Y,-12.623871803283691,-1.077057994
T591H,-8.949321746826172,-1.175850149
T591S,-1.4127106666564941,0.53562974
T591V,-2.8349316120147705,1.1787436165
T591W,-8.429553985595703,-0.134685177
T591Y,-7.192076206207275,0.108690867
T591P,-9.077093124389648,-0.750308035
T591N,-6.664595127105713,-0.7405292265000001
T591M,-4.247864246368408,0.9416813055
T591A,-2.8173646926879883,1.322552927
T591C,-4.862248420715332,0.5418255064999999
T591D,-6.405480861663818,-1.4819940305
T591E,-6.262908935546875,-1.4088153115000002
T591F,-2.8585593700408936,0.8577606175
T591G,-3.289078712463379,0.9077487435
T591I,-2.0954508781433105,0.694187365
T591K,-7.353485584259033,-0.09210824
T591L,-1.1626582145690918,0.819893023
T591Q,-8.293298721313477,-2.05233905
T591R,-7.3721747398376465,-1.508382264
Y592W,-4.067412853240967,-0.930338298
Y592D,-11.100056648254395,1.5991742665000002
Y592E,-10.682723999023438,-1.2820744565
Y592V,-6.092896461486816,-1.317192171
Y592T,-5.507835865020752,-1.652548705
Y592S,-7.687409400939941,-0.1369958735
Y592R,-11.243254661560059,-1.0990578295
Y592Q,-10.333852767944336,-2.6274092490000003
Y592P,-14.743194580078125,-2.811773728
Y592N,-9.03757381439209,-0.228895526
Y592M,-7.082096099853516,-1.5047236094999998
Y592L,-7.718351364135742,-1.322471728
Y592K,-12.16849422454834,-3.546885132
Y592I,-7.328334331512451,-2.2278762705
Y592H,-7.7527313232421875,-0.2265182165
Y592G,-7.641870021820068,-0.97595698
Y592F,-4.602899551391602,-0.2712874675
Y592C,-7.057287216186523,1.4295067245
Y592A,-8.166102409362793,-1.5997605869999998
I593D,-11.111507415771484,-1.97513686
I593W,-8.243145942687988,-0.2191137375
I593A,-3.6938023567199707,0.41191549
I593C,-8.496188163757324,-0.2444046815
I593E,-10.120296478271484,-2.25294092
I593F,-5.359466552734375,-0.018661397
I593Y,-7.409482479095459,-1.4416708355
I593H,-7.432459354400635,-1.5438208735
I593K,-7.567917346954346,-3.3951161335
I593L,-6.223232269287109,0.30513775
I593G,-8.480979919433594,0.328989744
I593N,-8.265613555908203,-0.357689136
I593P,-11.724788665771484,-2.4355905235
I593Q,-8.00327205657959,-1.0311282145
I593R,-8.809886932373047,-1.7183188615
I593S,-8.719532012939453,1.6845463795
I593T,-6.817775726318359,0.4184532520000001
I593V,-5.674724578857422,0.772182934
I593M,-3.5497255325317383,2.094996048
A594P,-10.239543914794922,-0.6459147865
A594Y,-7.48799991607666,-0.699241606
A594W,-8.415427207946777,-1.12239308
A594V,-4.110424995422363,0.5407480325
A594T,-5.492884635925293,0.171927528
A594R,-9.70732307434082,-1.9591220775
A594Q,-9.547770500183105,-4.063612994
A594N,-8.273627281188965,-0.5623611995000001
A594S,-6.497645854949951,0.3306970345
A594I,-1.653104305267334,0.916626473
A594H,-8.908191680908203,-2.4213173180000003
A594K,-9.532844543457031,-0.69803439
A594L,-3.356520652770996,0.7074003609999999
A594M,-6.203607559204102,0.7586892025
A594F,-4.961925506591797,-0.023387677
A594E,-9.837890625,0.682039805
A594D,-9.351627349853516,-0.688534237
A594G,-5.329996109008789,0.975046799
A594C,-6.200901985168457,1.227165961
Y595M,-9.086516380310059,-0.7610454565000001
Y595N,-9.212641716003418,-1.9643864065
Y595K,-8.471978187561035,-1.86357871
Y595I,-8.850654602050781,-1.20261004
Y595H,-7.200180530548096,-0.3314366065
Y595G,-8.812402725219727,-1.258123448
Y595P,-14.147782325744629,-1.415702361
Y595Q,-10.057896614074707,-0.462257063
Y595F,-5.861318588256836,0.1990293535
Y595E,-9.455556869506836,-0.7726988690000001
Y595R,-9.804346084594727,-1.9979831315
Y595D,-9.683527946472168,-0.21236414
Y595S,-7.863675117492676,-0.3053146865
Y595C,-8.862003326416016,-1.3039264275
Y595L,-7.452886581420898,-0.444092168
Y595T,-8.133027076721191,-1.22406615
Y595A,-7.300776481628418,-1.1271662305
Y595W,-7.8320465087890625,0.1566188445
Y595V,-9.230679512023926,0.449146181
R596C,-5.527957916259766,0.659716234
R596D,-9.444499015808105,-2.6016466905
R596E,-7.245608806610107,-1.9022748445
R596V,-1.5836896896362305,0.8663804140000001
R596T,-4.188660144805908,0.1310272925
R596S,-6.928858757019043,0.1176466905
R596Q,-4.724332809448242,1.724279172
R596P,-13.921813011169434,-1.3979700075
R596N,-7.265786647796631,-0.27338085
R596L,-5.007043838500977,0.226783055
R596K,-0.2986660599708557,0.7565893284999999
R596I,-3.0554733276367188,0.9068271555
R596H,-5.519446849822998,0.768458828
R596G,-12.288341522216797,0.0042357065
R596F,-5.61902379989624,-0.2325115685
R596M,-5.150389671325684,0.7428907805
R596A,-6.3567633628845215,0.306719036
R596Y,-3.9718017578125,0.630300682
R596W,-8.574419975280762,-0.0760419125
L597D,-13.849077224731445,-2.358254827
L597E,-12.29102897644043,-1.4942925465
L597F,-8.268962860107422,-0.8252338084999999
L597G,-13.572827339172363,-2.0773380265
L597H,-12.507197380065918,-3.913736139
L597I,-6.962752819061279,0.7225453975
L597K,-12.360671997070312,-1.002293004
L597M,-7.143067836761475,0.751837568
L597N,-11.998581886291504,-3.75057225
L597P,-16.22282600402832,-0.223184181
L597Q,-12.780810356140137,0.110961261
L597Y,-11.196300506591797,-2.6217628530000003
L597W,-11.941890716552734,-0.2474878625
L597R,-12.807792663574219,0.5949097525
L597S,-13.271154403686523,-1.3263797185
L597C,-10.581541061401367,0.293409183
L597A,-11.693708419799805,-0.6059374045
L597V,-10.1957426071167,0.4914027925
L597T,-11.931386947631836,-2.319647786
I598Y,-4.2662787437438965,0.0162241445
I598R,-6.911191940307617,0.153476677
I598Q,-8.259295463562012,-2.1366764565
I598P,-10.611186981201172,-3.3960572825
I598M,-5.378108024597168,1.097861982
I598L,-3.421480894088745,0.5030768625
I598K,-6.742057800292969,0.085830044
I598T,-6.923209190368652,0.0587211535
I598H,-6.281253337860107,-1.7550948194999998
I598F,-3.2055699825286865,0.112224725
I598E,-8.652238845825195,-0.372979528
I598D,-7.447700023651123,-1.362915644
I598C,-3.2764968872070312,1.157322942
I598A,-3.8412680625915527,0.135044902
I598V,-4.799806594848633,0.659243851
I598W,-4.130751132965088,0.5594714365
I598G,-7.194638252258301,-0.296364053
I598S,-5.378688335418701,0.763953179
I598N,-5.525806427001953,-0.4406826435
I599N,-6.384442329406738,-0.216499655
I599W,-10.58838939666748,0.6904255
I599V,-2.357790946960449,0.660306181
I599T,-2.277406692504883,0.636180224
I599S,-4.736015319824219,0.4850320455
I599R,-4.613279342651367,0.7009669835
I599Q,-5.185516357421875,0.4643854555
I599P,-14.627107620239258,-1.932388784
I599A,-5.978859901428223,0.9805777955
I599M,-5.366401672363281,1.3112824875
I599K,-4.452214241027832,-0.1530256395
I599H,-8.349600791931152,0.170152408
I599G,-11.532759666442871,0.010079602
I599F,-8.368825912475586,-0.057632769
I599E,-6.01235294342041,-0.123766674
I599D,-8.680167198181152,-0.5991368029999999
I599C,-5.419537544250488,-0.2793548655
I599L,-6.2127580642700195,0.3165498415
I599Y,-9.253908157348633,1.0329525145
T600I,-8.320560455322266,-1.4597914665
T600K,-9.145550727844238,0.3627693125
T600L,-7.178235054016113,-2.214282183
T600P,-13.311854362487793,-1.7507009969999998
T600Q,-8.190659523010254,-2.00036927
T600R,-9.21853256225586,-1.2370616635
T600S,-8.29611587524414,-0.7904696845
T600V,-9.327661514282227,-0.2212257185
T600W,-13.37860107421875,-1.009625149
T600N,-11.159675598144531,-1.8028127745
T600Y,-11.631993293762207,-2.4283436565
T600A,-9.446707725524902,-0.0630784135
T600C,-9.810952186584473,-0.5161267155
T600D,-10.966147422790527,-3.6021767155
T600E,-7.868862152099609,-0.004566035
T600F,-12.919242858886719,-4.1801016235000015
T600G,-13.920969009399414,-0.932464182
T600H,-12.446898460388184,-2.9267037910000004
T600M,-8.473831176757812,0.1078969215
P601C,-13.405521392822266,-0.8913683259999999
P601Y,-12.81297779083252,-2.9754061555
P601E,-7.539475440979004,0.7336692925
P601F,-14.445014953613281,-1.5822286725
P601G,-10.565399169921875,0.665723524
P601H,-10.692850112915039,1.972631859
P601I,-14.366072654724121,-4.27287945
P601K,-8.123580932617188,0.7218569725
P601A,-11.108214378356934,1.598082908
P601M,-14.541239738464355,-1.7297122575
P601N,-10.33191967010498,1.2209855015
P601Q,-10.440738677978516,0.7385543745
P601R,-9.200881004333496,2.111041897
P601S,-8.864858627319336,0.5155579425
P601T,-11.161937713623047,2.46088766
P601V,-14.27560806274414,-0.47513686
P601W,-14.429234504699707,-1.9876320805
P601D,-8.206863403320312,0.0477495795
P601L,-13.673751831054688,-0.3086521045
G602I,-19.005762100219727,-0.9424788865
G602W,-18.299272537231445,-2.3245643085
G602A,-12.660327911376953,-0.955418364
G602C,-15.544402122497559,-0.463796744
G602D,-14.199369430541992,-0.730826877
G602Y,-18.625497817993164,-1.1521009745
G602F,-17.96944808959961,-1.1748903795
G602H,-16.49909210205078,-0.62585241
G602K,-13.912879943847656,-1.862281355
G602L,-15.526220321655273,-0.7723465145
G602E,-13.619128227233887,-2.029326662
G602N,-15.381702423095703,-2.197199879
G602P,-17.13810157775879,-1.2918037695
G602Q,-16.010181427001953,-2.3654698315
G602R,-12.913579940795898,-1.301212488
G602S,-12.819591522216797,-1.109464109
G602T,-16.3061466217041,-1.576436385
G602V,-17.77613067626953,-1.591497533
G602M,-15.783772468566895,-1.636451502
T603M,-12.035308837890625,-0.7658705415000001
T603L,-11.669477462768555,-1.1072393915
T603K,-9.585552215576172,-0.213686128
T603G,-10.944344520568848,0.397972841
T603C,-12.022151947021484,0.238797402
T603E,-9.6506929397583,-0.077165842
T603D,-10.876310348510742,-0.4036561095
T603A,-10.956241607666016,0.2430094735
T603N,-11.23343276977539,0.195657119
T603F,-12.588380813598633,-1.058402607
T603P,-13.935930252075195,0.288026094
T603H,-13.321264266967773,-0.4454750685
T603R,-10.026012420654297,0.100213854
T603Y,-12.863664627075195,-0.83860417
T603I,-12.95465087890625,-0.5487877885
T603Q,-11.795169830322266,-0.0723922885
T603V,-13.749943733215332,-0.1691655819999999
T603S,-5.081918716430664,0.4370972595000001
T603W,-13.730951309204102,-1.88296029
F604Y,-7.244842529296875,-1.3742373485
F604E,-11.46505069732666,-1.4710324615
F604G,-10.76829719543457,-1.083969686
F604H,-10.355480194091797,-1.2981913495
F604I,-4.446805953979492,0.1935311465
F604K,-10.492425918579102,-3.1673340775
F604L,-1.5144233703613281,1.4634184675
F604M,-6.002437591552734,-0.1344066085
F604P,-9.984580993652344,-0.8616194895
F604Q,-11.439550399780273,-2.978933534
F604D,-11.155000686645508,-3.1668131725
F604S,-9.765542984008789,-0.52277643
F604T,-8.040315628051758,-0.750106853
F604V,-4.755336284637451,1.3018669335
F604W,-5.592171669006348,0.520356801
F604N,-11.091665267944336,-2.741684899
F604R,-10.440589904785156,-1.0889230875
F604C,-8.868009567260742,0.8780604065000001
F604A,-7.120059967041016,-0.8463314565000001
K605C,-10.746174812316895,0.0533934055
K605T,-6.978224754333496,0.7296277825
K605S,-7.424718379974365,0.3685016885
K605R,-4.174674034118652,1.918760493
K605Q,-6.758155822753906,1.5507074505
K605P,-8.529708862304688,0.322906514
K605N,-8.783265113830566,-0.265910572
K605A,-7.758211135864258,1.1078836035
K605L,-7.653573513031006,0.667705796
K605M,-7.5227203369140625,0.7163965365
K605H,-9.052927017211914,-1.4722357875
K605G,-8.35757827758789,0.66045171
K605F,-10.250426292419434,0.0749083609999999
K605E,-7.649722099304199,0.068024247
K605D,-10.648211479187012,-1.234119561
K605Y,-10.39499568939209,0.4418044005
K605W,-9.775978088378906,0.4891267205
K605V,-7.673474311828613,0.993697272
K605I,-8.328405380249023,-0.5140278655
E606S,-9.023847579956055,0.1699520944999999
E606R,-8.183492660522461,-0.5132428375
E606I,-10.227575302124023,0.1896337795
E606M,-10.231067657470703,1.230706283
E606V,-9.46091365814209,-0.119194862
E606L,-10.509629249572754,-0.7284394784999999
E606H,-11.211592674255371,-0.5952779555
E606T,-9.672657012939453,-0.1258735544999999
E606F,-12.872175216674805,-0.0673446075
E606D,-8.149118423461914,-0.0201718035
E606Q,-4.773517608642578,0.647678434
E606C,-12.746481895446777,-0.219293075
E606K,-7.095211982727051,-0.860482498
E606N,-9.208012580871582,0.732903858
E606Y,-13.133367538452148,0.758689203
E606W,-14.138151168823242,-0.909835726
E606A,-7.637721538543701,0.57144188
E606G,-10.94361400604248,0.3888620575
E606P,-14.077467918395996,-2.507558338
R607C,-12.851223945617676,-1.722189803
R607A,-14.233344078063965,-3.4384596905
R607D,-16.694517135620117,-1.0790155375
R607E,-14.593307495117188,-3.4468597080000003
R607F,-20.2947940826416,-2.966778605
R607G,-17.42559814453125,-1.166833292
R607H,-14.609973907470703,-0.1187545485
R607I,-15.736541748046875,-2.00759083
R607K,-6.404556751251221,0.7533618715000001
R607L,-14.00994873046875,-0.224424915
R607M,-12.484855651855469,-3.0106761095
R607N,-13.671791076660156,-1.0904627845
R607P,-19.221359252929688,-0.19211539
R607S,-14.164225578308105,-0.6200432525
R607Q,-9.032196044921875,-0.2897914505
R607V,-15.761611938476562,-0.9782270845
R607W,-16.921642303466797,-1.081785895
R607Y,-20.150861740112305,-1.852580611
R607T,-14.385978698730469,-3.0191375760000003
I608Y,-9.590071678161621,-0.357212212
I608V,-3.7331809997558594,0.0806685075
I608T,-10.506253242492676,-0.237680337
I608H,-11.141002655029297,-3.8438889525
I608S,-11.86236572265625,-0.443575206
I608R,-10.091609001159668,-1.694295778
I608P,-13.233121871948242,-0.4704846795
I608N,-11.260943412780762,-0.558396688
I608M,-8.287898063659668,-0.5755965465
I608L,-4.348855972290039,0.0936691315
I608K,-10.275123596191406,-3.223325247
I608Q,-12.294961929321289,-1.244386863
I608W,-5.451859951019287,0.148606969
I608F,-7.393048286437988,-0.171067741
I608A,-8.760477066040039,-0.87677173
I608C,-9.494156837463379,1.294266874
I608D,-12.699854850769043,-1.9261830735
I608E,-11.815256118774414,-3.428851453
I608G,-12.134990692138672,-1.9676907155
I609S,-3.598022937774658,0.6660464245000001
I609M,-3.753933906555176,2.343241104
I609L,-3.0015358924865723,0.67784203
I609K,-1.4468358755111694,0.1266175385
I609H,-4.856863975524902,-1.4734594845
I609G,-6.251663684844971,-0.1892276435
I609F,-5.764193058013916,0.1512399605
I609E,-3.436638832092285,-0.8418373884999999
I609D,-4.864258766174316,-0.615804845
I609C,-5.545980453491211,-0.230075657
I609R,-2.0185885429382324,-0.023907493
I609Q,-1.2755606174468994,1.15247424
I609P,-8.370457649230957,-3.953330939
I609T,-3.795412540435791,0.273376599
I609V,-3.631687641143799,0.4890233775
I609W,-5.906301498413086,-0.055107598
I609Y,-5.56759786605835,-0.1576668865
I609A,-2.5067625045776367,0.6834370975
I609N,-4.3550519943237305,0.0705310875
K610T,-7.261165142059326,0.8217268775
K610A,-5.131006240844727,0.7992359790000001
K610S,-6.228275299072266,0.1437930865
K610W,-11.68999195098877,-1.149351075
K610Y,-9.542102813720703,-0.148212626
K610R,-3.943709373474121,1.1775738175
K610Q,-6.431643486022949,-0.147885143
K610N,-5.360213279724121,-0.058551492
K610M,-8.755743980407715,0.9358343035
K610L,-7.898714542388916,0.7325567045
K610I,-8.811502456665039,0.095058016
K610P,-11.93358039855957,-2.7213327035000003
K610G,-9.025859832763672,-0.7413844005
K610F,-10.461311340332031,0.194286196
K610E,-8.384878158569336,0.6020695065
K610D,-7.5710062980651855,-0.448014102
K610C,-10.285907745361328,0.413860706
K610V,-9.087092399597168,-0.121894799
K610H,-6.7713494300842285,0.6733466905
S611M,-8.360631942749023,0.523100676
S611W,-15.441203117370605,-2.461003635
S611V,-10.828446388244629,0.675470335
S611T,-7.198515892028809,-0.397848341
S611R,-11.943940162658691,0.643430244
S611Q,-9.558039665222168,-3.1548074485
S611P,-16.19610595703125,-0.7636986015
S611N,-7.036354064941406,0.3715693655
S611L,-7.455674171447754,0.554765658
S611C,-5.013400077819824,-0.19731516
S611I,-10.444119453430176,-1.471315213
S611H,-12.029181480407715,-3.154378458
S611G,-8.834333419799805,0.3156998435
S611F,-13.323319435119629,-1.4021099465
S611E,-9.256219863891602,-0.092699733
S611D,-9.866047859191895,-3.148201393
S611A,-5.866942882537842,0.656251887
S611K,-12.651508331298828,-2.6160492105
S611Y,-15.032174110412598,-1.4228963355000002
I612S,-10.417159080505371,-0.841914343
I612T,-6.666877269744873,0.2522196745
I612L,-3.7747979164123535,-0.117091229
I612D,-12.105667114257812,-2.35484245
I612A,-10.089003562927246,-1.5117093715
I612C,-9.395824432373047,-0.282880702
I612H,-11.993976593017578,-3.004853
I612K,-9.983031272888184,-0.7383507265000001
I612G,-14.349950790405273,-1.829875535
I612E,-11.349047660827637,-1.5158064975
I612M,-7.339635848999023,0.102104865
I612P,-16.47812271118164,-1.4115362975
I612Q,-10.80594253540039,-2.8837899195
I612R,-10.422113418579102,-0.153650145
I612Y,-10.105009078979492,-1.487015358
I612W,-9.089110374450684,-1.310462119
I612V,-3.8530893325805664,0.294992406
I612N,-9.674229621887207,-1.7603532709999998
I612F,-6.722482681274414,0.9851660695
T613A,-5.719926834106445,0.1557175885
T613Y,-9.18420124053955,-0.30814698
T613P,-12.031441688537598,0.1432119855
T613V,-8.662617683410645,0.2856018355
T613S,-4.39969539642334,0.3167780905
T613R,-4.899658203125,0.5530668805
T613Q,-6.10876989364624,0.5633770579999999
T613N,-6.815949440002441,1.14876509
T613W,-10.092830657958984,-0.8437569555
T613M,-7.382628440856934,0.5095104575
T613L,-8.65013599395752,0.86917668
T613C,-7.392220973968506,0.469848901
T613D,-8.474550247192383,0.1389316795
T613E,-7.278817176818848,0.1059592675
T613F,-9.530427932739258,-0.4123036705
T613G,-11.09524154663086,-0.5038488154999999
T613H,-8.087756156921387,1.088063783
T613I,-8.75899600982666,0.011904418
T613K,-4.103569030761719,-0.2785927805
P614W,-17.990631103515625,-1.949203649
P614A,-11.452337265014648,0.8669607995
P614C,-13.308120727539062,-0.02928568
P614D,-15.772010803222656,-1.312554707
P614E,-13.265608787536621,-1.257037912
P614F,-16.994976043701172,-1.436758471
P614G,-12.488739013671875,-0.790200754
P614H,-14.723636627197266,0.7812067845
P614I,-14.736492156982422,-0.340385952
P614K,-14.068448066711426,-1.314665559
P614L,-16.00608253479004,-0.930344622
P614M,-13.957606315612793,-1.921264625
P614N,-14.710756301879883,-1.471647206
P614Q,-13.45367431640625,-0.884289295
P614R,-13.109946250915527,-0.340877215
P614S,-11.199186325073242,-0.6806697435
P614T,-12.78115177154541,-0.4718098615
P614V,-15.303597450256348,-0.3325677985
P614Y,-18.37046241760254,-1.0854825885
E615A,-6.685963153839111,0.9537868585
E615C,-8.074951171875,-0.0858041545
E615W,-10.136422157287598,-0.413772021
E615Y,-8.173399925231934,-0.2153155885
E615M,-5.047026634216309,0.1885573925
E615N,-7.038322925567627,-0.5130334875
E615Q,-4.90394401550293,-0.191086158
E615R,-7.32277774810791,-0.6970906255
E615S,-5.706540107727051,0.010061545
E615T,-5.989078998565674,-0.752969135
E615P,-11.691116333007812,-1.0534342255
E615L,-4.501657009124756,-0.20847513
E615K,-6.128846168518066,-0.30609736
E615I,-4.8107452392578125,-0.35438619
E615H,-6.8904290199279785,-1.3384471365
E615G,-11.260709762573242,0.6580803510000001
E615F,-7.899140357971191,-2.1654192035
E615D,-6.033494472503662,-1.050202476
E615V,-4.66990852355957,-0.1776236155
T616Y,-4.8966898918151855,0.6031025855
T616L,-3.599116802215576,0.060042174
T616M,-4.603175163269043,0.542345847
T616N,-3.4216079711914062,0.6779371740000001
T616R,-2.9149913787841797,-0.0905652905
T616Q,-3.6314992904663086,-0.2651515185
T616S,-3.1202640533447266,-0.6667927385
T616V,-3.761549949645996,0.535479196
T616K,-1.5708266496658325,0.4313398945
T616P,-1.0536315441131592,0.0455866825
T616I,-4.205606937408447,0.8850877545
T616W,-7.080995559692383,-0.5373014939999999
T616G,-5.395666122436523,0.549558099
T616A,-2.5934009552001953,1.224597048
T616C,-6.318122863769531,0.489151425
T616H,-3.78604793548584,1.5679746495
T616E,-3.0057148933410645,0.035210185
T616F,-5.30474328994751,0.375096273
T616D,-3.722120761871338,1.000978419
P617F,-4.793757915496826,0.2747678155
P617E,-0.4976387023925781,1.0380116475
P617H,-2.7789623737335205,-0.1015245545
P617D,-1.2269563674926758,0.976759675
P617C,-6.050910949707031,0.1093427115
P617A,-2.1957297325134277,0.7760857415000001
P617I,-3.6733007431030273,1.196473261
P617K,-2.69108247756958,0.3665245620000001
P617L,-3.402263641357422,1.082070719
P617M,-4.472914695739746,0.56496219
P617N,-1.9597461223602295,0.5222701504999999
P617Q,-2.8354358673095703,0.979878877
P617G,-4.673533916473389,0.630173619
P617S,-1.7043895721435547,1.111415466
P617R,-3.454679489135742,0.5669467225
P617V,-2.847672462463379,0.2793641155
P617W,-6.286506175994873,0.376248305
P617Y,-4.252567768096924,-0.650736078
P617T,-1.643564224243164,0.37262996
T618Y,-6.512092113494873,0.606915938
T618W,-8.234569549560547,0.833521673
T618V,-4.910518646240234,0.824539327
T618S,-3.0138163566589355,0.8088210754999999
T618R,-3.8289241790771484,0.7848253265
T618Q,-3.2298965454101562,0.462454184
T618P,-9.875604629516602,0.7228134505
T618N,-4.25494909286499,0.4755691695000001
T618G,-4.402467727661133,0.8812910675
T618E,-1.9500370025634766,0.492607718
T618D,-3.6912460327148438,0.7688585365
T618C,-6.84841251373291,0.9454208475
T618A,-3.1170918941497803,0.5528848495
T618H,-5.001245498657227,0.18729163
T618I,-5.073449611663818,0.2478021405
T618K,-3.020984172821045,-0.0593271395
T618M,-4.8442816734313965,0.70638643
T618F,-6.186720848083496,1.363708348
T618L,-4.416689872741699,0.6183717205
E619P,-11.945128440856934,0.9735707125
E619Q,-4.30991792678833,0.437841422
E619Y,-7.545611381530762,0.471981311
E619A,-5.19309139251709,0.7767184770000001
E619N,-3.8670194149017334,0.4002095545
E619M,-4.91043758392334,1.622906571
E619L,-4.611433029174805,0.6662902620000001
E619K,-4.166012287139893,0.8183240325
E619I,-7.722373962402344,0.036105371
E619H,-5.6209235191345215,0.98378997
E619G,-7.068989276885986,0.476666426
E619D,-4.209033966064453,0.2936577585
E619C,-7.156736373901367,0.4629488465
E619R,-4.2995123863220215,0.909879784
E619S,-4.344198226928711,0.8844010525
E619T,-5.306008338928223,0.6280888785000001
E619V,-6.149340629577637,0.790229933
E619W,-10.322446823120117,0.968143181
E619F,-7.010565280914307,1.1266439425
I620W,-6.474269866943359,0.7940580785
I620Y,-6.07935094833374,0.5285165555
I620V,-2.9853498935699463,0.5790431695
I620T,-6.438725471496582,0.3829469825
I620E,-4.88254451751709,1.1016866735
I620A,-6.712183952331543,0.459170861
I620C,-8.67050552368164,0.6670623035000001
I620D,-7.153736114501953,0.5969540729999999
I620S,-7.408635139465332,1.1077312365
I620F,-5.345840930938721,0.418953124
I620G,-9.654999732971191,0.791622773
I620H,-5.943600654602051,0.982187342
I620L,-4.576254367828369,1.0552756915
I620M,-6.315141201019287,0.7663548765000001
I620N,-7.27082633972168,0.543016759
I620P,-9.729269027709961,0.9254305925
I620Q,-5.592875957489014,1.1392430755
I620R,-5.218475341796875,0.8504579520000001
I620K,-5.438976287841797,0.5039281225
P621S,-5.512852191925049,0.289799289
P621R,-5.497262954711914,0.6472246389999999
P621T,-5.339450836181641,0.3793050145
P621N,-4.425589561462402,0.308165886
P621W,-9.504709243774414,0.642458592
P621Y,-7.084217548370361,-0.113328606
P621V,-5.6823530197143555,0.6955483284999999
P621M,-6.969090938568115,0.3695849145
P621Q,-5.424158573150635,0.8027948145
P621K,-4.650721549987793,0.5947640915
P621L,-5.961968421936035,0.4869255375
P621C,-7.723588943481445,0.465030127
P621D,-4.397498607635498,0.61836703
P621E,-4.655069351196289,0.909233739
P621A,-5.8038434982299805,0.7757208179999999
P621G,-7.71249532699585,0.5406582815
P621H,-5.349573135375977,-0.1426203595
P621I,-5.7808685302734375,0.494790848
P621F,-7.385014057159424,0.467026662
C622Y,-1.896289348602295,0.3303893205
C622T,-0.34189701080322266,0.7973053955
C622N,-0.8696870803833008,0.184647302
C622P,-1.847550392150879,1.0359256225
C622Q,-0.6147425174713135,0.68000736
C622K,-0.40770578384399414,1.488180429
C622R,-0.9676010608673096,0.4064324415
C622S,-1.1490817070007324,0.4698171395
C622V,-0.1693267822265625,0.512862144
C622M,-1.9908733367919922,0.389442671
C622L,-0.6124069690704346,0.4334276070000001
C622H,-1.2629272937774658,0.383375061
C622I,-0.2730443477630615,0.912221576
C622G,-2.2435483932495117,0.5608411729999999
C622F,-2.3402185440063477,0.9100060255
C622E,-0.23126983642578125,0.7491031534999999
C622D,-0.9875907897949219,0.289824626
C622A,-0.44397401809692383,0.912988099
C622W,-3.83322811126709,0.7509226940000001
G623C,-4.888958930969238,0.2434125305
G623A,-2.921755790710449,1.117102264
G623E,-2.3948774337768555,0.682550518
G623F,-3.993898630142212,0.667588649
G623H,-3.6600706577301025,0.0938534035
G623D,-3.079960346221924,0.70311283
G623Q,-2.978085517883301,1.1220228735
G623K,-2.670443058013916,0.235518778
G623Y,-4.011040687561035,0.103828931
G623W,-5.890630722045898,0.2256651865
G623I,-2.9503259658813477,0.544744994
G623T,-3.259530544281006,0.531832771
G623S,-2.5534799098968506,0.6107146885
G623V,-2.765604257583618,0.840089394
G623P,-1.4563887119293213,1.244117874
G623N,-2.956666946411133,-0.415702361
G623M,-4.3857550621032715,0.8742187290000001
G623L,-2.8809051513671875,0.909080346
G623R,-3.055352210998535,0.3644319615
D624L,-5.357715129852295,0.6892895575
D624Y,-7.067480087280273,0.4713644345
D624W,-8.5363130569458,0.4599205695
D624V,-4.687592506408691,0.5665072170000001
D624T,-4.574465751647949,0.3107777855
D624S,-3.75579833984375,0.630206911
D624R,-4.465100288391113,0.195019373
D624Q,-4.469381809234619,1.392046201
D624P,-5.075584411621094,1.133080341
D624M,-6.1115641593933105,1.4216752395
D624K,-4.264104843139648,0.9078273475
D624N,-3.0936391353607178,0.308700567
D624A,-3.9146018028259277,0.5402933725
D624C,-6.686917781829834,0.7375405835
D624E,-3.1359896659851074,1.244780231
D624F,-7.037259101867676,1.1334745705
D624G,-4.773574352264404,0.2439138195
D624H,-4.571177005767822,0.7581323925
D624I,-5.126936912536621,0.564338876
I625G,-3.9784047603607178,0.109795118
I625Y,-4.605645179748535,0.024186009
I625V,-3.1646206378936768,0.58913371
I625T,-3.766502618789673,0.486738428
I625S,-3.5770864486694336,0.192963776
I625R,-3.9183223247528076,0.67743017
I625W,-6.628138542175293,0.1827718415
I625P,-4.592344284057617,0.011247837
I625A,-4.240692138671875,0.9934655765
I625Q,-3.3955740928649902,0.2632068325
I625D,-3.1138556003570557,0.8629825135
I625E,-3.441507577896118,0.6896634395
I625F,-4.386380672454834,0.51357085
I625C,-5.640171527862549,0.917595196
I625K,-4.530041694641113,-0.0725236755
I625L,-3.200709581375122,0.5328027255
I625M,-4.520706653594971,0.563675449
I625N,-2.985516309738159,0.5303750465
I625H,-3.341057777404785,0.439900639
R626N,-2.590087890625,0.565142091
R626Y,-5.599780559539795,0.74297411
R626W,-7.989966869354248,0.6718663429999999
R626V,-4.013883113861084,0.765254797
R626T,-2.868643283843994,0.735746053
R626S,-3.5585498809814453,0.9095058325
R626Q,-2.673393726348877,0.6422652245
R626P,-0.7213120460510254,0.4798604520000001
R626M,-4.52787446975708,0.5260401585
R626F,-5.982117652893066,0.5722805085
R626K,-2.510404109954834,0.198600223
R626L,-3.519052505493164,0.9329071295
R626C,-6.3235626220703125,0.6812772884999999
R626D,-2.8660593032836914,1.3794553165
R626E,-2.1789021492004395,0.261659701
R626A,-4.182653427124023,0.6125646525
R626G,-5.438698768615723,0.6166402814999999
R626H,-4.520695686340332,-0.208174715
R626I,-3.828178882598877,0.453483194
L627E,-3.4665913581848145,0.720658878
L627Q,-4.565810203552246,0.392471298
L627P,-5.473966121673584,0.217961715
L627R,-3.9700703620910645,0.1683178835
L627S,-4.872933864593506,0.4291633665
L627T,-4.481362819671631,0.1839364725
L627D,-4.563892364501953,0.5851155505
L627V,-2.4545135498046875,-0.0650179665
L627M,-4.698752403259277,0.5931734075
L627Y,-5.101325035095215,0.289733568
L627N,-4.289430618286133,0.3289407485
L627C,-6.4479498863220215,0.242785175
L627K,-3.975400447845459,-0.3785860915
L627I,-2.878364086151123,0.3034162435
L627H,-5.01922082901001,0.207642135
L627A,-3.854257583618164,0.330894663
L627G,-6.094626426696777,0.365516736
L627W,-6.937926769256592,0.6295520605
L627F,-5.801741123199463,0.2814049175
N628Q,-3.4252467155456543,1.385620537
N628R,-4.803097724914551,0.5481344845
N628M,-6.245819091796875,1.0406303725
N628Y,-6.287477493286133,0.0716095435
N628A,-4.5887131690979,0.6003949064999999
N628C,-7.465061187744141,0.4250309095000001
N628D,-2.9648890495300293,0.420555957
N628E,-2.291809558868408,1.302204194
N628P,-3.893137216567993,0.680416217
N628G,-5.251247882843018,0.580046984
N628H,-4.235547065734863,1.112164674
N628F,-7.220907688140869,0.654872982
N628K,-4.398322105407715,0.5750716665
N628L,-5.398887634277344,1.0385901745
N628W,-8.303910255432129,0.6632143105
N628V,-5.148515701293945,0.5881156955
N628T,-3.7338225841522217,0.7895773015
N628S,-3.865880250930786,0.429461726
N628I,-6.010313510894775,0.3702322985
A629E,-3.3590195178985596,0.5550822055
A629F,-4.844752788543701,0.8095764655
A629G,-4.975228786468506,0.526550599
A629H,-4.231434345245361,0.4611567505
A629I,-3.4995765686035156,0.5464652489999999
A629K,-3.7018280029296875,0.3945636595000001
A629D,-4.5992655754089355,0.972127637
A629C,-5.328220367431641,0.542460267
A629L,-2.783599615097046,0.649516283
A629R,-3.806715965270996,0.7122138045
A629Q,-3.399585247039795,0.6078302285
A629P,-8.21687126159668,0.989333688
A629Y,-5.121899604797363,0.5830216175
A629W,-6.494074821472168,-0.095172468
A629S,-3.0911197662353516,0.669445277
A629V,-3.2071566581726074,0.5448604229999999
A629T,-3.235685110092163,0.6165551695
A629N,-3.423585891723633,0.8085589295000001
A629M,-3.5347368717193604,0.4650815575
V630A,-4.2913994789123535,0.7565333470000001
V630Y,-4.082637786865234,0.6455163835000001
V630W,-4.7368669509887695,0.7839144665000001
V630C,-5.04841423034668,0.73335346
V630D,-2.6260292530059814,0.2371578035
V630F,-4.248437404632568,0.4718636475
V630G,-4.270685195922852,0.6793475925
V630H,-4.27599573135376,0.4106453805
V630T,-3.612060070037842,-0.1236892535
V630S,-2.7611467838287354,0.3316668455
V630R,-4.9784064292907715,-0.02887641
V630I,-3.689014434814453,0.41683224
V630K,-3.9660849571228027,0.300207123
V630L,-2.743445634841919,0.609604382
V630N,-2.925980806350708,0.456673779
V630P,-5.480620384216309,0.5892304279999999
V630Q,-4.0175275802612305,0.4826571925
V630E,-3.5100350379943848,0.0559310295
V630M,-4.643387794494629,0.36517019
