mutant,evol_indices_seed_42
wt,-0.0
E247G:R277L:Y286K,16.689941
D241G:E247V,6.8029175
P285R:N287P,5.7874146
K237T:E247D:Y286P,12.643494
P285V:Y286A:N287R,11.669006
P285G:N287L,9.720093
E247S,4.191284
D241G:E247M:N287L,15.381836
E247V:R277F:N287K,15.384094
E247N:R277G:Y286N,15.886169
E247D,2.848877
E247Y:P285D,8.423401
D241E:E247L:Y286I,14.040894
Y286P:N287H,12.570618
R277W:Y286S:N287K,18.018616
R277F:N287L,13.682373
P285L:Y286I,5.739502
K237Q:D241E:R277F:P285Q:Y286I,19.998169
N287T,7.6259766
K237M:D241I:P285S:N287A,18.716614
K237I:E247I:R277V:Y286T:N287S,20.860352
K237N:E247N:Y286L:N287T,18.865112
N287Y,8.799194
D241H:R277W:P285N,16.564087
K237Y:R277M:P285S,13.210144
K237L:E247R:Y286P:N287S,18.662842
D241S:N287M,12.453552
Y286L:N287V,10.320068
D241V:E247V:R277S:Y286L:N287P,23.713501
Y286V:N287D,10.730957
K237Q:D241R:E247W:P285F:Y286A,22.472351
D241S:N287H,8.559387
P285R:N287T,7.2020874
E247H:R277F:N287K,16.067017
E247R:R277F:Y286P:N287D,21.683655
P285T:N287T,7.0338135
K237Y:R277L,8.247864
E247A:R277I:P285I:Y286K,17.742065
K237L:D241A:P285D:Y286C,15.675354
D241S:E247S:R277L:P285H:Y286L,16.868164
