mutant,Progen2_score,DMS_score
E247G:R277L:Y286K,-0.008962058702041474,16.31
D241G:E247V,-0.009007954278518525,31.38
P285R:N287P,-0.008986691168718114,12.97
K237T:E247D:Y286P,-0.008957687827655703,4.6
P285V:Y286A:N287R,-0.008973776696119021,2.4
P285G:N287L,-0.008972049556847002,1.71
E247S,-0.008985826403002276,99.43
D241G:E247M:N287L,-0.009010970393152141,0.0
E247V:R277F:N287K,-0.009027298477581113,0.0
E247N:R277G:Y286N,-0.00898199854885854,0.0
E247D,-0.008991126232721336,9.39
E247Y:P285D,-0.008986276527710982,96.0
D241E:E247L:Y286I,-0.009006877407979806,0.0
Y286P:N287H,-0.008997603403684686,0.0
R277W:Y286S:N287K,-0.00899899165367203,0.0
R277F:N287L,-0.008984285054796913,0.0
P285L:Y286I,-0.008971227052618429,75.28736
K237Q:D241E:R277F:P285Q:Y286I,-0.008994305412904873,0.0
N287T,-0.00899351360805856,48.85057
K237M:D241I:P285S:N287A,-0.009028015328091523,0.0
K237I:E247I:R277V:Y286T:N287S,-0.00899235420801169,0.0
K237N:E247N:Y286L:N287T,-0.008979918167343904,1.724138
N287Y,-0.00898670073735674,95.97701
D241H:R277W:P285N,-0.009034850126923526,0.0
K237Y:R277M:P285S,-0.008994773080117726,18.3908
K237L:E247R:Y286P:N287S,-0.008967865669607717,0.0
D241S:N287M,-0.009024834154441604,0.574713
Y286L:N287V,-0.008971349850147465,5.747126
D241V:E247V:R277S:Y286L:N287P,-0.009012076368300015,0.0
Y286V:N287D,-0.008965180071699979,3.835227
K237Q:D241R:E247W:P285F:Y286A,-0.009033819504804835,0.0
D241S:N287H,-0.009011419321781018,80.39773
P285R:N287T,-0.008983133229922292,94.88636
E247H:R277F:N287K,-0.009026100005593188,87.21591
E247R:R277F:Y286P:N287D,-0.008980701599631422,0.0
P285T:N287T,-0.008991542468501573,0.0
K237Y:R277L,-0.008996109898672455,1.136364
E247A:R277I:P285I:Y286K,-0.008963446952028817,0.0
K237L:D241A:P285D:Y286C,-0.009002950279210324,1.704545
D241S:E247S:R277L:P285H:Y286L,-0.008967112538009185,0.0
