mutant,RITA_score,DMS_score
E247G:R277L:Y286K,-5.540484428405762,16.31
D241G:E247V,-5.5561888217926025,31.38
P285R:N287P,-5.557356834411621,12.97
K237T:E247D:Y286P,-5.5566182136535645,4.6
P285V:Y286A:N287R,-5.524807929992676,2.4
P285G:N287L,-5.542181491851807,1.71
E247S,-5.560499429702759,99.43
D241G:E247M:N287L,-5.552626848220825,0.0
E247V:R277F:N287K,-5.556070327758789,0.0
E247N:R277G:Y286N,-5.552037954330444,0.0
E247D,-5.554099082946777,9.39
E247Y:P285D,-5.568508625030518,96.0
D241E:E247L:Y286I,-5.554660081863403,0.0
Y286P:N287H,-5.551032066345215,0.0
R277W:Y286S:N287K,-5.533945560455322,0.0
R277F:N287L,-5.547266006469727,0.0
P285L:Y286I,-5.557872295379639,75.28736
K237Q:D241E:R277F:P285Q:Y286I,-5.54668927192688,0.0
N287T,-5.551815509796143,48.85057
K237M:D241I:P285S:N287A,-5.572851181030273,0.0
K237I:E247I:R277V:Y286T:N287S,-5.562382459640503,0.0
K237N:E247N:Y286L:N287T,-5.555593013763428,1.724138
N287Y,-5.566389799118042,95.97701
D241H:R277W:P285N,-5.564253568649292,0.0
K237Y:R277M:P285S,-5.548547267913818,18.3908
K237L:E247R:Y286P:N287S,-5.560630559921265,0.0
D241S:N287M,-5.562312841415405,0.574713
Y286L:N287V,-5.533099412918091,5.747126
D241V:E247V:R277S:Y286L:N287P,-5.555727005004883,0.0
Y286V:N287D,-5.547433853149414,3.835227
K237Q:D241R:E247W:P285F:Y286A,-5.548340559005737,0.0
D241S:N287H,-5.564002275466919,80.39773
P285R:N287T,-5.552455902099609,94.88636
E247H:R277F:N287K,-5.558614253997803,87.21591
E247R:R277F:Y286P:N287D,-5.560994625091553,0.0
P285T:N287T,-5.551249742507935,0.0
K237Y:R277L,-5.5697386264801025,1.136364
E247A:R277I:P285I:Y286K,-5.517870187759399,0.0
K237L:D241A:P285D:Y286C,-5.566625595092773,1.704545
D241S:E247S:R277L:P285H:Y286L,-5.5366294384002686,0.0
