mutant,RITA_score,DMS_score
E247G:R277L:Y286K,-5.678682327270508,16.31
D241G:E247V,-5.6900928020477295,31.38
P285R:N287P,-5.686981916427612,12.97
K237T:E247D:Y286P,-5.666329860687256,4.6
P285V:Y286A:N287R,-5.646676540374756,2.4
P285G:N287L,-5.6493635177612305,1.71
E247S,-5.687230825424194,99.43
D241G:E247M:N287L,-5.670599937438965,0.0
E247V:R277F:N287K,-5.684252977371216,0.0
E247N:R277G:Y286N,-5.684817790985107,0.0
E247D,-5.680239200592041,9.39
E247Y:P285D,-5.698097467422485,96.0
D241E:E247L:Y286I,-5.669051170349121,0.0
Y286P:N287H,-5.6688151359558105,0.0
R277W:Y286S:N287K,-5.6887195110321045,0.0
R277F:N287L,-5.6646082401275635,0.0
P285L:Y286I,-5.662529468536377,75.28736
K237Q:D241E:R277F:P285Q:Y286I,-5.6884894371032715,0.0
N287T,-5.678730726242065,48.85057
K237M:D241I:P285S:N287A,-5.681469440460205,0.0
K237I:E247I:R277V:Y286T:N287S,-5.671146631240845,0.0
K237N:E247N:Y286L:N287T,-5.683040618896484,1.724138
N287Y,-5.676783323287964,95.97701
D241H:R277W:P285N,-5.720248460769653,0.0
K237Y:R277M:P285S,-5.693312644958496,18.3908
K237L:E247R:Y286P:N287S,-5.667668342590332,0.0
D241S:N287M,-5.6758739948272705,0.574713
Y286L:N287V,-5.668154001235962,5.747126
D241V:E247V:R277S:Y286L:N287P,-5.684777021408081,0.0
Y286V:N287D,-5.673438787460327,3.835227
K237Q:D241R:E247W:P285F:Y286A,-5.6808154582977295,0.0
D241S:N287H,-5.67659854888916,80.39773
P285R:N287T,-5.665195941925049,94.88636
E247H:R277F:N287K,-5.6917724609375,87.21591
E247R:R277F:Y286P:N287D,-5.690680980682373,0.0
P285T:N287T,-5.678423166275024,0.0
K237Y:R277L,-5.684647560119629,1.136364
E247A:R277I:P285I:Y286K,-5.662987947463989,0.0
K237L:D241A:P285D:Y286C,-5.680222272872925,1.704545
D241S:E247S:R277L:P285H:Y286L,-5.66878604888916,0.0
