mutant,Progen2_score,DMS_score
E247G:R277L:Y286K,-0.008945412460378182,16.31
D241G:E247V,-0.008982976543464789,31.38
P285R:N287P,-0.008919884528603442,12.97
K237T:E247D:Y286P,-0.00894657584735781,4.6
P285V:Y286A:N287R,-0.008881357202561802,2.4
P285G:N287L,-0.008912212075198375,1.71
E247S,-0.008951469009935258,99.43
D241G:E247M:N287L,-0.008994053837447662,0.0
E247V:R277F:N287K,-0.008936996842706482,0.0
E247N:R277G:Y286N,-0.008959749470586363,0.0
E247D,-0.008955733831909589,9.39
E247Y:P285D,-0.008968740402655459,96.0
D241E:E247L:Y286I,-0.008988640778838193,0.0
Y286P:N287H,-0.008919108272794896,0.0
R277W:Y286S:N287K,-0.008949072065959407,0.0
R277F:N287L,-0.008952619240036775,0.0
P285L:Y286I,-0.008913711161916471,75.28736
K237Q:D241E:R277F:P285Q:Y286I,-0.008924333945564602,0.0
N287T,-0.008928732329786422,48.85057
K237M:D241I:P285S:N287A,-0.009027857046860915,0.0
K237I:E247I:R277V:Y286T:N287S,-0.008987862928256542,0.0
K237N:E247N:Y286L:N287T,-0.00894075014120759,1.724138
N287Y,-0.00895026575362802,95.97701
D241H:R277W:P285N,-0.008992473018607965,0.0
K237Y:R277M:P285S,-0.008997042442245229,18.3908
K237L:E247R:Y286P:N287S,-0.00897287764278144,0.0
D241S:N287M,-0.008979207695925914,0.574713
Y286L:N287V,-0.008926425889184244,5.747126
D241V:E247V:R277S:Y286L:N287P,-0.008979890657507855,0.0
Y286V:N287D,-0.008919023351127089,3.835227
K237Q:D241R:E247W:P285F:Y286A,-0.008978682218188027,0.0
D241S:N287H,-0.008971971412964888,80.39773
P285R:N287T,-0.00891810157227277,94.88636
E247H:R277F:N287K,-0.008962171532238607,87.21591
E247R:R277F:Y286P:N287D,-0.008923829199877073,0.0
P285T:N287T,-0.008932911432706393,0.0
K237Y:R277L,-0.009023927924625053,1.136364
E247A:R277I:P285I:Y286K,-0.008916150766072863,0.0
K237L:D241A:P285D:Y286C,-0.009042616273248474,1.704545
D241S:E247S:R277L:P285H:Y286L,-0.008922335296171565,0.0
